2026-05-05 08:56:05 | INF | ACTION_TRACE | Acc=admin | Path=/Home/Index | IP=::1 | Start=2026-05-05 08:56:04.967 | Elapsed=292ms | Status=Completed
2026-05-05 08:56:08 | INF | ACTION_TRACE | Acc=admin | Path=/Home/GetMenu | IP=::1 | Start=2026-05-05 08:56:08.644 | Elapsed=41ms | Status=Completed
2026-05-05 08:56:11 | INF | CONTROLLER_EXEC | Acc= admin | IP=::1 | Path=ATT111001/ATT111001 | Message=GET /ATT111001/ATT111001
2026-05-05 08:56:11 | INF | ACTION_TRACE | Acc=admin | Path=/ATT111001/ATT111001 | IP=::1 | Start=2026-05-05 08:56:11.677 | Elapsed=76ms | Status=Completed
2026-05-05 08:56:11 | INF | CONTROLLER_EXEC | Acc= admin | IP=::1 | Path=ATT111001/GetList | Message=POST /ATT111001/GetList
2026-05-05 08:56:11 | INF | ACTION_TRACE | Acc=admin | Path=/ATT111001/GetList | IP=::1 | Start=2026-05-05 08:56:11.802 | Elapsed=97ms | Status=Completed
2026-05-05 08:56:16 | INF | CONTROLLER_EXEC | Acc= admin | IP=::1 | Path=ATT111001/GetList | Message=POST /ATT111001/GetList
2026-05-05 08:56:16 | INF | ACTION_TRACE | Acc=admin | Path=/ATT111001/GetList | IP=::1 | Start=2026-05-05 08:56:11.806 | Elapsed=4592ms | Status=Completed
2026-05-05 08:56:16 | INF | NETWORK_UNSTABLE | Acc=admin | Path=/ATT111001/GetList | Reason=SlowRequest 4592ms
2026-05-05 08:59:08 | INF | ACTION_TRACE | Acc=admin | Path=/.well-known/appspecific/com.chrome.devtools.json | IP=::1 | Start=2026-05-05 08:59:08.010 | Elapsed=0ms | Status=Completed
2026-05-05 08:59:08 | INF | ACTION_TRACE | Acc=admin | Path=/lib/html-to-image/html-to-image.js.map | IP=::1 | Start=2026-05-05 08:59:08.098 | Elapsed=0ms | Status=Completed
2026-05-05 08:59:15 | INF | ACTION_TRACE | Acc=admin | Path=/Home/Index | IP=::1 | Start=2026-05-05 08:59:15.771 | Elapsed=20ms | Status=Completed
2026-05-05 08:59:15 | INF | ACTION_TRACE | Acc=admin | Path=/.well-known/appspecific/com.chrome.devtools.json | IP=::1 | Start=2026-05-05 08:59:15.829 | Elapsed=0ms | Status=Completed
2026-05-05 08:59:16 | INF | ACTION_TRACE | Acc=admin | Path=/lib/html-to-image/html-to-image.js.map | IP=::1 | Start=2026-05-05 08:59:16.194 | Elapsed=0ms | Status=Completed
2026-05-05 08:59:21 | INF | ACTION_TRACE | Acc=admin | Path=/Home/GetMenu | IP=::1 | Start=2026-05-05 08:59:21.872 | Elapsed=51ms | Status=Completed
2026-05-05 08:59:24 | INF | CONTROLLER_EXEC | Acc= admin | IP=::1 | Path=ATT111001/ATT111001 | Message=GET /ATT111001/ATT111001
2026-05-05 08:59:24 | INF | ACTION_TRACE | Acc=admin | Path=/ATT111001/ATT111001 | IP=::1 | Start=2026-05-05 08:59:24.713 | Elapsed=6ms | Status=Completed
2026-05-05 08:59:24 | INF | CONTROLLER_EXEC | Acc= admin | IP=::1 | Path=ATT111001/GetList | Message=POST /ATT111001/GetList
2026-05-05 08:59:24 | INF | ACTION_TRACE | Acc=admin | Path=/ATT111001/GetList | IP=::1 | Start=2026-05-05 08:59:24.821 | Elapsed=13ms | Status=Completed
2026-05-05 08:59:24 | INF | CONTROLLER_EXEC | Acc= admin | IP=::1 | Path=ATT111001/GetList | Message=POST /ATT111001/GetList
2026-05-05 08:59:24 | INF | ACTION_TRACE | Acc=admin | Path=/ATT111001/GetList | IP=::1 | Start=2026-05-05 08:59:24.830 | Elapsed=9ms | Status=Completed
2026-05-05 09:01:24 | WRN | No store type was specified for the decimal property 'OveMoney' on entity type 'HROvertime'. This will cause values to be silently truncated if they do not fit in the default precision and scale. Explicitly specify the SQL server column type that can accommodate all the values in 'OnModelCreating' using 'HasColumnType', specify precision and scale using 'HasPrecision', or configure a value converter using 'HasConversion'.
2026-05-05 09:01:24 | WRN | No store type was specified for the decimal property 'Wag1D1Hour' on entity type 'HRWage'. This will cause values to be silently truncated if they do not fit in the default precision and scale. Explicitly specify the SQL server column type that can accommodate all the values in 'OnModelCreating' using 'HasColumnType', specify precision and scale using 'HasPrecision', or configure a value converter using 'HasConversion'.
2026-05-05 09:01:24 | WRN | No store type was specified for the decimal property 'Wag2D1Hour' on entity type 'HRWage'. This will cause values to be silently truncated if they do not fit in the default precision and scale. Explicitly specify the SQL server column type that can accommodate all the values in 'OnModelCreating' using 'HasColumnType', specify precision and scale using 'HasPrecision', or configure a value converter using 'HasConversion'.
2026-05-05 09:01:24 | WRN | No store type was specified for the decimal property 'Wag4D3Hour' on entity type 'HRWage'. This will cause values to be silently truncated if they do not fit in the default precision and scale. Explicitly specify the SQL server column type that can accommodate all the values in 'OnModelCreating' using 'HasColumnType', specify precision and scale using 'HasPrecision', or configure a value converter using 'HasConversion'.
2026-05-05 09:01:24 | WRN | No store type was specified for the decimal property 'Wag5D3Hour' on entity type 'HRWage'. This will cause values to be silently truncated if they do not fit in the default precision and scale. Explicitly specify the SQL server column type that can accommodate all the values in 'OnModelCreating' using 'HasColumnType', specify precision and scale using 'HasPrecision', or configure a value converter using 'HasConversion'.
2026-05-05 09:01:24 | WRN | No store type was specified for the decimal property 'Wag8D3Hour' on entity type 'HRWage'. This will cause values to be silently truncated if they do not fit in the default precision and scale. Explicitly specify the SQL server column type that can accommodate all the values in 'OnModelCreating' using 'HasColumnType', specify precision and scale using 'HasPrecision', or configure a value converter using 'HasConversion'.
2026-05-05 09:01:24 | WRN | No store type was specified for the decimal property 'WagApplyHour' on entity type 'HRWage'. This will cause values to be silently truncated if they do not fit in the default precision and scale. Explicitly specify the SQL server column type that can accommodate all the values in 'OnModelCreating' using 'HasColumnType', specify precision and scale using 'HasPrecision', or configure a value converter using 'HasConversion'.
2026-05-05 09:01:24 | WRN | No store type was specified for the decimal property 'WagIssueHour' on entity type 'HRWage'. This will cause values to be silently truncated if they do not fit in the default precision and scale. Explicitly specify the SQL server column type that can accommodate all the values in 'OnModelCreating' using 'HasColumnType', specify precision and scale using 'HasPrecision', or configure a value converter using 'HasConversion'.
2026-05-05 09:01:24 | WRN | No store type was specified for the decimal property 'WagSubtotal' on entity type 'HRWage'. This will cause values to be silently truncated if they do not fit in the default precision and scale. Explicitly specify the SQL server column type that can accommodate all the values in 'OnModelCreating' using 'HasColumnType', specify precision and scale using 'HasPrecision', or configure a value converter using 'HasConversion'.
2026-05-05 09:01:29 | WRN | The query uses the 'First'/'FirstOrDefault' operator without 'OrderBy' and filter operators. This may lead to unpredictable results.
2026-05-05 09:01:30 | INF | ACTION_TRACE | Acc=admin | Path=/ | IP=::1 | Start=2026-05-05 09:01:23.127 | Elapsed=7546ms | Status=Completed
2026-05-05 09:01:30 | INF | NETWORK_UNSTABLE | Acc=admin | Path=/ | Reason=SlowRequest 7546ms
2026-05-05 09:01:30 | INF | ACTION_TRACE | Acc=admin | Path=/Captcha/Generate | IP=::1 | Start=2026-05-05 09:01:30.888 | Elapsed=60ms | Status=Completed
2026-05-05 09:01:31 | INF | ACTION_TRACE | Acc=admin | Path=/DNTCaptchaImage/Show | IP=::1 | Start=2026-05-05 09:01:30.996 | Elapsed=153ms | Status=Completed
2026-05-05 09:02:27 | INF | ACTION_TRACE | Acc=admin | Path=/Account/Login | IP=::1 | Start=2026-05-05 09:02:17.699 | Elapsed=9608ms | Status=Completed
2026-05-05 09:02:27 | INF | NETWORK_UNSTABLE | Acc=admin | Path=/Account/Login | Reason=SlowRequest 9608ms
2026-05-05 09:02:27 | INF | ACTION_TRACE | Acc=admin | Path=/Home/Index | IP=::1 | Start=2026-05-05 09:02:27.321 | Elapsed=236ms | Status=Completed
2026-05-05 09:02:29 | INF | ACTION_TRACE | Acc=admin | Path=/Home/GetMenu | IP=::1 | Start=2026-05-05 09:02:29.604 | Elapsed=15ms | Status=Completed
2026-05-05 09:02:31 | INF | CONTROLLER_EXEC | Acc= admin | IP=::1 | Path=ATT111001/ATT111001 | Message=GET /ATT111001/ATT111001
2026-05-05 09:02:31 | INF | ACTION_TRACE | Acc=admin | Path=/ATT111001/ATT111001 | IP=::1 | Start=2026-05-05 09:02:31.696 | Elapsed=79ms | Status=Completed
2026-05-05 09:02:31 | INF | CONTROLLER_EXEC | Acc= admin | IP=::1 | Path=ATT111001/GetList | Message=POST /ATT111001/GetList
2026-05-05 09:02:31 | INF | ACTION_TRACE | Acc=admin | Path=/ATT111001/GetList | IP=::1 | Start=2026-05-05 09:02:31.835 | Elapsed=130ms | Status=Completed
2026-05-05 09:02:36 | INF | CONTROLLER_EXEC | Acc= admin | IP=::1 | Path=ATT111001/GetList | Message=POST /ATT111001/GetList
2026-05-05 09:02:36 | INF | ACTION_TRACE | Acc=admin | Path=/ATT111001/GetList | IP=::1 | Start=2026-05-05 09:02:31.840 | Elapsed=4603ms | Status=Completed
2026-05-05 09:02:36 | INF | NETWORK_UNSTABLE | Acc=admin | Path=/ATT111001/GetList | Reason=SlowRequest 4603ms
2026-05-05 09:04:40 | WRN | No store type was specified for the decimal property 'OveMoney' on entity type 'HROvertime'. This will cause values to be silently truncated if they do not fit in the default precision and scale. Explicitly specify the SQL server column type that can accommodate all the values in 'OnModelCreating' using 'HasColumnType', specify precision and scale using 'HasPrecision', or configure a value converter using 'HasConversion'.
2026-05-05 09:04:40 | WRN | No store type was specified for the decimal property 'Wag1D1Hour' on entity type 'HRWage'. This will cause values to be silently truncated if they do not fit in the default precision and scale. Explicitly specify the SQL server column type that can accommodate all the values in 'OnModelCreating' using 'HasColumnType', specify precision and scale using 'HasPrecision', or configure a value converter using 'HasConversion'.
2026-05-05 09:04:40 | WRN | No store type was specified for the decimal property 'Wag2D1Hour' on entity type 'HRWage'. This will cause values to be silently truncated if they do not fit in the default precision and scale. Explicitly specify the SQL server column type that can accommodate all the values in 'OnModelCreating' using 'HasColumnType', specify precision and scale using 'HasPrecision', or configure a value converter using 'HasConversion'.
2026-05-05 09:04:40 | WRN | No store type was specified for the decimal property 'Wag4D3Hour' on entity type 'HRWage'. This will cause values to be silently truncated if they do not fit in the default precision and scale. Explicitly specify the SQL server column type that can accommodate all the values in 'OnModelCreating' using 'HasColumnType', specify precision and scale using 'HasPrecision', or configure a value converter using 'HasConversion'.
2026-05-05 09:04:40 | WRN | No store type was specified for the decimal property 'Wag5D3Hour' on entity type 'HRWage'. This will cause values to be silently truncated if they do not fit in the default precision and scale. Explicitly specify the SQL server column type that can accommodate all the values in 'OnModelCreating' using 'HasColumnType', specify precision and scale using 'HasPrecision', or configure a value converter using 'HasConversion'.
2026-05-05 09:04:40 | WRN | No store type was specified for the decimal property 'Wag8D3Hour' on entity type 'HRWage'. This will cause values to be silently truncated if they do not fit in the default precision and scale. Explicitly specify the SQL server column type that can accommodate all the values in 'OnModelCreating' using 'HasColumnType', specify precision and scale using 'HasPrecision', or configure a value converter using 'HasConversion'.
2026-05-05 09:04:40 | WRN | No store type was specified for the decimal property 'WagApplyHour' on entity type 'HRWage'. This will cause values to be silently truncated if they do not fit in the default precision and scale. Explicitly specify the SQL server column type that can accommodate all the values in 'OnModelCreating' using 'HasColumnType', specify precision and scale using 'HasPrecision', or configure a value converter using 'HasConversion'.
2026-05-05 09:04:40 | WRN | No store type was specified for the decimal property 'WagIssueHour' on entity type 'HRWage'. This will cause values to be silently truncated if they do not fit in the default precision and scale. Explicitly specify the SQL server column type that can accommodate all the values in 'OnModelCreating' using 'HasColumnType', specify precision and scale using 'HasPrecision', or configure a value converter using 'HasConversion'.
2026-05-05 09:04:40 | WRN | No store type was specified for the decimal property 'WagSubtotal' on entity type 'HRWage'. This will cause values to be silently truncated if they do not fit in the default precision and scale. Explicitly specify the SQL server column type that can accommodate all the values in 'OnModelCreating' using 'HasColumnType', specify precision and scale using 'HasPrecision', or configure a value converter using 'HasConversion'.
2026-05-05 09:04:45 | WRN | The query uses the 'First'/'FirstOrDefault' operator without 'OrderBy' and filter operators. This may lead to unpredictable results.
2026-05-05 09:04:46 | INF | ACTION_TRACE | Acc=admin | Path=/ | IP=::1 | Start=2026-05-05 09:04:39.126 | Elapsed=7012ms | Status=Completed
2026-05-05 09:04:46 | INF | NETWORK_UNSTABLE | Acc=admin | Path=/ | Reason=SlowRequest 7012ms
2026-05-05 09:04:46 | INF | ACTION_TRACE | Acc=admin | Path=/Captcha/Generate | IP=::1 | Start=2026-05-05 09:04:46.334 | Elapsed=220ms | Status=Completed
2026-05-05 09:04:46 | INF | ACTION_TRACE | Acc=admin | Path=/DNTCaptchaImage/Show | IP=::1 | Start=2026-05-05 09:04:46.598 | Elapsed=107ms | Status=Completed
2026-05-05 09:05:01 | INF | ACTION_TRACE | Acc=admin | Path=/Account/Login | IP=::1 | Start=2026-05-05 09:04:51.572 | Elapsed=10123ms | Status=Completed
2026-05-05 09:05:01 | INF | NETWORK_UNSTABLE | Acc=admin | Path=/Account/Login | Reason=SlowRequest 10123ms
2026-05-05 09:05:02 | INF | ACTION_TRACE | Acc=admin | Path=/Home/Index | IP=::1 | Start=2026-05-05 09:05:01.707 | Elapsed=295ms | Status=Completed
2026-05-05 09:05:07 | INF | ACTION_TRACE | Acc=admin | Path=/Home/GetMenu | IP=::1 | Start=2026-05-05 09:05:07.548 | Elapsed=49ms | Status=Completed
2026-05-05 09:05:09 | INF | CONTROLLER_EXEC | Acc= admin | IP=::1 | Path=ATT111001/ATT111001 | Message=GET /ATT111001/ATT111001
2026-05-05 09:05:09 | INF | ACTION_TRACE | Acc=admin | Path=/ATT111001/ATT111001 | IP=::1 | Start=2026-05-05 09:05:09.808 | Elapsed=65ms | Status=Completed
2026-05-05 09:05:10 | ERR | An exception occurred while iterating over the results of a query for context type 'EHRIS.Core.DbContext.ApplicationDbContext'.
System.InvalidOperationException: The required column 'ClaBeforepm' was not present in the results of a 'FromSql' operation.
   at Microsoft.EntityFrameworkCore.Query.Internal.BufferedDataReader.BufferedDataRecord.InitializeFields()
   at Microsoft.EntityFrameworkCore.Query.Internal.BufferedDataReader.BufferedDataRecord.InitializeAsync(DbDataReader reader, IReadOnlyList`1 columns, CancellationToken cancellationToken)
   at Microsoft.EntityFrameworkCore.Query.Internal.BufferedDataReader.InitializeAsync(IReadOnlyList`1 columns, CancellationToken cancellationToken)
   at Microsoft.EntityFrameworkCore.Query.Internal.BufferedDataReader.InitializeAsync(IReadOnlyList`1 columns, CancellationToken cancellationToken)
   at Microsoft.EntityFrameworkCore.Storage.RelationalCommand.ExecuteReaderAsync(RelationalCommandParameterObject parameterObject, CancellationToken cancellationToken)
   at Microsoft.EntityFrameworkCore.Storage.RelationalCommand.ExecuteReaderAsync(RelationalCommandParameterObject parameterObject, CancellationToken cancellationToken)
   at Microsoft.EntityFrameworkCore.Query.Internal.FromSqlQueryingEnumerable`1.AsyncEnumerator.InitializeReaderAsync(AsyncEnumerator enumerator, CancellationToken cancellationToken)
   at Microsoft.EntityFrameworkCore.Storage.ExecutionStrategy.<>c__DisplayClass30_0`2.<<ExecuteAsync>b__0>d.MoveNext()
--- End of stack trace from previous location ---
   at Microsoft.EntityFrameworkCore.Storage.ExecutionStrategy.ExecuteImplementationAsync[TState,TResult](Func`4 operation, Func`4 verifySucceeded, TState state, CancellationToken cancellationToken)
   at Microsoft.EntityFrameworkCore.Storage.ExecutionStrategy.ExecuteImplementationAsync[TState,TResult](Func`4 operation, Func`4 verifySucceeded, TState state, CancellationToken cancellationToken)
   at Microsoft.EntityFrameworkCore.Storage.ExecutionStrategy.ExecuteAsync[TState,TResult](TState state, Func`4 operation, Func`4 verifySucceeded, CancellationToken cancellationToken)
   at Microsoft.EntityFrameworkCore.Query.Internal.FromSqlQueryingEnumerable`1.AsyncEnumerator.MoveNextAsync()
2026-05-05 09:08:01 | WRN | No store type was specified for the decimal property 'OveMoney' on entity type 'HROvertime'. This will cause values to be silently truncated if they do not fit in the default precision and scale. Explicitly specify the SQL server column type that can accommodate all the values in 'OnModelCreating' using 'HasColumnType', specify precision and scale using 'HasPrecision', or configure a value converter using 'HasConversion'.
2026-05-05 09:08:01 | WRN | No store type was specified for the decimal property 'Wag1D1Hour' on entity type 'HRWage'. This will cause values to be silently truncated if they do not fit in the default precision and scale. Explicitly specify the SQL server column type that can accommodate all the values in 'OnModelCreating' using 'HasColumnType', specify precision and scale using 'HasPrecision', or configure a value converter using 'HasConversion'.
2026-05-05 09:08:01 | WRN | No store type was specified for the decimal property 'Wag2D1Hour' on entity type 'HRWage'. This will cause values to be silently truncated if they do not fit in the default precision and scale. Explicitly specify the SQL server column type that can accommodate all the values in 'OnModelCreating' using 'HasColumnType', specify precision and scale using 'HasPrecision', or configure a value converter using 'HasConversion'.
2026-05-05 09:08:01 | WRN | No store type was specified for the decimal property 'Wag4D3Hour' on entity type 'HRWage'. This will cause values to be silently truncated if they do not fit in the default precision and scale. Explicitly specify the SQL server column type that can accommodate all the values in 'OnModelCreating' using 'HasColumnType', specify precision and scale using 'HasPrecision', or configure a value converter using 'HasConversion'.
2026-05-05 09:08:01 | WRN | No store type was specified for the decimal property 'Wag5D3Hour' on entity type 'HRWage'. This will cause values to be silently truncated if they do not fit in the default precision and scale. Explicitly specify the SQL server column type that can accommodate all the values in 'OnModelCreating' using 'HasColumnType', specify precision and scale using 'HasPrecision', or configure a value converter using 'HasConversion'.
2026-05-05 09:08:01 | WRN | No store type was specified for the decimal property 'Wag8D3Hour' on entity type 'HRWage'. This will cause values to be silently truncated if they do not fit in the default precision and scale. Explicitly specify the SQL server column type that can accommodate all the values in 'OnModelCreating' using 'HasColumnType', specify precision and scale using 'HasPrecision', or configure a value converter using 'HasConversion'.
2026-05-05 09:08:01 | WRN | No store type was specified for the decimal property 'WagApplyHour' on entity type 'HRWage'. This will cause values to be silently truncated if they do not fit in the default precision and scale. Explicitly specify the SQL server column type that can accommodate all the values in 'OnModelCreating' using 'HasColumnType', specify precision and scale using 'HasPrecision', or configure a value converter using 'HasConversion'.
2026-05-05 09:08:01 | WRN | No store type was specified for the decimal property 'WagIssueHour' on entity type 'HRWage'. This will cause values to be silently truncated if they do not fit in the default precision and scale. Explicitly specify the SQL server column type that can accommodate all the values in 'OnModelCreating' using 'HasColumnType', specify precision and scale using 'HasPrecision', or configure a value converter using 'HasConversion'.
2026-05-05 09:08:01 | WRN | No store type was specified for the decimal property 'WagSubtotal' on entity type 'HRWage'. This will cause values to be silently truncated if they do not fit in the default precision and scale. Explicitly specify the SQL server column type that can accommodate all the values in 'OnModelCreating' using 'HasColumnType', specify precision and scale using 'HasPrecision', or configure a value converter using 'HasConversion'.
2026-05-05 09:08:06 | WRN | The query uses the 'First'/'FirstOrDefault' operator without 'OrderBy' and filter operators. This may lead to unpredictable results.
2026-05-05 09:08:07 | INF | ACTION_TRACE | Acc=admin | Path=/ | IP=::1 | Start=2026-05-05 09:08:00.352 | Elapsed=6897ms | Status=Completed
2026-05-05 09:08:07 | INF | NETWORK_UNSTABLE | Acc=admin | Path=/ | Reason=SlowRequest 6897ms
2026-05-05 09:08:07 | INF | ACTION_TRACE | Acc=admin | Path=/Captcha/Generate | IP=::1 | Start=2026-05-05 09:08:07.430 | Elapsed=30ms | Status=Completed
2026-05-05 09:08:07 | INF | ACTION_TRACE | Acc=admin | Path=/DNTCaptchaImage/Show | IP=::1 | Start=2026-05-05 09:08:07.476 | Elapsed=107ms | Status=Completed
2026-05-05 09:08:22 | INF | ACTION_TRACE | Acc=admin | Path=/Account/Login | IP=::1 | Start=2026-05-05 09:08:13.878 | Elapsed=8503ms | Status=Completed
2026-05-05 09:08:22 | INF | NETWORK_UNSTABLE | Acc=admin | Path=/Account/Login | Reason=SlowRequest 8503ms
2026-05-05 09:08:22 | INF | ACTION_TRACE | Acc=admin | Path=/Home/Index | IP=::1 | Start=2026-05-05 09:08:22.396 | Elapsed=253ms | Status=Completed
2026-05-05 09:08:27 | INF | ACTION_TRACE | Acc=admin | Path=/Home/GetMenu | IP=::1 | Start=2026-05-05 09:08:27.721 | Elapsed=59ms | Status=Completed
2026-05-05 09:08:31 | INF | CONTROLLER_EXEC | Acc= admin | IP=::1 | Path=ATT111001/ATT111001 | Message=GET /ATT111001/ATT111001
2026-05-05 09:08:31 | INF | ACTION_TRACE | Acc=admin | Path=/ATT111001/ATT111001 | IP=::1 | Start=2026-05-05 09:08:31.479 | Elapsed=75ms | Status=Completed
2026-05-05 09:08:31 | INF | CONTROLLER_EXEC | Acc= admin | IP=::1 | Path=ATT111001/GetList | Message=POST /ATT111001/GetList
2026-05-05 09:08:31 | INF | ACTION_TRACE | Acc=admin | Path=/ATT111001/GetList | IP=::1 | Start=2026-05-05 09:08:31.591 | Elapsed=99ms | Status=Completed
2026-05-05 09:08:36 | INF | ACTION_TRACE | Acc=admin | Path=/.well-known/appspecific/com.chrome.devtools.json | IP=::1 | Start=2026-05-05 09:08:36.182 | Elapsed=0ms | Status=Completed
2026-05-05 09:08:36 | INF | CONTROLLER_EXEC | Acc= admin | IP=::1 | Path=ATT111001/GetList | Message=POST /ATT111001/GetList
2026-05-05 09:08:36 | INF | ACTION_TRACE | Acc=admin | Path=/ATT111001/GetList | IP=::1 | Start=2026-05-05 09:08:31.597 | Elapsed=4598ms | Status=Completed
2026-05-05 09:08:36 | INF | NETWORK_UNSTABLE | Acc=admin | Path=/ATT111001/GetList | Reason=SlowRequest 4598ms
2026-05-05 09:08:36 | INF | ACTION_TRACE | Acc=admin | Path=/lib/html-to-image/html-to-image.js.map | IP=::1 | Start=2026-05-05 09:08:36.236 | Elapsed=0ms | Status=Completed
2026-05-05 09:08:50 | INF | ACTION_TRACE | Acc=admin | Path=/.well-known/appspecific/com.chrome.devtools.json | IP=::1 | Start=2026-05-05 09:08:50.901 | Elapsed=0ms | Status=Completed
2026-05-05 09:08:50 | INF | ACTION_TRACE | Acc=admin | Path=/lib/html-to-image/html-to-image.js.map | IP=::1 | Start=2026-05-05 09:08:50.920 | Elapsed=0ms | Status=Completed
2026-05-05 09:08:56 | INF | ACTION_TRACE | Acc=admin | Path=/.well-known/appspecific/com.chrome.devtools.json | IP=::1 | Start=2026-05-05 09:08:56.634 | Elapsed=0ms | Status=Completed
2026-05-05 09:08:56 | INF | ACTION_TRACE | Acc=admin | Path=/lib/html-to-image/html-to-image.js.map | IP=::1 | Start=2026-05-05 09:08:56.662 | Elapsed=0ms | Status=Completed
2026-05-05 09:10:48 | WRN | No store type was specified for the decimal property 'OveMoney' on entity type 'HROvertime'. This will cause values to be silently truncated if they do not fit in the default precision and scale. Explicitly specify the SQL server column type that can accommodate all the values in 'OnModelCreating' using 'HasColumnType', specify precision and scale using 'HasPrecision', or configure a value converter using 'HasConversion'.
2026-05-05 09:10:48 | WRN | No store type was specified for the decimal property 'Wag1D1Hour' on entity type 'HRWage'. This will cause values to be silently truncated if they do not fit in the default precision and scale. Explicitly specify the SQL server column type that can accommodate all the values in 'OnModelCreating' using 'HasColumnType', specify precision and scale using 'HasPrecision', or configure a value converter using 'HasConversion'.
2026-05-05 09:10:48 | WRN | No store type was specified for the decimal property 'Wag2D1Hour' on entity type 'HRWage'. This will cause values to be silently truncated if they do not fit in the default precision and scale. Explicitly specify the SQL server column type that can accommodate all the values in 'OnModelCreating' using 'HasColumnType', specify precision and scale using 'HasPrecision', or configure a value converter using 'HasConversion'.
2026-05-05 09:10:48 | WRN | No store type was specified for the decimal property 'Wag4D3Hour' on entity type 'HRWage'. This will cause values to be silently truncated if they do not fit in the default precision and scale. Explicitly specify the SQL server column type that can accommodate all the values in 'OnModelCreating' using 'HasColumnType', specify precision and scale using 'HasPrecision', or configure a value converter using 'HasConversion'.
2026-05-05 09:10:48 | WRN | No store type was specified for the decimal property 'Wag5D3Hour' on entity type 'HRWage'. This will cause values to be silently truncated if they do not fit in the default precision and scale. Explicitly specify the SQL server column type that can accommodate all the values in 'OnModelCreating' using 'HasColumnType', specify precision and scale using 'HasPrecision', or configure a value converter using 'HasConversion'.
2026-05-05 09:10:48 | WRN | No store type was specified for the decimal property 'Wag8D3Hour' on entity type 'HRWage'. This will cause values to be silently truncated if they do not fit in the default precision and scale. Explicitly specify the SQL server column type that can accommodate all the values in 'OnModelCreating' using 'HasColumnType', specify precision and scale using 'HasPrecision', or configure a value converter using 'HasConversion'.
2026-05-05 09:10:48 | WRN | No store type was specified for the decimal property 'WagApplyHour' on entity type 'HRWage'. This will cause values to be silently truncated if they do not fit in the default precision and scale. Explicitly specify the SQL server column type that can accommodate all the values in 'OnModelCreating' using 'HasColumnType', specify precision and scale using 'HasPrecision', or configure a value converter using 'HasConversion'.
2026-05-05 09:10:48 | WRN | No store type was specified for the decimal property 'WagIssueHour' on entity type 'HRWage'. This will cause values to be silently truncated if they do not fit in the default precision and scale. Explicitly specify the SQL server column type that can accommodate all the values in 'OnModelCreating' using 'HasColumnType', specify precision and scale using 'HasPrecision', or configure a value converter using 'HasConversion'.
2026-05-05 09:10:48 | WRN | No store type was specified for the decimal property 'WagSubtotal' on entity type 'HRWage'. This will cause values to be silently truncated if they do not fit in the default precision and scale. Explicitly specify the SQL server column type that can accommodate all the values in 'OnModelCreating' using 'HasColumnType', specify precision and scale using 'HasPrecision', or configure a value converter using 'HasConversion'.
2026-05-05 09:10:53 | WRN | The query uses the 'First'/'FirstOrDefault' operator without 'OrderBy' and filter operators. This may lead to unpredictable results.
2026-05-05 09:10:54 | INF | ACTION_TRACE | Acc=admin | Path=/ | IP=::1 | Start=2026-05-05 09:10:47.940 | Elapsed=6946ms | Status=Completed
2026-05-05 09:10:54 | INF | NETWORK_UNSTABLE | Acc=admin | Path=/ | Reason=SlowRequest 6946ms
2026-05-05 09:10:55 | INF | ACTION_TRACE | Acc=admin | Path=/Captcha/Generate | IP=::1 | Start=2026-05-05 09:10:55.075 | Elapsed=37ms | Status=Completed
2026-05-05 09:10:55 | INF | ACTION_TRACE | Acc=admin | Path=/DNTCaptchaImage/Show | IP=::1 | Start=2026-05-05 09:10:55.134 | Elapsed=103ms | Status=Completed
2026-05-05 09:11:08 | INF | ACTION_TRACE | Acc=admin | Path=/Account/Login | IP=::1 | Start=2026-05-05 09:10:58.655 | Elapsed=9627ms | Status=Completed
2026-05-05 09:11:08 | INF | NETWORK_UNSTABLE | Acc=admin | Path=/Account/Login | Reason=SlowRequest 9627ms
2026-05-05 09:11:08 | INF | ACTION_TRACE | Acc=admin | Path=/Home/Index | IP=::1 | Start=2026-05-05 09:11:08.300 | Elapsed=269ms | Status=Completed
2026-05-05 09:11:11 | INF | ACTION_TRACE | Acc=admin | Path=/Home/GetMenu | IP=::1 | Start=2026-05-05 09:11:11.145 | Elapsed=64ms | Status=Completed
2026-05-05 09:11:14 | INF | CONTROLLER_EXEC | Acc= admin | IP=::1 | Path=ATT111001/ATT111001 | Message=GET /ATT111001/ATT111001
2026-05-05 09:11:14 | INF | ACTION_TRACE | Acc=admin | Path=/ATT111001/ATT111001 | IP=::1 | Start=2026-05-05 09:11:14.175 | Elapsed=74ms | Status=Completed
2026-05-05 09:11:14 | INF | CONTROLLER_EXEC | Acc= admin | IP=::1 | Path=ATT111001/GetList | Message=POST /ATT111001/GetList
2026-05-05 09:11:14 | INF | ACTION_TRACE | Acc=admin | Path=/ATT111001/GetList | IP=::1 | Start=2026-05-05 09:11:14.308 | Elapsed=104ms | Status=Completed
2026-05-05 09:11:18 | INF | CONTROLLER_EXEC | Acc= admin | IP=::1 | Path=ATT111001/GetList | Message=POST /ATT111001/GetList
2026-05-05 09:11:18 | INF | ACTION_TRACE | Acc=admin | Path=/ATT111001/GetList | IP=::1 | Start=2026-05-05 09:11:14.299 | Elapsed=4619ms | Status=Completed
2026-05-05 09:11:18 | INF | NETWORK_UNSTABLE | Acc=admin | Path=/ATT111001/GetList | Reason=SlowRequest 4619ms
2026-05-05 09:11:22 | INF | ACTION_TRACE | Acc=admin | Path=/.well-known/appspecific/com.chrome.devtools.json | IP=::1 | Start=2026-05-05 09:11:22.790 | Elapsed=0ms | Status=Completed
2026-05-05 09:11:22 | INF | ACTION_TRACE | Acc=admin | Path=/lib/html-to-image/html-to-image.js.map | IP=::1 | Start=2026-05-05 09:11:22.843 | Elapsed=0ms | Status=Completed
2026-05-05 09:11:26 | INF | ACTION_TRACE | Acc=admin | Path=/Home/Index | IP=::1 | Start=2026-05-05 09:11:26.056 | Elapsed=27ms | Status=Completed
2026-05-05 09:11:26 | INF | ACTION_TRACE | Acc=admin | Path=/lib/html-to-image/html-to-image.js.map | IP=::1 | Start=2026-05-05 09:11:26.304 | Elapsed=0ms | Status=Completed
2026-05-05 09:11:27 | INF | ACTION_TRACE | Acc=admin | Path=/Home/GetMenu | IP=::1 | Start=2026-05-05 09:11:27.510 | Elapsed=33ms | Status=Completed
2026-05-05 09:11:29 | INF | CONTROLLER_EXEC | Acc= admin | IP=::1 | Path=ATT111001/ATT111001 | Message=GET /ATT111001/ATT111001
2026-05-05 09:11:29 | INF | ACTION_TRACE | Acc=admin | Path=/ATT111001/ATT111001 | IP=::1 | Start=2026-05-05 09:11:29.849 | Elapsed=6ms | Status=Completed
2026-05-05 09:11:29 | INF | CONTROLLER_EXEC | Acc= admin | IP=::1 | Path=ATT111001/GetList | Message=POST /ATT111001/GetList
2026-05-05 09:11:29 | INF | ACTION_TRACE | Acc=admin | Path=/ATT111001/GetList | IP=::1 | Start=2026-05-05 09:11:29.945 | Elapsed=7ms | Status=Completed
2026-05-05 09:11:29 | INF | CONTROLLER_EXEC | Acc= admin | IP=::1 | Path=ATT111001/GetList | Message=POST /ATT111001/GetList
2026-05-05 09:11:29 | INF | ACTION_TRACE | Acc=admin | Path=/ATT111001/GetList | IP=::1 | Start=2026-05-05 09:11:29.968 | Elapsed=8ms | Status=Completed
2026-05-05 09:11:30 | INF | ACTION_TRACE | Acc=admin | Path=/.well-known/appspecific/com.chrome.devtools.json | IP=::1 | Start=2026-05-05 09:11:30.750 | Elapsed=0ms | Status=Completed
2026-05-05 09:11:46 | WRN | No store type was specified for the decimal property 'OveMoney' on entity type 'HROvertime'. This will cause values to be silently truncated if they do not fit in the default precision and scale. Explicitly specify the SQL server column type that can accommodate all the values in 'OnModelCreating' using 'HasColumnType', specify precision and scale using 'HasPrecision', or configure a value converter using 'HasConversion'.
2026-05-05 09:11:46 | WRN | No store type was specified for the decimal property 'Wag1D1Hour' on entity type 'HRWage'. This will cause values to be silently truncated if they do not fit in the default precision and scale. Explicitly specify the SQL server column type that can accommodate all the values in 'OnModelCreating' using 'HasColumnType', specify precision and scale using 'HasPrecision', or configure a value converter using 'HasConversion'.
2026-05-05 09:11:46 | WRN | No store type was specified for the decimal property 'Wag2D1Hour' on entity type 'HRWage'. This will cause values to be silently truncated if they do not fit in the default precision and scale. Explicitly specify the SQL server column type that can accommodate all the values in 'OnModelCreating' using 'HasColumnType', specify precision and scale using 'HasPrecision', or configure a value converter using 'HasConversion'.
2026-05-05 09:11:46 | WRN | No store type was specified for the decimal property 'Wag4D3Hour' on entity type 'HRWage'. This will cause values to be silently truncated if they do not fit in the default precision and scale. Explicitly specify the SQL server column type that can accommodate all the values in 'OnModelCreating' using 'HasColumnType', specify precision and scale using 'HasPrecision', or configure a value converter using 'HasConversion'.
2026-05-05 09:11:46 | WRN | No store type was specified for the decimal property 'Wag5D3Hour' on entity type 'HRWage'. This will cause values to be silently truncated if they do not fit in the default precision and scale. Explicitly specify the SQL server column type that can accommodate all the values in 'OnModelCreating' using 'HasColumnType', specify precision and scale using 'HasPrecision', or configure a value converter using 'HasConversion'.
2026-05-05 09:11:46 | WRN | No store type was specified for the decimal property 'Wag8D3Hour' on entity type 'HRWage'. This will cause values to be silently truncated if they do not fit in the default precision and scale. Explicitly specify the SQL server column type that can accommodate all the values in 'OnModelCreating' using 'HasColumnType', specify precision and scale using 'HasPrecision', or configure a value converter using 'HasConversion'.
2026-05-05 09:11:46 | WRN | No store type was specified for the decimal property 'WagApplyHour' on entity type 'HRWage'. This will cause values to be silently truncated if they do not fit in the default precision and scale. Explicitly specify the SQL server column type that can accommodate all the values in 'OnModelCreating' using 'HasColumnType', specify precision and scale using 'HasPrecision', or configure a value converter using 'HasConversion'.
2026-05-05 09:11:46 | WRN | No store type was specified for the decimal property 'WagIssueHour' on entity type 'HRWage'. This will cause values to be silently truncated if they do not fit in the default precision and scale. Explicitly specify the SQL server column type that can accommodate all the values in 'OnModelCreating' using 'HasColumnType', specify precision and scale using 'HasPrecision', or configure a value converter using 'HasConversion'.
2026-05-05 09:11:46 | WRN | No store type was specified for the decimal property 'WagSubtotal' on entity type 'HRWage'. This will cause values to be silently truncated if they do not fit in the default precision and scale. Explicitly specify the SQL server column type that can accommodate all the values in 'OnModelCreating' using 'HasColumnType', specify precision and scale using 'HasPrecision', or configure a value converter using 'HasConversion'.
2026-05-05 09:11:51 | WRN | The query uses the 'First'/'FirstOrDefault' operator without 'OrderBy' and filter operators. This may lead to unpredictable results.
2026-05-05 09:11:52 | INF | ACTION_TRACE | Acc=admin | Path=/ | IP=::1 | Start=2026-05-05 09:11:45.657 | Elapsed=6885ms | Status=Completed
2026-05-05 09:11:52 | INF | NETWORK_UNSTABLE | Acc=admin | Path=/ | Reason=SlowRequest 6885ms
2026-05-05 09:11:52 | INF | ACTION_TRACE | Acc=admin | Path=/Captcha/Generate | IP=::1 | Start=2026-05-05 09:11:52.745 | Elapsed=42ms | Status=Completed
2026-05-05 09:11:52 | INF | ACTION_TRACE | Acc=admin | Path=/DNTCaptchaImage/Show | IP=::1 | Start=2026-05-05 09:11:52.802 | Elapsed=97ms | Status=Completed
2026-05-05 09:12:05 | INF | ACTION_TRACE | Acc=admin | Path=/Account/Login | IP=::1 | Start=2026-05-05 09:11:56.890 | Elapsed=9084ms | Status=Completed
2026-05-05 09:12:05 | INF | NETWORK_UNSTABLE | Acc=admin | Path=/Account/Login | Reason=SlowRequest 9084ms
2026-05-05 09:12:06 | INF | ACTION_TRACE | Acc=admin | Path=/Home/Index | IP=::1 | Start=2026-05-05 09:12:05.988 | Elapsed=424ms | Status=Completed
2026-05-05 09:13:08 | INF | ACTION_TRACE | Acc=admin | Path=/Home/GetMenu | IP=::1 | Start=2026-05-05 09:13:08.910 | Elapsed=43ms | Status=Completed
2026-05-05 09:13:11 | INF | CONTROLLER_EXEC | Acc= admin | IP=::1 | Path=ATT111001/ATT111001 | Message=GET /ATT111001/ATT111001
2026-05-05 09:13:11 | INF | ACTION_TRACE | Acc=admin | Path=/ATT111001/ATT111001 | IP=::1 | Start=2026-05-05 09:13:11.842 | Elapsed=70ms | Status=Completed
2026-05-05 09:13:12 | INF | CONTROLLER_EXEC | Acc= admin | IP=::1 | Path=ATT111001/GetList | Message=POST /ATT111001/GetList
2026-05-05 09:13:12 | INF | ACTION_TRACE | Acc=admin | Path=/ATT111001/GetList | IP=::1 | Start=2026-05-05 09:13:11.949 | Elapsed=146ms | Status=Completed
2026-05-05 09:13:14 | INF | ACTION_TRACE | Acc=admin | Path=/.well-known/appspecific/com.chrome.devtools.json | IP=::1 | Start=2026-05-05 09:13:14.002 | Elapsed=0ms | Status=Completed
2026-05-05 09:13:14 | INF | ACTION_TRACE | Acc=admin | Path=/lib/html-to-image/html-to-image.js.map | IP=::1 | Start=2026-05-05 09:13:14.058 | Elapsed=0ms | Status=Completed
2026-05-05 09:13:16 | INF | CONTROLLER_EXEC | Acc= admin | IP=::1 | Path=ATT111001/GetList | Message=POST /ATT111001/GetList
2026-05-05 09:13:16 | INF | ACTION_TRACE | Acc=admin | Path=/ATT111001/GetList | IP=::1 | Start=2026-05-05 09:13:11.953 | Elapsed=4620ms | Status=Completed
2026-05-05 09:13:16 | INF | NETWORK_UNSTABLE | Acc=admin | Path=/ATT111001/GetList | Reason=SlowRequest 4620ms
2026-05-05 09:13:19 | INF | ACTION_TRACE | Acc=admin | Path=/Home/Index | IP=::1 | Start=2026-05-05 09:13:19.332 | Elapsed=38ms | Status=Completed
2026-05-05 09:13:19 | INF | ACTION_TRACE | Acc=admin | Path=/.well-known/appspecific/com.chrome.devtools.json | IP=::1 | Start=2026-05-05 09:13:19.401 | Elapsed=0ms | Status=Completed
2026-05-05 09:13:19 | INF | ACTION_TRACE | Acc=admin | Path=/lib/html-to-image/html-to-image.js.map | IP=::1 | Start=2026-05-05 09:13:19.567 | Elapsed=0ms | Status=Completed
2026-05-05 09:13:21 | INF | ACTION_TRACE | Acc=admin | Path=/Home/GetMenu | IP=::1 | Start=2026-05-05 09:13:21.014 | Elapsed=40ms | Status=Completed
2026-05-05 09:13:24 | INF | CONTROLLER_EXEC | Acc= admin | IP=::1 | Path=ATT111001/ATT111001 | Message=GET /ATT111001/ATT111001
2026-05-05 09:13:24 | INF | ACTION_TRACE | Acc=admin | Path=/ATT111001/ATT111001 | IP=::1 | Start=2026-05-05 09:13:24.508 | Elapsed=7ms | Status=Completed
2026-05-05 09:13:24 | INF | CONTROLLER_EXEC | Acc= admin | IP=::1 | Path=ATT111001/GetList | Message=POST /ATT111001/GetList
2026-05-05 09:13:24 | INF | ACTION_TRACE | Acc=admin | Path=/ATT111001/GetList | IP=::1 | Start=2026-05-05 09:13:24.571 | Elapsed=7ms | Status=Completed
2026-05-05 09:13:24 | INF | CONTROLLER_EXEC | Acc= admin | IP=::1 | Path=ATT111001/GetList | Message=POST /ATT111001/GetList
2026-05-05 09:13:24 | INF | ACTION_TRACE | Acc=admin | Path=/ATT111001/GetList | IP=::1 | Start=2026-05-05 09:13:24.578 | Elapsed=7ms | Status=Completed
2026-05-05 09:26:52 | WRN | No store type was specified for the decimal property 'OveMoney' on entity type 'HROvertime'. This will cause values to be silently truncated if they do not fit in the default precision and scale. Explicitly specify the SQL server column type that can accommodate all the values in 'OnModelCreating' using 'HasColumnType', specify precision and scale using 'HasPrecision', or configure a value converter using 'HasConversion'.
2026-05-05 09:26:52 | WRN | No store type was specified for the decimal property 'Wag1D1Hour' on entity type 'HRWage'. This will cause values to be silently truncated if they do not fit in the default precision and scale. Explicitly specify the SQL server column type that can accommodate all the values in 'OnModelCreating' using 'HasColumnType', specify precision and scale using 'HasPrecision', or configure a value converter using 'HasConversion'.
2026-05-05 09:26:52 | WRN | No store type was specified for the decimal property 'Wag2D1Hour' on entity type 'HRWage'. This will cause values to be silently truncated if they do not fit in the default precision and scale. Explicitly specify the SQL server column type that can accommodate all the values in 'OnModelCreating' using 'HasColumnType', specify precision and scale using 'HasPrecision', or configure a value converter using 'HasConversion'.
2026-05-05 09:26:52 | WRN | No store type was specified for the decimal property 'Wag4D3Hour' on entity type 'HRWage'. This will cause values to be silently truncated if they do not fit in the default precision and scale. Explicitly specify the SQL server column type that can accommodate all the values in 'OnModelCreating' using 'HasColumnType', specify precision and scale using 'HasPrecision', or configure a value converter using 'HasConversion'.
2026-05-05 09:26:52 | WRN | No store type was specified for the decimal property 'Wag5D3Hour' on entity type 'HRWage'. This will cause values to be silently truncated if they do not fit in the default precision and scale. Explicitly specify the SQL server column type that can accommodate all the values in 'OnModelCreating' using 'HasColumnType', specify precision and scale using 'HasPrecision', or configure a value converter using 'HasConversion'.
2026-05-05 09:26:52 | WRN | No store type was specified for the decimal property 'Wag8D3Hour' on entity type 'HRWage'. This will cause values to be silently truncated if they do not fit in the default precision and scale. Explicitly specify the SQL server column type that can accommodate all the values in 'OnModelCreating' using 'HasColumnType', specify precision and scale using 'HasPrecision', or configure a value converter using 'HasConversion'.
2026-05-05 09:26:52 | WRN | No store type was specified for the decimal property 'WagApplyHour' on entity type 'HRWage'. This will cause values to be silently truncated if they do not fit in the default precision and scale. Explicitly specify the SQL server column type that can accommodate all the values in 'OnModelCreating' using 'HasColumnType', specify precision and scale using 'HasPrecision', or configure a value converter using 'HasConversion'.
2026-05-05 09:26:52 | WRN | No store type was specified for the decimal property 'WagIssueHour' on entity type 'HRWage'. This will cause values to be silently truncated if they do not fit in the default precision and scale. Explicitly specify the SQL server column type that can accommodate all the values in 'OnModelCreating' using 'HasColumnType', specify precision and scale using 'HasPrecision', or configure a value converter using 'HasConversion'.
2026-05-05 09:26:52 | WRN | No store type was specified for the decimal property 'WagSubtotal' on entity type 'HRWage'. This will cause values to be silently truncated if they do not fit in the default precision and scale. Explicitly specify the SQL server column type that can accommodate all the values in 'OnModelCreating' using 'HasColumnType', specify precision and scale using 'HasPrecision', or configure a value converter using 'HasConversion'.
2026-05-05 09:26:57 | WRN | The query uses the 'First'/'FirstOrDefault' operator without 'OrderBy' and filter operators. This may lead to unpredictable results.
2026-05-05 09:26:58 | INF | ACTION_TRACE | Acc=admin | Path=/ | IP=::1 | Start=2026-05-05 09:26:52.083 | Elapsed=6901ms | Status=Completed
2026-05-05 09:26:58 | INF | NETWORK_UNSTABLE | Acc=admin | Path=/ | Reason=SlowRequest 6901ms
2026-05-05 09:26:59 | INF | ACTION_TRACE | Acc=admin | Path=/Captcha/Generate | IP=::1 | Start=2026-05-05 09:26:59.181 | Elapsed=32ms | Status=Completed
2026-05-05 09:26:59 | INF | ACTION_TRACE | Acc=admin | Path=/DNTCaptchaImage/Show | IP=::1 | Start=2026-05-05 09:26:59.234 | Elapsed=112ms | Status=Completed
2026-05-05 09:32:32 | INF | ACTION_TRACE | Acc=admin | Path=/ | IP=::1 | Start=2026-05-05 09:32:30.855 | Elapsed=2007ms | Status=Completed
2026-05-05 09:32:33 | INF | ACTION_TRACE | Acc=admin | Path=/Captcha/Generate | IP=::1 | Start=2026-05-05 09:32:33.110 | Elapsed=3ms | Status=Completed
2026-05-05 09:32:33 | INF | ACTION_TRACE | Acc=admin | Path=/DNTCaptchaImage/Show | IP=::1 | Start=2026-05-05 09:32:33.124 | Elapsed=15ms | Status=Completed
2026-05-05 09:32:46 | INF | ACTION_TRACE | Acc=admin | Path=/Account/Login | IP=::1 | Start=2026-05-05 09:32:37.598 | Elapsed=9150ms | Status=Completed
2026-05-05 09:32:46 | INF | NETWORK_UNSTABLE | Acc=admin | Path=/Account/Login | Reason=SlowRequest 9150ms
2026-05-05 09:32:46 | INF | ACTION_TRACE | Acc=admin | Path=/Home/Index | IP=::1 | Start=2026-05-05 09:32:46.761 | Elapsed=210ms | Status=Completed
2026-05-05 09:34:46 | INF | ACTION_TRACE | Acc=admin | Path=/Home/GetMenu | IP=::1 | Start=2026-05-05 09:34:46.477 | Elapsed=21ms | Status=Completed
2026-05-05 09:34:49 | INF | CONTROLLER_EXEC | Acc= admin | IP=::1 | Path=ATT111001/ATT111001 | Message=GET /ATT111001/ATT111001
2026-05-05 09:34:49 | INF | ACTION_TRACE | Acc=admin | Path=/ATT111001/ATT111001 | IP=::1 | Start=2026-05-05 09:34:49.000 | Elapsed=79ms | Status=Completed
2026-05-05 09:34:49 | INF | CONTROLLER_EXEC | Acc= admin | IP=::1 | Path=ATT111001/GetList | Message=POST /ATT111001/GetList
2026-05-05 09:34:49 | INF | ACTION_TRACE | Acc=admin | Path=/ATT111001/GetList | IP=::1 | Start=2026-05-05 09:34:49.120 | Elapsed=95ms | Status=Completed
2026-05-05 10:00:45 | INF | ACTION_TRACE | Acc=admin | Path=/Home/Index | IP=::1 | Start=2026-05-05 10:00:40.652 | Elapsed=4674ms | Status=Completed
2026-05-05 10:00:45 | INF | NETWORK_UNSTABLE | Acc=admin | Path=/Home/Index | Reason=SlowRequest 4674ms
2026-05-05 10:13:08 | INF | ACTION_TRACE | Acc=admin | Path=/Home/Index | IP=::1 | Start=2026-05-05 10:13:03.838 | Elapsed=4604ms | Status=Completed
2026-05-05 10:13:08 | INF | NETWORK_UNSTABLE | Acc=admin | Path=/Home/Index | Reason=SlowRequest 4604ms
2026-05-05 10:13:25 | INF | ACTION_TRACE | Acc=admin | Path=/Home/Index | IP=::1 | Start=2026-05-05 10:13:25.524 | Elapsed=58ms | Status=Completed
2026-05-05 10:15:20 | INF | ACTION_TRACE | Acc=admin | Path=/Home/Index | IP=::1 | Start=2026-05-05 10:15:19.999 | Elapsed=55ms | Status=Completed
2026-05-05 10:15:24 | INF | ACTION_TRACE | Acc=admin | Path=/Home/GetMenu | IP=::1 | Start=2026-05-05 10:15:24.736 | Elapsed=44ms | Status=Completed
2026-05-05 10:15:27 | INF | CONTROLLER_EXEC | Acc= admin | IP=::1 | Path=ATT111001/ATT111001 | Message=GET /ATT111001/ATT111001
2026-05-05 10:15:27 | INF | ACTION_TRACE | Acc=admin | Path=/ATT111001/ATT111001 | IP=::1 | Start=2026-05-05 10:15:27.365 | Elapsed=49ms | Status=Completed
2026-05-05 10:15:27 | INF | CONTROLLER_EXEC | Acc= admin | IP=::1 | Path=ATT111001/GetList | Message=POST /ATT111001/GetList
2026-05-05 10:15:27 | INF | ACTION_TRACE | Acc=admin | Path=/ATT111001/GetList | IP=::1 | Start=2026-05-05 10:15:27.450 | Elapsed=18ms | Status=Completed
2026-05-05 10:16:05 | INF | CONTROLLER_EXEC | Acc= admin | IP=::1 | Path=ATT111001/GetList | Message=POST /ATT111001/GetList
2026-05-05 10:16:05 | INF | ACTION_TRACE | Acc=admin | Path=/ATT111001/GetList | IP=::1 | Start=2026-05-05 10:16:04.888 | Elapsed=399ms | Status=Completed
2026-05-05 10:31:24 | WRN | No store type was specified for the decimal property 'OveMoney' on entity type 'HROvertime'. This will cause values to be silently truncated if they do not fit in the default precision and scale. Explicitly specify the SQL server column type that can accommodate all the values in 'OnModelCreating' using 'HasColumnType', specify precision and scale using 'HasPrecision', or configure a value converter using 'HasConversion'.
2026-05-05 10:31:24 | WRN | No store type was specified for the decimal property 'Wag1D1Hour' on entity type 'HRWage'. This will cause values to be silently truncated if they do not fit in the default precision and scale. Explicitly specify the SQL server column type that can accommodate all the values in 'OnModelCreating' using 'HasColumnType', specify precision and scale using 'HasPrecision', or configure a value converter using 'HasConversion'.
2026-05-05 10:31:24 | WRN | No store type was specified for the decimal property 'Wag2D1Hour' on entity type 'HRWage'. This will cause values to be silently truncated if they do not fit in the default precision and scale. Explicitly specify the SQL server column type that can accommodate all the values in 'OnModelCreating' using 'HasColumnType', specify precision and scale using 'HasPrecision', or configure a value converter using 'HasConversion'.
2026-05-05 10:31:24 | WRN | No store type was specified for the decimal property 'Wag4D3Hour' on entity type 'HRWage'. This will cause values to be silently truncated if they do not fit in the default precision and scale. Explicitly specify the SQL server column type that can accommodate all the values in 'OnModelCreating' using 'HasColumnType', specify precision and scale using 'HasPrecision', or configure a value converter using 'HasConversion'.
2026-05-05 10:31:24 | WRN | No store type was specified for the decimal property 'Wag5D3Hour' on entity type 'HRWage'. This will cause values to be silently truncated if they do not fit in the default precision and scale. Explicitly specify the SQL server column type that can accommodate all the values in 'OnModelCreating' using 'HasColumnType', specify precision and scale using 'HasPrecision', or configure a value converter using 'HasConversion'.
2026-05-05 10:31:24 | WRN | No store type was specified for the decimal property 'Wag8D3Hour' on entity type 'HRWage'. This will cause values to be silently truncated if they do not fit in the default precision and scale. Explicitly specify the SQL server column type that can accommodate all the values in 'OnModelCreating' using 'HasColumnType', specify precision and scale using 'HasPrecision', or configure a value converter using 'HasConversion'.
2026-05-05 10:31:24 | WRN | No store type was specified for the decimal property 'WagApplyHour' on entity type 'HRWage'. This will cause values to be silently truncated if they do not fit in the default precision and scale. Explicitly specify the SQL server column type that can accommodate all the values in 'OnModelCreating' using 'HasColumnType', specify precision and scale using 'HasPrecision', or configure a value converter using 'HasConversion'.
2026-05-05 10:31:24 | WRN | No store type was specified for the decimal property 'WagIssueHour' on entity type 'HRWage'. This will cause values to be silently truncated if they do not fit in the default precision and scale. Explicitly specify the SQL server column type that can accommodate all the values in 'OnModelCreating' using 'HasColumnType', specify precision and scale using 'HasPrecision', or configure a value converter using 'HasConversion'.
2026-05-05 10:31:24 | WRN | No store type was specified for the decimal property 'WagSubtotal' on entity type 'HRWage'. This will cause values to be silently truncated if they do not fit in the default precision and scale. Explicitly specify the SQL server column type that can accommodate all the values in 'OnModelCreating' using 'HasColumnType', specify precision and scale using 'HasPrecision', or configure a value converter using 'HasConversion'.
2026-05-05 10:31:29 | WRN | The query uses the 'First'/'FirstOrDefault' operator without 'OrderBy' and filter operators. This may lead to unpredictable results.
2026-05-05 10:31:30 | INF | ACTION_TRACE | Acc=admin | Path=/ | IP=::1 | Start=2026-05-05 10:31:23.513 | Elapsed=6966ms | Status=Completed
2026-05-05 10:31:30 | INF | NETWORK_UNSTABLE | Acc=admin | Path=/ | Reason=SlowRequest 6966ms
2026-05-05 10:31:30 | INF | ACTION_TRACE | Acc=admin | Path=/Captcha/Generate | IP=::1 | Start=2026-05-05 10:31:30.712 | Elapsed=35ms | Status=Completed
2026-05-05 10:31:30 | INF | ACTION_TRACE | Acc=admin | Path=/DNTCaptchaImage/Show | IP=::1 | Start=2026-05-05 10:31:30.772 | Elapsed=120ms | Status=Completed
2026-05-05 10:31:47 | INF | ACTION_TRACE | Acc=admin | Path=/Account/Login | IP=::1 | Start=2026-05-05 10:31:38.033 | Elapsed=9014ms | Status=Completed
2026-05-05 10:31:47 | INF | NETWORK_UNSTABLE | Acc=admin | Path=/Account/Login | Reason=SlowRequest 9014ms
2026-05-05 10:31:47 | INF | ACTION_TRACE | Acc=admin | Path=/Home/Index | IP=::1 | Start=2026-05-05 10:31:47.063 | Elapsed=327ms | Status=Completed
2026-05-05 10:31:49 | INF | ACTION_TRACE | Acc=admin | Path=/Home/GetMenu | IP=::1 | Start=2026-05-05 10:31:49.252 | Elapsed=14ms | Status=Completed
2026-05-05 10:31:53 | INF | CONTROLLER_EXEC | Acc= admin | IP=::1 | Path=ATT111001/ATT111001 | Message=GET /ATT111001/ATT111001
2026-05-05 10:31:53 | INF | ACTION_TRACE | Acc=admin | Path=/ATT111001/ATT111001 | IP=::1 | Start=2026-05-05 10:31:53.050 | Elapsed=64ms | Status=Completed
2026-05-05 10:31:53 | INF | CONTROLLER_EXEC | Acc= admin | IP=::1 | Path=ATT111001/GetList | Message=POST /ATT111001/GetList
2026-05-05 10:31:53 | INF | ACTION_TRACE | Acc=admin | Path=/ATT111001/GetList | IP=::1 | Start=2026-05-05 10:31:53.154 | Elapsed=91ms | Status=Completed
2026-05-05 10:32:00 | INF | ACTION_TRACE | Acc=admin | Path=/.well-known/appspecific/com.chrome.devtools.json | IP=::1 | Start=2026-05-05 10:32:00.856 | Elapsed=0ms | Status=Completed
2026-05-05 10:32:00 | INF | ACTION_TRACE | Acc=admin | Path=/lib/html-to-image/html-to-image.js.map | IP=::1 | Start=2026-05-05 10:32:00.919 | Elapsed=0ms | Status=Completed
2026-05-05 10:37:41 | WRN | No store type was specified for the decimal property 'OveMoney' on entity type 'HROvertime'. This will cause values to be silently truncated if they do not fit in the default precision and scale. Explicitly specify the SQL server column type that can accommodate all the values in 'OnModelCreating' using 'HasColumnType', specify precision and scale using 'HasPrecision', or configure a value converter using 'HasConversion'.
2026-05-05 10:37:41 | WRN | No store type was specified for the decimal property 'Wag1D1Hour' on entity type 'HRWage'. This will cause values to be silently truncated if they do not fit in the default precision and scale. Explicitly specify the SQL server column type that can accommodate all the values in 'OnModelCreating' using 'HasColumnType', specify precision and scale using 'HasPrecision', or configure a value converter using 'HasConversion'.
2026-05-05 10:37:41 | WRN | No store type was specified for the decimal property 'Wag2D1Hour' on entity type 'HRWage'. This will cause values to be silently truncated if they do not fit in the default precision and scale. Explicitly specify the SQL server column type that can accommodate all the values in 'OnModelCreating' using 'HasColumnType', specify precision and scale using 'HasPrecision', or configure a value converter using 'HasConversion'.
2026-05-05 10:37:41 | WRN | No store type was specified for the decimal property 'Wag4D3Hour' on entity type 'HRWage'. This will cause values to be silently truncated if they do not fit in the default precision and scale. Explicitly specify the SQL server column type that can accommodate all the values in 'OnModelCreating' using 'HasColumnType', specify precision and scale using 'HasPrecision', or configure a value converter using 'HasConversion'.
2026-05-05 10:37:41 | WRN | No store type was specified for the decimal property 'Wag5D3Hour' on entity type 'HRWage'. This will cause values to be silently truncated if they do not fit in the default precision and scale. Explicitly specify the SQL server column type that can accommodate all the values in 'OnModelCreating' using 'HasColumnType', specify precision and scale using 'HasPrecision', or configure a value converter using 'HasConversion'.
2026-05-05 10:37:41 | WRN | No store type was specified for the decimal property 'Wag8D3Hour' on entity type 'HRWage'. This will cause values to be silently truncated if they do not fit in the default precision and scale. Explicitly specify the SQL server column type that can accommodate all the values in 'OnModelCreating' using 'HasColumnType', specify precision and scale using 'HasPrecision', or configure a value converter using 'HasConversion'.
2026-05-05 10:37:41 | WRN | No store type was specified for the decimal property 'WagApplyHour' on entity type 'HRWage'. This will cause values to be silently truncated if they do not fit in the default precision and scale. Explicitly specify the SQL server column type that can accommodate all the values in 'OnModelCreating' using 'HasColumnType', specify precision and scale using 'HasPrecision', or configure a value converter using 'HasConversion'.
2026-05-05 10:37:41 | WRN | No store type was specified for the decimal property 'WagIssueHour' on entity type 'HRWage'. This will cause values to be silently truncated if they do not fit in the default precision and scale. Explicitly specify the SQL server column type that can accommodate all the values in 'OnModelCreating' using 'HasColumnType', specify precision and scale using 'HasPrecision', or configure a value converter using 'HasConversion'.
2026-05-05 10:37:41 | WRN | No store type was specified for the decimal property 'WagSubtotal' on entity type 'HRWage'. This will cause values to be silently truncated if they do not fit in the default precision and scale. Explicitly specify the SQL server column type that can accommodate all the values in 'OnModelCreating' using 'HasColumnType', specify precision and scale using 'HasPrecision', or configure a value converter using 'HasConversion'.
2026-05-05 10:37:46 | WRN | The query uses the 'First'/'FirstOrDefault' operator without 'OrderBy' and filter operators. This may lead to unpredictable results.
2026-05-05 10:37:47 | INF | ACTION_TRACE | Acc=admin | Path=/ | IP=::1 | Start=2026-05-05 10:37:40.669 | Elapsed=7214ms | Status=Completed
2026-05-05 10:37:47 | INF | NETWORK_UNSTABLE | Acc=admin | Path=/ | Reason=SlowRequest 7214ms
2026-05-05 10:37:48 | INF | ACTION_TRACE | Acc=admin | Path=/Captcha/Generate | IP=::1 | Start=2026-05-05 10:37:48.083 | Elapsed=39ms | Status=Completed
2026-05-05 10:37:48 | INF | ACTION_TRACE | Acc=admin | Path=/DNTCaptchaImage/Show | IP=::1 | Start=2026-05-05 10:37:48.155 | Elapsed=117ms | Status=Completed
2026-05-05 10:38:00 | INF | ACTION_TRACE | Acc=admin | Path=/Account/Login | IP=::1 | Start=2026-05-05 10:37:51.814 | Elapsed=8359ms | Status=Completed
2026-05-05 10:38:00 | INF | NETWORK_UNSTABLE | Acc=admin | Path=/Account/Login | Reason=SlowRequest 8359ms
2026-05-05 10:38:00 | INF | ACTION_TRACE | Acc=admin | Path=/Home/Index | IP=::1 | Start=2026-05-05 10:38:00.185 | Elapsed=284ms | Status=Completed
2026-05-05 10:38:12 | INF | ACTION_TRACE | Acc=admin | Path=/Home/GetMenu | IP=::1 | Start=2026-05-05 10:38:12.392 | Elapsed=41ms | Status=Completed
2026-05-05 10:38:16 | INF | CONTROLLER_EXEC | Acc= admin | IP=::1 | Path=ATT111001/ATT111001 | Message=GET /ATT111001/ATT111001
2026-05-05 10:38:16 | INF | ACTION_TRACE | Acc=admin | Path=/ATT111001/ATT111001 | IP=::1 | Start=2026-05-05 10:38:16.045 | Elapsed=74ms | Status=Completed
2026-05-05 10:38:16 | INF | CONTROLLER_EXEC | Acc= admin | IP=::1 | Path=ATT111001/GetList | Message=POST /ATT111001/GetList
2026-05-05 10:38:16 | INF | ACTION_TRACE | Acc=admin | Path=/ATT111001/GetList | IP=::1 | Start=2026-05-05 10:38:16.170 | Elapsed=100ms | Status=Completed
2026-05-05 10:38:19 | INF | ACTION_TRACE | Acc=admin | Path=/.well-known/appspecific/com.chrome.devtools.json | IP=::1 | Start=2026-05-05 10:38:19.982 | Elapsed=0ms | Status=Completed
2026-05-05 10:38:20 | INF | ACTION_TRACE | Acc=admin | Path=/lib/html-to-image/html-to-image.js.map | IP=::1 | Start=2026-05-05 10:38:20.030 | Elapsed=0ms | Status=Completed
2026-05-05 10:38:56 | WRN | No store type was specified for the decimal property 'OveMoney' on entity type 'HROvertime'. This will cause values to be silently truncated if they do not fit in the default precision and scale. Explicitly specify the SQL server column type that can accommodate all the values in 'OnModelCreating' using 'HasColumnType', specify precision and scale using 'HasPrecision', or configure a value converter using 'HasConversion'.
2026-05-05 10:38:56 | WRN | No store type was specified for the decimal property 'Wag1D1Hour' on entity type 'HRWage'. This will cause values to be silently truncated if they do not fit in the default precision and scale. Explicitly specify the SQL server column type that can accommodate all the values in 'OnModelCreating' using 'HasColumnType', specify precision and scale using 'HasPrecision', or configure a value converter using 'HasConversion'.
2026-05-05 10:38:56 | WRN | No store type was specified for the decimal property 'Wag2D1Hour' on entity type 'HRWage'. This will cause values to be silently truncated if they do not fit in the default precision and scale. Explicitly specify the SQL server column type that can accommodate all the values in 'OnModelCreating' using 'HasColumnType', specify precision and scale using 'HasPrecision', or configure a value converter using 'HasConversion'.
2026-05-05 10:38:56 | WRN | No store type was specified for the decimal property 'Wag4D3Hour' on entity type 'HRWage'. This will cause values to be silently truncated if they do not fit in the default precision and scale. Explicitly specify the SQL server column type that can accommodate all the values in 'OnModelCreating' using 'HasColumnType', specify precision and scale using 'HasPrecision', or configure a value converter using 'HasConversion'.
2026-05-05 10:38:56 | WRN | No store type was specified for the decimal property 'Wag5D3Hour' on entity type 'HRWage'. This will cause values to be silently truncated if they do not fit in the default precision and scale. Explicitly specify the SQL server column type that can accommodate all the values in 'OnModelCreating' using 'HasColumnType', specify precision and scale using 'HasPrecision', or configure a value converter using 'HasConversion'.
2026-05-05 10:38:56 | WRN | No store type was specified for the decimal property 'Wag8D3Hour' on entity type 'HRWage'. This will cause values to be silently truncated if they do not fit in the default precision and scale. Explicitly specify the SQL server column type that can accommodate all the values in 'OnModelCreating' using 'HasColumnType', specify precision and scale using 'HasPrecision', or configure a value converter using 'HasConversion'.
2026-05-05 10:38:56 | WRN | No store type was specified for the decimal property 'WagApplyHour' on entity type 'HRWage'. This will cause values to be silently truncated if they do not fit in the default precision and scale. Explicitly specify the SQL server column type that can accommodate all the values in 'OnModelCreating' using 'HasColumnType', specify precision and scale using 'HasPrecision', or configure a value converter using 'HasConversion'.
2026-05-05 10:38:56 | WRN | No store type was specified for the decimal property 'WagIssueHour' on entity type 'HRWage'. This will cause values to be silently truncated if they do not fit in the default precision and scale. Explicitly specify the SQL server column type that can accommodate all the values in 'OnModelCreating' using 'HasColumnType', specify precision and scale using 'HasPrecision', or configure a value converter using 'HasConversion'.
2026-05-05 10:38:56 | WRN | No store type was specified for the decimal property 'WagSubtotal' on entity type 'HRWage'. This will cause values to be silently truncated if they do not fit in the default precision and scale. Explicitly specify the SQL server column type that can accommodate all the values in 'OnModelCreating' using 'HasColumnType', specify precision and scale using 'HasPrecision', or configure a value converter using 'HasConversion'.
2026-05-05 10:39:01 | WRN | The query uses the 'First'/'FirstOrDefault' operator without 'OrderBy' and filter operators. This may lead to unpredictable results.
2026-05-05 10:39:02 | INF | ACTION_TRACE | Acc=admin | Path=/ | IP=::1 | Start=2026-05-05 10:38:55.176 | Elapsed=7121ms | Status=Completed
2026-05-05 10:39:02 | INF | NETWORK_UNSTABLE | Acc=admin | Path=/ | Reason=SlowRequest 7121ms
2026-05-05 10:39:02 | INF | ACTION_TRACE | Acc=admin | Path=/Captcha/Generate | IP=::1 | Start=2026-05-05 10:39:02.551 | Elapsed=40ms | Status=Completed
2026-05-05 10:39:02 | INF | ACTION_TRACE | Acc=admin | Path=/DNTCaptchaImage/Show | IP=::1 | Start=2026-05-05 10:39:02.604 | Elapsed=98ms | Status=Completed
2026-05-05 10:39:17 | INF | ACTION_TRACE | Acc=admin | Path=/Account/Login | IP=::1 | Start=2026-05-05 10:39:07.702 | Elapsed=9863ms | Status=Completed
2026-05-05 10:39:17 | INF | NETWORK_UNSTABLE | Acc=admin | Path=/Account/Login | Reason=SlowRequest 9863ms
2026-05-05 10:39:17 | INF | ACTION_TRACE | Acc=admin | Path=/Home/Index | IP=::1 | Start=2026-05-05 10:39:17.578 | Elapsed=267ms | Status=Completed
2026-05-05 10:39:28 | INF | ACTION_TRACE | Acc=admin | Path=/Home/GetMenu | IP=::1 | Start=2026-05-05 10:39:28.560 | Elapsed=47ms | Status=Completed
2026-05-05 10:39:30 | INF | CONTROLLER_EXEC | Acc= admin | IP=::1 | Path=ATT111001/ATT111001 | Message=GET /ATT111001/ATT111001
2026-05-05 10:39:30 | INF | ACTION_TRACE | Acc=admin | Path=/ATT111001/ATT111001 | IP=::1 | Start=2026-05-05 10:39:29.959 | Elapsed=91ms | Status=Completed
2026-05-05 10:39:30 | INF | CONTROLLER_EXEC | Acc= admin | IP=::1 | Path=ATT111001/GetList | Message=POST /ATT111001/GetList
2026-05-05 10:39:30 | INF | ACTION_TRACE | Acc=admin | Path=/ATT111001/GetList | IP=::1 | Start=2026-05-05 10:39:30.092 | Elapsed=139ms | Status=Completed
2026-05-05 10:41:09 | INF | ACTION_TRACE | Acc=admin | Path=/Home/Index | IP=::1 | Start=2026-05-05 10:41:09.830 | Elapsed=57ms | Status=Completed
2026-05-05 10:41:12 | INF | ACTION_TRACE | Acc=admin | Path=/Home/Index | IP=::1 | Start=2026-05-05 10:41:12.348 | Elapsed=38ms | Status=Completed
2026-05-05 10:41:36 | INF | ACTION_TRACE | Acc=admin | Path=/Home/Index | IP=::1 | Start=2026-05-05 10:41:36.552 | Elapsed=48ms | Status=Completed
2026-05-05 10:42:05 | INF | ACTION_TRACE | Acc=admin | Path=/Home/Index | IP=::1 | Start=2026-05-05 10:42:03.802 | Elapsed=1399ms | Status=Completed
2026-05-05 10:42:09 | INF | ACTION_TRACE | Acc=admin | Path=/Home/GetMenu | IP=::1 | Start=2026-05-05 10:42:09.695 | Elapsed=43ms | Status=Completed
2026-05-05 10:42:11 | INF | CONTROLLER_EXEC | Acc= admin | IP=::1 | Path=ATT111001/ATT111001 | Message=GET /ATT111001/ATT111001
2026-05-05 10:42:11 | INF | ACTION_TRACE | Acc=admin | Path=/ATT111001/ATT111001 | IP=::1 | Start=2026-05-05 10:42:11.693 | Elapsed=37ms | Status=Completed
2026-05-05 10:42:14 | INF | ACTION_TRACE | Acc=admin | Path=/.well-known/appspecific/com.chrome.devtools.json | IP=::1 | Start=2026-05-05 10:42:14.848 | Elapsed=0ms | Status=Completed
2026-05-05 10:42:14 | INF | ACTION_TRACE | Acc=admin | Path=/lib/html-to-image/html-to-image.js.map | IP=::1 | Start=2026-05-05 10:42:14.945 | Elapsed=0ms | Status=Completed
2026-05-05 10:47:28 | INF | ACTION_TRACE | Acc=admin | Path=/Home/Index | IP=::1 | Start=2026-05-05 10:47:23.612 | Elapsed=4554ms | Status=Completed
2026-05-05 10:47:28 | INF | NETWORK_UNSTABLE | Acc=admin | Path=/Home/Index | Reason=SlowRequest 4554ms
2026-05-05 10:47:32 | INF | ACTION_TRACE | Acc=admin | Path=/Home/Index | IP=::1 | Start=2026-05-05 10:47:25.755 | Elapsed=7061ms | Status=Completed
2026-05-05 10:47:32 | INF | NETWORK_UNSTABLE | Acc=admin | Path=/Home/Index | Reason=SlowRequest 7061ms
2026-05-05 10:47:35 | INF | ACTION_TRACE | Acc=admin | Path=/Home/GetMenu | IP=::1 | Start=2026-05-05 10:47:35.032 | Elapsed=59ms | Status=Completed
2026-05-05 10:47:37 | INF | CONTROLLER_EXEC | Acc= admin | IP=::1 | Path=ATT111001/ATT111001 | Message=GET /ATT111001/ATT111001
2026-05-05 10:47:37 | INF | ACTION_TRACE | Acc=admin | Path=/ATT111001/ATT111001 | IP=::1 | Start=2026-05-05 10:47:37.012 | Elapsed=5ms | Status=Completed
2026-05-05 10:47:39 | INF | ACTION_TRACE | Acc=admin | Path=/.well-known/appspecific/com.chrome.devtools.json | IP=::1 | Start=2026-05-05 10:47:39.719 | Elapsed=0ms | Status=Completed
2026-05-05 10:47:39 | INF | ACTION_TRACE | Acc=admin | Path=/lib/html-to-image/html-to-image.js.map | IP=::1 | Start=2026-05-05 10:47:39.803 | Elapsed=0ms | Status=Completed
2026-05-05 10:49:11 | INF | ACTION_TRACE | Acc=admin | Path=/Home/Index | IP=::1 | Start=2026-05-05 10:49:11.917 | Elapsed=49ms | Status=Completed
2026-05-05 10:52:40 | INF | ACTION_TRACE | Acc=admin | Path=/Home/Index | IP=::1 | Start=2026-05-05 10:52:40.240 | Elapsed=84ms | Status=Completed
2026-05-05 10:52:42 | INF | ACTION_TRACE | Acc=admin | Path=/Home/GetMenu | IP=::1 | Start=2026-05-05 10:52:42.046 | Elapsed=38ms | Status=Completed
2026-05-05 10:52:44 | INF | CONTROLLER_EXEC | Acc= admin | IP=::1 | Path=ATT111001/ATT111001 | Message=GET /ATT111001/ATT111001
2026-05-05 10:52:44 | INF | ACTION_TRACE | Acc=admin | Path=/ATT111001/ATT111001 | IP=::1 | Start=2026-05-05 10:52:44.215 | Elapsed=5ms | Status=Completed
2026-05-05 10:52:44 | INF | CONTROLLER_EXEC | Acc= admin | IP=::1 | Path=ATT111001/GetList | Message=POST /ATT111001/GetList
2026-05-05 10:52:44 | INF | ACTION_TRACE | Acc=admin | Path=/ATT111001/GetList | IP=::1 | Start=2026-05-05 10:52:44.256 | Elapsed=19ms | Status=Completed
2026-05-05 11:26:46 | WRN | No store type was specified for the decimal property 'OveMoney' on entity type 'HROvertime'. This will cause values to be silently truncated if they do not fit in the default precision and scale. Explicitly specify the SQL server column type that can accommodate all the values in 'OnModelCreating' using 'HasColumnType', specify precision and scale using 'HasPrecision', or configure a value converter using 'HasConversion'.
2026-05-05 11:26:46 | WRN | No store type was specified for the decimal property 'Wag1D1Hour' on entity type 'HRWage'. This will cause values to be silently truncated if they do not fit in the default precision and scale. Explicitly specify the SQL server column type that can accommodate all the values in 'OnModelCreating' using 'HasColumnType', specify precision and scale using 'HasPrecision', or configure a value converter using 'HasConversion'.
2026-05-05 11:26:46 | WRN | No store type was specified for the decimal property 'Wag2D1Hour' on entity type 'HRWage'. This will cause values to be silently truncated if they do not fit in the default precision and scale. Explicitly specify the SQL server column type that can accommodate all the values in 'OnModelCreating' using 'HasColumnType', specify precision and scale using 'HasPrecision', or configure a value converter using 'HasConversion'.
2026-05-05 11:26:46 | WRN | No store type was specified for the decimal property 'Wag4D3Hour' on entity type 'HRWage'. This will cause values to be silently truncated if they do not fit in the default precision and scale. Explicitly specify the SQL server column type that can accommodate all the values in 'OnModelCreating' using 'HasColumnType', specify precision and scale using 'HasPrecision', or configure a value converter using 'HasConversion'.
2026-05-05 11:26:46 | WRN | No store type was specified for the decimal property 'Wag5D3Hour' on entity type 'HRWage'. This will cause values to be silently truncated if they do not fit in the default precision and scale. Explicitly specify the SQL server column type that can accommodate all the values in 'OnModelCreating' using 'HasColumnType', specify precision and scale using 'HasPrecision', or configure a value converter using 'HasConversion'.
2026-05-05 11:26:46 | WRN | No store type was specified for the decimal property 'Wag8D3Hour' on entity type 'HRWage'. This will cause values to be silently truncated if they do not fit in the default precision and scale. Explicitly specify the SQL server column type that can accommodate all the values in 'OnModelCreating' using 'HasColumnType', specify precision and scale using 'HasPrecision', or configure a value converter using 'HasConversion'.
2026-05-05 11:26:46 | WRN | No store type was specified for the decimal property 'WagApplyHour' on entity type 'HRWage'. This will cause values to be silently truncated if they do not fit in the default precision and scale. Explicitly specify the SQL server column type that can accommodate all the values in 'OnModelCreating' using 'HasColumnType', specify precision and scale using 'HasPrecision', or configure a value converter using 'HasConversion'.
2026-05-05 11:26:46 | WRN | No store type was specified for the decimal property 'WagIssueHour' on entity type 'HRWage'. This will cause values to be silently truncated if they do not fit in the default precision and scale. Explicitly specify the SQL server column type that can accommodate all the values in 'OnModelCreating' using 'HasColumnType', specify precision and scale using 'HasPrecision', or configure a value converter using 'HasConversion'.
2026-05-05 11:26:46 | WRN | No store type was specified for the decimal property 'WagSubtotal' on entity type 'HRWage'. This will cause values to be silently truncated if they do not fit in the default precision and scale. Explicitly specify the SQL server column type that can accommodate all the values in 'OnModelCreating' using 'HasColumnType', specify precision and scale using 'HasPrecision', or configure a value converter using 'HasConversion'.
2026-05-05 11:26:51 | WRN | The query uses the 'First'/'FirstOrDefault' operator without 'OrderBy' and filter operators. This may lead to unpredictable results.
2026-05-05 11:26:52 | INF | ACTION_TRACE | Acc=admin | Path=/ | IP=::1 | Start=2026-05-05 11:26:45.638 | Elapsed=6899ms | Status=Completed
2026-05-05 11:26:52 | INF | NETWORK_UNSTABLE | Acc=admin | Path=/ | Reason=SlowRequest 6899ms
2026-05-05 11:26:52 | INF | ACTION_TRACE | Acc=admin | Path=/Captcha/Generate | IP=::1 | Start=2026-05-05 11:26:52.726 | Elapsed=31ms | Status=Completed
2026-05-05 11:26:52 | INF | ACTION_TRACE | Acc=admin | Path=/DNTCaptchaImage/Show | IP=::1 | Start=2026-05-05 11:26:52.796 | Elapsed=115ms | Status=Completed
2026-05-05 11:27:06 | INF | ACTION_TRACE | Acc=admin | Path=/Account/Login | IP=::1 | Start=2026-05-05 11:26:58.348 | Elapsed=7891ms | Status=Completed
2026-05-05 11:27:06 | INF | NETWORK_UNSTABLE | Acc=admin | Path=/Account/Login | Reason=SlowRequest 7891ms
2026-05-05 11:27:06 | INF | ACTION_TRACE | Acc=admin | Path=/Home/Index | IP=::1 | Start=2026-05-05 11:27:06.252 | Elapsed=334ms | Status=Completed
2026-05-05 11:27:09 | INF | ACTION_TRACE | Acc=admin | Path=/Home/GetMenu | IP=::1 | Start=2026-05-05 11:27:09.767 | Elapsed=45ms | Status=Completed
2026-05-05 11:27:12 | INF | CONTROLLER_EXEC | Acc= admin | IP=::1 | Path=ATT111001/ATT111001 | Message=GET /ATT111001/ATT111001
2026-05-05 11:27:12 | INF | ACTION_TRACE | Acc=admin | Path=/ATT111001/ATT111001 | IP=::1 | Start=2026-05-05 11:27:12.459 | Elapsed=66ms | Status=Completed
2026-05-05 11:27:16 | INF | ACTION_TRACE | Acc=admin | Path=/.well-known/appspecific/com.chrome.devtools.json | IP=::1 | Start=2026-05-05 11:27:16.126 | Elapsed=0ms | Status=Completed
2026-05-05 11:27:16 | INF | ACTION_TRACE | Acc=admin | Path=/lib/html-to-image/html-to-image.js.map | IP=::1 | Start=2026-05-05 11:27:16.193 | Elapsed=0ms | Status=Completed
2026-05-05 11:29:49 | WRN | No store type was specified for the decimal property 'OveMoney' on entity type 'HROvertime'. This will cause values to be silently truncated if they do not fit in the default precision and scale. Explicitly specify the SQL server column type that can accommodate all the values in 'OnModelCreating' using 'HasColumnType', specify precision and scale using 'HasPrecision', or configure a value converter using 'HasConversion'.
2026-05-05 11:29:49 | WRN | No store type was specified for the decimal property 'Wag1D1Hour' on entity type 'HRWage'. This will cause values to be silently truncated if they do not fit in the default precision and scale. Explicitly specify the SQL server column type that can accommodate all the values in 'OnModelCreating' using 'HasColumnType', specify precision and scale using 'HasPrecision', or configure a value converter using 'HasConversion'.
2026-05-05 11:29:49 | WRN | No store type was specified for the decimal property 'Wag2D1Hour' on entity type 'HRWage'. This will cause values to be silently truncated if they do not fit in the default precision and scale. Explicitly specify the SQL server column type that can accommodate all the values in 'OnModelCreating' using 'HasColumnType', specify precision and scale using 'HasPrecision', or configure a value converter using 'HasConversion'.
2026-05-05 11:29:49 | WRN | No store type was specified for the decimal property 'Wag4D3Hour' on entity type 'HRWage'. This will cause values to be silently truncated if they do not fit in the default precision and scale. Explicitly specify the SQL server column type that can accommodate all the values in 'OnModelCreating' using 'HasColumnType', specify precision and scale using 'HasPrecision', or configure a value converter using 'HasConversion'.
2026-05-05 11:29:49 | WRN | No store type was specified for the decimal property 'Wag5D3Hour' on entity type 'HRWage'. This will cause values to be silently truncated if they do not fit in the default precision and scale. Explicitly specify the SQL server column type that can accommodate all the values in 'OnModelCreating' using 'HasColumnType', specify precision and scale using 'HasPrecision', or configure a value converter using 'HasConversion'.
2026-05-05 11:29:49 | WRN | No store type was specified for the decimal property 'Wag8D3Hour' on entity type 'HRWage'. This will cause values to be silently truncated if they do not fit in the default precision and scale. Explicitly specify the SQL server column type that can accommodate all the values in 'OnModelCreating' using 'HasColumnType', specify precision and scale using 'HasPrecision', or configure a value converter using 'HasConversion'.
2026-05-05 11:29:49 | WRN | No store type was specified for the decimal property 'WagApplyHour' on entity type 'HRWage'. This will cause values to be silently truncated if they do not fit in the default precision and scale. Explicitly specify the SQL server column type that can accommodate all the values in 'OnModelCreating' using 'HasColumnType', specify precision and scale using 'HasPrecision', or configure a value converter using 'HasConversion'.
2026-05-05 11:29:49 | WRN | No store type was specified for the decimal property 'WagIssueHour' on entity type 'HRWage'. This will cause values to be silently truncated if they do not fit in the default precision and scale. Explicitly specify the SQL server column type that can accommodate all the values in 'OnModelCreating' using 'HasColumnType', specify precision and scale using 'HasPrecision', or configure a value converter using 'HasConversion'.
2026-05-05 11:29:49 | WRN | No store type was specified for the decimal property 'WagSubtotal' on entity type 'HRWage'. This will cause values to be silently truncated if they do not fit in the default precision and scale. Explicitly specify the SQL server column type that can accommodate all the values in 'OnModelCreating' using 'HasColumnType', specify precision and scale using 'HasPrecision', or configure a value converter using 'HasConversion'.
2026-05-05 11:29:54 | WRN | The query uses the 'First'/'FirstOrDefault' operator without 'OrderBy' and filter operators. This may lead to unpredictable results.
2026-05-05 11:29:55 | INF | ACTION_TRACE | Acc=admin | Path=/ | IP=::1 | Start=2026-05-05 11:29:48.955 | Elapsed=6962ms | Status=Completed
2026-05-05 11:29:55 | INF | NETWORK_UNSTABLE | Acc=admin | Path=/ | Reason=SlowRequest 6962ms
2026-05-05 11:29:56 | INF | ACTION_TRACE | Acc=admin | Path=/Captcha/Generate | IP=::1 | Start=2026-05-05 11:29:56.175 | Elapsed=35ms | Status=Completed
2026-05-05 11:29:56 | INF | ACTION_TRACE | Acc=admin | Path=/DNTCaptchaImage/Show | IP=::1 | Start=2026-05-05 11:29:56.352 | Elapsed=113ms | Status=Completed
2026-05-05 11:30:21 | INF | ACTION_TRACE | Acc=admin | Path=/Account/Login | IP=::1 | Start=2026-05-05 11:30:14.605 | Elapsed=6597ms | Status=Completed
2026-05-05 11:30:21 | INF | NETWORK_UNSTABLE | Acc=admin | Path=/Account/Login | Reason=SlowRequest 6597ms
2026-05-05 11:30:21 | INF | ACTION_TRACE | Acc=admin | Path=/Home/Index | IP=::1 | Start=2026-05-05 11:30:21.217 | Elapsed=210ms | Status=Completed
2026-05-05 11:35:15 | INF | ACTION_TRACE | Acc=admin | Path=/Home/GetMenu | IP=::1 | Start=2026-05-05 11:35:15.639 | Elapsed=158ms | Status=Completed
2026-05-05 11:35:17 | INF | CONTROLLER_EXEC | Acc= admin | IP=::1 | Path=ATT111001/ATT111001 | Message=GET /ATT111001/ATT111001
2026-05-05 11:35:17 | INF | ACTION_TRACE | Acc=admin | Path=/ATT111001/ATT111001 | IP=::1 | Start=2026-05-05 11:35:17.575 | Elapsed=69ms | Status=Completed
2026-05-05 11:35:17 | INF | CONTROLLER_EXEC | Acc= admin | IP=::1 | Path=ATT111001/GetList | Message=POST /ATT111001/GetList
2026-05-05 11:35:17 | INF | ACTION_TRACE | Acc=admin | Path=/ATT111001/GetList | IP=::1 | Start=2026-05-05 11:35:17.691 | Elapsed=90ms | Status=Completed
2026-05-05 11:39:26 | INF | ACTION_TRACE | Acc=admin | Path=/Home/Index | IP=::1 | Start=2026-05-05 11:39:26.247 | Elapsed=65ms | Status=Completed
2026-05-05 11:39:29 | INF | ACTION_TRACE | Acc=admin | Path=/Home/Index | IP=::1 | Start=2026-05-05 11:39:29.634 | Elapsed=22ms | Status=Completed
2026-05-05 11:39:32 | INF | ACTION_TRACE | Acc=admin | Path=/Home/GetMenu | IP=::1 | Start=2026-05-05 11:39:32.555 | Elapsed=10ms | Status=Completed
2026-05-05 11:39:34 | INF | CONTROLLER_EXEC | Acc= admin | IP=::1 | Path=ATT111001/ATT111001 | Message=GET /ATT111001/ATT111001
2026-05-05 11:39:34 | INF | ACTION_TRACE | Acc=admin | Path=/ATT111001/ATT111001 | IP=::1 | Start=2026-05-05 11:39:34.458 | Elapsed=33ms | Status=Completed
2026-05-05 11:39:34 | INF | CONTROLLER_EXEC | Acc= admin | IP=::1 | Path=ATT111001/GetList | Message=POST /ATT111001/GetList
2026-05-05 11:39:34 | INF | ACTION_TRACE | Acc=admin | Path=/ATT111001/GetList | IP=::1 | Start=2026-05-05 11:39:34.521 | Elapsed=19ms | Status=Completed
2026-05-05 11:39:37 | INF | ACTION_TRACE | Acc=admin | Path=/.well-known/appspecific/com.chrome.devtools.json | IP=::1 | Start=2026-05-05 11:39:37.139 | Elapsed=0ms | Status=Completed
2026-05-05 11:39:37 | INF | ACTION_TRACE | Acc=admin | Path=/lib/html-to-image/html-to-image.js.map | IP=::1 | Start=2026-05-05 11:39:37.269 | Elapsed=0ms | Status=Completed
2026-05-05 11:39:38 | INF | ACTION_TRACE | Acc=admin | Path=/Home/Index | IP=::1 | Start=2026-05-05 11:39:38.096 | Elapsed=19ms | Status=Completed
2026-05-05 11:39:38 | INF | ACTION_TRACE | Acc=admin | Path=/.well-known/appspecific/com.chrome.devtools.json | IP=::1 | Start=2026-05-05 11:39:38.206 | Elapsed=0ms | Status=Completed
2026-05-05 11:39:38 | INF | ACTION_TRACE | Acc=admin | Path=/lib/html-to-image/html-to-image.js.map | IP=::1 | Start=2026-05-05 11:39:38.348 | Elapsed=0ms | Status=Completed
2026-05-05 11:39:40 | INF | ACTION_TRACE | Acc=admin | Path=/Home/GetMenu | IP=::1 | Start=2026-05-05 11:39:40.220 | Elapsed=7ms | Status=Completed
2026-05-05 11:39:43 | INF | CONTROLLER_EXEC | Acc= admin | IP=::1 | Path=ATT111001/ATT111001 | Message=GET /ATT111001/ATT111001
2026-05-05 11:39:43 | INF | ACTION_TRACE | Acc=admin | Path=/ATT111001/ATT111001 | IP=::1 | Start=2026-05-05 11:39:43.265 | Elapsed=8ms | Status=Completed
2026-05-05 11:39:43 | INF | CONTROLLER_EXEC | Acc= admin | IP=::1 | Path=ATT111001/GetList | Message=POST /ATT111001/GetList
2026-05-05 11:39:43 | INF | ACTION_TRACE | Acc=admin | Path=/ATT111001/GetList | IP=::1 | Start=2026-05-05 11:39:43.329 | Elapsed=21ms | Status=Completed
2026-05-05 11:40:20 | INF | ACTION_TRACE | Acc=admin | Path=/Home/Index | IP=::1 | Start=2026-05-05 11:40:20.620 | Elapsed=18ms | Status=Completed
2026-05-05 11:40:24 | INF | ACTION_TRACE | Acc=admin | Path=/Home/GetMenu | IP=::1 | Start=2026-05-05 11:40:24.616 | Elapsed=11ms | Status=Completed
2026-05-05 11:40:26 | INF | CONTROLLER_EXEC | Acc= admin | IP=::1 | Path=ATT111001/ATT111001 | Message=GET /ATT111001/ATT111001
2026-05-05 11:40:26 | INF | ACTION_TRACE | Acc=admin | Path=/ATT111001/ATT111001 | IP=::1 | Start=2026-05-05 11:40:26.085 | Elapsed=4ms | Status=Completed
2026-05-05 11:40:26 | INF | CONTROLLER_EXEC | Acc= admin | IP=::1 | Path=ATT111001/GetList | Message=POST /ATT111001/GetList
2026-05-05 11:40:26 | INF | ACTION_TRACE | Acc=admin | Path=/ATT111001/GetList | IP=::1 | Start=2026-05-05 11:40:26.122 | Elapsed=5ms | Status=Completed
2026-05-05 11:40:27 | INF | ACTION_TRACE | Acc=admin | Path=/.well-known/appspecific/com.chrome.devtools.json | IP=::1 | Start=2026-05-05 11:40:27.671 | Elapsed=0ms | Status=Completed
2026-05-05 11:40:27 | INF | ACTION_TRACE | Acc=admin | Path=/lib/html-to-image/html-to-image.js.map | IP=::1 | Start=2026-05-05 11:40:27.735 | Elapsed=0ms | Status=Completed
2026-05-05 11:42:31 | INF | ACTION_TRACE | Acc=admin | Path=/Home/Index | IP=::1 | Start=2026-05-05 11:42:31.251 | Elapsed=20ms | Status=Completed
2026-05-05 11:42:31 | INF | ACTION_TRACE | Acc=admin | Path=/.well-known/appspecific/com.chrome.devtools.json | IP=::1 | Start=2026-05-05 11:42:31.335 | Elapsed=0ms | Status=Completed
2026-05-05 11:42:31 | INF | ACTION_TRACE | Acc=admin | Path=/lib/html-to-image/html-to-image.js.map | IP=::1 | Start=2026-05-05 11:42:31.550 | Elapsed=0ms | Status=Completed
2026-05-05 11:43:07 | INF | ACTION_TRACE | Acc=admin | Path=/Home/Index | IP=::1 | Start=2026-05-05 11:43:07.907 | Elapsed=38ms | Status=Completed
2026-05-05 11:43:08 | INF | ACTION_TRACE | Acc=admin | Path=/.well-known/appspecific/com.chrome.devtools.json | IP=::1 | Start=2026-05-05 11:43:08.006 | Elapsed=0ms | Status=Completed
2026-05-05 11:43:08 | INF | ACTION_TRACE | Acc=admin | Path=/lib/html-to-image/html-to-image.js.map | IP=::1 | Start=2026-05-05 11:43:08.175 | Elapsed=0ms | Status=Completed
2026-05-05 11:43:30 | WRN | No store type was specified for the decimal property 'OveMoney' on entity type 'HROvertime'. This will cause values to be silently truncated if they do not fit in the default precision and scale. Explicitly specify the SQL server column type that can accommodate all the values in 'OnModelCreating' using 'HasColumnType', specify precision and scale using 'HasPrecision', or configure a value converter using 'HasConversion'.
2026-05-05 11:43:30 | WRN | No store type was specified for the decimal property 'Wag1D1Hour' on entity type 'HRWage'. This will cause values to be silently truncated if they do not fit in the default precision and scale. Explicitly specify the SQL server column type that can accommodate all the values in 'OnModelCreating' using 'HasColumnType', specify precision and scale using 'HasPrecision', or configure a value converter using 'HasConversion'.
2026-05-05 11:43:30 | WRN | No store type was specified for the decimal property 'Wag2D1Hour' on entity type 'HRWage'. This will cause values to be silently truncated if they do not fit in the default precision and scale. Explicitly specify the SQL server column type that can accommodate all the values in 'OnModelCreating' using 'HasColumnType', specify precision and scale using 'HasPrecision', or configure a value converter using 'HasConversion'.
2026-05-05 11:43:30 | WRN | No store type was specified for the decimal property 'Wag4D3Hour' on entity type 'HRWage'. This will cause values to be silently truncated if they do not fit in the default precision and scale. Explicitly specify the SQL server column type that can accommodate all the values in 'OnModelCreating' using 'HasColumnType', specify precision and scale using 'HasPrecision', or configure a value converter using 'HasConversion'.
2026-05-05 11:43:30 | WRN | No store type was specified for the decimal property 'Wag5D3Hour' on entity type 'HRWage'. This will cause values to be silently truncated if they do not fit in the default precision and scale. Explicitly specify the SQL server column type that can accommodate all the values in 'OnModelCreating' using 'HasColumnType', specify precision and scale using 'HasPrecision', or configure a value converter using 'HasConversion'.
2026-05-05 11:43:30 | WRN | No store type was specified for the decimal property 'Wag8D3Hour' on entity type 'HRWage'. This will cause values to be silently truncated if they do not fit in the default precision and scale. Explicitly specify the SQL server column type that can accommodate all the values in 'OnModelCreating' using 'HasColumnType', specify precision and scale using 'HasPrecision', or configure a value converter using 'HasConversion'.
2026-05-05 11:43:30 | WRN | No store type was specified for the decimal property 'WagApplyHour' on entity type 'HRWage'. This will cause values to be silently truncated if they do not fit in the default precision and scale. Explicitly specify the SQL server column type that can accommodate all the values in 'OnModelCreating' using 'HasColumnType', specify precision and scale using 'HasPrecision', or configure a value converter using 'HasConversion'.
2026-05-05 11:43:30 | WRN | No store type was specified for the decimal property 'WagIssueHour' on entity type 'HRWage'. This will cause values to be silently truncated if they do not fit in the default precision and scale. Explicitly specify the SQL server column type that can accommodate all the values in 'OnModelCreating' using 'HasColumnType', specify precision and scale using 'HasPrecision', or configure a value converter using 'HasConversion'.
2026-05-05 11:43:30 | WRN | No store type was specified for the decimal property 'WagSubtotal' on entity type 'HRWage'. This will cause values to be silently truncated if they do not fit in the default precision and scale. Explicitly specify the SQL server column type that can accommodate all the values in 'OnModelCreating' using 'HasColumnType', specify precision and scale using 'HasPrecision', or configure a value converter using 'HasConversion'.
2026-05-05 11:43:35 | WRN | The query uses the 'First'/'FirstOrDefault' operator without 'OrderBy' and filter operators. This may lead to unpredictable results.
2026-05-05 11:43:36 | INF | ACTION_TRACE | Acc=admin | Path=/ | IP=::1 | Start=2026-05-05 11:43:29.660 | Elapsed=6829ms | Status=Completed
2026-05-05 11:43:36 | INF | NETWORK_UNSTABLE | Acc=admin | Path=/ | Reason=SlowRequest 6829ms
2026-05-05 11:43:36 | INF | ACTION_TRACE | Acc=admin | Path=/Captcha/Generate | IP=::1 | Start=2026-05-05 11:43:36.720 | Elapsed=43ms | Status=Completed
2026-05-05 11:43:36 | INF | ACTION_TRACE | Acc=admin | Path=/DNTCaptchaImage/Show | IP=::1 | Start=2026-05-05 11:43:36.781 | Elapsed=113ms | Status=Completed
2026-05-05 11:43:51 | INF | ACTION_TRACE | Acc=admin | Path=/Account/Login | IP=::1 | Start=2026-05-05 11:43:41.349 | Elapsed=10490ms | Status=Completed
2026-05-05 11:43:51 | INF | NETWORK_UNSTABLE | Acc=admin | Path=/Account/Login | Reason=SlowRequest 10490ms
2026-05-05 11:43:52 | INF | ACTION_TRACE | Acc=admin | Path=/Home/Index | IP=::1 | Start=2026-05-05 11:43:51.856 | Elapsed=250ms | Status=Completed
2026-05-05 11:43:53 | INF | ACTION_TRACE | Acc=admin | Path=/Home/GetMenu | IP=::1 | Start=2026-05-05 11:43:53.740 | Elapsed=57ms | Status=Completed
2026-05-05 11:44:04 | INF | CONTROLLER_EXEC | Acc= admin | IP=::1 | Path=ATT111001/ATT111001 | Message=GET /ATT111001/ATT111001
2026-05-05 11:44:04 | INF | ACTION_TRACE | Acc=admin | Path=/ATT111001/ATT111001 | IP=::1 | Start=2026-05-05 11:44:04.415 | Elapsed=137ms | Status=Completed
2026-05-05 11:44:04 | INF | CONTROLLER_EXEC | Acc= admin | IP=::1 | Path=ATT111001/GetList | Message=POST /ATT111001/GetList
2026-05-05 11:44:04 | INF | ACTION_TRACE | Acc=admin | Path=/ATT111001/GetList | IP=::1 | Start=2026-05-05 11:44:04.591 | Elapsed=84ms | Status=Completed
2026-05-05 11:44:08 | INF | ACTION_TRACE | Acc=admin | Path=/.well-known/appspecific/com.chrome.devtools.json | IP=::1 | Start=2026-05-05 11:44:08.944 | Elapsed=0ms | Status=Completed
2026-05-05 11:44:08 | INF | ACTION_TRACE | Acc=admin | Path=/lib/html-to-image/html-to-image.js.map | IP=::1 | Start=2026-05-05 11:44:08.995 | Elapsed=0ms | Status=Completed
2026-05-05 11:45:04 | INF | ACTION_TRACE | Acc=admin | Path=/Home/Index | IP=::1 | Start=2026-05-05 11:45:04.159 | Elapsed=24ms | Status=Completed
2026-05-05 11:45:05 | INF | ACTION_TRACE | Acc=admin | Path=/Home/GetMenu | IP=::1 | Start=2026-05-05 11:45:05.792 | Elapsed=49ms | Status=Completed
2026-05-05 11:45:07 | INF | CONTROLLER_EXEC | Acc= admin | IP=::1 | Path=ATT111001/ATT111001 | Message=GET /ATT111001/ATT111001
2026-05-05 11:45:07 | INF | ACTION_TRACE | Acc=admin | Path=/ATT111001/ATT111001 | IP=::1 | Start=2026-05-05 11:45:07.775 | Elapsed=5ms | Status=Completed
2026-05-05 11:45:07 | INF | CONTROLLER_EXEC | Acc= admin | IP=::1 | Path=ATT111001/GetList | Message=POST /ATT111001/GetList
2026-05-05 11:45:07 | INF | ACTION_TRACE | Acc=admin | Path=/ATT111001/GetList | IP=::1 | Start=2026-05-05 11:45:07.816 | Elapsed=7ms | Status=Completed
2026-05-05 11:45:37 | INF | ACTION_TRACE | Acc=admin | Path=/Home/Index | IP=::1 | Start=2026-05-05 11:45:37.490 | Elapsed=24ms | Status=Completed
2026-05-05 11:45:40 | INF | ACTION_TRACE | Acc=admin | Path=/Home/GetMenu | IP=::1 | Start=2026-05-05 11:45:40.754 | Elapsed=7ms | Status=Completed
2026-05-05 11:45:42 | INF | CONTROLLER_EXEC | Acc= admin | IP=::1 | Path=ATT111001/ATT111001 | Message=GET /ATT111001/ATT111001
2026-05-05 11:45:42 | INF | ACTION_TRACE | Acc=admin | Path=/ATT111001/ATT111001 | IP=::1 | Start=2026-05-05 11:45:42.598 | Elapsed=8ms | Status=Completed
2026-05-05 11:45:42 | INF | CONTROLLER_EXEC | Acc= admin | IP=::1 | Path=ATT111001/GetList | Message=POST /ATT111001/GetList
2026-05-05 11:45:42 | INF | ACTION_TRACE | Acc=admin | Path=/ATT111001/GetList | IP=::1 | Start=2026-05-05 11:45:42.634 | Elapsed=8ms | Status=Completed
2026-05-05 11:45:46 | INF | ACTION_TRACE | Acc=admin | Path=/Home/Index | IP=::1 | Start=2026-05-05 11:45:46.083 | Elapsed=15ms | Status=Completed
2026-05-05 11:45:47 | INF | ACTION_TRACE | Acc=admin | Path=/Home/GetMenu | IP=::1 | Start=2026-05-05 11:45:47.215 | Elapsed=8ms | Status=Completed
2026-05-05 11:45:49 | INF | CONTROLLER_EXEC | Acc= admin | IP=::1 | Path=ATT111001/ATT111001 | Message=GET /ATT111001/ATT111001
2026-05-05 11:45:49 | INF | ACTION_TRACE | Acc=admin | Path=/ATT111001/ATT111001 | IP=::1 | Start=2026-05-05 11:45:49.598 | Elapsed=4ms | Status=Completed
2026-05-05 11:45:49 | INF | CONTROLLER_EXEC | Acc= admin | IP=::1 | Path=ATT111001/GetList | Message=POST /ATT111001/GetList
2026-05-05 11:45:49 | INF | ACTION_TRACE | Acc=admin | Path=/ATT111001/GetList | IP=::1 | Start=2026-05-05 11:45:49.633 | Elapsed=7ms | Status=Completed
2026-05-05 11:47:42 | INF | ACTION_TRACE | Acc=admin | Path=/Home/Index | IP=::1 | Start=2026-05-05 11:47:42.943 | Elapsed=19ms | Status=Completed
2026-05-05 11:47:44 | INF | ACTION_TRACE | Acc=admin | Path=/Home/GetMenu | IP=::1 | Start=2026-05-05 11:47:44.390 | Elapsed=6ms | Status=Completed
2026-05-05 11:47:46 | INF | CONTROLLER_EXEC | Acc= admin | IP=::1 | Path=ATT111001/ATT111001 | Message=GET /ATT111001/ATT111001
2026-05-05 11:47:46 | INF | ACTION_TRACE | Acc=admin | Path=/ATT111001/ATT111001 | IP=::1 | Start=2026-05-05 11:47:46.248 | Elapsed=4ms | Status=Completed
2026-05-05 11:47:46 | INF | CONTROLLER_EXEC | Acc= admin | IP=::1 | Path=ATT111001/GetList | Message=POST /ATT111001/GetList
2026-05-05 11:47:46 | INF | ACTION_TRACE | Acc=admin | Path=/ATT111001/GetList | IP=::1 | Start=2026-05-05 11:47:46.279 | Elapsed=5ms | Status=Completed
2026-05-05 11:48:00 | INF | ACTION_TRACE | Acc=admin | Path=/Home/Index | IP=::1 | Start=2026-05-05 11:48:00.068 | Elapsed=13ms | Status=Completed
2026-05-05 11:48:01 | INF | ACTION_TRACE | Acc=admin | Path=/Home/GetMenu | IP=::1 | Start=2026-05-05 11:48:01.238 | Elapsed=21ms | Status=Completed
2026-05-05 11:48:03 | INF | CONTROLLER_EXEC | Acc= admin | IP=::1 | Path=ATT111001/ATT111001 | Message=GET /ATT111001/ATT111001
2026-05-05 11:48:03 | INF | ACTION_TRACE | Acc=admin | Path=/ATT111001/ATT111001 | IP=::1 | Start=2026-05-05 11:48:03.678 | Elapsed=5ms | Status=Completed
2026-05-05 11:48:03 | INF | CONTROLLER_EXEC | Acc= admin | IP=::1 | Path=ATT111001/GetList | Message=POST /ATT111001/GetList
2026-05-05 11:48:03 | INF | ACTION_TRACE | Acc=admin | Path=/ATT111001/GetList | IP=::1 | Start=2026-05-05 11:48:03.707 | Elapsed=5ms | Status=Completed
2026-05-05 11:55:08 | WRN | No store type was specified for the decimal property 'OveMoney' on entity type 'HROvertime'. This will cause values to be silently truncated if they do not fit in the default precision and scale. Explicitly specify the SQL server column type that can accommodate all the values in 'OnModelCreating' using 'HasColumnType', specify precision and scale using 'HasPrecision', or configure a value converter using 'HasConversion'.
2026-05-05 11:55:08 | WRN | No store type was specified for the decimal property 'Wag1D1Hour' on entity type 'HRWage'. This will cause values to be silently truncated if they do not fit in the default precision and scale. Explicitly specify the SQL server column type that can accommodate all the values in 'OnModelCreating' using 'HasColumnType', specify precision and scale using 'HasPrecision', or configure a value converter using 'HasConversion'.
2026-05-05 11:55:08 | WRN | No store type was specified for the decimal property 'Wag2D1Hour' on entity type 'HRWage'. This will cause values to be silently truncated if they do not fit in the default precision and scale. Explicitly specify the SQL server column type that can accommodate all the values in 'OnModelCreating' using 'HasColumnType', specify precision and scale using 'HasPrecision', or configure a value converter using 'HasConversion'.
2026-05-05 11:55:08 | WRN | No store type was specified for the decimal property 'Wag4D3Hour' on entity type 'HRWage'. This will cause values to be silently truncated if they do not fit in the default precision and scale. Explicitly specify the SQL server column type that can accommodate all the values in 'OnModelCreating' using 'HasColumnType', specify precision and scale using 'HasPrecision', or configure a value converter using 'HasConversion'.
2026-05-05 11:55:08 | WRN | No store type was specified for the decimal property 'Wag5D3Hour' on entity type 'HRWage'. This will cause values to be silently truncated if they do not fit in the default precision and scale. Explicitly specify the SQL server column type that can accommodate all the values in 'OnModelCreating' using 'HasColumnType', specify precision and scale using 'HasPrecision', or configure a value converter using 'HasConversion'.
2026-05-05 11:55:08 | WRN | No store type was specified for the decimal property 'Wag8D3Hour' on entity type 'HRWage'. This will cause values to be silently truncated if they do not fit in the default precision and scale. Explicitly specify the SQL server column type that can accommodate all the values in 'OnModelCreating' using 'HasColumnType', specify precision and scale using 'HasPrecision', or configure a value converter using 'HasConversion'.
2026-05-05 11:55:08 | WRN | No store type was specified for the decimal property 'WagApplyHour' on entity type 'HRWage'. This will cause values to be silently truncated if they do not fit in the default precision and scale. Explicitly specify the SQL server column type that can accommodate all the values in 'OnModelCreating' using 'HasColumnType', specify precision and scale using 'HasPrecision', or configure a value converter using 'HasConversion'.
2026-05-05 11:55:08 | WRN | No store type was specified for the decimal property 'WagIssueHour' on entity type 'HRWage'. This will cause values to be silently truncated if they do not fit in the default precision and scale. Explicitly specify the SQL server column type that can accommodate all the values in 'OnModelCreating' using 'HasColumnType', specify precision and scale using 'HasPrecision', or configure a value converter using 'HasConversion'.
2026-05-05 11:55:08 | WRN | No store type was specified for the decimal property 'WagSubtotal' on entity type 'HRWage'. This will cause values to be silently truncated if they do not fit in the default precision and scale. Explicitly specify the SQL server column type that can accommodate all the values in 'OnModelCreating' using 'HasColumnType', specify precision and scale using 'HasPrecision', or configure a value converter using 'HasConversion'.
2026-05-05 11:55:13 | WRN | The query uses the 'First'/'FirstOrDefault' operator without 'OrderBy' and filter operators. This may lead to unpredictable results.
2026-05-05 11:55:14 | INF | ACTION_TRACE | Acc=admin | Path=/ | IP=::1 | Start=2026-05-05 11:55:07.343 | Elapsed=7487ms | Status=Completed
2026-05-05 11:55:14 | INF | NETWORK_UNSTABLE | Acc=admin | Path=/ | Reason=SlowRequest 7487ms
2026-05-05 11:55:15 | INF | ACTION_TRACE | Acc=admin | Path=/Captcha/Generate | IP=::1 | Start=2026-05-05 11:55:15.047 | Elapsed=42ms | Status=Completed
2026-05-05 11:55:15 | INF | ACTION_TRACE | Acc=admin | Path=/DNTCaptchaImage/Show | IP=::1 | Start=2026-05-05 11:55:15.106 | Elapsed=132ms | Status=Completed
2026-05-05 11:55:36 | INF | ACTION_TRACE | Acc=admin | Path=/Account/Login | IP=::1 | Start=2026-05-05 11:55:28.748 | Elapsed=7481ms | Status=Completed
2026-05-05 11:55:36 | INF | NETWORK_UNSTABLE | Acc=admin | Path=/Account/Login | Reason=SlowRequest 7481ms
2026-05-05 11:55:36 | INF | ACTION_TRACE | Acc=admin | Path=/Home/Index | IP=::1 | Start=2026-05-05 11:55:36.247 | Elapsed=234ms | Status=Completed
2026-05-05 11:55:43 | INF | ACTION_TRACE | Acc=admin | Path=/Home/GetMenu | IP=::1 | Start=2026-05-05 11:55:43.171 | Elapsed=15ms | Status=Completed
2026-05-05 11:55:47 | INF | CONTROLLER_EXEC | Acc= admin | IP=::1 | Path=ATT111001/ATT111001 | Message=GET /ATT111001/ATT111001
2026-05-05 11:55:47 | INF | ACTION_TRACE | Acc=admin | Path=/ATT111001/ATT111001 | IP=::1 | Start=2026-05-05 11:55:47.841 | Elapsed=69ms | Status=Completed
2026-05-05 11:55:48 | INF | CONTROLLER_EXEC | Acc= admin | IP=::1 | Path=ATT111001/GetList | Message=POST /ATT111001/GetList
2026-05-05 11:55:48 | INF | ACTION_TRACE | Acc=admin | Path=/ATT111001/GetList | IP=::1 | Start=2026-05-05 11:55:47.955 | Elapsed=90ms | Status=Completed
