2026-05-07 08:10:28 | INF | ACTION_TRACE | Acc=admin | Path=/Home/Index | IP=::1 | Start=2026-05-07 08:10:28.636 | Elapsed=279ms | Status=Completed
2026-05-07 08:10:35 | INF | ACTION_TRACE | Acc=admin | Path=/Home/GetMenu | IP=::1 | Start=2026-05-07 08:10:35.667 | Elapsed=56ms | Status=Completed
2026-05-07 08:10:43 | INF | CONTROLLER_EXEC | Acc= admin | IP=::1 | Path=SYS202005/SYS202005 | Message=GET /SYS202005/SYS202005
2026-05-07 08:10:44 | INF | ACTION_TRACE | Acc=admin | Path=/SYS202005/SYS202005 | IP=::1 | Start=2026-05-07 08:10:43.940 | Elapsed=79ms | Status=Completed
2026-05-07 08:10:44 | INF | CONTROLLER_EXEC | Acc= admin | IP=::1 | Path=SYS202005/GetList | Message=POST /SYS202005/GetList
2026-05-07 08:10:44 | INF | ACTION_TRACE | Acc=admin | Path=/SYS202005/GetList | IP=::1 | Start=2026-05-07 08:10:44.053 | Elapsed=86ms | Status=Completed
2026-05-07 08:10:44 | INF | CONTROLLER_EXEC | Acc= admin | IP=::1 | Path=SYS202005/GetList | Message=POST /SYS202005/GetList
2026-05-07 08:10:44 | INF | ACTION_TRACE | Acc=admin | Path=/SYS202005/GetList | IP=::1 | Start=2026-05-07 08:10:44.167 | Elapsed=12ms | Status=Completed
2026-05-07 08:10:46 | WRN | The query uses the 'First'/'FirstOrDefault' operator without 'OrderBy' and filter operators. This may lead to unpredictable results.
2026-05-07 08:10:46 | INF | CONTROLLER_EXEC | Acc= admin | IP=::1 | Path=SYS202005/GetByNo | Message=GET /SYS202005/GetByNo
2026-05-07 08:10:46 | INF | ACTION_TRACE | Acc=admin | Path=/SYS202005/GetByNo | IP=::1 | Start=2026-05-07 08:10:46.490 | Elapsed=22ms | Status=Completed
2026-05-07 08:11:05 | INF | CONTROLLER_EXEC | Acc= admin | IP=::1 | Path=SYS202005/GetList | Message=POST /SYS202005/GetList
2026-05-07 08:11:05 | INF | ACTION_TRACE | Acc=admin | Path=/SYS202005/GetList | IP=::1 | Start=2026-05-07 08:11:05.075 | Elapsed=6ms | Status=Completed
2026-05-07 08:11:05 | INF | CONTROLLER_EXEC | Acc= admin | IP=::1 | Path=SYS202005/GetList | Message=POST /SYS202005/GetList
2026-05-07 08:11:05 | INF | ACTION_TRACE | Acc=admin | Path=/SYS202005/GetList | IP=::1 | Start=2026-05-07 08:11:05.122 | Elapsed=4ms | Status=Completed
2026-05-07 08:16:03 | INF | ACTION_TRACE | Acc=admin | Path=/Home/Index | IP=::1 | Start=2026-05-07 08:16:03.114 | Elapsed=69ms | Status=Completed
2026-05-07 08:17:20 | WRN | No store type was specified for the decimal property 'OveMoney' on entity type 'HROvertime'. This will cause values to be silently truncated if they do not fit in the default precision and scale. Explicitly specify the SQL server column type that can accommodate all the values in 'OnModelCreating' using 'HasColumnType', specify precision and scale using 'HasPrecision', or configure a value converter using 'HasConversion'.
2026-05-07 08:17:20 | WRN | No store type was specified for the decimal property 'Wag1D1Hour' on entity type 'HRWage'. This will cause values to be silently truncated if they do not fit in the default precision and scale. Explicitly specify the SQL server column type that can accommodate all the values in 'OnModelCreating' using 'HasColumnType', specify precision and scale using 'HasPrecision', or configure a value converter using 'HasConversion'.
2026-05-07 08:17:20 | WRN | No store type was specified for the decimal property 'Wag2D1Hour' on entity type 'HRWage'. This will cause values to be silently truncated if they do not fit in the default precision and scale. Explicitly specify the SQL server column type that can accommodate all the values in 'OnModelCreating' using 'HasColumnType', specify precision and scale using 'HasPrecision', or configure a value converter using 'HasConversion'.
2026-05-07 08:17:20 | WRN | No store type was specified for the decimal property 'Wag4D3Hour' on entity type 'HRWage'. This will cause values to be silently truncated if they do not fit in the default precision and scale. Explicitly specify the SQL server column type that can accommodate all the values in 'OnModelCreating' using 'HasColumnType', specify precision and scale using 'HasPrecision', or configure a value converter using 'HasConversion'.
2026-05-07 08:17:20 | WRN | No store type was specified for the decimal property 'Wag5D3Hour' on entity type 'HRWage'. This will cause values to be silently truncated if they do not fit in the default precision and scale. Explicitly specify the SQL server column type that can accommodate all the values in 'OnModelCreating' using 'HasColumnType', specify precision and scale using 'HasPrecision', or configure a value converter using 'HasConversion'.
2026-05-07 08:17:20 | WRN | No store type was specified for the decimal property 'Wag8D3Hour' on entity type 'HRWage'. This will cause values to be silently truncated if they do not fit in the default precision and scale. Explicitly specify the SQL server column type that can accommodate all the values in 'OnModelCreating' using 'HasColumnType', specify precision and scale using 'HasPrecision', or configure a value converter using 'HasConversion'.
2026-05-07 08:17:20 | WRN | No store type was specified for the decimal property 'WagApplyHour' on entity type 'HRWage'. This will cause values to be silently truncated if they do not fit in the default precision and scale. Explicitly specify the SQL server column type that can accommodate all the values in 'OnModelCreating' using 'HasColumnType', specify precision and scale using 'HasPrecision', or configure a value converter using 'HasConversion'.
2026-05-07 08:17:20 | WRN | No store type was specified for the decimal property 'WagIssueHour' on entity type 'HRWage'. This will cause values to be silently truncated if they do not fit in the default precision and scale. Explicitly specify the SQL server column type that can accommodate all the values in 'OnModelCreating' using 'HasColumnType', specify precision and scale using 'HasPrecision', or configure a value converter using 'HasConversion'.
2026-05-07 08:17:20 | WRN | No store type was specified for the decimal property 'WagSubtotal' on entity type 'HRWage'. This will cause values to be silently truncated if they do not fit in the default precision and scale. Explicitly specify the SQL server column type that can accommodate all the values in 'OnModelCreating' using 'HasColumnType', specify precision and scale using 'HasPrecision', or configure a value converter using 'HasConversion'.
2026-05-07 08:17:26 | WRN | The query uses the 'First'/'FirstOrDefault' operator without 'OrderBy' and filter operators. This may lead to unpredictable results.
2026-05-07 08:17:27 | INF | ACTION_TRACE | Acc=admin | Path=/ | IP=::1 | Start=2026-05-07 08:17:19.921 | Elapsed=7132ms | Status=Completed
2026-05-07 08:17:27 | INF | NETWORK_UNSTABLE | Acc=admin | Path=/ | Reason=SlowRequest 7132ms
2026-05-07 08:17:27 | INF | ACTION_TRACE | Acc=admin | Path=/Captcha/Generate | IP=::1 | Start=2026-05-07 08:17:27.258 | Elapsed=39ms | Status=Completed
2026-05-07 08:17:27 | INF | ACTION_TRACE | Acc=admin | Path=/DNTCaptchaImage/Show | IP=::1 | Start=2026-05-07 08:17:27.343 | Elapsed=120ms | Status=Completed
2026-05-07 08:17:44 | INF | ACTION_TRACE | Acc=admin | Path=/Account/Login | IP=::1 | Start=2026-05-07 08:17:35.337 | Elapsed=9402ms | Status=Completed
2026-05-07 08:17:44 | INF | NETWORK_UNSTABLE | Acc=admin | Path=/Account/Login | Reason=SlowRequest 9402ms
2026-05-07 08:17:45 | INF | ACTION_TRACE | Acc=admin | Path=/Home/Index | IP=::1 | Start=2026-05-07 08:17:44.756 | Elapsed=400ms | Status=Completed
2026-05-07 08:17:46 | INF | ACTION_TRACE | Acc=admin | Path=/Home/GetMenu | IP=::1 | Start=2026-05-07 08:17:46.771 | Elapsed=69ms | Status=Completed
2026-05-07 08:17:50 | INF | CONTROLLER_EXEC | Acc= admin | IP=::1 | Path=SYS202005/SYS202005 | Message=GET /SYS202005/SYS202005
2026-05-07 08:17:50 | INF | ACTION_TRACE | Acc=admin | Path=/SYS202005/SYS202005 | IP=::1 | Start=2026-05-07 08:17:50.284 | Elapsed=70ms | Status=Completed
2026-05-07 08:17:50 | INF | CONTROLLER_EXEC | Acc= admin | IP=::1 | Path=SYS202005/GetList | Message=POST /SYS202005/GetList
2026-05-07 08:17:50 | INF | ACTION_TRACE | Acc=admin | Path=/SYS202005/GetList | IP=::1 | Start=2026-05-07 08:17:50.387 | Elapsed=86ms | Status=Completed
2026-05-07 08:17:50 | INF | CONTROLLER_EXEC | Acc= admin | IP=::1 | Path=SYS202005/GetList | Message=POST /SYS202005/GetList
2026-05-07 08:17:50 | INF | ACTION_TRACE | Acc=admin | Path=/SYS202005/GetList | IP=::1 | Start=2026-05-07 08:17:50.504 | Elapsed=7ms | Status=Completed
2026-05-07 08:17:53 | WRN | The query uses the 'First'/'FirstOrDefault' operator without 'OrderBy' and filter operators. This may lead to unpredictable results.
2026-05-07 08:17:53 | INF | CONTROLLER_EXEC | Acc= admin | IP=::1 | Path=SYS202005/GetByNo | Message=GET /SYS202005/GetByNo
2026-05-07 08:17:53 | INF | ACTION_TRACE | Acc=admin | Path=/SYS202005/GetByNo | IP=::1 | Start=2026-05-07 08:17:53.129 | Elapsed=25ms | Status=Completed
2026-05-07 08:17:58 | INF | CONTROLLER_EXEC | Acc= admin | IP=::1 | Path=SYS202005/GetList | Message=POST /SYS202005/GetList
2026-05-07 08:17:58 | INF | ACTION_TRACE | Acc=admin | Path=/SYS202005/GetList | IP=::1 | Start=2026-05-07 08:17:58.737 | Elapsed=7ms | Status=Completed
2026-05-07 08:17:58 | INF | CONTROLLER_EXEC | Acc= admin | IP=::1 | Path=SYS202005/GetList | Message=POST /SYS202005/GetList
2026-05-07 08:17:58 | INF | ACTION_TRACE | Acc=admin | Path=/SYS202005/GetList | IP=::1 | Start=2026-05-07 08:17:58.796 | Elapsed=5ms | Status=Completed
2026-05-07 08:18:01 | INF | CONTROLLER_EXEC | Acc= admin | IP=::1 | Path=SYS202005/GetList | Message=POST /SYS202005/GetList
2026-05-07 08:18:01 | INF | ACTION_TRACE | Acc=admin | Path=/SYS202005/GetList | IP=::1 | Start=2026-05-07 08:18:01.918 | Elapsed=6ms | Status=Completed
2026-05-07 08:18:01 | INF | CONTROLLER_EXEC | Acc= admin | IP=::1 | Path=SYS202005/GetList | Message=POST /SYS202005/GetList
2026-05-07 08:18:01 | INF | ACTION_TRACE | Acc=admin | Path=/SYS202005/GetList | IP=::1 | Start=2026-05-07 08:18:01.970 | Elapsed=5ms | Status=Completed
2026-05-07 08:18:03 | INF | CONTROLLER_EXEC | Acc= admin | IP=::1 | Path=SYS202005/GetList | Message=POST /SYS202005/GetList
2026-05-07 08:18:03 | INF | ACTION_TRACE | Acc=admin | Path=/SYS202005/GetList | IP=::1 | Start=2026-05-07 08:18:03.284 | Elapsed=5ms | Status=Completed
2026-05-07 08:18:04 | INF | CONTROLLER_EXEC | Acc= admin | IP=::1 | Path=SYS202005/GetList | Message=POST /SYS202005/GetList
2026-05-07 08:18:04 | INF | ACTION_TRACE | Acc=admin | Path=/SYS202005/GetList | IP=::1 | Start=2026-05-07 08:18:04.901 | Elapsed=6ms | Status=Completed
2026-05-07 08:18:06 | INF | CONTROLLER_EXEC | Acc= admin | IP=::1 | Path=SYS202005/GetList | Message=POST /SYS202005/GetList
2026-05-07 08:18:06 | INF | ACTION_TRACE | Acc=admin | Path=/SYS202005/GetList | IP=::1 | Start=2026-05-07 08:18:06.239 | Elapsed=5ms | Status=Completed
2026-05-07 08:18:07 | INF | CONTROLLER_EXEC | Acc= admin | IP=::1 | Path=SYS202005/GetList | Message=POST /SYS202005/GetList
2026-05-07 08:18:07 | INF | ACTION_TRACE | Acc=admin | Path=/SYS202005/GetList | IP=::1 | Start=2026-05-07 08:18:07.846 | Elapsed=10ms | Status=Completed
2026-05-07 08:18:09 | INF | CONTROLLER_EXEC | Acc= admin | IP=::1 | Path=SYS202005/GetList | Message=POST /SYS202005/GetList
2026-05-07 08:18:09 | INF | ACTION_TRACE | Acc=admin | Path=/SYS202005/GetList | IP=::1 | Start=2026-05-07 08:18:09.223 | Elapsed=5ms | Status=Completed
2026-05-07 08:18:10 | INF | CONTROLLER_EXEC | Acc= admin | IP=::1 | Path=SYS202005/GetList | Message=POST /SYS202005/GetList
2026-05-07 08:18:10 | INF | ACTION_TRACE | Acc=admin | Path=/SYS202005/GetList | IP=::1 | Start=2026-05-07 08:18:10.005 | Elapsed=5ms | Status=Completed
2026-05-07 08:18:10 | INF | CONTROLLER_EXEC | Acc= admin | IP=::1 | Path=SYS202005/GetList | Message=POST /SYS202005/GetList
2026-05-07 08:18:10 | INF | ACTION_TRACE | Acc=admin | Path=/SYS202005/GetList | IP=::1 | Start=2026-05-07 08:18:10.883 | Elapsed=4ms | Status=Completed
2026-05-07 08:18:11 | INF | CONTROLLER_EXEC | Acc= admin | IP=::1 | Path=SYS202005/GetList | Message=POST /SYS202005/GetList
2026-05-07 08:18:11 | INF | ACTION_TRACE | Acc=admin | Path=/SYS202005/GetList | IP=::1 | Start=2026-05-07 08:18:11.355 | Elapsed=4ms | Status=Completed
2026-05-07 08:18:11 | INF | CONTROLLER_EXEC | Acc= admin | IP=::1 | Path=SYS202005/GetList | Message=POST /SYS202005/GetList
2026-05-07 08:18:11 | INF | ACTION_TRACE | Acc=admin | Path=/SYS202005/GetList | IP=::1 | Start=2026-05-07 08:18:11.748 | Elapsed=4ms | Status=Completed
2026-05-07 08:18:15 | INF | CONTROLLER_EXEC | Acc= admin | IP=::1 | Path=SYS202005/GetByNo | Message=GET /SYS202005/GetByNo
2026-05-07 08:18:15 | INF | ACTION_TRACE | Acc=admin | Path=/SYS202005/GetByNo | IP=::1 | Start=2026-05-07 08:18:15.044 | Elapsed=2ms | Status=Completed
2026-05-07 08:21:06 | WRN | No store type was specified for the decimal property 'OveMoney' on entity type 'HROvertime'. This will cause values to be silently truncated if they do not fit in the default precision and scale. Explicitly specify the SQL server column type that can accommodate all the values in 'OnModelCreating' using 'HasColumnType', specify precision and scale using 'HasPrecision', or configure a value converter using 'HasConversion'.
2026-05-07 08:21:06 | WRN | No store type was specified for the decimal property 'Wag1D1Hour' on entity type 'HRWage'. This will cause values to be silently truncated if they do not fit in the default precision and scale. Explicitly specify the SQL server column type that can accommodate all the values in 'OnModelCreating' using 'HasColumnType', specify precision and scale using 'HasPrecision', or configure a value converter using 'HasConversion'.
2026-05-07 08:21:06 | WRN | No store type was specified for the decimal property 'Wag2D1Hour' on entity type 'HRWage'. This will cause values to be silently truncated if they do not fit in the default precision and scale. Explicitly specify the SQL server column type that can accommodate all the values in 'OnModelCreating' using 'HasColumnType', specify precision and scale using 'HasPrecision', or configure a value converter using 'HasConversion'.
2026-05-07 08:21:06 | WRN | No store type was specified for the decimal property 'Wag4D3Hour' on entity type 'HRWage'. This will cause values to be silently truncated if they do not fit in the default precision and scale. Explicitly specify the SQL server column type that can accommodate all the values in 'OnModelCreating' using 'HasColumnType', specify precision and scale using 'HasPrecision', or configure a value converter using 'HasConversion'.
2026-05-07 08:21:06 | WRN | No store type was specified for the decimal property 'Wag5D3Hour' on entity type 'HRWage'. This will cause values to be silently truncated if they do not fit in the default precision and scale. Explicitly specify the SQL server column type that can accommodate all the values in 'OnModelCreating' using 'HasColumnType', specify precision and scale using 'HasPrecision', or configure a value converter using 'HasConversion'.
2026-05-07 08:21:06 | WRN | No store type was specified for the decimal property 'Wag8D3Hour' on entity type 'HRWage'. This will cause values to be silently truncated if they do not fit in the default precision and scale. Explicitly specify the SQL server column type that can accommodate all the values in 'OnModelCreating' using 'HasColumnType', specify precision and scale using 'HasPrecision', or configure a value converter using 'HasConversion'.
2026-05-07 08:21:06 | WRN | No store type was specified for the decimal property 'WagApplyHour' on entity type 'HRWage'. This will cause values to be silently truncated if they do not fit in the default precision and scale. Explicitly specify the SQL server column type that can accommodate all the values in 'OnModelCreating' using 'HasColumnType', specify precision and scale using 'HasPrecision', or configure a value converter using 'HasConversion'.
2026-05-07 08:21:06 | WRN | No store type was specified for the decimal property 'WagIssueHour' on entity type 'HRWage'. This will cause values to be silently truncated if they do not fit in the default precision and scale. Explicitly specify the SQL server column type that can accommodate all the values in 'OnModelCreating' using 'HasColumnType', specify precision and scale using 'HasPrecision', or configure a value converter using 'HasConversion'.
2026-05-07 08:21:06 | WRN | No store type was specified for the decimal property 'WagSubtotal' on entity type 'HRWage'. This will cause values to be silently truncated if they do not fit in the default precision and scale. Explicitly specify the SQL server column type that can accommodate all the values in 'OnModelCreating' using 'HasColumnType', specify precision and scale using 'HasPrecision', or configure a value converter using 'HasConversion'.
2026-05-07 08:21:11 | WRN | The query uses the 'First'/'FirstOrDefault' operator without 'OrderBy' and filter operators. This may lead to unpredictable results.
2026-05-07 08:21:12 | INF | ACTION_TRACE | Acc=admin | Path=/ | IP=::1 | Start=2026-05-07 08:21:05.516 | Elapsed=7087ms | Status=Completed
2026-05-07 08:21:12 | INF | NETWORK_UNSTABLE | Acc=admin | Path=/ | Reason=SlowRequest 7087ms
2026-05-07 08:21:12 | INF | ACTION_TRACE | Acc=admin | Path=/Captcha/Generate | IP=::1 | Start=2026-05-07 08:21:12.879 | Elapsed=49ms | Status=Completed
2026-05-07 08:21:13 | INF | ACTION_TRACE | Acc=admin | Path=/DNTCaptchaImage/Show | IP=::1 | Start=2026-05-07 08:21:13.116 | Elapsed=99ms | Status=Completed
2026-05-07 08:21:24 | INF | ACTION_TRACE | Acc=admin | Path=/Account/Login | IP=::1 | Start=2026-05-07 08:21:17.926 | Elapsed=6848ms | Status=Completed
2026-05-07 08:21:24 | INF | NETWORK_UNSTABLE | Acc=admin | Path=/Account/Login | Reason=SlowRequest 6848ms
2026-05-07 08:21:25 | INF | ACTION_TRACE | Acc=admin | Path=/Home/Index | IP=::1 | Start=2026-05-07 08:21:24.791 | Elapsed=270ms | Status=Completed
2026-05-07 08:21:36 | INF | ACTION_TRACE | Acc=admin | Path=/Home/GetMenu | IP=::1 | Start=2026-05-07 08:21:36.724 | Elapsed=37ms | Status=Completed
2026-05-07 08:21:42 | INF | CONTROLLER_EXEC | Acc= admin | IP=::1 | Path=SYS202005/SYS202005 | Message=GET /SYS202005/SYS202005
2026-05-07 08:21:42 | INF | ACTION_TRACE | Acc=admin | Path=/SYS202005/SYS202005 | IP=::1 | Start=2026-05-07 08:21:42.293 | Elapsed=69ms | Status=Completed
2026-05-07 08:21:42 | INF | CONTROLLER_EXEC | Acc= admin | IP=::1 | Path=SYS202005/GetList | Message=POST /SYS202005/GetList
2026-05-07 08:21:42 | INF | ACTION_TRACE | Acc=admin | Path=/SYS202005/GetList | IP=::1 | Start=2026-05-07 08:21:42.396 | Elapsed=83ms | Status=Completed
2026-05-07 08:21:42 | INF | CONTROLLER_EXEC | Acc= admin | IP=::1 | Path=SYS202005/GetList | Message=POST /SYS202005/GetList
2026-05-07 08:21:42 | INF | ACTION_TRACE | Acc=admin | Path=/SYS202005/GetList | IP=::1 | Start=2026-05-07 08:21:42.505 | Elapsed=9ms | Status=Completed
2026-05-07 08:22:00 | WRN | The query uses the 'First'/'FirstOrDefault' operator without 'OrderBy' and filter operators. This may lead to unpredictable results.
2026-05-07 08:22:00 | INF | CONTROLLER_EXEC | Acc= admin | IP=::1 | Path=SYS202005/GetByNo | Message=GET /SYS202005/GetByNo
2026-05-07 08:22:00 | INF | ACTION_TRACE | Acc=admin | Path=/SYS202005/GetByNo | IP=::1 | Start=2026-05-07 08:22:00.759 | Elapsed=31ms | Status=Completed
2026-05-07 08:22:02 | INF | CONTROLLER_EXEC | Acc= admin | IP=::1 | Path=SYS202005/GetList | Message=POST /SYS202005/GetList
2026-05-07 08:22:02 | INF | ACTION_TRACE | Acc=admin | Path=/SYS202005/GetList | IP=::1 | Start=2026-05-07 08:22:02.562 | Elapsed=7ms | Status=Completed
2026-05-07 08:22:02 | INF | CONTROLLER_EXEC | Acc= admin | IP=::1 | Path=SYS202005/GetList | Message=POST /SYS202005/GetList
2026-05-07 08:22:02 | INF | ACTION_TRACE | Acc=admin | Path=/SYS202005/GetList | IP=::1 | Start=2026-05-07 08:22:02.620 | Elapsed=5ms | Status=Completed
2026-05-07 08:22:03 | INF | CONTROLLER_EXEC | Acc= admin | IP=::1 | Path=SYS202005/GetList | Message=POST /SYS202005/GetList
2026-05-07 08:22:03 | INF | ACTION_TRACE | Acc=admin | Path=/SYS202005/GetList | IP=::1 | Start=2026-05-07 08:22:03.775 | Elapsed=14ms | Status=Completed
2026-05-07 08:22:03 | INF | ACTION_TRACE | Acc=admin | Path=/.well-known/appspecific/com.chrome.devtools.json | IP=::1 | Start=2026-05-07 08:22:03.858 | Elapsed=0ms | Status=Completed
2026-05-07 08:22:03 | INF | ACTION_TRACE | Acc=admin | Path=/lib/html-to-image/html-to-image.js.map | IP=::1 | Start=2026-05-07 08:22:03.952 | Elapsed=0ms | Status=Completed
2026-05-07 08:22:04 | INF | CONTROLLER_EXEC | Acc= admin | IP=::1 | Path=SYS202005/GetList | Message=POST /SYS202005/GetList
2026-05-07 08:22:04 | INF | ACTION_TRACE | Acc=admin | Path=/SYS202005/GetList | IP=::1 | Start=2026-05-07 08:22:04.457 | Elapsed=5ms | Status=Completed
2026-05-07 08:22:05 | INF | ACTION_TRACE | Acc=admin | Path=/Home/Index | IP=::1 | Start=2026-05-07 08:22:05.893 | Elapsed=22ms | Status=Completed
2026-05-07 08:22:06 | INF | ACTION_TRACE | Acc=admin | Path=/.well-known/appspecific/com.chrome.devtools.json | IP=::1 | Start=2026-05-07 08:22:06.134 | Elapsed=0ms | Status=Completed
2026-05-07 08:22:06 | INF | ACTION_TRACE | Acc=admin | Path=/lib/html-to-image/html-to-image.js.map | IP=::1 | Start=2026-05-07 08:22:06.474 | Elapsed=0ms | Status=Completed
2026-05-07 08:22:08 | INF | ACTION_TRACE | Acc=admin | Path=/Home/GetMenu | IP=::1 | Start=2026-05-07 08:22:08.339 | Elapsed=9ms | Status=Completed
2026-05-07 08:22:10 | INF | CONTROLLER_EXEC | Acc= admin | IP=::1 | Path=SYS202005/SYS202005 | Message=GET /SYS202005/SYS202005
2026-05-07 08:22:10 | INF | ACTION_TRACE | Acc=admin | Path=/SYS202005/SYS202005 | IP=::1 | Start=2026-05-07 08:22:10.959 | Elapsed=5ms | Status=Completed
2026-05-07 08:22:11 | INF | CONTROLLER_EXEC | Acc= admin | IP=::1 | Path=SYS202005/GetList | Message=POST /SYS202005/GetList
2026-05-07 08:22:11 | INF | ACTION_TRACE | Acc=admin | Path=/SYS202005/GetList | IP=::1 | Start=2026-05-07 08:22:11.059 | Elapsed=8ms | Status=Completed
2026-05-07 08:22:11 | INF | CONTROLLER_EXEC | Acc= admin | IP=::1 | Path=SYS202005/GetList | Message=POST /SYS202005/GetList
2026-05-07 08:22:11 | INF | ACTION_TRACE | Acc=admin | Path=/SYS202005/GetList | IP=::1 | Start=2026-05-07 08:22:11.100 | Elapsed=9ms | Status=Completed
2026-05-07 08:22:12 | INF | CONTROLLER_EXEC | Acc= admin | IP=::1 | Path=SYS202005/GetByNo | Message=GET /SYS202005/GetByNo
2026-05-07 08:22:12 | INF | ACTION_TRACE | Acc=admin | Path=/SYS202005/GetByNo | IP=::1 | Start=2026-05-07 08:22:12.799 | Elapsed=3ms | Status=Completed
2026-05-07 08:22:14 | INF | CONTROLLER_EXEC | Acc= admin | IP=::1 | Path=SYS202005/GetList | Message=POST /SYS202005/GetList
2026-05-07 08:22:14 | INF | ACTION_TRACE | Acc=admin | Path=/SYS202005/GetList | IP=::1 | Start=2026-05-07 08:22:14.352 | Elapsed=6ms | Status=Completed
2026-05-07 08:22:14 | INF | CONTROLLER_EXEC | Acc= admin | IP=::1 | Path=SYS202005/GetList | Message=POST /SYS202005/GetList
2026-05-07 08:22:14 | INF | ACTION_TRACE | Acc=admin | Path=/SYS202005/GetList | IP=::1 | Start=2026-05-07 08:22:14.406 | Elapsed=8ms | Status=Completed
2026-05-07 08:22:21 | INF | CONTROLLER_EXEC | Acc= admin | IP=::1 | Path=SYS202005/GetByNo | Message=GET /SYS202005/GetByNo
2026-05-07 08:22:21 | INF | ACTION_TRACE | Acc=admin | Path=/SYS202005/GetByNo | IP=::1 | Start=2026-05-07 08:22:21.034 | Elapsed=3ms | Status=Completed
2026-05-07 08:22:22 | INF | CONTROLLER_EXEC | Acc= admin | IP=::1 | Path=SYS202005/GetList | Message=POST /SYS202005/GetList
2026-05-07 08:22:22 | INF | ACTION_TRACE | Acc=admin | Path=/SYS202005/GetList | IP=::1 | Start=2026-05-07 08:22:22.625 | Elapsed=10ms | Status=Completed
2026-05-07 08:22:22 | INF | CONTROLLER_EXEC | Acc= admin | IP=::1 | Path=SYS202005/GetList | Message=POST /SYS202005/GetList
2026-05-07 08:22:22 | INF | ACTION_TRACE | Acc=admin | Path=/SYS202005/GetList | IP=::1 | Start=2026-05-07 08:22:22.682 | Elapsed=6ms | Status=Completed
2026-05-07 08:22:24 | INF | CONTROLLER_EXEC | Acc= admin | IP=::1 | Path=SYS202005/GetByNo | Message=GET /SYS202005/GetByNo
2026-05-07 08:22:24 | INF | ACTION_TRACE | Acc=admin | Path=/SYS202005/GetByNo | IP=::1 | Start=2026-05-07 08:22:24.159 | Elapsed=7ms | Status=Completed
2026-05-07 08:22:27 | WRN | The query uses the 'First'/'FirstOrDefault' operator without 'OrderBy' and filter operators. This may lead to unpredictable results.
2026-05-07 08:22:27 | INF | CONTROLLER_EXEC | Acc= admin | IP=::1 | Path=SYS202005/Update | Message=POST /SYS202005/Update
2026-05-07 08:22:27 | INF | ACTION_TRACE | Acc=admin | Path=/SYS202005/Update | IP=::1 | Start=2026-05-07 08:22:27.357 | Elapsed=481ms | Status=Completed
2026-05-07 08:22:28 | INF | CONTROLLER_EXEC | Acc= admin | IP=::1 | Path=SYS202005/GetList | Message=POST /SYS202005/GetList
2026-05-07 08:22:28 | INF | ACTION_TRACE | Acc=admin | Path=/SYS202005/GetList | IP=::1 | Start=2026-05-07 08:22:28.902 | Elapsed=5ms | Status=Completed
2026-05-07 08:22:29 | INF | CONTROLLER_EXEC | Acc= admin | IP=::1 | Path=SYS202005/GetList | Message=POST /SYS202005/GetList
2026-05-07 08:22:29 | INF | ACTION_TRACE | Acc=admin | Path=/SYS202005/GetList | IP=::1 | Start=2026-05-07 08:22:29.004 | Elapsed=4ms | Status=Completed
2026-05-07 08:22:29 | INF | CONTROLLER_EXEC | Acc= admin | IP=::1 | Path=SYS202005/GetList | Message=POST /SYS202005/GetList
2026-05-07 08:22:29 | INF | ACTION_TRACE | Acc=admin | Path=/SYS202005/GetList | IP=::1 | Start=2026-05-07 08:22:29.069 | Elapsed=4ms | Status=Completed
2026-05-07 08:22:30 | INF | CONTROLLER_EXEC | Acc= admin | IP=::1 | Path=SYS202005/GetList | Message=POST /SYS202005/GetList
2026-05-07 08:22:30 | INF | ACTION_TRACE | Acc=admin | Path=/SYS202005/GetList | IP=::1 | Start=2026-05-07 08:22:30.667 | Elapsed=6ms | Status=Completed
2026-05-07 08:22:32 | INF | CONTROLLER_EXEC | Acc= admin | IP=::1 | Path=SYS202005/GetList | Message=POST /SYS202005/GetList
2026-05-07 08:22:32 | INF | ACTION_TRACE | Acc=admin | Path=/SYS202005/GetList | IP=::1 | Start=2026-05-07 08:22:32.489 | Elapsed=6ms | Status=Completed
2026-05-07 08:22:36 | INF | CONTROLLER_EXEC | Acc= admin | IP=::1 | Path=SYS202005/GetByNo | Message=GET /SYS202005/GetByNo
2026-05-07 08:22:36 | INF | ACTION_TRACE | Acc=admin | Path=/SYS202005/GetByNo | IP=::1 | Start=2026-05-07 08:22:36.207 | Elapsed=2ms | Status=Completed
2026-05-07 08:22:39 | INF | CONTROLLER_EXEC | Acc= admin | IP=::1 | Path=SYS202005/Update | Message=POST /SYS202005/Update
2026-05-07 08:22:39 | INF | ACTION_TRACE | Acc=admin | Path=/SYS202005/Update | IP=::1 | Start=2026-05-07 08:22:39.599 | Elapsed=17ms | Status=Completed
2026-05-07 08:22:40 | INF | CONTROLLER_EXEC | Acc= admin | IP=::1 | Path=SYS202005/GetList | Message=POST /SYS202005/GetList
2026-05-07 08:22:40 | INF | ACTION_TRACE | Acc=admin | Path=/SYS202005/GetList | IP=::1 | Start=2026-05-07 08:22:40.721 | Elapsed=6ms | Status=Completed
2026-05-07 08:22:40 | INF | CONTROLLER_EXEC | Acc= admin | IP=::1 | Path=SYS202005/GetList | Message=POST /SYS202005/GetList
2026-05-07 08:22:40 | INF | ACTION_TRACE | Acc=admin | Path=/SYS202005/GetList | IP=::1 | Start=2026-05-07 08:22:40.828 | Elapsed=8ms | Status=Completed
2026-05-07 08:22:40 | INF | CONTROLLER_EXEC | Acc= admin | IP=::1 | Path=SYS202005/GetList | Message=POST /SYS202005/GetList
2026-05-07 08:22:40 | INF | ACTION_TRACE | Acc=admin | Path=/SYS202005/GetList | IP=::1 | Start=2026-05-07 08:22:40.889 | Elapsed=4ms | Status=Completed
2026-05-07 08:54:18 | WRN | No store type was specified for the decimal property 'OveMoney' on entity type 'HROvertime'. This will cause values to be silently truncated if they do not fit in the default precision and scale. Explicitly specify the SQL server column type that can accommodate all the values in 'OnModelCreating' using 'HasColumnType', specify precision and scale using 'HasPrecision', or configure a value converter using 'HasConversion'.
2026-05-07 08:54:18 | WRN | No store type was specified for the decimal property 'Wag1D1Hour' on entity type 'HRWage'. This will cause values to be silently truncated if they do not fit in the default precision and scale. Explicitly specify the SQL server column type that can accommodate all the values in 'OnModelCreating' using 'HasColumnType', specify precision and scale using 'HasPrecision', or configure a value converter using 'HasConversion'.
2026-05-07 08:54:18 | WRN | No store type was specified for the decimal property 'Wag2D1Hour' on entity type 'HRWage'. This will cause values to be silently truncated if they do not fit in the default precision and scale. Explicitly specify the SQL server column type that can accommodate all the values in 'OnModelCreating' using 'HasColumnType', specify precision and scale using 'HasPrecision', or configure a value converter using 'HasConversion'.
2026-05-07 08:54:18 | WRN | No store type was specified for the decimal property 'Wag4D3Hour' on entity type 'HRWage'. This will cause values to be silently truncated if they do not fit in the default precision and scale. Explicitly specify the SQL server column type that can accommodate all the values in 'OnModelCreating' using 'HasColumnType', specify precision and scale using 'HasPrecision', or configure a value converter using 'HasConversion'.
2026-05-07 08:54:18 | WRN | No store type was specified for the decimal property 'Wag5D3Hour' on entity type 'HRWage'. This will cause values to be silently truncated if they do not fit in the default precision and scale. Explicitly specify the SQL server column type that can accommodate all the values in 'OnModelCreating' using 'HasColumnType', specify precision and scale using 'HasPrecision', or configure a value converter using 'HasConversion'.
2026-05-07 08:54:18 | WRN | No store type was specified for the decimal property 'Wag8D3Hour' on entity type 'HRWage'. This will cause values to be silently truncated if they do not fit in the default precision and scale. Explicitly specify the SQL server column type that can accommodate all the values in 'OnModelCreating' using 'HasColumnType', specify precision and scale using 'HasPrecision', or configure a value converter using 'HasConversion'.
2026-05-07 08:54:18 | WRN | No store type was specified for the decimal property 'WagApplyHour' on entity type 'HRWage'. This will cause values to be silently truncated if they do not fit in the default precision and scale. Explicitly specify the SQL server column type that can accommodate all the values in 'OnModelCreating' using 'HasColumnType', specify precision and scale using 'HasPrecision', or configure a value converter using 'HasConversion'.
2026-05-07 08:54:18 | WRN | No store type was specified for the decimal property 'WagIssueHour' on entity type 'HRWage'. This will cause values to be silently truncated if they do not fit in the default precision and scale. Explicitly specify the SQL server column type that can accommodate all the values in 'OnModelCreating' using 'HasColumnType', specify precision and scale using 'HasPrecision', or configure a value converter using 'HasConversion'.
2026-05-07 08:54:18 | WRN | No store type was specified for the decimal property 'WagSubtotal' on entity type 'HRWage'. This will cause values to be silently truncated if they do not fit in the default precision and scale. Explicitly specify the SQL server column type that can accommodate all the values in 'OnModelCreating' using 'HasColumnType', specify precision and scale using 'HasPrecision', or configure a value converter using 'HasConversion'.
2026-05-07 08:54:23 | WRN | The query uses the 'First'/'FirstOrDefault' operator without 'OrderBy' and filter operators. This may lead to unpredictable results.
2026-05-07 08:54:24 | INF | ACTION_TRACE | Acc=admin | Path=/ | IP=::1 | Start=2026-05-07 08:54:17.308 | Elapsed=6985ms | Status=Completed
2026-05-07 08:54:24 | INF | NETWORK_UNSTABLE | Acc=admin | Path=/ | Reason=SlowRequest 6985ms
2026-05-07 08:54:24 | INF | ACTION_TRACE | Acc=admin | Path=/Captcha/Generate | IP=::1 | Start=2026-05-07 08:54:24.525 | Elapsed=33ms | Status=Completed
2026-05-07 08:54:24 | INF | ACTION_TRACE | Acc=admin | Path=/DNTCaptchaImage/Show | IP=::1 | Start=2026-05-07 08:54:24.591 | Elapsed=127ms | Status=Completed
2026-05-07 08:54:35 | INF | ACTION_TRACE | Acc=admin | Path=/Account/Login | IP=::1 | Start=2026-05-07 08:54:28.973 | Elapsed=6868ms | Status=Completed
2026-05-07 08:54:35 | INF | NETWORK_UNSTABLE | Acc=admin | Path=/Account/Login | Reason=SlowRequest 6868ms
2026-05-07 08:54:36 | INF | ACTION_TRACE | Acc=admin | Path=/Home/Index | IP=::1 | Start=2026-05-07 08:54:35.858 | Elapsed=293ms | Status=Completed
2026-05-07 08:54:37 | INF | ACTION_TRACE | Acc=admin | Path=/Home/GetMenu | IP=::1 | Start=2026-05-07 08:54:37.870 | Elapsed=38ms | Status=Completed
2026-05-07 08:54:41 | INF | CONTROLLER_EXEC | Acc= admin | IP=::1 | Path=SYS202006/SYS202006 | Message=GET /SYS202006/SYS202006
2026-05-07 08:54:41 | INF | ACTION_TRACE | Acc=admin | Path=/SYS202006/SYS202006 | IP=::1 | Start=2026-05-07 08:54:41.387 | Elapsed=71ms | Status=Completed
2026-05-07 08:54:41 | INF | CONTROLLER_EXEC | Acc= admin | IP=::1 | Path=SYS202006/GetHolidayData | Message=POST /SYS202006/GetHolidayData
2026-05-07 08:54:41 | INF | ACTION_TRACE | Acc=admin | Path=/SYS202006/GetHolidayData | IP=::1 | Start=2026-05-07 08:54:41.504 | Elapsed=100ms | Status=Completed
2026-05-07 08:54:41 | INF | CONTROLLER_EXEC | Acc= admin | IP=::1 | Path=SYS202006/GetHolidayData | Message=POST /SYS202006/GetHolidayData
2026-05-07 08:54:41 | INF | ACTION_TRACE | Acc=admin | Path=/SYS202006/GetHolidayData | IP=::1 | Start=2026-05-07 08:54:41.640 | Elapsed=10ms | Status=Completed
2026-05-07 08:54:45 | WRN | The query uses the 'First'/'FirstOrDefault' operator without 'OrderBy' and filter operators. This may lead to unpredictable results.
2026-05-07 08:54:45 | INF | CONTROLLER_EXEC | Acc= admin | IP=::1 | Path=SYS202006/GetHolidayForEdit | Message=GET /SYS202006/GetHolidayForEdit
2026-05-07 08:54:45 | INF | ACTION_TRACE | Acc=admin | Path=/SYS202006/GetHolidayForEdit | IP=::1 | Start=2026-05-07 08:54:45.221 | Elapsed=31ms | Status=Completed
2026-05-07 08:54:46 | INF | CONTROLLER_EXEC | Acc= admin | IP=::1 | Path=SYS202006/GetHolidayData | Message=POST /SYS202006/GetHolidayData
2026-05-07 08:54:46 | INF | ACTION_TRACE | Acc=admin | Path=/SYS202006/GetHolidayData | IP=::1 | Start=2026-05-07 08:54:46.717 | Elapsed=5ms | Status=Completed
2026-05-07 08:54:46 | INF | CONTROLLER_EXEC | Acc= admin | IP=::1 | Path=SYS202006/GetHolidayData | Message=POST /SYS202006/GetHolidayData
2026-05-07 08:54:46 | INF | ACTION_TRACE | Acc=admin | Path=/SYS202006/GetHolidayData | IP=::1 | Start=2026-05-07 08:54:46.777 | Elapsed=6ms | Status=Completed
2026-05-07 08:54:50 | INF | CONTROLLER_EXEC | Acc= admin | IP=::1 | Path=SYS202005/SYS202005 | Message=GET /SYS202005/SYS202005
2026-05-07 08:54:50 | INF | ACTION_TRACE | Acc=admin | Path=/SYS202005/SYS202005 | IP=::1 | Start=2026-05-07 08:54:50.058 | Elapsed=29ms | Status=Completed
2026-05-07 08:54:50 | INF | CONTROLLER_EXEC | Acc= admin | IP=::1 | Path=SYS202005/GetList | Message=POST /SYS202005/GetList
2026-05-07 08:54:50 | INF | ACTION_TRACE | Acc=admin | Path=/SYS202005/GetList | IP=::1 | Start=2026-05-07 08:54:50.115 | Elapsed=49ms | Status=Completed
2026-05-07 08:54:50 | INF | CONTROLLER_EXEC | Acc= admin | IP=::1 | Path=SYS202005/GetList | Message=POST /SYS202005/GetList
2026-05-07 08:54:50 | INF | ACTION_TRACE | Acc=admin | Path=/SYS202005/GetList | IP=::1 | Start=2026-05-07 08:54:50.182 | Elapsed=10ms | Status=Completed
2026-05-07 08:54:52 | INF | CONTROLLER_EXEC | Acc= admin | IP=::1 | Path=SYS202005/GetList | Message=POST /SYS202005/GetList
2026-05-07 08:54:52 | INF | ACTION_TRACE | Acc=admin | Path=/SYS202005/GetList | IP=::1 | Start=2026-05-07 08:54:52.368 | Elapsed=5ms | Status=Completed
2026-05-07 08:54:54 | INF | CONTROLLER_EXEC | Acc= admin | IP=::1 | Path=SYS202005/GetList | Message=POST /SYS202005/GetList
2026-05-07 08:54:54 | INF | ACTION_TRACE | Acc=admin | Path=/SYS202005/GetList | IP=::1 | Start=2026-05-07 08:54:54.277 | Elapsed=10ms | Status=Completed
2026-05-07 08:54:54 | INF | CONTROLLER_EXEC | Acc= admin | IP=::1 | Path=SYS202005/GetList | Message=POST /SYS202005/GetList
2026-05-07 08:54:54 | INF | ACTION_TRACE | Acc=admin | Path=/SYS202005/GetList | IP=::1 | Start=2026-05-07 08:54:54.808 | Elapsed=10ms | Status=Completed
2026-05-07 08:54:56 | INF | CONTROLLER_EXEC | Acc= admin | IP=::1 | Path=SYS202005/GetByNo | Message=GET /SYS202005/GetByNo
2026-05-07 08:54:56 | INF | ACTION_TRACE | Acc=admin | Path=/SYS202005/GetByNo | IP=::1 | Start=2026-05-07 08:54:56.454 | Elapsed=31ms | Status=Completed
2026-05-07 08:54:58 | WRN | The query uses the 'First'/'FirstOrDefault' operator without 'OrderBy' and filter operators. This may lead to unpredictable results.
2026-05-07 08:54:59 | INF | CONTROLLER_EXEC | Acc= admin | IP=::1 | Path=SYS202005/Update | Message=POST /SYS202005/Update
2026-05-07 08:54:59 | INF | ACTION_TRACE | Acc=admin | Path=/SYS202005/Update | IP=::1 | Start=2026-05-07 08:54:58.740 | Elapsed=364ms | Status=Completed
2026-05-07 08:54:59 | INF | CONTROLLER_EXEC | Acc= admin | IP=::1 | Path=SYS202005/GetList | Message=POST /SYS202005/GetList
2026-05-07 08:54:59 | INF | ACTION_TRACE | Acc=admin | Path=/SYS202005/GetList | IP=::1 | Start=2026-05-07 08:54:59.920 | Elapsed=5ms | Status=Completed
2026-05-07 08:55:00 | INF | CONTROLLER_EXEC | Acc= admin | IP=::1 | Path=SYS202006/GetHolidayData | Message=POST /SYS202006/GetHolidayData
2026-05-07 08:55:00 | INF | ACTION_TRACE | Acc=admin | Path=/SYS202006/GetHolidayData | IP=::1 | Start=2026-05-07 08:55:00.029 | Elapsed=64ms | Status=Completed
2026-05-07 08:55:00 | INF | CONTROLLER_EXEC | Acc= admin | IP=::1 | Path=SYS202005/GetList | Message=POST /SYS202005/GetList
2026-05-07 08:55:00 | INF | ACTION_TRACE | Acc=admin | Path=/SYS202005/GetList | IP=::1 | Start=2026-05-07 08:55:00.037 | Elapsed=87ms | Status=Completed
2026-05-07 08:55:02 | INF | CONTROLLER_EXEC | Acc= admin | IP=::1 | Path=SYS202005/GetByNo | Message=GET /SYS202005/GetByNo
2026-05-07 08:55:02 | INF | ACTION_TRACE | Acc=admin | Path=/SYS202005/GetByNo | IP=::1 | Start=2026-05-07 08:55:02.450 | Elapsed=4ms | Status=Completed
2026-05-07 08:55:04 | INF | CONTROLLER_EXEC | Acc= admin | IP=::1 | Path=SYS202006/GetHolidayData | Message=POST /SYS202006/GetHolidayData
2026-05-07 08:55:04 | INF | ACTION_TRACE | Acc=admin | Path=/SYS202006/GetHolidayData | IP=::1 | Start=2026-05-07 08:55:00.097 | Elapsed=4602ms | Status=Completed
2026-05-07 08:55:04 | INF | NETWORK_UNSTABLE | Acc=admin | Path=/SYS202006/GetHolidayData | Reason=SlowRequest 4602ms
2026-05-07 08:55:04 | INF | CONTROLLER_EXEC | Acc= admin | IP=::1 | Path=SYS202005/GetList | Message=POST /SYS202005/GetList
2026-05-07 08:55:04 | INF | ACTION_TRACE | Acc=admin | Path=/SYS202005/GetList | IP=::1 | Start=2026-05-07 08:55:00.124 | Elapsed=4578ms | Status=Completed
2026-05-07 08:55:04 | INF | NETWORK_UNSTABLE | Acc=admin | Path=/SYS202005/GetList | Reason=SlowRequest 4578ms
2026-05-07 08:55:05 | INF | CONTROLLER_EXEC | Acc= admin | IP=::1 | Path=SYS202005/Update | Message=POST /SYS202005/Update
2026-05-07 08:55:05 | INF | ACTION_TRACE | Acc=admin | Path=/SYS202005/Update | IP=::1 | Start=2026-05-07 08:55:05.877 | Elapsed=18ms | Status=Completed
2026-05-07 08:55:07 | INF | CONTROLLER_EXEC | Acc= admin | IP=::1 | Path=SYS202005/GetList | Message=POST /SYS202005/GetList
2026-05-07 08:55:07 | INF | ACTION_TRACE | Acc=admin | Path=/SYS202005/GetList | IP=::1 | Start=2026-05-07 08:55:07.035 | Elapsed=5ms | Status=Completed
2026-05-07 08:55:07 | INF | CONTROLLER_EXEC | Acc= admin | IP=::1 | Path=SYS202006/GetHolidayData | Message=POST /SYS202006/GetHolidayData
2026-05-07 08:55:07 | INF | ACTION_TRACE | Acc=admin | Path=/SYS202006/GetHolidayData | IP=::1 | Start=2026-05-07 08:55:07.142 | Elapsed=4ms | Status=Completed
2026-05-07 08:55:07 | INF | CONTROLLER_EXEC | Acc= admin | IP=::1 | Path=SYS202005/GetList | Message=POST /SYS202005/GetList
2026-05-07 08:55:07 | INF | ACTION_TRACE | Acc=admin | Path=/SYS202005/GetList | IP=::1 | Start=2026-05-07 08:55:07.149 | Elapsed=6ms | Status=Completed
2026-05-07 08:55:07 | INF | CONTROLLER_EXEC | Acc= admin | IP=::1 | Path=SYS202006/GetHolidayData | Message=POST /SYS202006/GetHolidayData
2026-05-07 08:55:07 | INF | ACTION_TRACE | Acc=admin | Path=/SYS202006/GetHolidayData | IP=::1 | Start=2026-05-07 08:55:07.202 | Elapsed=4ms | Status=Completed
2026-05-07 08:55:07 | INF | CONTROLLER_EXEC | Acc= admin | IP=::1 | Path=SYS202005/GetList | Message=POST /SYS202005/GetList
2026-05-07 08:55:07 | INF | ACTION_TRACE | Acc=admin | Path=/SYS202005/GetList | IP=::1 | Start=2026-05-07 08:55:07.205 | Elapsed=4ms | Status=Completed
2026-05-07 09:45:58 | WRN | No store type was specified for the decimal property 'OveMoney' on entity type 'HROvertime'. This will cause values to be silently truncated if they do not fit in the default precision and scale. Explicitly specify the SQL server column type that can accommodate all the values in 'OnModelCreating' using 'HasColumnType', specify precision and scale using 'HasPrecision', or configure a value converter using 'HasConversion'.
2026-05-07 09:45:58 | WRN | No store type was specified for the decimal property 'Wag1D1Hour' on entity type 'HRWage'. This will cause values to be silently truncated if they do not fit in the default precision and scale. Explicitly specify the SQL server column type that can accommodate all the values in 'OnModelCreating' using 'HasColumnType', specify precision and scale using 'HasPrecision', or configure a value converter using 'HasConversion'.
2026-05-07 09:45:58 | WRN | No store type was specified for the decimal property 'Wag2D1Hour' on entity type 'HRWage'. This will cause values to be silently truncated if they do not fit in the default precision and scale. Explicitly specify the SQL server column type that can accommodate all the values in 'OnModelCreating' using 'HasColumnType', specify precision and scale using 'HasPrecision', or configure a value converter using 'HasConversion'.
2026-05-07 09:45:58 | WRN | No store type was specified for the decimal property 'Wag4D3Hour' on entity type 'HRWage'. This will cause values to be silently truncated if they do not fit in the default precision and scale. Explicitly specify the SQL server column type that can accommodate all the values in 'OnModelCreating' using 'HasColumnType', specify precision and scale using 'HasPrecision', or configure a value converter using 'HasConversion'.
2026-05-07 09:45:58 | WRN | No store type was specified for the decimal property 'Wag5D3Hour' on entity type 'HRWage'. This will cause values to be silently truncated if they do not fit in the default precision and scale. Explicitly specify the SQL server column type that can accommodate all the values in 'OnModelCreating' using 'HasColumnType', specify precision and scale using 'HasPrecision', or configure a value converter using 'HasConversion'.
2026-05-07 09:45:58 | WRN | No store type was specified for the decimal property 'Wag8D3Hour' on entity type 'HRWage'. This will cause values to be silently truncated if they do not fit in the default precision and scale. Explicitly specify the SQL server column type that can accommodate all the values in 'OnModelCreating' using 'HasColumnType', specify precision and scale using 'HasPrecision', or configure a value converter using 'HasConversion'.
2026-05-07 09:45:58 | WRN | No store type was specified for the decimal property 'WagApplyHour' on entity type 'HRWage'. This will cause values to be silently truncated if they do not fit in the default precision and scale. Explicitly specify the SQL server column type that can accommodate all the values in 'OnModelCreating' using 'HasColumnType', specify precision and scale using 'HasPrecision', or configure a value converter using 'HasConversion'.
2026-05-07 09:45:58 | WRN | No store type was specified for the decimal property 'WagIssueHour' on entity type 'HRWage'. This will cause values to be silently truncated if they do not fit in the default precision and scale. Explicitly specify the SQL server column type that can accommodate all the values in 'OnModelCreating' using 'HasColumnType', specify precision and scale using 'HasPrecision', or configure a value converter using 'HasConversion'.
2026-05-07 09:45:58 | WRN | No store type was specified for the decimal property 'WagSubtotal' on entity type 'HRWage'. This will cause values to be silently truncated if they do not fit in the default precision and scale. Explicitly specify the SQL server column type that can accommodate all the values in 'OnModelCreating' using 'HasColumnType', specify precision and scale using 'HasPrecision', or configure a value converter using 'HasConversion'.
2026-05-07 09:46:03 | WRN | The query uses the 'First'/'FirstOrDefault' operator without 'OrderBy' and filter operators. This may lead to unpredictable results.
2026-05-07 09:46:04 | INF | ACTION_TRACE | Acc=admin | Path=/ | IP=::1 | Start=2026-05-07 09:45:57.087 | Elapsed=7080ms | Status=Completed
2026-05-07 09:46:04 | INF | NETWORK_UNSTABLE | Acc=admin | Path=/ | Reason=SlowRequest 7080ms
2026-05-07 09:46:04 | INF | ACTION_TRACE | Acc=admin | Path=/Captcha/Generate | IP=::1 | Start=2026-05-07 09:46:04.403 | Elapsed=37ms | Status=Completed
2026-05-07 09:46:04 | INF | ACTION_TRACE | Acc=admin | Path=/DNTCaptchaImage/Show | IP=::1 | Start=2026-05-07 09:46:04.461 | Elapsed=138ms | Status=Completed
2026-05-07 09:46:16 | INF | ACTION_TRACE | Acc=admin | Path=/Account/Login | IP=::1 | Start=2026-05-07 09:46:09.326 | Elapsed=6809ms | Status=Completed
2026-05-07 09:46:16 | INF | NETWORK_UNSTABLE | Acc=admin | Path=/Account/Login | Reason=SlowRequest 6809ms
2026-05-07 09:46:16 | INF | ACTION_TRACE | Acc=admin | Path=/Home/Index | IP=::1 | Start=2026-05-07 09:46:16.151 | Elapsed=261ms | Status=Completed
2026-05-07 09:46:19 | INF | ACTION_TRACE | Acc=admin | Path=/Home/GetMenu | IP=::1 | Start=2026-05-07 09:46:19.230 | Elapsed=60ms | Status=Completed
2026-05-07 09:46:23 | INF | CONTROLLER_EXEC | Acc= admin | IP=::1 | Path=SYS201001/SYS201001 | Message=GET /SYS201001/SYS201001
2026-05-07 09:46:23 | INF | ACTION_TRACE | Acc=admin | Path=/SYS201001/SYS201001 | IP=::1 | Start=2026-05-07 09:46:23.564 | Elapsed=248ms | Status=Completed
2026-05-07 09:46:23 | INF | CONTROLLER_EXEC | Acc= admin | IP=::1 | Path=SYS201001/GetAllAdmins | Message=POST /SYS201001/GetAllAdmins
2026-05-07 09:46:23 | INF | ACTION_TRACE | Acc=admin | Path=/SYS201001/GetAllAdmins | IP=::1 | Start=2026-05-07 09:46:23.883 | Elapsed=83ms | Status=Completed
2026-05-07 09:46:24 | INF | CONTROLLER_EXEC | Acc= admin | IP=::1 | Path=SYS201001/GetAllAdmins | Message=POST /SYS201001/GetAllAdmins
2026-05-07 09:46:24 | INF | ACTION_TRACE | Acc=admin | Path=/SYS201001/GetAllAdmins | IP=::1 | Start=2026-05-07 09:46:23.998 | Elapsed=10ms | Status=Completed
2026-05-07 09:46:29 | WRN | The query uses the 'First'/'FirstOrDefault' operator without 'OrderBy' and filter operators. This may lead to unpredictable results.
2026-05-07 09:46:29 | WRN | The query uses the 'First'/'FirstOrDefault' operator without 'OrderBy' and filter operators. This may lead to unpredictable results.
2026-05-07 09:46:29 | INF | CONTROLLER_EXEC | Acc= admin | IP=::1 | Path=SYS201001/GetAdminDetails | Message=GET /SYS201001/GetAdminDetails
2026-05-07 09:46:29 | INF | ACTION_TRACE | Acc=admin | Path=/SYS201001/GetAdminDetails | IP=::1 | Start=2026-05-07 09:46:29.599 | Elapsed=67ms | Status=Completed
2026-05-07 09:46:29 | INF | CONTROLLER_EXEC | Acc= admin | IP=::1 | Path=SYS201001/GetAllPersonnelTypes | Message=GET /SYS201001/GetAllPersonnelTypes
2026-05-07 09:46:29 | INF | ACTION_TRACE | Acc=admin | Path=/SYS201001/GetAllPersonnelTypes | IP=::1 | Start=2026-05-07 09:46:29.674 | Elapsed=24ms | Status=Completed
2026-05-07 09:46:29 | INF | CONTROLLER_EXEC | Acc= admin | IP=::1 | Path=SYS201001/GetAllAdmins | Message=POST /SYS201001/GetAllAdmins
2026-05-07 09:46:29 | INF | ACTION_TRACE | Acc=admin | Path=/SYS201001/GetAllAdmins | IP=::1 | Start=2026-05-07 09:46:29.715 | Elapsed=7ms | Status=Completed
2026-05-07 09:46:34 | INF | CONTROLLER_EXEC | Acc= admin | IP=::1 | Path=SYS201001/GetAllRoles | Message=GET /SYS201001/GetAllRoles
2026-05-07 09:46:34 | INF | ACTION_TRACE | Acc=admin | Path=/SYS201001/GetAllRoles | IP=::1 | Start=2026-05-07 09:46:34.217 | Elapsed=39ms | Status=Completed
2026-05-07 09:46:52 | INF | CONTROLLER_EXEC | Acc= admin | IP=::1 | Path=SYS201001/GetAdminDetails | Message=GET /SYS201001/GetAdminDetails
2026-05-07 09:46:52 | INF | ACTION_TRACE | Acc=admin | Path=/SYS201001/GetAdminDetails | IP=::1 | Start=2026-05-07 09:46:52.530 | Elapsed=7ms | Status=Completed
2026-05-07 09:46:52 | INF | CONTROLLER_EXEC | Acc= admin | IP=::1 | Path=SYS201001/GetAllRoles | Message=GET /SYS201001/GetAllRoles
2026-05-07 09:46:52 | INF | ACTION_TRACE | Acc=admin | Path=/SYS201001/GetAllRoles | IP=::1 | Start=2026-05-07 09:46:52.546 | Elapsed=5ms | Status=Completed
2026-05-07 09:46:52 | INF | CONTROLLER_EXEC | Acc= admin | IP=::1 | Path=SYS201001/GetAllAdmins | Message=POST /SYS201001/GetAllAdmins
2026-05-07 09:46:52 | INF | ACTION_TRACE | Acc=admin | Path=/SYS201001/GetAllAdmins | IP=::1 | Start=2026-05-07 09:46:52.554 | Elapsed=9ms | Status=Completed
2026-05-07 09:46:57 | INF | CONTROLLER_EXEC | Acc= admin | IP=::1 | Path=SYS201001/GetAllPersonnelTypes | Message=GET /SYS201001/GetAllPersonnelTypes
2026-05-07 09:46:57 | INF | ACTION_TRACE | Acc=admin | Path=/SYS201001/GetAllPersonnelTypes | IP=::1 | Start=2026-05-07 09:46:52.546 | Elapsed=4600ms | Status=Completed
2026-05-07 09:46:57 | INF | NETWORK_UNSTABLE | Acc=admin | Path=/SYS201001/GetAllPersonnelTypes | Reason=SlowRequest 4600ms
2026-05-07 09:47:46 | INF | CONTROLLER_EXEC | Acc= admin | IP=::1 | Path=SYS201001/UpdateAdmin | Message=POST /SYS201001/UpdateAdmin
2026-05-07 09:47:46 | INF | ACTION_TRACE | Acc=admin | Path=/SYS201001/UpdateAdmin | IP=::1 | Start=2026-05-07 09:47:00.228 | Elapsed=46095ms | Status=Completed
2026-05-07 09:47:46 | INF | NETWORK_UNSTABLE | Acc=admin | Path=/SYS201001/UpdateAdmin | Reason=SlowRequest 46095ms
2026-05-07 09:47:49 | INF | CONTROLLER_EXEC | Acc= admin | IP=::1 | Path=SYS201001/SYS201001 | Message=GET /SYS201001/SYS201001
2026-05-07 09:47:49 | INF | ACTION_TRACE | Acc=admin | Path=/SYS201001/SYS201001 | IP=::1 | Start=2026-05-07 09:47:49.949 | Elapsed=24ms | Status=Completed
2026-05-07 09:47:50 | INF | CONTROLLER_EXEC | Acc= admin | IP=::1 | Path=SYS201001/GetAllAdmins | Message=POST /SYS201001/GetAllAdmins
2026-05-07 09:47:50 | INF | ACTION_TRACE | Acc=admin | Path=/SYS201001/GetAllAdmins | IP=::1 | Start=2026-05-07 09:47:50.001 | Elapsed=4ms | Status=Completed
2026-05-07 09:47:50 | INF | CONTROLLER_EXEC | Acc= admin | IP=::1 | Path=SYS201001/GetAllAdmins | Message=POST /SYS201001/GetAllAdmins
2026-05-07 09:47:50 | INF | ACTION_TRACE | Acc=admin | Path=/SYS201001/GetAllAdmins | IP=::1 | Start=2026-05-07 09:47:50.018 | Elapsed=6ms | Status=Completed
2026-05-07 09:47:52 | INF | CONTROLLER_EXEC | Acc= admin | IP=::1 | Path=SYS201001/GetAdminDetails | Message=GET /SYS201001/GetAdminDetails
2026-05-07 09:47:52 | INF | ACTION_TRACE | Acc=admin | Path=/SYS201001/GetAdminDetails | IP=::1 | Start=2026-05-07 09:47:52.742 | Elapsed=16ms | Status=Completed
2026-05-07 09:47:52 | INF | CONTROLLER_EXEC | Acc= admin | IP=::1 | Path=SYS201001/GetAllPersonnelTypes | Message=GET /SYS201001/GetAllPersonnelTypes
2026-05-07 09:47:52 | INF | CONTROLLER_EXEC | Acc= admin | IP=::1 | Path=SYS201001/GetAllRoles | Message=GET /SYS201001/GetAllRoles
2026-05-07 09:47:52 | INF | ACTION_TRACE | Acc=admin | Path=/SYS201001/GetAllPersonnelTypes | IP=::1 | Start=2026-05-07 09:47:52.766 | Elapsed=2ms | Status=Completed
2026-05-07 09:47:52 | INF | ACTION_TRACE | Acc=admin | Path=/SYS201001/GetAllRoles | IP=::1 | Start=2026-05-07 09:47:52.766 | Elapsed=2ms | Status=Completed
2026-05-07 09:47:52 | INF | CONTROLLER_EXEC | Acc= admin | IP=::1 | Path=SYS201001/GetAllAdmins | Message=POST /SYS201001/GetAllAdmins
2026-05-07 09:47:52 | INF | ACTION_TRACE | Acc=admin | Path=/SYS201001/GetAllAdmins | IP=::1 | Start=2026-05-07 09:47:52.777 | Elapsed=4ms | Status=Completed
2026-05-07 10:08:05 | WRN | No store type was specified for the decimal property 'OveMoney' on entity type 'HROvertime'. This will cause values to be silently truncated if they do not fit in the default precision and scale. Explicitly specify the SQL server column type that can accommodate all the values in 'OnModelCreating' using 'HasColumnType', specify precision and scale using 'HasPrecision', or configure a value converter using 'HasConversion'.
2026-05-07 10:08:05 | WRN | No store type was specified for the decimal property 'Wag1D1Hour' on entity type 'HRWage'. This will cause values to be silently truncated if they do not fit in the default precision and scale. Explicitly specify the SQL server column type that can accommodate all the values in 'OnModelCreating' using 'HasColumnType', specify precision and scale using 'HasPrecision', or configure a value converter using 'HasConversion'.
2026-05-07 10:08:05 | WRN | No store type was specified for the decimal property 'Wag2D1Hour' on entity type 'HRWage'. This will cause values to be silently truncated if they do not fit in the default precision and scale. Explicitly specify the SQL server column type that can accommodate all the values in 'OnModelCreating' using 'HasColumnType', specify precision and scale using 'HasPrecision', or configure a value converter using 'HasConversion'.
2026-05-07 10:08:05 | WRN | No store type was specified for the decimal property 'Wag4D3Hour' on entity type 'HRWage'. This will cause values to be silently truncated if they do not fit in the default precision and scale. Explicitly specify the SQL server column type that can accommodate all the values in 'OnModelCreating' using 'HasColumnType', specify precision and scale using 'HasPrecision', or configure a value converter using 'HasConversion'.
2026-05-07 10:08:05 | WRN | No store type was specified for the decimal property 'Wag5D3Hour' on entity type 'HRWage'. This will cause values to be silently truncated if they do not fit in the default precision and scale. Explicitly specify the SQL server column type that can accommodate all the values in 'OnModelCreating' using 'HasColumnType', specify precision and scale using 'HasPrecision', or configure a value converter using 'HasConversion'.
2026-05-07 10:08:05 | WRN | No store type was specified for the decimal property 'Wag8D3Hour' on entity type 'HRWage'. This will cause values to be silently truncated if they do not fit in the default precision and scale. Explicitly specify the SQL server column type that can accommodate all the values in 'OnModelCreating' using 'HasColumnType', specify precision and scale using 'HasPrecision', or configure a value converter using 'HasConversion'.
2026-05-07 10:08:05 | WRN | No store type was specified for the decimal property 'WagApplyHour' on entity type 'HRWage'. This will cause values to be silently truncated if they do not fit in the default precision and scale. Explicitly specify the SQL server column type that can accommodate all the values in 'OnModelCreating' using 'HasColumnType', specify precision and scale using 'HasPrecision', or configure a value converter using 'HasConversion'.
2026-05-07 10:08:05 | WRN | No store type was specified for the decimal property 'WagIssueHour' on entity type 'HRWage'. This will cause values to be silently truncated if they do not fit in the default precision and scale. Explicitly specify the SQL server column type that can accommodate all the values in 'OnModelCreating' using 'HasColumnType', specify precision and scale using 'HasPrecision', or configure a value converter using 'HasConversion'.
2026-05-07 10:08:05 | WRN | No store type was specified for the decimal property 'WagSubtotal' on entity type 'HRWage'. This will cause values to be silently truncated if they do not fit in the default precision and scale. Explicitly specify the SQL server column type that can accommodate all the values in 'OnModelCreating' using 'HasColumnType', specify precision and scale using 'HasPrecision', or configure a value converter using 'HasConversion'.
2026-05-07 10:08:10 | WRN | The query uses the 'First'/'FirstOrDefault' operator without 'OrderBy' and filter operators. This may lead to unpredictable results.
2026-05-07 10:08:11 | INF | ACTION_TRACE | Acc=admin | Path=/ | IP=::1 | Start=2026-05-07 10:08:04.312 | Elapsed=7011ms | Status=Completed
2026-05-07 10:08:11 | INF | NETWORK_UNSTABLE | Acc=admin | Path=/ | Reason=SlowRequest 7011ms
2026-05-07 10:08:11 | INF | ACTION_TRACE | Acc=admin | Path=/Captcha/Generate | IP=::1 | Start=2026-05-07 10:08:11.530 | Elapsed=44ms | Status=Completed
2026-05-07 10:08:11 | INF | ACTION_TRACE | Acc=admin | Path=/DNTCaptchaImage/Show | IP=::1 | Start=2026-05-07 10:08:11.610 | Elapsed=181ms | Status=Completed
2026-05-07 10:08:37 | INF | ACTION_TRACE | Acc=admin | Path=/Account/Login | IP=::1 | Start=2026-05-07 10:08:29.297 | Elapsed=8495ms | Status=Completed
2026-05-07 10:08:37 | INF | NETWORK_UNSTABLE | Acc=admin | Path=/Account/Login | Reason=SlowRequest 8495ms
2026-05-07 10:08:38 | INF | ACTION_TRACE | Acc=admin | Path=/Home/Index | IP=::1 | Start=2026-05-07 10:08:37.806 | Elapsed=259ms | Status=Completed
2026-05-07 10:08:40 | INF | ACTION_TRACE | Acc=admin | Path=/Home/GetMenu | IP=::1 | Start=2026-05-07 10:08:39.972 | Elapsed=34ms | Status=Completed
2026-05-07 10:08:43 | INF | CONTROLLER_EXEC | Acc= admin | IP=::1 | Path=SYS201002/SYS201002 | Message=GET /SYS201002/SYS201002
2026-05-07 10:08:43 | INF | ACTION_TRACE | Acc=admin | Path=/SYS201002/SYS201002 | IP=::1 | Start=2026-05-07 10:08:43.642 | Elapsed=82ms | Status=Completed
2026-05-07 10:08:43 | INF | CONTROLLER_EXEC | Acc= admin | IP=::1 | Path=SYS201002/GetAllRoleList | Message=POST /SYS201002/GetAllRoleList
2026-05-07 10:08:43 | INF | ACTION_TRACE | Acc=admin | Path=/SYS201002/GetAllRoleList | IP=::1 | Start=2026-05-07 10:08:43.803 | Elapsed=58ms | Status=Completed
2026-05-07 10:08:46 | INF | CONTROLLER_EXEC | Acc= admin | IP=::1 | Path=SYS201002/GetPeople | Message=POST /SYS201002/GetPeople
2026-05-07 10:08:46 | INF | ACTION_TRACE | Acc=admin | Path=/SYS201002/GetPeople | IP=::1 | Start=2026-05-07 10:08:46.859 | Elapsed=41ms | Status=Completed
2026-05-07 10:08:49 | INF | CONTROLLER_EXEC | Acc= admin | IP=::1 | Path=SYS201002/GetPermission | Message=POST /SYS201002/GetPermission
2026-05-07 10:08:49 | INF | ACTION_TRACE | Acc=admin | Path=/SYS201002/GetPermission | IP=::1 | Start=2026-05-07 10:08:49.628 | Elapsed=65ms | Status=Completed
2026-05-07 10:09:02 | INF | CONTROLLER_EXEC | Acc= admin | IP=::1 | Path=SYS201002/UpdatePermission | Message=POST /SYS201002/UpdatePermission
2026-05-07 10:09:02 | INF | ACTION_TRACE | Acc=admin | Path=/SYS201002/UpdatePermission | IP=::1 | Start=2026-05-07 10:09:02.287 | Elapsed=482ms | Status=Completed
2026-05-07 10:09:03 | INF | CONTROLLER_EXEC | Acc= admin | IP=::1 | Path=SYS201002/SYS201002 | Message=GET /SYS201002/SYS201002
2026-05-07 10:09:03 | INF | ACTION_TRACE | Acc=admin | Path=/SYS201002/SYS201002 | IP=::1 | Start=2026-05-07 10:09:03.728 | Elapsed=4ms | Status=Completed
2026-05-07 10:09:03 | INF | CONTROLLER_EXEC | Acc= admin | IP=::1 | Path=SYS201002/GetAllRoleList | Message=POST /SYS201002/GetAllRoleList
2026-05-07 10:09:03 | INF | ACTION_TRACE | Acc=admin | Path=/SYS201002/GetAllRoleList | IP=::1 | Start=2026-05-07 10:09:03.747 | Elapsed=4ms | Status=Completed
2026-05-07 10:09:04 | INF | CONTROLLER_EXEC | Acc= admin | IP=::1 | Path=SYS201002/GetPermission | Message=POST /SYS201002/GetPermission
2026-05-07 10:09:04 | INF | ACTION_TRACE | Acc=admin | Path=/SYS201002/GetPermission | IP=::1 | Start=2026-05-07 10:09:04.879 | Elapsed=42ms | Status=Completed
2026-05-07 10:09:10 | INF | CONTROLLER_EXEC | Acc= admin | IP=::1 | Path=SYS201002/GetRoleByNo | Message=GET /SYS201002/GetRoleByNo
2026-05-07 10:09:10 | INF | ACTION_TRACE | Acc=admin | Path=/SYS201002/GetRoleByNo | IP=::1 | Start=2026-05-07 10:09:10.526 | Elapsed=25ms | Status=Completed
2026-05-07 10:09:14 | INF | CONTROLLER_EXEC | Acc= admin | IP=::1 | Path=SYS201002/UpdateRole | Message=POST /SYS201002/UpdateRole
2026-05-07 10:09:14 | INF | ACTION_TRACE | Acc=admin | Path=/SYS201002/UpdateRole | IP=::1 | Start=2026-05-07 10:09:14.556 | Elapsed=69ms | Status=Completed
2026-05-07 10:09:15 | INF | CONTROLLER_EXEC | Acc= admin | IP=::1 | Path=SYS201002/SYS201002 | Message=GET /SYS201002/SYS201002
2026-05-07 10:09:15 | INF | ACTION_TRACE | Acc=admin | Path=/SYS201002/SYS201002 | IP=::1 | Start=2026-05-07 10:09:15.579 | Elapsed=6ms | Status=Completed
2026-05-07 10:09:15 | INF | CONTROLLER_EXEC | Acc= admin | IP=::1 | Path=SYS201002/GetAllRoleList | Message=POST /SYS201002/GetAllRoleList
2026-05-07 10:09:15 | INF | ACTION_TRACE | Acc=admin | Path=/SYS201002/GetAllRoleList | IP=::1 | Start=2026-05-07 10:09:15.603 | Elapsed=3ms | Status=Completed
2026-05-07 10:11:58 | WRN | No store type was specified for the decimal property 'OveMoney' on entity type 'HROvertime'. This will cause values to be silently truncated if they do not fit in the default precision and scale. Explicitly specify the SQL server column type that can accommodate all the values in 'OnModelCreating' using 'HasColumnType', specify precision and scale using 'HasPrecision', or configure a value converter using 'HasConversion'.
2026-05-07 10:11:58 | WRN | No store type was specified for the decimal property 'Wag1D1Hour' on entity type 'HRWage'. This will cause values to be silently truncated if they do not fit in the default precision and scale. Explicitly specify the SQL server column type that can accommodate all the values in 'OnModelCreating' using 'HasColumnType', specify precision and scale using 'HasPrecision', or configure a value converter using 'HasConversion'.
2026-05-07 10:11:58 | WRN | No store type was specified for the decimal property 'Wag2D1Hour' on entity type 'HRWage'. This will cause values to be silently truncated if they do not fit in the default precision and scale. Explicitly specify the SQL server column type that can accommodate all the values in 'OnModelCreating' using 'HasColumnType', specify precision and scale using 'HasPrecision', or configure a value converter using 'HasConversion'.
2026-05-07 10:11:58 | WRN | No store type was specified for the decimal property 'Wag4D3Hour' on entity type 'HRWage'. This will cause values to be silently truncated if they do not fit in the default precision and scale. Explicitly specify the SQL server column type that can accommodate all the values in 'OnModelCreating' using 'HasColumnType', specify precision and scale using 'HasPrecision', or configure a value converter using 'HasConversion'.
2026-05-07 10:11:58 | WRN | No store type was specified for the decimal property 'Wag5D3Hour' on entity type 'HRWage'. This will cause values to be silently truncated if they do not fit in the default precision and scale. Explicitly specify the SQL server column type that can accommodate all the values in 'OnModelCreating' using 'HasColumnType', specify precision and scale using 'HasPrecision', or configure a value converter using 'HasConversion'.
2026-05-07 10:11:58 | WRN | No store type was specified for the decimal property 'Wag8D3Hour' on entity type 'HRWage'. This will cause values to be silently truncated if they do not fit in the default precision and scale. Explicitly specify the SQL server column type that can accommodate all the values in 'OnModelCreating' using 'HasColumnType', specify precision and scale using 'HasPrecision', or configure a value converter using 'HasConversion'.
2026-05-07 10:11:58 | WRN | No store type was specified for the decimal property 'WagApplyHour' on entity type 'HRWage'. This will cause values to be silently truncated if they do not fit in the default precision and scale. Explicitly specify the SQL server column type that can accommodate all the values in 'OnModelCreating' using 'HasColumnType', specify precision and scale using 'HasPrecision', or configure a value converter using 'HasConversion'.
2026-05-07 10:11:58 | WRN | No store type was specified for the decimal property 'WagIssueHour' on entity type 'HRWage'. This will cause values to be silently truncated if they do not fit in the default precision and scale. Explicitly specify the SQL server column type that can accommodate all the values in 'OnModelCreating' using 'HasColumnType', specify precision and scale using 'HasPrecision', or configure a value converter using 'HasConversion'.
2026-05-07 10:11:58 | WRN | No store type was specified for the decimal property 'WagSubtotal' on entity type 'HRWage'. This will cause values to be silently truncated if they do not fit in the default precision and scale. Explicitly specify the SQL server column type that can accommodate all the values in 'OnModelCreating' using 'HasColumnType', specify precision and scale using 'HasPrecision', or configure a value converter using 'HasConversion'.
2026-05-07 10:12:03 | WRN | The query uses the 'First'/'FirstOrDefault' operator without 'OrderBy' and filter operators. This may lead to unpredictable results.
2026-05-07 10:12:04 | INF | ACTION_TRACE | Acc=admin | Path=/ | IP=::1 | Start=2026-05-07 10:11:57.609 | Elapsed=7083ms | Status=Completed
2026-05-07 10:12:04 | INF | NETWORK_UNSTABLE | Acc=admin | Path=/ | Reason=SlowRequest 7083ms
2026-05-07 10:12:04 | INF | ACTION_TRACE | Acc=admin | Path=/Captcha/Generate | IP=::1 | Start=2026-05-07 10:12:04.906 | Elapsed=38ms | Status=Completed
2026-05-07 10:12:05 | INF | ACTION_TRACE | Acc=admin | Path=/DNTCaptchaImage/Show | IP=::1 | Start=2026-05-07 10:12:04.996 | Elapsed=116ms | Status=Completed
2026-05-07 10:12:17 | INF | ACTION_TRACE | Acc=admin | Path=/Account/Login | IP=::1 | Start=2026-05-07 10:12:11.239 | Elapsed=6324ms | Status=Completed
2026-05-07 10:12:17 | INF | NETWORK_UNSTABLE | Acc=admin | Path=/Account/Login | Reason=SlowRequest 6324ms
2026-05-07 10:12:17 | INF | ACTION_TRACE | Acc=admin | Path=/Home/Index | IP=::1 | Start=2026-05-07 10:12:17.578 | Elapsed=278ms | Status=Completed
2026-05-07 10:12:19 | INF | ACTION_TRACE | Acc=admin | Path=/Home/GetMenu | IP=::1 | Start=2026-05-07 10:12:19.581 | Elapsed=45ms | Status=Completed
2026-05-07 10:12:22 | INF | CONTROLLER_EXEC | Acc= admin | IP=::1 | Path=SYS201002/SYS201002 | Message=GET /SYS201002/SYS201002
2026-05-07 10:12:22 | INF | ACTION_TRACE | Acc=admin | Path=/SYS201002/SYS201002 | IP=::1 | Start=2026-05-07 10:12:22.295 | Elapsed=90ms | Status=Completed
2026-05-07 10:12:22 | INF | CONTROLLER_EXEC | Acc= admin | IP=::1 | Path=SYS201002/GetAllRoleList | Message=POST /SYS201002/GetAllRoleList
2026-05-07 10:12:22 | INF | ACTION_TRACE | Acc=admin | Path=/SYS201002/GetAllRoleList | IP=::1 | Start=2026-05-07 10:12:22.431 | Elapsed=56ms | Status=Completed
2026-05-07 10:12:25 | INF | CONTROLLER_EXEC | Acc= admin | IP=::1 | Path=SYS201002/GetPeople | Message=POST /SYS201002/GetPeople
2026-05-07 10:12:25 | INF | ACTION_TRACE | Acc=admin | Path=/SYS201002/GetPeople | IP=::1 | Start=2026-05-07 10:12:25.256 | Elapsed=62ms | Status=Completed
2026-05-07 10:12:28 | INF | ACTION_TRACE | Acc=admin | Path=/.well-known/appspecific/com.chrome.devtools.json | IP=::1 | Start=2026-05-07 10:12:28.079 | Elapsed=0ms | Status=Completed
2026-05-07 10:12:28 | INF | ACTION_TRACE | Acc=admin | Path=/lib/html-to-image/html-to-image.js.map | IP=::1 | Start=2026-05-07 10:12:28.165 | Elapsed=0ms | Status=Completed
2026-05-07 10:12:28 | INF | ACTION_TRACE | Acc=admin | Path=/sm/6cf3a2be173716d0e4726c68ef6634f00cefa4e7428560c2debae6f24389d3c1.map | IP=::1 | Start=2026-05-07 10:12:28.225 | Elapsed=0ms | Status=Completed
2026-05-07 10:12:28 | INF | ACTION_TRACE | Acc=admin | Path=/Home/Index | IP=::1 | Start=2026-05-07 10:12:28.478 | Elapsed=42ms | Status=Completed
2026-05-07 10:12:28 | INF | ACTION_TRACE | Acc=admin | Path=/.well-known/appspecific/com.chrome.devtools.json | IP=::1 | Start=2026-05-07 10:12:28.735 | Elapsed=0ms | Status=Completed
2026-05-07 10:12:28 | INF | ACTION_TRACE | Acc=admin | Path=/Home/Index | IP=::1 | Start=2026-05-07 10:12:28.780 | Elapsed=59ms | Status=Completed
2026-05-07 10:12:29 | INF | ACTION_TRACE | Acc=admin | Path=/.well-known/appspecific/com.chrome.devtools.json | IP=::1 | Start=2026-05-07 10:12:29.073 | Elapsed=0ms | Status=Completed
2026-05-07 10:12:29 | INF | ACTION_TRACE | Acc=admin | Path=/lib/html-to-image/html-to-image.js.map | IP=::1 | Start=2026-05-07 10:12:29.192 | Elapsed=0ms | Status=Completed
2026-05-07 10:12:32 | INF | ACTION_TRACE | Acc=admin | Path=/Home/GetMenu | IP=::1 | Start=2026-05-07 10:12:32.626 | Elapsed=27ms | Status=Completed
2026-05-07 10:12:35 | INF | CONTROLLER_EXEC | Acc= admin | IP=::1 | Path=SYS201002/SYS201002 | Message=GET /SYS201002/SYS201002
2026-05-07 10:12:35 | INF | ACTION_TRACE | Acc=admin | Path=/SYS201002/SYS201002 | IP=::1 | Start=2026-05-07 10:12:35.044 | Elapsed=7ms | Status=Completed
2026-05-07 10:12:35 | INF | CONTROLLER_EXEC | Acc= admin | IP=::1 | Path=SYS201002/GetAllRoleList | Message=POST /SYS201002/GetAllRoleList
2026-05-07 10:12:35 | INF | ACTION_TRACE | Acc=admin | Path=/SYS201002/GetAllRoleList | IP=::1 | Start=2026-05-07 10:12:35.094 | Elapsed=3ms | Status=Completed
2026-05-07 10:12:35 | INF | CONTROLLER_EXEC | Acc= admin | IP=::1 | Path=SYS201002/GetPeople | Message=POST /SYS201002/GetPeople
2026-05-07 10:12:35 | INF | ACTION_TRACE | Acc=admin | Path=/SYS201002/GetPeople | IP=::1 | Start=2026-05-07 10:12:35.986 | Elapsed=4ms | Status=Completed
2026-05-07 10:12:38 | INF | CONTROLLER_EXEC | Acc= admin | IP=::1 | Path=SYS201002/GetPermission | Message=POST /SYS201002/GetPermission
2026-05-07 10:12:38 | INF | ACTION_TRACE | Acc=admin | Path=/SYS201002/GetPermission | IP=::1 | Start=2026-05-07 10:12:38.478 | Elapsed=87ms | Status=Completed
2026-05-07 10:12:43 | INF | CONTROLLER_EXEC | Acc= admin | IP=::1 | Path=SYS201002/UpdatePermission | Message=POST /SYS201002/UpdatePermission
2026-05-07 10:12:43 | INF | ACTION_TRACE | Acc=admin | Path=/SYS201002/UpdatePermission | IP=::1 | Start=2026-05-07 10:12:43.105 | Elapsed=96ms | Status=Completed
2026-05-07 10:12:44 | INF | CONTROLLER_EXEC | Acc= admin | IP=::1 | Path=SYS201002/SYS201002 | Message=GET /SYS201002/SYS201002
2026-05-07 10:12:44 | INF | ACTION_TRACE | Acc=admin | Path=/SYS201002/SYS201002 | IP=::1 | Start=2026-05-07 10:12:44.215 | Elapsed=5ms | Status=Completed
2026-05-07 10:12:44 | INF | CONTROLLER_EXEC | Acc= admin | IP=::1 | Path=SYS201002/GetAllRoleList | Message=POST /SYS201002/GetAllRoleList
2026-05-07 10:12:44 | INF | ACTION_TRACE | Acc=admin | Path=/SYS201002/GetAllRoleList | IP=::1 | Start=2026-05-07 10:12:44.236 | Elapsed=2ms | Status=Completed
2026-05-07 10:12:45 | INF | CONTROLLER_EXEC | Acc= admin | IP=::1 | Path=SYS201002/GetPermission | Message=POST /SYS201002/GetPermission
2026-05-07 10:12:45 | INF | ACTION_TRACE | Acc=admin | Path=/SYS201002/GetPermission | IP=::1 | Start=2026-05-07 10:12:45.402 | Elapsed=45ms | Status=Completed
2026-05-07 10:12:50 | INF | CONTROLLER_EXEC | Acc= admin | IP=::1 | Path=SYS201002/UpdatePermission | Message=POST /SYS201002/UpdatePermission
2026-05-07 10:12:50 | INF | ACTION_TRACE | Acc=admin | Path=/SYS201002/UpdatePermission | IP=::1 | Start=2026-05-07 10:12:50.927 | Elapsed=50ms | Status=Completed
2026-05-07 10:12:51 | INF | CONTROLLER_EXEC | Acc= admin | IP=::1 | Path=SYS201002/SYS201002 | Message=GET /SYS201002/SYS201002
2026-05-07 10:12:51 | INF | ACTION_TRACE | Acc=admin | Path=/SYS201002/SYS201002 | IP=::1 | Start=2026-05-07 10:12:51.909 | Elapsed=4ms | Status=Completed
2026-05-07 10:12:51 | INF | CONTROLLER_EXEC | Acc= admin | IP=::1 | Path=SYS201002/GetAllRoleList | Message=POST /SYS201002/GetAllRoleList
2026-05-07 10:12:51 | INF | ACTION_TRACE | Acc=admin | Path=/SYS201002/GetAllRoleList | IP=::1 | Start=2026-05-07 10:12:51.932 | Elapsed=2ms | Status=Completed
2026-05-07 10:12:53 | INF | CONTROLLER_EXEC | Acc= admin | IP=::1 | Path=SYS201002/GetRoleByNo | Message=GET /SYS201002/GetRoleByNo
2026-05-07 10:12:53 | INF | ACTION_TRACE | Acc=admin | Path=/SYS201002/GetRoleByNo | IP=::1 | Start=2026-05-07 10:12:53.525 | Elapsed=18ms | Status=Completed
2026-05-07 10:12:57 | INF | CONTROLLER_EXEC | Acc= admin | IP=::1 | Path=SYS201002/UpdateRole | Message=POST /SYS201002/UpdateRole
2026-05-07 10:12:57 | INF | ACTION_TRACE | Acc=admin | Path=/SYS201002/UpdateRole | IP=::1 | Start=2026-05-07 10:12:56.806 | Elapsed=386ms | Status=Completed
2026-05-07 10:12:58 | INF | CONTROLLER_EXEC | Acc= admin | IP=::1 | Path=SYS201002/SYS201002 | Message=GET /SYS201002/SYS201002
2026-05-07 10:12:58 | INF | ACTION_TRACE | Acc=admin | Path=/SYS201002/SYS201002 | IP=::1 | Start=2026-05-07 10:12:58.749 | Elapsed=2ms | Status=Completed
2026-05-07 10:12:58 | INF | CONTROLLER_EXEC | Acc= admin | IP=::1 | Path=SYS201002/GetAllRoleList | Message=POST /SYS201002/GetAllRoleList
2026-05-07 10:12:58 | INF | ACTION_TRACE | Acc=admin | Path=/SYS201002/GetAllRoleList | IP=::1 | Start=2026-05-07 10:12:58.769 | Elapsed=2ms | Status=Completed
2026-05-07 10:13:00 | INF | CONTROLLER_EXEC | Acc= admin | IP=::1 | Path=SYS201002/GetPermission | Message=POST /SYS201002/GetPermission
2026-05-07 10:13:00 | INF | ACTION_TRACE | Acc=admin | Path=/SYS201002/GetPermission | IP=::1 | Start=2026-05-07 10:13:00.176 | Elapsed=5ms | Status=Completed
2026-05-07 10:13:18 | INF | CONTROLLER_EXEC | Acc= admin | IP=::1 | Path=SYS201002/UpdatePermission | Message=POST /SYS201002/UpdatePermission
2026-05-07 10:13:18 | INF | ACTION_TRACE | Acc=admin | Path=/SYS201002/UpdatePermission | IP=::1 | Start=2026-05-07 10:13:18.401 | Elapsed=93ms | Status=Completed
2026-05-07 10:13:19 | INF | CONTROLLER_EXEC | Acc= admin | IP=::1 | Path=SYS201002/SYS201002 | Message=GET /SYS201002/SYS201002
2026-05-07 10:13:19 | INF | ACTION_TRACE | Acc=admin | Path=/SYS201002/SYS201002 | IP=::1 | Start=2026-05-07 10:13:19.371 | Elapsed=5ms | Status=Completed
2026-05-07 10:13:19 | INF | CONTROLLER_EXEC | Acc= admin | IP=::1 | Path=SYS201002/GetAllRoleList | Message=POST /SYS201002/GetAllRoleList
2026-05-07 10:13:19 | INF | ACTION_TRACE | Acc=admin | Path=/SYS201002/GetAllRoleList | IP=::1 | Start=2026-05-07 10:13:19.392 | Elapsed=3ms | Status=Completed
2026-05-07 10:13:21 | INF | CONTROLLER_EXEC | Acc= admin | IP=::1 | Path=SYS201002/GetRoleByNo | Message=GET /SYS201002/GetRoleByNo
2026-05-07 10:13:21 | INF | ACTION_TRACE | Acc=admin | Path=/SYS201002/GetRoleByNo | IP=::1 | Start=2026-05-07 10:13:21.857 | Elapsed=4ms | Status=Completed
2026-05-07 10:13:24 | INF | CONTROLLER_EXEC | Acc= admin | IP=::1 | Path=SYS201002/GetPermission | Message=POST /SYS201002/GetPermission
2026-05-07 10:13:24 | INF | ACTION_TRACE | Acc=admin | Path=/SYS201002/GetPermission | IP=::1 | Start=2026-05-07 10:13:24.002 | Elapsed=51ms | Status=Completed
2026-05-07 10:13:34 | INF | CONTROLLER_EXEC | Acc= admin | IP=::1 | Path=SYS201002/UpdatePermission | Message=POST /SYS201002/UpdatePermission
2026-05-07 10:13:34 | INF | ACTION_TRACE | Acc=admin | Path=/SYS201002/UpdatePermission | IP=::1 | Start=2026-05-07 10:13:34.814 | Elapsed=100ms | Status=Completed
2026-05-07 10:13:35 | INF | CONTROLLER_EXEC | Acc= admin | IP=::1 | Path=SYS201002/SYS201002 | Message=GET /SYS201002/SYS201002
2026-05-07 10:13:35 | INF | ACTION_TRACE | Acc=admin | Path=/SYS201002/SYS201002 | IP=::1 | Start=2026-05-07 10:13:35.746 | Elapsed=2ms | Status=Completed
2026-05-07 10:13:35 | INF | CONTROLLER_EXEC | Acc= admin | IP=::1 | Path=SYS201002/GetAllRoleList | Message=POST /SYS201002/GetAllRoleList
2026-05-07 10:13:35 | INF | ACTION_TRACE | Acc=admin | Path=/SYS201002/GetAllRoleList | IP=::1 | Start=2026-05-07 10:13:35.771 | Elapsed=3ms | Status=Completed
2026-05-07 10:13:37 | INF | CONTROLLER_EXEC | Acc= admin | IP=::1 | Path=SYS201002/GetPermission | Message=POST /SYS201002/GetPermission
2026-05-07 10:13:37 | INF | ACTION_TRACE | Acc=admin | Path=/SYS201002/GetPermission | IP=::1 | Start=2026-05-07 10:13:37.175 | Elapsed=53ms | Status=Completed
2026-05-07 10:13:42 | INF | CONTROLLER_EXEC | Acc= admin | IP=::1 | Path=SYS201002/UpdatePermission | Message=POST /SYS201002/UpdatePermission
2026-05-07 10:13:42 | INF | ACTION_TRACE | Acc=admin | Path=/SYS201002/UpdatePermission | IP=::1 | Start=2026-05-07 10:13:42.586 | Elapsed=46ms | Status=Completed
2026-05-07 10:13:43 | INF | CONTROLLER_EXEC | Acc= admin | IP=::1 | Path=SYS201002/SYS201002 | Message=GET /SYS201002/SYS201002
2026-05-07 10:13:43 | INF | ACTION_TRACE | Acc=admin | Path=/SYS201002/SYS201002 | IP=::1 | Start=2026-05-07 10:13:43.516 | Elapsed=2ms | Status=Completed
2026-05-07 10:13:43 | INF | CONTROLLER_EXEC | Acc= admin | IP=::1 | Path=SYS201002/GetAllRoleList | Message=POST /SYS201002/GetAllRoleList
2026-05-07 10:13:43 | INF | ACTION_TRACE | Acc=admin | Path=/SYS201002/GetAllRoleList | IP=::1 | Start=2026-05-07 10:13:43.536 | Elapsed=4ms | Status=Completed
2026-05-07 10:13:44 | INF | CONTROLLER_EXEC | Acc= admin | IP=::1 | Path=SYS201002/GetPermission | Message=POST /SYS201002/GetPermission
2026-05-07 10:13:44 | INF | ACTION_TRACE | Acc=admin | Path=/SYS201002/GetPermission | IP=::1 | Start=2026-05-07 10:13:44.448 | Elapsed=47ms | Status=Completed
2026-05-07 10:26:34 | WRN | No store type was specified for the decimal property 'OveMoney' on entity type 'HROvertime'. This will cause values to be silently truncated if they do not fit in the default precision and scale. Explicitly specify the SQL server column type that can accommodate all the values in 'OnModelCreating' using 'HasColumnType', specify precision and scale using 'HasPrecision', or configure a value converter using 'HasConversion'.
2026-05-07 10:26:34 | WRN | No store type was specified for the decimal property 'Wag1D1Hour' on entity type 'HRWage'. This will cause values to be silently truncated if they do not fit in the default precision and scale. Explicitly specify the SQL server column type that can accommodate all the values in 'OnModelCreating' using 'HasColumnType', specify precision and scale using 'HasPrecision', or configure a value converter using 'HasConversion'.
2026-05-07 10:26:34 | WRN | No store type was specified for the decimal property 'Wag2D1Hour' on entity type 'HRWage'. This will cause values to be silently truncated if they do not fit in the default precision and scale. Explicitly specify the SQL server column type that can accommodate all the values in 'OnModelCreating' using 'HasColumnType', specify precision and scale using 'HasPrecision', or configure a value converter using 'HasConversion'.
2026-05-07 10:26:34 | WRN | No store type was specified for the decimal property 'Wag4D3Hour' on entity type 'HRWage'. This will cause values to be silently truncated if they do not fit in the default precision and scale. Explicitly specify the SQL server column type that can accommodate all the values in 'OnModelCreating' using 'HasColumnType', specify precision and scale using 'HasPrecision', or configure a value converter using 'HasConversion'.
2026-05-07 10:26:34 | WRN | No store type was specified for the decimal property 'Wag5D3Hour' on entity type 'HRWage'. This will cause values to be silently truncated if they do not fit in the default precision and scale. Explicitly specify the SQL server column type that can accommodate all the values in 'OnModelCreating' using 'HasColumnType', specify precision and scale using 'HasPrecision', or configure a value converter using 'HasConversion'.
2026-05-07 10:26:34 | WRN | No store type was specified for the decimal property 'Wag8D3Hour' on entity type 'HRWage'. This will cause values to be silently truncated if they do not fit in the default precision and scale. Explicitly specify the SQL server column type that can accommodate all the values in 'OnModelCreating' using 'HasColumnType', specify precision and scale using 'HasPrecision', or configure a value converter using 'HasConversion'.
2026-05-07 10:26:34 | WRN | No store type was specified for the decimal property 'WagApplyHour' on entity type 'HRWage'. This will cause values to be silently truncated if they do not fit in the default precision and scale. Explicitly specify the SQL server column type that can accommodate all the values in 'OnModelCreating' using 'HasColumnType', specify precision and scale using 'HasPrecision', or configure a value converter using 'HasConversion'.
2026-05-07 10:26:34 | WRN | No store type was specified for the decimal property 'WagIssueHour' on entity type 'HRWage'. This will cause values to be silently truncated if they do not fit in the default precision and scale. Explicitly specify the SQL server column type that can accommodate all the values in 'OnModelCreating' using 'HasColumnType', specify precision and scale using 'HasPrecision', or configure a value converter using 'HasConversion'.
2026-05-07 10:26:34 | WRN | No store type was specified for the decimal property 'WagSubtotal' on entity type 'HRWage'. This will cause values to be silently truncated if they do not fit in the default precision and scale. Explicitly specify the SQL server column type that can accommodate all the values in 'OnModelCreating' using 'HasColumnType', specify precision and scale using 'HasPrecision', or configure a value converter using 'HasConversion'.
2026-05-07 10:26:39 | WRN | The query uses the 'First'/'FirstOrDefault' operator without 'OrderBy' and filter operators. This may lead to unpredictable results.
2026-05-07 10:26:40 | INF | ACTION_TRACE | Acc=admin | Path=/ | IP=::1 | Start=2026-05-07 10:26:33.258 | Elapsed=6982ms | Status=Completed
2026-05-07 10:26:40 | INF | NETWORK_UNSTABLE | Acc=admin | Path=/ | Reason=SlowRequest 6982ms
2026-05-07 10:26:40 | INF | ACTION_TRACE | Acc=admin | Path=/Captcha/Generate | IP=::1 | Start=2026-05-07 10:26:40.445 | Elapsed=33ms | Status=Completed
2026-05-07 10:26:40 | INF | ACTION_TRACE | Acc=admin | Path=/DNTCaptchaImage/Show | IP=::1 | Start=2026-05-07 10:26:40.508 | Elapsed=110ms | Status=Completed
2026-05-07 10:27:07 | INF | ACTION_TRACE | Acc=admin | Path=/Account/Login | IP=::1 | Start=2026-05-07 10:27:00.104 | Elapsed=7657ms | Status=Completed
2026-05-07 10:27:07 | INF | NETWORK_UNSTABLE | Acc=admin | Path=/Account/Login | Reason=SlowRequest 7657ms
2026-05-07 10:27:08 | INF | ACTION_TRACE | Acc=admin | Path=/Home/Index | IP=::1 | Start=2026-05-07 10:27:07.774 | Elapsed=249ms | Status=Completed
2026-05-07 10:27:10 | INF | ACTION_TRACE | Acc=admin | Path=/Home/GetMenu | IP=::1 | Start=2026-05-07 10:27:10.666 | Elapsed=36ms | Status=Completed
2026-05-07 10:27:16 | INF | CONTROLLER_EXEC | Acc= admin | IP=::1 | Path=SYS201002/SYS201002 | Message=GET /SYS201002/SYS201002
2026-05-07 10:27:16 | INF | ACTION_TRACE | Acc=admin | Path=/SYS201002/SYS201002 | IP=::1 | Start=2026-05-07 10:27:16.374 | Elapsed=82ms | Status=Completed
2026-05-07 10:27:16 | INF | CONTROLLER_EXEC | Acc= admin | IP=::1 | Path=SYS201002/GetAllRoleList | Message=POST /SYS201002/GetAllRoleList
2026-05-07 10:27:16 | INF | ACTION_TRACE | Acc=admin | Path=/SYS201002/GetAllRoleList | IP=::1 | Start=2026-05-07 10:27:16.501 | Elapsed=67ms | Status=Completed
2026-05-07 10:27:19 | INF | CONTROLLER_EXEC | Acc= admin | IP=::1 | Path=SYS201002/GetPermission | Message=POST /SYS201002/GetPermission
2026-05-07 10:27:19 | INF | ACTION_TRACE | Acc=admin | Path=/SYS201002/GetPermission | IP=::1 | Start=2026-05-07 10:27:19.202 | Elapsed=99ms | Status=Completed
2026-05-07 10:27:27 | INF | CONTROLLER_EXEC | Acc= admin | IP=::1 | Path=SYS201002/UpdatePermission | Message=POST /SYS201002/UpdatePermission
2026-05-07 10:27:27 | INF | ACTION_TRACE | Acc=admin | Path=/SYS201002/UpdatePermission | IP=::1 | Start=2026-05-07 10:27:27.243 | Elapsed=506ms | Status=Completed
2026-05-07 10:27:31 | INF | CONTROLLER_EXEC | Acc= admin | IP=::1 | Path=SYS201002/SYS201002 | Message=GET /SYS201002/SYS201002
2026-05-07 10:27:31 | INF | ACTION_TRACE | Acc=admin | Path=/SYS201002/SYS201002 | IP=::1 | Start=2026-05-07 10:27:31.109 | Elapsed=3ms | Status=Completed
2026-05-07 10:27:31 | INF | CONTROLLER_EXEC | Acc= admin | IP=::1 | Path=SYS201002/GetAllRoleList | Message=POST /SYS201002/GetAllRoleList
2026-05-07 10:27:31 | INF | ACTION_TRACE | Acc=admin | Path=/SYS201002/GetAllRoleList | IP=::1 | Start=2026-05-07 10:27:31.132 | Elapsed=4ms | Status=Completed
2026-05-07 10:27:33 | INF | CONTROLLER_EXEC | Acc= admin | IP=::1 | Path=SYS201002/GetRoleByNo | Message=GET /SYS201002/GetRoleByNo
2026-05-07 10:27:33 | INF | ACTION_TRACE | Acc=admin | Path=/SYS201002/GetRoleByNo | IP=::1 | Start=2026-05-07 10:27:33.150 | Elapsed=23ms | Status=Completed
2026-05-07 10:27:35 | INF | CONTROLLER_EXEC | Acc= admin | IP=::1 | Path=SYS201002/GetPermission | Message=POST /SYS201002/GetPermission
2026-05-07 10:27:35 | INF | ACTION_TRACE | Acc=admin | Path=/SYS201002/GetPermission | IP=::1 | Start=2026-05-07 10:27:35.812 | Elapsed=7ms | Status=Completed
2026-05-07 10:47:01 | WRN | No store type was specified for the decimal property 'OveMoney' on entity type 'HROvertime'. This will cause values to be silently truncated if they do not fit in the default precision and scale. Explicitly specify the SQL server column type that can accommodate all the values in 'OnModelCreating' using 'HasColumnType', specify precision and scale using 'HasPrecision', or configure a value converter using 'HasConversion'.
2026-05-07 10:47:01 | WRN | No store type was specified for the decimal property 'Wag1D1Hour' on entity type 'HRWage'. This will cause values to be silently truncated if they do not fit in the default precision and scale. Explicitly specify the SQL server column type that can accommodate all the values in 'OnModelCreating' using 'HasColumnType', specify precision and scale using 'HasPrecision', or configure a value converter using 'HasConversion'.
2026-05-07 10:47:01 | WRN | No store type was specified for the decimal property 'Wag2D1Hour' on entity type 'HRWage'. This will cause values to be silently truncated if they do not fit in the default precision and scale. Explicitly specify the SQL server column type that can accommodate all the values in 'OnModelCreating' using 'HasColumnType', specify precision and scale using 'HasPrecision', or configure a value converter using 'HasConversion'.
2026-05-07 10:47:01 | WRN | No store type was specified for the decimal property 'Wag4D3Hour' on entity type 'HRWage'. This will cause values to be silently truncated if they do not fit in the default precision and scale. Explicitly specify the SQL server column type that can accommodate all the values in 'OnModelCreating' using 'HasColumnType', specify precision and scale using 'HasPrecision', or configure a value converter using 'HasConversion'.
2026-05-07 10:47:01 | WRN | No store type was specified for the decimal property 'Wag5D3Hour' on entity type 'HRWage'. This will cause values to be silently truncated if they do not fit in the default precision and scale. Explicitly specify the SQL server column type that can accommodate all the values in 'OnModelCreating' using 'HasColumnType', specify precision and scale using 'HasPrecision', or configure a value converter using 'HasConversion'.
2026-05-07 10:47:01 | WRN | No store type was specified for the decimal property 'Wag8D3Hour' on entity type 'HRWage'. This will cause values to be silently truncated if they do not fit in the default precision and scale. Explicitly specify the SQL server column type that can accommodate all the values in 'OnModelCreating' using 'HasColumnType', specify precision and scale using 'HasPrecision', or configure a value converter using 'HasConversion'.
2026-05-07 10:47:01 | WRN | No store type was specified for the decimal property 'WagApplyHour' on entity type 'HRWage'. This will cause values to be silently truncated if they do not fit in the default precision and scale. Explicitly specify the SQL server column type that can accommodate all the values in 'OnModelCreating' using 'HasColumnType', specify precision and scale using 'HasPrecision', or configure a value converter using 'HasConversion'.
2026-05-07 10:47:01 | WRN | No store type was specified for the decimal property 'WagIssueHour' on entity type 'HRWage'. This will cause values to be silently truncated if they do not fit in the default precision and scale. Explicitly specify the SQL server column type that can accommodate all the values in 'OnModelCreating' using 'HasColumnType', specify precision and scale using 'HasPrecision', or configure a value converter using 'HasConversion'.
2026-05-07 10:47:01 | WRN | No store type was specified for the decimal property 'WagSubtotal' on entity type 'HRWage'. This will cause values to be silently truncated if they do not fit in the default precision and scale. Explicitly specify the SQL server column type that can accommodate all the values in 'OnModelCreating' using 'HasColumnType', specify precision and scale using 'HasPrecision', or configure a value converter using 'HasConversion'.
2026-05-07 10:47:06 | WRN | The query uses the 'First'/'FirstOrDefault' operator without 'OrderBy' and filter operators. This may lead to unpredictable results.
2026-05-07 10:47:07 | INF | ACTION_TRACE | Acc=admin | Path=/ | IP=::1 | Start=2026-05-07 10:47:00.708 | Elapsed=7009ms | Status=Completed
2026-05-07 10:47:07 | INF | NETWORK_UNSTABLE | Acc=admin | Path=/ | Reason=SlowRequest 7009ms
2026-05-07 10:47:07 | INF | ACTION_TRACE | Acc=admin | Path=/Captcha/Generate | IP=::1 | Start=2026-05-07 10:47:07.954 | Elapsed=44ms | Status=Completed
2026-05-07 10:47:08 | INF | ACTION_TRACE | Acc=admin | Path=/DNTCaptchaImage/Show | IP=::1 | Start=2026-05-07 10:47:08.025 | Elapsed=119ms | Status=Completed
2026-05-07 10:47:19 | INF | ACTION_TRACE | Acc=admin | Path=/Account/Login | IP=::1 | Start=2026-05-07 10:47:12.634 | Elapsed=6792ms | Status=Completed
2026-05-07 10:47:19 | INF | NETWORK_UNSTABLE | Acc=admin | Path=/Account/Login | Reason=SlowRequest 6792ms
2026-05-07 10:47:19 | INF | ACTION_TRACE | Acc=admin | Path=/Home/Index | IP=::1 | Start=2026-05-07 10:47:19.439 | Elapsed=323ms | Status=Completed
2026-05-07 10:47:27 | INF | ACTION_TRACE | Acc=admin | Path=/Home/GetMenu | IP=::1 | Start=2026-05-07 10:47:27.835 | Elapsed=40ms | Status=Completed
2026-05-07 10:47:29 | INF | ACTION_TRACE | Acc=admin | Path=/Home/GetMenu | IP=::1 | Start=2026-05-07 10:47:29.457 | Elapsed=39ms | Status=Completed
2026-05-07 10:47:31 | INF | ACTION_TRACE | Acc=admin | Path=/Home/GetMenu | IP=::1 | Start=2026-05-07 10:47:30.998 | Elapsed=30ms | Status=Completed
2026-05-07 10:47:34 | INF | CONTROLLER_EXEC | Acc= admin | IP=::1 | Path=ATT111001/ATT111001 | Message=GET /ATT111001/ATT111001
2026-05-07 10:47:34 | INF | ACTION_TRACE | Acc=admin | Path=/ATT111001/ATT111001 | IP=::1 | Start=2026-05-07 10:47:34.402 | Elapsed=75ms | Status=Completed
2026-05-07 10:47:34 | INF | CONTROLLER_EXEC | Acc= admin | IP=::1 | Path=ATT111001/GetList | Message=POST /ATT111001/GetList
2026-05-07 10:47:34 | INF | ACTION_TRACE | Acc=admin | Path=/ATT111001/GetList | IP=::1 | Start=2026-05-07 10:47:34.519 | Elapsed=127ms | Status=Completed
2026-05-07 10:49:55 | INF | CONTROLLER_EXEC | Acc= admin | IP=::1 | Path=ATT111001/ATT111001 | Message=GET /ATT111001/ATT111001
2026-05-07 10:49:55 | INF | ACTION_TRACE | Acc=admin | Path=/ATT111001/ATT111001 | IP=::1 | Start=2026-05-07 10:49:55.992 | Elapsed=6ms | Status=Completed
2026-05-07 10:49:56 | INF | CONTROLLER_EXEC | Acc= admin | IP=::1 | Path=ATT111001/GetList | Message=POST /ATT111001/GetList
2026-05-07 10:49:56 | INF | ACTION_TRACE | Acc=admin | Path=/ATT111001/GetList | IP=::1 | Start=2026-05-07 10:49:56.019 | Elapsed=9ms | Status=Completed
2026-05-07 10:50:31 | INF | CONTROLLER_EXEC | Acc= admin | IP=::1 | Path=ATT111001/GetList | Message=POST /ATT111001/GetList
2026-05-07 10:50:31 | INF | ACTION_TRACE | Acc=admin | Path=/ATT111001/GetList | IP=::1 | Start=2026-05-07 10:50:31.121 | Elapsed=13ms | Status=Completed
2026-05-07 11:11:53 | WRN | No store type was specified for the decimal property 'OveMoney' on entity type 'HROvertime'. This will cause values to be silently truncated if they do not fit in the default precision and scale. Explicitly specify the SQL server column type that can accommodate all the values in 'OnModelCreating' using 'HasColumnType', specify precision and scale using 'HasPrecision', or configure a value converter using 'HasConversion'.
2026-05-07 11:11:53 | WRN | No store type was specified for the decimal property 'Wag1D1Hour' on entity type 'HRWage'. This will cause values to be silently truncated if they do not fit in the default precision and scale. Explicitly specify the SQL server column type that can accommodate all the values in 'OnModelCreating' using 'HasColumnType', specify precision and scale using 'HasPrecision', or configure a value converter using 'HasConversion'.
2026-05-07 11:11:53 | WRN | No store type was specified for the decimal property 'Wag2D1Hour' on entity type 'HRWage'. This will cause values to be silently truncated if they do not fit in the default precision and scale. Explicitly specify the SQL server column type that can accommodate all the values in 'OnModelCreating' using 'HasColumnType', specify precision and scale using 'HasPrecision', or configure a value converter using 'HasConversion'.
2026-05-07 11:11:53 | WRN | No store type was specified for the decimal property 'Wag4D3Hour' on entity type 'HRWage'. This will cause values to be silently truncated if they do not fit in the default precision and scale. Explicitly specify the SQL server column type that can accommodate all the values in 'OnModelCreating' using 'HasColumnType', specify precision and scale using 'HasPrecision', or configure a value converter using 'HasConversion'.
2026-05-07 11:11:53 | WRN | No store type was specified for the decimal property 'Wag5D3Hour' on entity type 'HRWage'. This will cause values to be silently truncated if they do not fit in the default precision and scale. Explicitly specify the SQL server column type that can accommodate all the values in 'OnModelCreating' using 'HasColumnType', specify precision and scale using 'HasPrecision', or configure a value converter using 'HasConversion'.
2026-05-07 11:11:53 | WRN | No store type was specified for the decimal property 'Wag8D3Hour' on entity type 'HRWage'. This will cause values to be silently truncated if they do not fit in the default precision and scale. Explicitly specify the SQL server column type that can accommodate all the values in 'OnModelCreating' using 'HasColumnType', specify precision and scale using 'HasPrecision', or configure a value converter using 'HasConversion'.
2026-05-07 11:11:53 | WRN | No store type was specified for the decimal property 'WagApplyHour' on entity type 'HRWage'. This will cause values to be silently truncated if they do not fit in the default precision and scale. Explicitly specify the SQL server column type that can accommodate all the values in 'OnModelCreating' using 'HasColumnType', specify precision and scale using 'HasPrecision', or configure a value converter using 'HasConversion'.
2026-05-07 11:11:53 | WRN | No store type was specified for the decimal property 'WagIssueHour' on entity type 'HRWage'. This will cause values to be silently truncated if they do not fit in the default precision and scale. Explicitly specify the SQL server column type that can accommodate all the values in 'OnModelCreating' using 'HasColumnType', specify precision and scale using 'HasPrecision', or configure a value converter using 'HasConversion'.
2026-05-07 11:11:53 | WRN | No store type was specified for the decimal property 'WagSubtotal' on entity type 'HRWage'. This will cause values to be silently truncated if they do not fit in the default precision and scale. Explicitly specify the SQL server column type that can accommodate all the values in 'OnModelCreating' using 'HasColumnType', specify precision and scale using 'HasPrecision', or configure a value converter using 'HasConversion'.
2026-05-07 11:11:58 | WRN | The query uses the 'First'/'FirstOrDefault' operator without 'OrderBy' and filter operators. This may lead to unpredictable results.
2026-05-07 11:11:59 | INF | ACTION_TRACE | Acc=admin | Path=/ | IP=::1 | Start=2026-05-07 11:11:52.846 | Elapsed=6973ms | Status=Completed
2026-05-07 11:11:59 | INF | NETWORK_UNSTABLE | Acc=admin | Path=/ | Reason=SlowRequest 6973ms
2026-05-07 11:12:00 | INF | ACTION_TRACE | Acc=admin | Path=/Captcha/Generate | IP=::1 | Start=2026-05-07 11:12:00.014 | Elapsed=36ms | Status=Completed
2026-05-07 11:12:00 | INF | ACTION_TRACE | Acc=admin | Path=/DNTCaptchaImage/Show | IP=::1 | Start=2026-05-07 11:12:00.098 | Elapsed=116ms | Status=Completed
2026-05-07 11:12:14 | INF | ACTION_TRACE | Acc=admin | Path=/Account/Login | IP=::1 | Start=2026-05-07 11:12:05.865 | Elapsed=8460ms | Status=Completed
2026-05-07 11:12:14 | INF | NETWORK_UNSTABLE | Acc=admin | Path=/Account/Login | Reason=SlowRequest 8460ms
2026-05-07 11:12:14 | INF | ACTION_TRACE | Acc=admin | Path=/Home/Index | IP=::1 | Start=2026-05-07 11:12:14.340 | Elapsed=243ms | Status=Completed
2026-05-07 11:12:18 | INF | ACTION_TRACE | Acc=admin | Path=/Home/GetMenu | IP=::1 | Start=2026-05-07 11:12:18.125 | Elapsed=470ms | Status=Completed
2026-05-07 11:12:20 | INF | ACTION_TRACE | Acc=admin | Path=/Home/GetMenu | IP=::1 | Start=2026-05-07 11:12:20.406 | Elapsed=85ms | Status=Completed
2026-05-07 11:12:24 | INF | CONTROLLER_EXEC | Acc= admin | IP=::1 | Path=ATT111001/ATT111001 | Message=GET /ATT111001/ATT111001
2026-05-07 11:12:24 | INF | ACTION_TRACE | Acc=admin | Path=/ATT111001/ATT111001 | IP=::1 | Start=2026-05-07 11:12:24.569 | Elapsed=76ms | Status=Completed
2026-05-07 11:12:24 | INF | CONTROLLER_EXEC | Acc= admin | IP=::1 | Path=ATT111001/GetList | Message=POST /ATT111001/GetList
2026-05-07 11:12:24 | INF | ACTION_TRACE | Acc=admin | Path=/ATT111001/GetList | IP=::1 | Start=2026-05-07 11:12:24.680 | Elapsed=90ms | Status=Completed
2026-05-07 11:12:28 | INF | ACTION_TRACE | Acc=admin | Path=/.well-known/appspecific/com.chrome.devtools.json | IP=::1 | Start=2026-05-07 11:12:28.276 | Elapsed=0ms | Status=Completed
2026-05-07 11:12:28 | INF | ACTION_TRACE | Acc=admin | Path=/lib/html-to-image/html-to-image.js.map | IP=::1 | Start=2026-05-07 11:12:28.371 | Elapsed=0ms | Status=Completed
2026-05-07 11:12:35 | INF | ACTION_TRACE | Acc=admin | Path=/Home/Index | IP=::1 | Start=2026-05-07 11:12:35.464 | Elapsed=25ms | Status=Completed
2026-05-07 11:12:35 | INF | ACTION_TRACE | Acc=admin | Path=/.well-known/appspecific/com.chrome.devtools.json | IP=::1 | Start=2026-05-07 11:12:35.580 | Elapsed=0ms | Status=Completed
2026-05-07 11:12:35 | INF | ACTION_TRACE | Acc=admin | Path=/lib/html-to-image/html-to-image.js.map | IP=::1 | Start=2026-05-07 11:12:35.697 | Elapsed=0ms | Status=Completed
2026-05-07 11:12:39 | INF | ACTION_TRACE | Acc=admin | Path=/Home/GetMenu | IP=::1 | Start=2026-05-07 11:12:39.435 | Elapsed=50ms | Status=Completed
2026-05-07 11:12:41 | INF | CONTROLLER_EXEC | Acc= admin | IP=::1 | Path=ATT111001/ATT111001 | Message=GET /ATT111001/ATT111001
2026-05-07 11:12:41 | INF | ACTION_TRACE | Acc=admin | Path=/ATT111001/ATT111001 | IP=::1 | Start=2026-05-07 11:12:41.358 | Elapsed=7ms | Status=Completed
2026-05-07 11:12:41 | INF | CONTROLLER_EXEC | Acc= admin | IP=::1 | Path=ATT111001/GetList | Message=POST /ATT111001/GetList
2026-05-07 11:12:41 | INF | ACTION_TRACE | Acc=admin | Path=/ATT111001/GetList | IP=::1 | Start=2026-05-07 11:12:41.503 | Elapsed=8ms | Status=Completed
2026-05-07 11:13:47 | INF | CONTROLLER_EXEC | Acc= admin | IP=::1 | Path=ATT111001/GetList | Message=POST /ATT111001/GetList
2026-05-07 11:13:47 | INF | ACTION_TRACE | Acc=admin | Path=/ATT111001/GetList | IP=::1 | Start=2026-05-07 11:13:47.888 | Elapsed=41ms | Status=Completed
2026-05-07 11:29:57 | WRN | No store type was specified for the decimal property 'OveMoney' on entity type 'HROvertime'. This will cause values to be silently truncated if they do not fit in the default precision and scale. Explicitly specify the SQL server column type that can accommodate all the values in 'OnModelCreating' using 'HasColumnType', specify precision and scale using 'HasPrecision', or configure a value converter using 'HasConversion'.
2026-05-07 11:29:57 | WRN | No store type was specified for the decimal property 'Wag1D1Hour' on entity type 'HRWage'. This will cause values to be silently truncated if they do not fit in the default precision and scale. Explicitly specify the SQL server column type that can accommodate all the values in 'OnModelCreating' using 'HasColumnType', specify precision and scale using 'HasPrecision', or configure a value converter using 'HasConversion'.
2026-05-07 11:29:57 | WRN | No store type was specified for the decimal property 'Wag2D1Hour' on entity type 'HRWage'. This will cause values to be silently truncated if they do not fit in the default precision and scale. Explicitly specify the SQL server column type that can accommodate all the values in 'OnModelCreating' using 'HasColumnType', specify precision and scale using 'HasPrecision', or configure a value converter using 'HasConversion'.
2026-05-07 11:29:57 | WRN | No store type was specified for the decimal property 'Wag4D3Hour' on entity type 'HRWage'. This will cause values to be silently truncated if they do not fit in the default precision and scale. Explicitly specify the SQL server column type that can accommodate all the values in 'OnModelCreating' using 'HasColumnType', specify precision and scale using 'HasPrecision', or configure a value converter using 'HasConversion'.
2026-05-07 11:29:57 | WRN | No store type was specified for the decimal property 'Wag5D3Hour' on entity type 'HRWage'. This will cause values to be silently truncated if they do not fit in the default precision and scale. Explicitly specify the SQL server column type that can accommodate all the values in 'OnModelCreating' using 'HasColumnType', specify precision and scale using 'HasPrecision', or configure a value converter using 'HasConversion'.
2026-05-07 11:29:57 | WRN | No store type was specified for the decimal property 'Wag8D3Hour' on entity type 'HRWage'. This will cause values to be silently truncated if they do not fit in the default precision and scale. Explicitly specify the SQL server column type that can accommodate all the values in 'OnModelCreating' using 'HasColumnType', specify precision and scale using 'HasPrecision', or configure a value converter using 'HasConversion'.
2026-05-07 11:29:57 | WRN | No store type was specified for the decimal property 'WagApplyHour' on entity type 'HRWage'. This will cause values to be silently truncated if they do not fit in the default precision and scale. Explicitly specify the SQL server column type that can accommodate all the values in 'OnModelCreating' using 'HasColumnType', specify precision and scale using 'HasPrecision', or configure a value converter using 'HasConversion'.
2026-05-07 11:29:57 | WRN | No store type was specified for the decimal property 'WagIssueHour' on entity type 'HRWage'. This will cause values to be silently truncated if they do not fit in the default precision and scale. Explicitly specify the SQL server column type that can accommodate all the values in 'OnModelCreating' using 'HasColumnType', specify precision and scale using 'HasPrecision', or configure a value converter using 'HasConversion'.
2026-05-07 11:29:57 | WRN | No store type was specified for the decimal property 'WagSubtotal' on entity type 'HRWage'. This will cause values to be silently truncated if they do not fit in the default precision and scale. Explicitly specify the SQL server column type that can accommodate all the values in 'OnModelCreating' using 'HasColumnType', specify precision and scale using 'HasPrecision', or configure a value converter using 'HasConversion'.
2026-05-07 11:30:02 | WRN | The query uses the 'First'/'FirstOrDefault' operator without 'OrderBy' and filter operators. This may lead to unpredictable results.
2026-05-07 11:30:03 | INF | ACTION_TRACE | Acc=admin | Path=/ | IP=::1 | Start=2026-05-07 11:29:56.303 | Elapsed=7149ms | Status=Completed
2026-05-07 11:30:03 | INF | NETWORK_UNSTABLE | Acc=admin | Path=/ | Reason=SlowRequest 7149ms
2026-05-07 11:30:03 | INF | ACTION_TRACE | Acc=admin | Path=/Captcha/Generate | IP=::1 | Start=2026-05-07 11:30:03.669 | Elapsed=35ms | Status=Completed
2026-05-07 11:30:03 | INF | ACTION_TRACE | Acc=admin | Path=/DNTCaptchaImage/Show | IP=::1 | Start=2026-05-07 11:30:03.720 | Elapsed=113ms | Status=Completed
2026-05-07 11:30:15 | INF | ACTION_TRACE | Acc=admin | Path=/Account/Login | IP=::1 | Start=2026-05-07 11:30:06.784 | Elapsed=8490ms | Status=Completed
2026-05-07 11:30:15 | INF | NETWORK_UNSTABLE | Acc=admin | Path=/Account/Login | Reason=SlowRequest 8490ms
2026-05-07 11:30:15 | INF | ACTION_TRACE | Acc=admin | Path=/Home/Index | IP=::1 | Start=2026-05-07 11:30:15.293 | Elapsed=261ms | Status=Completed
2026-05-07 11:30:18 | INF | ACTION_TRACE | Acc=admin | Path=/Home/GetMenu | IP=::1 | Start=2026-05-07 11:30:18.237 | Elapsed=56ms | Status=Completed
2026-05-07 11:30:20 | INF | CONTROLLER_EXEC | Acc= admin | IP=::1 | Path=ATT111001/ATT111001 | Message=GET /ATT111001/ATT111001
2026-05-07 11:30:20 | INF | ACTION_TRACE | Acc=admin | Path=/ATT111001/ATT111001 | IP=::1 | Start=2026-05-07 11:30:20.688 | Elapsed=70ms | Status=Completed
2026-05-07 11:30:20 | INF | CONTROLLER_EXEC | Acc= admin | IP=::1 | Path=ATT111001/GetList | Message=POST /ATT111001/GetList
2026-05-07 11:30:20 | INF | ACTION_TRACE | Acc=admin | Path=/ATT111001/GetList | IP=::1 | Start=2026-05-07 11:30:20.799 | Elapsed=100ms | Status=Completed
2026-05-07 11:31:33 | INF | ACTION_TRACE | Acc=admin | Path=/.well-known/appspecific/com.chrome.devtools.json | IP=::1 | Start=2026-05-07 11:31:33.912 | Elapsed=0ms | Status=Completed
2026-05-07 11:31:33 | INF | ACTION_TRACE | Acc=admin | Path=/lib/html-to-image/html-to-image.js.map | IP=::1 | Start=2026-05-07 11:31:33.986 | Elapsed=0ms | Status=Completed
2026-05-07 11:31:36 | INF | ACTION_TRACE | Acc=admin | Path=/Home/Index | IP=::1 | Start=2026-05-07 11:31:36.711 | Elapsed=21ms | Status=Completed
2026-05-07 11:31:36 | INF | ACTION_TRACE | Acc=admin | Path=/.well-known/appspecific/com.chrome.devtools.json | IP=::1 | Start=2026-05-07 11:31:36.770 | Elapsed=0ms | Status=Completed
2026-05-07 11:31:36 | INF | ACTION_TRACE | Acc=admin | Path=/lib/html-to-image/html-to-image.js.map | IP=::1 | Start=2026-05-07 11:31:36.928 | Elapsed=0ms | Status=Completed
2026-05-07 11:31:38 | INF | ACTION_TRACE | Acc=admin | Path=/Home/GetMenu | IP=::1 | Start=2026-05-07 11:31:38.654 | Elapsed=50ms | Status=Completed
2026-05-07 11:31:40 | INF | CONTROLLER_EXEC | Acc= admin | IP=::1 | Path=ATT111001/ATT111001 | Message=GET /ATT111001/ATT111001
2026-05-07 11:31:40 | INF | ACTION_TRACE | Acc=admin | Path=/ATT111001/ATT111001 | IP=::1 | Start=2026-05-07 11:31:40.206 | Elapsed=7ms | Status=Completed
2026-05-07 11:31:40 | INF | CONTROLLER_EXEC | Acc= admin | IP=::1 | Path=ATT111001/GetList | Message=POST /ATT111001/GetList
2026-05-07 11:31:40 | INF | ACTION_TRACE | Acc=admin | Path=/ATT111001/GetList | IP=::1 | Start=2026-05-07 11:31:40.312 | Elapsed=11ms | Status=Completed
2026-05-07 11:34:10 | INF | ACTION_TRACE | Acc=admin | Path=/Home/Index | IP=::1 | Start=2026-05-07 11:34:10.902 | Elapsed=55ms | Status=Completed
2026-05-07 11:34:11 | INF | ACTION_TRACE | Acc=admin | Path=/Home/Index | IP=::1 | Start=2026-05-07 11:34:11.392 | Elapsed=59ms | Status=Completed
2026-05-07 11:34:13 | INF | ACTION_TRACE | Acc=admin | Path=/Home/GetMenu | IP=::1 | Start=2026-05-07 11:34:13.226 | Elapsed=48ms | Status=Completed
2026-05-07 11:34:14 | INF | ACTION_TRACE | Acc=admin | Path=/Home/GetMenu | IP=::1 | Start=2026-05-07 11:34:14.437 | Elapsed=8ms | Status=Completed
2026-05-07 11:34:18 | INF | ACTION_TRACE | Acc=admin | Path=/Home/GetMenu | IP=::1 | Start=2026-05-07 11:34:18.870 | Elapsed=96ms | Status=Completed
2026-05-07 11:34:20 | INF | CONTROLLER_EXEC | Acc= admin | IP=::1 | Path=ATT111001/ATT111001 | Message=GET /ATT111001/ATT111001
2026-05-07 11:34:20 | INF | ACTION_TRACE | Acc=admin | Path=/ATT111001/ATT111001 | IP=::1 | Start=2026-05-07 11:34:20.869 | Elapsed=43ms | Status=Completed
2026-05-07 11:34:20 | INF | CONTROLLER_EXEC | Acc= admin | IP=::1 | Path=ATT111001/GetList | Message=POST /ATT111001/GetList
2026-05-07 11:34:20 | INF | ACTION_TRACE | Acc=admin | Path=/ATT111001/GetList | IP=::1 | Start=2026-05-07 11:34:20.937 | Elapsed=19ms | Status=Completed
2026-05-07 11:34:44 | INF | ACTION_TRACE | Acc=admin | Path=/Home/Index | IP=::1 | Start=2026-05-07 11:34:44.190 | Elapsed=71ms | Status=Completed
2026-05-07 11:34:46 | INF | ACTION_TRACE | Acc=admin | Path=/Home/GetMenu | IP=::1 | Start=2026-05-07 11:34:46.219 | Elapsed=12ms | Status=Completed
2026-05-07 11:34:47 | INF | CONTROLLER_EXEC | Acc= admin | IP=::1 | Path=ATT111001/ATT111001 | Message=GET /ATT111001/ATT111001
2026-05-07 11:34:47 | INF | ACTION_TRACE | Acc=admin | Path=/ATT111001/ATT111001 | IP=::1 | Start=2026-05-07 11:34:47.810 | Elapsed=85ms | Status=Completed
2026-05-07 11:34:47 | INF | CONTROLLER_EXEC | Acc= admin | IP=::1 | Path=ATT111001/GetList | Message=POST /ATT111001/GetList
2026-05-07 11:34:47 | INF | ACTION_TRACE | Acc=admin | Path=/ATT111001/GetList | IP=::1 | Start=2026-05-07 11:34:47.914 | Elapsed=15ms | Status=Completed
2026-05-07 11:35:00 | INF | ACTION_TRACE | Acc=admin | Path=/Home/Index | IP=::1 | Start=2026-05-07 11:35:00.311 | Elapsed=50ms | Status=Completed
2026-05-07 11:35:01 | INF | ACTION_TRACE | Acc=admin | Path=/Home/GetMenu | IP=::1 | Start=2026-05-07 11:35:01.876 | Elapsed=8ms | Status=Completed
2026-05-07 11:35:04 | INF | CONTROLLER_EXEC | Acc= admin | IP=::1 | Path=ATT111001/ATT111001 | Message=GET /ATT111001/ATT111001
2026-05-07 11:35:04 | INF | ACTION_TRACE | Acc=admin | Path=/ATT111001/ATT111001 | IP=::1 | Start=2026-05-07 11:35:04.164 | Elapsed=46ms | Status=Completed
2026-05-07 11:35:21 | INF | ACTION_TRACE | Acc=admin | Path=/Home/Index | IP=::1 | Start=2026-05-07 11:35:21.794 | Elapsed=28ms | Status=Completed
2026-05-07 11:35:23 | INF | ACTION_TRACE | Acc=admin | Path=/Home/GetMenu | IP=::1 | Start=2026-05-07 11:35:23.780 | Elapsed=6ms | Status=Completed
2026-05-07 11:35:29 | INF | CONTROLLER_EXEC | Acc= admin | IP=::1 | Path=ATT111001/ATT111001 | Message=GET /ATT111001/ATT111001
2026-05-07 11:35:29 | INF | ACTION_TRACE | Acc=admin | Path=/ATT111001/ATT111001 | IP=::1 | Start=2026-05-07 11:35:29.679 | Elapsed=3ms | Status=Completed
2026-05-07 11:35:36 | INF | ACTION_TRACE | Acc=admin | Path=/Home/Index | IP=::1 | Start=2026-05-07 11:35:36.652 | Elapsed=12ms | Status=Completed
2026-05-07 11:35:41 | INF | ACTION_TRACE | Acc=admin | Path=/Home/Index | IP=::1 | Start=2026-05-07 11:35:41.148 | Elapsed=61ms | Status=Completed
2026-05-07 11:35:46 | INF | ACTION_TRACE | Acc=admin | Path=/Home/GetMenu | IP=::1 | Start=2026-05-07 11:35:46.572 | Elapsed=8ms | Status=Completed
2026-05-07 11:35:49 | INF | CONTROLLER_EXEC | Acc= admin | IP=::1 | Path=ATT111001/ATT111001 | Message=GET /ATT111001/ATT111001
2026-05-07 11:35:49 | INF | ACTION_TRACE | Acc=admin | Path=/ATT111001/ATT111001 | IP=::1 | Start=2026-05-07 11:35:49.822 | Elapsed=47ms | Status=Completed
2026-05-07 11:35:49 | INF | CONTROLLER_EXEC | Acc= admin | IP=::1 | Path=ATT111001/GetList | Message=POST /ATT111001/GetList
2026-05-07 11:35:49 | INF | ACTION_TRACE | Acc=admin | Path=/ATT111001/GetList | IP=::1 | Start=2026-05-07 11:35:49.893 | Elapsed=17ms | Status=Completed
2026-05-07 11:37:34 | INF | ACTION_TRACE | Acc=admin | Path=/Home/Index | IP=::1 | Start=2026-05-07 11:37:34.390 | Elapsed=47ms | Status=Completed
2026-05-07 11:37:43 | INF | ACTION_TRACE | Acc=admin | Path=/Home/Index | IP=::1 | Start=2026-05-07 11:37:43.461 | Elapsed=101ms | Status=Completed
2026-05-07 11:37:44 | INF | ACTION_TRACE | Acc=admin | Path=/Home/GetMenu | IP=::1 | Start=2026-05-07 11:37:44.694 | Elapsed=7ms | Status=Completed
2026-05-07 11:37:48 | INF | CONTROLLER_EXEC | Acc= admin | IP=::1 | Path=ATT111001/ATT111001 | Message=GET /ATT111001/ATT111001
2026-05-07 11:37:48 | INF | ACTION_TRACE | Acc=admin | Path=/ATT111001/ATT111001 | IP=::1 | Start=2026-05-07 11:37:48.027 | Elapsed=40ms | Status=Completed
2026-05-07 11:37:48 | INF | CONTROLLER_EXEC | Acc= admin | IP=::1 | Path=ATT111001/GetList | Message=POST /ATT111001/GetList
2026-05-07 11:37:48 | INF | ACTION_TRACE | Acc=admin | Path=/ATT111001/GetList | IP=::1 | Start=2026-05-07 11:37:48.103 | Elapsed=16ms | Status=Completed
2026-05-07 11:37:51 | INF | ACTION_TRACE | Acc=admin | Path=/Home/Index | IP=::1 | Start=2026-05-07 11:37:51.923 | Elapsed=11ms | Status=Completed
2026-05-07 11:37:53 | INF | ACTION_TRACE | Acc=admin | Path=/Home/GetMenu | IP=::1 | Start=2026-05-07 11:37:53.191 | Elapsed=7ms | Status=Completed
2026-05-07 11:37:57 | INF | CONTROLLER_EXEC | Acc= admin | IP=::1 | Path=ATT111001/ATT111001 | Message=GET /ATT111001/ATT111001
2026-05-07 11:37:57 | INF | ACTION_TRACE | Acc=admin | Path=/ATT111001/ATT111001 | IP=::1 | Start=2026-05-07 11:37:57.332 | Elapsed=3ms | Status=Completed
2026-05-07 11:37:57 | INF | CONTROLLER_EXEC | Acc= admin | IP=::1 | Path=ATT111001/GetList | Message=POST /ATT111001/GetList
2026-05-07 11:37:57 | INF | ACTION_TRACE | Acc=admin | Path=/ATT111001/GetList | IP=::1 | Start=2026-05-07 11:37:57.367 | Elapsed=8ms | Status=Completed
2026-05-07 11:38:47 | INF | ACTION_TRACE | Acc=admin | Path=/Home/Index | IP=::1 | Start=2026-05-07 11:38:47.483 | Elapsed=46ms | Status=Completed
2026-05-07 11:38:57 | INF | ACTION_TRACE | Acc=admin | Path=/Home/GetMenu | IP=::1 | Start=2026-05-07 11:38:57.115 | Elapsed=10ms | Status=Completed
2026-05-07 11:39:00 | INF | CONTROLLER_EXEC | Acc= admin | IP=::1 | Path=ATT111001/ATT111001 | Message=GET /ATT111001/ATT111001
2026-05-07 11:39:00 | INF | ACTION_TRACE | Acc=admin | Path=/ATT111001/ATT111001 | IP=::1 | Start=2026-05-07 11:39:00.646 | Elapsed=2ms | Status=Completed
2026-05-07 11:39:00 | INF | CONTROLLER_EXEC | Acc= admin | IP=::1 | Path=ATT111001/GetList | Message=POST /ATT111001/GetList
2026-05-07 11:39:00 | INF | ACTION_TRACE | Acc=admin | Path=/ATT111001/GetList | IP=::1 | Start=2026-05-07 11:39:00.683 | Elapsed=9ms | Status=Completed
2026-05-07 11:39:57 | INF | ACTION_TRACE | Acc=admin | Path=/Home/Index | IP=::1 | Start=2026-05-07 11:39:57.557 | Elapsed=15ms | Status=Completed
2026-05-07 11:39:59 | INF | ACTION_TRACE | Acc=admin | Path=/Home/GetMenu | IP=::1 | Start=2026-05-07 11:39:59.099 | Elapsed=8ms | Status=Completed
2026-05-07 11:40:01 | INF | CONTROLLER_EXEC | Acc= admin | IP=::1 | Path=ATT111001/ATT111001 | Message=GET /ATT111001/ATT111001
2026-05-07 11:40:01 | INF | ACTION_TRACE | Acc=admin | Path=/ATT111001/ATT111001 | IP=::1 | Start=2026-05-07 11:40:01.623 | Elapsed=58ms | Status=Completed
2026-05-07 11:40:01 | INF | CONTROLLER_EXEC | Acc= admin | IP=::1 | Path=ATT111001/GetList | Message=POST /ATT111001/GetList
2026-05-07 11:40:01 | INF | ACTION_TRACE | Acc=admin | Path=/ATT111001/GetList | IP=::1 | Start=2026-05-07 11:40:01.706 | Elapsed=192ms | Status=Completed
2026-05-07 11:40:27 | INF | ACTION_TRACE | Acc=admin | Path=/Home/Index | IP=::1 | Start=2026-05-07 11:40:27.935 | Elapsed=12ms | Status=Completed
2026-05-07 11:40:31 | INF | ACTION_TRACE | Acc=admin | Path=/Home/GetMenu | IP=::1 | Start=2026-05-07 11:40:31.897 | Elapsed=14ms | Status=Completed
2026-05-07 11:40:34 | INF | CONTROLLER_EXEC | Acc= admin | IP=::1 | Path=ATT111001/ATT111001 | Message=GET /ATT111001/ATT111001
2026-05-07 11:40:34 | INF | ACTION_TRACE | Acc=admin | Path=/ATT111001/ATT111001 | IP=::1 | Start=2026-05-07 11:40:34.202 | Elapsed=6ms | Status=Completed
2026-05-07 11:40:34 | INF | CONTROLLER_EXEC | Acc= admin | IP=::1 | Path=ATT111001/GetList | Message=POST /ATT111001/GetList
2026-05-07 11:40:34 | INF | ACTION_TRACE | Acc=admin | Path=/ATT111001/GetList | IP=::1 | Start=2026-05-07 11:40:34.238 | Elapsed=6ms | Status=Completed
2026-05-07 11:41:02 | INF | ACTION_TRACE | Acc=admin | Path=/Home/Index | IP=::1 | Start=2026-05-07 11:41:02.878 | Elapsed=52ms | Status=Completed
2026-05-07 11:41:06 | INF | ACTION_TRACE | Acc=admin | Path=/Home/GetMenu | IP=::1 | Start=2026-05-07 11:41:05.975 | Elapsed=56ms | Status=Completed
2026-05-07 11:41:08 | INF | CONTROLLER_EXEC | Acc= admin | IP=::1 | Path=ATT111001/ATT111001 | Message=GET /ATT111001/ATT111001
2026-05-07 11:41:08 | INF | ACTION_TRACE | Acc=admin | Path=/ATT111001/ATT111001 | IP=::1 | Start=2026-05-07 11:41:08.329 | Elapsed=3ms | Status=Completed
2026-05-07 11:41:08 | INF | CONTROLLER_EXEC | Acc= admin | IP=::1 | Path=ATT111001/GetList | Message=POST /ATT111001/GetList
2026-05-07 11:41:08 | INF | ACTION_TRACE | Acc=admin | Path=/ATT111001/GetList | IP=::1 | Start=2026-05-07 11:41:08.358 | Elapsed=10ms | Status=Completed
2026-05-07 11:45:55 | INF | ACTION_TRACE | Acc=admin | Path=/Home/Index | IP=::1 | Start=2026-05-07 11:45:55.006 | Elapsed=87ms | Status=Completed
2026-05-07 11:46:06 | INF | ACTION_TRACE | Acc=admin | Path=/Home/Index | IP=::1 | Start=2026-05-07 11:46:06.797 | Elapsed=61ms | Status=Completed
2026-05-07 11:46:14 | INF | ACTION_TRACE | Acc=admin | Path=/Home/Index | IP=::1 | Start=2026-05-07 11:46:14.480 | Elapsed=11ms | Status=Completed
2026-05-07 11:46:27 | INF | ACTION_TRACE | Acc=admin | Path=/Home/Index | IP=::1 | Start=2026-05-07 11:46:27.280 | Elapsed=12ms | Status=Completed
2026-05-07 11:46:44 | INF | ACTION_TRACE | Acc=admin | Path=/Home/Index | IP=::1 | Start=2026-05-07 11:46:44.325 | Elapsed=19ms | Status=Completed
2026-05-07 11:46:51 | INF | ACTION_TRACE | Acc=admin | Path=/Home/Index | IP=::1 | Start=2026-05-07 11:46:51.693 | Elapsed=12ms | Status=Completed
2026-05-07 11:46:54 | INF | ACTION_TRACE | Acc=admin | Path=/Home/GetMenu | IP=::1 | Start=2026-05-07 11:46:54.566 | Elapsed=9ms | Status=Completed
2026-05-07 11:46:56 | INF | CONTROLLER_EXEC | Acc= admin | IP=::1 | Path=ATT111001/ATT111001 | Message=GET /ATT111001/ATT111001
2026-05-07 11:46:56 | INF | ACTION_TRACE | Acc=admin | Path=/ATT111001/ATT111001 | IP=::1 | Start=2026-05-07 11:46:56.458 | Elapsed=47ms | Status=Completed
2026-05-07 11:46:56 | INF | CONTROLLER_EXEC | Acc= admin | IP=::1 | Path=ATT111001/GetList | Message=POST /ATT111001/GetList
2026-05-07 11:46:56 | INF | ACTION_TRACE | Acc=admin | Path=/ATT111001/GetList | IP=::1 | Start=2026-05-07 11:46:56.540 | Elapsed=18ms | Status=Completed
2026-05-07 11:47:51 | INF | ACTION_TRACE | Acc=admin | Path=/Home/Index | IP=::1 | Start=2026-05-07 11:47:51.435 | Elapsed=44ms | Status=Completed
2026-05-07 11:48:14 | INF | ACTION_TRACE | Acc=admin | Path=/Home/Index | IP=::1 | Start=2026-05-07 11:48:14.321 | Elapsed=18ms | Status=Completed
2026-05-07 11:48:27 | INF | ACTION_TRACE | Acc=admin | Path=/Home/Index | IP=::1 | Start=2026-05-07 11:48:26.998 | Elapsed=96ms | Status=Completed
2026-05-07 11:48:30 | INF | ACTION_TRACE | Acc=admin | Path=/Home/GetMenu | IP=::1 | Start=2026-05-07 11:48:30.205 | Elapsed=7ms | Status=Completed
2026-05-07 11:48:32 | INF | CONTROLLER_EXEC | Acc= admin | IP=::1 | Path=ATT111001/ATT111001 | Message=GET /ATT111001/ATT111001
2026-05-07 11:48:32 | INF | ACTION_TRACE | Acc=admin | Path=/ATT111001/ATT111001 | IP=::1 | Start=2026-05-07 11:48:32.458 | Elapsed=48ms | Status=Completed
2026-05-07 11:48:32 | INF | CONTROLLER_EXEC | Acc= admin | IP=::1 | Path=ATT111001/GetList | Message=POST /ATT111001/GetList
2026-05-07 11:48:32 | INF | ACTION_TRACE | Acc=admin | Path=/ATT111001/GetList | IP=::1 | Start=2026-05-07 11:48:32.537 | Elapsed=21ms | Status=Completed
2026-05-07 11:49:06 | INF | ACTION_TRACE | Acc=admin | Path=/Home/Index | IP=::1 | Start=2026-05-07 11:49:06.210 | Elapsed=14ms | Status=Completed
2026-05-07 11:49:15 | INF | ACTION_TRACE | Acc=admin | Path=/Home/Index | IP=::1 | Start=2026-05-07 11:49:15.265 | Elapsed=60ms | Status=Completed
2026-05-07 11:49:17 | INF | ACTION_TRACE | Acc=admin | Path=/Home/GetMenu | IP=::1 | Start=2026-05-07 11:49:17.412 | Elapsed=7ms | Status=Completed
2026-05-07 11:49:19 | INF | CONTROLLER_EXEC | Acc= admin | IP=::1 | Path=ATT111001/ATT111001 | Message=GET /ATT111001/ATT111001
2026-05-07 11:49:19 | INF | ACTION_TRACE | Acc=admin | Path=/ATT111001/ATT111001 | IP=::1 | Start=2026-05-07 11:49:19.716 | Elapsed=5ms | Status=Completed
2026-05-07 11:49:19 | INF | CONTROLLER_EXEC | Acc= admin | IP=::1 | Path=ATT111001/GetList | Message=POST /ATT111001/GetList
2026-05-07 11:49:19 | INF | ACTION_TRACE | Acc=admin | Path=/ATT111001/GetList | IP=::1 | Start=2026-05-07 11:49:19.751 | Elapsed=6ms | Status=Completed
2026-05-07 11:49:52 | INF | ACTION_TRACE | Acc=admin | Path=/Home/Index | IP=::1 | Start=2026-05-07 11:49:52.280 | Elapsed=11ms | Status=Completed
2026-05-07 11:49:53 | INF | ACTION_TRACE | Acc=admin | Path=/Home/GetMenu | IP=::1 | Start=2026-05-07 11:49:53.451 | Elapsed=63ms | Status=Completed
2026-05-07 11:49:56 | INF | CONTROLLER_EXEC | Acc= admin | IP=::1 | Path=ATT111001/ATT111001 | Message=GET /ATT111001/ATT111001
2026-05-07 11:49:56 | INF | ACTION_TRACE | Acc=admin | Path=/ATT111001/ATT111001 | IP=::1 | Start=2026-05-07 11:49:56.487 | Elapsed=2ms | Status=Completed
2026-05-07 11:49:56 | INF | CONTROLLER_EXEC | Acc= admin | IP=::1 | Path=ATT111001/GetList | Message=POST /ATT111001/GetList
2026-05-07 11:49:56 | INF | ACTION_TRACE | Acc=admin | Path=/ATT111001/GetList | IP=::1 | Start=2026-05-07 11:49:56.519 | Elapsed=4ms | Status=Completed
2026-05-07 11:52:19 | INF | ACTION_TRACE | Acc=admin | Path=/Home/Index | IP=::1 | Start=2026-05-07 11:52:19.229 | Elapsed=22ms | Status=Completed
2026-05-07 11:52:20 | INF | ACTION_TRACE | Acc=admin | Path=/Home/GetMenu | IP=::1 | Start=2026-05-07 11:52:20.917 | Elapsed=56ms | Status=Completed
2026-05-07 11:52:26 | INF | CONTROLLER_EXEC | Acc= admin | IP=::1 | Path=ATT111001/ATT111001 | Message=GET /ATT111001/ATT111001
2026-05-07 11:52:26 | INF | ACTION_TRACE | Acc=admin | Path=/ATT111001/ATT111001 | IP=::1 | Start=2026-05-07 11:52:26.806 | Elapsed=2ms | Status=Completed
2026-05-07 11:52:26 | INF | CONTROLLER_EXEC | Acc= admin | IP=::1 | Path=ATT111001/GetList | Message=POST /ATT111001/GetList
2026-05-07 11:52:26 | INF | ACTION_TRACE | Acc=admin | Path=/ATT111001/GetList | IP=::1 | Start=2026-05-07 11:52:26.835 | Elapsed=5ms | Status=Completed
2026-05-07 11:52:44 | INF | ACTION_TRACE | Acc=admin | Path=/Home/Index | IP=::1 | Start=2026-05-07 11:52:44.310 | Elapsed=47ms | Status=Completed
2026-05-07 11:52:45 | INF | ACTION_TRACE | Acc=admin | Path=/Home/GetMenu | IP=::1 | Start=2026-05-07 11:52:45.395 | Elapsed=64ms | Status=Completed
2026-05-07 11:52:47 | INF | CONTROLLER_EXEC | Acc= admin | IP=::1 | Path=ATT111001/ATT111001 | Message=GET /ATT111001/ATT111001
2026-05-07 11:52:47 | INF | ACTION_TRACE | Acc=admin | Path=/ATT111001/ATT111001 | IP=::1 | Start=2026-05-07 11:52:47.930 | Elapsed=43ms | Status=Completed
2026-05-07 11:52:48 | INF | CONTROLLER_EXEC | Acc= admin | IP=::1 | Path=ATT111001/GetList | Message=POST /ATT111001/GetList
2026-05-07 11:52:48 | INF | ACTION_TRACE | Acc=admin | Path=/ATT111001/GetList | IP=::1 | Start=2026-05-07 11:52:47.995 | Elapsed=15ms | Status=Completed
2026-05-07 11:52:53 | INF | ACTION_TRACE | Acc=admin | Path=/Home/Index | IP=::1 | Start=2026-05-07 11:52:53.826 | Elapsed=46ms | Status=Completed
2026-05-07 11:52:55 | INF | ACTION_TRACE | Acc=admin | Path=/Home/GetMenu | IP=::1 | Start=2026-05-07 11:52:55.450 | Elapsed=52ms | Status=Completed
2026-05-07 11:52:59 | INF | CONTROLLER_EXEC | Acc= admin | IP=::1 | Path=ATT111001/ATT111001 | Message=GET /ATT111001/ATT111001
2026-05-07 11:52:59 | INF | ACTION_TRACE | Acc=admin | Path=/ATT111001/ATT111001 | IP=::1 | Start=2026-05-07 11:52:59.608 | Elapsed=47ms | Status=Completed
2026-05-07 11:52:59 | INF | CONTROLLER_EXEC | Acc= admin | IP=::1 | Path=ATT111001/GetList | Message=POST /ATT111001/GetList
2026-05-07 11:52:59 | INF | ACTION_TRACE | Acc=admin | Path=/ATT111001/GetList | IP=::1 | Start=2026-05-07 11:52:59.678 | Elapsed=16ms | Status=Completed
2026-05-07 11:54:37 | INF | ACTION_TRACE | Acc=admin | Path=/Home/Index | IP=::1 | Start=2026-05-07 11:54:37.147 | Elapsed=69ms | Status=Completed
2026-05-07 11:54:55 | INF | ACTION_TRACE | Acc=admin | Path=/Home/GetMenu | IP=::1 | Start=2026-05-07 11:54:55.361 | Elapsed=80ms | Status=Completed
2026-05-07 11:54:55 | INF | ACTION_TRACE | Acc=admin | Path=/Home/Index | IP=::1 | Start=2026-05-07 11:54:55.439 | Elapsed=47ms | Status=Completed
2026-05-07 11:54:57 | INF | ACTION_TRACE | Acc=admin | Path=/Home/GetMenu | IP=::1 | Start=2026-05-07 11:54:57.563 | Elapsed=9ms | Status=Completed
2026-05-07 11:54:59 | INF | CONTROLLER_EXEC | Acc= admin | IP=::1 | Path=ATT111001/ATT111001 | Message=GET /ATT111001/ATT111001
2026-05-07 11:54:59 | INF | ACTION_TRACE | Acc=admin | Path=/ATT111001/ATT111001 | IP=::1 | Start=2026-05-07 11:54:59.603 | Elapsed=49ms | Status=Completed
2026-05-07 11:54:59 | INF | CONTROLLER_EXEC | Acc= admin | IP=::1 | Path=ATT111001/GetList | Message=POST /ATT111001/GetList
2026-05-07 11:54:59 | INF | ACTION_TRACE | Acc=admin | Path=/ATT111001/GetList | IP=::1 | Start=2026-05-07 11:54:59.685 | Elapsed=13ms | Status=Completed
2026-05-07 11:55:06 | INF | ACTION_TRACE | Acc=admin | Path=/Home/Index | IP=::1 | Start=2026-05-07 11:55:06.402 | Elapsed=41ms | Status=Completed
2026-05-07 11:55:07 | INF | ACTION_TRACE | Acc=admin | Path=/Home/GetMenu | IP=::1 | Start=2026-05-07 11:55:07.779 | Elapsed=76ms | Status=Completed
2026-05-07 11:55:10 | INF | CONTROLLER_EXEC | Acc= admin | IP=::1 | Path=ATT111001/ATT111001 | Message=GET /ATT111001/ATT111001
2026-05-07 11:55:10 | INF | ACTION_TRACE | Acc=admin | Path=/ATT111001/ATT111001 | IP=::1 | Start=2026-05-07 11:55:10.926 | Elapsed=50ms | Status=Completed
2026-05-07 11:55:11 | INF | CONTROLLER_EXEC | Acc= admin | IP=::1 | Path=ATT111001/GetList | Message=POST /ATT111001/GetList
2026-05-07 11:55:11 | INF | ACTION_TRACE | Acc=admin | Path=/ATT111001/GetList | IP=::1 | Start=2026-05-07 11:55:11.000 | Elapsed=18ms | Status=Completed
2026-05-07 11:55:32 | INF | ACTION_TRACE | Acc=admin | Path=/Home/Index | IP=::1 | Start=2026-05-07 11:55:31.984 | Elapsed=48ms | Status=Completed
2026-05-07 11:55:33 | INF | ACTION_TRACE | Acc=admin | Path=/Home/GetMenu | IP=::1 | Start=2026-05-07 11:55:33.287 | Elapsed=16ms | Status=Completed
2026-05-07 11:55:35 | INF | CONTROLLER_EXEC | Acc= admin | IP=::1 | Path=ATT111001/ATT111001 | Message=GET /ATT111001/ATT111001
2026-05-07 11:55:35 | INF | ACTION_TRACE | Acc=admin | Path=/ATT111001/ATT111001 | IP=::1 | Start=2026-05-07 11:55:35.394 | Elapsed=39ms | Status=Completed
2026-05-07 11:55:35 | INF | CONTROLLER_EXEC | Acc= admin | IP=::1 | Path=ATT111001/GetList | Message=POST /ATT111001/GetList
2026-05-07 11:55:35 | INF | ACTION_TRACE | Acc=admin | Path=/ATT111001/GetList | IP=::1 | Start=2026-05-07 11:55:35.487 | Elapsed=46ms | Status=Completed
2026-05-07 13:44:22 | INF | ACTION_TRACE | Acc=admin | Path=/Home/Index | IP=::1 | Start=2026-05-07 13:44:21.943 | Elapsed=223ms | Status=Completed
2026-05-07 13:44:24 | INF | ACTION_TRACE | Acc=admin | Path=/Home/GetMenu | IP=::1 | Start=2026-05-07 13:44:24.232 | Elapsed=15ms | Status=Completed
2026-05-07 13:44:27 | INF | CONTROLLER_EXEC | Acc= admin | IP=::1 | Path=ATT111001/ATT111001 | Message=GET /ATT111001/ATT111001
2026-05-07 13:44:27 | INF | ACTION_TRACE | Acc=admin | Path=/ATT111001/ATT111001 | IP=::1 | Start=2026-05-07 13:44:27.819 | Elapsed=73ms | Status=Completed
2026-05-07 13:44:28 | INF | CONTROLLER_EXEC | Acc= admin | IP=::1 | Path=ATT111001/GetList | Message=POST /ATT111001/GetList
2026-05-07 13:44:28 | INF | ACTION_TRACE | Acc=admin | Path=/ATT111001/GetList | IP=::1 | Start=2026-05-07 13:44:27.936 | Elapsed=90ms | Status=Completed
2026-05-07 13:44:31 | INF | ACTION_TRACE | Acc=admin | Path=/.well-known/appspecific/com.chrome.devtools.json | IP=::1 | Start=2026-05-07 13:44:31.612 | Elapsed=0ms | Status=Completed
2026-05-07 13:44:31 | INF | ACTION_TRACE | Acc=admin | Path=/lib/html-to-image/html-to-image.js.map | IP=::1 | Start=2026-05-07 13:44:31.670 | Elapsed=0ms | Status=Completed
2026-05-07 13:44:31 | INF | ACTION_TRACE | Acc=admin | Path=/Home/Index | IP=::1 | Start=2026-05-07 13:44:31.759 | Elapsed=25ms | Status=Completed
2026-05-07 13:44:31 | INF | ACTION_TRACE | Acc=admin | Path=/.well-known/appspecific/com.chrome.devtools.json | IP=::1 | Start=2026-05-07 13:44:31.829 | Elapsed=0ms | Status=Completed
2026-05-07 13:44:31 | INF | ACTION_TRACE | Acc=admin | Path=/lib/html-to-image/html-to-image.js.map | IP=::1 | Start=2026-05-07 13:44:31.966 | Elapsed=0ms | Status=Completed
2026-05-07 13:44:34 | INF | ACTION_TRACE | Acc=admin | Path=/Home/GetMenu | IP=::1 | Start=2026-05-07 13:44:34.391 | Elapsed=55ms | Status=Completed
2026-05-07 13:44:37 | INF | ACTION_TRACE | Acc=admin | Path=/Home/GetMenu | IP=::1 | Start=2026-05-07 13:44:37.445 | Elapsed=7ms | Status=Completed
2026-05-07 13:44:38 | INF | CONTROLLER_EXEC | Acc= admin | IP=::1 | Path=ATT111001/ATT111001 | Message=GET /ATT111001/ATT111001
2026-05-07 13:44:38 | INF | ACTION_TRACE | Acc=admin | Path=/ATT111001/ATT111001 | IP=::1 | Start=2026-05-07 13:44:38.766 | Elapsed=11ms | Status=Completed
2026-05-07 13:44:38 | INF | CONTROLLER_EXEC | Acc= admin | IP=::1 | Path=ATT111001/GetList | Message=POST /ATT111001/GetList
2026-05-07 13:44:38 | INF | ACTION_TRACE | Acc=admin | Path=/ATT111001/GetList | IP=::1 | Start=2026-05-07 13:44:38.910 | Elapsed=7ms | Status=Completed
2026-05-07 13:47:28 | INF | ACTION_TRACE | Acc=admin | Path=/Home/Index | IP=::1 | Start=2026-05-07 13:47:28.159 | Elapsed=61ms | Status=Completed
2026-05-07 13:47:28 | INF | ACTION_TRACE | Acc=admin | Path=/.well-known/appspecific/com.chrome.devtools.json | IP=::1 | Start=2026-05-07 13:47:28.289 | Elapsed=0ms | Status=Completed
2026-05-07 13:47:28 | INF | ACTION_TRACE | Acc=admin | Path=/lib/html-to-image/html-to-image.js.map | IP=::1 | Start=2026-05-07 13:47:28.447 | Elapsed=0ms | Status=Completed
2026-05-07 13:47:34 | INF | ACTION_TRACE | Acc=admin | Path=/Home/Index | IP=::1 | Start=2026-05-07 13:47:34.690 | Elapsed=33ms | Status=Completed
2026-05-07 13:47:34 | INF | ACTION_TRACE | Acc=admin | Path=/.well-known/appspecific/com.chrome.devtools.json | IP=::1 | Start=2026-05-07 13:47:34.757 | Elapsed=0ms | Status=Completed
2026-05-07 13:47:34 | INF | ACTION_TRACE | Acc=admin | Path=/lib/html-to-image/html-to-image.js.map | IP=::1 | Start=2026-05-07 13:47:34.883 | Elapsed=0ms | Status=Completed
2026-05-07 13:47:46 | INF | ACTION_TRACE | Acc=admin | Path=/Home/Index | IP=::1 | Start=2026-05-07 13:47:46.357 | Elapsed=14ms | Status=Completed
2026-05-07 13:47:46 | INF | ACTION_TRACE | Acc=admin | Path=/.well-known/appspecific/com.chrome.devtools.json | IP=::1 | Start=2026-05-07 13:47:46.400 | Elapsed=0ms | Status=Completed
2026-05-07 13:47:46 | INF | ACTION_TRACE | Acc=admin | Path=/lib/html-to-image/html-to-image.js.map | IP=::1 | Start=2026-05-07 13:47:46.568 | Elapsed=0ms | Status=Completed
2026-05-07 13:47:54 | INF | ACTION_TRACE | Acc=admin | Path=/Home/GetMenu | IP=::1 | Start=2026-05-07 13:47:54.955 | Elapsed=11ms | Status=Completed
2026-05-07 13:47:58 | INF | CONTROLLER_EXEC | Acc= admin | IP=::1 | Path=ATT111001/ATT111001 | Message=GET /ATT111001/ATT111001
2026-05-07 13:47:58 | INF | ACTION_TRACE | Acc=admin | Path=/ATT111001/ATT111001 | IP=::1 | Start=2026-05-07 13:47:58.093 | Elapsed=48ms | Status=Completed
2026-05-07 13:47:58 | INF | CONTROLLER_EXEC | Acc= admin | IP=::1 | Path=ATT111001/GetList | Message=POST /ATT111001/GetList
2026-05-07 13:47:58 | INF | ACTION_TRACE | Acc=admin | Path=/ATT111001/GetList | IP=::1 | Start=2026-05-07 13:47:58.180 | Elapsed=18ms | Status=Completed
2026-05-07 13:48:40 | INF | ACTION_TRACE | Acc=admin | Path=/Home/Index | IP=::1 | Start=2026-05-07 13:48:40.343 | Elapsed=43ms | Status=Completed
2026-05-07 13:48:42 | INF | ACTION_TRACE | Acc=admin | Path=/Home/GetMenu | IP=::1 | Start=2026-05-07 13:48:42.171 | Elapsed=11ms | Status=Completed
2026-05-07 13:48:44 | INF | CONTROLLER_EXEC | Acc= admin | IP=::1 | Path=ATT111001/ATT111001 | Message=GET /ATT111001/ATT111001
2026-05-07 13:48:44 | INF | ACTION_TRACE | Acc=admin | Path=/ATT111001/ATT111001 | IP=::1 | Start=2026-05-07 13:48:44.196 | Elapsed=36ms | Status=Completed
2026-05-07 13:48:44 | INF | CONTROLLER_EXEC | Acc= admin | IP=::1 | Path=ATT111001/GetList | Message=POST /ATT111001/GetList
2026-05-07 13:48:44 | INF | ACTION_TRACE | Acc=admin | Path=/ATT111001/GetList | IP=::1 | Start=2026-05-07 13:48:44.262 | Elapsed=18ms | Status=Completed
2026-05-07 13:48:54 | INF | ACTION_TRACE | Acc=admin | Path=/Home/Index | IP=::1 | Start=2026-05-07 13:48:54.096 | Elapsed=45ms | Status=Completed
2026-05-07 13:48:56 | INF | ACTION_TRACE | Acc=admin | Path=/Home/GetMenu | IP=::1 | Start=2026-05-07 13:48:56.792 | Elapsed=7ms | Status=Completed
2026-05-07 13:49:00 | INF | CONTROLLER_EXEC | Acc= admin | IP=::1 | Path=ATT111001/ATT111001 | Message=GET /ATT111001/ATT111001
2026-05-07 13:49:00 | INF | ACTION_TRACE | Acc=admin | Path=/ATT111001/ATT111001 | IP=::1 | Start=2026-05-07 13:49:00.054 | Elapsed=40ms | Status=Completed
2026-05-07 13:49:00 | INF | CONTROLLER_EXEC | Acc= admin | IP=::1 | Path=ATT111001/GetList | Message=POST /ATT111001/GetList
2026-05-07 13:49:00 | INF | ACTION_TRACE | Acc=admin | Path=/ATT111001/GetList | IP=::1 | Start=2026-05-07 13:49:00.117 | Elapsed=17ms | Status=Completed
2026-05-07 13:49:25 | INF | ACTION_TRACE | Acc=admin | Path=/Home/Index | IP=::1 | Start=2026-05-07 13:49:25.158 | Elapsed=44ms | Status=Completed
2026-05-07 13:49:29 | INF | ACTION_TRACE | Acc=admin | Path=/Home/GetMenu | IP=::1 | Start=2026-05-07 13:49:29.585 | Elapsed=7ms | Status=Completed
2026-05-07 13:49:32 | INF | CONTROLLER_EXEC | Acc= admin | IP=::1 | Path=ATT111001/ATT111001 | Message=GET /ATT111001/ATT111001
2026-05-07 13:49:32 | INF | ACTION_TRACE | Acc=admin | Path=/ATT111001/ATT111001 | IP=::1 | Start=2026-05-07 13:49:32.441 | Elapsed=53ms | Status=Completed
2026-05-07 13:49:32 | INF | CONTROLLER_EXEC | Acc= admin | IP=::1 | Path=ATT111001/GetList | Message=POST /ATT111001/GetList
2026-05-07 13:49:32 | INF | ACTION_TRACE | Acc=admin | Path=/ATT111001/GetList | IP=::1 | Start=2026-05-07 13:49:32.523 | Elapsed=18ms | Status=Completed
2026-05-07 13:52:35 | INF | ACTION_TRACE | Acc=admin | Path=/Home/Index | IP=::1 | Start=2026-05-07 13:52:35.791 | Elapsed=39ms | Status=Completed
2026-05-07 13:52:38 | INF | ACTION_TRACE | Acc=admin | Path=/Home/GetMenu | IP=::1 | Start=2026-05-07 13:52:38.552 | Elapsed=60ms | Status=Completed
2026-05-07 13:52:40 | INF | CONTROLLER_EXEC | Acc= admin | IP=::1 | Path=ATT111001/ATT111001 | Message=GET /ATT111001/ATT111001
2026-05-07 13:52:40 | INF | ACTION_TRACE | Acc=admin | Path=/ATT111001/ATT111001 | IP=::1 | Start=2026-05-07 13:52:40.584 | Elapsed=41ms | Status=Completed
2026-05-07 13:52:40 | INF | CONTROLLER_EXEC | Acc= admin | IP=::1 | Path=ATT111001/GetList | Message=POST /ATT111001/GetList
2026-05-07 13:52:40 | INF | ACTION_TRACE | Acc=admin | Path=/ATT111001/GetList | IP=::1 | Start=2026-05-07 13:52:40.651 | Elapsed=15ms | Status=Completed
2026-05-07 13:57:22 | INF | ACTION_TRACE | Acc=admin | Path=/Home/Index | IP=::1 | Start=2026-05-07 13:57:22.246 | Elapsed=45ms | Status=Completed
2026-05-07 13:57:57 | INF | ACTION_TRACE | Acc=admin | Path=/Home/Index | IP=::1 | Start=2026-05-07 13:57:57.632 | Elapsed=47ms | Status=Completed
2026-05-07 13:58:08 | INF | ACTION_TRACE | Acc=admin | Path=/Home/Index | IP=::1 | Start=2026-05-07 13:58:08.152 | Elapsed=13ms | Status=Completed
2026-05-07 13:58:11 | INF | ACTION_TRACE | Acc=admin | Path=/Home/GetMenu | IP=::1 | Start=2026-05-07 13:58:11.234 | Elapsed=10ms | Status=Completed
2026-05-07 13:58:13 | INF | CONTROLLER_EXEC | Acc= admin | IP=::1 | Path=ATT111001/ATT111001 | Message=GET /ATT111001/ATT111001
2026-05-07 13:58:13 | INF | ACTION_TRACE | Acc=admin | Path=/ATT111001/ATT111001 | IP=::1 | Start=2026-05-07 13:58:13.528 | Elapsed=48ms | Status=Completed
2026-05-07 13:58:13 | INF | CONTROLLER_EXEC | Acc= admin | IP=::1 | Path=ATT111001/GetList | Message=POST /ATT111001/GetList
2026-05-07 13:58:13 | INF | ACTION_TRACE | Acc=admin | Path=/ATT111001/GetList | IP=::1 | Start=2026-05-07 13:58:13.607 | Elapsed=17ms | Status=Completed
2026-05-07 14:01:16 | INF | ACTION_TRACE | Acc=admin | Path=/Home/Index | IP=::1 | Start=2026-05-07 14:01:16.049 | Elapsed=22ms | Status=Completed
2026-05-07 14:01:17 | INF | ACTION_TRACE | Acc=admin | Path=/Home/GetMenu | IP=::1 | Start=2026-05-07 14:01:17.852 | Elapsed=15ms | Status=Completed
2026-05-07 14:01:20 | INF | CONTROLLER_EXEC | Acc= admin | IP=::1 | Path=ATT111001/ATT111001 | Message=GET /ATT111001/ATT111001
2026-05-07 14:01:20 | INF | ACTION_TRACE | Acc=admin | Path=/ATT111001/ATT111001 | IP=::1 | Start=2026-05-07 14:01:20.916 | Elapsed=7ms | Status=Completed
2026-05-07 14:01:20 | INF | CONTROLLER_EXEC | Acc= admin | IP=::1 | Path=ATT111001/GetList | Message=POST /ATT111001/GetList
2026-05-07 14:01:20 | INF | ACTION_TRACE | Acc=admin | Path=/ATT111001/GetList | IP=::1 | Start=2026-05-07 14:01:20.952 | Elapsed=6ms | Status=Completed
2026-05-07 14:02:49 | INF | ACTION_TRACE | Acc=admin | Path=/Home/Index | IP=::1 | Start=2026-05-07 14:02:49.648 | Elapsed=52ms | Status=Completed
2026-05-07 14:02:53 | INF | ACTION_TRACE | Acc=admin | Path=/Home/GetMenu | IP=::1 | Start=2026-05-07 14:02:53.849 | Elapsed=54ms | Status=Completed
2026-05-07 14:02:56 | INF | CONTROLLER_EXEC | Acc= admin | IP=::1 | Path=ATT111001/ATT111001 | Message=GET /ATT111001/ATT111001
2026-05-07 14:02:56 | INF | ACTION_TRACE | Acc=admin | Path=/ATT111001/ATT111001 | IP=::1 | Start=2026-05-07 14:02:56.235 | Elapsed=4ms | Status=Completed
2026-05-07 14:02:56 | INF | CONTROLLER_EXEC | Acc= admin | IP=::1 | Path=ATT111001/GetList | Message=POST /ATT111001/GetList
2026-05-07 14:02:56 | INF | ACTION_TRACE | Acc=admin | Path=/ATT111001/GetList | IP=::1 | Start=2026-05-07 14:02:56.267 | Elapsed=5ms | Status=Completed
2026-05-07 14:06:19 | INF | ACTION_TRACE | Acc=admin | Path=/Home/Index | IP=::1 | Start=2026-05-07 14:06:19.200 | Elapsed=66ms | Status=Completed
2026-05-07 14:06:41 | INF | ACTION_TRACE | Acc=admin | Path=/Home/Index | IP=::1 | Start=2026-05-07 14:06:41.297 | Elapsed=58ms | Status=Completed
2026-05-07 14:06:52 | INF | ACTION_TRACE | Acc=admin | Path=/Home/Index | IP=::1 | Start=2026-05-07 14:06:52.151 | Elapsed=87ms | Status=Completed
2026-05-07 14:06:54 | INF | ACTION_TRACE | Acc=admin | Path=/Home/GetMenu | IP=::1 | Start=2026-05-07 14:06:54.279 | Elapsed=7ms | Status=Completed
2026-05-07 14:06:54 | INF | ACTION_TRACE | Acc=admin | Path=/Home/GetMenu | IP=::1 | Start=2026-05-07 14:06:54.774 | Elapsed=8ms | Status=Completed
2026-05-07 14:06:56 | INF | CONTROLLER_EXEC | Acc= admin | IP=::1 | Path=ATT111001/ATT111001 | Message=GET /ATT111001/ATT111001
2026-05-07 14:06:56 | INF | ACTION_TRACE | Acc=admin | Path=/ATT111001/ATT111001 | IP=::1 | Start=2026-05-07 14:06:56.556 | Elapsed=40ms | Status=Completed
2026-05-07 14:06:56 | INF | CONTROLLER_EXEC | Acc= admin | IP=::1 | Path=ATT111001/GetList | Message=POST /ATT111001/GetList
2026-05-07 14:06:56 | INF | ACTION_TRACE | Acc=admin | Path=/ATT111001/GetList | IP=::1 | Start=2026-05-07 14:06:56.624 | Elapsed=32ms | Status=Completed
2026-05-07 14:08:43 | INF | ACTION_TRACE | Acc=admin | Path=/Home/Index | IP=::1 | Start=2026-05-07 14:08:43.634 | Elapsed=14ms | Status=Completed
2026-05-07 14:08:47 | INF | ACTION_TRACE | Acc=admin | Path=/Home/Index | IP=::1 | Start=2026-05-07 14:08:47.929 | Elapsed=47ms | Status=Completed
2026-05-07 14:08:55 | INF | ACTION_TRACE | Acc=admin | Path=/Home/GetMenu | IP=::1 | Start=2026-05-07 14:08:55.317 | Elapsed=58ms | Status=Completed
2026-05-07 14:08:58 | INF | CONTROLLER_EXEC | Acc= admin | IP=::1 | Path=ATT111001/ATT111001 | Message=GET /ATT111001/ATT111001
2026-05-07 14:08:58 | INF | ACTION_TRACE | Acc=admin | Path=/ATT111001/ATT111001 | IP=::1 | Start=2026-05-07 14:08:58.430 | Elapsed=51ms | Status=Completed
2026-05-07 14:08:58 | INF | CONTROLLER_EXEC | Acc= admin | IP=::1 | Path=ATT111001/GetList | Message=POST /ATT111001/GetList
2026-05-07 14:08:58 | INF | ACTION_TRACE | Acc=admin | Path=/ATT111001/GetList | IP=::1 | Start=2026-05-07 14:08:58.506 | Elapsed=15ms | Status=Completed
2026-05-07 14:24:53 | INF | ACTION_TRACE | Acc=admin | Path=/Home/Index | IP=::1 | Start=2026-05-07 14:24:48.683 | Elapsed=4778ms | Status=Completed
2026-05-07 14:24:53 | INF | NETWORK_UNSTABLE | Acc=admin | Path=/Home/Index | Reason=SlowRequest 4778ms
2026-05-07 14:25:20 | INF | ACTION_TRACE | Acc=admin | Path=/Home/Index | IP=::1 | Start=2026-05-07 14:25:20.867 | Elapsed=58ms | Status=Completed
2026-05-07 14:25:25 | INF | ACTION_TRACE | Acc=admin | Path=/Home/GetMenu | IP=::1 | Start=2026-05-07 14:25:25.073 | Elapsed=54ms | Status=Completed
2026-05-07 14:25:27 | INF | CONTROLLER_EXEC | Acc= admin | IP=::1 | Path=ATT111001/ATT111001 | Message=GET /ATT111001/ATT111001
2026-05-07 14:25:27 | INF | ACTION_TRACE | Acc=admin | Path=/ATT111001/ATT111001 | IP=::1 | Start=2026-05-07 14:25:27.573 | Elapsed=41ms | Status=Completed
2026-05-07 14:25:27 | INF | CONTROLLER_EXEC | Acc= admin | IP=::1 | Path=ATT111001/GetList | Message=POST /ATT111001/GetList
2026-05-07 14:25:27 | INF | ACTION_TRACE | Acc=admin | Path=/ATT111001/GetList | IP=::1 | Start=2026-05-07 14:25:27.642 | Elapsed=14ms | Status=Completed
2026-05-07 14:27:08 | INF | ACTION_TRACE | Acc=admin | Path=/Home/Index | IP=::1 | Start=2026-05-07 14:27:08.525 | Elapsed=21ms | Status=Completed
2026-05-07 14:27:12 | INF | ACTION_TRACE | Acc=admin | Path=/Home/GetMenu | IP=::1 | Start=2026-05-07 14:27:12.211 | Elapsed=39ms | Status=Completed
2026-05-07 14:27:14 | INF | CONTROLLER_EXEC | Acc= admin | IP=::1 | Path=ATT111001/ATT111001 | Message=GET /ATT111001/ATT111001
2026-05-07 14:27:14 | INF | ACTION_TRACE | Acc=admin | Path=/ATT111001/ATT111001 | IP=::1 | Start=2026-05-07 14:27:14.343 | Elapsed=4ms | Status=Completed
2026-05-07 14:27:14 | INF | CONTROLLER_EXEC | Acc= admin | IP=::1 | Path=ATT111001/GetList | Message=POST /ATT111001/GetList
2026-05-07 14:27:14 | INF | ACTION_TRACE | Acc=admin | Path=/ATT111001/GetList | IP=::1 | Start=2026-05-07 14:27:14.373 | Elapsed=5ms | Status=Completed
2026-05-07 14:28:22 | INF | ACTION_TRACE | Acc=admin | Path=/Home/Index | IP=::1 | Start=2026-05-07 14:28:22.263 | Elapsed=47ms | Status=Completed
2026-05-07 14:28:40 | INF | ACTION_TRACE | Acc=admin | Path=/Home/GetMenu | IP=::1 | Start=2026-05-07 14:28:40.860 | Elapsed=54ms | Status=Completed
2026-05-07 14:28:42 | INF | CONTROLLER_EXEC | Acc= admin | IP=::1 | Path=ATT111001/ATT111001 | Message=GET /ATT111001/ATT111001
2026-05-07 14:28:42 | INF | ACTION_TRACE | Acc=admin | Path=/ATT111001/ATT111001 | IP=::1 | Start=2026-05-07 14:28:42.555 | Elapsed=46ms | Status=Completed
2026-05-07 14:28:42 | INF | CONTROLLER_EXEC | Acc= admin | IP=::1 | Path=ATT111001/GetList | Message=POST /ATT111001/GetList
2026-05-07 14:28:42 | INF | ACTION_TRACE | Acc=admin | Path=/ATT111001/GetList | IP=::1 | Start=2026-05-07 14:28:42.626 | Elapsed=15ms | Status=Completed
2026-05-07 14:30:05 | INF | ACTION_TRACE | Acc=admin | Path=/Home/Index | IP=::1 | Start=2026-05-07 14:30:05.497 | Elapsed=167ms | Status=Completed
2026-05-07 14:30:07 | INF | ACTION_TRACE | Acc=admin | Path=/Home/GetMenu | IP=::1 | Start=2026-05-07 14:30:07.165 | Elapsed=13ms | Status=Completed
2026-05-07 14:30:10 | INF | CONTROLLER_EXEC | Acc= admin | IP=::1 | Path=ATT111001/ATT111001 | Message=GET /ATT111001/ATT111001
2026-05-07 14:30:10 | INF | ACTION_TRACE | Acc=admin | Path=/ATT111001/ATT111001 | IP=::1 | Start=2026-05-07 14:30:10.440 | Elapsed=42ms | Status=Completed
2026-05-07 14:30:10 | INF | CONTROLLER_EXEC | Acc= admin | IP=::1 | Path=ATT111001/GetList | Message=POST /ATT111001/GetList
2026-05-07 14:30:10 | INF | ACTION_TRACE | Acc=admin | Path=/ATT111001/GetList | IP=::1 | Start=2026-05-07 14:30:10.508 | Elapsed=14ms | Status=Completed
2026-05-07 14:30:55 | INF | ACTION_TRACE | Acc=admin | Path=/Home/Index | IP=::1 | Start=2026-05-07 14:30:55.665 | Elapsed=11ms | Status=Completed
2026-05-07 14:31:19 | INF | ACTION_TRACE | Acc=admin | Path=/Home/GetMenu | IP=::1 | Start=2026-05-07 14:31:19.325 | Elapsed=14ms | Status=Completed
2026-05-07 14:31:20 | INF | CONTROLLER_EXEC | Acc= admin | IP=::1 | Path=ATT111001/ATT111001 | Message=GET /ATT111001/ATT111001
2026-05-07 14:31:20 | INF | ACTION_TRACE | Acc=admin | Path=/ATT111001/ATT111001 | IP=::1 | Start=2026-05-07 14:31:20.945 | Elapsed=4ms | Status=Completed
2026-05-07 14:31:23 | INF | ACTION_TRACE | Acc=admin | Path=/.well-known/appspecific/com.chrome.devtools.json | IP=::1 | Start=2026-05-07 14:31:23.134 | Elapsed=0ms | Status=Completed
2026-05-07 14:31:23 | INF | ACTION_TRACE | Acc=admin | Path=/lib/html-to-image/html-to-image.js.map | IP=::1 | Start=2026-05-07 14:31:23.193 | Elapsed=0ms | Status=Completed
2026-05-07 14:31:24 | INF | ACTION_TRACE | Acc=admin | Path=/Home/Index | IP=::1 | Start=2026-05-07 14:31:24.401 | Elapsed=16ms | Status=Completed
2026-05-07 14:31:24 | INF | ACTION_TRACE | Acc=admin | Path=/.well-known/appspecific/com.chrome.devtools.json | IP=::1 | Start=2026-05-07 14:31:24.465 | Elapsed=0ms | Status=Completed
2026-05-07 14:31:24 | INF | ACTION_TRACE | Acc=admin | Path=/lib/html-to-image/html-to-image.js.map | IP=::1 | Start=2026-05-07 14:31:24.615 | Elapsed=0ms | Status=Completed
2026-05-07 14:31:26 | INF | ACTION_TRACE | Acc=admin | Path=/Home/GetMenu | IP=::1 | Start=2026-05-07 14:31:26.093 | Elapsed=6ms | Status=Completed
2026-05-07 14:31:27 | INF | CONTROLLER_EXEC | Acc= admin | IP=::1 | Path=ATT111001/ATT111001 | Message=GET /ATT111001/ATT111001
2026-05-07 14:31:27 | INF | ACTION_TRACE | Acc=admin | Path=/ATT111001/ATT111001 | IP=::1 | Start=2026-05-07 14:31:27.139 | Elapsed=3ms | Status=Completed
2026-05-07 14:31:44 | INF | ACTION_TRACE | Acc=admin | Path=/Home/Index | IP=::1 | Start=2026-05-07 14:31:44.095 | Elapsed=16ms | Status=Completed
2026-05-07 14:31:44 | INF | ACTION_TRACE | Acc=admin | Path=/.well-known/appspecific/com.chrome.devtools.json | IP=::1 | Start=2026-05-07 14:31:44.152 | Elapsed=0ms | Status=Completed
2026-05-07 14:31:44 | INF | ACTION_TRACE | Acc=admin | Path=/lib/html-to-image/html-to-image.js.map | IP=::1 | Start=2026-05-07 14:31:44.350 | Elapsed=0ms | Status=Completed
2026-05-07 14:31:47 | INF | ACTION_TRACE | Acc=admin | Path=/Home/GetMenu | IP=::1 | Start=2026-05-07 14:31:47.712 | Elapsed=8ms | Status=Completed
2026-05-07 14:31:49 | INF | CONTROLLER_EXEC | Acc= admin | IP=::1 | Path=ATT111001/ATT111001 | Message=GET /ATT111001/ATT111001
2026-05-07 14:31:49 | INF | ACTION_TRACE | Acc=admin | Path=/ATT111001/ATT111001 | IP=::1 | Start=2026-05-07 14:31:49.016 | Elapsed=3ms | Status=Completed
2026-05-07 14:31:49 | INF | CONTROLLER_EXEC | Acc= admin | IP=::1 | Path=ATT111001/GetList | Message=POST /ATT111001/GetList
2026-05-07 14:31:49 | INF | ACTION_TRACE | Acc=admin | Path=/ATT111001/GetList | IP=::1 | Start=2026-05-07 14:31:49.138 | Elapsed=5ms | Status=Completed
2026-05-07 14:32:20 | INF | ACTION_TRACE | Acc=admin | Path=/Home/Index | IP=::1 | Start=2026-05-07 14:32:20.806 | Elapsed=47ms | Status=Completed
2026-05-07 14:32:25 | INF | ACTION_TRACE | Acc=admin | Path=/Home/GetMenu | IP=::1 | Start=2026-05-07 14:32:25.677 | Elapsed=7ms | Status=Completed
2026-05-07 14:32:27 | INF | CONTROLLER_EXEC | Acc= admin | IP=::1 | Path=ATT111001/ATT111001 | Message=GET /ATT111001/ATT111001
2026-05-07 14:32:27 | INF | ACTION_TRACE | Acc=admin | Path=/ATT111001/ATT111001 | IP=::1 | Start=2026-05-07 14:32:27.079 | Elapsed=49ms | Status=Completed
2026-05-07 14:32:27 | INF | CONTROLLER_EXEC | Acc= admin | IP=::1 | Path=ATT111001/GetList | Message=POST /ATT111001/GetList
2026-05-07 14:32:27 | INF | ACTION_TRACE | Acc=admin | Path=/ATT111001/GetList | IP=::1 | Start=2026-05-07 14:32:27.160 | Elapsed=16ms | Status=Completed
2026-05-07 14:35:04 | INF | ACTION_TRACE | Acc=admin | Path=/Home/Index | IP=::1 | Start=2026-05-07 14:35:03.925 | Elapsed=88ms | Status=Completed
2026-05-07 14:35:08 | INF | ACTION_TRACE | Acc=admin | Path=/Home/Index | IP=::1 | Start=2026-05-07 14:35:08.469 | Elapsed=15ms | Status=Completed
2026-05-07 14:35:09 | INF | ACTION_TRACE | Acc=admin | Path=/Home/GetMenu | IP=::1 | Start=2026-05-07 14:35:09.961 | Elapsed=8ms | Status=Completed
2026-05-07 14:35:11 | INF | CONTROLLER_EXEC | Acc= admin | IP=::1 | Path=ATT111001/ATT111001 | Message=GET /ATT111001/ATT111001
2026-05-07 14:35:11 | INF | ACTION_TRACE | Acc=admin | Path=/ATT111001/ATT111001 | IP=::1 | Start=2026-05-07 14:35:11.649 | Elapsed=47ms | Status=Completed
2026-05-07 14:35:11 | INF | CONTROLLER_EXEC | Acc= admin | IP=::1 | Path=ATT111001/GetList | Message=POST /ATT111001/GetList
2026-05-07 14:35:11 | INF | ACTION_TRACE | Acc=admin | Path=/ATT111001/GetList | IP=::1 | Start=2026-05-07 14:35:11.726 | Elapsed=20ms | Status=Completed
2026-05-07 14:35:18 | INF | ACTION_TRACE | Acc=admin | Path=/Home/Index | IP=::1 | Start=2026-05-07 14:35:18.343 | Elapsed=49ms | Status=Completed
2026-05-07 14:35:19 | INF | ACTION_TRACE | Acc=admin | Path=/Home/GetMenu | IP=::1 | Start=2026-05-07 14:35:19.865 | Elapsed=10ms | Status=Completed
2026-05-07 14:35:21 | INF | CONTROLLER_EXEC | Acc= admin | IP=::1 | Path=ATT111001/ATT111001 | Message=GET /ATT111001/ATT111001
2026-05-07 14:35:21 | INF | ACTION_TRACE | Acc=admin | Path=/ATT111001/ATT111001 | IP=::1 | Start=2026-05-07 14:35:21.638 | Elapsed=104ms | Status=Completed
2026-05-07 14:35:21 | INF | CONTROLLER_EXEC | Acc= admin | IP=::1 | Path=ATT111001/GetList | Message=POST /ATT111001/GetList
2026-05-07 14:35:21 | INF | ACTION_TRACE | Acc=admin | Path=/ATT111001/GetList | IP=::1 | Start=2026-05-07 14:35:21.762 | Elapsed=20ms | Status=Completed
2026-05-07 14:35:36 | INF | ACTION_TRACE | Acc=admin | Path=/Home/Index | IP=::1 | Start=2026-05-07 14:35:36.643 | Elapsed=41ms | Status=Completed
2026-05-07 14:35:41 | INF | ACTION_TRACE | Acc=admin | Path=/Home/Index | IP=::1 | Start=2026-05-07 14:35:41.365 | Elapsed=15ms | Status=Completed
2026-05-07 14:35:43 | INF | ACTION_TRACE | Acc=admin | Path=/Home/GetMenu | IP=::1 | Start=2026-05-07 14:35:43.701 | Elapsed=10ms | Status=Completed
2026-05-07 14:35:45 | INF | CONTROLLER_EXEC | Acc= admin | IP=::1 | Path=ATT111001/ATT111001 | Message=GET /ATT111001/ATT111001
2026-05-07 14:35:45 | INF | ACTION_TRACE | Acc=admin | Path=/ATT111001/ATT111001 | IP=::1 | Start=2026-05-07 14:35:45.642 | Elapsed=41ms | Status=Completed
2026-05-07 14:35:45 | INF | CONTROLLER_EXEC | Acc= admin | IP=::1 | Path=ATT111001/GetList | Message=POST /ATT111001/GetList
2026-05-07 14:35:45 | INF | ACTION_TRACE | Acc=admin | Path=/ATT111001/GetList | IP=::1 | Start=2026-05-07 14:35:45.718 | Elapsed=16ms | Status=Completed
2026-05-07 14:36:37 | INF | ACTION_TRACE | Acc=admin | Path=/Home/Index | IP=::1 | Start=2026-05-07 14:36:37.634 | Elapsed=49ms | Status=Completed
2026-05-07 14:36:39 | INF | ACTION_TRACE | Acc=admin | Path=/Home/Index | IP=::1 | Start=2026-05-07 14:36:39.785 | Elapsed=30ms | Status=Completed
2026-05-07 14:36:42 | INF | ACTION_TRACE | Acc=admin | Path=/Home/GetMenu | IP=::1 | Start=2026-05-07 14:36:42.084 | Elapsed=59ms | Status=Completed
2026-05-07 14:36:43 | INF | CONTROLLER_EXEC | Acc= admin | IP=::1 | Path=ATT111001/ATT111001 | Message=GET /ATT111001/ATT111001
2026-05-07 14:36:43 | INF | ACTION_TRACE | Acc=admin | Path=/ATT111001/ATT111001 | IP=::1 | Start=2026-05-07 14:36:43.701 | Elapsed=48ms | Status=Completed
2026-05-07 14:36:43 | INF | CONTROLLER_EXEC | Acc= admin | IP=::1 | Path=ATT111001/GetList | Message=POST /ATT111001/GetList
2026-05-07 14:36:43 | INF | ACTION_TRACE | Acc=admin | Path=/ATT111001/GetList | IP=::1 | Start=2026-05-07 14:36:43.782 | Elapsed=16ms | Status=Completed
2026-05-07 14:36:55 | INF | ACTION_TRACE | Acc=admin | Path=/Home/Index | IP=::1 | Start=2026-05-07 14:36:55.885 | Elapsed=49ms | Status=Completed
2026-05-07 14:36:57 | INF | ACTION_TRACE | Acc=admin | Path=/Home/GetMenu | IP=::1 | Start=2026-05-07 14:36:57.194 | Elapsed=7ms | Status=Completed
2026-05-07 14:36:58 | INF | CONTROLLER_EXEC | Acc= admin | IP=::1 | Path=ATT111001/ATT111001 | Message=GET /ATT111001/ATT111001
2026-05-07 14:36:58 | INF | ACTION_TRACE | Acc=admin | Path=/ATT111001/ATT111001 | IP=::1 | Start=2026-05-07 14:36:58.606 | Elapsed=49ms | Status=Completed
2026-05-07 14:36:58 | INF | CONTROLLER_EXEC | Acc= admin | IP=::1 | Path=ATT111001/GetList | Message=POST /ATT111001/GetList
2026-05-07 14:36:58 | INF | ACTION_TRACE | Acc=admin | Path=/ATT111001/GetList | IP=::1 | Start=2026-05-07 14:36:58.685 | Elapsed=15ms | Status=Completed
2026-05-07 14:37:24 | INF | ACTION_TRACE | Acc=admin | Path=/Home/Index | IP=::1 | Start=2026-05-07 14:37:24.121 | Elapsed=42ms | Status=Completed
2026-05-07 14:37:26 | INF | ACTION_TRACE | Acc=admin | Path=/Home/GetMenu | IP=::1 | Start=2026-05-07 14:37:26.580 | Elapsed=7ms | Status=Completed
2026-05-07 14:37:27 | INF | ACTION_TRACE | Acc=admin | Path=/Home/GetMenu | IP=::1 | Start=2026-05-07 14:37:27.032 | Elapsed=10ms | Status=Completed
2026-05-07 14:37:28 | INF | CONTROLLER_EXEC | Acc= admin | IP=::1 | Path=ATT111001/ATT111001 | Message=GET /ATT111001/ATT111001
2026-05-07 14:37:28 | INF | ACTION_TRACE | Acc=admin | Path=/ATT111001/ATT111001 | IP=::1 | Start=2026-05-07 14:37:28.180 | Elapsed=49ms | Status=Completed
2026-05-07 14:37:28 | INF | CONTROLLER_EXEC | Acc= admin | IP=::1 | Path=ATT111001/GetList | Message=POST /ATT111001/GetList
2026-05-07 14:37:28 | INF | ACTION_TRACE | Acc=admin | Path=/ATT111001/GetList | IP=::1 | Start=2026-05-07 14:37:28.257 | Elapsed=18ms | Status=Completed
2026-05-07 14:37:51 | INF | ACTION_TRACE | Acc=admin | Path=/Home/Index | IP=::1 | Start=2026-05-07 14:37:51.649 | Elapsed=43ms | Status=Completed
2026-05-07 14:37:56 | INF | ACTION_TRACE | Acc=admin | Path=/Home/Index | IP=::1 | Start=2026-05-07 14:37:56.868 | Elapsed=14ms | Status=Completed
2026-05-07 14:38:00 | INF | ACTION_TRACE | Acc=admin | Path=/Home/GetMenu | IP=::1 | Start=2026-05-07 14:38:00.650 | Elapsed=61ms | Status=Completed
2026-05-07 14:38:02 | INF | CONTROLLER_EXEC | Acc= admin | IP=::1 | Path=ATT111001/ATT111001 | Message=GET /ATT111001/ATT111001
2026-05-07 14:38:02 | INF | ACTION_TRACE | Acc=admin | Path=/ATT111001/ATT111001 | IP=::1 | Start=2026-05-07 14:38:02.055 | Elapsed=45ms | Status=Completed
2026-05-07 14:38:02 | INF | CONTROLLER_EXEC | Acc= admin | IP=::1 | Path=ATT111001/GetList | Message=POST /ATT111001/GetList
2026-05-07 14:38:02 | INF | ACTION_TRACE | Acc=admin | Path=/ATT111001/GetList | IP=::1 | Start=2026-05-07 14:38:02.139 | Elapsed=18ms | Status=Completed
2026-05-07 14:40:31 | INF | ACTION_TRACE | Acc=admin | Path=/Home/Index | IP=::1 | Start=2026-05-07 14:40:31.589 | Elapsed=37ms | Status=Completed
2026-05-07 14:40:33 | INF | ACTION_TRACE | Acc=admin | Path=/Home/GetMenu | IP=::1 | Start=2026-05-07 14:40:33.106 | Elapsed=141ms | Status=Completed
2026-05-07 14:40:36 | INF | CONTROLLER_EXEC | Acc= admin | IP=::1 | Path=ATT111001/ATT111001 | Message=GET /ATT111001/ATT111001
2026-05-07 14:40:36 | INF | ACTION_TRACE | Acc=admin | Path=/ATT111001/ATT111001 | IP=::1 | Start=2026-05-07 14:40:36.505 | Elapsed=7ms | Status=Completed
2026-05-07 14:40:36 | INF | CONTROLLER_EXEC | Acc= admin | IP=::1 | Path=ATT111001/GetList | Message=POST /ATT111001/GetList
2026-05-07 14:40:36 | INF | ACTION_TRACE | Acc=admin | Path=/ATT111001/GetList | IP=::1 | Start=2026-05-07 14:40:36.543 | Elapsed=43ms | Status=Completed
2026-05-07 14:41:10 | INF | ACTION_TRACE | Acc=admin | Path=/Home/Index | IP=::1 | Start=2026-05-07 14:41:10.398 | Elapsed=15ms | Status=Completed
2026-05-07 14:41:13 | INF | ACTION_TRACE | Acc=admin | Path=/Home/GetMenu | IP=::1 | Start=2026-05-07 14:41:13.857 | Elapsed=50ms | Status=Completed
2026-05-07 14:41:16 | INF | CONTROLLER_EXEC | Acc= admin | IP=::1 | Path=ATT111001/ATT111001 | Message=GET /ATT111001/ATT111001
2026-05-07 14:41:16 | INF | ACTION_TRACE | Acc=admin | Path=/ATT111001/ATT111001 | IP=::1 | Start=2026-05-07 14:41:16.804 | Elapsed=4ms | Status=Completed
2026-05-07 14:41:16 | INF | CONTROLLER_EXEC | Acc= admin | IP=::1 | Path=ATT111001/GetList | Message=POST /ATT111001/GetList
2026-05-07 14:41:16 | INF | ACTION_TRACE | Acc=admin | Path=/ATT111001/GetList | IP=::1 | Start=2026-05-07 14:41:16.834 | Elapsed=10ms | Status=Completed
2026-05-07 14:44:24 | INF | ACTION_TRACE | Acc=admin | Path=/Home/Index | IP=::1 | Start=2026-05-07 14:44:24.111 | Elapsed=53ms | Status=Completed
2026-05-07 14:44:49 | INF | ACTION_TRACE | Acc=admin | Path=/Home/Index | IP=::1 | Start=2026-05-07 14:44:49.621 | Elapsed=53ms | Status=Completed
2026-05-07 14:44:52 | INF | ACTION_TRACE | Acc=admin | Path=/Home/GetMenu | IP=::1 | Start=2026-05-07 14:44:52.056 | Elapsed=43ms | Status=Completed
2026-05-07 14:44:55 | INF | CONTROLLER_EXEC | Acc= admin | IP=::1 | Path=ATT111001/ATT111001 | Message=GET /ATT111001/ATT111001
2026-05-07 14:44:55 | INF | ACTION_TRACE | Acc=admin | Path=/ATT111001/ATT111001 | IP=::1 | Start=2026-05-07 14:44:55.208 | Elapsed=50ms | Status=Completed
2026-05-07 14:44:55 | INF | CONTROLLER_EXEC | Acc= admin | IP=::1 | Path=ATT111001/GetList | Message=POST /ATT111001/GetList
2026-05-07 14:44:55 | INF | ACTION_TRACE | Acc=admin | Path=/ATT111001/GetList | IP=::1 | Start=2026-05-07 14:44:55.285 | Elapsed=15ms | Status=Completed
2026-05-07 14:44:58 | INF | ACTION_TRACE | Acc=admin | Path=/.well-known/appspecific/com.chrome.devtools.json | IP=::1 | Start=2026-05-07 14:44:58.711 | Elapsed=0ms | Status=Completed
2026-05-07 14:44:58 | INF | ACTION_TRACE | Acc=admin | Path=/lib/html-to-image/html-to-image.js.map | IP=::1 | Start=2026-05-07 14:44:58.790 | Elapsed=0ms | Status=Completed
2026-05-07 14:46:09 | INF | ACTION_TRACE | Acc=admin | Path=/Home/Index | IP=::1 | Start=2026-05-07 14:46:09.958 | Elapsed=19ms | Status=Completed
2026-05-07 14:46:34 | INF | ACTION_TRACE | Acc=admin | Path=/Home/Index | IP=::1 | Start=2026-05-07 14:46:34.648 | Elapsed=107ms | Status=Completed
2026-05-07 14:46:38 | INF | ACTION_TRACE | Acc=admin | Path=/Home/GetMenu | IP=::1 | Start=2026-05-07 14:46:38.734 | Elapsed=47ms | Status=Completed
2026-05-07 14:46:40 | INF | CONTROLLER_EXEC | Acc= admin | IP=::1 | Path=ATT111001/ATT111001 | Message=GET /ATT111001/ATT111001
2026-05-07 14:46:40 | INF | ACTION_TRACE | Acc=admin | Path=/ATT111001/ATT111001 | IP=::1 | Start=2026-05-07 14:46:40.668 | Elapsed=48ms | Status=Completed
2026-05-07 14:46:40 | INF | CONTROLLER_EXEC | Acc= admin | IP=::1 | Path=ATT111001/GetList | Message=POST /ATT111001/GetList
2026-05-07 14:46:40 | INF | ACTION_TRACE | Acc=admin | Path=/ATT111001/GetList | IP=::1 | Start=2026-05-07 14:46:40.752 | Elapsed=14ms | Status=Completed
2026-05-07 14:47:16 | INF | ACTION_TRACE | Acc=admin | Path=/Home/Index | IP=::1 | Start=2026-05-07 14:47:16.928 | Elapsed=15ms | Status=Completed
2026-05-07 14:47:19 | INF | ACTION_TRACE | Acc=admin | Path=/Home/GetMenu | IP=::1 | Start=2026-05-07 14:47:19.384 | Elapsed=50ms | Status=Completed
2026-05-07 14:47:21 | INF | CONTROLLER_EXEC | Acc= admin | IP=::1 | Path=ATT111001/ATT111001 | Message=GET /ATT111001/ATT111001
2026-05-07 14:47:21 | INF | ACTION_TRACE | Acc=admin | Path=/ATT111001/ATT111001 | IP=::1 | Start=2026-05-07 14:47:21.861 | Elapsed=4ms | Status=Completed
2026-05-07 14:47:21 | INF | CONTROLLER_EXEC | Acc= admin | IP=::1 | Path=ATT111001/GetList | Message=POST /ATT111001/GetList
2026-05-07 14:47:21 | INF | ACTION_TRACE | Acc=admin | Path=/ATT111001/GetList | IP=::1 | Start=2026-05-07 14:47:21.895 | Elapsed=5ms | Status=Completed
2026-05-07 14:47:47 | INF | ACTION_TRACE | Acc=admin | Path=/Home/Index | IP=::1 | Start=2026-05-07 14:47:47.354 | Elapsed=16ms | Status=Completed
2026-05-07 14:47:51 | INF | ACTION_TRACE | Acc=admin | Path=/Home/Index | IP=::1 | Start=2026-05-07 14:47:51.117 | Elapsed=48ms | Status=Completed
2026-05-07 14:47:54 | INF | ACTION_TRACE | Acc=admin | Path=/Home/GetMenu | IP=::1 | Start=2026-05-07 14:47:54.319 | Elapsed=28ms | Status=Completed
2026-05-07 14:47:55 | INF | CONTROLLER_EXEC | Acc= admin | IP=::1 | Path=ATT111001/ATT111001 | Message=GET /ATT111001/ATT111001
2026-05-07 14:47:55 | INF | ACTION_TRACE | Acc=admin | Path=/ATT111001/ATT111001 | IP=::1 | Start=2026-05-07 14:47:55.336 | Elapsed=2ms | Status=Completed
2026-05-07 14:47:55 | INF | CONTROLLER_EXEC | Acc= admin | IP=::1 | Path=ATT111001/GetList | Message=POST /ATT111001/GetList
2026-05-07 14:47:55 | INF | ACTION_TRACE | Acc=admin | Path=/ATT111001/GetList | IP=::1 | Start=2026-05-07 14:47:55.360 | Elapsed=7ms | Status=Completed
2026-05-07 14:48:01 | INF | ACTION_TRACE | Acc=admin | Path=/Home/Index | IP=::1 | Start=2026-05-07 14:48:01.460 | Elapsed=13ms | Status=Completed
2026-05-07 14:48:03 | INF | ACTION_TRACE | Acc=admin | Path=/Home/GetMenu | IP=::1 | Start=2026-05-07 14:48:03.170 | Elapsed=46ms | Status=Completed
2026-05-07 14:48:04 | INF | CONTROLLER_EXEC | Acc= admin | IP=::1 | Path=ATT111001/ATT111001 | Message=GET /ATT111001/ATT111001
2026-05-07 14:48:04 | INF | ACTION_TRACE | Acc=admin | Path=/ATT111001/ATT111001 | IP=::1 | Start=2026-05-07 14:48:04.247 | Elapsed=2ms | Status=Completed
2026-05-07 14:48:04 | INF | CONTROLLER_EXEC | Acc= admin | IP=::1 | Path=ATT111001/GetList | Message=POST /ATT111001/GetList
2026-05-07 14:48:04 | INF | ACTION_TRACE | Acc=admin | Path=/ATT111001/GetList | IP=::1 | Start=2026-05-07 14:48:04.281 | Elapsed=8ms | Status=Completed
2026-05-07 14:48:44 | INF | ACTION_TRACE | Acc=admin | Path=/Home/Index | IP=::1 | Start=2026-05-07 14:48:44.917 | Elapsed=46ms | Status=Completed
2026-05-07 14:48:46 | INF | ACTION_TRACE | Acc=admin | Path=/Home/GetMenu | IP=::1 | Start=2026-05-07 14:48:46.640 | Elapsed=51ms | Status=Completed
2026-05-07 14:48:48 | INF | CONTROLLER_EXEC | Acc= admin | IP=::1 | Path=ATT111001/ATT111001 | Message=GET /ATT111001/ATT111001
2026-05-07 14:48:48 | INF | ACTION_TRACE | Acc=admin | Path=/ATT111001/ATT111001 | IP=::1 | Start=2026-05-07 14:48:48.442 | Elapsed=46ms | Status=Completed
2026-05-07 14:48:48 | INF | CONTROLLER_EXEC | Acc= admin | IP=::1 | Path=ATT111001/GetList | Message=POST /ATT111001/GetList
2026-05-07 14:48:48 | INF | ACTION_TRACE | Acc=admin | Path=/ATT111001/GetList | IP=::1 | Start=2026-05-07 14:48:48.508 | Elapsed=14ms | Status=Completed
2026-05-07 14:49:13 | INF | ACTION_TRACE | Acc=admin | Path=/Home/Index | IP=::1 | Start=2026-05-07 14:49:13.448 | Elapsed=51ms | Status=Completed
2026-05-07 14:49:14 | INF | ACTION_TRACE | Acc=admin | Path=/Home/GetMenu | IP=::1 | Start=2026-05-07 14:49:14.758 | Elapsed=43ms | Status=Completed
2026-05-07 14:49:15 | INF | CONTROLLER_EXEC | Acc= admin | IP=::1 | Path=ATT111001/ATT111001 | Message=GET /ATT111001/ATT111001
2026-05-07 14:49:15 | INF | ACTION_TRACE | Acc=admin | Path=/ATT111001/ATT111001 | IP=::1 | Start=2026-05-07 14:49:15.742 | Elapsed=37ms | Status=Completed
2026-05-07 14:49:15 | INF | CONTROLLER_EXEC | Acc= admin | IP=::1 | Path=ATT111001/GetList | Message=POST /ATT111001/GetList
2026-05-07 14:49:15 | INF | ACTION_TRACE | Acc=admin | Path=/ATT111001/GetList | IP=::1 | Start=2026-05-07 14:49:15.802 | Elapsed=14ms | Status=Completed
2026-05-07 14:49:41 | INF | ACTION_TRACE | Acc=admin | Path=/Home/Index | IP=::1 | Start=2026-05-07 14:49:41.685 | Elapsed=48ms | Status=Completed
2026-05-07 14:49:42 | INF | ACTION_TRACE | Acc=admin | Path=/Home/GetMenu | IP=::1 | Start=2026-05-07 14:49:42.892 | Elapsed=38ms | Status=Completed
2026-05-07 14:49:43 | INF | CONTROLLER_EXEC | Acc= admin | IP=::1 | Path=ATT111001/ATT111001 | Message=GET /ATT111001/ATT111001
2026-05-07 14:49:43 | INF | ACTION_TRACE | Acc=admin | Path=/ATT111001/ATT111001 | IP=::1 | Start=2026-05-07 14:49:43.664 | Elapsed=45ms | Status=Completed
2026-05-07 14:49:43 | INF | CONTROLLER_EXEC | Acc= admin | IP=::1 | Path=ATT111001/GetList | Message=POST /ATT111001/GetList
2026-05-07 14:49:43 | INF | ACTION_TRACE | Acc=admin | Path=/ATT111001/GetList | IP=::1 | Start=2026-05-07 14:49:43.748 | Elapsed=17ms | Status=Completed
2026-05-07 14:50:09 | INF | ACTION_TRACE | Acc=admin | Path=/Home/Index | IP=::1 | Start=2026-05-07 14:50:09.609 | Elapsed=20ms | Status=Completed
2026-05-07 14:52:20 | WRN | No store type was specified for the decimal property 'OveMoney' on entity type 'HROvertime'. This will cause values to be silently truncated if they do not fit in the default precision and scale. Explicitly specify the SQL server column type that can accommodate all the values in 'OnModelCreating' using 'HasColumnType', specify precision and scale using 'HasPrecision', or configure a value converter using 'HasConversion'.
2026-05-07 14:52:20 | WRN | No store type was specified for the decimal property 'Wag1D1Hour' on entity type 'HRWage'. This will cause values to be silently truncated if they do not fit in the default precision and scale. Explicitly specify the SQL server column type that can accommodate all the values in 'OnModelCreating' using 'HasColumnType', specify precision and scale using 'HasPrecision', or configure a value converter using 'HasConversion'.
2026-05-07 14:52:20 | WRN | No store type was specified for the decimal property 'Wag2D1Hour' on entity type 'HRWage'. This will cause values to be silently truncated if they do not fit in the default precision and scale. Explicitly specify the SQL server column type that can accommodate all the values in 'OnModelCreating' using 'HasColumnType', specify precision and scale using 'HasPrecision', or configure a value converter using 'HasConversion'.
2026-05-07 14:52:20 | WRN | No store type was specified for the decimal property 'Wag4D3Hour' on entity type 'HRWage'. This will cause values to be silently truncated if they do not fit in the default precision and scale. Explicitly specify the SQL server column type that can accommodate all the values in 'OnModelCreating' using 'HasColumnType', specify precision and scale using 'HasPrecision', or configure a value converter using 'HasConversion'.
2026-05-07 14:52:20 | WRN | No store type was specified for the decimal property 'Wag5D3Hour' on entity type 'HRWage'. This will cause values to be silently truncated if they do not fit in the default precision and scale. Explicitly specify the SQL server column type that can accommodate all the values in 'OnModelCreating' using 'HasColumnType', specify precision and scale using 'HasPrecision', or configure a value converter using 'HasConversion'.
2026-05-07 14:52:20 | WRN | No store type was specified for the decimal property 'Wag8D3Hour' on entity type 'HRWage'. This will cause values to be silently truncated if they do not fit in the default precision and scale. Explicitly specify the SQL server column type that can accommodate all the values in 'OnModelCreating' using 'HasColumnType', specify precision and scale using 'HasPrecision', or configure a value converter using 'HasConversion'.
2026-05-07 14:52:20 | WRN | No store type was specified for the decimal property 'WagApplyHour' on entity type 'HRWage'. This will cause values to be silently truncated if they do not fit in the default precision and scale. Explicitly specify the SQL server column type that can accommodate all the values in 'OnModelCreating' using 'HasColumnType', specify precision and scale using 'HasPrecision', or configure a value converter using 'HasConversion'.
2026-05-07 14:52:20 | WRN | No store type was specified for the decimal property 'WagIssueHour' on entity type 'HRWage'. This will cause values to be silently truncated if they do not fit in the default precision and scale. Explicitly specify the SQL server column type that can accommodate all the values in 'OnModelCreating' using 'HasColumnType', specify precision and scale using 'HasPrecision', or configure a value converter using 'HasConversion'.
2026-05-07 14:52:20 | WRN | No store type was specified for the decimal property 'WagSubtotal' on entity type 'HRWage'. This will cause values to be silently truncated if they do not fit in the default precision and scale. Explicitly specify the SQL server column type that can accommodate all the values in 'OnModelCreating' using 'HasColumnType', specify precision and scale using 'HasPrecision', or configure a value converter using 'HasConversion'.
2026-05-07 14:52:25 | WRN | The query uses the 'First'/'FirstOrDefault' operator without 'OrderBy' and filter operators. This may lead to unpredictable results.
2026-05-07 14:52:26 | INF | ACTION_TRACE | Acc=admin | Path=/ | IP=::1 | Start=2026-05-07 14:52:19.384 | Elapsed=7509ms | Status=Completed
2026-05-07 14:52:26 | INF | NETWORK_UNSTABLE | Acc=admin | Path=/ | Reason=SlowRequest 7509ms
2026-05-07 14:52:27 | INF | ACTION_TRACE | Acc=admin | Path=/Captcha/Generate | IP=::1 | Start=2026-05-07 14:52:27.174 | Elapsed=38ms | Status=Completed
2026-05-07 14:52:27 | INF | ACTION_TRACE | Acc=admin | Path=/DNTCaptchaImage/Show | IP=::1 | Start=2026-05-07 14:52:27.225 | Elapsed=135ms | Status=Completed
2026-05-07 14:52:43 | INF | ACTION_TRACE | Acc=admin | Path=/Account/Login | IP=::1 | Start=2026-05-07 14:52:34.348 | Elapsed=8854ms | Status=Completed
2026-05-07 14:52:43 | INF | NETWORK_UNSTABLE | Acc=admin | Path=/Account/Login | Reason=SlowRequest 8854ms
2026-05-07 14:52:43 | INF | ACTION_TRACE | Acc=admin | Path=/Home/Index | IP=::1 | Start=2026-05-07 14:52:43.218 | Elapsed=254ms | Status=Completed
2026-05-07 14:52:45 | INF | ACTION_TRACE | Acc=admin | Path=/Home/GetMenu | IP=::1 | Start=2026-05-07 14:52:45.076 | Elapsed=56ms | Status=Completed
2026-05-07 14:52:46 | INF | CONTROLLER_EXEC | Acc= admin | IP=::1 | Path=ATT111001/ATT111001 | Message=GET /ATT111001/ATT111001
2026-05-07 14:52:46 | INF | ACTION_TRACE | Acc=admin | Path=/ATT111001/ATT111001 | IP=::1 | Start=2026-05-07 14:52:46.695 | Elapsed=80ms | Status=Completed
2026-05-07 14:52:46 | INF | CONTROLLER_EXEC | Acc= admin | IP=::1 | Path=ATT111001/GetList | Message=POST /ATT111001/GetList
2026-05-07 14:52:46 | INF | ACTION_TRACE | Acc=admin | Path=/ATT111001/GetList | IP=::1 | Start=2026-05-07 14:52:46.812 | Elapsed=138ms | Status=Completed
2026-05-07 14:53:00 | INF | ACTION_TRACE | Acc=admin | Path=/Home/Index | IP=::1 | Start=2026-05-07 14:53:00.144 | Elapsed=79ms | Status=Completed
2026-05-07 14:53:02 | INF | ACTION_TRACE | Acc=admin | Path=/Home/GetMenu | IP=::1 | Start=2026-05-07 14:53:01.945 | Elapsed=59ms | Status=Completed
2026-05-07 14:53:05 | INF | CONTROLLER_EXEC | Acc= admin | IP=::1 | Path=ATT111001/ATT111001 | Message=GET /ATT111001/ATT111001
2026-05-07 14:53:05 | INF | ACTION_TRACE | Acc=admin | Path=/ATT111001/ATT111001 | IP=::1 | Start=2026-05-07 14:53:05.665 | Elapsed=40ms | Status=Completed
2026-05-07 14:53:05 | INF | CONTROLLER_EXEC | Acc= admin | IP=::1 | Path=ATT111001/GetList | Message=POST /ATT111001/GetList
2026-05-07 14:53:05 | INF | ACTION_TRACE | Acc=admin | Path=/ATT111001/GetList | IP=::1 | Start=2026-05-07 14:53:05.724 | Elapsed=18ms | Status=Completed
2026-05-07 14:53:23 | INF | ACTION_TRACE | Acc=admin | Path=/Home/Index | IP=::1 | Start=2026-05-07 14:53:23.310 | Elapsed=45ms | Status=Completed
2026-05-07 14:53:51 | INF | ACTION_TRACE | Acc=admin | Path=/Home/Index | IP=::1 | Start=2026-05-07 14:53:51.016 | Elapsed=73ms | Status=Completed
2026-05-07 14:53:52 | INF | ACTION_TRACE | Acc=admin | Path=/Home/GetMenu | IP=::1 | Start=2026-05-07 14:53:52.267 | Elapsed=57ms | Status=Completed
2026-05-07 14:53:54 | INF | CONTROLLER_EXEC | Acc= admin | IP=::1 | Path=ATT111001/ATT111001 | Message=GET /ATT111001/ATT111001
2026-05-07 14:53:54 | INF | ACTION_TRACE | Acc=admin | Path=/ATT111001/ATT111001 | IP=::1 | Start=2026-05-07 14:53:54.387 | Elapsed=41ms | Status=Completed
2026-05-07 14:53:54 | INF | CONTROLLER_EXEC | Acc= admin | IP=::1 | Path=ATT111001/GetList | Message=POST /ATT111001/GetList
2026-05-07 14:53:54 | INF | ACTION_TRACE | Acc=admin | Path=/ATT111001/GetList | IP=::1 | Start=2026-05-07 14:53:54.454 | Elapsed=14ms | Status=Completed
2026-05-07 14:57:58 | INF | CONTROLLER_EXEC | Acc= admin | IP=::1 | Path=ATT111001/GetList | Message=POST /ATT111001/GetList
2026-05-07 14:57:58 | INF | ACTION_TRACE | Acc=admin | Path=/ATT111001/GetList | IP=::1 | Start=2026-05-07 14:57:58.357 | Elapsed=13ms | Status=Completed
2026-05-07 15:26:48 | WRN | No store type was specified for the decimal property 'OveMoney' on entity type 'HROvertime'. This will cause values to be silently truncated if they do not fit in the default precision and scale. Explicitly specify the SQL server column type that can accommodate all the values in 'OnModelCreating' using 'HasColumnType', specify precision and scale using 'HasPrecision', or configure a value converter using 'HasConversion'.
2026-05-07 15:26:48 | WRN | No store type was specified for the decimal property 'Wag1D1Hour' on entity type 'HRWage'. This will cause values to be silently truncated if they do not fit in the default precision and scale. Explicitly specify the SQL server column type that can accommodate all the values in 'OnModelCreating' using 'HasColumnType', specify precision and scale using 'HasPrecision', or configure a value converter using 'HasConversion'.
2026-05-07 15:26:48 | WRN | No store type was specified for the decimal property 'Wag2D1Hour' on entity type 'HRWage'. This will cause values to be silently truncated if they do not fit in the default precision and scale. Explicitly specify the SQL server column type that can accommodate all the values in 'OnModelCreating' using 'HasColumnType', specify precision and scale using 'HasPrecision', or configure a value converter using 'HasConversion'.
2026-05-07 15:26:48 | WRN | No store type was specified for the decimal property 'Wag4D3Hour' on entity type 'HRWage'. This will cause values to be silently truncated if they do not fit in the default precision and scale. Explicitly specify the SQL server column type that can accommodate all the values in 'OnModelCreating' using 'HasColumnType', specify precision and scale using 'HasPrecision', or configure a value converter using 'HasConversion'.
2026-05-07 15:26:48 | WRN | No store type was specified for the decimal property 'Wag5D3Hour' on entity type 'HRWage'. This will cause values to be silently truncated if they do not fit in the default precision and scale. Explicitly specify the SQL server column type that can accommodate all the values in 'OnModelCreating' using 'HasColumnType', specify precision and scale using 'HasPrecision', or configure a value converter using 'HasConversion'.
2026-05-07 15:26:48 | WRN | No store type was specified for the decimal property 'Wag8D3Hour' on entity type 'HRWage'. This will cause values to be silently truncated if they do not fit in the default precision and scale. Explicitly specify the SQL server column type that can accommodate all the values in 'OnModelCreating' using 'HasColumnType', specify precision and scale using 'HasPrecision', or configure a value converter using 'HasConversion'.
2026-05-07 15:26:48 | WRN | No store type was specified for the decimal property 'WagApplyHour' on entity type 'HRWage'. This will cause values to be silently truncated if they do not fit in the default precision and scale. Explicitly specify the SQL server column type that can accommodate all the values in 'OnModelCreating' using 'HasColumnType', specify precision and scale using 'HasPrecision', or configure a value converter using 'HasConversion'.
2026-05-07 15:26:48 | WRN | No store type was specified for the decimal property 'WagIssueHour' on entity type 'HRWage'. This will cause values to be silently truncated if they do not fit in the default precision and scale. Explicitly specify the SQL server column type that can accommodate all the values in 'OnModelCreating' using 'HasColumnType', specify precision and scale using 'HasPrecision', or configure a value converter using 'HasConversion'.
2026-05-07 15:26:48 | WRN | No store type was specified for the decimal property 'WagSubtotal' on entity type 'HRWage'. This will cause values to be silently truncated if they do not fit in the default precision and scale. Explicitly specify the SQL server column type that can accommodate all the values in 'OnModelCreating' using 'HasColumnType', specify precision and scale using 'HasPrecision', or configure a value converter using 'HasConversion'.
2026-05-07 15:26:53 | WRN | The query uses the 'First'/'FirstOrDefault' operator without 'OrderBy' and filter operators. This may lead to unpredictable results.
2026-05-07 15:26:54 | INF | ACTION_TRACE | Acc=admin | Path=/ | IP=::1 | Start=2026-05-07 15:26:47.295 | Elapsed=7178ms | Status=Completed
2026-05-07 15:26:54 | INF | NETWORK_UNSTABLE | Acc=admin | Path=/ | Reason=SlowRequest 7178ms
2026-05-07 15:26:54 | INF | ACTION_TRACE | Acc=admin | Path=/Captcha/Generate | IP=::1 | Start=2026-05-07 15:26:54.741 | Elapsed=44ms | Status=Completed
2026-05-07 15:26:55 | INF | ACTION_TRACE | Acc=admin | Path=/DNTCaptchaImage/Show | IP=::1 | Start=2026-05-07 15:26:54.952 | Elapsed=121ms | Status=Completed
2026-05-07 15:27:06 | INF | ACTION_TRACE | Acc=admin | Path=/Account/Login | IP=::1 | Start=2026-05-07 15:26:59.937 | Elapsed=7007ms | Status=Completed
2026-05-07 15:27:06 | INF | NETWORK_UNSTABLE | Acc=admin | Path=/Account/Login | Reason=SlowRequest 7007ms
2026-05-07 15:27:07 | INF | ACTION_TRACE | Acc=admin | Path=/Home/Index | IP=::1 | Start=2026-05-07 15:27:06.959 | Elapsed=199ms | Status=Completed
2026-05-07 15:27:08 | INF | ACTION_TRACE | Acc=admin | Path=/Home/GetMenu | IP=::1 | Start=2026-05-07 15:27:08.842 | Elapsed=19ms | Status=Completed
2026-05-07 15:27:11 | INF | CONTROLLER_EXEC | Acc= admin | IP=::1 | Path=ATT111001/ATT111001 | Message=GET /ATT111001/ATT111001
2026-05-07 15:27:11 | INF | ACTION_TRACE | Acc=admin | Path=/ATT111001/ATT111001 | IP=::1 | Start=2026-05-07 15:27:11.856 | Elapsed=74ms | Status=Completed
2026-05-07 15:27:12 | INF | CONTROLLER_EXEC | Acc= admin | IP=::1 | Path=ATT111001/GetList | Message=POST /ATT111001/GetList
2026-05-07 15:27:12 | INF | ACTION_TRACE | Acc=admin | Path=/ATT111001/GetList | IP=::1 | Start=2026-05-07 15:27:11.973 | Elapsed=99ms | Status=Completed
2026-05-07 15:28:27 | INF | ACTION_TRACE | Acc=admin | Path=/Home/Index | IP=::1 | Start=2026-05-07 15:28:27.128 | Elapsed=16ms | Status=Completed
2026-05-07 15:28:30 | INF | ACTION_TRACE | Acc=admin | Path=/Home/GetMenu | IP=::1 | Start=2026-05-07 15:28:29.989 | Elapsed=19ms | Status=Completed
2026-05-07 15:28:32 | INF | CONTROLLER_EXEC | Acc= admin | IP=::1 | Path=ATT111001/ATT111001 | Message=GET /ATT111001/ATT111001
2026-05-07 15:28:32 | INF | ACTION_TRACE | Acc=admin | Path=/ATT111001/ATT111001 | IP=::1 | Start=2026-05-07 15:28:32.220 | Elapsed=13ms | Status=Completed
2026-05-07 15:28:32 | INF | CONTROLLER_EXEC | Acc= admin | IP=::1 | Path=ATT111001/GetList | Message=POST /ATT111001/GetList
2026-05-07 15:28:32 | INF | ACTION_TRACE | Acc=admin | Path=/ATT111001/GetList | IP=::1 | Start=2026-05-07 15:28:32.267 | Elapsed=10ms | Status=Completed
2026-05-07 15:29:21 | INF | ACTION_TRACE | Acc=admin | Path=/Home/Index | IP=::1 | Start=2026-05-07 15:29:20.964 | Elapsed=90ms | Status=Completed
2026-05-07 15:29:22 | INF | ACTION_TRACE | Acc=admin | Path=/Home/GetMenu | IP=::1 | Start=2026-05-07 15:29:22.712 | Elapsed=11ms | Status=Completed
2026-05-07 15:29:24 | INF | CONTROLLER_EXEC | Acc= admin | IP=::1 | Path=ATT111001/ATT111001 | Message=GET /ATT111001/ATT111001
2026-05-07 15:29:24 | INF | ACTION_TRACE | Acc=admin | Path=/ATT111001/ATT111001 | IP=::1 | Start=2026-05-07 15:29:24.127 | Elapsed=37ms | Status=Completed
2026-05-07 15:29:24 | INF | CONTROLLER_EXEC | Acc= admin | IP=::1 | Path=ATT111001/GetList | Message=POST /ATT111001/GetList
2026-05-07 15:29:24 | INF | ACTION_TRACE | Acc=admin | Path=/ATT111001/GetList | IP=::1 | Start=2026-05-07 15:29:24.191 | Elapsed=27ms | Status=Completed
2026-05-07 15:29:53 | INF | ACTION_TRACE | Acc=admin | Path=/Home/Index | IP=::1 | Start=2026-05-07 15:29:53.617 | Elapsed=41ms | Status=Completed
2026-05-07 15:30:58 | INF | ACTION_TRACE | Acc=admin | Path=/Home/Index | IP=::1 | Start=2026-05-07 15:30:58.600 | Elapsed=70ms | Status=Completed
2026-05-07 15:31:00 | INF | ACTION_TRACE | Acc=admin | Path=/Home/GetMenu | IP=::1 | Start=2026-05-07 15:31:00.883 | Elapsed=62ms | Status=Completed
2026-05-07 15:31:02 | INF | CONTROLLER_EXEC | Acc= admin | IP=::1 | Path=ATT111001/ATT111001 | Message=GET /ATT111001/ATT111001
2026-05-07 15:31:03 | INF | ACTION_TRACE | Acc=admin | Path=/ATT111001/ATT111001 | IP=::1 | Start=2026-05-07 15:31:02.973 | Elapsed=44ms | Status=Completed
2026-05-07 15:31:03 | INF | CONTROLLER_EXEC | Acc= admin | IP=::1 | Path=ATT111001/GetList | Message=POST /ATT111001/GetList
2026-05-07 15:31:03 | INF | ACTION_TRACE | Acc=admin | Path=/ATT111001/GetList | IP=::1 | Start=2026-05-07 15:31:03.047 | Elapsed=16ms | Status=Completed
2026-05-07 15:31:23 | INF | ACTION_TRACE | Acc=admin | Path=/Home/Index | IP=::1 | Start=2026-05-07 15:31:23.780 | Elapsed=44ms | Status=Completed
2026-05-07 15:31:27 | INF | ACTION_TRACE | Acc=admin | Path=/Home/GetMenu | IP=::1 | Start=2026-05-07 15:31:27.525 | Elapsed=8ms | Status=Completed
2026-05-07 15:31:29 | INF | CONTROLLER_EXEC | Acc= admin | IP=::1 | Path=ATT111001/ATT111001 | Message=GET /ATT111001/ATT111001
2026-05-07 15:31:29 | INF | ACTION_TRACE | Acc=admin | Path=/ATT111001/ATT111001 | IP=::1 | Start=2026-05-07 15:31:29.392 | Elapsed=50ms | Status=Completed
2026-05-07 15:31:29 | INF | CONTROLLER_EXEC | Acc= admin | IP=::1 | Path=ATT111001/GetList | Message=POST /ATT111001/GetList
2026-05-07 15:31:29 | INF | ACTION_TRACE | Acc=admin | Path=/ATT111001/GetList | IP=::1 | Start=2026-05-07 15:31:29.548 | Elapsed=18ms | Status=Completed
2026-05-07 15:31:45 | INF | ACTION_TRACE | Acc=admin | Path=/Home/Index | IP=::1 | Start=2026-05-07 15:31:45.237 | Elapsed=42ms | Status=Completed
2026-05-07 15:31:49 | INF | ACTION_TRACE | Acc=admin | Path=/Home/GetMenu | IP=::1 | Start=2026-05-07 15:31:49.593 | Elapsed=8ms | Status=Completed
2026-05-07 15:31:50 | INF | CONTROLLER_EXEC | Acc= admin | IP=::1 | Path=ATT111001/ATT111001 | Message=GET /ATT111001/ATT111001
2026-05-07 15:31:50 | INF | ACTION_TRACE | Acc=admin | Path=/ATT111001/ATT111001 | IP=::1 | Start=2026-05-07 15:31:50.921 | Elapsed=54ms | Status=Completed
2026-05-07 15:31:51 | INF | CONTROLLER_EXEC | Acc= admin | IP=::1 | Path=ATT111001/GetList | Message=POST /ATT111001/GetList
2026-05-07 15:31:51 | INF | ACTION_TRACE | Acc=admin | Path=/ATT111001/GetList | IP=::1 | Start=2026-05-07 15:31:51.006 | Elapsed=19ms | Status=Completed
2026-05-07 15:32:43 | INF | ACTION_TRACE | Acc=admin | Path=/Home/Index | IP=::1 | Start=2026-05-07 15:32:43.160 | Elapsed=45ms | Status=Completed
2026-05-07 15:32:46 | INF | ACTION_TRACE | Acc=admin | Path=/Home/GetMenu | IP=::1 | Start=2026-05-07 15:32:46.776 | Elapsed=6ms | Status=Completed
2026-05-07 15:32:49 | INF | CONTROLLER_EXEC | Acc= admin | IP=::1 | Path=ATT111001/ATT111001 | Message=GET /ATT111001/ATT111001
2026-05-07 15:32:49 | INF | ACTION_TRACE | Acc=admin | Path=/ATT111001/ATT111001 | IP=::1 | Start=2026-05-07 15:32:49.103 | Elapsed=51ms | Status=Completed
2026-05-07 15:32:49 | INF | CONTROLLER_EXEC | Acc= admin | IP=::1 | Path=ATT111001/GetList | Message=POST /ATT111001/GetList
2026-05-07 15:32:49 | INF | ACTION_TRACE | Acc=admin | Path=/ATT111001/GetList | IP=::1 | Start=2026-05-07 15:32:49.185 | Elapsed=19ms | Status=Completed
2026-05-07 15:32:55 | INF | ACTION_TRACE | Acc=admin | Path=/Home/Index | IP=::1 | Start=2026-05-07 15:32:55.244 | Elapsed=46ms | Status=Completed
2026-05-07 15:33:02 | INF | ACTION_TRACE | Acc=admin | Path=/Home/GetMenu | IP=::1 | Start=2026-05-07 15:33:02.439 | Elapsed=8ms | Status=Completed
2026-05-07 15:33:04 | INF | CONTROLLER_EXEC | Acc= admin | IP=::1 | Path=ATT111001/ATT111001 | Message=GET /ATT111001/ATT111001
2026-05-07 15:33:04 | INF | ACTION_TRACE | Acc=admin | Path=/ATT111001/ATT111001 | IP=::1 | Start=2026-05-07 15:33:04.258 | Elapsed=46ms | Status=Completed
2026-05-07 15:33:04 | INF | CONTROLLER_EXEC | Acc= admin | IP=::1 | Path=ATT111001/GetList | Message=POST /ATT111001/GetList
2026-05-07 15:33:04 | INF | ACTION_TRACE | Acc=admin | Path=/ATT111001/GetList | IP=::1 | Start=2026-05-07 15:33:04.326 | Elapsed=17ms | Status=Completed
2026-05-07 15:33:19 | INF | ACTION_TRACE | Acc=admin | Path=/Home/GetMenu | IP=::1 | Start=2026-05-07 15:33:19.085 | Elapsed=6ms | Status=Completed
2026-05-07 15:33:20 | INF | CONTROLLER_EXEC | Acc= admin | IP=::1 | Path=SYS201001/SYS201001 | Message=GET /SYS201001/SYS201001
2026-05-07 15:33:20 | INF | ACTION_TRACE | Acc=admin | Path=/SYS201001/SYS201001 | IP=::1 | Start=2026-05-07 15:33:20.646 | Elapsed=150ms | Status=Completed
2026-05-07 15:33:20 | INF | CONTROLLER_EXEC | Acc= admin | IP=::1 | Path=SYS201001/GetAllAdmins | Message=POST /SYS201001/GetAllAdmins
2026-05-07 15:33:20 | INF | ACTION_TRACE | Acc=admin | Path=/SYS201001/GetAllAdmins | IP=::1 | Start=2026-05-07 15:33:20.864 | Elapsed=65ms | Status=Completed
2026-05-07 15:33:20 | INF | CONTROLLER_EXEC | Acc= admin | IP=::1 | Path=SYS201001/GetAllAdmins | Message=POST /SYS201001/GetAllAdmins
2026-05-07 15:33:20 | INF | ACTION_TRACE | Acc=admin | Path=/SYS201001/GetAllAdmins | IP=::1 | Start=2026-05-07 15:33:20.948 | Elapsed=18ms | Status=Completed
2026-05-07 15:33:22 | INF | CONTROLLER_EXEC | Acc= admin | IP=::1 | Path=SYS201002/SYS201002 | Message=GET /SYS201002/SYS201002
2026-05-07 15:33:22 | INF | ACTION_TRACE | Acc=admin | Path=/SYS201002/SYS201002 | IP=::1 | Start=2026-05-07 15:33:22.211 | Elapsed=47ms | Status=Completed
2026-05-07 15:33:22 | INF | CONTROLLER_EXEC | Acc= admin | IP=::1 | Path=SYS201002/GetAllRoleList | Message=POST /SYS201002/GetAllRoleList
2026-05-07 15:33:22 | INF | ACTION_TRACE | Acc=admin | Path=/SYS201002/GetAllRoleList | IP=::1 | Start=2026-05-07 15:33:22.331 | Elapsed=35ms | Status=Completed
2026-05-07 15:33:25 | INF | CONTROLLER_EXEC | Acc= admin | IP=::1 | Path=SYS202001/SYS202001 | Message=GET /SYS202001/SYS202001
2026-05-07 15:33:25 | INF | ACTION_TRACE | Acc=admin | Path=/SYS202001/SYS202001 | IP=::1 | Start=2026-05-07 15:33:25.479 | Elapsed=31ms | Status=Completed
2026-05-07 15:33:25 | INF | CONTROLLER_EXEC | Acc= admin | IP=::1 | Path=SYS202001/GetDepartments | Message=POST /SYS202001/GetDepartments
2026-05-07 15:33:25 | INF | ACTION_TRACE | Acc=admin | Path=/SYS202001/GetDepartments | IP=::1 | Start=2026-05-07 15:33:25.540 | Elapsed=113ms | Status=Completed
2026-05-07 15:33:25 | INF | CONTROLLER_EXEC | Acc= admin | IP=::1 | Path=SYS202001/GetDepartments | Message=POST /SYS202001/GetDepartments
2026-05-07 15:33:25 | INF | ACTION_TRACE | Acc=admin | Path=/SYS202001/GetDepartments | IP=::1 | Start=2026-05-07 15:33:25.681 | Elapsed=11ms | Status=Completed
2026-05-07 15:33:27 | INF | CONTROLLER_EXEC | Acc= admin | IP=::1 | Path=SYS202002/SYS202002 | Message=GET /SYS202002/SYS202002
2026-05-07 15:33:27 | INF | ACTION_TRACE | Acc=admin | Path=/SYS202002/SYS202002 | IP=::1 | Start=2026-05-07 15:33:27.021 | Elapsed=31ms | Status=Completed
2026-05-07 15:33:27 | INF | CONTROLLER_EXEC | Acc= admin | IP=::1 | Path=SYS202002/GetDataForTree | Message=GET /SYS202002/GetDataForTree
2026-05-07 15:33:27 | INF | ACTION_TRACE | Acc=admin | Path=/SYS202002/GetDataForTree | IP=::1 | Start=2026-05-07 15:33:27.079 | Elapsed=39ms | Status=Completed
2026-05-07 15:33:28 | INF | CONTROLLER_EXEC | Acc= admin | IP=::1 | Path=SYS202005/SYS202005 | Message=GET /SYS202005/SYS202005
2026-05-07 15:33:28 | INF | ACTION_TRACE | Acc=admin | Path=/SYS202005/SYS202005 | IP=::1 | Start=2026-05-07 15:33:28.795 | Elapsed=29ms | Status=Completed
2026-05-07 15:33:28 | INF | CONTROLLER_EXEC | Acc= admin | IP=::1 | Path=SYS202005/GetList | Message=POST /SYS202005/GetList
2026-05-07 15:33:28 | INF | ACTION_TRACE | Acc=admin | Path=/SYS202005/GetList | IP=::1 | Start=2026-05-07 15:33:28.858 | Elapsed=49ms | Status=Completed
2026-05-07 15:33:28 | INF | CONTROLLER_EXEC | Acc= admin | IP=::1 | Path=SYS202005/GetList | Message=POST /SYS202005/GetList
2026-05-07 15:33:28 | INF | ACTION_TRACE | Acc=admin | Path=/SYS202005/GetList | IP=::1 | Start=2026-05-07 15:33:28.927 | Elapsed=5ms | Status=Completed
2026-05-07 15:33:30 | INF | CONTROLLER_EXEC | Acc= admin | IP=::1 | Path=SYS202006/SYS202006 | Message=GET /SYS202006/SYS202006
2026-05-07 15:33:30 | INF | ACTION_TRACE | Acc=admin | Path=/SYS202006/SYS202006 | IP=::1 | Start=2026-05-07 15:33:30.802 | Elapsed=30ms | Status=Completed
2026-05-07 15:33:30 | INF | CONTROLLER_EXEC | Acc= admin | IP=::1 | Path=SYS202006/GetHolidayData | Message=POST /SYS202006/GetHolidayData
2026-05-07 15:33:30 | INF | ACTION_TRACE | Acc=admin | Path=/SYS202006/GetHolidayData | IP=::1 | Start=2026-05-07 15:33:30.869 | Elapsed=47ms | Status=Completed
2026-05-07 15:33:30 | INF | CONTROLLER_EXEC | Acc= admin | IP=::1 | Path=SYS202006/GetHolidayData | Message=POST /SYS202006/GetHolidayData
2026-05-07 15:33:30 | INF | ACTION_TRACE | Acc=admin | Path=/SYS202006/GetHolidayData | IP=::1 | Start=2026-05-07 15:33:30.945 | Elapsed=4ms | Status=Completed
2026-05-07 15:33:33 | INF | ACTION_TRACE | Acc=admin | Path=/Home/GetMenu | IP=::1 | Start=2026-05-07 15:33:33.933 | Elapsed=7ms | Status=Completed
2026-05-07 15:33:37 | INF | ACTION_TRACE | Acc=admin | Path=/Home/GetMenu | IP=::1 | Start=2026-05-07 15:33:37.123 | Elapsed=6ms | Status=Completed
2026-05-07 15:33:40 | INF | CONTROLLER_EXEC | Acc= admin | IP=::1 | Path=ATT111001/ATT111001 | Message=GET /ATT111001/ATT111001
2026-05-07 15:33:40 | INF | ACTION_TRACE | Acc=admin | Path=/ATT111001/ATT111001 | IP=::1 | Start=2026-05-07 15:33:40.152 | Elapsed=3ms | Status=Completed
2026-05-07 15:33:40 | INF | CONTROLLER_EXEC | Acc= admin | IP=::1 | Path=ATT111001/GetList | Message=POST /ATT111001/GetList
2026-05-07 15:33:40 | INF | ACTION_TRACE | Acc=admin | Path=/ATT111001/GetList | IP=::1 | Start=2026-05-07 15:33:40.175 | Elapsed=5ms | Status=Completed
2026-05-07 15:33:44 | INF | CONTROLLER_EXEC | Acc= admin | IP=::1 | Path=SYS202005/GetList | Message=POST /SYS202005/GetList
2026-05-07 15:33:44 | INF | ACTION_TRACE | Acc=admin | Path=/SYS202005/GetList | IP=::1 | Start=2026-05-07 15:33:44.748 | Elapsed=8ms | Status=Completed
2026-05-07 15:33:49 | INF | CONTROLLER_EXEC | Acc= admin | IP=::1 | Path=SYS202006/GetHolidayData | Message=POST /SYS202006/GetHolidayData
2026-05-07 15:33:49 | INF | ACTION_TRACE | Acc=admin | Path=/SYS202006/GetHolidayData | IP=::1 | Start=2026-05-07 15:33:44.750 | Elapsed=4562ms | Status=Completed
2026-05-07 15:33:49 | INF | NETWORK_UNSTABLE | Acc=admin | Path=/SYS202006/GetHolidayData | Reason=SlowRequest 4562ms
2026-05-07 15:36:34 | INF | ACTION_TRACE | Acc=admin | Path=/Home/Index | IP=::1 | Start=2026-05-07 15:36:34.615 | Elapsed=87ms | Status=Completed
2026-05-07 15:36:37 | INF | ACTION_TRACE | Acc=admin | Path=/Home/GetMenu | IP=::1 | Start=2026-05-07 15:36:37.709 | Elapsed=6ms | Status=Completed
2026-05-07 15:36:39 | INF | CONTROLLER_EXEC | Acc= admin | IP=::1 | Path=ATT111001/ATT111001 | Message=GET /ATT111001/ATT111001
2026-05-07 15:36:39 | INF | ACTION_TRACE | Acc=admin | Path=/ATT111001/ATT111001 | IP=::1 | Start=2026-05-07 15:36:39.355 | Elapsed=40ms | Status=Completed
2026-05-07 15:36:39 | INF | CONTROLLER_EXEC | Acc= admin | IP=::1 | Path=ATT111001/GetList | Message=POST /ATT111001/GetList
2026-05-07 15:36:39 | INF | ACTION_TRACE | Acc=admin | Path=/ATT111001/GetList | IP=::1 | Start=2026-05-07 15:36:39.422 | Elapsed=15ms | Status=Completed
2026-05-07 15:36:49 | INF | ACTION_TRACE | Acc=admin | Path=/Home/Index | IP=::1 | Start=2026-05-07 15:36:48.965 | Elapsed=48ms | Status=Completed
2026-05-07 15:36:50 | INF | ACTION_TRACE | Acc=admin | Path=/Home/GetMenu | IP=::1 | Start=2026-05-07 15:36:50.368 | Elapsed=11ms | Status=Completed
2026-05-07 15:36:52 | INF | CONTROLLER_EXEC | Acc= admin | IP=::1 | Path=ATT111001/ATT111001 | Message=GET /ATT111001/ATT111001
2026-05-07 15:36:52 | INF | ACTION_TRACE | Acc=admin | Path=/ATT111001/ATT111001 | IP=::1 | Start=2026-05-07 15:36:52.749 | Elapsed=43ms | Status=Completed
2026-05-07 15:36:52 | INF | CONTROLLER_EXEC | Acc= admin | IP=::1 | Path=ATT111001/GetList | Message=POST /ATT111001/GetList
2026-05-07 15:36:52 | INF | ACTION_TRACE | Acc=admin | Path=/ATT111001/GetList | IP=::1 | Start=2026-05-07 15:36:52.810 | Elapsed=15ms | Status=Completed
2026-05-07 15:37:03 | INF | ACTION_TRACE | Acc=admin | Path=/Home/GetMenu | IP=::1 | Start=2026-05-07 15:37:03.146 | Elapsed=7ms | Status=Completed
2026-05-07 15:37:05 | INF | CONTROLLER_EXEC | Acc= admin | IP=::1 | Path=SYS201001/SYS201001 | Message=GET /SYS201001/SYS201001
2026-05-07 15:37:05 | INF | ACTION_TRACE | Acc=admin | Path=/SYS201001/SYS201001 | IP=::1 | Start=2026-05-07 15:37:05.493 | Elapsed=38ms | Status=Completed
2026-05-07 15:37:05 | INF | CONTROLLER_EXEC | Acc= admin | IP=::1 | Path=SYS201001/GetAllAdmins | Message=POST /SYS201001/GetAllAdmins
2026-05-07 15:37:05 | INF | ACTION_TRACE | Acc=admin | Path=/SYS201001/GetAllAdmins | IP=::1 | Start=2026-05-07 15:37:05.589 | Elapsed=21ms | Status=Completed
2026-05-07 15:37:05 | INF | CONTROLLER_EXEC | Acc= admin | IP=::1 | Path=SYS201001/GetAllAdmins | Message=POST /SYS201001/GetAllAdmins
2026-05-07 15:37:05 | INF | ACTION_TRACE | Acc=admin | Path=/SYS201001/GetAllAdmins | IP=::1 | Start=2026-05-07 15:37:05.627 | Elapsed=5ms | Status=Completed
2026-05-07 15:37:07 | INF | CONTROLLER_EXEC | Acc= admin | IP=::1 | Path=SYS201002/SYS201002 | Message=GET /SYS201002/SYS201002
2026-05-07 15:37:07 | INF | ACTION_TRACE | Acc=admin | Path=/SYS201002/SYS201002 | IP=::1 | Start=2026-05-07 15:37:07.574 | Elapsed=25ms | Status=Completed
2026-05-07 15:37:07 | INF | CONTROLLER_EXEC | Acc= admin | IP=::1 | Path=SYS201002/GetAllRoleList | Message=POST /SYS201002/GetAllRoleList
2026-05-07 15:37:07 | INF | ACTION_TRACE | Acc=admin | Path=/SYS201002/GetAllRoleList | IP=::1 | Start=2026-05-07 15:37:07.649 | Elapsed=16ms | Status=Completed
2026-05-07 15:37:19 | INF | ACTION_TRACE | Acc=admin | Path=/Home/GetMenu | IP=::1 | Start=2026-05-07 15:37:19.621 | Elapsed=59ms | Status=Completed
2026-05-07 15:37:20 | INF | ACTION_TRACE | Acc=admin | Path=/Home/GetMenu | IP=::1 | Start=2026-05-07 15:37:20.436 | Elapsed=7ms | Status=Completed
2026-05-07 15:37:29 | INF | ACTION_TRACE | Acc=admin | Path=/Home/Index | IP=::1 | Start=2026-05-07 15:37:29.171 | Elapsed=44ms | Status=Completed
2026-05-07 15:37:31 | INF | ACTION_TRACE | Acc=admin | Path=/Home/GetMenu | IP=::1 | Start=2026-05-07 15:37:31.963 | Elapsed=8ms | Status=Completed
2026-05-07 15:37:34 | INF | CONTROLLER_EXEC | Acc= admin | IP=::1 | Path=ATT111001/ATT111001 | Message=GET /ATT111001/ATT111001
2026-05-07 15:37:34 | INF | ACTION_TRACE | Acc=admin | Path=/ATT111001/ATT111001 | IP=::1 | Start=2026-05-07 15:37:33.996 | Elapsed=53ms | Status=Completed
2026-05-07 15:37:34 | INF | CONTROLLER_EXEC | Acc= admin | IP=::1 | Path=ATT111001/GetList | Message=POST /ATT111001/GetList
2026-05-07 15:37:34 | INF | ACTION_TRACE | Acc=admin | Path=/ATT111001/GetList | IP=::1 | Start=2026-05-07 15:37:34.081 | Elapsed=22ms | Status=Completed
2026-05-07 15:38:24 | INF | ACTION_TRACE | Acc=admin | Path=/Home/GetMenu | IP=::1 | Start=2026-05-07 15:38:24.439 | Elapsed=6ms | Status=Completed
2026-05-07 15:38:27 | INF | CONTROLLER_EXEC | Acc= admin | IP=::1 | Path=SYS201002/SYS201002 | Message=GET /SYS201002/SYS201002
2026-05-07 15:38:27 | INF | ACTION_TRACE | Acc=admin | Path=/SYS201002/SYS201002 | IP=::1 | Start=2026-05-07 15:38:27.893 | Elapsed=37ms | Status=Completed
2026-05-07 15:38:27 | INF | CONTROLLER_EXEC | Acc= admin | IP=::1 | Path=SYS201002/GetAllRoleList | Message=POST /SYS201002/GetAllRoleList
2026-05-07 15:38:27 | INF | ACTION_TRACE | Acc=admin | Path=/SYS201002/GetAllRoleList | IP=::1 | Start=2026-05-07 15:38:27.962 | Elapsed=11ms | Status=Completed
2026-05-07 15:38:50 | INF | ACTION_TRACE | Acc=admin | Path=/.well-known/appspecific/com.chrome.devtools.json | IP=::1 | Start=2026-05-07 15:38:50.589 | Elapsed=0ms | Status=Completed
2026-05-07 15:38:50 | INF | ACTION_TRACE | Acc=admin | Path=/lib/html-to-image/html-to-image.js.map | IP=::1 | Start=2026-05-07 15:38:50.644 | Elapsed=0ms | Status=Completed
2026-05-07 15:38:50 | INF | ACTION_TRACE | Acc=admin | Path=/sm/6cf3a2be173716d0e4726c68ef6634f00cefa4e7428560c2debae6f24389d3c1.map | IP=::1 | Start=2026-05-07 15:38:50.689 | Elapsed=0ms | Status=Completed
2026-05-07 15:39:01 | INF | ACTION_TRACE | Acc=admin | Path=/Home/GetMenu | IP=::1 | Start=2026-05-07 15:39:01.336 | Elapsed=7ms | Status=Completed
2026-05-07 15:39:03 | INF | CONTROLLER_EXEC | Acc= admin | IP=::1 | Path=ATT111001/ATT111001 | Message=GET /ATT111001/ATT111001
2026-05-07 15:39:03 | INF | ACTION_TRACE | Acc=admin | Path=/ATT111001/ATT111001 | IP=::1 | Start=2026-05-07 15:39:03.465 | Elapsed=3ms | Status=Completed
2026-05-07 15:39:03 | INF | CONTROLLER_EXEC | Acc= admin | IP=::1 | Path=ATT111001/GetList | Message=POST /ATT111001/GetList
2026-05-07 15:39:03 | INF | ACTION_TRACE | Acc=admin | Path=/ATT111001/GetList | IP=::1 | Start=2026-05-07 15:39:03.489 | Elapsed=4ms | Status=Completed
2026-05-07 15:45:18 | INF | ACTION_TRACE | Acc=admin | Path=/Home/Index | IP=::1 | Start=2026-05-07 15:45:09.005 | Elapsed=9202ms | Status=Completed
2026-05-07 15:45:18 | INF | NETWORK_UNSTABLE | Acc=admin | Path=/Home/Index | Reason=SlowRequest 9202ms
2026-05-07 15:45:23 | INF | ACTION_TRACE | Acc=admin | Path=/Home/GetMenu | IP=::1 | Start=2026-05-07 15:45:23.632 | Elapsed=47ms | Status=Completed
2026-05-07 15:45:24 | INF | ACTION_TRACE | Acc=admin | Path=/Home/GetMenu | IP=::1 | Start=2026-05-07 15:45:24.107 | Elapsed=39ms | Status=Completed
2026-05-07 15:45:27 | INF | CONTROLLER_EXEC | Acc= admin | IP=::1 | Path=ATT111001/ATT111001 | Message=GET /ATT111001/ATT111001
2026-05-07 15:45:27 | INF | ACTION_TRACE | Acc=admin | Path=/ATT111001/ATT111001 | IP=::1 | Start=2026-05-07 15:45:27.720 | Elapsed=43ms | Status=Completed
2026-05-07 15:45:27 | INF | CONTROLLER_EXEC | Acc= admin | IP=::1 | Path=ATT111001/GetList | Message=POST /ATT111001/GetList
2026-05-07 15:45:27 | INF | ACTION_TRACE | Acc=admin | Path=/ATT111001/GetList | IP=::1 | Start=2026-05-07 15:45:27.790 | Elapsed=16ms | Status=Completed
2026-05-07 15:46:05 | WRN | No store type was specified for the decimal property 'OveMoney' on entity type 'HROvertime'. This will cause values to be silently truncated if they do not fit in the default precision and scale. Explicitly specify the SQL server column type that can accommodate all the values in 'OnModelCreating' using 'HasColumnType', specify precision and scale using 'HasPrecision', or configure a value converter using 'HasConversion'.
2026-05-07 15:46:05 | WRN | No store type was specified for the decimal property 'Wag1D1Hour' on entity type 'HRWage'. This will cause values to be silently truncated if they do not fit in the default precision and scale. Explicitly specify the SQL server column type that can accommodate all the values in 'OnModelCreating' using 'HasColumnType', specify precision and scale using 'HasPrecision', or configure a value converter using 'HasConversion'.
2026-05-07 15:46:05 | WRN | No store type was specified for the decimal property 'Wag2D1Hour' on entity type 'HRWage'. This will cause values to be silently truncated if they do not fit in the default precision and scale. Explicitly specify the SQL server column type that can accommodate all the values in 'OnModelCreating' using 'HasColumnType', specify precision and scale using 'HasPrecision', or configure a value converter using 'HasConversion'.
2026-05-07 15:46:05 | WRN | No store type was specified for the decimal property 'Wag4D3Hour' on entity type 'HRWage'. This will cause values to be silently truncated if they do not fit in the default precision and scale. Explicitly specify the SQL server column type that can accommodate all the values in 'OnModelCreating' using 'HasColumnType', specify precision and scale using 'HasPrecision', or configure a value converter using 'HasConversion'.
2026-05-07 15:46:05 | WRN | No store type was specified for the decimal property 'Wag5D3Hour' on entity type 'HRWage'. This will cause values to be silently truncated if they do not fit in the default precision and scale. Explicitly specify the SQL server column type that can accommodate all the values in 'OnModelCreating' using 'HasColumnType', specify precision and scale using 'HasPrecision', or configure a value converter using 'HasConversion'.
2026-05-07 15:46:05 | WRN | No store type was specified for the decimal property 'Wag8D3Hour' on entity type 'HRWage'. This will cause values to be silently truncated if they do not fit in the default precision and scale. Explicitly specify the SQL server column type that can accommodate all the values in 'OnModelCreating' using 'HasColumnType', specify precision and scale using 'HasPrecision', or configure a value converter using 'HasConversion'.
2026-05-07 15:46:05 | WRN | No store type was specified for the decimal property 'WagApplyHour' on entity type 'HRWage'. This will cause values to be silently truncated if they do not fit in the default precision and scale. Explicitly specify the SQL server column type that can accommodate all the values in 'OnModelCreating' using 'HasColumnType', specify precision and scale using 'HasPrecision', or configure a value converter using 'HasConversion'.
2026-05-07 15:46:05 | WRN | No store type was specified for the decimal property 'WagIssueHour' on entity type 'HRWage'. This will cause values to be silently truncated if they do not fit in the default precision and scale. Explicitly specify the SQL server column type that can accommodate all the values in 'OnModelCreating' using 'HasColumnType', specify precision and scale using 'HasPrecision', or configure a value converter using 'HasConversion'.
2026-05-07 15:46:05 | WRN | No store type was specified for the decimal property 'WagSubtotal' on entity type 'HRWage'. This will cause values to be silently truncated if they do not fit in the default precision and scale. Explicitly specify the SQL server column type that can accommodate all the values in 'OnModelCreating' using 'HasColumnType', specify precision and scale using 'HasPrecision', or configure a value converter using 'HasConversion'.
2026-05-07 15:46:10 | WRN | The query uses the 'First'/'FirstOrDefault' operator without 'OrderBy' and filter operators. This may lead to unpredictable results.
2026-05-07 15:46:11 | INF | ACTION_TRACE | Acc=admin | Path=/ | IP=::1 | Start=2026-05-07 15:46:04.605 | Elapsed=7036ms | Status=Completed
2026-05-07 15:46:11 | INF | NETWORK_UNSTABLE | Acc=admin | Path=/ | Reason=SlowRequest 7036ms
2026-05-07 15:46:11 | INF | ACTION_TRACE | Acc=admin | Path=/Captcha/Generate | IP=::1 | Start=2026-05-07 15:46:11.857 | Elapsed=41ms | Status=Completed
2026-05-07 15:46:12 | INF | ACTION_TRACE | Acc=admin | Path=/DNTCaptchaImage/Show | IP=::1 | Start=2026-05-07 15:46:11.914 | Elapsed=108ms | Status=Completed
2026-05-07 15:47:13 | WRN | No store type was specified for the decimal property 'OveMoney' on entity type 'HROvertime'. This will cause values to be silently truncated if they do not fit in the default precision and scale. Explicitly specify the SQL server column type that can accommodate all the values in 'OnModelCreating' using 'HasColumnType', specify precision and scale using 'HasPrecision', or configure a value converter using 'HasConversion'.
2026-05-07 15:47:13 | WRN | No store type was specified for the decimal property 'Wag1D1Hour' on entity type 'HRWage'. This will cause values to be silently truncated if they do not fit in the default precision and scale. Explicitly specify the SQL server column type that can accommodate all the values in 'OnModelCreating' using 'HasColumnType', specify precision and scale using 'HasPrecision', or configure a value converter using 'HasConversion'.
2026-05-07 15:47:13 | WRN | No store type was specified for the decimal property 'Wag2D1Hour' on entity type 'HRWage'. This will cause values to be silently truncated if they do not fit in the default precision and scale. Explicitly specify the SQL server column type that can accommodate all the values in 'OnModelCreating' using 'HasColumnType', specify precision and scale using 'HasPrecision', or configure a value converter using 'HasConversion'.
2026-05-07 15:47:13 | WRN | No store type was specified for the decimal property 'Wag4D3Hour' on entity type 'HRWage'. This will cause values to be silently truncated if they do not fit in the default precision and scale. Explicitly specify the SQL server column type that can accommodate all the values in 'OnModelCreating' using 'HasColumnType', specify precision and scale using 'HasPrecision', or configure a value converter using 'HasConversion'.
2026-05-07 15:47:13 | WRN | No store type was specified for the decimal property 'Wag5D3Hour' on entity type 'HRWage'. This will cause values to be silently truncated if they do not fit in the default precision and scale. Explicitly specify the SQL server column type that can accommodate all the values in 'OnModelCreating' using 'HasColumnType', specify precision and scale using 'HasPrecision', or configure a value converter using 'HasConversion'.
2026-05-07 15:47:13 | WRN | No store type was specified for the decimal property 'Wag8D3Hour' on entity type 'HRWage'. This will cause values to be silently truncated if they do not fit in the default precision and scale. Explicitly specify the SQL server column type that can accommodate all the values in 'OnModelCreating' using 'HasColumnType', specify precision and scale using 'HasPrecision', or configure a value converter using 'HasConversion'.
2026-05-07 15:47:13 | WRN | No store type was specified for the decimal property 'WagApplyHour' on entity type 'HRWage'. This will cause values to be silently truncated if they do not fit in the default precision and scale. Explicitly specify the SQL server column type that can accommodate all the values in 'OnModelCreating' using 'HasColumnType', specify precision and scale using 'HasPrecision', or configure a value converter using 'HasConversion'.
2026-05-07 15:47:13 | WRN | No store type was specified for the decimal property 'WagIssueHour' on entity type 'HRWage'. This will cause values to be silently truncated if they do not fit in the default precision and scale. Explicitly specify the SQL server column type that can accommodate all the values in 'OnModelCreating' using 'HasColumnType', specify precision and scale using 'HasPrecision', or configure a value converter using 'HasConversion'.
2026-05-07 15:47:13 | WRN | No store type was specified for the decimal property 'WagSubtotal' on entity type 'HRWage'. This will cause values to be silently truncated if they do not fit in the default precision and scale. Explicitly specify the SQL server column type that can accommodate all the values in 'OnModelCreating' using 'HasColumnType', specify precision and scale using 'HasPrecision', or configure a value converter using 'HasConversion'.
2026-05-07 15:47:18 | WRN | The query uses the 'First'/'FirstOrDefault' operator without 'OrderBy' and filter operators. This may lead to unpredictable results.
2026-05-07 15:47:19 | INF | ACTION_TRACE | Acc=admin | Path=/ | IP=::1 | Start=2026-05-07 15:47:12.809 | Elapsed=7054ms | Status=Completed
2026-05-07 15:47:19 | INF | NETWORK_UNSTABLE | Acc=admin | Path=/ | Reason=SlowRequest 7054ms
2026-05-07 15:47:20 | INF | ACTION_TRACE | Acc=admin | Path=/Captcha/Generate | IP=::1 | Start=2026-05-07 15:47:20.144 | Elapsed=43ms | Status=Completed
2026-05-07 15:47:20 | INF | ACTION_TRACE | Acc=admin | Path=/DNTCaptchaImage/Show | IP=::1 | Start=2026-05-07 15:47:20.200 | Elapsed=117ms | Status=Completed
2026-05-07 15:47:31 | INF | ACTION_TRACE | Acc=admin | Path=/Account/Login | IP=::1 | Start=2026-05-07 15:47:24.065 | Elapsed=6953ms | Status=Completed
2026-05-07 15:47:31 | INF | NETWORK_UNSTABLE | Acc=admin | Path=/Account/Login | Reason=SlowRequest 6953ms
2026-05-07 15:47:31 | INF | ACTION_TRACE | Acc=admin | Path=/Home/Index | IP=::1 | Start=2026-05-07 15:47:31.033 | Elapsed=263ms | Status=Completed
2026-05-07 15:47:33 | INF | ACTION_TRACE | Acc=admin | Path=/Home/GetMenu | IP=::1 | Start=2026-05-07 15:47:32.954 | Elapsed=50ms | Status=Completed
2026-05-07 15:47:34 | INF | CONTROLLER_EXEC | Acc= admin | IP=::1 | Path=ATT111001/ATT111001 | Message=GET /ATT111001/ATT111001
2026-05-07 15:47:34 | INF | ACTION_TRACE | Acc=admin | Path=/ATT111001/ATT111001 | IP=::1 | Start=2026-05-07 15:47:34.575 | Elapsed=80ms | Status=Completed
2026-05-07 15:47:34 | INF | CONTROLLER_EXEC | Acc= admin | IP=::1 | Path=ATT111001/GetList | Message=POST /ATT111001/GetList
2026-05-07 15:47:34 | INF | ACTION_TRACE | Acc=admin | Path=/ATT111001/GetList | IP=::1 | Start=2026-05-07 15:47:34.692 | Elapsed=145ms | Status=Completed
2026-05-07 15:47:36 | INF | ACTION_TRACE | Acc=admin | Path=/Home/Index | IP=::1 | Start=2026-05-07 15:47:36.511 | Elapsed=31ms | Status=Completed
2026-05-07 15:47:39 | INF | ACTION_TRACE | Acc=admin | Path=/Home/GetMenu | IP=::1 | Start=2026-05-07 15:47:39.408 | Elapsed=9ms | Status=Completed
2026-05-07 15:47:40 | INF | CONTROLLER_EXEC | Acc= admin | IP=::1 | Path=ATT111001/ATT111001 | Message=GET /ATT111001/ATT111001
2026-05-07 15:47:40 | INF | ACTION_TRACE | Acc=admin | Path=/ATT111001/ATT111001 | IP=::1 | Start=2026-05-07 15:47:40.578 | Elapsed=5ms | Status=Completed
2026-05-07 15:47:40 | INF | CONTROLLER_EXEC | Acc= admin | IP=::1 | Path=ATT111001/GetList | Message=POST /ATT111001/GetList
2026-05-07 15:47:40 | INF | ACTION_TRACE | Acc=admin | Path=/ATT111001/GetList | IP=::1 | Start=2026-05-07 15:47:40.629 | Elapsed=7ms | Status=Completed
2026-05-07 15:47:45 | INF | ACTION_TRACE | Acc=admin | Path=/.well-known/appspecific/com.chrome.devtools.json | IP=::1 | Start=2026-05-07 15:47:45.226 | Elapsed=0ms | Status=Completed
2026-05-07 15:47:45 | INF | ACTION_TRACE | Acc=admin | Path=/lib/html-to-image/html-to-image.js.map | IP=::1 | Start=2026-05-07 15:47:45.305 | Elapsed=0ms | Status=Completed
2026-05-07 15:49:31 | INF | ACTION_TRACE | Acc=admin | Path=/Home/Index | IP=::1 | Start=2026-05-07 15:49:31.544 | Elapsed=47ms | Status=Completed
2026-05-07 15:49:31 | INF | ACTION_TRACE | Acc=admin | Path=/.well-known/appspecific/com.chrome.devtools.json | IP=::1 | Start=2026-05-07 15:49:31.748 | Elapsed=0ms | Status=Completed
2026-05-07 15:49:31 | INF | ACTION_TRACE | Acc=admin | Path=/lib/html-to-image/html-to-image.js.map | IP=::1 | Start=2026-05-07 15:49:31.890 | Elapsed=0ms | Status=Completed
2026-05-07 15:49:39 | INF | ACTION_TRACE | Acc=admin | Path=/Home/GetMenu | IP=::1 | Start=2026-05-07 15:49:39.335 | Elapsed=17ms | Status=Completed
2026-05-07 15:49:41 | INF | CONTROLLER_EXEC | Acc= admin | IP=::1 | Path=ATT111001/ATT111001 | Message=GET /ATT111001/ATT111001
2026-05-07 15:49:41 | INF | ACTION_TRACE | Acc=admin | Path=/ATT111001/ATT111001 | IP=::1 | Start=2026-05-07 15:49:41.275 | Elapsed=45ms | Status=Completed
2026-05-07 15:49:41 | INF | CONTROLLER_EXEC | Acc= admin | IP=::1 | Path=ATT111001/GetList | Message=POST /ATT111001/GetList
2026-05-07 15:49:41 | INF | ACTION_TRACE | Acc=admin | Path=/ATT111001/GetList | IP=::1 | Start=2026-05-07 15:49:41.387 | Elapsed=22ms | Status=Completed
2026-05-07 15:49:54 | INF | ACTION_TRACE | Acc=admin | Path=/Home/Index | IP=::1 | Start=2026-05-07 15:49:54.458 | Elapsed=31ms | Status=Completed
2026-05-07 15:49:54 | INF | ACTION_TRACE | Acc=admin | Path=/.well-known/appspecific/com.chrome.devtools.json | IP=::1 | Start=2026-05-07 15:49:54.745 | Elapsed=0ms | Status=Completed
2026-05-07 15:49:54 | INF | ACTION_TRACE | Acc=admin | Path=/lib/html-to-image/html-to-image.js.map | IP=::1 | Start=2026-05-07 15:49:54.947 | Elapsed=0ms | Status=Completed
2026-05-07 15:49:57 | INF | ACTION_TRACE | Acc=admin | Path=/Home/GetMenu | IP=::1 | Start=2026-05-07 15:49:57.823 | Elapsed=7ms | Status=Completed
2026-05-07 15:50:01 | INF | CONTROLLER_EXEC | Acc= admin | IP=::1 | Path=ATT111001/ATT111001 | Message=GET /ATT111001/ATT111001
2026-05-07 15:50:01 | INF | ACTION_TRACE | Acc=admin | Path=/ATT111001/ATT111001 | IP=::1 | Start=2026-05-07 15:50:01.177 | Elapsed=7ms | Status=Completed
2026-05-07 15:50:01 | INF | CONTROLLER_EXEC | Acc= admin | IP=::1 | Path=ATT111001/GetList | Message=POST /ATT111001/GetList
2026-05-07 15:50:01 | INF | ACTION_TRACE | Acc=admin | Path=/ATT111001/GetList | IP=::1 | Start=2026-05-07 15:50:01.222 | Elapsed=17ms | Status=Completed
2026-05-07 15:50:11 | INF | ACTION_TRACE | Acc=admin | Path=/Home/Index | IP=::1 | Start=2026-05-07 15:50:11.419 | Elapsed=16ms | Status=Completed
2026-05-07 15:50:12 | INF | ACTION_TRACE | Acc=admin | Path=/Home/GetMenu | IP=::1 | Start=2026-05-07 15:50:12.880 | Elapsed=10ms | Status=Completed
2026-05-07 15:50:13 | INF | CONTROLLER_EXEC | Acc= admin | IP=::1 | Path=ATT111001/ATT111001 | Message=GET /ATT111001/ATT111001
2026-05-07 15:50:13 | INF | ACTION_TRACE | Acc=admin | Path=/ATT111001/ATT111001 | IP=::1 | Start=2026-05-07 15:50:13.905 | Elapsed=4ms | Status=Completed
2026-05-07 15:50:13 | INF | CONTROLLER_EXEC | Acc= admin | IP=::1 | Path=ATT111001/GetList | Message=POST /ATT111001/GetList
2026-05-07 15:50:13 | INF | ACTION_TRACE | Acc=admin | Path=/ATT111001/GetList | IP=::1 | Start=2026-05-07 15:50:13.940 | Elapsed=5ms | Status=Completed
2026-05-07 15:51:18 | INF | ACTION_TRACE | Acc=admin | Path=/Home/Index | IP=::1 | Start=2026-05-07 15:51:18.048 | Elapsed=51ms | Status=Completed
2026-05-07 15:51:20 | INF | ACTION_TRACE | Acc=admin | Path=/Home/GetMenu | IP=::1 | Start=2026-05-07 15:51:20.414 | Elapsed=10ms | Status=Completed
2026-05-07 15:51:21 | INF | CONTROLLER_EXEC | Acc= admin | IP=::1 | Path=ATT111001/ATT111001 | Message=GET /ATT111001/ATT111001
2026-05-07 15:51:21 | INF | ACTION_TRACE | Acc=admin | Path=/ATT111001/ATT111001 | IP=::1 | Start=2026-05-07 15:51:21.772 | Elapsed=2ms | Status=Completed
2026-05-07 15:51:21 | INF | CONTROLLER_EXEC | Acc= admin | IP=::1 | Path=ATT111001/GetList | Message=POST /ATT111001/GetList
2026-05-07 15:51:21 | INF | ACTION_TRACE | Acc=admin | Path=/ATT111001/GetList | IP=::1 | Start=2026-05-07 15:51:21.806 | Elapsed=5ms | Status=Completed
2026-05-07 15:51:27 | INF | ACTION_TRACE | Acc=admin | Path=/.well-known/appspecific/com.chrome.devtools.json | IP=::1 | Start=2026-05-07 15:51:27.978 | Elapsed=0ms | Status=Completed
2026-05-07 15:51:28 | INF | ACTION_TRACE | Acc=admin | Path=/lib/html-to-image/html-to-image.js.map | IP=::1 | Start=2026-05-07 15:51:28.038 | Elapsed=0ms | Status=Completed
2026-05-07 15:51:28 | INF | ACTION_TRACE | Acc=admin | Path=/Home/Index | IP=::1 | Start=2026-05-07 15:51:28.152 | Elapsed=16ms | Status=Completed
2026-05-07 15:51:28 | INF | ACTION_TRACE | Acc=admin | Path=/.well-known/appspecific/com.chrome.devtools.json | IP=::1 | Start=2026-05-07 15:51:28.264 | Elapsed=0ms | Status=Completed
2026-05-07 15:51:28 | INF | ACTION_TRACE | Acc=admin | Path=/lib/html-to-image/html-to-image.js.map | IP=::1 | Start=2026-05-07 15:51:28.388 | Elapsed=0ms | Status=Completed
2026-05-07 15:51:30 | INF | ACTION_TRACE | Acc=admin | Path=/Home/GetMenu | IP=::1 | Start=2026-05-07 15:51:30.628 | Elapsed=65ms | Status=Completed
2026-05-07 15:51:31 | INF | CONTROLLER_EXEC | Acc= admin | IP=::1 | Path=ATT111001/ATT111001 | Message=GET /ATT111001/ATT111001
2026-05-07 15:51:31 | INF | ACTION_TRACE | Acc=admin | Path=/ATT111001/ATT111001 | IP=::1 | Start=2026-05-07 15:51:31.653 | Elapsed=6ms | Status=Completed
2026-05-07 15:51:31 | INF | CONTROLLER_EXEC | Acc= admin | IP=::1 | Path=ATT111001/GetList | Message=POST /ATT111001/GetList
2026-05-07 15:51:31 | INF | ACTION_TRACE | Acc=admin | Path=/ATT111001/GetList | IP=::1 | Start=2026-05-07 15:51:31.743 | Elapsed=11ms | Status=Completed
2026-05-07 15:51:53 | INF | ACTION_TRACE | Acc=admin | Path=/Home/Index | IP=::1 | Start=2026-05-07 15:51:53.288 | Elapsed=13ms | Status=Completed
2026-05-07 15:51:54 | INF | ACTION_TRACE | Acc=admin | Path=/Home/GetMenu | IP=::1 | Start=2026-05-07 15:51:54.555 | Elapsed=56ms | Status=Completed
2026-05-07 15:51:55 | INF | CONTROLLER_EXEC | Acc= admin | IP=::1 | Path=ATT111001/ATT111001 | Message=GET /ATT111001/ATT111001
2026-05-07 15:51:55 | INF | ACTION_TRACE | Acc=admin | Path=/ATT111001/ATT111001 | IP=::1 | Start=2026-05-07 15:51:55.477 | Elapsed=4ms | Status=Completed
2026-05-07 15:51:55 | INF | CONTROLLER_EXEC | Acc= admin | IP=::1 | Path=ATT111001/GetList | Message=POST /ATT111001/GetList
2026-05-07 15:51:55 | INF | ACTION_TRACE | Acc=admin | Path=/ATT111001/GetList | IP=::1 | Start=2026-05-07 15:51:55.516 | Elapsed=6ms | Status=Completed
2026-05-07 15:52:12 | INF | ACTION_TRACE | Acc=admin | Path=/Home/Index | IP=::1 | Start=2026-05-07 15:52:12.779 | Elapsed=18ms | Status=Completed
2026-05-07 15:52:14 | INF | ACTION_TRACE | Acc=admin | Path=/Home/GetMenu | IP=::1 | Start=2026-05-07 15:52:14.655 | Elapsed=44ms | Status=Completed
2026-05-07 15:52:16 | INF | CONTROLLER_EXEC | Acc= admin | IP=::1 | Path=ATT111001/ATT111001 | Message=GET /ATT111001/ATT111001
2026-05-07 15:52:16 | INF | ACTION_TRACE | Acc=admin | Path=/ATT111001/ATT111001 | IP=::1 | Start=2026-05-07 15:52:16.652 | Elapsed=2ms | Status=Completed
2026-05-07 15:52:16 | INF | CONTROLLER_EXEC | Acc= admin | IP=::1 | Path=ATT111001/GetList | Message=POST /ATT111001/GetList
2026-05-07 15:52:16 | INF | ACTION_TRACE | Acc=admin | Path=/ATT111001/GetList | IP=::1 | Start=2026-05-07 15:52:16.687 | Elapsed=6ms | Status=Completed
2026-05-07 15:52:20 | INF | ACTION_TRACE | Acc=admin | Path=/.well-known/appspecific/com.chrome.devtools.json | IP=::1 | Start=2026-05-07 15:52:20.386 | Elapsed=0ms | Status=Completed
2026-05-07 15:52:20 | INF | ACTION_TRACE | Acc=admin | Path=/lib/html-to-image/html-to-image.js.map | IP=::1 | Start=2026-05-07 15:52:20.457 | Elapsed=0ms | Status=Completed
2026-05-07 15:53:01 | INF | ACTION_TRACE | Acc=admin | Path=/Home/Index | IP=::1 | Start=2026-05-07 15:53:01.948 | Elapsed=17ms | Status=Completed
2026-05-07 15:53:01 | INF | ACTION_TRACE | Acc=admin | Path=/.well-known/appspecific/com.chrome.devtools.json | IP=::1 | Start=2026-05-07 15:53:01.996 | Elapsed=0ms | Status=Completed
2026-05-07 15:53:02 | INF | ACTION_TRACE | Acc=admin | Path=/lib/html-to-image/html-to-image.js.map | IP=::1 | Start=2026-05-07 15:53:02.152 | Elapsed=0ms | Status=Completed
2026-05-07 15:53:26 | INF | ACTION_TRACE | Acc=admin | Path=/Home/Index | IP=::1 | Start=2026-05-07 15:53:26.494 | Elapsed=87ms | Status=Completed
2026-05-07 15:53:26 | INF | ACTION_TRACE | Acc=admin | Path=/.well-known/appspecific/com.chrome.devtools.json | IP=::1 | Start=2026-05-07 15:53:26.611 | Elapsed=0ms | Status=Completed
2026-05-07 15:53:26 | INF | ACTION_TRACE | Acc=admin | Path=/lib/html-to-image/html-to-image.js.map | IP=::1 | Start=2026-05-07 15:53:26.886 | Elapsed=0ms | Status=Completed
2026-05-07 15:53:30 | INF | ACTION_TRACE | Acc=admin | Path=/Home/GetMenu | IP=::1 | Start=2026-05-07 15:53:30.911 | Elapsed=45ms | Status=Completed
2026-05-07 15:53:32 | INF | CONTROLLER_EXEC | Acc= admin | IP=::1 | Path=ATT111001/ATT111001 | Message=GET /ATT111001/ATT111001
2026-05-07 15:53:32 | INF | ACTION_TRACE | Acc=admin | Path=/ATT111001/ATT111001 | IP=::1 | Start=2026-05-07 15:53:32.221 | Elapsed=50ms | Status=Completed
2026-05-07 15:53:32 | INF | CONTROLLER_EXEC | Acc= admin | IP=::1 | Path=ATT111001/GetList | Message=POST /ATT111001/GetList
2026-05-07 15:53:32 | INF | ACTION_TRACE | Acc=admin | Path=/ATT111001/GetList | IP=::1 | Start=2026-05-07 15:53:32.343 | Elapsed=15ms | Status=Completed
2026-05-07 15:53:43 | INF | ACTION_TRACE | Acc=admin | Path=/.well-known/appspecific/com.chrome.devtools.json | IP=::1 | Start=2026-05-07 15:53:43.006 | Elapsed=0ms | Status=Completed
2026-05-07 15:53:43 | INF | ACTION_TRACE | Acc=admin | Path=/lib/html-to-image/html-to-image.js.map | IP=::1 | Start=2026-05-07 15:53:43.023 | Elapsed=0ms | Status=Completed
2026-05-07 15:55:09 | WRN | No store type was specified for the decimal property 'OveMoney' on entity type 'HROvertime'. This will cause values to be silently truncated if they do not fit in the default precision and scale. Explicitly specify the SQL server column type that can accommodate all the values in 'OnModelCreating' using 'HasColumnType', specify precision and scale using 'HasPrecision', or configure a value converter using 'HasConversion'.
2026-05-07 15:55:09 | WRN | No store type was specified for the decimal property 'Wag1D1Hour' on entity type 'HRWage'. This will cause values to be silently truncated if they do not fit in the default precision and scale. Explicitly specify the SQL server column type that can accommodate all the values in 'OnModelCreating' using 'HasColumnType', specify precision and scale using 'HasPrecision', or configure a value converter using 'HasConversion'.
2026-05-07 15:55:09 | WRN | No store type was specified for the decimal property 'Wag2D1Hour' on entity type 'HRWage'. This will cause values to be silently truncated if they do not fit in the default precision and scale. Explicitly specify the SQL server column type that can accommodate all the values in 'OnModelCreating' using 'HasColumnType', specify precision and scale using 'HasPrecision', or configure a value converter using 'HasConversion'.
2026-05-07 15:55:09 | WRN | No store type was specified for the decimal property 'Wag4D3Hour' on entity type 'HRWage'. This will cause values to be silently truncated if they do not fit in the default precision and scale. Explicitly specify the SQL server column type that can accommodate all the values in 'OnModelCreating' using 'HasColumnType', specify precision and scale using 'HasPrecision', or configure a value converter using 'HasConversion'.
2026-05-07 15:55:09 | WRN | No store type was specified for the decimal property 'Wag5D3Hour' on entity type 'HRWage'. This will cause values to be silently truncated if they do not fit in the default precision and scale. Explicitly specify the SQL server column type that can accommodate all the values in 'OnModelCreating' using 'HasColumnType', specify precision and scale using 'HasPrecision', or configure a value converter using 'HasConversion'.
2026-05-07 15:55:09 | WRN | No store type was specified for the decimal property 'Wag8D3Hour' on entity type 'HRWage'. This will cause values to be silently truncated if they do not fit in the default precision and scale. Explicitly specify the SQL server column type that can accommodate all the values in 'OnModelCreating' using 'HasColumnType', specify precision and scale using 'HasPrecision', or configure a value converter using 'HasConversion'.
2026-05-07 15:55:09 | WRN | No store type was specified for the decimal property 'WagApplyHour' on entity type 'HRWage'. This will cause values to be silently truncated if they do not fit in the default precision and scale. Explicitly specify the SQL server column type that can accommodate all the values in 'OnModelCreating' using 'HasColumnType', specify precision and scale using 'HasPrecision', or configure a value converter using 'HasConversion'.
2026-05-07 15:55:09 | WRN | No store type was specified for the decimal property 'WagIssueHour' on entity type 'HRWage'. This will cause values to be silently truncated if they do not fit in the default precision and scale. Explicitly specify the SQL server column type that can accommodate all the values in 'OnModelCreating' using 'HasColumnType', specify precision and scale using 'HasPrecision', or configure a value converter using 'HasConversion'.
2026-05-07 15:55:09 | WRN | No store type was specified for the decimal property 'WagSubtotal' on entity type 'HRWage'. This will cause values to be silently truncated if they do not fit in the default precision and scale. Explicitly specify the SQL server column type that can accommodate all the values in 'OnModelCreating' using 'HasColumnType', specify precision and scale using 'HasPrecision', or configure a value converter using 'HasConversion'.
2026-05-07 15:55:14 | WRN | The query uses the 'First'/'FirstOrDefault' operator without 'OrderBy' and filter operators. This may lead to unpredictable results.
2026-05-07 15:55:15 | INF | ACTION_TRACE | Acc=admin | Path=/ | IP=::1 | Start=2026-05-07 15:55:08.288 | Elapsed=6941ms | Status=Completed
2026-05-07 15:55:15 | INF | NETWORK_UNSTABLE | Acc=admin | Path=/ | Reason=SlowRequest 6941ms
2026-05-07 15:55:15 | INF | ACTION_TRACE | Acc=admin | Path=/Captcha/Generate | IP=::1 | Start=2026-05-07 15:55:15.436 | Elapsed=33ms | Status=Completed
2026-05-07 15:55:15 | INF | ACTION_TRACE | Acc=admin | Path=/DNTCaptchaImage/Show | IP=::1 | Start=2026-05-07 15:55:15.491 | Elapsed=110ms | Status=Completed
2026-05-07 15:55:27 | INF | ACTION_TRACE | Acc=admin | Path=/Account/Login | IP=::1 | Start=2026-05-07 15:55:20.112 | Elapsed=6993ms | Status=Completed
2026-05-07 15:55:27 | INF | NETWORK_UNSTABLE | Acc=admin | Path=/Account/Login | Reason=SlowRequest 6993ms
2026-05-07 15:55:27 | INF | ACTION_TRACE | Acc=admin | Path=/Home/Index | IP=::1 | Start=2026-05-07 15:55:27.118 | Elapsed=245ms | Status=Completed
2026-05-07 15:55:29 | INF | ACTION_TRACE | Acc=admin | Path=/Home/GetMenu | IP=::1 | Start=2026-05-07 15:55:29.179 | Elapsed=48ms | Status=Completed
2026-05-07 15:55:31 | INF | CONTROLLER_EXEC | Acc= admin | IP=::1 | Path=ATT111001/ATT111001 | Message=GET /ATT111001/ATT111001
2026-05-07 15:55:31 | INF | ACTION_TRACE | Acc=admin | Path=/ATT111001/ATT111001 | IP=::1 | Start=2026-05-07 15:55:31.002 | Elapsed=75ms | Status=Completed
2026-05-07 15:55:31 | INF | CONTROLLER_EXEC | Acc= admin | IP=::1 | Path=ATT111001/GetList | Message=POST /ATT111001/GetList
2026-05-07 15:55:31 | INF | ACTION_TRACE | Acc=admin | Path=/ATT111001/GetList | IP=::1 | Start=2026-05-07 15:55:31.116 | Elapsed=148ms | Status=Completed
2026-05-07 15:57:08 | INF | ACTION_TRACE | Acc=admin | Path=/Home/GetMenu | IP=::1 | Start=2026-05-07 15:57:08.920 | Elapsed=10ms | Status=Completed
2026-05-07 15:57:11 | INF | CONTROLLER_EXEC | Acc= admin | IP=::1 | Path=SYS201002/SYS201002 | Message=GET /SYS201002/SYS201002
2026-05-07 15:57:11 | INF | ACTION_TRACE | Acc=admin | Path=/SYS201002/SYS201002 | IP=::1 | Start=2026-05-07 15:57:11.754 | Elapsed=48ms | Status=Completed
2026-05-07 15:57:11 | INF | CONTROLLER_EXEC | Acc= admin | IP=::1 | Path=SYS201002/GetAllRoleList | Message=POST /SYS201002/GetAllRoleList
2026-05-07 15:57:11 | INF | ACTION_TRACE | Acc=admin | Path=/SYS201002/GetAllRoleList | IP=::1 | Start=2026-05-07 15:57:11.857 | Elapsed=44ms | Status=Completed
2026-05-07 15:57:14 | INF | ACTION_TRACE | Acc=admin | Path=/.well-known/appspecific/com.chrome.devtools.json | IP=::1 | Start=2026-05-07 15:57:14.166 | Elapsed=0ms | Status=Completed
2026-05-07 15:57:14 | INF | ACTION_TRACE | Acc=admin | Path=/lib/html-to-image/html-to-image.js.map | IP=::1 | Start=2026-05-07 15:57:14.247 | Elapsed=0ms | Status=Completed
2026-05-07 15:57:14 | INF | ACTION_TRACE | Acc=admin | Path=/sm/6cf3a2be173716d0e4726c68ef6634f00cefa4e7428560c2debae6f24389d3c1.map | IP=::1 | Start=2026-05-07 15:57:14.289 | Elapsed=0ms | Status=Completed
2026-05-07 15:58:18 | WRN | No store type was specified for the decimal property 'OveMoney' on entity type 'HROvertime'. This will cause values to be silently truncated if they do not fit in the default precision and scale. Explicitly specify the SQL server column type that can accommodate all the values in 'OnModelCreating' using 'HasColumnType', specify precision and scale using 'HasPrecision', or configure a value converter using 'HasConversion'.
2026-05-07 15:58:18 | WRN | No store type was specified for the decimal property 'Wag1D1Hour' on entity type 'HRWage'. This will cause values to be silently truncated if they do not fit in the default precision and scale. Explicitly specify the SQL server column type that can accommodate all the values in 'OnModelCreating' using 'HasColumnType', specify precision and scale using 'HasPrecision', or configure a value converter using 'HasConversion'.
2026-05-07 15:58:18 | WRN | No store type was specified for the decimal property 'Wag2D1Hour' on entity type 'HRWage'. This will cause values to be silently truncated if they do not fit in the default precision and scale. Explicitly specify the SQL server column type that can accommodate all the values in 'OnModelCreating' using 'HasColumnType', specify precision and scale using 'HasPrecision', or configure a value converter using 'HasConversion'.
2026-05-07 15:58:18 | WRN | No store type was specified for the decimal property 'Wag4D3Hour' on entity type 'HRWage'. This will cause values to be silently truncated if they do not fit in the default precision and scale. Explicitly specify the SQL server column type that can accommodate all the values in 'OnModelCreating' using 'HasColumnType', specify precision and scale using 'HasPrecision', or configure a value converter using 'HasConversion'.
2026-05-07 15:58:18 | WRN | No store type was specified for the decimal property 'Wag5D3Hour' on entity type 'HRWage'. This will cause values to be silently truncated if they do not fit in the default precision and scale. Explicitly specify the SQL server column type that can accommodate all the values in 'OnModelCreating' using 'HasColumnType', specify precision and scale using 'HasPrecision', or configure a value converter using 'HasConversion'.
2026-05-07 15:58:18 | WRN | No store type was specified for the decimal property 'Wag8D3Hour' on entity type 'HRWage'. This will cause values to be silently truncated if they do not fit in the default precision and scale. Explicitly specify the SQL server column type that can accommodate all the values in 'OnModelCreating' using 'HasColumnType', specify precision and scale using 'HasPrecision', or configure a value converter using 'HasConversion'.
2026-05-07 15:58:18 | WRN | No store type was specified for the decimal property 'WagApplyHour' on entity type 'HRWage'. This will cause values to be silently truncated if they do not fit in the default precision and scale. Explicitly specify the SQL server column type that can accommodate all the values in 'OnModelCreating' using 'HasColumnType', specify precision and scale using 'HasPrecision', or configure a value converter using 'HasConversion'.
2026-05-07 15:58:18 | WRN | No store type was specified for the decimal property 'WagIssueHour' on entity type 'HRWage'. This will cause values to be silently truncated if they do not fit in the default precision and scale. Explicitly specify the SQL server column type that can accommodate all the values in 'OnModelCreating' using 'HasColumnType', specify precision and scale using 'HasPrecision', or configure a value converter using 'HasConversion'.
2026-05-07 15:58:18 | WRN | No store type was specified for the decimal property 'WagSubtotal' on entity type 'HRWage'. This will cause values to be silently truncated if they do not fit in the default precision and scale. Explicitly specify the SQL server column type that can accommodate all the values in 'OnModelCreating' using 'HasColumnType', specify precision and scale using 'HasPrecision', or configure a value converter using 'HasConversion'.
2026-05-07 15:58:23 | WRN | The query uses the 'First'/'FirstOrDefault' operator without 'OrderBy' and filter operators. This may lead to unpredictable results.
2026-05-07 15:58:24 | INF | ACTION_TRACE | Acc=admin | Path=/ | IP=::1 | Start=2026-05-07 15:58:17.113 | Elapsed=6972ms | Status=Completed
2026-05-07 15:58:24 | INF | NETWORK_UNSTABLE | Acc=admin | Path=/ | Reason=SlowRequest 6972ms
2026-05-07 15:58:24 | INF | ACTION_TRACE | Acc=admin | Path=/Captcha/Generate | IP=::1 | Start=2026-05-07 15:58:24.275 | Elapsed=36ms | Status=Completed
2026-05-07 15:58:24 | INF | ACTION_TRACE | Acc=admin | Path=/DNTCaptchaImage/Show | IP=::1 | Start=2026-05-07 15:58:24.352 | Elapsed=143ms | Status=Completed
2026-05-07 15:58:36 | INF | ACTION_TRACE | Acc=admin | Path=/Account/Login | IP=::1 | Start=2026-05-07 15:58:29.442 | Elapsed=7192ms | Status=Completed
2026-05-07 15:58:36 | INF | NETWORK_UNSTABLE | Acc=admin | Path=/Account/Login | Reason=SlowRequest 7192ms
2026-05-07 15:58:36 | INF | ACTION_TRACE | Acc=admin | Path=/Home/Index | IP=::1 | Start=2026-05-07 15:58:36.650 | Elapsed=264ms | Status=Completed
2026-05-07 15:58:42 | INF | ACTION_TRACE | Acc=admin | Path=/Home/GetMenu | IP=::1 | Start=2026-05-07 15:58:42.455 | Elapsed=43ms | Status=Completed
2026-05-07 15:58:46 | INF | ACTION_TRACE | Acc=admin | Path=/Home/GetMenu | IP=::1 | Start=2026-05-07 15:58:46.795 | Elapsed=47ms | Status=Completed
2026-05-07 15:58:48 | INF | CONTROLLER_EXEC | Acc= admin | IP=::1 | Path=ATT111001/ATT111001 | Message=GET /ATT111001/ATT111001
2026-05-07 15:58:48 | INF | ACTION_TRACE | Acc=admin | Path=/ATT111001/ATT111001 | IP=::1 | Start=2026-05-07 15:58:48.463 | Elapsed=69ms | Status=Completed
2026-05-07 15:58:48 | INF | CONTROLLER_EXEC | Acc= admin | IP=::1 | Path=ATT111001/GetList | Message=POST /ATT111001/GetList
2026-05-07 15:58:48 | INF | ACTION_TRACE | Acc=admin | Path=/ATT111001/GetList | IP=::1 | Start=2026-05-07 15:58:48.582 | Elapsed=148ms | Status=Completed
2026-05-07 15:58:51 | INF | ACTION_TRACE | Acc=admin | Path=/Home/GetMenu | IP=::1 | Start=2026-05-07 15:58:51.729 | Elapsed=10ms | Status=Completed
2026-05-07 15:58:57 | INF | CONTROLLER_EXEC | Acc= admin | IP=::1 | Path=SYS202005/SYS202005 | Message=GET /SYS202005/SYS202005
2026-05-07 15:58:57 | INF | ACTION_TRACE | Acc=admin | Path=/SYS202005/SYS202005 | IP=::1 | Start=2026-05-07 15:58:57.445 | Elapsed=35ms | Status=Completed
2026-05-07 15:58:57 | INF | CONTROLLER_EXEC | Acc= admin | IP=::1 | Path=SYS202005/GetList | Message=POST /SYS202005/GetList
2026-05-07 15:58:57 | INF | ACTION_TRACE | Acc=admin | Path=/SYS202005/GetList | IP=::1 | Start=2026-05-07 15:58:57.510 | Elapsed=46ms | Status=Completed
2026-05-07 15:58:57 | INF | CONTROLLER_EXEC | Acc= admin | IP=::1 | Path=SYS202005/GetList | Message=POST /SYS202005/GetList
2026-05-07 15:58:57 | INF | ACTION_TRACE | Acc=admin | Path=/SYS202005/GetList | IP=::1 | Start=2026-05-07 15:58:57.576 | Elapsed=5ms | Status=Completed
2026-05-07 15:58:58 | INF | CONTROLLER_EXEC | Acc= admin | IP=::1 | Path=SYS202005/GetList | Message=POST /SYS202005/GetList
2026-05-07 15:58:58 | INF | ACTION_TRACE | Acc=admin | Path=/SYS202005/GetList | IP=::1 | Start=2026-05-07 15:58:58.519 | Elapsed=6ms | Status=Completed
2026-05-07 15:58:59 | INF | CONTROLLER_EXEC | Acc= admin | IP=::1 | Path=SYS202005/GetList | Message=POST /SYS202005/GetList
2026-05-07 15:58:59 | INF | ACTION_TRACE | Acc=admin | Path=/SYS202005/GetList | IP=::1 | Start=2026-05-07 15:58:59.561 | Elapsed=5ms | Status=Completed
2026-05-07 15:59:01 | INF | CONTROLLER_EXEC | Acc= admin | IP=::1 | Path=SYS202005/GetList | Message=POST /SYS202005/GetList
2026-05-07 15:59:01 | INF | ACTION_TRACE | Acc=admin | Path=/SYS202005/GetList | IP=::1 | Start=2026-05-07 15:59:01.070 | Elapsed=6ms | Status=Completed
2026-05-07 15:59:01 | INF | ACTION_TRACE | Acc=admin | Path=/.well-known/appspecific/com.chrome.devtools.json | IP=::1 | Start=2026-05-07 15:59:01.162 | Elapsed=0ms | Status=Completed
2026-05-07 15:59:01 | INF | ACTION_TRACE | Acc=admin | Path=/lib/html-to-image/html-to-image.js.map | IP=::1 | Start=2026-05-07 15:59:01.240 | Elapsed=0ms | Status=Completed
2026-05-07 15:59:01 | INF | CONTROLLER_EXEC | Acc= admin | IP=::1 | Path=SYS202005/GetList | Message=POST /SYS202005/GetList
2026-05-07 15:59:01 | INF | ACTION_TRACE | Acc=admin | Path=/SYS202005/GetList | IP=::1 | Start=2026-05-07 15:59:01.341 | Elapsed=6ms | Status=Completed
2026-05-07 15:59:02 | INF | CONTROLLER_EXEC | Acc= admin | IP=::1 | Path=SYS202005/GetList | Message=POST /SYS202005/GetList
2026-05-07 15:59:02 | INF | ACTION_TRACE | Acc=admin | Path=/SYS202005/GetList | IP=::1 | Start=2026-05-07 15:59:02.844 | Elapsed=4ms | Status=Completed
2026-05-07 15:59:03 | INF | CONTROLLER_EXEC | Acc= admin | IP=::1 | Path=SYS202005/GetList | Message=POST /SYS202005/GetList
2026-05-07 15:59:03 | INF | ACTION_TRACE | Acc=admin | Path=/SYS202005/GetList | IP=::1 | Start=2026-05-07 15:59:03.828 | Elapsed=7ms | Status=Completed
2026-05-07 15:59:05 | INF | CONTROLLER_EXEC | Acc= admin | IP=::1 | Path=SYS202005/GetList | Message=POST /SYS202005/GetList
2026-05-07 15:59:05 | INF | ACTION_TRACE | Acc=admin | Path=/SYS202005/GetList | IP=::1 | Start=2026-05-07 15:59:05.022 | Elapsed=3ms | Status=Completed
2026-05-07 15:59:10 | INF | CONTROLLER_EXEC | Acc= admin | IP=::1 | Path=SYS202005/GetList | Message=POST /SYS202005/GetList
2026-05-07 15:59:10 | INF | ACTION_TRACE | Acc=admin | Path=/SYS202005/GetList | IP=::1 | Start=2026-05-07 15:59:10.874 | Elapsed=4ms | Status=Completed
2026-05-07 16:04:20 | WRN | No store type was specified for the decimal property 'OveMoney' on entity type 'HROvertime'. This will cause values to be silently truncated if they do not fit in the default precision and scale. Explicitly specify the SQL server column type that can accommodate all the values in 'OnModelCreating' using 'HasColumnType', specify precision and scale using 'HasPrecision', or configure a value converter using 'HasConversion'.
2026-05-07 16:04:20 | WRN | No store type was specified for the decimal property 'Wag1D1Hour' on entity type 'HRWage'. This will cause values to be silently truncated if they do not fit in the default precision and scale. Explicitly specify the SQL server column type that can accommodate all the values in 'OnModelCreating' using 'HasColumnType', specify precision and scale using 'HasPrecision', or configure a value converter using 'HasConversion'.
2026-05-07 16:04:20 | WRN | No store type was specified for the decimal property 'Wag2D1Hour' on entity type 'HRWage'. This will cause values to be silently truncated if they do not fit in the default precision and scale. Explicitly specify the SQL server column type that can accommodate all the values in 'OnModelCreating' using 'HasColumnType', specify precision and scale using 'HasPrecision', or configure a value converter using 'HasConversion'.
2026-05-07 16:04:20 | WRN | No store type was specified for the decimal property 'Wag4D3Hour' on entity type 'HRWage'. This will cause values to be silently truncated if they do not fit in the default precision and scale. Explicitly specify the SQL server column type that can accommodate all the values in 'OnModelCreating' using 'HasColumnType', specify precision and scale using 'HasPrecision', or configure a value converter using 'HasConversion'.
2026-05-07 16:04:20 | WRN | No store type was specified for the decimal property 'Wag5D3Hour' on entity type 'HRWage'. This will cause values to be silently truncated if they do not fit in the default precision and scale. Explicitly specify the SQL server column type that can accommodate all the values in 'OnModelCreating' using 'HasColumnType', specify precision and scale using 'HasPrecision', or configure a value converter using 'HasConversion'.
2026-05-07 16:04:20 | WRN | No store type was specified for the decimal property 'Wag8D3Hour' on entity type 'HRWage'. This will cause values to be silently truncated if they do not fit in the default precision and scale. Explicitly specify the SQL server column type that can accommodate all the values in 'OnModelCreating' using 'HasColumnType', specify precision and scale using 'HasPrecision', or configure a value converter using 'HasConversion'.
2026-05-07 16:04:20 | WRN | No store type was specified for the decimal property 'WagApplyHour' on entity type 'HRWage'. This will cause values to be silently truncated if they do not fit in the default precision and scale. Explicitly specify the SQL server column type that can accommodate all the values in 'OnModelCreating' using 'HasColumnType', specify precision and scale using 'HasPrecision', or configure a value converter using 'HasConversion'.
2026-05-07 16:04:20 | WRN | No store type was specified for the decimal property 'WagIssueHour' on entity type 'HRWage'. This will cause values to be silently truncated if they do not fit in the default precision and scale. Explicitly specify the SQL server column type that can accommodate all the values in 'OnModelCreating' using 'HasColumnType', specify precision and scale using 'HasPrecision', or configure a value converter using 'HasConversion'.
2026-05-07 16:04:20 | WRN | No store type was specified for the decimal property 'WagSubtotal' on entity type 'HRWage'. This will cause values to be silently truncated if they do not fit in the default precision and scale. Explicitly specify the SQL server column type that can accommodate all the values in 'OnModelCreating' using 'HasColumnType', specify precision and scale using 'HasPrecision', or configure a value converter using 'HasConversion'.
2026-05-07 16:04:25 | WRN | The query uses the 'First'/'FirstOrDefault' operator without 'OrderBy' and filter operators. This may lead to unpredictable results.
2026-05-07 16:04:26 | INF | ACTION_TRACE | Acc=admin | Path=/ | IP=::1 | Start=2026-05-07 16:04:19.849 | Elapsed=7095ms | Status=Completed
2026-05-07 16:04:26 | INF | NETWORK_UNSTABLE | Acc=admin | Path=/ | Reason=SlowRequest 7095ms
2026-05-07 16:04:27 | INF | ACTION_TRACE | Acc=admin | Path=/Captcha/Generate | IP=::1 | Start=2026-05-07 16:04:27.124 | Elapsed=31ms | Status=Completed
2026-05-07 16:04:27 | INF | ACTION_TRACE | Acc=admin | Path=/DNTCaptchaImage/Show | IP=::1 | Start=2026-05-07 16:04:27.176 | Elapsed=121ms | Status=Completed
2026-05-07 16:04:40 | INF | ACTION_TRACE | Acc=admin | Path=/Account/Login | IP=::1 | Start=2026-05-07 16:04:33.122 | Elapsed=7443ms | Status=Completed
2026-05-07 16:04:40 | INF | NETWORK_UNSTABLE | Acc=admin | Path=/Account/Login | Reason=SlowRequest 7443ms
2026-05-07 16:04:40 | INF | ACTION_TRACE | Acc=admin | Path=/Home/Index | IP=::1 | Start=2026-05-07 16:04:40.580 | Elapsed=226ms | Status=Completed
2026-05-07 16:04:43 | INF | ACTION_TRACE | Acc=admin | Path=/Home/GetMenu | IP=::1 | Start=2026-05-07 16:04:43.278 | Elapsed=48ms | Status=Completed
2026-05-07 16:04:46 | INF | CONTROLLER_EXEC | Acc= admin | IP=::1 | Path=ATT111001/ATT111001 | Message=GET /ATT111001/ATT111001
2026-05-07 16:04:46 | INF | ACTION_TRACE | Acc=admin | Path=/ATT111001/ATT111001 | IP=::1 | Start=2026-05-07 16:04:46.788 | Elapsed=86ms | Status=Completed
2026-05-07 16:04:47 | INF | CONTROLLER_EXEC | Acc= admin | IP=::1 | Path=ATT111001/GetList | Message=POST /ATT111001/GetList
2026-05-07 16:04:47 | INF | ACTION_TRACE | Acc=admin | Path=/ATT111001/GetList | IP=::1 | Start=2026-05-07 16:04:46.914 | Elapsed=160ms | Status=Completed
2026-05-07 16:06:05 | INF | ACTION_TRACE | Acc=admin | Path=/Home/Index | IP=::1 | Start=2026-05-07 16:06:05.573 | Elapsed=44ms | Status=Completed
2026-05-07 16:06:21 | INF | ACTION_TRACE | Acc=admin | Path=/Home/Index | IP=::1 | Start=2026-05-07 16:06:21.627 | Elapsed=74ms | Status=Completed
2026-05-07 16:06:23 | INF | ACTION_TRACE | Acc=admin | Path=/Home/GetMenu | IP=::1 | Start=2026-05-07 16:06:23.253 | Elapsed=11ms | Status=Completed
2026-05-07 16:06:23 | INF | ACTION_TRACE | Acc=admin | Path=/Home/GetMenu | IP=::1 | Start=2026-05-07 16:06:23.773 | Elapsed=8ms | Status=Completed
2026-05-07 16:06:25 | INF | CONTROLLER_EXEC | Acc= admin | IP=::1 | Path=ATT111001/ATT111001 | Message=GET /ATT111001/ATT111001
2026-05-07 16:06:25 | INF | ACTION_TRACE | Acc=admin | Path=/ATT111001/ATT111001 | IP=::1 | Start=2026-05-07 16:06:25.700 | Elapsed=43ms | Status=Completed
2026-05-07 16:06:25 | INF | CONTROLLER_EXEC | Acc= admin | IP=::1 | Path=ATT111001/GetList | Message=POST /ATT111001/GetList
2026-05-07 16:06:25 | INF | ACTION_TRACE | Acc=admin | Path=/ATT111001/GetList | IP=::1 | Start=2026-05-07 16:06:25.782 | Elapsed=18ms | Status=Completed
2026-05-07 16:06:37 | INF | ACTION_TRACE | Acc=admin | Path=/.well-known/appspecific/com.chrome.devtools.json | IP=::1 | Start=2026-05-07 16:06:37.788 | Elapsed=0ms | Status=Completed
2026-05-07 16:06:37 | INF | ACTION_TRACE | Acc=admin | Path=/lib/html-to-image/html-to-image.js.map | IP=::1 | Start=2026-05-07 16:06:37.858 | Elapsed=0ms | Status=Completed
2026-05-07 16:07:20 | INF | CONTROLLER_EXEC | Acc= admin | IP=::1 | Path=ATT111001/GetList | Message=POST /ATT111001/GetList
2026-05-07 16:07:20 | ERR | REQUEST_EXCEPTION | Path=/ATT111001/GetList | Method=POST
2026-05-07 16:07:20 | INF | ACTION_TRACE | Acc=admin | Path=/Home/Index | IP=::1 | Start=2026-05-07 16:07:20.780 | Elapsed=14ms | Status=Completed
2026-05-07 16:07:20 | INF | NETWORK_UNSTABLE | Acc=admin | Path=/ATT111001/GetList | Reason=SlowRequest 24125ms
2026-05-07 16:07:22 | INF | ACTION_TRACE | Acc=admin | Path=/Home/GetMenu | IP=::1 | Start=2026-05-07 16:07:22.437 | Elapsed=7ms | Status=Completed
2026-05-07 16:07:23 | INF | CONTROLLER_EXEC | Acc= admin | IP=::1 | Path=ATT111001/ATT111001 | Message=GET /ATT111001/ATT111001
2026-05-07 16:07:23 | INF | ACTION_TRACE | Acc=admin | Path=/ATT111001/ATT111001 | IP=::1 | Start=2026-05-07 16:07:23.731 | Elapsed=6ms | Status=Completed
2026-05-07 16:07:23 | INF | CONTROLLER_EXEC | Acc= admin | IP=::1 | Path=ATT111001/GetList | Message=POST /ATT111001/GetList
2026-05-07 16:07:23 | INF | ACTION_TRACE | Acc=admin | Path=/ATT111001/GetList | IP=::1 | Start=2026-05-07 16:07:23.807 | Elapsed=6ms | Status=Completed
2026-05-07 16:07:36 | INF | ACTION_TRACE | Acc=admin | Path=/Home/Index | IP=::1 | Start=2026-05-07 16:07:36.965 | Elapsed=21ms | Status=Completed
2026-05-07 16:07:40 | INF | ACTION_TRACE | Acc=admin | Path=/Home/GetMenu | IP=::1 | Start=2026-05-07 16:07:40.105 | Elapsed=7ms | Status=Completed
2026-05-07 16:07:41 | INF | CONTROLLER_EXEC | Acc= admin | IP=::1 | Path=ATT111001/ATT111001 | Message=GET /ATT111001/ATT111001
2026-05-07 16:07:41 | INF | ACTION_TRACE | Acc=admin | Path=/ATT111001/ATT111001 | IP=::1 | Start=2026-05-07 16:07:41.270 | Elapsed=3ms | Status=Completed
2026-05-07 16:07:41 | INF | CONTROLLER_EXEC | Acc= admin | IP=::1 | Path=ATT111001/GetList | Message=POST /ATT111001/GetList
2026-05-07 16:07:41 | INF | ACTION_TRACE | Acc=admin | Path=/ATT111001/GetList | IP=::1 | Start=2026-05-07 16:07:41.303 | Elapsed=7ms | Status=Completed
2026-05-07 16:12:35 | INF | ACTION_TRACE | Acc=admin | Path=/Home/Index | IP=::1 | Start=2026-05-07 16:12:30.811 | Elapsed=4584ms | Status=Completed
2026-05-07 16:12:35 | INF | NETWORK_UNSTABLE | Acc=admin | Path=/Home/Index | Reason=SlowRequest 4584ms
2026-05-07 16:12:38 | INF | ACTION_TRACE | Acc=admin | Path=/Home/GetMenu | IP=::1 | Start=2026-05-07 16:12:38.324 | Elapsed=41ms | Status=Completed
2026-05-07 16:12:40 | INF | CONTROLLER_EXEC | Acc= admin | IP=::1 | Path=ATT111001/ATT111001 | Message=GET /ATT111001/ATT111001
2026-05-07 16:12:40 | INF | ACTION_TRACE | Acc=admin | Path=/ATT111001/ATT111001 | IP=::1 | Start=2026-05-07 16:12:40.986 | Elapsed=3ms | Status=Completed
2026-05-07 16:12:41 | INF | CONTROLLER_EXEC | Acc= admin | IP=::1 | Path=ATT111001/GetList | Message=POST /ATT111001/GetList
2026-05-07 16:12:41 | INF | ACTION_TRACE | Acc=admin | Path=/ATT111001/GetList | IP=::1 | Start=2026-05-07 16:12:41.022 | Elapsed=5ms | Status=Completed
2026-05-07 16:13:20 | INF | ACTION_TRACE | Acc=admin | Path=/.well-known/appspecific/com.chrome.devtools.json | IP=::1 | Start=2026-05-07 16:13:20.349 | Elapsed=0ms | Status=Completed
2026-05-07 16:13:20 | INF | ACTION_TRACE | Acc=admin | Path=/lib/html-to-image/html-to-image.js.map | IP=::1 | Start=2026-05-07 16:13:20.420 | Elapsed=0ms | Status=Completed
2026-05-07 16:15:35 | INF | ACTION_TRACE | Acc=admin | Path=/Home/Index | IP=::1 | Start=2026-05-07 16:15:35.932 | Elapsed=25ms | Status=Completed
2026-05-07 16:15:38 | INF | ACTION_TRACE | Acc=admin | Path=/Home/GetMenu | IP=::1 | Start=2026-05-07 16:15:38.372 | Elapsed=42ms | Status=Completed
2026-05-07 16:15:40 | INF | CONTROLLER_EXEC | Acc= admin | IP=::1 | Path=ATT111001/ATT111001 | Message=GET /ATT111001/ATT111001
2026-05-07 16:15:40 | INF | ACTION_TRACE | Acc=admin | Path=/ATT111001/ATT111001 | IP=::1 | Start=2026-05-07 16:15:40.151 | Elapsed=3ms | Status=Completed
2026-05-07 16:15:40 | INF | CONTROLLER_EXEC | Acc= admin | IP=::1 | Path=ATT111001/GetList | Message=POST /ATT111001/GetList
2026-05-07 16:15:40 | INF | ACTION_TRACE | Acc=admin | Path=/ATT111001/GetList | IP=::1 | Start=2026-05-07 16:15:40.189 | Elapsed=5ms | Status=Completed
2026-05-07 16:15:49 | INF | ACTION_TRACE | Acc=admin | Path=/Home/Index | IP=::1 | Start=2026-05-07 16:15:49.388 | Elapsed=24ms | Status=Completed
2026-05-07 16:15:52 | INF | ACTION_TRACE | Acc=admin | Path=/Home/GetMenu | IP=::1 | Start=2026-05-07 16:15:52.933 | Elapsed=46ms | Status=Completed
2026-05-07 16:15:54 | INF | ACTION_TRACE | Acc=admin | Path=/.well-known/appspecific/com.chrome.devtools.json | IP=::1 | Start=2026-05-07 16:15:54.105 | Elapsed=0ms | Status=Completed
2026-05-07 16:15:54 | INF | ACTION_TRACE | Acc=admin | Path=/lib/html-to-image/html-to-image.js.map | IP=::1 | Start=2026-05-07 16:15:54.175 | Elapsed=0ms | Status=Completed
2026-05-07 16:15:58 | INF | CONTROLLER_EXEC | Acc= admin | IP=::1 | Path=ATT111001/ATT111001 | Message=GET /ATT111001/ATT111001
2026-05-07 16:15:58 | INF | ACTION_TRACE | Acc=admin | Path=/ATT111001/ATT111001 | IP=::1 | Start=2026-05-07 16:15:58.079 | Elapsed=4ms | Status=Completed
2026-05-07 16:15:58 | INF | CONTROLLER_EXEC | Acc= admin | IP=::1 | Path=ATT111001/GetList | Message=POST /ATT111001/GetList
2026-05-07 16:15:58 | INF | ACTION_TRACE | Acc=admin | Path=/ATT111001/GetList | IP=::1 | Start=2026-05-07 16:15:58.170 | Elapsed=38ms | Status=Completed
2026-05-07 16:16:03 | INF | ACTION_TRACE | Acc=admin | Path=/Home/Index | IP=::1 | Start=2026-05-07 16:16:03.191 | Elapsed=600ms | Status=Completed
2026-05-07 16:16:04 | INF | ACTION_TRACE | Acc=admin | Path=/.well-known/appspecific/com.chrome.devtools.json | IP=::1 | Start=2026-05-07 16:16:04.064 | Elapsed=0ms | Status=Completed
2026-05-07 16:16:04 | INF | ACTION_TRACE | Acc=admin | Path=/lib/html-to-image/html-to-image.js.map | IP=::1 | Start=2026-05-07 16:16:04.205 | Elapsed=0ms | Status=Completed
2026-05-07 16:16:06 | INF | ACTION_TRACE | Acc=admin | Path=/Home/GetMenu | IP=::1 | Start=2026-05-07 16:16:06.802 | Elapsed=6ms | Status=Completed
2026-05-07 16:16:09 | INF | CONTROLLER_EXEC | Acc= admin | IP=::1 | Path=ATT111001/ATT111001 | Message=GET /ATT111001/ATT111001
2026-05-07 16:16:09 | INF | ACTION_TRACE | Acc=admin | Path=/ATT111001/ATT111001 | IP=::1 | Start=2026-05-07 16:16:09.016 | Elapsed=4ms | Status=Completed
2026-05-07 16:16:09 | INF | CONTROLLER_EXEC | Acc= admin | IP=::1 | Path=ATT111001/GetList | Message=POST /ATT111001/GetList
2026-05-07 16:16:09 | INF | ACTION_TRACE | Acc=admin | Path=/ATT111001/GetList | IP=::1 | Start=2026-05-07 16:16:09.105 | Elapsed=7ms | Status=Completed
2026-05-07 16:16:15 | INF | ACTION_TRACE | Acc=admin | Path=/.well-known/appspecific/com.chrome.devtools.json | IP=::1 | Start=2026-05-07 16:16:15.890 | Elapsed=0ms | Status=Completed
2026-05-07 16:16:15 | INF | ACTION_TRACE | Acc=admin | Path=/lib/html-to-image/html-to-image.js.map | IP=::1 | Start=2026-05-07 16:16:15.901 | Elapsed=0ms | Status=Completed
2026-05-07 16:17:00 | INF | ACTION_TRACE | Acc=admin | Path=/Home/Index | IP=::1 | Start=2026-05-07 16:17:00.845 | Elapsed=24ms | Status=Completed
2026-05-07 16:17:01 | INF | ACTION_TRACE | Acc=admin | Path=/.well-known/appspecific/com.chrome.devtools.json | IP=::1 | Start=2026-05-07 16:17:01.105 | Elapsed=0ms | Status=Completed
2026-05-07 16:17:01 | INF | ACTION_TRACE | Acc=admin | Path=/lib/html-to-image/html-to-image.js.map | IP=::1 | Start=2026-05-07 16:17:01.329 | Elapsed=0ms | Status=Completed
2026-05-07 16:17:03 | INF | ACTION_TRACE | Acc=admin | Path=/Home/GetMenu | IP=::1 | Start=2026-05-07 16:17:03.720 | Elapsed=6ms | Status=Completed
2026-05-07 16:17:10 | INF | CONTROLLER_EXEC | Acc= admin | IP=::1 | Path=ATT111001/ATT111001 | Message=GET /ATT111001/ATT111001
2026-05-07 16:17:10 | INF | ACTION_TRACE | Acc=admin | Path=/ATT111001/ATT111001 | IP=::1 | Start=2026-05-07 16:17:10.686 | Elapsed=3ms | Status=Completed
2026-05-07 16:17:10 | INF | CONTROLLER_EXEC | Acc= admin | IP=::1 | Path=ATT111001/GetList | Message=POST /ATT111001/GetList
2026-05-07 16:17:10 | INF | ACTION_TRACE | Acc=admin | Path=/ATT111001/GetList | IP=::1 | Start=2026-05-07 16:17:10.765 | Elapsed=10ms | Status=Completed
2026-05-07 16:17:17 | INF | ACTION_TRACE | Acc=admin | Path=/.well-known/appspecific/com.chrome.devtools.json | IP=::1 | Start=2026-05-07 16:17:17.567 | Elapsed=0ms | Status=Completed
2026-05-07 16:17:17 | INF | ACTION_TRACE | Acc=admin | Path=/lib/html-to-image/html-to-image.js.map | IP=::1 | Start=2026-05-07 16:17:17.593 | Elapsed=0ms | Status=Completed
2026-05-07 16:17:54 | INF | ACTION_TRACE | Acc=admin | Path=/Home/Index | IP=::1 | Start=2026-05-07 16:17:54.709 | Elapsed=18ms | Status=Completed
2026-05-07 16:18:06 | INF | ACTION_TRACE | Acc=admin | Path=/Home/Index | IP=::1 | Start=2026-05-07 16:18:06.644 | Elapsed=39ms | Status=Completed
2026-05-07 16:18:16 | INF | ACTION_TRACE | Acc=admin | Path=/Home/GetMenu | IP=::1 | Start=2026-05-07 16:18:16.750 | Elapsed=10ms | Status=Completed
2026-05-07 16:18:18 | INF | CONTROLLER_EXEC | Acc= admin | IP=::1 | Path=ATT111001/ATT111001 | Message=GET /ATT111001/ATT111001
2026-05-07 16:18:18 | INF | ACTION_TRACE | Acc=admin | Path=/ATT111001/ATT111001 | IP=::1 | Start=2026-05-07 16:18:18.275 | Elapsed=52ms | Status=Completed
2026-05-07 16:18:18 | INF | CONTROLLER_EXEC | Acc= admin | IP=::1 | Path=ATT111001/GetList | Message=POST /ATT111001/GetList
2026-05-07 16:18:18 | INF | ACTION_TRACE | Acc=admin | Path=/ATT111001/GetList | IP=::1 | Start=2026-05-07 16:18:18.372 | Elapsed=20ms | Status=Completed
2026-05-07 16:18:20 | INF | ACTION_TRACE | Acc=admin | Path=/Home/Index | IP=::1 | Start=2026-05-07 16:18:20.527 | Elapsed=22ms | Status=Completed
2026-05-07 16:18:22 | INF | ACTION_TRACE | Acc=admin | Path=/Home/GetMenu | IP=::1 | Start=2026-05-07 16:18:22.108 | Elapsed=13ms | Status=Completed
2026-05-07 16:18:24 | INF | CONTROLLER_EXEC | Acc= admin | IP=::1 | Path=ATT111001/ATT111001 | Message=GET /ATT111001/ATT111001
2026-05-07 16:18:24 | INF | ACTION_TRACE | Acc=admin | Path=/ATT111001/ATT111001 | IP=::1 | Start=2026-05-07 16:18:24.617 | Elapsed=3ms | Status=Completed
2026-05-07 16:18:24 | INF | CONTROLLER_EXEC | Acc= admin | IP=::1 | Path=ATT111001/GetList | Message=POST /ATT111001/GetList
2026-05-07 16:18:24 | INF | ACTION_TRACE | Acc=admin | Path=/ATT111001/GetList | IP=::1 | Start=2026-05-07 16:18:24.650 | Elapsed=7ms | Status=Completed
2026-05-07 16:18:44 | INF | ACTION_TRACE | Acc=admin | Path=/Home/Index | IP=::1 | Start=2026-05-07 16:18:44.838 | Elapsed=46ms | Status=Completed
2026-05-07 16:18:55 | INF | ACTION_TRACE | Acc=admin | Path=/Home/Index | IP=::1 | Start=2026-05-07 16:18:55.647 | Elapsed=14ms | Status=Completed
2026-05-07 16:18:57 | INF | ACTION_TRACE | Acc=admin | Path=/Home/GetMenu | IP=::1 | Start=2026-05-07 16:18:57.486 | Elapsed=10ms | Status=Completed
2026-05-07 16:18:58 | INF | CONTROLLER_EXEC | Acc= admin | IP=::1 | Path=ATT111001/ATT111001 | Message=GET /ATT111001/ATT111001
2026-05-07 16:18:58 | INF | ACTION_TRACE | Acc=admin | Path=/ATT111001/ATT111001 | IP=::1 | Start=2026-05-07 16:18:58.852 | Elapsed=49ms | Status=Completed
2026-05-07 16:18:58 | INF | CONTROLLER_EXEC | Acc= admin | IP=::1 | Path=ATT111001/GetList | Message=POST /ATT111001/GetList
2026-05-07 16:18:58 | INF | ACTION_TRACE | Acc=admin | Path=/ATT111001/GetList | IP=::1 | Start=2026-05-07 16:18:58.939 | Elapsed=17ms | Status=Completed
2026-05-07 16:19:02 | INF | ACTION_TRACE | Acc=admin | Path=/Home/Index | IP=::1 | Start=2026-05-07 16:19:02.939 | Elapsed=20ms | Status=Completed
2026-05-07 16:19:04 | INF | ACTION_TRACE | Acc=admin | Path=/Home/GetMenu | IP=::1 | Start=2026-05-07 16:19:04.894 | Elapsed=7ms | Status=Completed
2026-05-07 16:19:06 | INF | CONTROLLER_EXEC | Acc= admin | IP=::1 | Path=ATT111001/ATT111001 | Message=GET /ATT111001/ATT111001
2026-05-07 16:19:06 | INF | ACTION_TRACE | Acc=admin | Path=/ATT111001/ATT111001 | IP=::1 | Start=2026-05-07 16:19:06.461 | Elapsed=5ms | Status=Completed
2026-05-07 16:19:06 | INF | CONTROLLER_EXEC | Acc= admin | IP=::1 | Path=ATT111001/GetList | Message=POST /ATT111001/GetList
2026-05-07 16:19:06 | INF | ACTION_TRACE | Acc=admin | Path=/ATT111001/GetList | IP=::1 | Start=2026-05-07 16:19:06.490 | Elapsed=4ms | Status=Completed
2026-05-07 16:19:11 | INF | ACTION_TRACE | Acc=admin | Path=/.well-known/appspecific/com.chrome.devtools.json | IP=::1 | Start=2026-05-07 16:19:11.698 | Elapsed=0ms | Status=Completed
2026-05-07 16:19:11 | INF | ACTION_TRACE | Acc=admin | Path=/lib/html-to-image/html-to-image.js.map | IP=::1 | Start=2026-05-07 16:19:11.750 | Elapsed=0ms | Status=Completed
2026-05-07 16:20:22 | INF | ACTION_TRACE | Acc=admin | Path=/Home/Index | IP=::1 | Start=2026-05-07 16:20:22.519 | Elapsed=19ms | Status=Completed
2026-05-07 16:20:24 | INF | ACTION_TRACE | Acc=admin | Path=/Home/GetMenu | IP=::1 | Start=2026-05-07 16:20:24.130 | Elapsed=8ms | Status=Completed
2026-05-07 16:20:25 | INF | ACTION_TRACE | Acc=admin | Path=/.well-known/appspecific/com.chrome.devtools.json | IP=::1 | Start=2026-05-07 16:20:25.735 | Elapsed=0ms | Status=Completed
2026-05-07 16:20:25 | INF | ACTION_TRACE | Acc=admin | Path=/lib/html-to-image/html-to-image.js.map | IP=::1 | Start=2026-05-07 16:20:25.788 | Elapsed=0ms | Status=Completed
2026-05-07 16:20:29 | INF | ACTION_TRACE | Acc=admin | Path=/Home/Index | IP=::1 | Start=2026-05-07 16:20:29.262 | Elapsed=95ms | Status=Completed
2026-05-07 16:20:29 | INF | ACTION_TRACE | Acc=admin | Path=/.well-known/appspecific/com.chrome.devtools.json | IP=::1 | Start=2026-05-07 16:20:29.419 | Elapsed=0ms | Status=Completed
2026-05-07 16:20:29 | INF | ACTION_TRACE | Acc=admin | Path=/lib/html-to-image/html-to-image.js.map | IP=::1 | Start=2026-05-07 16:20:29.560 | Elapsed=0ms | Status=Completed
2026-05-07 16:20:30 | INF | ACTION_TRACE | Acc=admin | Path=/Home/GetMenu | IP=::1 | Start=2026-05-07 16:20:30.670 | Elapsed=50ms | Status=Completed
2026-05-07 16:20:32 | INF | CONTROLLER_EXEC | Acc= admin | IP=::1 | Path=ATT111001/ATT111001 | Message=GET /ATT111001/ATT111001
2026-05-07 16:20:32 | INF | ACTION_TRACE | Acc=admin | Path=/ATT111001/ATT111001 | IP=::1 | Start=2026-05-07 16:20:32.352 | Elapsed=3ms | Status=Completed
2026-05-07 16:20:32 | INF | CONTROLLER_EXEC | Acc= admin | IP=::1 | Path=ATT111001/GetList | Message=POST /ATT111001/GetList
2026-05-07 16:20:32 | INF | ACTION_TRACE | Acc=admin | Path=/ATT111001/GetList | IP=::1 | Start=2026-05-07 16:20:32.435 | Elapsed=5ms | Status=Completed
2026-05-07 16:20:39 | INF | ACTION_TRACE | Acc=admin | Path=/.well-known/appspecific/com.chrome.devtools.json | IP=::1 | Start=2026-05-07 16:20:39.590 | Elapsed=0ms | Status=Completed
2026-05-07 16:20:39 | INF | ACTION_TRACE | Acc=admin | Path=/lib/html-to-image/html-to-image.js.map | IP=::1 | Start=2026-05-07 16:20:39.603 | Elapsed=0ms | Status=Completed
2026-05-07 16:20:42 | INF | ACTION_TRACE | Acc=admin | Path=/.well-known/appspecific/com.chrome.devtools.json | IP=::1 | Start=2026-05-07 16:20:42.286 | Elapsed=0ms | Status=Completed
2026-05-07 16:20:42 | INF | ACTION_TRACE | Acc=admin | Path=/lib/html-to-image/html-to-image.js.map | IP=::1 | Start=2026-05-07 16:20:42.321 | Elapsed=0ms | Status=Completed
2026-05-07 16:20:44 | INF | ACTION_TRACE | Acc=admin | Path=/.well-known/appspecific/com.chrome.devtools.json | IP=::1 | Start=2026-05-07 16:20:44.844 | Elapsed=0ms | Status=Completed
2026-05-07 16:20:44 | INF | ACTION_TRACE | Acc=admin | Path=/lib/html-to-image/html-to-image.js.map | IP=::1 | Start=2026-05-07 16:20:44.877 | Elapsed=0ms | Status=Completed
2026-05-07 16:24:22 | INF | ACTION_TRACE | Acc=admin | Path=/Home/Index | IP=::1 | Start=2026-05-07 16:24:18.001 | Elapsed=4576ms | Status=Completed
2026-05-07 16:24:22 | INF | NETWORK_UNSTABLE | Acc=admin | Path=/Home/Index | Reason=SlowRequest 4576ms
2026-05-07 16:24:24 | INF | ACTION_TRACE | Acc=admin | Path=/Home/GetMenu | IP=::1 | Start=2026-05-07 16:24:24.508 | Elapsed=59ms | Status=Completed
2026-05-07 16:24:26 | INF | CONTROLLER_EXEC | Acc= admin | IP=::1 | Path=ATT111001/ATT111001 | Message=GET /ATT111001/ATT111001
2026-05-07 16:24:26 | INF | ACTION_TRACE | Acc=admin | Path=/ATT111001/ATT111001 | IP=::1 | Start=2026-05-07 16:24:26.124 | Elapsed=4ms | Status=Completed
2026-05-07 16:24:26 | INF | CONTROLLER_EXEC | Acc= admin | IP=::1 | Path=ATT111001/GetList | Message=POST /ATT111001/GetList
2026-05-07 16:24:26 | INF | ACTION_TRACE | Acc=admin | Path=/ATT111001/GetList | IP=::1 | Start=2026-05-07 16:24:26.163 | Elapsed=9ms | Status=Completed
2026-05-07 16:24:29 | INF | ACTION_TRACE | Acc=admin | Path=/.well-known/appspecific/com.chrome.devtools.json | IP=::1 | Start=2026-05-07 16:24:29.137 | Elapsed=0ms | Status=Completed
2026-05-07 16:24:29 | INF | ACTION_TRACE | Acc=admin | Path=/lib/html-to-image/html-to-image.js.map | IP=::1 | Start=2026-05-07 16:24:29.184 | Elapsed=0ms | Status=Completed
2026-05-07 16:26:26 | INF | ACTION_TRACE | Acc=admin | Path=/Home/Index | IP=::1 | Start=2026-05-07 16:26:26.518 | Elapsed=22ms | Status=Completed
2026-05-07 16:26:30 | INF | ACTION_TRACE | Acc=admin | Path=/Home/Index | IP=::1 | Start=2026-05-07 16:26:30.158 | Elapsed=16ms | Status=Completed
2026-05-07 16:26:36 | INF | ACTION_TRACE | Acc=admin | Path=/Home/Index | IP=::1 | Start=2026-05-07 16:26:36.112 | Elapsed=99ms | Status=Completed
2026-05-07 16:26:44 | INF | ACTION_TRACE | Acc=admin | Path=/Home/GetMenu | IP=::1 | Start=2026-05-07 16:26:44.777 | Elapsed=45ms | Status=Completed
2026-05-07 16:26:46 | INF | CONTROLLER_EXEC | Acc= admin | IP=::1 | Path=ATT111001/ATT111001 | Message=GET /ATT111001/ATT111001
2026-05-07 16:26:46 | INF | ACTION_TRACE | Acc=admin | Path=/ATT111001/ATT111001 | IP=::1 | Start=2026-05-07 16:26:46.754 | Elapsed=49ms | Status=Completed
2026-05-07 16:26:46 | INF | CONTROLLER_EXEC | Acc= admin | IP=::1 | Path=ATT111001/GetList | Message=POST /ATT111001/GetList
2026-05-07 16:26:46 | INF | ACTION_TRACE | Acc=admin | Path=/ATT111001/GetList | IP=::1 | Start=2026-05-07 16:26:46.841 | Elapsed=156ms | Status=Completed
2026-05-07 16:27:02 | INF | ACTION_TRACE | Acc=admin | Path=/Home/Index | IP=::1 | Start=2026-05-07 16:27:02.454 | Elapsed=112ms | Status=Completed
2026-05-07 16:27:03 | INF | ACTION_TRACE | Acc=admin | Path=/Home/GetMenu | IP=::1 | Start=2026-05-07 16:27:03.518 | Elapsed=154ms | Status=Completed
2026-05-07 16:27:05 | INF | CONTROLLER_EXEC | Acc= admin | IP=::1 | Path=ATT111001/ATT111001 | Message=GET /ATT111001/ATT111001
2026-05-07 16:27:05 | INF | ACTION_TRACE | Acc=admin | Path=/ATT111001/ATT111001 | IP=::1 | Start=2026-05-07 16:27:05.081 | Elapsed=3ms | Status=Completed
2026-05-07 16:27:05 | INF | CONTROLLER_EXEC | Acc= admin | IP=::1 | Path=ATT111001/GetList | Message=POST /ATT111001/GetList
2026-05-07 16:27:05 | INF | ACTION_TRACE | Acc=admin | Path=/ATT111001/GetList | IP=::1 | Start=2026-05-07 16:27:05.122 | Elapsed=6ms | Status=Completed
2026-05-07 16:27:27 | INF | ACTION_TRACE | Acc=admin | Path=/Home/Index | IP=::1 | Start=2026-05-07 16:27:27.789 | Elapsed=150ms | Status=Completed
2026-05-07 16:27:29 | INF | ACTION_TRACE | Acc=admin | Path=/Home/GetMenu | IP=::1 | Start=2026-05-07 16:27:29.509 | Elapsed=7ms | Status=Completed
2026-05-07 16:27:32 | INF | CONTROLLER_EXEC | Acc= admin | IP=::1 | Path=ATT111001/ATT111001 | Message=GET /ATT111001/ATT111001
2026-05-07 16:27:32 | INF | ACTION_TRACE | Acc=admin | Path=/ATT111001/ATT111001 | IP=::1 | Start=2026-05-07 16:27:32.710 | Elapsed=4ms | Status=Completed
2026-05-07 16:27:32 | INF | CONTROLLER_EXEC | Acc= admin | IP=::1 | Path=ATT111001/GetList | Message=POST /ATT111001/GetList
2026-05-07 16:27:32 | INF | ACTION_TRACE | Acc=admin | Path=/ATT111001/GetList | IP=::1 | Start=2026-05-07 16:27:32.742 | Elapsed=4ms | Status=Completed
2026-05-07 16:27:35 | INF | ACTION_TRACE | Acc=admin | Path=/.well-known/appspecific/com.chrome.devtools.json | IP=::1 | Start=2026-05-07 16:27:35.097 | Elapsed=0ms | Status=Completed
2026-05-07 16:27:35 | INF | ACTION_TRACE | Acc=admin | Path=/lib/html-to-image/html-to-image.js.map | IP=::1 | Start=2026-05-07 16:27:35.152 | Elapsed=0ms | Status=Completed
2026-05-07 16:29:36 | INF | ACTION_TRACE | Acc=admin | Path=/Home/Index | IP=::1 | Start=2026-05-07 16:29:36.188 | Elapsed=20ms | Status=Completed
2026-05-07 16:29:37 | INF | ACTION_TRACE | Acc=admin | Path=/Home/GetMenu | IP=::1 | Start=2026-05-07 16:29:37.588 | Elapsed=56ms | Status=Completed
2026-05-07 16:29:39 | INF | CONTROLLER_EXEC | Acc= admin | IP=::1 | Path=ATT111001/ATT111001 | Message=GET /ATT111001/ATT111001
2026-05-07 16:29:39 | INF | ACTION_TRACE | Acc=admin | Path=/ATT111001/ATT111001 | IP=::1 | Start=2026-05-07 16:29:39.694 | Elapsed=4ms | Status=Completed
2026-05-07 16:29:39 | INF | CONTROLLER_EXEC | Acc= admin | IP=::1 | Path=ATT111001/GetList | Message=POST /ATT111001/GetList
2026-05-07 16:29:39 | INF | ACTION_TRACE | Acc=admin | Path=/ATT111001/GetList | IP=::1 | Start=2026-05-07 16:29:39.734 | Elapsed=8ms | Status=Completed
2026-05-07 16:34:52 | INF | ACTION_TRACE | Acc=admin | Path=/Home/Index | IP=::1 | Start=2026-05-07 16:34:47.432 | Elapsed=4597ms | Status=Completed
2026-05-07 16:34:52 | INF | NETWORK_UNSTABLE | Acc=admin | Path=/Home/Index | Reason=SlowRequest 4597ms
2026-05-07 16:34:57 | INF | ACTION_TRACE | Acc=admin | Path=/Home/GetMenu | IP=::1 | Start=2026-05-07 16:34:57.591 | Elapsed=46ms | Status=Completed
2026-05-07 16:34:59 | INF | CONTROLLER_EXEC | Acc= admin | IP=::1 | Path=ATT111001/ATT111001 | Message=GET /ATT111001/ATT111001
2026-05-07 16:34:59 | INF | ACTION_TRACE | Acc=admin | Path=/ATT111001/ATT111001 | IP=::1 | Start=2026-05-07 16:34:59.660 | Elapsed=3ms | Status=Completed
2026-05-07 16:34:59 | INF | CONTROLLER_EXEC | Acc= admin | IP=::1 | Path=ATT111001/GetList | Message=POST /ATT111001/GetList
2026-05-07 16:34:59 | INF | ACTION_TRACE | Acc=admin | Path=/ATT111001/GetList | IP=::1 | Start=2026-05-07 16:34:59.706 | Elapsed=40ms | Status=Completed
2026-05-07 16:37:16 | WRN | No store type was specified for the decimal property 'OveMoney' on entity type 'HROvertime'. This will cause values to be silently truncated if they do not fit in the default precision and scale. Explicitly specify the SQL server column type that can accommodate all the values in 'OnModelCreating' using 'HasColumnType', specify precision and scale using 'HasPrecision', or configure a value converter using 'HasConversion'.
2026-05-07 16:37:16 | WRN | No store type was specified for the decimal property 'Wag1D1Hour' on entity type 'HRWage'. This will cause values to be silently truncated if they do not fit in the default precision and scale. Explicitly specify the SQL server column type that can accommodate all the values in 'OnModelCreating' using 'HasColumnType', specify precision and scale using 'HasPrecision', or configure a value converter using 'HasConversion'.
2026-05-07 16:37:16 | WRN | No store type was specified for the decimal property 'Wag2D1Hour' on entity type 'HRWage'. This will cause values to be silently truncated if they do not fit in the default precision and scale. Explicitly specify the SQL server column type that can accommodate all the values in 'OnModelCreating' using 'HasColumnType', specify precision and scale using 'HasPrecision', or configure a value converter using 'HasConversion'.
2026-05-07 16:37:16 | WRN | No store type was specified for the decimal property 'Wag4D3Hour' on entity type 'HRWage'. This will cause values to be silently truncated if they do not fit in the default precision and scale. Explicitly specify the SQL server column type that can accommodate all the values in 'OnModelCreating' using 'HasColumnType', specify precision and scale using 'HasPrecision', or configure a value converter using 'HasConversion'.
2026-05-07 16:37:16 | WRN | No store type was specified for the decimal property 'Wag5D3Hour' on entity type 'HRWage'. This will cause values to be silently truncated if they do not fit in the default precision and scale. Explicitly specify the SQL server column type that can accommodate all the values in 'OnModelCreating' using 'HasColumnType', specify precision and scale using 'HasPrecision', or configure a value converter using 'HasConversion'.
2026-05-07 16:37:16 | WRN | No store type was specified for the decimal property 'Wag8D3Hour' on entity type 'HRWage'. This will cause values to be silently truncated if they do not fit in the default precision and scale. Explicitly specify the SQL server column type that can accommodate all the values in 'OnModelCreating' using 'HasColumnType', specify precision and scale using 'HasPrecision', or configure a value converter using 'HasConversion'.
2026-05-07 16:37:16 | WRN | No store type was specified for the decimal property 'WagApplyHour' on entity type 'HRWage'. This will cause values to be silently truncated if they do not fit in the default precision and scale. Explicitly specify the SQL server column type that can accommodate all the values in 'OnModelCreating' using 'HasColumnType', specify precision and scale using 'HasPrecision', or configure a value converter using 'HasConversion'.
2026-05-07 16:37:16 | WRN | No store type was specified for the decimal property 'WagIssueHour' on entity type 'HRWage'. This will cause values to be silently truncated if they do not fit in the default precision and scale. Explicitly specify the SQL server column type that can accommodate all the values in 'OnModelCreating' using 'HasColumnType', specify precision and scale using 'HasPrecision', or configure a value converter using 'HasConversion'.
2026-05-07 16:37:16 | WRN | No store type was specified for the decimal property 'WagSubtotal' on entity type 'HRWage'. This will cause values to be silently truncated if they do not fit in the default precision and scale. Explicitly specify the SQL server column type that can accommodate all the values in 'OnModelCreating' using 'HasColumnType', specify precision and scale using 'HasPrecision', or configure a value converter using 'HasConversion'.
2026-05-07 16:37:21 | WRN | The query uses the 'First'/'FirstOrDefault' operator without 'OrderBy' and filter operators. This may lead to unpredictable results.
2026-05-07 16:37:22 | INF | ACTION_TRACE | Acc=admin | Path=/ | IP=::1 | Start=2026-05-07 16:37:15.181 | Elapsed=6948ms | Status=Completed
2026-05-07 16:37:22 | INF | NETWORK_UNSTABLE | Acc=admin | Path=/ | Reason=SlowRequest 6948ms
2026-05-07 16:37:22 | INF | ACTION_TRACE | Acc=admin | Path=/Captcha/Generate | IP=::1 | Start=2026-05-07 16:37:22.732 | Elapsed=48ms | Status=Completed
2026-05-07 16:37:22 | INF | ACTION_TRACE | Acc=admin | Path=/DNTCaptchaImage/Show | IP=::1 | Start=2026-05-07 16:37:22.792 | Elapsed=121ms | Status=Completed
2026-05-07 16:37:32 | INF | ACTION_TRACE | Acc=admin | Path=/Account/Login | IP=::1 | Start=2026-05-07 16:37:26.024 | Elapsed=6947ms | Status=Completed
2026-05-07 16:37:32 | INF | NETWORK_UNSTABLE | Acc=admin | Path=/Account/Login | Reason=SlowRequest 6947ms
2026-05-07 16:37:33 | INF | ACTION_TRACE | Acc=admin | Path=/Home/Index | IP=::1 | Start=2026-05-07 16:37:32.986 | Elapsed=264ms | Status=Completed
2026-05-07 16:37:37 | INF | ACTION_TRACE | Acc=admin | Path=/Home/GetMenu | IP=::1 | Start=2026-05-07 16:37:37.125 | Elapsed=47ms | Status=Completed
2026-05-07 16:37:42 | INF | CONTROLLER_EXEC | Acc= admin | IP=::1 | Path=ATT111001/ATT111001 | Message=GET /ATT111001/ATT111001
2026-05-07 16:37:42 | INF | ACTION_TRACE | Acc=admin | Path=/ATT111001/ATT111001 | IP=::1 | Start=2026-05-07 16:37:42.046 | Elapsed=74ms | Status=Completed
2026-05-07 16:37:42 | INF | CONTROLLER_EXEC | Acc= admin | IP=::1 | Path=ATT111001/GetList | Message=POST /ATT111001/GetList
2026-05-07 16:37:42 | INF | ACTION_TRACE | Acc=admin | Path=/ATT111001/GetList | IP=::1 | Start=2026-05-07 16:37:42.161 | Elapsed=127ms | Status=Completed
2026-05-07 16:37:47 | INF | ACTION_TRACE | Acc=admin | Path=/.well-known/appspecific/com.chrome.devtools.json | IP=::1 | Start=2026-05-07 16:37:47.548 | Elapsed=0ms | Status=Completed
2026-05-07 16:37:47 | INF | ACTION_TRACE | Acc=admin | Path=/lib/html-to-image/html-to-image.js.map | IP=::1 | Start=2026-05-07 16:37:47.598 | Elapsed=0ms | Status=Completed
2026-05-07 16:37:49 | INF | ACTION_TRACE | Acc=admin | Path=/.well-known/appspecific/com.chrome.devtools.json | IP=::1 | Start=2026-05-07 16:37:49.266 | Elapsed=0ms | Status=Completed
2026-05-07 16:37:49 | INF | ACTION_TRACE | Acc=admin | Path=/lib/html-to-image/html-to-image.js.map | IP=::1 | Start=2026-05-07 16:37:49.294 | Elapsed=0ms | Status=Completed
2026-05-07 16:37:50 | INF | ACTION_TRACE | Acc=admin | Path=/.well-known/appspecific/com.chrome.devtools.json | IP=::1 | Start=2026-05-07 16:37:50.476 | Elapsed=0ms | Status=Completed
2026-05-07 16:37:50 | INF | ACTION_TRACE | Acc=admin | Path=/lib/html-to-image/html-to-image.js.map | IP=::1 | Start=2026-05-07 16:37:50.507 | Elapsed=0ms | Status=Completed
2026-05-07 16:39:47 | INF | ACTION_TRACE | Acc=admin | Path=/Home/Index | IP=::1 | Start=2026-05-07 16:39:47.759 | Elapsed=45ms | Status=Completed
2026-05-07 16:39:50 | INF | ACTION_TRACE | Acc=admin | Path=/.well-known/appspecific/com.chrome.devtools.json | IP=::1 | Start=2026-05-07 16:39:50.172 | Elapsed=0ms | Status=Completed
2026-05-07 16:39:50 | INF | ACTION_TRACE | Acc=admin | Path=/lib/html-to-image/html-to-image.js.map | IP=::1 | Start=2026-05-07 16:39:50.209 | Elapsed=0ms | Status=Completed
2026-05-07 16:39:52 | INF | ACTION_TRACE | Acc=admin | Path=/Home/Index | IP=::1 | Start=2026-05-07 16:39:52.600 | Elapsed=61ms | Status=Completed
2026-05-07 16:39:52 | INF | ACTION_TRACE | Acc=admin | Path=/.well-known/appspecific/com.chrome.devtools.json | IP=::1 | Start=2026-05-07 16:39:52.706 | Elapsed=0ms | Status=Completed
2026-05-07 16:39:52 | INF | ACTION_TRACE | Acc=admin | Path=/lib/html-to-image/html-to-image.js.map | IP=::1 | Start=2026-05-07 16:39:52.851 | Elapsed=0ms | Status=Completed
2026-05-07 16:39:55 | INF | ACTION_TRACE | Acc=admin | Path=/Home/GetMenu | IP=::1 | Start=2026-05-07 16:39:55.198 | Elapsed=47ms | Status=Completed
2026-05-07 16:39:59 | INF | CONTROLLER_EXEC | Acc= admin | IP=::1 | Path=ATT111001/ATT111001 | Message=GET /ATT111001/ATT111001
2026-05-07 16:39:59 | INF | ACTION_TRACE | Acc=admin | Path=/ATT111001/ATT111001 | IP=::1 | Start=2026-05-07 16:39:59.229 | Elapsed=7ms | Status=Completed
2026-05-07 16:39:59 | INF | CONTROLLER_EXEC | Acc= admin | IP=::1 | Path=ATT111001/GetList | Message=POST /ATT111001/GetList
2026-05-07 16:39:59 | INF | ACTION_TRACE | Acc=admin | Path=/ATT111001/GetList | IP=::1 | Start=2026-05-07 16:39:59.278 | Elapsed=54ms | Status=Completed
2026-05-07 16:46:25 | INF | ACTION_TRACE | Acc=admin | Path=/Home/Index | IP=::1 | Start=2026-05-07 16:46:20.808 | Elapsed=4598ms | Status=Completed
2026-05-07 16:46:25 | INF | NETWORK_UNSTABLE | Acc=admin | Path=/Home/Index | Reason=SlowRequest 4598ms
2026-05-07 16:46:27 | INF | ACTION_TRACE | Acc=admin | Path=/Home/GetMenu | IP=::1 | Start=2026-05-07 16:46:27.662 | Elapsed=42ms | Status=Completed
2026-05-07 16:46:29 | INF | CONTROLLER_EXEC | Acc= admin | IP=::1 | Path=ATT111001/ATT111001 | Message=GET /ATT111001/ATT111001
2026-05-07 16:46:29 | INF | ACTION_TRACE | Acc=admin | Path=/ATT111001/ATT111001 | IP=::1 | Start=2026-05-07 16:46:28.996 | Elapsed=6ms | Status=Completed
2026-05-07 16:46:29 | INF | CONTROLLER_EXEC | Acc= admin | IP=::1 | Path=ATT111001/GetList | Message=POST /ATT111001/GetList
2026-05-07 16:46:29 | INF | ACTION_TRACE | Acc=admin | Path=/ATT111001/GetList | IP=::1 | Start=2026-05-07 16:46:29.039 | Elapsed=33ms | Status=Completed
2026-05-07 16:51:58 | INF | ACTION_TRACE | Acc=admin | Path=/Home/Index | IP=::1 | Start=2026-05-07 16:51:53.562 | Elapsed=4583ms | Status=Completed
2026-05-07 16:51:58 | INF | NETWORK_UNSTABLE | Acc=admin | Path=/Home/Index | Reason=SlowRequest 4583ms
2026-05-07 16:52:01 | INF | ACTION_TRACE | Acc=admin | Path=/Home/GetMenu | IP=::1 | Start=2026-05-07 16:52:01.700 | Elapsed=53ms | Status=Completed
2026-05-07 16:52:04 | INF | CONTROLLER_EXEC | Acc= admin | IP=::1 | Path=ATT111001/ATT111001 | Message=GET /ATT111001/ATT111001
2026-05-07 16:52:04 | INF | ACTION_TRACE | Acc=admin | Path=/ATT111001/ATT111001 | IP=::1 | Start=2026-05-07 16:52:04.107 | Elapsed=3ms | Status=Completed
2026-05-07 16:52:04 | INF | CONTROLLER_EXEC | Acc= admin | IP=::1 | Path=ATT111001/GetList | Message=POST /ATT111001/GetList
2026-05-07 16:52:04 | INF | ACTION_TRACE | Acc=admin | Path=/ATT111001/GetList | IP=::1 | Start=2026-05-07 16:52:04.180 | Elapsed=8ms | Status=Completed
2026-05-07 16:52:56 | INF | ACTION_TRACE | Acc=admin | Path=/Home/Index | IP=::1 | Start=2026-05-07 16:52:56.773 | Elapsed=15ms | Status=Completed
2026-05-07 16:52:58 | INF | ACTION_TRACE | Acc=admin | Path=/Home/GetMenu | IP=::1 | Start=2026-05-07 16:52:58.315 | Elapsed=65ms | Status=Completed
2026-05-07 16:52:59 | INF | CONTROLLER_EXEC | Acc= admin | IP=::1 | Path=ATT111001/ATT111001 | Message=GET /ATT111001/ATT111001
2026-05-07 16:52:59 | INF | ACTION_TRACE | Acc=admin | Path=/ATT111001/ATT111001 | IP=::1 | Start=2026-05-07 16:52:59.727 | Elapsed=4ms | Status=Completed
2026-05-07 16:52:59 | INF | CONTROLLER_EXEC | Acc= admin | IP=::1 | Path=ATT111001/GetList | Message=POST /ATT111001/GetList
2026-05-07 16:52:59 | INF | ACTION_TRACE | Acc=admin | Path=/ATT111001/GetList | IP=::1 | Start=2026-05-07 16:52:59.767 | Elapsed=6ms | Status=Completed
2026-05-07 16:53:46 | INF | CONTROLLER_EXEC | Acc= admin | IP=::1 | Path=ATT111001/GetList | Message=POST /ATT111001/GetList
2026-05-07 16:53:46 | INF | ACTION_TRACE | Acc=admin | Path=/ATT111001/GetList | IP=::1 | Start=2026-05-07 16:53:46.608 | Elapsed=15ms | Status=Completed
2026-05-07 16:54:34 | INF | ACTION_TRACE | Acc=admin | Path=/Home/Index | IP=::1 | Start=2026-05-07 16:54:34.767 | Elapsed=27ms | Status=Completed
2026-05-07 16:54:37 | INF | ACTION_TRACE | Acc=admin | Path=/Home/GetMenu | IP=::1 | Start=2026-05-07 16:54:37.204 | Elapsed=42ms | Status=Completed
2026-05-07 16:54:39 | INF | CONTROLLER_EXEC | Acc= admin | IP=::1 | Path=ATT111001/ATT111001 | Message=GET /ATT111001/ATT111001
2026-05-07 16:54:39 | INF | ACTION_TRACE | Acc=admin | Path=/ATT111001/ATT111001 | IP=::1 | Start=2026-05-07 16:54:39.319 | Elapsed=4ms | Status=Completed
2026-05-07 16:54:39 | INF | CONTROLLER_EXEC | Acc= admin | IP=::1 | Path=ATT111001/GetList | Message=POST /ATT111001/GetList
2026-05-07 16:54:39 | INF | ACTION_TRACE | Acc=admin | Path=/ATT111001/GetList | IP=::1 | Start=2026-05-07 16:54:39.367 | Elapsed=49ms | Status=Completed
2026-05-07 16:59:47 | INF | ACTION_TRACE | Acc=admin | Path=/Home/Index | IP=::1 | Start=2026-05-07 16:59:38.181 | Elapsed=9148ms | Status=Completed
2026-05-07 16:59:47 | INF | NETWORK_UNSTABLE | Acc=admin | Path=/Home/Index | Reason=SlowRequest 9148ms
2026-05-07 16:59:48 | INF | ACTION_TRACE | Acc=admin | Path=/Home/GetMenu | IP=::1 | Start=2026-05-07 16:59:48.856 | Elapsed=85ms | Status=Completed
2026-05-07 16:59:50 | INF | CONTROLLER_EXEC | Acc= admin | IP=::1 | Path=ATT111001/ATT111001 | Message=GET /ATT111001/ATT111001
2026-05-07 16:59:50 | INF | ACTION_TRACE | Acc=admin | Path=/ATT111001/ATT111001 | IP=::1 | Start=2026-05-07 16:59:50.416 | Elapsed=2ms | Status=Completed
2026-05-07 16:59:50 | INF | CONTROLLER_EXEC | Acc= admin | IP=::1 | Path=ATT111001/GetList | Message=POST /ATT111001/GetList
2026-05-07 16:59:50 | INF | ACTION_TRACE | Acc=admin | Path=/ATT111001/GetList | IP=::1 | Start=2026-05-07 16:59:50.462 | Elapsed=24ms | Status=Completed
2026-05-07 17:01:03 | INF | ACTION_TRACE | Acc=admin | Path=/Home/Index | IP=::1 | Start=2026-05-07 17:01:03.599 | Elapsed=22ms | Status=Completed
2026-05-07 17:01:04 | INF | ACTION_TRACE | Acc=admin | Path=/Home/GetMenu | IP=::1 | Start=2026-05-07 17:01:04.821 | Elapsed=48ms | Status=Completed
2026-05-07 17:01:05 | INF | CONTROLLER_EXEC | Acc= admin | IP=::1 | Path=ATT111001/ATT111001 | Message=GET /ATT111001/ATT111001
2026-05-07 17:01:05 | INF | ACTION_TRACE | Acc=admin | Path=/ATT111001/ATT111001 | IP=::1 | Start=2026-05-07 17:01:05.849 | Elapsed=4ms | Status=Completed
2026-05-07 17:01:05 | INF | CONTROLLER_EXEC | Acc= admin | IP=::1 | Path=ATT111001/GetList | Message=POST /ATT111001/GetList
2026-05-07 17:01:05 | INF | ACTION_TRACE | Acc=admin | Path=/ATT111001/GetList | IP=::1 | Start=2026-05-07 17:01:05.887 | Elapsed=53ms | Status=Completed
2026-05-07 17:01:15 | INF | ACTION_TRACE | Acc=admin | Path=/Home/Index | IP=::1 | Start=2026-05-07 17:01:15.268 | Elapsed=11ms | Status=Completed
2026-05-07 17:01:16 | INF | ACTION_TRACE | Acc=admin | Path=/Home/GetMenu | IP=::1 | Start=2026-05-07 17:01:16.785 | Elapsed=57ms | Status=Completed
2026-05-07 17:01:17 | INF | CONTROLLER_EXEC | Acc= admin | IP=::1 | Path=ATT111001/ATT111001 | Message=GET /ATT111001/ATT111001
2026-05-07 17:01:17 | INF | ACTION_TRACE | Acc=admin | Path=/ATT111001/ATT111001 | IP=::1 | Start=2026-05-07 17:01:17.764 | Elapsed=3ms | Status=Completed
2026-05-07 17:01:17 | INF | CONTROLLER_EXEC | Acc= admin | IP=::1 | Path=ATT111001/GetList | Message=POST /ATT111001/GetList
2026-05-07 17:01:17 | INF | ACTION_TRACE | Acc=admin | Path=/ATT111001/GetList | IP=::1 | Start=2026-05-07 17:01:17.796 | Elapsed=6ms | Status=Completed
2026-05-07 17:02:27 | INF | ACTION_TRACE | Acc=admin | Path=/Home/Index | IP=::1 | Start=2026-05-07 17:02:27.582 | Elapsed=51ms | Status=Completed
2026-05-07 17:02:28 | INF | ACTION_TRACE | Acc=admin | Path=/Home/GetMenu | IP=::1 | Start=2026-05-07 17:02:28.827 | Elapsed=129ms | Status=Completed
2026-05-07 17:02:30 | INF | CONTROLLER_EXEC | Acc= admin | IP=::1 | Path=ATT111001/ATT111001 | Message=GET /ATT111001/ATT111001
2026-05-07 17:02:30 | INF | ACTION_TRACE | Acc=admin | Path=/ATT111001/ATT111001 | IP=::1 | Start=2026-05-07 17:02:30.120 | Elapsed=2ms | Status=Completed
2026-05-07 17:02:30 | INF | CONTROLLER_EXEC | Acc= admin | IP=::1 | Path=ATT111001/GetList | Message=POST /ATT111001/GetList
2026-05-07 17:02:30 | INF | ACTION_TRACE | Acc=admin | Path=/ATT111001/GetList | IP=::1 | Start=2026-05-07 17:02:30.154 | Elapsed=4ms | Status=Completed
2026-05-07 17:02:44 | INF | ACTION_TRACE | Acc=admin | Path=/Home/Index | IP=::1 | Start=2026-05-07 17:02:44.405 | Elapsed=18ms | Status=Completed
2026-05-07 17:02:55 | INF | ACTION_TRACE | Acc=admin | Path=/Home/Index | IP=::1 | Start=2026-05-07 17:02:55.139 | Elapsed=59ms | Status=Completed
2026-05-07 17:02:56 | INF | ACTION_TRACE | Acc=admin | Path=/Home/GetMenu | IP=::1 | Start=2026-05-07 17:02:56.212 | Elapsed=90ms | Status=Completed
2026-05-07 17:02:57 | INF | CONTROLLER_EXEC | Acc= admin | IP=::1 | Path=ATT111001/ATT111001 | Message=GET /ATT111001/ATT111001
2026-05-07 17:02:57 | INF | ACTION_TRACE | Acc=admin | Path=/ATT111001/ATT111001 | IP=::1 | Start=2026-05-07 17:02:57.287 | Elapsed=5ms | Status=Completed
2026-05-07 17:02:57 | INF | CONTROLLER_EXEC | Acc= admin | IP=::1 | Path=ATT111001/GetList | Message=POST /ATT111001/GetList
2026-05-07 17:02:57 | INF | ACTION_TRACE | Acc=admin | Path=/ATT111001/GetList | IP=::1 | Start=2026-05-07 17:02:57.328 | Elapsed=110ms | Status=Completed
2026-05-07 17:03:11 | INF | ACTION_TRACE | Acc=admin | Path=/Home/Index | IP=::1 | Start=2026-05-07 17:03:11.193 | Elapsed=17ms | Status=Completed
2026-05-07 17:03:15 | INF | ACTION_TRACE | Acc=admin | Path=/Home/GetMenu | IP=::1 | Start=2026-05-07 17:03:15.827 | Elapsed=38ms | Status=Completed
2026-05-07 17:03:17 | INF | CONTROLLER_EXEC | Acc= admin | IP=::1 | Path=ATT111001/ATT111001 | Message=GET /ATT111001/ATT111001
2026-05-07 17:03:17 | INF | ACTION_TRACE | Acc=admin | Path=/ATT111001/ATT111001 | IP=::1 | Start=2026-05-07 17:03:17.324 | Elapsed=2ms | Status=Completed
2026-05-07 17:03:17 | INF | CONTROLLER_EXEC | Acc= admin | IP=::1 | Path=ATT111001/GetList | Message=POST /ATT111001/GetList
2026-05-07 17:03:17 | INF | ACTION_TRACE | Acc=admin | Path=/ATT111001/GetList | IP=::1 | Start=2026-05-07 17:03:17.361 | Elapsed=3ms | Status=Completed
2026-05-07 17:03:26 | INF | ACTION_TRACE | Acc=admin | Path=/Home/Index | IP=::1 | Start=2026-05-07 17:03:26.358 | Elapsed=12ms | Status=Completed
2026-05-07 17:03:27 | INF | ACTION_TRACE | Acc=admin | Path=/Home/GetMenu | IP=::1 | Start=2026-05-07 17:03:27.604 | Elapsed=6ms | Status=Completed
2026-05-07 17:03:28 | INF | CONTROLLER_EXEC | Acc= admin | IP=::1 | Path=ATT111001/ATT111001 | Message=GET /ATT111001/ATT111001
2026-05-07 17:03:28 | INF | ACTION_TRACE | Acc=admin | Path=/ATT111001/ATT111001 | IP=::1 | Start=2026-05-07 17:03:28.512 | Elapsed=2ms | Status=Completed
2026-05-07 17:03:28 | INF | CONTROLLER_EXEC | Acc= admin | IP=::1 | Path=ATT111001/GetList | Message=POST /ATT111001/GetList
2026-05-07 17:03:28 | INF | ACTION_TRACE | Acc=admin | Path=/ATT111001/GetList | IP=::1 | Start=2026-05-07 17:03:28.542 | Elapsed=3ms | Status=Completed
