2026-04-14 10:06:48 | WRN | No store type was specified for the decimal property 'OveMoney' on entity type 'HROvertime'. This will cause values to be silently truncated if they do not fit in the default precision and scale. Explicitly specify the SQL server column type that can accommodate all the values in 'OnModelCreating' using 'HasColumnType', specify precision and scale using 'HasPrecision', or configure a value converter using 'HasConversion'.
2026-04-14 10:06:48 | WRN | No store type was specified for the decimal property 'Wag1D1Hour' on entity type 'HRWage'. This will cause values to be silently truncated if they do not fit in the default precision and scale. Explicitly specify the SQL server column type that can accommodate all the values in 'OnModelCreating' using 'HasColumnType', specify precision and scale using 'HasPrecision', or configure a value converter using 'HasConversion'.
2026-04-14 10:06:48 | WRN | No store type was specified for the decimal property 'Wag2D1Hour' on entity type 'HRWage'. This will cause values to be silently truncated if they do not fit in the default precision and scale. Explicitly specify the SQL server column type that can accommodate all the values in 'OnModelCreating' using 'HasColumnType', specify precision and scale using 'HasPrecision', or configure a value converter using 'HasConversion'.
2026-04-14 10:06:48 | WRN | No store type was specified for the decimal property 'Wag4D3Hour' on entity type 'HRWage'. This will cause values to be silently truncated if they do not fit in the default precision and scale. Explicitly specify the SQL server column type that can accommodate all the values in 'OnModelCreating' using 'HasColumnType', specify precision and scale using 'HasPrecision', or configure a value converter using 'HasConversion'.
2026-04-14 10:06:48 | WRN | No store type was specified for the decimal property 'Wag5D3Hour' on entity type 'HRWage'. This will cause values to be silently truncated if they do not fit in the default precision and scale. Explicitly specify the SQL server column type that can accommodate all the values in 'OnModelCreating' using 'HasColumnType', specify precision and scale using 'HasPrecision', or configure a value converter using 'HasConversion'.
2026-04-14 10:06:48 | WRN | No store type was specified for the decimal property 'Wag8D3Hour' on entity type 'HRWage'. This will cause values to be silently truncated if they do not fit in the default precision and scale. Explicitly specify the SQL server column type that can accommodate all the values in 'OnModelCreating' using 'HasColumnType', specify precision and scale using 'HasPrecision', or configure a value converter using 'HasConversion'.
2026-04-14 10:06:48 | WRN | No store type was specified for the decimal property 'WagApplyHour' on entity type 'HRWage'. This will cause values to be silently truncated if they do not fit in the default precision and scale. Explicitly specify the SQL server column type that can accommodate all the values in 'OnModelCreating' using 'HasColumnType', specify precision and scale using 'HasPrecision', or configure a value converter using 'HasConversion'.
2026-04-14 10:06:48 | WRN | No store type was specified for the decimal property 'WagIssueHour' on entity type 'HRWage'. This will cause values to be silently truncated if they do not fit in the default precision and scale. Explicitly specify the SQL server column type that can accommodate all the values in 'OnModelCreating' using 'HasColumnType', specify precision and scale using 'HasPrecision', or configure a value converter using 'HasConversion'.
2026-04-14 10:06:48 | WRN | No store type was specified for the decimal property 'WagSubtotal' on entity type 'HRWage'. This will cause values to be silently truncated if they do not fit in the default precision and scale. Explicitly specify the SQL server column type that can accommodate all the values in 'OnModelCreating' using 'HasColumnType', specify precision and scale using 'HasPrecision', or configure a value converter using 'HasConversion'.
2026-04-14 10:06:54 | WRN | The query uses the 'First'/'FirstOrDefault' operator without 'OrderBy' and filter operators. This may lead to unpredictable results.
2026-04-14 10:06:55 | INF | ACTION_TRACE | Acc=admin | Path=/ | IP=::1 | Start=2026-04-14 10:06:47.751 | Elapsed=7516ms | Status=Completed
2026-04-14 10:06:55 | INF | NETWORK_UNSTABLE | Acc=admin | Path=/ | Reason=SlowRequest 7516ms
2026-04-14 10:06:55 | INF | ACTION_TRACE | Acc=admin | Path=/Captcha/Generate | IP=::1 | Start=2026-04-14 10:06:55.601 | Elapsed=49ms | Status=Completed
2026-04-14 10:06:55 | INF | ACTION_TRACE | Acc=admin | Path=/DNTCaptchaImage/Show | IP=::1 | Start=2026-04-14 10:06:55.663 | Elapsed=227ms | Status=Completed
2026-04-14 10:07:13 | INF | ACTION_TRACE | Acc=admin | Path=/AdminPortal/Account | IP=::1 | Start=2026-04-14 10:07:13.693 | Elapsed=0ms | Status=Completed
2026-04-14 10:13:25 | WRN | No store type was specified for the decimal property 'OveMoney' on entity type 'HROvertime'. This will cause values to be silently truncated if they do not fit in the default precision and scale. Explicitly specify the SQL server column type that can accommodate all the values in 'OnModelCreating' using 'HasColumnType', specify precision and scale using 'HasPrecision', or configure a value converter using 'HasConversion'.
2026-04-14 10:13:25 | WRN | No store type was specified for the decimal property 'Wag1D1Hour' on entity type 'HRWage'. This will cause values to be silently truncated if they do not fit in the default precision and scale. Explicitly specify the SQL server column type that can accommodate all the values in 'OnModelCreating' using 'HasColumnType', specify precision and scale using 'HasPrecision', or configure a value converter using 'HasConversion'.
2026-04-14 10:13:25 | WRN | No store type was specified for the decimal property 'Wag2D1Hour' on entity type 'HRWage'. This will cause values to be silently truncated if they do not fit in the default precision and scale. Explicitly specify the SQL server column type that can accommodate all the values in 'OnModelCreating' using 'HasColumnType', specify precision and scale using 'HasPrecision', or configure a value converter using 'HasConversion'.
2026-04-14 10:13:25 | WRN | No store type was specified for the decimal property 'Wag4D3Hour' on entity type 'HRWage'. This will cause values to be silently truncated if they do not fit in the default precision and scale. Explicitly specify the SQL server column type that can accommodate all the values in 'OnModelCreating' using 'HasColumnType', specify precision and scale using 'HasPrecision', or configure a value converter using 'HasConversion'.
2026-04-14 10:13:25 | WRN | No store type was specified for the decimal property 'Wag5D3Hour' on entity type 'HRWage'. This will cause values to be silently truncated if they do not fit in the default precision and scale. Explicitly specify the SQL server column type that can accommodate all the values in 'OnModelCreating' using 'HasColumnType', specify precision and scale using 'HasPrecision', or configure a value converter using 'HasConversion'.
2026-04-14 10:13:25 | WRN | No store type was specified for the decimal property 'Wag8D3Hour' on entity type 'HRWage'. This will cause values to be silently truncated if they do not fit in the default precision and scale. Explicitly specify the SQL server column type that can accommodate all the values in 'OnModelCreating' using 'HasColumnType', specify precision and scale using 'HasPrecision', or configure a value converter using 'HasConversion'.
2026-04-14 10:13:25 | WRN | No store type was specified for the decimal property 'WagApplyHour' on entity type 'HRWage'. This will cause values to be silently truncated if they do not fit in the default precision and scale. Explicitly specify the SQL server column type that can accommodate all the values in 'OnModelCreating' using 'HasColumnType', specify precision and scale using 'HasPrecision', or configure a value converter using 'HasConversion'.
2026-04-14 10:13:25 | WRN | No store type was specified for the decimal property 'WagIssueHour' on entity type 'HRWage'. This will cause values to be silently truncated if they do not fit in the default precision and scale. Explicitly specify the SQL server column type that can accommodate all the values in 'OnModelCreating' using 'HasColumnType', specify precision and scale using 'HasPrecision', or configure a value converter using 'HasConversion'.
2026-04-14 10:13:25 | WRN | No store type was specified for the decimal property 'WagSubtotal' on entity type 'HRWage'. This will cause values to be silently truncated if they do not fit in the default precision and scale. Explicitly specify the SQL server column type that can accommodate all the values in 'OnModelCreating' using 'HasColumnType', specify precision and scale using 'HasPrecision', or configure a value converter using 'HasConversion'.
2026-04-14 10:13:30 | WRN | The query uses the 'First'/'FirstOrDefault' operator without 'OrderBy' and filter operators. This may lead to unpredictable results.
2026-04-14 10:13:31 | INF | ACTION_TRACE | Acc=admin | Path=/ | IP=::1 | Start=2026-04-14 10:13:24.413 | Elapsed=7018ms | Status=Completed
2026-04-14 10:13:31 | INF | NETWORK_UNSTABLE | Acc=admin | Path=/ | Reason=SlowRequest 7018ms
2026-04-14 10:13:31 | INF | ACTION_TRACE | Acc=admin | Path=/Captcha/Generate | IP=::1 | Start=2026-04-14 10:13:31.630 | Elapsed=53ms | Status=Completed
2026-04-14 10:13:31 | INF | ACTION_TRACE | Acc=admin | Path=/DNTCaptchaImage/Show | IP=::1 | Start=2026-04-14 10:13:31.712 | Elapsed=200ms | Status=Completed
2026-04-14 10:17:34 | WRN | No store type was specified for the decimal property 'OveMoney' on entity type 'HROvertime'. This will cause values to be silently truncated if they do not fit in the default precision and scale. Explicitly specify the SQL server column type that can accommodate all the values in 'OnModelCreating' using 'HasColumnType', specify precision and scale using 'HasPrecision', or configure a value converter using 'HasConversion'.
2026-04-14 10:17:34 | WRN | No store type was specified for the decimal property 'Wag1D1Hour' on entity type 'HRWage'. This will cause values to be silently truncated if they do not fit in the default precision and scale. Explicitly specify the SQL server column type that can accommodate all the values in 'OnModelCreating' using 'HasColumnType', specify precision and scale using 'HasPrecision', or configure a value converter using 'HasConversion'.
2026-04-14 10:17:34 | WRN | No store type was specified for the decimal property 'Wag2D1Hour' on entity type 'HRWage'. This will cause values to be silently truncated if they do not fit in the default precision and scale. Explicitly specify the SQL server column type that can accommodate all the values in 'OnModelCreating' using 'HasColumnType', specify precision and scale using 'HasPrecision', or configure a value converter using 'HasConversion'.
2026-04-14 10:17:34 | WRN | No store type was specified for the decimal property 'Wag4D3Hour' on entity type 'HRWage'. This will cause values to be silently truncated if they do not fit in the default precision and scale. Explicitly specify the SQL server column type that can accommodate all the values in 'OnModelCreating' using 'HasColumnType', specify precision and scale using 'HasPrecision', or configure a value converter using 'HasConversion'.
2026-04-14 10:17:34 | WRN | No store type was specified for the decimal property 'Wag5D3Hour' on entity type 'HRWage'. This will cause values to be silently truncated if they do not fit in the default precision and scale. Explicitly specify the SQL server column type that can accommodate all the values in 'OnModelCreating' using 'HasColumnType', specify precision and scale using 'HasPrecision', or configure a value converter using 'HasConversion'.
2026-04-14 10:17:34 | WRN | No store type was specified for the decimal property 'Wag8D3Hour' on entity type 'HRWage'. This will cause values to be silently truncated if they do not fit in the default precision and scale. Explicitly specify the SQL server column type that can accommodate all the values in 'OnModelCreating' using 'HasColumnType', specify precision and scale using 'HasPrecision', or configure a value converter using 'HasConversion'.
2026-04-14 10:17:34 | WRN | No store type was specified for the decimal property 'WagApplyHour' on entity type 'HRWage'. This will cause values to be silently truncated if they do not fit in the default precision and scale. Explicitly specify the SQL server column type that can accommodate all the values in 'OnModelCreating' using 'HasColumnType', specify precision and scale using 'HasPrecision', or configure a value converter using 'HasConversion'.
2026-04-14 10:17:34 | WRN | No store type was specified for the decimal property 'WagIssueHour' on entity type 'HRWage'. This will cause values to be silently truncated if they do not fit in the default precision and scale. Explicitly specify the SQL server column type that can accommodate all the values in 'OnModelCreating' using 'HasColumnType', specify precision and scale using 'HasPrecision', or configure a value converter using 'HasConversion'.
2026-04-14 10:17:34 | WRN | No store type was specified for the decimal property 'WagSubtotal' on entity type 'HRWage'. This will cause values to be silently truncated if they do not fit in the default precision and scale. Explicitly specify the SQL server column type that can accommodate all the values in 'OnModelCreating' using 'HasColumnType', specify precision and scale using 'HasPrecision', or configure a value converter using 'HasConversion'.
2026-04-14 10:17:36 | INF | ACTION_TRACE | Acc=admin | Path=/AdminPortal/Account/Login | IP=::1 | Start=2026-04-14 10:17:36.712 | Elapsed=0ms | Status=Completed
2026-04-14 10:17:39 | WRN | The query uses the 'First'/'FirstOrDefault' operator without 'OrderBy' and filter operators. This may lead to unpredictable results.
2026-04-14 10:17:40 | INF | ACTION_TRACE | Acc=admin | Path=/ | IP=::1 | Start=2026-04-14 10:17:33.214 | Elapsed=6957ms | Status=Completed
2026-04-14 10:17:40 | INF | NETWORK_UNSTABLE | Acc=admin | Path=/ | Reason=SlowRequest 6957ms
2026-04-14 10:17:40 | INF | ACTION_TRACE | Acc=admin | Path=/Captcha/Generate | IP=::1 | Start=2026-04-14 10:17:40.322 | Elapsed=43ms | Status=Completed
2026-04-14 10:17:40 | INF | ACTION_TRACE | Acc=admin | Path=/DNTCaptchaImage/Show | IP=::1 | Start=2026-04-14 10:17:40.372 | Elapsed=110ms | Status=Completed
2026-04-14 10:17:41 | INF | ACTION_TRACE | Acc=admin | Path=/AdminPortal/Account/Login | IP=::1 | Start=2026-04-14 10:17:41.932 | Elapsed=0ms | Status=Completed
2026-04-14 10:31:25 | WRN | No store type was specified for the decimal property 'OveMoney' on entity type 'HROvertime'. This will cause values to be silently truncated if they do not fit in the default precision and scale. Explicitly specify the SQL server column type that can accommodate all the values in 'OnModelCreating' using 'HasColumnType', specify precision and scale using 'HasPrecision', or configure a value converter using 'HasConversion'.
2026-04-14 10:31:25 | WRN | No store type was specified for the decimal property 'Wag1D1Hour' on entity type 'HRWage'. This will cause values to be silently truncated if they do not fit in the default precision and scale. Explicitly specify the SQL server column type that can accommodate all the values in 'OnModelCreating' using 'HasColumnType', specify precision and scale using 'HasPrecision', or configure a value converter using 'HasConversion'.
2026-04-14 10:31:25 | WRN | No store type was specified for the decimal property 'Wag2D1Hour' on entity type 'HRWage'. This will cause values to be silently truncated if they do not fit in the default precision and scale. Explicitly specify the SQL server column type that can accommodate all the values in 'OnModelCreating' using 'HasColumnType', specify precision and scale using 'HasPrecision', or configure a value converter using 'HasConversion'.
2026-04-14 10:31:25 | WRN | No store type was specified for the decimal property 'Wag4D3Hour' on entity type 'HRWage'. This will cause values to be silently truncated if they do not fit in the default precision and scale. Explicitly specify the SQL server column type that can accommodate all the values in 'OnModelCreating' using 'HasColumnType', specify precision and scale using 'HasPrecision', or configure a value converter using 'HasConversion'.
2026-04-14 10:31:25 | WRN | No store type was specified for the decimal property 'Wag5D3Hour' on entity type 'HRWage'. This will cause values to be silently truncated if they do not fit in the default precision and scale. Explicitly specify the SQL server column type that can accommodate all the values in 'OnModelCreating' using 'HasColumnType', specify precision and scale using 'HasPrecision', or configure a value converter using 'HasConversion'.
2026-04-14 10:31:25 | WRN | No store type was specified for the decimal property 'Wag8D3Hour' on entity type 'HRWage'. This will cause values to be silently truncated if they do not fit in the default precision and scale. Explicitly specify the SQL server column type that can accommodate all the values in 'OnModelCreating' using 'HasColumnType', specify precision and scale using 'HasPrecision', or configure a value converter using 'HasConversion'.
2026-04-14 10:31:25 | WRN | No store type was specified for the decimal property 'WagApplyHour' on entity type 'HRWage'. This will cause values to be silently truncated if they do not fit in the default precision and scale. Explicitly specify the SQL server column type that can accommodate all the values in 'OnModelCreating' using 'HasColumnType', specify precision and scale using 'HasPrecision', or configure a value converter using 'HasConversion'.
2026-04-14 10:31:25 | WRN | No store type was specified for the decimal property 'WagIssueHour' on entity type 'HRWage'. This will cause values to be silently truncated if they do not fit in the default precision and scale. Explicitly specify the SQL server column type that can accommodate all the values in 'OnModelCreating' using 'HasColumnType', specify precision and scale using 'HasPrecision', or configure a value converter using 'HasConversion'.
2026-04-14 10:31:25 | WRN | No store type was specified for the decimal property 'WagSubtotal' on entity type 'HRWage'. This will cause values to be silently truncated if they do not fit in the default precision and scale. Explicitly specify the SQL server column type that can accommodate all the values in 'OnModelCreating' using 'HasColumnType', specify precision and scale using 'HasPrecision', or configure a value converter using 'HasConversion'.
2026-04-14 10:31:30 | WRN | The query uses the 'First'/'FirstOrDefault' operator without 'OrderBy' and filter operators. This may lead to unpredictable results.
2026-04-14 10:31:31 | INF | ACTION_TRACE | Acc=admin | Path=/ | IP=::1 | Start=2026-04-14 10:31:24.463 | Elapsed=6998ms | Status=Completed
2026-04-14 10:31:31 | INF | NETWORK_UNSTABLE | Acc=admin | Path=/ | Reason=SlowRequest 6998ms
2026-04-14 10:31:31 | INF | ACTION_TRACE | Acc=admin | Path=/Captcha/Generate | IP=::1 | Start=2026-04-14 10:31:31.632 | Elapsed=37ms | Status=Completed
2026-04-14 10:31:31 | INF | ACTION_TRACE | Acc=admin | Path=/DNTCaptchaImage/Show | IP=::1 | Start=2026-04-14 10:31:31.681 | Elapsed=144ms | Status=Completed
2026-04-14 10:31:50 | INF | ACTION_TRACE | Acc=admin | Path=/AdminPortal/Account/Login | IP=::1 | Start=2026-04-14 10:31:50.101 | Elapsed=0ms | Status=Completed
2026-04-14 14:02:10 | INF | ACTION_TRACE | Acc=admin | Path=/AdminPortal/Home/Index | IP=::1 | Start=2026-04-14 14:02:10.394 | Elapsed=115ms | Status=Completed
2026-04-14 14:02:14 | INF | ACTION_TRACE | Acc=admin | Path=/Basic | IP=::1 | Start=2026-04-14 14:02:14.291 | Elapsed=0ms | Status=Completed
2026-04-14 14:02:15 | INF | ACTION_TRACE | Acc=admin | Path=/Manage | IP=::1 | Start=2026-04-14 14:02:15.663 | Elapsed=0ms | Status=Completed
2026-04-14 15:11:30 | INF | ACTION_TRACE | Acc=admin | Path=/AdminPortal/Home/Index | IP=::1 | Start=2026-04-14 15:11:30.062 | Elapsed=128ms | Status=Completed
2026-04-14 15:11:47 | INF | ACTION_TRACE | Acc=admin | Path=/Basic | IP=::1 | Start=2026-04-14 15:11:47.867 | Elapsed=0ms | Status=Completed
2026-04-14 15:11:48 | INF | ACTION_TRACE | Acc=admin | Path=/Manage | IP=::1 | Start=2026-04-14 15:11:48.821 | Elapsed=0ms | Status=Completed
2026-04-14 15:19:31 | WRN | No store type was specified for the decimal property 'OveMoney' on entity type 'HROvertime'. This will cause values to be silently truncated if they do not fit in the default precision and scale. Explicitly specify the SQL server column type that can accommodate all the values in 'OnModelCreating' using 'HasColumnType', specify precision and scale using 'HasPrecision', or configure a value converter using 'HasConversion'.
2026-04-14 15:19:31 | WRN | No store type was specified for the decimal property 'Wag1D1Hour' on entity type 'HRWage'. This will cause values to be silently truncated if they do not fit in the default precision and scale. Explicitly specify the SQL server column type that can accommodate all the values in 'OnModelCreating' using 'HasColumnType', specify precision and scale using 'HasPrecision', or configure a value converter using 'HasConversion'.
2026-04-14 15:19:31 | WRN | No store type was specified for the decimal property 'Wag2D1Hour' on entity type 'HRWage'. This will cause values to be silently truncated if they do not fit in the default precision and scale. Explicitly specify the SQL server column type that can accommodate all the values in 'OnModelCreating' using 'HasColumnType', specify precision and scale using 'HasPrecision', or configure a value converter using 'HasConversion'.
2026-04-14 15:19:31 | WRN | No store type was specified for the decimal property 'Wag4D3Hour' on entity type 'HRWage'. This will cause values to be silently truncated if they do not fit in the default precision and scale. Explicitly specify the SQL server column type that can accommodate all the values in 'OnModelCreating' using 'HasColumnType', specify precision and scale using 'HasPrecision', or configure a value converter using 'HasConversion'.
2026-04-14 15:19:31 | WRN | No store type was specified for the decimal property 'Wag5D3Hour' on entity type 'HRWage'. This will cause values to be silently truncated if they do not fit in the default precision and scale. Explicitly specify the SQL server column type that can accommodate all the values in 'OnModelCreating' using 'HasColumnType', specify precision and scale using 'HasPrecision', or configure a value converter using 'HasConversion'.
2026-04-14 15:19:31 | WRN | No store type was specified for the decimal property 'Wag8D3Hour' on entity type 'HRWage'. This will cause values to be silently truncated if they do not fit in the default precision and scale. Explicitly specify the SQL server column type that can accommodate all the values in 'OnModelCreating' using 'HasColumnType', specify precision and scale using 'HasPrecision', or configure a value converter using 'HasConversion'.
2026-04-14 15:19:31 | WRN | No store type was specified for the decimal property 'WagApplyHour' on entity type 'HRWage'. This will cause values to be silently truncated if they do not fit in the default precision and scale. Explicitly specify the SQL server column type that can accommodate all the values in 'OnModelCreating' using 'HasColumnType', specify precision and scale using 'HasPrecision', or configure a value converter using 'HasConversion'.
2026-04-14 15:19:31 | WRN | No store type was specified for the decimal property 'WagIssueHour' on entity type 'HRWage'. This will cause values to be silently truncated if they do not fit in the default precision and scale. Explicitly specify the SQL server column type that can accommodate all the values in 'OnModelCreating' using 'HasColumnType', specify precision and scale using 'HasPrecision', or configure a value converter using 'HasConversion'.
2026-04-14 15:19:31 | WRN | No store type was specified for the decimal property 'WagSubtotal' on entity type 'HRWage'. This will cause values to be silently truncated if they do not fit in the default precision and scale. Explicitly specify the SQL server column type that can accommodate all the values in 'OnModelCreating' using 'HasColumnType', specify precision and scale using 'HasPrecision', or configure a value converter using 'HasConversion'.
2026-04-14 15:19:36 | WRN | The query uses the 'First'/'FirstOrDefault' operator without 'OrderBy' and filter operators. This may lead to unpredictable results.
2026-04-14 15:19:37 | INF | ACTION_TRACE | Acc=admin | Path=/ | IP=::1 | Start=2026-04-14 15:19:30.379 | Elapsed=7128ms | Status=Completed
2026-04-14 15:19:37 | INF | NETWORK_UNSTABLE | Acc=admin | Path=/ | Reason=SlowRequest 7128ms
2026-04-14 15:19:37 | INF | ACTION_TRACE | Acc=admin | Path=/Captcha/Generate | IP=::1 | Start=2026-04-14 15:19:37.726 | Elapsed=43ms | Status=Completed
2026-04-14 15:19:37 | INF | ACTION_TRACE | Acc=admin | Path=/DNTCaptchaImage/Show | IP=::1 | Start=2026-04-14 15:19:37.782 | Elapsed=108ms | Status=Completed
2026-04-14 15:19:56 | INF | ACTION_TRACE | Acc=admin | Path=/Account/Login | IP=::1 | Start=2026-04-14 15:19:49.873 | Elapsed=6419ms | Status=Completed
2026-04-14 15:19:56 | INF | NETWORK_UNSTABLE | Acc=admin | Path=/Account/Login | Reason=SlowRequest 6419ms
2026-04-14 15:19:56 | INF | ACTION_TRACE | Acc=admin | Path=/Home/Index | IP=::1 | Start=2026-04-14 15:19:56.308 | Elapsed=290ms | Status=Completed
2026-04-14 15:20:08 | INF | ACTION_TRACE | Acc=admin | Path=/Home/GetMenu | IP=::1 | Start=2026-04-14 15:20:08.490 | Elapsed=121ms | Status=Completed
2026-04-14 15:20:10 | INF | CONTROLLER_EXEC | Acc= admin | IP=::1 | Path=SYS201002/SYS201002 | Message=GET /SYS201002/SYS201002
2026-04-14 15:20:10 | INF | ACTION_TRACE | Acc=admin | Path=/SYS201002/SYS201002 | IP=::1 | Start=2026-04-14 15:20:10.840 | Elapsed=84ms | Status=Completed
2026-04-14 15:20:11 | INF | CONTROLLER_EXEC | Acc= admin | IP=::1 | Path=SYS201002/GetAllRoleList | Message=POST /SYS201002/GetAllRoleList
2026-04-14 15:20:11 | INF | ACTION_TRACE | Acc=admin | Path=/SYS201002/GetAllRoleList | IP=::1 | Start=2026-04-14 15:20:11.017 | Elapsed=133ms | Status=Completed
2026-04-14 15:21:00 | WRN | No store type was specified for the decimal property 'OveMoney' on entity type 'HROvertime'. This will cause values to be silently truncated if they do not fit in the default precision and scale. Explicitly specify the SQL server column type that can accommodate all the values in 'OnModelCreating' using 'HasColumnType', specify precision and scale using 'HasPrecision', or configure a value converter using 'HasConversion'.
2026-04-14 15:21:00 | WRN | No store type was specified for the decimal property 'Wag1D1Hour' on entity type 'HRWage'. This will cause values to be silently truncated if they do not fit in the default precision and scale. Explicitly specify the SQL server column type that can accommodate all the values in 'OnModelCreating' using 'HasColumnType', specify precision and scale using 'HasPrecision', or configure a value converter using 'HasConversion'.
2026-04-14 15:21:00 | WRN | No store type was specified for the decimal property 'Wag2D1Hour' on entity type 'HRWage'. This will cause values to be silently truncated if they do not fit in the default precision and scale. Explicitly specify the SQL server column type that can accommodate all the values in 'OnModelCreating' using 'HasColumnType', specify precision and scale using 'HasPrecision', or configure a value converter using 'HasConversion'.
2026-04-14 15:21:00 | WRN | No store type was specified for the decimal property 'Wag4D3Hour' on entity type 'HRWage'. This will cause values to be silently truncated if they do not fit in the default precision and scale. Explicitly specify the SQL server column type that can accommodate all the values in 'OnModelCreating' using 'HasColumnType', specify precision and scale using 'HasPrecision', or configure a value converter using 'HasConversion'.
2026-04-14 15:21:00 | WRN | No store type was specified for the decimal property 'Wag5D3Hour' on entity type 'HRWage'. This will cause values to be silently truncated if they do not fit in the default precision and scale. Explicitly specify the SQL server column type that can accommodate all the values in 'OnModelCreating' using 'HasColumnType', specify precision and scale using 'HasPrecision', or configure a value converter using 'HasConversion'.
2026-04-14 15:21:00 | WRN | No store type was specified for the decimal property 'Wag8D3Hour' on entity type 'HRWage'. This will cause values to be silently truncated if they do not fit in the default precision and scale. Explicitly specify the SQL server column type that can accommodate all the values in 'OnModelCreating' using 'HasColumnType', specify precision and scale using 'HasPrecision', or configure a value converter using 'HasConversion'.
2026-04-14 15:21:00 | WRN | No store type was specified for the decimal property 'WagApplyHour' on entity type 'HRWage'. This will cause values to be silently truncated if they do not fit in the default precision and scale. Explicitly specify the SQL server column type that can accommodate all the values in 'OnModelCreating' using 'HasColumnType', specify precision and scale using 'HasPrecision', or configure a value converter using 'HasConversion'.
2026-04-14 15:21:00 | WRN | No store type was specified for the decimal property 'WagIssueHour' on entity type 'HRWage'. This will cause values to be silently truncated if they do not fit in the default precision and scale. Explicitly specify the SQL server column type that can accommodate all the values in 'OnModelCreating' using 'HasColumnType', specify precision and scale using 'HasPrecision', or configure a value converter using 'HasConversion'.
2026-04-14 15:21:00 | WRN | No store type was specified for the decimal property 'WagSubtotal' on entity type 'HRWage'. This will cause values to be silently truncated if they do not fit in the default precision and scale. Explicitly specify the SQL server column type that can accommodate all the values in 'OnModelCreating' using 'HasColumnType', specify precision and scale using 'HasPrecision', or configure a value converter using 'HasConversion'.
2026-04-14 15:21:05 | WRN | The query uses the 'First'/'FirstOrDefault' operator without 'OrderBy' and filter operators. This may lead to unpredictable results.
2026-04-14 15:21:06 | INF | ACTION_TRACE | Acc=admin | Path=/ | IP=::1 | Start=2026-04-14 15:20:59.374 | Elapsed=6972ms | Status=Completed
2026-04-14 15:21:06 | INF | NETWORK_UNSTABLE | Acc=admin | Path=/ | Reason=SlowRequest 6972ms
2026-04-14 15:21:06 | INF | ACTION_TRACE | Acc=admin | Path=/Captcha/Generate | IP=::1 | Start=2026-04-14 15:21:06.521 | Elapsed=44ms | Status=Completed
2026-04-14 15:21:06 | INF | ACTION_TRACE | Acc=admin | Path=/DNTCaptchaImage/Show | IP=::1 | Start=2026-04-14 15:21:06.591 | Elapsed=101ms | Status=Completed
2026-04-14 15:21:17 | INF | ACTION_TRACE | Acc=admin | Path=/Account/Login | IP=::1 | Start=2026-04-14 15:21:11.691 | Elapsed=6308ms | Status=Completed
2026-04-14 15:21:17 | INF | NETWORK_UNSTABLE | Acc=admin | Path=/Account/Login | Reason=SlowRequest 6308ms
2026-04-14 15:21:18 | INF | ACTION_TRACE | Acc=admin | Path=/Home/Index | IP=::1 | Start=2026-04-14 15:21:18.015 | Elapsed=259ms | Status=Completed
2026-04-14 15:21:37 | INF | ACTION_TRACE | Acc=admin | Path=/Home/GetMenu | IP=::1 | Start=2026-04-14 15:21:37.133 | Elapsed=39ms | Status=Completed
2026-04-14 15:21:40 | INF | CONTROLLER_EXEC | Acc= admin | IP=::1 | Path=SYS201002/SYS201002 | Message=GET /SYS201002/SYS201002
2026-04-14 15:21:40 | INF | ACTION_TRACE | Acc=admin | Path=/SYS201002/SYS201002 | IP=::1 | Start=2026-04-14 15:21:40.103 | Elapsed=84ms | Status=Completed
2026-04-14 15:21:40 | INF | CONTROLLER_EXEC | Acc= admin | IP=::1 | Path=SYS201002/GetAllRoleList | Message=POST /SYS201002/GetAllRoleList
2026-04-14 15:21:40 | INF | ACTION_TRACE | Acc=admin | Path=/SYS201002/GetAllRoleList | IP=::1 | Start=2026-04-14 15:21:40.242 | Elapsed=63ms | Status=Completed
2026-04-14 15:21:56 | INF | CONTROLLER_EXEC | Acc= admin | IP=::1 | Path=SYS201002/GetPeople | Message=POST /SYS201002/GetPeople
2026-04-14 15:21:56 | INF | ACTION_TRACE | Acc=admin | Path=/SYS201002/GetPeople | IP=::1 | Start=2026-04-14 15:21:56.800 | Elapsed=22ms | Status=Completed
2026-04-14 15:26:23 | INF | CONTROLLER_EXEC | Acc= admin | IP=::1 | Path=SYS201002/GetPermission | Message=POST /SYS201002/GetPermission
2026-04-14 15:26:23 | INF | ACTION_TRACE | Acc=admin | Path=/SYS201002/GetPermission | IP=::1 | Start=2026-04-14 15:26:23.426 | Elapsed=80ms | Status=Completed
2026-04-14 16:08:01 | WRN | No store type was specified for the decimal property 'OveMoney' on entity type 'HROvertime'. This will cause values to be silently truncated if they do not fit in the default precision and scale. Explicitly specify the SQL server column type that can accommodate all the values in 'OnModelCreating' using 'HasColumnType', specify precision and scale using 'HasPrecision', or configure a value converter using 'HasConversion'.
2026-04-14 16:08:01 | WRN | No store type was specified for the decimal property 'Wag1D1Hour' on entity type 'HRWage'. This will cause values to be silently truncated if they do not fit in the default precision and scale. Explicitly specify the SQL server column type that can accommodate all the values in 'OnModelCreating' using 'HasColumnType', specify precision and scale using 'HasPrecision', or configure a value converter using 'HasConversion'.
2026-04-14 16:08:01 | WRN | No store type was specified for the decimal property 'Wag2D1Hour' on entity type 'HRWage'. This will cause values to be silently truncated if they do not fit in the default precision and scale. Explicitly specify the SQL server column type that can accommodate all the values in 'OnModelCreating' using 'HasColumnType', specify precision and scale using 'HasPrecision', or configure a value converter using 'HasConversion'.
2026-04-14 16:08:01 | WRN | No store type was specified for the decimal property 'Wag4D3Hour' on entity type 'HRWage'. This will cause values to be silently truncated if they do not fit in the default precision and scale. Explicitly specify the SQL server column type that can accommodate all the values in 'OnModelCreating' using 'HasColumnType', specify precision and scale using 'HasPrecision', or configure a value converter using 'HasConversion'.
2026-04-14 16:08:01 | WRN | No store type was specified for the decimal property 'Wag5D3Hour' on entity type 'HRWage'. This will cause values to be silently truncated if they do not fit in the default precision and scale. Explicitly specify the SQL server column type that can accommodate all the values in 'OnModelCreating' using 'HasColumnType', specify precision and scale using 'HasPrecision', or configure a value converter using 'HasConversion'.
2026-04-14 16:08:01 | WRN | No store type was specified for the decimal property 'Wag8D3Hour' on entity type 'HRWage'. This will cause values to be silently truncated if they do not fit in the default precision and scale. Explicitly specify the SQL server column type that can accommodate all the values in 'OnModelCreating' using 'HasColumnType', specify precision and scale using 'HasPrecision', or configure a value converter using 'HasConversion'.
2026-04-14 16:08:01 | WRN | No store type was specified for the decimal property 'WagApplyHour' on entity type 'HRWage'. This will cause values to be silently truncated if they do not fit in the default precision and scale. Explicitly specify the SQL server column type that can accommodate all the values in 'OnModelCreating' using 'HasColumnType', specify precision and scale using 'HasPrecision', or configure a value converter using 'HasConversion'.
2026-04-14 16:08:01 | WRN | No store type was specified for the decimal property 'WagIssueHour' on entity type 'HRWage'. This will cause values to be silently truncated if they do not fit in the default precision and scale. Explicitly specify the SQL server column type that can accommodate all the values in 'OnModelCreating' using 'HasColumnType', specify precision and scale using 'HasPrecision', or configure a value converter using 'HasConversion'.
2026-04-14 16:08:01 | WRN | No store type was specified for the decimal property 'WagSubtotal' on entity type 'HRWage'. This will cause values to be silently truncated if they do not fit in the default precision and scale. Explicitly specify the SQL server column type that can accommodate all the values in 'OnModelCreating' using 'HasColumnType', specify precision and scale using 'HasPrecision', or configure a value converter using 'HasConversion'.
2026-04-14 16:08:06 | WRN | The query uses the 'First'/'FirstOrDefault' operator without 'OrderBy' and filter operators. This may lead to unpredictable results.
2026-04-14 16:08:07 | INF | ACTION_TRACE | Acc=admin | Path=/ | IP=::1 | Start=2026-04-14 16:08:00.219 | Elapsed=7041ms | Status=Completed
2026-04-14 16:08:07 | INF | NETWORK_UNSTABLE | Acc=admin | Path=/ | Reason=SlowRequest 7041ms
2026-04-14 16:08:07 | INF | ACTION_TRACE | Acc=admin | Path=/Captcha/Generate | IP=::1 | Start=2026-04-14 16:08:07.434 | Elapsed=41ms | Status=Completed
2026-04-14 16:08:07 | INF | ACTION_TRACE | Acc=admin | Path=/DNTCaptchaImage/Show | IP=::1 | Start=2026-04-14 16:08:07.488 | Elapsed=136ms | Status=Completed
2026-04-14 16:08:12 | INF | ACTION_TRACE | Acc=admin | Path=/AdminPortal/Account/Login | IP=::1 | Start=2026-04-14 16:08:12.868 | Elapsed=101ms | Status=Completed
2026-04-14 16:08:13 | INF | ACTION_TRACE | Acc=admin | Path=/Captcha/Generate | IP=::1 | Start=2026-04-14 16:08:13.036 | Elapsed=3ms | Status=Completed
2026-04-14 16:08:13 | INF | ACTION_TRACE | Acc=admin | Path=/DNTCaptchaImage/Show | IP=::1 | Start=2026-04-14 16:08:13.049 | Elapsed=109ms | Status=Completed
2026-04-14 16:08:22 | INF | ACTION_TRACE | Acc=admin | Path=/AdminPortal/Account/Login | IP=::1 | Start=2026-04-14 16:08:15.778 | Elapsed=6441ms | Status=Completed
2026-04-14 16:08:22 | INF | NETWORK_UNSTABLE | Acc=admin | Path=/AdminPortal/Account/Login | Reason=SlowRequest 6441ms
2026-04-14 16:08:22 | INF | ACTION_TRACE | Acc=admin | Path=/AdminPortal/Home/Index | IP=::1 | Start=2026-04-14 16:08:22.239 | Elapsed=135ms | Status=Completed
2026-04-14 16:08:57 | INF | ACTION_TRACE | Acc=admin | Path=/Manage | IP=::1 | Start=2026-04-14 16:08:57.859 | Elapsed=0ms | Status=Completed
2026-04-14 16:08:58 | INF | ACTION_TRACE | Acc=admin | Path=/Manage | IP=::1 | Start=2026-04-14 16:08:58.615 | Elapsed=0ms | Status=Completed
2026-04-14 16:08:59 | INF | ACTION_TRACE | Acc=admin | Path=/Manage | IP=::1 | Start=2026-04-14 16:08:59.003 | Elapsed=0ms | Status=Completed
2026-04-14 16:08:59 | INF | ACTION_TRACE | Acc=admin | Path=/Manage | IP=::1 | Start=2026-04-14 16:08:59.427 | Elapsed=0ms | Status=Completed
2026-04-14 16:08:59 | INF | ACTION_TRACE | Acc=admin | Path=/Manage | IP=::1 | Start=2026-04-14 16:08:59.899 | Elapsed=0ms | Status=Completed
2026-04-14 16:09:00 | INF | ACTION_TRACE | Acc=admin | Path=/Manage | IP=::1 | Start=2026-04-14 16:09:00.738 | Elapsed=0ms | Status=Completed
2026-04-14 16:09:01 | INF | ACTION_TRACE | Acc=admin | Path=/Manage | IP=::1 | Start=2026-04-14 16:09:01.620 | Elapsed=0ms | Status=Completed
2026-04-14 16:09:02 | INF | ACTION_TRACE | Acc=admin | Path=/Manage | IP=::1 | Start=2026-04-14 16:09:02.080 | Elapsed=0ms | Status=Completed
2026-04-14 16:09:02 | INF | ACTION_TRACE | Acc=admin | Path=/Manage | IP=::1 | Start=2026-04-14 16:09:02.606 | Elapsed=0ms | Status=Completed
2026-04-14 16:09:03 | INF | ACTION_TRACE | Acc=admin | Path=/Manage | IP=::1 | Start=2026-04-14 16:09:03.259 | Elapsed=0ms | Status=Completed
2026-04-14 16:09:03 | INF | ACTION_TRACE | Acc=admin | Path=/Manage | IP=::1 | Start=2026-04-14 16:09:03.813 | Elapsed=0ms | Status=Completed
2026-04-14 16:09:18 | INF | ACTION_TRACE | Acc=admin | Path=/Manage | IP=::1 | Start=2026-04-14 16:09:18.743 | Elapsed=0ms | Status=Completed
2026-04-14 16:09:19 | INF | ACTION_TRACE | Acc=admin | Path=/AdminPortal/Home/Index | IP=::1 | Start=2026-04-14 16:09:19.159 | Elapsed=13ms | Status=Completed
2026-04-14 16:16:07 | WRN | No store type was specified for the decimal property 'OveMoney' on entity type 'HROvertime'. This will cause values to be silently truncated if they do not fit in the default precision and scale. Explicitly specify the SQL server column type that can accommodate all the values in 'OnModelCreating' using 'HasColumnType', specify precision and scale using 'HasPrecision', or configure a value converter using 'HasConversion'.
2026-04-14 16:16:07 | WRN | No store type was specified for the decimal property 'Wag1D1Hour' on entity type 'HRWage'. This will cause values to be silently truncated if they do not fit in the default precision and scale. Explicitly specify the SQL server column type that can accommodate all the values in 'OnModelCreating' using 'HasColumnType', specify precision and scale using 'HasPrecision', or configure a value converter using 'HasConversion'.
2026-04-14 16:16:07 | WRN | No store type was specified for the decimal property 'Wag2D1Hour' on entity type 'HRWage'. This will cause values to be silently truncated if they do not fit in the default precision and scale. Explicitly specify the SQL server column type that can accommodate all the values in 'OnModelCreating' using 'HasColumnType', specify precision and scale using 'HasPrecision', or configure a value converter using 'HasConversion'.
2026-04-14 16:16:07 | WRN | No store type was specified for the decimal property 'Wag4D3Hour' on entity type 'HRWage'. This will cause values to be silently truncated if they do not fit in the default precision and scale. Explicitly specify the SQL server column type that can accommodate all the values in 'OnModelCreating' using 'HasColumnType', specify precision and scale using 'HasPrecision', or configure a value converter using 'HasConversion'.
2026-04-14 16:16:07 | WRN | No store type was specified for the decimal property 'Wag5D3Hour' on entity type 'HRWage'. This will cause values to be silently truncated if they do not fit in the default precision and scale. Explicitly specify the SQL server column type that can accommodate all the values in 'OnModelCreating' using 'HasColumnType', specify precision and scale using 'HasPrecision', or configure a value converter using 'HasConversion'.
2026-04-14 16:16:07 | WRN | No store type was specified for the decimal property 'Wag8D3Hour' on entity type 'HRWage'. This will cause values to be silently truncated if they do not fit in the default precision and scale. Explicitly specify the SQL server column type that can accommodate all the values in 'OnModelCreating' using 'HasColumnType', specify precision and scale using 'HasPrecision', or configure a value converter using 'HasConversion'.
2026-04-14 16:16:07 | WRN | No store type was specified for the decimal property 'WagApplyHour' on entity type 'HRWage'. This will cause values to be silently truncated if they do not fit in the default precision and scale. Explicitly specify the SQL server column type that can accommodate all the values in 'OnModelCreating' using 'HasColumnType', specify precision and scale using 'HasPrecision', or configure a value converter using 'HasConversion'.
2026-04-14 16:16:07 | WRN | No store type was specified for the decimal property 'WagIssueHour' on entity type 'HRWage'. This will cause values to be silently truncated if they do not fit in the default precision and scale. Explicitly specify the SQL server column type that can accommodate all the values in 'OnModelCreating' using 'HasColumnType', specify precision and scale using 'HasPrecision', or configure a value converter using 'HasConversion'.
2026-04-14 16:16:07 | WRN | No store type was specified for the decimal property 'WagSubtotal' on entity type 'HRWage'. This will cause values to be silently truncated if they do not fit in the default precision and scale. Explicitly specify the SQL server column type that can accommodate all the values in 'OnModelCreating' using 'HasColumnType', specify precision and scale using 'HasPrecision', or configure a value converter using 'HasConversion'.
2026-04-14 16:16:12 | WRN | The query uses the 'First'/'FirstOrDefault' operator without 'OrderBy' and filter operators. This may lead to unpredictable results.
2026-04-14 16:16:13 | INF | ACTION_TRACE | Acc=admin | Path=/ | IP=::1 | Start=2026-04-14 16:16:06.699 | Elapsed=6938ms | Status=Completed
2026-04-14 16:16:13 | INF | NETWORK_UNSTABLE | Acc=admin | Path=/ | Reason=SlowRequest 6938ms
2026-04-14 16:16:13 | INF | ACTION_TRACE | Acc=admin | Path=/Captcha/Generate | IP=::1 | Start=2026-04-14 16:16:13.792 | Elapsed=52ms | Status=Completed
2026-04-14 16:16:13 | INF | ACTION_TRACE | Acc=admin | Path=/DNTCaptchaImage/Show | IP=::1 | Start=2026-04-14 16:16:13.866 | Elapsed=103ms | Status=Completed
2026-04-14 16:16:15 | INF | ACTION_TRACE | Acc=admin | Path=/AdminPortal/Account/Login | IP=::1 | Start=2026-04-14 16:16:15.493 | Elapsed=115ms | Status=Completed
2026-04-14 16:16:15 | INF | ACTION_TRACE | Acc=admin | Path=/Captcha/Generate | IP=::1 | Start=2026-04-14 16:16:15.679 | Elapsed=4ms | Status=Completed
2026-04-14 16:16:15 | INF | ACTION_TRACE | Acc=admin | Path=/DNTCaptchaImage/Show | IP=::1 | Start=2026-04-14 16:16:15.693 | Elapsed=13ms | Status=Completed
2026-04-14 16:16:30 | INF | ACTION_TRACE | Acc=admin | Path=/AdminPortal/Account/Login | IP=::1 | Start=2026-04-14 16:16:21.096 | Elapsed=8981ms | Status=Completed
2026-04-14 16:16:30 | INF | NETWORK_UNSTABLE | Acc=admin | Path=/AdminPortal/Account/Login | Reason=SlowRequest 8981ms
2026-04-14 16:16:30 | INF | ACTION_TRACE | Acc=admin | Path=/AdminPortal/Home/Index | IP=::1 | Start=2026-04-14 16:16:30.092 | Elapsed=135ms | Status=Completed
2026-04-14 16:16:36 | INF | ACTION_TRACE | Acc=admin | Path=/Manage | IP=::1 | Start=2026-04-14 16:16:36.874 | Elapsed=0ms | Status=Completed
2026-04-14 16:16:37 | INF | ACTION_TRACE | Acc=admin | Path=/Basic | IP=::1 | Start=2026-04-14 16:16:37.740 | Elapsed=0ms | Status=Completed
2026-04-14 16:16:38 | INF | ACTION_TRACE | Acc=admin | Path=/Basic | IP=::1 | Start=2026-04-14 16:16:38.223 | Elapsed=0ms | Status=Completed
2026-04-14 16:16:38 | INF | ACTION_TRACE | Acc=admin | Path=/Manage | IP=::1 | Start=2026-04-14 16:16:38.619 | Elapsed=0ms | Status=Completed
2026-04-14 16:16:39 | INF | ACTION_TRACE | Acc=admin | Path=/Manage | IP=::1 | Start=2026-04-14 16:16:39.018 | Elapsed=0ms | Status=Completed
2026-04-14 16:16:39 | INF | ACTION_TRACE | Acc=admin | Path=/Manage | IP=::1 | Start=2026-04-14 16:16:39.282 | Elapsed=0ms | Status=Completed
2026-04-14 16:16:39 | INF | ACTION_TRACE | Acc=admin | Path=/Manage | IP=::1 | Start=2026-04-14 16:16:39.617 | Elapsed=0ms | Status=Completed
2026-04-14 16:16:40 | INF | ACTION_TRACE | Acc=admin | Path=/.well-known/appspecific/com.chrome.devtools.json | IP=::1 | Start=2026-04-14 16:16:40.296 | Elapsed=0ms | Status=Completed
2026-04-14 16:16:45 | INF | ACTION_TRACE | Acc=admin | Path=/Manage | IP=::1 | Start=2026-04-14 16:16:45.431 | Elapsed=0ms | Status=Completed
2026-04-14 16:18:08 | WRN | No store type was specified for the decimal property 'OveMoney' on entity type 'HROvertime'. This will cause values to be silently truncated if they do not fit in the default precision and scale. Explicitly specify the SQL server column type that can accommodate all the values in 'OnModelCreating' using 'HasColumnType', specify precision and scale using 'HasPrecision', or configure a value converter using 'HasConversion'.
2026-04-14 16:18:08 | WRN | No store type was specified for the decimal property 'Wag1D1Hour' on entity type 'HRWage'. This will cause values to be silently truncated if they do not fit in the default precision and scale. Explicitly specify the SQL server column type that can accommodate all the values in 'OnModelCreating' using 'HasColumnType', specify precision and scale using 'HasPrecision', or configure a value converter using 'HasConversion'.
2026-04-14 16:18:08 | WRN | No store type was specified for the decimal property 'Wag2D1Hour' on entity type 'HRWage'. This will cause values to be silently truncated if they do not fit in the default precision and scale. Explicitly specify the SQL server column type that can accommodate all the values in 'OnModelCreating' using 'HasColumnType', specify precision and scale using 'HasPrecision', or configure a value converter using 'HasConversion'.
2026-04-14 16:18:08 | WRN | No store type was specified for the decimal property 'Wag4D3Hour' on entity type 'HRWage'. This will cause values to be silently truncated if they do not fit in the default precision and scale. Explicitly specify the SQL server column type that can accommodate all the values in 'OnModelCreating' using 'HasColumnType', specify precision and scale using 'HasPrecision', or configure a value converter using 'HasConversion'.
2026-04-14 16:18:08 | WRN | No store type was specified for the decimal property 'Wag5D3Hour' on entity type 'HRWage'. This will cause values to be silently truncated if they do not fit in the default precision and scale. Explicitly specify the SQL server column type that can accommodate all the values in 'OnModelCreating' using 'HasColumnType', specify precision and scale using 'HasPrecision', or configure a value converter using 'HasConversion'.
2026-04-14 16:18:08 | WRN | No store type was specified for the decimal property 'Wag8D3Hour' on entity type 'HRWage'. This will cause values to be silently truncated if they do not fit in the default precision and scale. Explicitly specify the SQL server column type that can accommodate all the values in 'OnModelCreating' using 'HasColumnType', specify precision and scale using 'HasPrecision', or configure a value converter using 'HasConversion'.
2026-04-14 16:18:08 | WRN | No store type was specified for the decimal property 'WagApplyHour' on entity type 'HRWage'. This will cause values to be silently truncated if they do not fit in the default precision and scale. Explicitly specify the SQL server column type that can accommodate all the values in 'OnModelCreating' using 'HasColumnType', specify precision and scale using 'HasPrecision', or configure a value converter using 'HasConversion'.
2026-04-14 16:18:08 | WRN | No store type was specified for the decimal property 'WagIssueHour' on entity type 'HRWage'. This will cause values to be silently truncated if they do not fit in the default precision and scale. Explicitly specify the SQL server column type that can accommodate all the values in 'OnModelCreating' using 'HasColumnType', specify precision and scale using 'HasPrecision', or configure a value converter using 'HasConversion'.
2026-04-14 16:18:08 | WRN | No store type was specified for the decimal property 'WagSubtotal' on entity type 'HRWage'. This will cause values to be silently truncated if they do not fit in the default precision and scale. Explicitly specify the SQL server column type that can accommodate all the values in 'OnModelCreating' using 'HasColumnType', specify precision and scale using 'HasPrecision', or configure a value converter using 'HasConversion'.
2026-04-14 16:18:13 | WRN | The query uses the 'First'/'FirstOrDefault' operator without 'OrderBy' and filter operators. This may lead to unpredictable results.
2026-04-14 16:18:14 | INF | ACTION_TRACE | Acc=admin | Path=/ | IP=::1 | Start=2026-04-14 16:18:07.553 | Elapsed=6846ms | Status=Completed
2026-04-14 16:18:14 | INF | NETWORK_UNSTABLE | Acc=admin | Path=/ | Reason=SlowRequest 6846ms
2026-04-14 16:18:14 | INF | ACTION_TRACE | Acc=admin | Path=/Captcha/Generate | IP=::1 | Start=2026-04-14 16:18:14.555 | Elapsed=37ms | Status=Completed
2026-04-14 16:18:14 | INF | ACTION_TRACE | Acc=admin | Path=/DNTCaptchaImage/Show | IP=::1 | Start=2026-04-14 16:18:14.612 | Elapsed=111ms | Status=Completed
2026-04-14 16:18:19 | INF | ACTION_TRACE | Acc=admin | Path=/AdminPortal/Account/Login | IP=::1 | Start=2026-04-14 16:18:19.852 | Elapsed=134ms | Status=Completed
2026-04-14 16:18:20 | INF | ACTION_TRACE | Acc=admin | Path=/Captcha/Generate | IP=::1 | Start=2026-04-14 16:18:20.064 | Elapsed=5ms | Status=Completed
2026-04-14 16:18:20 | INF | ACTION_TRACE | Acc=admin | Path=/DNTCaptchaImage/Show | IP=::1 | Start=2026-04-14 16:18:20.076 | Elapsed=38ms | Status=Completed
2026-04-14 16:18:31 | INF | ACTION_TRACE | Acc=admin | Path=/AdminPortal/Account/Login | IP=::1 | Start=2026-04-14 16:18:23.471 | Elapsed=8318ms | Status=Completed
2026-04-14 16:18:31 | INF | NETWORK_UNSTABLE | Acc=admin | Path=/AdminPortal/Account/Login | Reason=SlowRequest 8318ms
2026-04-14 16:18:31 | INF | ACTION_TRACE | Acc=admin | Path=/AdminPortal/Home/Index | IP=::1 | Start=2026-04-14 16:18:31.803 | Elapsed=188ms | Status=Completed
2026-04-14 16:21:02 | INF | ACTION_TRACE | Acc=admin | Path=/.well-known/appspecific/com.chrome.devtools.json | IP=::1 | Start=2026-04-14 16:21:02.271 | Elapsed=0ms | Status=Completed
2026-04-14 16:22:16 | WRN | No store type was specified for the decimal property 'OveMoney' on entity type 'HROvertime'. This will cause values to be silently truncated if they do not fit in the default precision and scale. Explicitly specify the SQL server column type that can accommodate all the values in 'OnModelCreating' using 'HasColumnType', specify precision and scale using 'HasPrecision', or configure a value converter using 'HasConversion'.
2026-04-14 16:22:16 | WRN | No store type was specified for the decimal property 'Wag1D1Hour' on entity type 'HRWage'. This will cause values to be silently truncated if they do not fit in the default precision and scale. Explicitly specify the SQL server column type that can accommodate all the values in 'OnModelCreating' using 'HasColumnType', specify precision and scale using 'HasPrecision', or configure a value converter using 'HasConversion'.
2026-04-14 16:22:16 | WRN | No store type was specified for the decimal property 'Wag2D1Hour' on entity type 'HRWage'. This will cause values to be silently truncated if they do not fit in the default precision and scale. Explicitly specify the SQL server column type that can accommodate all the values in 'OnModelCreating' using 'HasColumnType', specify precision and scale using 'HasPrecision', or configure a value converter using 'HasConversion'.
2026-04-14 16:22:16 | WRN | No store type was specified for the decimal property 'Wag4D3Hour' on entity type 'HRWage'. This will cause values to be silently truncated if they do not fit in the default precision and scale. Explicitly specify the SQL server column type that can accommodate all the values in 'OnModelCreating' using 'HasColumnType', specify precision and scale using 'HasPrecision', or configure a value converter using 'HasConversion'.
2026-04-14 16:22:16 | WRN | No store type was specified for the decimal property 'Wag5D3Hour' on entity type 'HRWage'. This will cause values to be silently truncated if they do not fit in the default precision and scale. Explicitly specify the SQL server column type that can accommodate all the values in 'OnModelCreating' using 'HasColumnType', specify precision and scale using 'HasPrecision', or configure a value converter using 'HasConversion'.
2026-04-14 16:22:16 | WRN | No store type was specified for the decimal property 'Wag8D3Hour' on entity type 'HRWage'. This will cause values to be silently truncated if they do not fit in the default precision and scale. Explicitly specify the SQL server column type that can accommodate all the values in 'OnModelCreating' using 'HasColumnType', specify precision and scale using 'HasPrecision', or configure a value converter using 'HasConversion'.
2026-04-14 16:22:16 | WRN | No store type was specified for the decimal property 'WagApplyHour' on entity type 'HRWage'. This will cause values to be silently truncated if they do not fit in the default precision and scale. Explicitly specify the SQL server column type that can accommodate all the values in 'OnModelCreating' using 'HasColumnType', specify precision and scale using 'HasPrecision', or configure a value converter using 'HasConversion'.
2026-04-14 16:22:16 | WRN | No store type was specified for the decimal property 'WagIssueHour' on entity type 'HRWage'. This will cause values to be silently truncated if they do not fit in the default precision and scale. Explicitly specify the SQL server column type that can accommodate all the values in 'OnModelCreating' using 'HasColumnType', specify precision and scale using 'HasPrecision', or configure a value converter using 'HasConversion'.
2026-04-14 16:22:16 | WRN | No store type was specified for the decimal property 'WagSubtotal' on entity type 'HRWage'. This will cause values to be silently truncated if they do not fit in the default precision and scale. Explicitly specify the SQL server column type that can accommodate all the values in 'OnModelCreating' using 'HasColumnType', specify precision and scale using 'HasPrecision', or configure a value converter using 'HasConversion'.
2026-04-14 16:22:21 | WRN | The query uses the 'First'/'FirstOrDefault' operator without 'OrderBy' and filter operators. This may lead to unpredictable results.
2026-04-14 16:22:22 | INF | ACTION_TRACE | Acc=admin | Path=/ | IP=::1 | Start=2026-04-14 16:22:15.950 | Elapsed=6813ms | Status=Completed
2026-04-14 16:22:22 | INF | NETWORK_UNSTABLE | Acc=admin | Path=/ | Reason=SlowRequest 6813ms
2026-04-14 16:22:23 | INF | ACTION_TRACE | Acc=admin | Path=/Captcha/Generate | IP=::1 | Start=2026-04-14 16:22:22.976 | Elapsed=46ms | Status=Completed
2026-04-14 16:22:23 | INF | ACTION_TRACE | Acc=admin | Path=/DNTCaptchaImage/Show | IP=::1 | Start=2026-04-14 16:22:23.047 | Elapsed=112ms | Status=Completed
2026-04-14 16:22:25 | INF | ACTION_TRACE | Acc=admin | Path=/AdminPortal/Account/Login | IP=::1 | Start=2026-04-14 16:22:25.293 | Elapsed=97ms | Status=Completed
2026-04-14 16:22:25 | INF | ACTION_TRACE | Acc=admin | Path=/Captcha/Generate | IP=::1 | Start=2026-04-14 16:22:25.464 | Elapsed=5ms | Status=Completed
2026-04-14 16:22:25 | INF | ACTION_TRACE | Acc=admin | Path=/DNTCaptchaImage/Show | IP=::1 | Start=2026-04-14 16:22:25.478 | Elapsed=13ms | Status=Completed
2026-04-14 16:22:38 | INF | ACTION_TRACE | Acc=admin | Path=/AdminPortal/Account/Login | IP=::1 | Start=2026-04-14 16:22:28.526 | Elapsed=9612ms | Status=Completed
2026-04-14 16:22:38 | INF | NETWORK_UNSTABLE | Acc=admin | Path=/AdminPortal/Account/Login | Reason=SlowRequest 9612ms
2026-04-14 16:22:38 | INF | ACTION_TRACE | Acc=admin | Path=/AdminPortal/Home/Index | IP=::1 | Start=2026-04-14 16:22:38.156 | Elapsed=120ms | Status=Completed
2026-04-14 16:22:44 | INF | ACTION_TRACE | Acc=admin | Path=/.well-known/appspecific/com.chrome.devtools.json | IP=::1 | Start=2026-04-14 16:22:44.125 | Elapsed=0ms | Status=Completed
2026-04-14 16:22:47 | INF | ACTION_TRACE | Acc=admin | Path=/Basic | IP=::1 | Start=2026-04-14 16:22:47.739 | Elapsed=0ms | Status=Completed
2026-04-14 16:23:10 | INF | ACTION_TRACE | Acc=admin | Path=/AdminPortal/Home/Index | IP=::1 | Start=2026-04-14 16:23:10.136 | Elapsed=18ms | Status=Completed
2026-04-14 16:23:10 | INF | ACTION_TRACE | Acc=admin | Path=/.well-known/appspecific/com.chrome.devtools.json | IP=::1 | Start=2026-04-14 16:23:10.188 | Elapsed=0ms | Status=Completed
2026-04-14 16:23:17 | INF | ACTION_TRACE | Acc=admin | Path=/AdminPortal/Home/Index | IP=::1 | Start=2026-04-14 16:23:17.640 | Elapsed=10ms | Status=Completed
2026-04-14 16:23:17 | INF | ACTION_TRACE | Acc=admin | Path=/.well-known/appspecific/com.chrome.devtools.json | IP=::1 | Start=2026-04-14 16:23:17.684 | Elapsed=0ms | Status=Completed
2026-04-14 16:24:19 | INF | ACTION_TRACE | Acc=admin | Path=/AdminPortal/Home/Index | IP=::1 | Start=2026-04-14 16:24:19.146 | Elapsed=6ms | Status=Completed
2026-04-14 16:24:19 | INF | ACTION_TRACE | Acc=admin | Path=/.well-known/appspecific/com.chrome.devtools.json | IP=::1 | Start=2026-04-14 16:24:19.179 | Elapsed=0ms | Status=Completed
2026-04-14 16:24:23 | INF | ACTION_TRACE | Acc=admin | Path=/12313 | IP=::1 | Start=2026-04-14 16:24:23.063 | Elapsed=0ms | Status=Completed
2026-04-14 16:24:43 | INF | ACTION_TRACE | Acc=admin | Path=/AdminPortal/Home/Index | IP=::1 | Start=2026-04-14 16:24:43.289 | Elapsed=4ms | Status=Completed
2026-04-14 16:24:43 | INF | ACTION_TRACE | Acc=admin | Path=/.well-known/appspecific/com.chrome.devtools.json | IP=::1 | Start=2026-04-14 16:24:43.327 | Elapsed=0ms | Status=Completed
2026-04-14 16:24:54 | INF | ACTION_TRACE | Acc=admin | Path=/AdminPortal/Home/Index | IP=::1 | Start=2026-04-14 16:24:54.844 | Elapsed=10ms | Status=Completed
2026-04-14 16:24:54 | INF | ACTION_TRACE | Acc=admin | Path=/.well-known/appspecific/com.chrome.devtools.json | IP=::1 | Start=2026-04-14 16:24:54.899 | Elapsed=0ms | Status=Completed
2026-04-14 16:25:00 | INF | CONTROLLER_EXEC | Acc= admin | IP=::1 | Path=ADS999002/ADS999002 | Message=GET /ADS999002/ADS999002
2026-04-14 16:25:00 | INF | ACTION_TRACE | Acc=admin | Path=/ADS999002/ADS999002 | IP=::1 | Start=2026-04-14 16:25:00.003 | Elapsed=20ms | Status=Completed
2026-04-14 16:25:00 | INF | ACTION_TRACE | Acc=admin | Path=/Home/AccessDenied | IP=::1 | Start=2026-04-14 16:25:00.041 | Elapsed=47ms | Status=Completed
2026-04-14 16:25:00 | INF | CONTROLLER_EXEC | Acc= admin | IP=::1 | Path=ADS999002/ADS999002 | Message=GET /ADS999002/ADS999002
2026-04-14 16:25:00 | INF | ACTION_TRACE | Acc=admin | Path=/ADS999002/ADS999002 | IP=::1 | Start=2026-04-14 16:25:00.756 | Elapsed=1ms | Status=Completed
2026-04-14 16:25:00 | INF | ACTION_TRACE | Acc=admin | Path=/Home/AccessDenied | IP=::1 | Start=2026-04-14 16:25:00.763 | Elapsed=0ms | Status=Completed
2026-04-14 16:25:01 | INF | CONTROLLER_EXEC | Acc= admin | IP=::1 | Path=ADS999002/ADS999002 | Message=GET /ADS999002/ADS999002
2026-04-14 16:25:01 | INF | ACTION_TRACE | Acc=admin | Path=/ADS999002/ADS999002 | IP=::1 | Start=2026-04-14 16:25:01.354 | Elapsed=2ms | Status=Completed
2026-04-14 16:25:01 | INF | ACTION_TRACE | Acc=admin | Path=/Home/AccessDenied | IP=::1 | Start=2026-04-14 16:25:01.360 | Elapsed=0ms | Status=Completed
2026-04-14 16:25:02 | INF | CONTROLLER_EXEC | Acc= admin | IP=::1 | Path=ADS999002/ADS999002 | Message=GET /ADS999002/ADS999002
2026-04-14 16:25:02 | INF | ACTION_TRACE | Acc=admin | Path=/ADS999002/ADS999002 | IP=::1 | Start=2026-04-14 16:25:02.005 | Elapsed=0ms | Status=Completed
2026-04-14 16:25:02 | INF | ACTION_TRACE | Acc=admin | Path=/Home/AccessDenied | IP=::1 | Start=2026-04-14 16:25:02.011 | Elapsed=0ms | Status=Completed
2026-04-14 16:25:25 | INF | CONTROLLER_EXEC | Acc= admin | IP=::1 | Path=ADS999002/ADS999002 | Message=GET /ADS999002/ADS999002
2026-04-14 16:25:25 | INF | ACTION_TRACE | Acc=admin | Path=/ADS999002/ADS999002 | IP=::1 | Start=2026-04-14 16:25:25.103 | Elapsed=0ms | Status=Completed
2026-04-14 16:25:25 | INF | ACTION_TRACE | Acc=admin | Path=/Home/AccessDenied | IP=::1 | Start=2026-04-14 16:25:25.128 | Elapsed=0ms | Status=Completed
2026-04-14 16:25:55 | INF | ACTION_TRACE | Acc=admin | Path=/AdminPortal/Home/Index | IP=::1 | Start=2026-04-14 16:25:55.905 | Elapsed=8ms | Status=Completed
2026-04-14 16:25:55 | INF | ACTION_TRACE | Acc=admin | Path=/.well-known/appspecific/com.chrome.devtools.json | IP=::1 | Start=2026-04-14 16:25:55.949 | Elapsed=0ms | Status=Completed
2026-04-14 16:26:00 | INF | ACTION_TRACE | Acc=admin | Path=/Manager | IP=::1 | Start=2026-04-14 16:26:00.199 | Elapsed=0ms | Status=Completed
2026-04-14 16:26:28 | WRN | No store type was specified for the decimal property 'OveMoney' on entity type 'HROvertime'. This will cause values to be silently truncated if they do not fit in the default precision and scale. Explicitly specify the SQL server column type that can accommodate all the values in 'OnModelCreating' using 'HasColumnType', specify precision and scale using 'HasPrecision', or configure a value converter using 'HasConversion'.
2026-04-14 16:26:28 | WRN | No store type was specified for the decimal property 'Wag1D1Hour' on entity type 'HRWage'. This will cause values to be silently truncated if they do not fit in the default precision and scale. Explicitly specify the SQL server column type that can accommodate all the values in 'OnModelCreating' using 'HasColumnType', specify precision and scale using 'HasPrecision', or configure a value converter using 'HasConversion'.
2026-04-14 16:26:28 | WRN | No store type was specified for the decimal property 'Wag2D1Hour' on entity type 'HRWage'. This will cause values to be silently truncated if they do not fit in the default precision and scale. Explicitly specify the SQL server column type that can accommodate all the values in 'OnModelCreating' using 'HasColumnType', specify precision and scale using 'HasPrecision', or configure a value converter using 'HasConversion'.
2026-04-14 16:26:28 | WRN | No store type was specified for the decimal property 'Wag4D3Hour' on entity type 'HRWage'. This will cause values to be silently truncated if they do not fit in the default precision and scale. Explicitly specify the SQL server column type that can accommodate all the values in 'OnModelCreating' using 'HasColumnType', specify precision and scale using 'HasPrecision', or configure a value converter using 'HasConversion'.
2026-04-14 16:26:28 | WRN | No store type was specified for the decimal property 'Wag5D3Hour' on entity type 'HRWage'. This will cause values to be silently truncated if they do not fit in the default precision and scale. Explicitly specify the SQL server column type that can accommodate all the values in 'OnModelCreating' using 'HasColumnType', specify precision and scale using 'HasPrecision', or configure a value converter using 'HasConversion'.
2026-04-14 16:26:28 | WRN | No store type was specified for the decimal property 'Wag8D3Hour' on entity type 'HRWage'. This will cause values to be silently truncated if they do not fit in the default precision and scale. Explicitly specify the SQL server column type that can accommodate all the values in 'OnModelCreating' using 'HasColumnType', specify precision and scale using 'HasPrecision', or configure a value converter using 'HasConversion'.
2026-04-14 16:26:28 | WRN | No store type was specified for the decimal property 'WagApplyHour' on entity type 'HRWage'. This will cause values to be silently truncated if they do not fit in the default precision and scale. Explicitly specify the SQL server column type that can accommodate all the values in 'OnModelCreating' using 'HasColumnType', specify precision and scale using 'HasPrecision', or configure a value converter using 'HasConversion'.
2026-04-14 16:26:28 | WRN | No store type was specified for the decimal property 'WagIssueHour' on entity type 'HRWage'. This will cause values to be silently truncated if they do not fit in the default precision and scale. Explicitly specify the SQL server column type that can accommodate all the values in 'OnModelCreating' using 'HasColumnType', specify precision and scale using 'HasPrecision', or configure a value converter using 'HasConversion'.
2026-04-14 16:26:28 | WRN | No store type was specified for the decimal property 'WagSubtotal' on entity type 'HRWage'. This will cause values to be silently truncated if they do not fit in the default precision and scale. Explicitly specify the SQL server column type that can accommodate all the values in 'OnModelCreating' using 'HasColumnType', specify precision and scale using 'HasPrecision', or configure a value converter using 'HasConversion'.
2026-04-14 16:26:33 | WRN | The query uses the 'First'/'FirstOrDefault' operator without 'OrderBy' and filter operators. This may lead to unpredictable results.
2026-04-14 16:26:34 | INF | ACTION_TRACE | Acc=admin | Path=/ | IP=::1 | Start=2026-04-14 16:26:27.716 | Elapsed=6796ms | Status=Completed
2026-04-14 16:26:34 | INF | NETWORK_UNSTABLE | Acc=admin | Path=/ | Reason=SlowRequest 6796ms
2026-04-14 16:26:34 | INF | ACTION_TRACE | Acc=admin | Path=/Captcha/Generate | IP=::1 | Start=2026-04-14 16:26:34.681 | Elapsed=40ms | Status=Completed
2026-04-14 16:26:34 | INF | ACTION_TRACE | Acc=admin | Path=/DNTCaptchaImage/Show | IP=::1 | Start=2026-04-14 16:26:34.743 | Elapsed=110ms | Status=Completed
2026-04-14 16:26:37 | INF | ACTION_TRACE | Acc=admin | Path=/AdminPortal/Account/Login | IP=::1 | Start=2026-04-14 16:26:37.089 | Elapsed=95ms | Status=Completed
2026-04-14 16:26:37 | INF | ACTION_TRACE | Acc=admin | Path=/Captcha/Generate | IP=::1 | Start=2026-04-14 16:26:37.484 | Elapsed=4ms | Status=Completed
2026-04-14 16:26:37 | INF | ACTION_TRACE | Acc=admin | Path=/DNTCaptchaImage/Show | IP=::1 | Start=2026-04-14 16:26:37.493 | Elapsed=22ms | Status=Completed
2026-04-14 16:26:48 | INF | ACTION_TRACE | Acc=admin | Path=/AdminPortal/Account/Login | IP=::1 | Start=2026-04-14 16:26:41.702 | Elapsed=6671ms | Status=Completed
2026-04-14 16:26:48 | INF | NETWORK_UNSTABLE | Acc=admin | Path=/AdminPortal/Account/Login | Reason=SlowRequest 6671ms
2026-04-14 16:26:48 | INF | ACTION_TRACE | Acc=admin | Path=/AdminPortal/Home/Index | IP=::1 | Start=2026-04-14 16:26:48.388 | Elapsed=190ms | Status=Completed
2026-04-14 16:28:37 | INF | ACTION_TRACE | Acc=admin | Path=/.well-known/appspecific/com.chrome.devtools.json | IP=::1 | Start=2026-04-14 16:28:37.307 | Elapsed=0ms | Status=Completed
2026-04-14 16:34:01 | WRN | No store type was specified for the decimal property 'OveMoney' on entity type 'HROvertime'. This will cause values to be silently truncated if they do not fit in the default precision and scale. Explicitly specify the SQL server column type that can accommodate all the values in 'OnModelCreating' using 'HasColumnType', specify precision and scale using 'HasPrecision', or configure a value converter using 'HasConversion'.
2026-04-14 16:34:01 | WRN | No store type was specified for the decimal property 'Wag1D1Hour' on entity type 'HRWage'. This will cause values to be silently truncated if they do not fit in the default precision and scale. Explicitly specify the SQL server column type that can accommodate all the values in 'OnModelCreating' using 'HasColumnType', specify precision and scale using 'HasPrecision', or configure a value converter using 'HasConversion'.
2026-04-14 16:34:01 | WRN | No store type was specified for the decimal property 'Wag2D1Hour' on entity type 'HRWage'. This will cause values to be silently truncated if they do not fit in the default precision and scale. Explicitly specify the SQL server column type that can accommodate all the values in 'OnModelCreating' using 'HasColumnType', specify precision and scale using 'HasPrecision', or configure a value converter using 'HasConversion'.
2026-04-14 16:34:01 | WRN | No store type was specified for the decimal property 'Wag4D3Hour' on entity type 'HRWage'. This will cause values to be silently truncated if they do not fit in the default precision and scale. Explicitly specify the SQL server column type that can accommodate all the values in 'OnModelCreating' using 'HasColumnType', specify precision and scale using 'HasPrecision', or configure a value converter using 'HasConversion'.
2026-04-14 16:34:01 | WRN | No store type was specified for the decimal property 'Wag5D3Hour' on entity type 'HRWage'. This will cause values to be silently truncated if they do not fit in the default precision and scale. Explicitly specify the SQL server column type that can accommodate all the values in 'OnModelCreating' using 'HasColumnType', specify precision and scale using 'HasPrecision', or configure a value converter using 'HasConversion'.
2026-04-14 16:34:01 | WRN | No store type was specified for the decimal property 'Wag8D3Hour' on entity type 'HRWage'. This will cause values to be silently truncated if they do not fit in the default precision and scale. Explicitly specify the SQL server column type that can accommodate all the values in 'OnModelCreating' using 'HasColumnType', specify precision and scale using 'HasPrecision', or configure a value converter using 'HasConversion'.
2026-04-14 16:34:01 | WRN | No store type was specified for the decimal property 'WagApplyHour' on entity type 'HRWage'. This will cause values to be silently truncated if they do not fit in the default precision and scale. Explicitly specify the SQL server column type that can accommodate all the values in 'OnModelCreating' using 'HasColumnType', specify precision and scale using 'HasPrecision', or configure a value converter using 'HasConversion'.
2026-04-14 16:34:01 | WRN | No store type was specified for the decimal property 'WagIssueHour' on entity type 'HRWage'. This will cause values to be silently truncated if they do not fit in the default precision and scale. Explicitly specify the SQL server column type that can accommodate all the values in 'OnModelCreating' using 'HasColumnType', specify precision and scale using 'HasPrecision', or configure a value converter using 'HasConversion'.
2026-04-14 16:34:01 | WRN | No store type was specified for the decimal property 'WagSubtotal' on entity type 'HRWage'. This will cause values to be silently truncated if they do not fit in the default precision and scale. Explicitly specify the SQL server column type that can accommodate all the values in 'OnModelCreating' using 'HasColumnType', specify precision and scale using 'HasPrecision', or configure a value converter using 'HasConversion'.
2026-04-14 16:34:06 | WRN | The query uses the 'First'/'FirstOrDefault' operator without 'OrderBy' and filter operators. This may lead to unpredictable results.
2026-04-14 16:34:07 | INF | ACTION_TRACE | Acc=admin | Path=/ | IP=::1 | Start=2026-04-14 16:34:01.038 | Elapsed=6837ms | Status=Completed
2026-04-14 16:34:07 | INF | NETWORK_UNSTABLE | Acc=admin | Path=/ | Reason=SlowRequest 6837ms
2026-04-14 16:34:08 | INF | ACTION_TRACE | Acc=admin | Path=/Captcha/Generate | IP=::1 | Start=2026-04-14 16:34:08.030 | Elapsed=34ms | Status=Completed
2026-04-14 16:34:08 | INF | ACTION_TRACE | Acc=admin | Path=/DNTCaptchaImage/Show | IP=::1 | Start=2026-04-14 16:34:08.075 | Elapsed=126ms | Status=Completed
2026-04-14 16:35:44 | WRN | No store type was specified for the decimal property 'OveMoney' on entity type 'HROvertime'. This will cause values to be silently truncated if they do not fit in the default precision and scale. Explicitly specify the SQL server column type that can accommodate all the values in 'OnModelCreating' using 'HasColumnType', specify precision and scale using 'HasPrecision', or configure a value converter using 'HasConversion'.
2026-04-14 16:35:44 | WRN | No store type was specified for the decimal property 'Wag1D1Hour' on entity type 'HRWage'. This will cause values to be silently truncated if they do not fit in the default precision and scale. Explicitly specify the SQL server column type that can accommodate all the values in 'OnModelCreating' using 'HasColumnType', specify precision and scale using 'HasPrecision', or configure a value converter using 'HasConversion'.
2026-04-14 16:35:44 | WRN | No store type was specified for the decimal property 'Wag2D1Hour' on entity type 'HRWage'. This will cause values to be silently truncated if they do not fit in the default precision and scale. Explicitly specify the SQL server column type that can accommodate all the values in 'OnModelCreating' using 'HasColumnType', specify precision and scale using 'HasPrecision', or configure a value converter using 'HasConversion'.
2026-04-14 16:35:44 | WRN | No store type was specified for the decimal property 'Wag4D3Hour' on entity type 'HRWage'. This will cause values to be silently truncated if they do not fit in the default precision and scale. Explicitly specify the SQL server column type that can accommodate all the values in 'OnModelCreating' using 'HasColumnType', specify precision and scale using 'HasPrecision', or configure a value converter using 'HasConversion'.
2026-04-14 16:35:44 | WRN | No store type was specified for the decimal property 'Wag5D3Hour' on entity type 'HRWage'. This will cause values to be silently truncated if they do not fit in the default precision and scale. Explicitly specify the SQL server column type that can accommodate all the values in 'OnModelCreating' using 'HasColumnType', specify precision and scale using 'HasPrecision', or configure a value converter using 'HasConversion'.
2026-04-14 16:35:44 | WRN | No store type was specified for the decimal property 'Wag8D3Hour' on entity type 'HRWage'. This will cause values to be silently truncated if they do not fit in the default precision and scale. Explicitly specify the SQL server column type that can accommodate all the values in 'OnModelCreating' using 'HasColumnType', specify precision and scale using 'HasPrecision', or configure a value converter using 'HasConversion'.
2026-04-14 16:35:44 | WRN | No store type was specified for the decimal property 'WagApplyHour' on entity type 'HRWage'. This will cause values to be silently truncated if they do not fit in the default precision and scale. Explicitly specify the SQL server column type that can accommodate all the values in 'OnModelCreating' using 'HasColumnType', specify precision and scale using 'HasPrecision', or configure a value converter using 'HasConversion'.
2026-04-14 16:35:44 | WRN | No store type was specified for the decimal property 'WagIssueHour' on entity type 'HRWage'. This will cause values to be silently truncated if they do not fit in the default precision and scale. Explicitly specify the SQL server column type that can accommodate all the values in 'OnModelCreating' using 'HasColumnType', specify precision and scale using 'HasPrecision', or configure a value converter using 'HasConversion'.
2026-04-14 16:35:44 | WRN | No store type was specified for the decimal property 'WagSubtotal' on entity type 'HRWage'. This will cause values to be silently truncated if they do not fit in the default precision and scale. Explicitly specify the SQL server column type that can accommodate all the values in 'OnModelCreating' using 'HasColumnType', specify precision and scale using 'HasPrecision', or configure a value converter using 'HasConversion'.
2026-04-14 16:35:49 | WRN | The query uses the 'First'/'FirstOrDefault' operator without 'OrderBy' and filter operators. This may lead to unpredictable results.
2026-04-14 16:35:50 | INF | ACTION_TRACE | Acc=admin | Path=/ | IP=::1 | Start=2026-04-14 16:35:43.749 | Elapsed=6869ms | Status=Completed
2026-04-14 16:35:50 | INF | NETWORK_UNSTABLE | Acc=admin | Path=/ | Reason=SlowRequest 6869ms
2026-04-14 16:35:50 | INF | ACTION_TRACE | Acc=admin | Path=/Captcha/Generate | IP=::1 | Start=2026-04-14 16:35:50.785 | Elapsed=57ms | Status=Completed
2026-04-14 16:35:50 | INF | ACTION_TRACE | Acc=admin | Path=/DNTCaptchaImage/Show | IP=::1 | Start=2026-04-14 16:35:50.874 | Elapsed=122ms | Status=Completed
2026-04-14 16:35:58 | INF | ACTION_TRACE | Acc=admin | Path=/AdminPortal/Account/Login | IP=::1 | Start=2026-04-14 16:35:58.154 | Elapsed=106ms | Status=Completed
2026-04-14 16:35:58 | INF | ACTION_TRACE | Acc=admin | Path=/Captcha/Generate | IP=::1 | Start=2026-04-14 16:35:58.356 | Elapsed=4ms | Status=Completed
2026-04-14 16:35:58 | INF | ACTION_TRACE | Acc=admin | Path=/DNTCaptchaImage/Show | IP=::1 | Start=2026-04-14 16:35:58.369 | Elapsed=17ms | Status=Completed
2026-04-14 16:36:08 | INF | ACTION_TRACE | Acc=admin | Path=/AdminPortal/Account/Login | IP=::1 | Start=2026-04-14 16:36:02.152 | Elapsed=6638ms | Status=Completed
2026-04-14 16:36:08 | INF | NETWORK_UNSTABLE | Acc=admin | Path=/AdminPortal/Account/Login | Reason=SlowRequest 6638ms
2026-04-14 16:36:08 | INF | ACTION_TRACE | Acc=admin | Path=/AdminPortal/Home/Index | IP=::1 | Start=2026-04-14 16:36:08.805 | Elapsed=113ms | Status=Completed
2026-04-14 16:36:22 | INF | ACTION_TRACE | Acc=admin | Path=/ADS999002/ADS999002 | IP=::1 | Start=2026-04-14 16:36:22.853 | Elapsed=0ms | Status=Completed
2026-04-14 16:36:24 | INF | ACTION_TRACE | Acc=admin | Path=/ADS999002/ADS999002 | IP=::1 | Start=2026-04-14 16:36:24.111 | Elapsed=0ms | Status=Completed
2026-04-14 16:36:26 | INF | ACTION_TRACE | Acc=admin | Path=/.well-known/appspecific/com.chrome.devtools.json | IP=::1 | Start=2026-04-14 16:36:26.316 | Elapsed=0ms | Status=Completed
2026-04-14 16:36:35 | INF | ACTION_TRACE | Acc=admin | Path=/ADS999002/ADS999002 | IP=::1 | Start=2026-04-14 16:36:35.692 | Elapsed=0ms | Status=Completed
2026-04-14 16:38:29 | WRN | No store type was specified for the decimal property 'OveMoney' on entity type 'HROvertime'. This will cause values to be silently truncated if they do not fit in the default precision and scale. Explicitly specify the SQL server column type that can accommodate all the values in 'OnModelCreating' using 'HasColumnType', specify precision and scale using 'HasPrecision', or configure a value converter using 'HasConversion'.
2026-04-14 16:38:29 | WRN | No store type was specified for the decimal property 'Wag1D1Hour' on entity type 'HRWage'. This will cause values to be silently truncated if they do not fit in the default precision and scale. Explicitly specify the SQL server column type that can accommodate all the values in 'OnModelCreating' using 'HasColumnType', specify precision and scale using 'HasPrecision', or configure a value converter using 'HasConversion'.
2026-04-14 16:38:29 | WRN | No store type was specified for the decimal property 'Wag2D1Hour' on entity type 'HRWage'. This will cause values to be silently truncated if they do not fit in the default precision and scale. Explicitly specify the SQL server column type that can accommodate all the values in 'OnModelCreating' using 'HasColumnType', specify precision and scale using 'HasPrecision', or configure a value converter using 'HasConversion'.
2026-04-14 16:38:29 | WRN | No store type was specified for the decimal property 'Wag4D3Hour' on entity type 'HRWage'. This will cause values to be silently truncated if they do not fit in the default precision and scale. Explicitly specify the SQL server column type that can accommodate all the values in 'OnModelCreating' using 'HasColumnType', specify precision and scale using 'HasPrecision', or configure a value converter using 'HasConversion'.
2026-04-14 16:38:29 | WRN | No store type was specified for the decimal property 'Wag5D3Hour' on entity type 'HRWage'. This will cause values to be silently truncated if they do not fit in the default precision and scale. Explicitly specify the SQL server column type that can accommodate all the values in 'OnModelCreating' using 'HasColumnType', specify precision and scale using 'HasPrecision', or configure a value converter using 'HasConversion'.
2026-04-14 16:38:29 | WRN | No store type was specified for the decimal property 'Wag8D3Hour' on entity type 'HRWage'. This will cause values to be silently truncated if they do not fit in the default precision and scale. Explicitly specify the SQL server column type that can accommodate all the values in 'OnModelCreating' using 'HasColumnType', specify precision and scale using 'HasPrecision', or configure a value converter using 'HasConversion'.
2026-04-14 16:38:29 | WRN | No store type was specified for the decimal property 'WagApplyHour' on entity type 'HRWage'. This will cause values to be silently truncated if they do not fit in the default precision and scale. Explicitly specify the SQL server column type that can accommodate all the values in 'OnModelCreating' using 'HasColumnType', specify precision and scale using 'HasPrecision', or configure a value converter using 'HasConversion'.
2026-04-14 16:38:29 | WRN | No store type was specified for the decimal property 'WagIssueHour' on entity type 'HRWage'. This will cause values to be silently truncated if they do not fit in the default precision and scale. Explicitly specify the SQL server column type that can accommodate all the values in 'OnModelCreating' using 'HasColumnType', specify precision and scale using 'HasPrecision', or configure a value converter using 'HasConversion'.
2026-04-14 16:38:29 | WRN | No store type was specified for the decimal property 'WagSubtotal' on entity type 'HRWage'. This will cause values to be silently truncated if they do not fit in the default precision and scale. Explicitly specify the SQL server column type that can accommodate all the values in 'OnModelCreating' using 'HasColumnType', specify precision and scale using 'HasPrecision', or configure a value converter using 'HasConversion'.
2026-04-14 16:38:34 | WRN | The query uses the 'First'/'FirstOrDefault' operator without 'OrderBy' and filter operators. This may lead to unpredictable results.
2026-04-14 16:38:35 | INF | ACTION_TRACE | Acc=admin | Path=/ | IP=::1 | Start=2026-04-14 16:38:28.294 | Elapsed=6824ms | Status=Completed
2026-04-14 16:38:35 | INF | NETWORK_UNSTABLE | Acc=admin | Path=/ | Reason=SlowRequest 6824ms
2026-04-14 16:38:35 | INF | ACTION_TRACE | Acc=admin | Path=/Captcha/Generate | IP=::1 | Start=2026-04-14 16:38:35.274 | Elapsed=37ms | Status=Completed
2026-04-14 16:38:35 | INF | ACTION_TRACE | Acc=admin | Path=/DNTCaptchaImage/Show | IP=::1 | Start=2026-04-14 16:38:35.333 | Elapsed=99ms | Status=Completed
2026-04-14 16:38:39 | INF | ACTION_TRACE | Acc=admin | Path=/AdminPortal/Account/Login | IP=::1 | Start=2026-04-14 16:38:39.098 | Elapsed=99ms | Status=Completed
2026-04-14 16:38:39 | INF | ACTION_TRACE | Acc=admin | Path=/Captcha/Generate | IP=::1 | Start=2026-04-14 16:38:39.262 | Elapsed=4ms | Status=Completed
2026-04-14 16:38:39 | INF | ACTION_TRACE | Acc=admin | Path=/DNTCaptchaImage/Show | IP=::1 | Start=2026-04-14 16:38:39.274 | Elapsed=19ms | Status=Completed
2026-04-14 16:38:51 | INF | ACTION_TRACE | Acc=admin | Path=/AdminPortal/Account/Login | IP=::1 | Start=2026-04-14 16:38:42.202 | Elapsed=9110ms | Status=Completed
2026-04-14 16:38:51 | INF | NETWORK_UNSTABLE | Acc=admin | Path=/AdminPortal/Account/Login | Reason=SlowRequest 9110ms
2026-04-14 16:38:51 | INF | ACTION_TRACE | Acc=admin | Path=/AdminPortal/Home/Index | IP=::1 | Start=2026-04-14 16:38:51.330 | Elapsed=149ms | Status=Completed
2026-04-14 16:38:57 | INF | CONTROLLER_EXEC | Acc= admin | IP=::1 | Path=ADS999002/ADS999002 | Message=GET /ADS999002/ADS999002
2026-04-14 16:38:57 | INF | ACTION_TRACE | Acc=admin | Path=/ADS999002/ADS999002 | IP=::1 | Start=2026-04-14 16:38:57.108 | Elapsed=17ms | Status=Completed
2026-04-14 16:38:57 | INF | ACTION_TRACE | Acc=admin | Path=/Home/AccessDenied | IP=::1 | Start=2026-04-14 16:38:57.130 | Elapsed=25ms | Status=Completed
2026-04-14 16:38:59 | INF | ACTION_TRACE | Acc=admin | Path=/.well-known/appspecific/com.chrome.devtools.json | IP=::1 | Start=2026-04-14 16:38:59.239 | Elapsed=0ms | Status=Completed
2026-04-14 16:39:02 | INF | CONTROLLER_EXEC | Acc= admin | IP=::1 | Path=ADS999002/ADS999002 | Message=GET /ADS999002/ADS999002
2026-04-14 16:39:02 | INF | ACTION_TRACE | Acc=admin | Path=/ADS999002/ADS999002 | IP=::1 | Start=2026-04-14 16:39:02.255 | Elapsed=0ms | Status=Completed
2026-04-14 16:39:02 | INF | ACTION_TRACE | Acc=admin | Path=/Home/AccessDenied | IP=::1 | Start=2026-04-14 16:39:02.261 | Elapsed=0ms | Status=Completed
2026-04-14 16:39:03 | INF | CONTROLLER_EXEC | Acc= admin | IP=::1 | Path=ADS999002/ADS999002 | Message=GET /ADS999002/ADS999002
2026-04-14 16:39:03 | INF | ACTION_TRACE | Acc=admin | Path=/ADS999002/ADS999002 | IP=::1 | Start=2026-04-14 16:39:03.456 | Elapsed=2ms | Status=Completed
2026-04-14 16:39:03 | INF | ACTION_TRACE | Acc=admin | Path=/Home/AccessDenied | IP=::1 | Start=2026-04-14 16:39:03.471 | Elapsed=1ms | Status=Completed
2026-04-14 16:39:50 | INF | CONTROLLER_EXEC | Acc= admin | IP=::1 | Path=ADS999002/ADS999002 | Message=GET /ADS999002/ADS999002
2026-04-14 16:39:50 | INF | ACTION_TRACE | Acc=admin | Path=/ADS999002/ADS999002 | IP=::1 | Start=2026-04-14 16:39:50.404 | Elapsed=1ms | Status=Completed
2026-04-14 16:39:50 | INF | ACTION_TRACE | Acc=admin | Path=/Home/AccessDenied | IP=::1 | Start=2026-04-14 16:39:50.411 | Elapsed=0ms | Status=Completed
2026-04-14 16:39:53 | INF | CONTROLLER_EXEC | Acc= admin | IP=::1 | Path=ADS999002/ADS999002 | Message=GET /ADS999002/ADS999002
2026-04-14 16:39:53 | INF | ACTION_TRACE | Acc=admin | Path=/ADS999002/ADS999002 | IP=::1 | Start=2026-04-14 16:39:53.971 | Elapsed=1ms | Status=Completed
2026-04-14 16:39:54 | INF | ACTION_TRACE | Acc=admin | Path=/Home/AccessDenied | IP=::1 | Start=2026-04-14 16:39:54.003 | Elapsed=0ms | Status=Completed
2026-04-14 16:45:27 | WRN | No store type was specified for the decimal property 'OveMoney' on entity type 'HROvertime'. This will cause values to be silently truncated if they do not fit in the default precision and scale. Explicitly specify the SQL server column type that can accommodate all the values in 'OnModelCreating' using 'HasColumnType', specify precision and scale using 'HasPrecision', or configure a value converter using 'HasConversion'.
2026-04-14 16:45:27 | WRN | No store type was specified for the decimal property 'Wag1D1Hour' on entity type 'HRWage'. This will cause values to be silently truncated if they do not fit in the default precision and scale. Explicitly specify the SQL server column type that can accommodate all the values in 'OnModelCreating' using 'HasColumnType', specify precision and scale using 'HasPrecision', or configure a value converter using 'HasConversion'.
2026-04-14 16:45:27 | WRN | No store type was specified for the decimal property 'Wag2D1Hour' on entity type 'HRWage'. This will cause values to be silently truncated if they do not fit in the default precision and scale. Explicitly specify the SQL server column type that can accommodate all the values in 'OnModelCreating' using 'HasColumnType', specify precision and scale using 'HasPrecision', or configure a value converter using 'HasConversion'.
2026-04-14 16:45:27 | WRN | No store type was specified for the decimal property 'Wag4D3Hour' on entity type 'HRWage'. This will cause values to be silently truncated if they do not fit in the default precision and scale. Explicitly specify the SQL server column type that can accommodate all the values in 'OnModelCreating' using 'HasColumnType', specify precision and scale using 'HasPrecision', or configure a value converter using 'HasConversion'.
2026-04-14 16:45:27 | WRN | No store type was specified for the decimal property 'Wag5D3Hour' on entity type 'HRWage'. This will cause values to be silently truncated if they do not fit in the default precision and scale. Explicitly specify the SQL server column type that can accommodate all the values in 'OnModelCreating' using 'HasColumnType', specify precision and scale using 'HasPrecision', or configure a value converter using 'HasConversion'.
2026-04-14 16:45:27 | WRN | No store type was specified for the decimal property 'Wag8D3Hour' on entity type 'HRWage'. This will cause values to be silently truncated if they do not fit in the default precision and scale. Explicitly specify the SQL server column type that can accommodate all the values in 'OnModelCreating' using 'HasColumnType', specify precision and scale using 'HasPrecision', or configure a value converter using 'HasConversion'.
2026-04-14 16:45:27 | WRN | No store type was specified for the decimal property 'WagApplyHour' on entity type 'HRWage'. This will cause values to be silently truncated if they do not fit in the default precision and scale. Explicitly specify the SQL server column type that can accommodate all the values in 'OnModelCreating' using 'HasColumnType', specify precision and scale using 'HasPrecision', or configure a value converter using 'HasConversion'.
2026-04-14 16:45:27 | WRN | No store type was specified for the decimal property 'WagIssueHour' on entity type 'HRWage'. This will cause values to be silently truncated if they do not fit in the default precision and scale. Explicitly specify the SQL server column type that can accommodate all the values in 'OnModelCreating' using 'HasColumnType', specify precision and scale using 'HasPrecision', or configure a value converter using 'HasConversion'.
2026-04-14 16:45:27 | WRN | No store type was specified for the decimal property 'WagSubtotal' on entity type 'HRWage'. This will cause values to be silently truncated if they do not fit in the default precision and scale. Explicitly specify the SQL server column type that can accommodate all the values in 'OnModelCreating' using 'HasColumnType', specify precision and scale using 'HasPrecision', or configure a value converter using 'HasConversion'.
2026-04-14 16:45:32 | WRN | The query uses the 'First'/'FirstOrDefault' operator without 'OrderBy' and filter operators. This may lead to unpredictable results.
2026-04-14 16:45:33 | INF | ACTION_TRACE | Acc=admin | Path=/ | IP=::1 | Start=2026-04-14 16:45:26.521 | Elapsed=7028ms | Status=Completed
2026-04-14 16:45:33 | INF | NETWORK_UNSTABLE | Acc=admin | Path=/ | Reason=SlowRequest 7028ms
2026-04-14 16:45:33 | INF | ACTION_TRACE | Acc=admin | Path=/Captcha/Generate | IP=::1 | Start=2026-04-14 16:45:33.720 | Elapsed=42ms | Status=Completed
2026-04-14 16:45:33 | INF | ACTION_TRACE | Acc=admin | Path=/DNTCaptchaImage/Show | IP=::1 | Start=2026-04-14 16:45:33.792 | Elapsed=122ms | Status=Completed
2026-04-14 16:45:44 | INF | ACTION_TRACE | Acc=admin | Path=/Account/Login | IP=::1 | Start=2026-04-14 16:45:37.806 | Elapsed=6378ms | Status=Completed
2026-04-14 16:45:44 | INF | NETWORK_UNSTABLE | Acc=admin | Path=/Account/Login | Reason=SlowRequest 6378ms
2026-04-14 16:45:44 | INF | ACTION_TRACE | Acc=admin | Path=/Home/Index | IP=::1 | Start=2026-04-14 16:45:44.204 | Elapsed=240ms | Status=Completed
2026-04-14 16:45:46 | INF | ACTION_TRACE | Acc=admin | Path=/ | IP=::1 | Start=2026-04-14 16:45:46.061 | Elapsed=240ms | Status=Completed
2026-04-14 16:45:46 | INF | ACTION_TRACE | Acc=admin | Path=/Captcha/Generate | IP=::1 | Start=2026-04-14 16:45:46.362 | Elapsed=2ms | Status=Completed
2026-04-14 16:45:46 | INF | ACTION_TRACE | Acc=admin | Path=/DNTCaptchaImage/Show | IP=::1 | Start=2026-04-14 16:45:46.376 | Elapsed=15ms | Status=Completed
2026-04-14 16:45:47 | INF | ACTION_TRACE | Acc=admin | Path=/AdminPortal/Account/Login | IP=::1 | Start=2026-04-14 16:45:47.708 | Elapsed=30ms | Status=Completed
2026-04-14 16:45:47 | INF | ACTION_TRACE | Acc=admin | Path=/Captcha/Generate | IP=::1 | Start=2026-04-14 16:45:47.803 | Elapsed=1ms | Status=Completed
2026-04-14 16:45:47 | INF | ACTION_TRACE | Acc=admin | Path=/DNTCaptchaImage/Show | IP=::1 | Start=2026-04-14 16:45:47.814 | Elapsed=14ms | Status=Completed
2026-04-14 16:45:52 | INF | ACTION_TRACE | Acc=admin | Path=/AdminPortal/Account/Login | IP=::1 | Start=2026-04-14 16:45:50.519 | Elapsed=1780ms | Status=Completed
2026-04-14 16:45:52 | INF | ACTION_TRACE | Acc=admin | Path=/AdminPortal/Home/Index | IP=::1 | Start=2026-04-14 16:45:52.310 | Elapsed=94ms | Status=Completed
2026-04-14 16:45:56 | INF | CONTROLLER_EXEC | Acc= admin | IP=::1 | Path=ADS999002/ADS999002 | Message=GET /ADS999002/ADS999002
2026-04-14 16:45:56 | INF | ACTION_TRACE | Acc=admin | Path=/ADS999002/ADS999002 | IP=::1 | Start=2026-04-14 16:45:56.124 | Elapsed=73ms | Status=Completed
2026-04-14 16:45:57 | INF | CONTROLLER_EXEC | Acc= admin | IP=::1 | Path=ADS999002/ADS999002 | Message=GET /ADS999002/ADS999002
2026-04-14 16:45:57 | INF | ACTION_TRACE | Acc=admin | Path=/ADS999002/ADS999002 | IP=::1 | Start=2026-04-14 16:45:57.087 | Elapsed=3ms | Status=Completed
2026-04-14 16:45:57 | INF | CONTROLLER_EXEC | Acc= admin | IP=::1 | Path=ADS999002/ADS999002 | Message=GET /ADS999002/ADS999002
2026-04-14 16:45:57 | INF | ACTION_TRACE | Acc=admin | Path=/ADS999002/ADS999002 | IP=::1 | Start=2026-04-14 16:45:57.529 | Elapsed=7ms | Status=Completed
2026-04-14 16:45:57 | INF | CONTROLLER_EXEC | Acc= admin | IP=::1 | Path=ADS999002/ADS999002 | Message=GET /ADS999002/ADS999002
2026-04-14 16:45:57 | INF | ACTION_TRACE | Acc=admin | Path=/ADS999002/ADS999002 | IP=::1 | Start=2026-04-14 16:45:57.931 | Elapsed=2ms | Status=Completed
2026-04-14 16:45:58 | INF | ACTION_TRACE | Acc=admin | Path=/.well-known/appspecific/com.chrome.devtools.json | IP=::1 | Start=2026-04-14 16:45:58.518 | Elapsed=0ms | Status=Completed
2026-04-14 16:46:00 | INF | ACTION_TRACE | Acc=admin | Path=/.well-known/appspecific/com.chrome.devtools.json | IP=::1 | Start=2026-04-14 16:46:00.737 | Elapsed=0ms | Status=Completed
2026-04-14 16:46:06 | INF | CONTROLLER_EXEC | Acc= admin | IP=::1 | Path=ADS999002/ADS999002 | Message=GET /ADS999002/ADS999002
2026-04-14 16:46:06 | INF | ACTION_TRACE | Acc=admin | Path=/ADS999002/ADS999002 | IP=::1 | Start=2026-04-14 16:46:06.546 | Elapsed=5ms | Status=Completed
2026-04-14 16:46:11 | INF | CONTROLLER_EXEC | Acc= admin | IP=::1 | Path=ADS999002/ADS999002 | Message=GET /ADS999002/ADS999002
2026-04-14 16:46:11 | INF | ACTION_TRACE | Acc=admin | Path=/ADS999002/ADS999002 | IP=::1 | Start=2026-04-14 16:46:11.481 | Elapsed=7ms | Status=Completed
2026-04-14 16:46:23 | INF | CONTROLLER_EXEC | Acc= admin | IP=::1 | Path=ADS999002/ADS999002 | Message=GET /ADS999002/ADS999002
2026-04-14 16:46:23 | INF | ACTION_TRACE | Acc=admin | Path=/ADS999002/ADS999002 | IP=::1 | Start=2026-04-14 16:46:23.708 | Elapsed=8ms | Status=Completed
2026-04-14 16:46:24 | INF | CONTROLLER_EXEC | Acc= admin | IP=::1 | Path=ADS999002/ADS999002 | Message=GET /ADS999002/ADS999002
2026-04-14 16:46:24 | INF | ACTION_TRACE | Acc=admin | Path=/ADS999002/ADS999002 | IP=::1 | Start=2026-04-14 16:46:24.668 | Elapsed=6ms | Status=Completed
2026-04-14 16:47:03 | WRN | No store type was specified for the decimal property 'OveMoney' on entity type 'HROvertime'. This will cause values to be silently truncated if they do not fit in the default precision and scale. Explicitly specify the SQL server column type that can accommodate all the values in 'OnModelCreating' using 'HasColumnType', specify precision and scale using 'HasPrecision', or configure a value converter using 'HasConversion'.
2026-04-14 16:47:03 | WRN | No store type was specified for the decimal property 'Wag1D1Hour' on entity type 'HRWage'. This will cause values to be silently truncated if they do not fit in the default precision and scale. Explicitly specify the SQL server column type that can accommodate all the values in 'OnModelCreating' using 'HasColumnType', specify precision and scale using 'HasPrecision', or configure a value converter using 'HasConversion'.
2026-04-14 16:47:03 | WRN | No store type was specified for the decimal property 'Wag2D1Hour' on entity type 'HRWage'. This will cause values to be silently truncated if they do not fit in the default precision and scale. Explicitly specify the SQL server column type that can accommodate all the values in 'OnModelCreating' using 'HasColumnType', specify precision and scale using 'HasPrecision', or configure a value converter using 'HasConversion'.
2026-04-14 16:47:03 | WRN | No store type was specified for the decimal property 'Wag4D3Hour' on entity type 'HRWage'. This will cause values to be silently truncated if they do not fit in the default precision and scale. Explicitly specify the SQL server column type that can accommodate all the values in 'OnModelCreating' using 'HasColumnType', specify precision and scale using 'HasPrecision', or configure a value converter using 'HasConversion'.
2026-04-14 16:47:03 | WRN | No store type was specified for the decimal property 'Wag5D3Hour' on entity type 'HRWage'. This will cause values to be silently truncated if they do not fit in the default precision and scale. Explicitly specify the SQL server column type that can accommodate all the values in 'OnModelCreating' using 'HasColumnType', specify precision and scale using 'HasPrecision', or configure a value converter using 'HasConversion'.
2026-04-14 16:47:03 | WRN | No store type was specified for the decimal property 'Wag8D3Hour' on entity type 'HRWage'. This will cause values to be silently truncated if they do not fit in the default precision and scale. Explicitly specify the SQL server column type that can accommodate all the values in 'OnModelCreating' using 'HasColumnType', specify precision and scale using 'HasPrecision', or configure a value converter using 'HasConversion'.
2026-04-14 16:47:03 | WRN | No store type was specified for the decimal property 'WagApplyHour' on entity type 'HRWage'. This will cause values to be silently truncated if they do not fit in the default precision and scale. Explicitly specify the SQL server column type that can accommodate all the values in 'OnModelCreating' using 'HasColumnType', specify precision and scale using 'HasPrecision', or configure a value converter using 'HasConversion'.
2026-04-14 16:47:03 | WRN | No store type was specified for the decimal property 'WagIssueHour' on entity type 'HRWage'. This will cause values to be silently truncated if they do not fit in the default precision and scale. Explicitly specify the SQL server column type that can accommodate all the values in 'OnModelCreating' using 'HasColumnType', specify precision and scale using 'HasPrecision', or configure a value converter using 'HasConversion'.
2026-04-14 16:47:03 | WRN | No store type was specified for the decimal property 'WagSubtotal' on entity type 'HRWage'. This will cause values to be silently truncated if they do not fit in the default precision and scale. Explicitly specify the SQL server column type that can accommodate all the values in 'OnModelCreating' using 'HasColumnType', specify precision and scale using 'HasPrecision', or configure a value converter using 'HasConversion'.
2026-04-14 16:47:08 | WRN | The query uses the 'First'/'FirstOrDefault' operator without 'OrderBy' and filter operators. This may lead to unpredictable results.
2026-04-14 16:47:09 | INF | ACTION_TRACE | Acc=admin | Path=/ | IP=::1 | Start=2026-04-14 16:47:02.653 | Elapsed=6971ms | Status=Completed
2026-04-14 16:47:09 | INF | NETWORK_UNSTABLE | Acc=admin | Path=/ | Reason=SlowRequest 6971ms
2026-04-14 16:47:09 | INF | ACTION_TRACE | Acc=admin | Path=/Captcha/Generate | IP=::1 | Start=2026-04-14 16:47:09.780 | Elapsed=54ms | Status=Completed
2026-04-14 16:47:09 | INF | ACTION_TRACE | Acc=admin | Path=/DNTCaptchaImage/Show | IP=::1 | Start=2026-04-14 16:47:09.857 | Elapsed=103ms | Status=Completed
2026-04-14 16:47:20 | INF | ACTION_TRACE | Acc=admin | Path=/Account/Login | IP=::1 | Start=2026-04-14 16:47:14.271 | Elapsed=6459ms | Status=Completed
2026-04-14 16:47:20 | INF | NETWORK_UNSTABLE | Acc=admin | Path=/Account/Login | Reason=SlowRequest 6459ms
2026-04-14 16:47:21 | INF | ACTION_TRACE | Acc=admin | Path=/Home/Index | IP=::1 | Start=2026-04-14 16:47:20.748 | Elapsed=264ms | Status=Completed
2026-04-14 16:47:23 | INF | ACTION_TRACE | Acc=admin | Path=/ | IP=::1 | Start=2026-04-14 16:47:23.657 | Elapsed=264ms | Status=Completed
2026-04-14 16:47:23 | INF | ACTION_TRACE | Acc=admin | Path=/Captcha/Generate | IP=::1 | Start=2026-04-14 16:47:23.973 | Elapsed=2ms | Status=Completed
2026-04-14 16:47:23 | INF | ACTION_TRACE | Acc=admin | Path=/DNTCaptchaImage/Show | IP=::1 | Start=2026-04-14 16:47:23.985 | Elapsed=14ms | Status=Completed
2026-04-14 16:47:24 | INF | ACTION_TRACE | Acc=admin | Path=/AdminPortal/Account/Login | IP=::1 | Start=2026-04-14 16:47:24.913 | Elapsed=16ms | Status=Completed
2026-04-14 16:47:25 | INF | ACTION_TRACE | Acc=admin | Path=/Captcha/Generate | IP=::1 | Start=2026-04-14 16:47:25.000 | Elapsed=1ms | Status=Completed
2026-04-14 16:47:25 | INF | ACTION_TRACE | Acc=admin | Path=/DNTCaptchaImage/Show | IP=::1 | Start=2026-04-14 16:47:25.009 | Elapsed=17ms | Status=Completed
2026-04-14 16:47:32 | INF | ACTION_TRACE | Acc=admin | Path=/AdminPortal/Account/Login | IP=::1 | Start=2026-04-14 16:47:28.611 | Elapsed=3993ms | Status=Completed
2026-04-14 16:47:32 | INF | NETWORK_UNSTABLE | Acc=admin | Path=/AdminPortal/Account/Login | Reason=SlowRequest 3993ms
2026-04-14 16:47:32 | INF | ACTION_TRACE | Acc=admin | Path=/AdminPortal/Home/Index | IP=::1 | Start=2026-04-14 16:47:32.625 | Elapsed=93ms | Status=Completed
2026-04-14 16:47:37 | INF | CONTROLLER_EXEC | Acc= admin | IP=::1 | Path=ADS999002/ADS999002 | Message=GET /ADS999002/ADS999002
2026-04-14 16:47:37 | INF | ACTION_TRACE | Acc=admin | Path=/ADS999002/ADS999002 | IP=::1 | Start=2026-04-14 16:47:37.245 | Elapsed=77ms | Status=Completed
2026-04-14 16:47:38 | INF | CONTROLLER_EXEC | Acc= admin | IP=::1 | Path=ADS999002/ADS999002 | Message=GET /ADS999002/ADS999002
2026-04-14 16:47:38 | INF | ACTION_TRACE | Acc=admin | Path=/ADS999002/ADS999002 | IP=::1 | Start=2026-04-14 16:47:38.107 | Elapsed=3ms | Status=Completed
2026-04-14 16:47:38 | INF | CONTROLLER_EXEC | Acc= admin | IP=::1 | Path=ADS999002/ADS999002 | Message=GET /ADS999002/ADS999002
2026-04-14 16:47:38 | INF | ACTION_TRACE | Acc=admin | Path=/ADS999002/ADS999002 | IP=::1 | Start=2026-04-14 16:47:38.579 | Elapsed=7ms | Status=Completed
2026-04-14 16:47:39 | INF | CONTROLLER_EXEC | Acc= admin | IP=::1 | Path=ADS999002/ADS999002 | Message=GET /ADS999002/ADS999002
2026-04-14 16:47:39 | INF | ACTION_TRACE | Acc=admin | Path=/ADS999002/ADS999002 | IP=::1 | Start=2026-04-14 16:47:39.003 | Elapsed=3ms | Status=Completed
2026-04-14 16:47:39 | INF | CONTROLLER_EXEC | Acc= admin | IP=::1 | Path=ADS999002/ADS999002 | Message=GET /ADS999002/ADS999002
2026-04-14 16:47:39 | INF | ACTION_TRACE | Acc=admin | Path=/ADS999002/ADS999002 | IP=::1 | Start=2026-04-14 16:47:39.381 | Elapsed=4ms | Status=Completed
2026-04-14 16:47:40 | INF | ACTION_TRACE | Acc=admin | Path=/.well-known/appspecific/com.chrome.devtools.json | IP=::1 | Start=2026-04-14 16:47:40.134 | Elapsed=0ms | Status=Completed
2026-04-14 16:47:42 | INF | ACTION_TRACE | Acc=admin | Path=/AdminPortal/Home/Index | IP=::1 | Start=2026-04-14 16:47:42.122 | Elapsed=5ms | Status=Completed
2026-04-14 16:47:42 | INF | ACTION_TRACE | Acc=admin | Path=/.well-known/appspecific/com.chrome.devtools.json | IP=::1 | Start=2026-04-14 16:47:42.182 | Elapsed=0ms | Status=Completed
2026-04-14 16:47:45 | INF | CONTROLLER_EXEC | Acc= admin | IP=::1 | Path=ADS999002/ADS999002 | Message=GET /ADS999002/ADS999002
2026-04-14 16:47:45 | INF | ACTION_TRACE | Acc=admin | Path=/ADS999002/ADS999002 | IP=::1 | Start=2026-04-14 16:47:45.479 | Elapsed=5ms | Status=Completed
2026-04-14 16:47:48 | INF | CONTROLLER_EXEC | Acc= admin | IP=::1 | Path=ADS999002/ADS999002 | Message=GET /ADS999002/ADS999002
2026-04-14 16:47:48 | INF | ACTION_TRACE | Acc=admin | Path=/ADS999002/ADS999002 | IP=::1 | Start=2026-04-14 16:47:48.951 | Elapsed=3ms | Status=Completed
2026-04-14 16:47:56 | INF | ACTION_TRACE | Acc=admin | Path=/Home/Index | IP=::1 | Start=2026-04-14 16:47:56.390 | Elapsed=16ms | Status=Completed
2026-04-14 16:55:12 | WRN | No store type was specified for the decimal property 'OveMoney' on entity type 'HROvertime'. This will cause values to be silently truncated if they do not fit in the default precision and scale. Explicitly specify the SQL server column type that can accommodate all the values in 'OnModelCreating' using 'HasColumnType', specify precision and scale using 'HasPrecision', or configure a value converter using 'HasConversion'.
2026-04-14 16:55:12 | WRN | No store type was specified for the decimal property 'Wag1D1Hour' on entity type 'HRWage'. This will cause values to be silently truncated if they do not fit in the default precision and scale. Explicitly specify the SQL server column type that can accommodate all the values in 'OnModelCreating' using 'HasColumnType', specify precision and scale using 'HasPrecision', or configure a value converter using 'HasConversion'.
2026-04-14 16:55:12 | WRN | No store type was specified for the decimal property 'Wag2D1Hour' on entity type 'HRWage'. This will cause values to be silently truncated if they do not fit in the default precision and scale. Explicitly specify the SQL server column type that can accommodate all the values in 'OnModelCreating' using 'HasColumnType', specify precision and scale using 'HasPrecision', or configure a value converter using 'HasConversion'.
2026-04-14 16:55:12 | WRN | No store type was specified for the decimal property 'Wag4D3Hour' on entity type 'HRWage'. This will cause values to be silently truncated if they do not fit in the default precision and scale. Explicitly specify the SQL server column type that can accommodate all the values in 'OnModelCreating' using 'HasColumnType', specify precision and scale using 'HasPrecision', or configure a value converter using 'HasConversion'.
2026-04-14 16:55:12 | WRN | No store type was specified for the decimal property 'Wag5D3Hour' on entity type 'HRWage'. This will cause values to be silently truncated if they do not fit in the default precision and scale. Explicitly specify the SQL server column type that can accommodate all the values in 'OnModelCreating' using 'HasColumnType', specify precision and scale using 'HasPrecision', or configure a value converter using 'HasConversion'.
2026-04-14 16:55:12 | WRN | No store type was specified for the decimal property 'Wag8D3Hour' on entity type 'HRWage'. This will cause values to be silently truncated if they do not fit in the default precision and scale. Explicitly specify the SQL server column type that can accommodate all the values in 'OnModelCreating' using 'HasColumnType', specify precision and scale using 'HasPrecision', or configure a value converter using 'HasConversion'.
2026-04-14 16:55:12 | WRN | No store type was specified for the decimal property 'WagApplyHour' on entity type 'HRWage'. This will cause values to be silently truncated if they do not fit in the default precision and scale. Explicitly specify the SQL server column type that can accommodate all the values in 'OnModelCreating' using 'HasColumnType', specify precision and scale using 'HasPrecision', or configure a value converter using 'HasConversion'.
2026-04-14 16:55:12 | WRN | No store type was specified for the decimal property 'WagIssueHour' on entity type 'HRWage'. This will cause values to be silently truncated if they do not fit in the default precision and scale. Explicitly specify the SQL server column type that can accommodate all the values in 'OnModelCreating' using 'HasColumnType', specify precision and scale using 'HasPrecision', or configure a value converter using 'HasConversion'.
2026-04-14 16:55:12 | WRN | No store type was specified for the decimal property 'WagSubtotal' on entity type 'HRWage'. This will cause values to be silently truncated if they do not fit in the default precision and scale. Explicitly specify the SQL server column type that can accommodate all the values in 'OnModelCreating' using 'HasColumnType', specify precision and scale using 'HasPrecision', or configure a value converter using 'HasConversion'.
2026-04-14 16:55:17 | WRN | The query uses the 'First'/'FirstOrDefault' operator without 'OrderBy' and filter operators. This may lead to unpredictable results.
2026-04-14 16:55:18 | INF | ACTION_TRACE | Acc=admin | Path=/ | IP=::1 | Start=2026-04-14 16:55:11.481 | Elapsed=6830ms | Status=Completed
2026-04-14 16:55:18 | INF | NETWORK_UNSTABLE | Acc=admin | Path=/ | Reason=SlowRequest 6830ms
2026-04-14 16:55:18 | INF | ACTION_TRACE | Acc=admin | Path=/Captcha/Generate | IP=::1 | Start=2026-04-14 16:55:18.475 | Elapsed=38ms | Status=Completed
2026-04-14 16:55:18 | INF | ACTION_TRACE | Acc=admin | Path=/DNTCaptchaImage/Show | IP=::1 | Start=2026-04-14 16:55:18.538 | Elapsed=105ms | Status=Completed
2026-04-14 16:55:21 | INF | ACTION_TRACE | Acc=admin | Path=/AdminPortal/Account/Login | IP=::1 | Start=2026-04-14 16:55:21.458 | Elapsed=101ms | Status=Completed
2026-04-14 16:55:21 | INF | ACTION_TRACE | Acc=admin | Path=/Captcha/Generate | IP=::1 | Start=2026-04-14 16:55:21.640 | Elapsed=5ms | Status=Completed
2026-04-14 16:55:21 | INF | ACTION_TRACE | Acc=admin | Path=/DNTCaptchaImage/Show | IP=::1 | Start=2026-04-14 16:55:21.654 | Elapsed=13ms | Status=Completed
2026-04-14 16:55:35 | INF | ACTION_TRACE | Acc=admin | Path=/AdminPortal/Account/Login | IP=::1 | Start=2026-04-14 16:55:25.095 | Elapsed=10142ms | Status=Completed
2026-04-14 16:55:35 | INF | NETWORK_UNSTABLE | Acc=admin | Path=/AdminPortal/Account/Login | Reason=SlowRequest 10142ms
2026-04-14 16:55:35 | INF | ACTION_TRACE | Acc=admin | Path=/AdminPortal/Home/Index | IP=::1 | Start=2026-04-14 16:55:35.252 | Elapsed=133ms | Status=Completed
2026-04-14 16:55:38 | INF | CONTROLLER_EXEC | Acc= admin | IP=::1 | Path=ADS999002/ADS999002 | Message=GET /ADS999002/ADS999002
2026-04-14 16:55:38 | INF | ACTION_TRACE | Acc=admin | Path=/ADS999002/ADS999002 | IP=::1 | Start=2026-04-14 16:55:38.048 | Elapsed=16ms | Status=Completed
2026-04-14 16:55:38 | INF | ACTION_TRACE | Acc=admin | Path=/Home/AccessDenied | IP=::1 | Start=2026-04-14 16:55:38.071 | Elapsed=30ms | Status=Completed
2026-04-14 16:55:39 | INF | CONTROLLER_EXEC | Acc= admin | IP=::1 | Path=ADS999002/ADS999002 | Message=GET /ADS999002/ADS999002
2026-04-14 16:55:39 | INF | ACTION_TRACE | Acc=admin | Path=/ADS999002/ADS999002 | IP=::1 | Start=2026-04-14 16:55:39.191 | Elapsed=0ms | Status=Completed
2026-04-14 16:55:39 | INF | ACTION_TRACE | Acc=admin | Path=/Home/AccessDenied | IP=::1 | Start=2026-04-14 16:55:39.206 | Elapsed=0ms | Status=Completed
2026-04-14 16:55:39 | INF | CONTROLLER_EXEC | Acc= admin | IP=::1 | Path=ADS999002/ADS999002 | Message=GET /ADS999002/ADS999002
2026-04-14 16:55:39 | INF | ACTION_TRACE | Acc=admin | Path=/ADS999002/ADS999002 | IP=::1 | Start=2026-04-14 16:55:39.524 | Elapsed=1ms | Status=Completed
2026-04-14 16:55:39 | INF | ACTION_TRACE | Acc=admin | Path=/Home/AccessDenied | IP=::1 | Start=2026-04-14 16:55:39.538 | Elapsed=5ms | Status=Completed
2026-04-14 16:55:39 | INF | CONTROLLER_EXEC | Acc= admin | IP=::1 | Path=ADS999002/ADS999002 | Message=GET /ADS999002/ADS999002
2026-04-14 16:55:39 | INF | ACTION_TRACE | Acc=admin | Path=/ADS999002/ADS999002 | IP=::1 | Start=2026-04-14 16:55:39.977 | Elapsed=0ms | Status=Completed
2026-04-14 16:55:39 | INF | ACTION_TRACE | Acc=admin | Path=/Home/AccessDenied | IP=::1 | Start=2026-04-14 16:55:39.988 | Elapsed=0ms | Status=Completed
2026-04-14 16:55:40 | INF | CONTROLLER_EXEC | Acc= admin | IP=::1 | Path=ADS999002/ADS999002 | Message=GET /ADS999002/ADS999002
2026-04-14 16:55:40 | INF | ACTION_TRACE | Acc=admin | Path=/ADS999002/ADS999002 | IP=::1 | Start=2026-04-14 16:55:40.441 | Elapsed=0ms | Status=Completed
2026-04-14 16:55:40 | INF | ACTION_TRACE | Acc=admin | Path=/Home/AccessDenied | IP=::1 | Start=2026-04-14 16:55:40.454 | Elapsed=0ms | Status=Completed
2026-04-14 16:55:41 | INF | ACTION_TRACE | Acc=admin | Path=/.well-known/appspecific/com.chrome.devtools.json | IP=::1 | Start=2026-04-14 16:55:41.188 | Elapsed=0ms | Status=Completed
2026-04-14 16:55:47 | INF | CONTROLLER_EXEC | Acc= admin | IP=::1 | Path=ADS999002/ADS999002 | Message=GET /ADS999002/ADS999002
2026-04-14 16:55:47 | INF | ACTION_TRACE | Acc=admin | Path=/ADS999002/ADS999002 | IP=::1 | Start=2026-04-14 16:55:47.771 | Elapsed=1ms | Status=Completed
2026-04-14 16:55:47 | INF | ACTION_TRACE | Acc=admin | Path=/Home/AccessDenied | IP=::1 | Start=2026-04-14 16:55:47.785 | Elapsed=0ms | Status=Completed
