2026-04-17 08:13:54 | INF | ACTION_TRACE | Acc=admin | Path=/AdminPortal/Home/Index | IP=::1 | Start=2026-04-17 08:13:54.608 | Elapsed=129ms | Status=Completed
2026-04-17 08:13:58 | INF | CONTROLLER_EXEC | Acc= admin | IP=::1 | Path=ADS999002/ADS999002 | Message=GET /ADS999002/ADS999002
2026-04-17 08:13:58 | INF | ACTION_TRACE | Acc=admin | Path=/ADS999002/ADS999002 | IP=::1 | Start=2026-04-17 08:13:58.293 | Elapsed=83ms | Status=Completed
2026-04-17 08:13:58 | INF | CONTROLLER_EXEC | Acc= admin | IP=::1 | Path=ADS999002/GetAllRoleList | Message=POST /ADS999002/GetAllRoleList
2026-04-17 08:13:58 | INF | ACTION_TRACE | Acc=admin | Path=/ADS999002/GetAllRoleList | IP=::1 | Start=2026-04-17 08:13:58.455 | Elapsed=66ms | Status=Completed
2026-04-17 08:14:01 | INF | ACTION_TRACE | Acc=admin | Path=/.well-known/appspecific/com.chrome.devtools.json | IP=::1 | Start=2026-04-17 08:14:01.108 | Elapsed=0ms | Status=Completed
2026-04-17 08:14:01 | INF | ACTION_TRACE | Acc=admin | Path=/sm/6cf3a2be173716d0e4726c68ef6634f00cefa4e7428560c2debae6f24389d3c1.map | IP=::1 | Start=2026-04-17 08:14:01.208 | Elapsed=0ms | Status=Completed
2026-04-17 08:45:36 | WRN | No store type was specified for the decimal property 'OveMoney' on entity type 'HROvertime'. This will cause values to be silently truncated if they do not fit in the default precision and scale. Explicitly specify the SQL server column type that can accommodate all the values in 'OnModelCreating' using 'HasColumnType', specify precision and scale using 'HasPrecision', or configure a value converter using 'HasConversion'.
2026-04-17 08:45:36 | WRN | No store type was specified for the decimal property 'Wag1D1Hour' on entity type 'HRWage'. This will cause values to be silently truncated if they do not fit in the default precision and scale. Explicitly specify the SQL server column type that can accommodate all the values in 'OnModelCreating' using 'HasColumnType', specify precision and scale using 'HasPrecision', or configure a value converter using 'HasConversion'.
2026-04-17 08:45:36 | WRN | No store type was specified for the decimal property 'Wag2D1Hour' on entity type 'HRWage'. This will cause values to be silently truncated if they do not fit in the default precision and scale. Explicitly specify the SQL server column type that can accommodate all the values in 'OnModelCreating' using 'HasColumnType', specify precision and scale using 'HasPrecision', or configure a value converter using 'HasConversion'.
2026-04-17 08:45:36 | WRN | No store type was specified for the decimal property 'Wag4D3Hour' on entity type 'HRWage'. This will cause values to be silently truncated if they do not fit in the default precision and scale. Explicitly specify the SQL server column type that can accommodate all the values in 'OnModelCreating' using 'HasColumnType', specify precision and scale using 'HasPrecision', or configure a value converter using 'HasConversion'.
2026-04-17 08:45:36 | WRN | No store type was specified for the decimal property 'Wag5D3Hour' on entity type 'HRWage'. This will cause values to be silently truncated if they do not fit in the default precision and scale. Explicitly specify the SQL server column type that can accommodate all the values in 'OnModelCreating' using 'HasColumnType', specify precision and scale using 'HasPrecision', or configure a value converter using 'HasConversion'.
2026-04-17 08:45:36 | WRN | No store type was specified for the decimal property 'Wag8D3Hour' on entity type 'HRWage'. This will cause values to be silently truncated if they do not fit in the default precision and scale. Explicitly specify the SQL server column type that can accommodate all the values in 'OnModelCreating' using 'HasColumnType', specify precision and scale using 'HasPrecision', or configure a value converter using 'HasConversion'.
2026-04-17 08:45:36 | WRN | No store type was specified for the decimal property 'WagApplyHour' on entity type 'HRWage'. This will cause values to be silently truncated if they do not fit in the default precision and scale. Explicitly specify the SQL server column type that can accommodate all the values in 'OnModelCreating' using 'HasColumnType', specify precision and scale using 'HasPrecision', or configure a value converter using 'HasConversion'.
2026-04-17 08:45:36 | WRN | No store type was specified for the decimal property 'WagIssueHour' on entity type 'HRWage'. This will cause values to be silently truncated if they do not fit in the default precision and scale. Explicitly specify the SQL server column type that can accommodate all the values in 'OnModelCreating' using 'HasColumnType', specify precision and scale using 'HasPrecision', or configure a value converter using 'HasConversion'.
2026-04-17 08:45:36 | WRN | No store type was specified for the decimal property 'WagSubtotal' on entity type 'HRWage'. This will cause values to be silently truncated if they do not fit in the default precision and scale. Explicitly specify the SQL server column type that can accommodate all the values in 'OnModelCreating' using 'HasColumnType', specify precision and scale using 'HasPrecision', or configure a value converter using 'HasConversion'.
2026-04-17 08:45:42 | WRN | The query uses the 'First'/'FirstOrDefault' operator without 'OrderBy' and filter operators. This may lead to unpredictable results.
2026-04-17 08:45:43 | INF | ACTION_TRACE | Acc=admin | Path=/ | IP=::1 | Start=2026-04-17 08:45:35.967 | Elapsed=7089ms | Status=Completed
2026-04-17 08:45:43 | INF | NETWORK_UNSTABLE | Acc=admin | Path=/ | Reason=SlowRequest 7089ms
2026-04-17 08:45:43 | INF | ACTION_TRACE | Acc=admin | Path=/Captcha/Generate | IP=::1 | Start=2026-04-17 08:45:43.245 | Elapsed=46ms | Status=Completed
2026-04-17 08:45:43 | INF | ACTION_TRACE | Acc=admin | Path=/DNTCaptchaImage/Show | IP=::1 | Start=2026-04-17 08:45:43.312 | Elapsed=132ms | Status=Completed
2026-04-17 08:45:45 | INF | ACTION_TRACE | Acc=admin | Path=/AdminPortal/Account/Login | IP=::1 | Start=2026-04-17 08:45:45.236 | Elapsed=120ms | Status=Completed
2026-04-17 08:45:45 | INF | ACTION_TRACE | Acc=admin | Path=/Captcha/Generate | IP=::1 | Start=2026-04-17 08:45:45.430 | Elapsed=4ms | Status=Completed
2026-04-17 08:45:45 | INF | ACTION_TRACE | Acc=admin | Path=/DNTCaptchaImage/Show | IP=::1 | Start=2026-04-17 08:45:45.443 | Elapsed=14ms | Status=Completed
2026-04-17 08:45:51 | INF | ACTION_TRACE | Acc=admin | Path=/.well-known/appspecific/com.chrome.devtools.json | IP=::1 | Start=2026-04-17 08:45:51.368 | Elapsed=0ms | Status=Completed
2026-04-17 08:45:56 | INF | ACTION_TRACE | Acc=admin | Path=/AdminPortal/Account/Login | IP=::1 | Start=2026-04-17 08:45:48.254 | Elapsed=8167ms | Status=Completed
2026-04-17 08:45:56 | INF | NETWORK_UNSTABLE | Acc=admin | Path=/AdminPortal/Account/Login | Reason=SlowRequest 8167ms
2026-04-17 08:45:56 | INF | ACTION_TRACE | Acc=admin | Path=/AdminPortal/Home/Index | IP=::1 | Start=2026-04-17 08:45:56.438 | Elapsed=134ms | Status=Completed
2026-04-17 08:45:56 | INF | ACTION_TRACE | Acc=admin | Path=/.well-known/appspecific/com.chrome.devtools.json | IP=::1 | Start=2026-04-17 08:45:56.695 | Elapsed=0ms | Status=Completed
2026-04-17 08:46:01 | INF | CONTROLLER_EXEC | Acc= admin | IP=::1 | Path=ADS999002/ADS999002 | Message=GET /ADS999002/ADS999002
2026-04-17 08:46:01 | INF | ACTION_TRACE | Acc=admin | Path=/ADS999002/ADS999002 | IP=::1 | Start=2026-04-17 08:46:01.019 | Elapsed=91ms | Status=Completed
2026-04-17 08:46:01 | INF | ACTION_TRACE | Acc=admin | Path=/sm/6cf3a2be173716d0e4726c68ef6634f00cefa4e7428560c2debae6f24389d3c1.map | IP=::1 | Start=2026-04-17 08:46:01.161 | Elapsed=0ms | Status=Completed
2026-04-17 08:46:01 | INF | CONTROLLER_EXEC | Acc= admin | IP=::1 | Path=ADS999002/GetAllRoleList | Message=POST /ADS999002/GetAllRoleList
2026-04-17 08:46:01 | INF | ACTION_TRACE | Acc=admin | Path=/ADS999002/GetAllRoleList | IP=::1 | Start=2026-04-17 08:46:01.293 | Elapsed=96ms | Status=Completed
2026-04-17 08:46:11 | INF | CONTROLLER_EXEC | Acc= admin | IP=::1 | Path=ADS999002/GetPermission | Message=POST /ADS999002/GetPermission
2026-04-17 08:46:11 | INF | ACTION_TRACE | Acc=admin | Path=/ADS999002/GetPermission | IP=::1 | Start=2026-04-17 08:46:11.265 | Elapsed=170ms | Status=Completed
2026-04-17 08:46:13 | INF | CONTROLLER_EXEC | Acc= admin | IP=::1 | Path=ADS999002/GetRoleByNo | Message=GET /ADS999002/GetRoleByNo
2026-04-17 08:46:13 | INF | ACTION_TRACE | Acc=admin | Path=/ADS999002/GetRoleByNo | IP=::1 | Start=2026-04-17 08:46:13.615 | Elapsed=82ms | Status=Completed
2026-04-17 08:46:16 | INF | CONTROLLER_EXEC | Acc= admin | IP=::1 | Path=ADS999002/GetPeople | Message=POST /ADS999002/GetPeople
2026-04-17 08:46:16 | INF | ACTION_TRACE | Acc=admin | Path=/ADS999002/GetPeople | IP=::1 | Start=2026-04-17 08:46:16.651 | Elapsed=39ms | Status=Completed
2026-04-17 08:46:18 | INF | CONTROLLER_EXEC | Acc= admin | IP=::1 | Path=ADS999002/GetPermission | Message=POST /ADS999002/GetPermission
2026-04-17 08:46:18 | INF | ACTION_TRACE | Acc=admin | Path=/ADS999002/GetPermission | IP=::1 | Start=2026-04-17 08:46:18.758 | Elapsed=3ms | Status=Completed
2026-04-17 08:46:21 | INF | CONTROLLER_EXEC | Acc= admin | IP=::1 | Path=ADS999002/GetRoleByNo | Message=GET /ADS999002/GetRoleByNo
2026-04-17 08:46:21 | INF | ACTION_TRACE | Acc=admin | Path=/ADS999002/GetRoleByNo | IP=::1 | Start=2026-04-17 08:46:21.020 | Elapsed=6ms | Status=Completed
2026-04-17 08:59:08 | WRN | No store type was specified for the decimal property 'OveMoney' on entity type 'HROvertime'. This will cause values to be silently truncated if they do not fit in the default precision and scale. Explicitly specify the SQL server column type that can accommodate all the values in 'OnModelCreating' using 'HasColumnType', specify precision and scale using 'HasPrecision', or configure a value converter using 'HasConversion'.
2026-04-17 08:59:08 | WRN | No store type was specified for the decimal property 'Wag1D1Hour' on entity type 'HRWage'. This will cause values to be silently truncated if they do not fit in the default precision and scale. Explicitly specify the SQL server column type that can accommodate all the values in 'OnModelCreating' using 'HasColumnType', specify precision and scale using 'HasPrecision', or configure a value converter using 'HasConversion'.
2026-04-17 08:59:08 | WRN | No store type was specified for the decimal property 'Wag2D1Hour' on entity type 'HRWage'. This will cause values to be silently truncated if they do not fit in the default precision and scale. Explicitly specify the SQL server column type that can accommodate all the values in 'OnModelCreating' using 'HasColumnType', specify precision and scale using 'HasPrecision', or configure a value converter using 'HasConversion'.
2026-04-17 08:59:08 | WRN | No store type was specified for the decimal property 'Wag4D3Hour' on entity type 'HRWage'. This will cause values to be silently truncated if they do not fit in the default precision and scale. Explicitly specify the SQL server column type that can accommodate all the values in 'OnModelCreating' using 'HasColumnType', specify precision and scale using 'HasPrecision', or configure a value converter using 'HasConversion'.
2026-04-17 08:59:08 | WRN | No store type was specified for the decimal property 'Wag5D3Hour' on entity type 'HRWage'. This will cause values to be silently truncated if they do not fit in the default precision and scale. Explicitly specify the SQL server column type that can accommodate all the values in 'OnModelCreating' using 'HasColumnType', specify precision and scale using 'HasPrecision', or configure a value converter using 'HasConversion'.
2026-04-17 08:59:08 | WRN | No store type was specified for the decimal property 'Wag8D3Hour' on entity type 'HRWage'. This will cause values to be silently truncated if they do not fit in the default precision and scale. Explicitly specify the SQL server column type that can accommodate all the values in 'OnModelCreating' using 'HasColumnType', specify precision and scale using 'HasPrecision', or configure a value converter using 'HasConversion'.
2026-04-17 08:59:08 | WRN | No store type was specified for the decimal property 'WagApplyHour' on entity type 'HRWage'. This will cause values to be silently truncated if they do not fit in the default precision and scale. Explicitly specify the SQL server column type that can accommodate all the values in 'OnModelCreating' using 'HasColumnType', specify precision and scale using 'HasPrecision', or configure a value converter using 'HasConversion'.
2026-04-17 08:59:08 | WRN | No store type was specified for the decimal property 'WagIssueHour' on entity type 'HRWage'. This will cause values to be silently truncated if they do not fit in the default precision and scale. Explicitly specify the SQL server column type that can accommodate all the values in 'OnModelCreating' using 'HasColumnType', specify precision and scale using 'HasPrecision', or configure a value converter using 'HasConversion'.
2026-04-17 08:59:08 | WRN | No store type was specified for the decimal property 'WagSubtotal' on entity type 'HRWage'. This will cause values to be silently truncated if they do not fit in the default precision and scale. Explicitly specify the SQL server column type that can accommodate all the values in 'OnModelCreating' using 'HasColumnType', specify precision and scale using 'HasPrecision', or configure a value converter using 'HasConversion'.
2026-04-17 08:59:13 | WRN | The query uses the 'First'/'FirstOrDefault' operator without 'OrderBy' and filter operators. This may lead to unpredictable results.
2026-04-17 08:59:14 | INF | ACTION_TRACE | Acc=admin | Path=/ | IP=::1 | Start=2026-04-17 08:59:07.679 | Elapsed=7079ms | Status=Completed
2026-04-17 08:59:14 | INF | NETWORK_UNSTABLE | Acc=admin | Path=/ | Reason=SlowRequest 7079ms
2026-04-17 08:59:14 | INF | ACTION_TRACE | Acc=admin | Path=/Captcha/Generate | IP=::1 | Start=2026-04-17 08:59:14.936 | Elapsed=42ms | Status=Completed
2026-04-17 08:59:15 | INF | ACTION_TRACE | Acc=admin | Path=/DNTCaptchaImage/Show | IP=::1 | Start=2026-04-17 08:59:14.992 | Elapsed=168ms | Status=Completed
2026-04-17 08:59:16 | INF | ACTION_TRACE | Acc=admin | Path=/AdminPortal/Account/Login | IP=::1 | Start=2026-04-17 08:59:16.419 | Elapsed=102ms | Status=Completed
2026-04-17 08:59:16 | INF | ACTION_TRACE | Acc=admin | Path=/Captcha/Generate | IP=::1 | Start=2026-04-17 08:59:16.641 | Elapsed=4ms | Status=Completed
2026-04-17 08:59:16 | INF | ACTION_TRACE | Acc=admin | Path=/DNTCaptchaImage/Show | IP=::1 | Start=2026-04-17 08:59:16.653 | Elapsed=127ms | Status=Completed
2026-04-17 08:59:28 | INF | ACTION_TRACE | Acc=admin | Path=/AdminPortal/Account/Login | IP=::1 | Start=2026-04-17 08:59:22.313 | Elapsed=6343ms | Status=Completed
2026-04-17 08:59:28 | INF | NETWORK_UNSTABLE | Acc=admin | Path=/AdminPortal/Account/Login | Reason=SlowRequest 6343ms
2026-04-17 08:59:28 | INF | ACTION_TRACE | Acc=admin | Path=/AdminPortal/Home/Index | IP=::1 | Start=2026-04-17 08:59:28.672 | Elapsed=140ms | Status=Completed
2026-04-17 08:59:32 | INF | CONTROLLER_EXEC | Acc= admin | IP=::1 | Path=ADS999002/ADS999002 | Message=GET /ADS999002/ADS999002
2026-04-17 08:59:32 | INF | ACTION_TRACE | Acc=admin | Path=/ADS999002/ADS999002 | IP=::1 | Start=2026-04-17 08:59:32.406 | Elapsed=65ms | Status=Completed
2026-04-17 08:59:32 | INF | CONTROLLER_EXEC | Acc= admin | IP=::1 | Path=ADS999002/GetAllRoleList | Message=POST /ADS999002/GetAllRoleList
2026-04-17 08:59:32 | INF | ACTION_TRACE | Acc=admin | Path=/ADS999002/GetAllRoleList | IP=::1 | Start=2026-04-17 08:59:32.523 | Elapsed=61ms | Status=Completed
2026-04-17 08:59:36 | INF | ACTION_TRACE | Acc=admin | Path=/.well-known/appspecific/com.chrome.devtools.json | IP=::1 | Start=2026-04-17 08:59:36.730 | Elapsed=0ms | Status=Completed
2026-04-17 08:59:36 | INF | ACTION_TRACE | Acc=admin | Path=/sm/6cf3a2be173716d0e4726c68ef6634f00cefa4e7428560c2debae6f24389d3c1.map | IP=::1 | Start=2026-04-17 08:59:36.833 | Elapsed=0ms | Status=Completed
2026-04-17 08:59:40 | INF | CONTROLLER_EXEC | Acc= admin | IP=::1 | Path=ADS999002/GetAllRoleList | Message=POST /ADS999002/GetAllRoleList
2026-04-17 08:59:40 | INF | ACTION_TRACE | Acc=admin | Path=/ADS999002/GetAllRoleList | IP=::1 | Start=2026-04-17 08:59:40.242 | Elapsed=11ms | Status=Completed
2026-04-17 08:59:40 | INF | CONTROLLER_EXEC | Acc= admin | IP=::1 | Path=ADS999002/GetAllRoleList | Message=POST /ADS999002/GetAllRoleList
2026-04-17 08:59:40 | INF | ACTION_TRACE | Acc=admin | Path=/ADS999002/GetAllRoleList | IP=::1 | Start=2026-04-17 08:59:40.641 | Elapsed=3ms | Status=Completed
2026-04-17 08:59:41 | INF | CONTROLLER_EXEC | Acc= admin | IP=::1 | Path=ADS999002/GetAllRoleList | Message=POST /ADS999002/GetAllRoleList
2026-04-17 08:59:41 | INF | ACTION_TRACE | Acc=admin | Path=/ADS999002/GetAllRoleList | IP=::1 | Start=2026-04-17 08:59:41.255 | Elapsed=3ms | Status=Completed
2026-04-17 08:59:41 | INF | CONTROLLER_EXEC | Acc= admin | IP=::1 | Path=ADS999002/GetAllRoleList | Message=POST /ADS999002/GetAllRoleList
2026-04-17 08:59:41 | INF | ACTION_TRACE | Acc=admin | Path=/ADS999002/GetAllRoleList | IP=::1 | Start=2026-04-17 08:59:41.729 | Elapsed=3ms | Status=Completed
2026-04-17 08:59:43 | INF | CONTROLLER_EXEC | Acc= admin | IP=::1 | Path=ADS999002/GetPermission | Message=POST /ADS999002/GetPermission
2026-04-17 08:59:43 | INF | ACTION_TRACE | Acc=admin | Path=/ADS999002/GetPermission | IP=::1 | Start=2026-04-17 08:59:43.631 | Elapsed=33ms | Status=Completed
2026-04-17 08:59:47 | INF | CONTROLLER_EXEC | Acc= admin | IP=::1 | Path=ADS999002/GetPeople | Message=POST /ADS999002/GetPeople
2026-04-17 08:59:47 | INF | ACTION_TRACE | Acc=admin | Path=/ADS999002/GetPeople | IP=::1 | Start=2026-04-17 08:59:47.334 | Elapsed=32ms | Status=Completed
2026-04-17 08:59:53 | INF | CONTROLLER_EXEC | Acc= admin | IP=::1 | Path=ADS999002/GetPermission | Message=POST /ADS999002/GetPermission
2026-04-17 08:59:53 | INF | ACTION_TRACE | Acc=admin | Path=/ADS999002/GetPermission | IP=::1 | Start=2026-04-17 08:59:53.777 | Elapsed=3ms | Status=Completed
2026-04-17 08:59:55 | INF | CONTROLLER_EXEC | Acc= admin | IP=::1 | Path=ADS999002/GetPeople | Message=POST /ADS999002/GetPeople
2026-04-17 08:59:55 | INF | ACTION_TRACE | Acc=admin | Path=/ADS999002/GetPeople | IP=::1 | Start=2026-04-17 08:59:55.588 | Elapsed=3ms | Status=Completed
2026-04-17 09:01:00 | WRN | No store type was specified for the decimal property 'OveMoney' on entity type 'HROvertime'. This will cause values to be silently truncated if they do not fit in the default precision and scale. Explicitly specify the SQL server column type that can accommodate all the values in 'OnModelCreating' using 'HasColumnType', specify precision and scale using 'HasPrecision', or configure a value converter using 'HasConversion'.
2026-04-17 09:01:00 | WRN | No store type was specified for the decimal property 'Wag1D1Hour' on entity type 'HRWage'. This will cause values to be silently truncated if they do not fit in the default precision and scale. Explicitly specify the SQL server column type that can accommodate all the values in 'OnModelCreating' using 'HasColumnType', specify precision and scale using 'HasPrecision', or configure a value converter using 'HasConversion'.
2026-04-17 09:01:00 | WRN | No store type was specified for the decimal property 'Wag2D1Hour' on entity type 'HRWage'. This will cause values to be silently truncated if they do not fit in the default precision and scale. Explicitly specify the SQL server column type that can accommodate all the values in 'OnModelCreating' using 'HasColumnType', specify precision and scale using 'HasPrecision', or configure a value converter using 'HasConversion'.
2026-04-17 09:01:00 | WRN | No store type was specified for the decimal property 'Wag4D3Hour' on entity type 'HRWage'. This will cause values to be silently truncated if they do not fit in the default precision and scale. Explicitly specify the SQL server column type that can accommodate all the values in 'OnModelCreating' using 'HasColumnType', specify precision and scale using 'HasPrecision', or configure a value converter using 'HasConversion'.
2026-04-17 09:01:00 | WRN | No store type was specified for the decimal property 'Wag5D3Hour' on entity type 'HRWage'. This will cause values to be silently truncated if they do not fit in the default precision and scale. Explicitly specify the SQL server column type that can accommodate all the values in 'OnModelCreating' using 'HasColumnType', specify precision and scale using 'HasPrecision', or configure a value converter using 'HasConversion'.
2026-04-17 09:01:00 | WRN | No store type was specified for the decimal property 'Wag8D3Hour' on entity type 'HRWage'. This will cause values to be silently truncated if they do not fit in the default precision and scale. Explicitly specify the SQL server column type that can accommodate all the values in 'OnModelCreating' using 'HasColumnType', specify precision and scale using 'HasPrecision', or configure a value converter using 'HasConversion'.
2026-04-17 09:01:00 | WRN | No store type was specified for the decimal property 'WagApplyHour' on entity type 'HRWage'. This will cause values to be silently truncated if they do not fit in the default precision and scale. Explicitly specify the SQL server column type that can accommodate all the values in 'OnModelCreating' using 'HasColumnType', specify precision and scale using 'HasPrecision', or configure a value converter using 'HasConversion'.
2026-04-17 09:01:00 | WRN | No store type was specified for the decimal property 'WagIssueHour' on entity type 'HRWage'. This will cause values to be silently truncated if they do not fit in the default precision and scale. Explicitly specify the SQL server column type that can accommodate all the values in 'OnModelCreating' using 'HasColumnType', specify precision and scale using 'HasPrecision', or configure a value converter using 'HasConversion'.
2026-04-17 09:01:00 | WRN | No store type was specified for the decimal property 'WagSubtotal' on entity type 'HRWage'. This will cause values to be silently truncated if they do not fit in the default precision and scale. Explicitly specify the SQL server column type that can accommodate all the values in 'OnModelCreating' using 'HasColumnType', specify precision and scale using 'HasPrecision', or configure a value converter using 'HasConversion'.
2026-04-17 09:01:05 | WRN | The query uses the 'First'/'FirstOrDefault' operator without 'OrderBy' and filter operators. This may lead to unpredictable results.
2026-04-17 09:01:07 | INF | ACTION_TRACE | Acc=admin | Path=/ | IP=::1 | Start=2026-04-17 09:00:59.348 | Elapsed=7648ms | Status=Completed
2026-04-17 09:01:07 | INF | NETWORK_UNSTABLE | Acc=admin | Path=/ | Reason=SlowRequest 7648ms
2026-04-17 09:01:07 | INF | ACTION_TRACE | Acc=admin | Path=/Captcha/Generate | IP=::1 | Start=2026-04-17 09:01:07.188 | Elapsed=50ms | Status=Completed
2026-04-17 09:01:07 | INF | ACTION_TRACE | Acc=admin | Path=/DNTCaptchaImage/Show | IP=::1 | Start=2026-04-17 09:01:07.279 | Elapsed=197ms | Status=Completed
2026-04-17 09:01:17 | INF | ACTION_TRACE | Acc=admin | Path=/Account/Login | IP=::1 | Start=2026-04-17 09:01:10.839 | Elapsed=6611ms | Status=Completed
2026-04-17 09:01:17 | INF | NETWORK_UNSTABLE | Acc=admin | Path=/Account/Login | Reason=SlowRequest 6611ms
2026-04-17 09:01:17 | INF | ACTION_TRACE | Acc=admin | Path=/Home/Index | IP=::1 | Start=2026-04-17 09:01:17.470 | Elapsed=321ms | Status=Completed
2026-04-17 09:01:19 | INF | ACTION_TRACE | Acc=admin | Path=/Home/GetMenu | IP=::1 | Start=2026-04-17 09:01:19.756 | Elapsed=48ms | Status=Completed
2026-04-17 09:01:20 | INF | ACTION_TRACE | Acc=admin | Path=/Home/GetMenu | IP=::1 | Start=2026-04-17 09:01:20.795 | Elapsed=43ms | Status=Completed
2026-04-17 09:01:22 | INF | CONTROLLER_EXEC | Acc= admin | IP=::1 | Path=SYS201002/SYS201002 | Message=GET /SYS201002/SYS201002
2026-04-17 09:01:22 | INF | ACTION_TRACE | Acc=admin | Path=/SYS201002/SYS201002 | IP=::1 | Start=2026-04-17 09:01:22.801 | Elapsed=105ms | Status=Completed
2026-04-17 09:01:23 | INF | CONTROLLER_EXEC | Acc= admin | IP=::1 | Path=SYS201002/GetAllRoleList | Message=POST /SYS201002/GetAllRoleList
2026-04-17 09:01:23 | INF | ACTION_TRACE | Acc=admin | Path=/SYS201002/GetAllRoleList | IP=::1 | Start=2026-04-17 09:01:22.976 | Elapsed=83ms | Status=Completed
2026-04-17 09:03:08 | WRN | No store type was specified for the decimal property 'OveMoney' on entity type 'HROvertime'. This will cause values to be silently truncated if they do not fit in the default precision and scale. Explicitly specify the SQL server column type that can accommodate all the values in 'OnModelCreating' using 'HasColumnType', specify precision and scale using 'HasPrecision', or configure a value converter using 'HasConversion'.
2026-04-17 09:03:08 | WRN | No store type was specified for the decimal property 'Wag1D1Hour' on entity type 'HRWage'. This will cause values to be silently truncated if they do not fit in the default precision and scale. Explicitly specify the SQL server column type that can accommodate all the values in 'OnModelCreating' using 'HasColumnType', specify precision and scale using 'HasPrecision', or configure a value converter using 'HasConversion'.
2026-04-17 09:03:08 | WRN | No store type was specified for the decimal property 'Wag2D1Hour' on entity type 'HRWage'. This will cause values to be silently truncated if they do not fit in the default precision and scale. Explicitly specify the SQL server column type that can accommodate all the values in 'OnModelCreating' using 'HasColumnType', specify precision and scale using 'HasPrecision', or configure a value converter using 'HasConversion'.
2026-04-17 09:03:08 | WRN | No store type was specified for the decimal property 'Wag4D3Hour' on entity type 'HRWage'. This will cause values to be silently truncated if they do not fit in the default precision and scale. Explicitly specify the SQL server column type that can accommodate all the values in 'OnModelCreating' using 'HasColumnType', specify precision and scale using 'HasPrecision', or configure a value converter using 'HasConversion'.
2026-04-17 09:03:08 | WRN | No store type was specified for the decimal property 'Wag5D3Hour' on entity type 'HRWage'. This will cause values to be silently truncated if they do not fit in the default precision and scale. Explicitly specify the SQL server column type that can accommodate all the values in 'OnModelCreating' using 'HasColumnType', specify precision and scale using 'HasPrecision', or configure a value converter using 'HasConversion'.
2026-04-17 09:03:08 | WRN | No store type was specified for the decimal property 'Wag8D3Hour' on entity type 'HRWage'. This will cause values to be silently truncated if they do not fit in the default precision and scale. Explicitly specify the SQL server column type that can accommodate all the values in 'OnModelCreating' using 'HasColumnType', specify precision and scale using 'HasPrecision', or configure a value converter using 'HasConversion'.
2026-04-17 09:03:08 | WRN | No store type was specified for the decimal property 'WagApplyHour' on entity type 'HRWage'. This will cause values to be silently truncated if they do not fit in the default precision and scale. Explicitly specify the SQL server column type that can accommodate all the values in 'OnModelCreating' using 'HasColumnType', specify precision and scale using 'HasPrecision', or configure a value converter using 'HasConversion'.
2026-04-17 09:03:08 | WRN | No store type was specified for the decimal property 'WagIssueHour' on entity type 'HRWage'. This will cause values to be silently truncated if they do not fit in the default precision and scale. Explicitly specify the SQL server column type that can accommodate all the values in 'OnModelCreating' using 'HasColumnType', specify precision and scale using 'HasPrecision', or configure a value converter using 'HasConversion'.
2026-04-17 09:03:08 | WRN | No store type was specified for the decimal property 'WagSubtotal' on entity type 'HRWage'. This will cause values to be silently truncated if they do not fit in the default precision and scale. Explicitly specify the SQL server column type that can accommodate all the values in 'OnModelCreating' using 'HasColumnType', specify precision and scale using 'HasPrecision', or configure a value converter using 'HasConversion'.
2026-04-17 09:03:13 | WRN | The query uses the 'First'/'FirstOrDefault' operator without 'OrderBy' and filter operators. This may lead to unpredictable results.
2026-04-17 09:03:14 | INF | ACTION_TRACE | Acc=admin | Path=/ | IP=::1 | Start=2026-04-17 09:03:06.985 | Elapsed=7940ms | Status=Completed
2026-04-17 09:03:14 | INF | NETWORK_UNSTABLE | Acc=admin | Path=/ | Reason=SlowRequest 7940ms
2026-04-17 09:03:15 | INF | ACTION_TRACE | Acc=admin | Path=/Captcha/Generate | IP=::1 | Start=2026-04-17 09:03:15.170 | Elapsed=77ms | Status=Completed
2026-04-17 09:03:15 | INF | ACTION_TRACE | Acc=admin | Path=/DNTCaptchaImage/Show | IP=::1 | Start=2026-04-17 09:03:15.275 | Elapsed=183ms | Status=Completed
2026-04-17 09:03:16 | INF | ACTION_TRACE | Acc=admin | Path=/AdminPortal/Account/Login | IP=::1 | Start=2026-04-17 09:03:16.761 | Elapsed=138ms | Status=Completed
2026-04-17 09:03:17 | INF | ACTION_TRACE | Acc=admin | Path=/Captcha/Generate | IP=::1 | Start=2026-04-17 09:03:17.006 | Elapsed=5ms | Status=Completed
2026-04-17 09:03:17 | INF | ACTION_TRACE | Acc=admin | Path=/DNTCaptchaImage/Show | IP=::1 | Start=2026-04-17 09:03:17.018 | Elapsed=17ms | Status=Completed
2026-04-17 09:03:29 | INF | ACTION_TRACE | Acc=admin | Path=/AdminPortal/Account/Login | IP=::1 | Start=2026-04-17 09:03:20.556 | Elapsed=9311ms | Status=Completed
2026-04-17 09:03:29 | INF | NETWORK_UNSTABLE | Acc=admin | Path=/AdminPortal/Account/Login | Reason=SlowRequest 9311ms
2026-04-17 09:03:30 | INF | ACTION_TRACE | Acc=admin | Path=/AdminPortal/Home/Index | IP=::1 | Start=2026-04-17 09:03:29.889 | Elapsed=218ms | Status=Completed
2026-04-17 09:03:33 | INF | CONTROLLER_EXEC | Acc= admin | IP=::1 | Path=ADS999002/ADS999002 | Message=GET /ADS999002/ADS999002
2026-04-17 09:03:33 | INF | ACTION_TRACE | Acc=admin | Path=/ADS999002/ADS999002 | IP=::1 | Start=2026-04-17 09:03:33.791 | Elapsed=85ms | Status=Completed
2026-04-17 09:03:34 | INF | CONTROLLER_EXEC | Acc= admin | IP=::1 | Path=ADS999002/GetAllRoleList | Message=POST /ADS999002/GetAllRoleList
2026-04-17 09:03:34 | INF | ACTION_TRACE | Acc=admin | Path=/ADS999002/GetAllRoleList | IP=::1 | Start=2026-04-17 09:03:33.929 | Elapsed=82ms | Status=Completed
2026-04-17 09:03:35 | INF | CONTROLLER_EXEC | Acc= admin | IP=::1 | Path=ADS999002/GetPeople | Message=POST /ADS999002/GetPeople
2026-04-17 09:03:35 | INF | ACTION_TRACE | Acc=admin | Path=/ADS999002/GetPeople | IP=::1 | Start=2026-04-17 09:03:35.945 | Elapsed=42ms | Status=Completed
2026-04-17 09:03:39 | INF | CONTROLLER_EXEC | Acc= admin | IP=::1 | Path=ADS999002/GetPermission | Message=POST /ADS999002/GetPermission
2026-04-17 09:03:39 | INF | ACTION_TRACE | Acc=admin | Path=/ADS999002/GetPermission | IP=::1 | Start=2026-04-17 09:03:39.091 | Elapsed=34ms | Status=Completed
2026-04-17 09:03:40 | INF | CONTROLLER_EXEC | Acc= admin | IP=::1 | Path=ADS999002/GetRoleByNo | Message=GET /ADS999002/GetRoleByNo
2026-04-17 09:03:40 | INF | ACTION_TRACE | Acc=admin | Path=/ADS999002/GetRoleByNo | IP=::1 | Start=2026-04-17 09:03:40.805 | Elapsed=26ms | Status=Completed
2026-04-17 09:09:59 | WRN | No store type was specified for the decimal property 'OveMoney' on entity type 'HROvertime'. This will cause values to be silently truncated if they do not fit in the default precision and scale. Explicitly specify the SQL server column type that can accommodate all the values in 'OnModelCreating' using 'HasColumnType', specify precision and scale using 'HasPrecision', or configure a value converter using 'HasConversion'.
2026-04-17 09:09:59 | WRN | No store type was specified for the decimal property 'Wag1D1Hour' on entity type 'HRWage'. This will cause values to be silently truncated if they do not fit in the default precision and scale. Explicitly specify the SQL server column type that can accommodate all the values in 'OnModelCreating' using 'HasColumnType', specify precision and scale using 'HasPrecision', or configure a value converter using 'HasConversion'.
2026-04-17 09:09:59 | WRN | No store type was specified for the decimal property 'Wag2D1Hour' on entity type 'HRWage'. This will cause values to be silently truncated if they do not fit in the default precision and scale. Explicitly specify the SQL server column type that can accommodate all the values in 'OnModelCreating' using 'HasColumnType', specify precision and scale using 'HasPrecision', or configure a value converter using 'HasConversion'.
2026-04-17 09:09:59 | WRN | No store type was specified for the decimal property 'Wag4D3Hour' on entity type 'HRWage'. This will cause values to be silently truncated if they do not fit in the default precision and scale. Explicitly specify the SQL server column type that can accommodate all the values in 'OnModelCreating' using 'HasColumnType', specify precision and scale using 'HasPrecision', or configure a value converter using 'HasConversion'.
2026-04-17 09:09:59 | WRN | No store type was specified for the decimal property 'Wag5D3Hour' on entity type 'HRWage'. This will cause values to be silently truncated if they do not fit in the default precision and scale. Explicitly specify the SQL server column type that can accommodate all the values in 'OnModelCreating' using 'HasColumnType', specify precision and scale using 'HasPrecision', or configure a value converter using 'HasConversion'.
2026-04-17 09:09:59 | WRN | No store type was specified for the decimal property 'Wag8D3Hour' on entity type 'HRWage'. This will cause values to be silently truncated if they do not fit in the default precision and scale. Explicitly specify the SQL server column type that can accommodate all the values in 'OnModelCreating' using 'HasColumnType', specify precision and scale using 'HasPrecision', or configure a value converter using 'HasConversion'.
2026-04-17 09:09:59 | WRN | No store type was specified for the decimal property 'WagApplyHour' on entity type 'HRWage'. This will cause values to be silently truncated if they do not fit in the default precision and scale. Explicitly specify the SQL server column type that can accommodate all the values in 'OnModelCreating' using 'HasColumnType', specify precision and scale using 'HasPrecision', or configure a value converter using 'HasConversion'.
2026-04-17 09:09:59 | WRN | No store type was specified for the decimal property 'WagIssueHour' on entity type 'HRWage'. This will cause values to be silently truncated if they do not fit in the default precision and scale. Explicitly specify the SQL server column type that can accommodate all the values in 'OnModelCreating' using 'HasColumnType', specify precision and scale using 'HasPrecision', or configure a value converter using 'HasConversion'.
2026-04-17 09:09:59 | WRN | No store type was specified for the decimal property 'WagSubtotal' on entity type 'HRWage'. This will cause values to be silently truncated if they do not fit in the default precision and scale. Explicitly specify the SQL server column type that can accommodate all the values in 'OnModelCreating' using 'HasColumnType', specify precision and scale using 'HasPrecision', or configure a value converter using 'HasConversion'.
2026-04-17 09:10:04 | WRN | The query uses the 'First'/'FirstOrDefault' operator without 'OrderBy' and filter operators. This may lead to unpredictable results.
2026-04-17 09:10:05 | INF | ACTION_TRACE | Acc=admin | Path=/ | IP=::1 | Start=2026-04-17 09:09:58.040 | Elapsed=7844ms | Status=Completed
2026-04-17 09:10:05 | INF | NETWORK_UNSTABLE | Acc=admin | Path=/ | Reason=SlowRequest 7844ms
2026-04-17 09:10:06 | INF | ACTION_TRACE | Acc=admin | Path=/Captcha/Generate | IP=::1 | Start=2026-04-17 09:10:06.110 | Elapsed=50ms | Status=Completed
2026-04-17 09:10:06 | INF | ACTION_TRACE | Acc=admin | Path=/DNTCaptchaImage/Show | IP=::1 | Start=2026-04-17 09:10:06.205 | Elapsed=164ms | Status=Completed
2026-04-17 09:10:42 | INF | ACTION_TRACE | Acc=admin | Path=/AdminPortal/Account/Login | IP=::1 | Start=2026-04-17 09:10:42.501 | Elapsed=220ms | Status=Completed
2026-04-17 09:10:42 | INF | ACTION_TRACE | Acc=admin | Path=/Captcha/Generate | IP=::1 | Start=2026-04-17 09:10:42.830 | Elapsed=6ms | Status=Completed
2026-04-17 09:10:42 | INF | ACTION_TRACE | Acc=admin | Path=/DNTCaptchaImage/Show | IP=::1 | Start=2026-04-17 09:10:42.844 | Elapsed=24ms | Status=Completed
2026-04-17 09:10:55 | INF | ACTION_TRACE | Acc=admin | Path=/AdminPortal/Account/Login | IP=::1 | Start=2026-04-17 09:10:45.547 | Elapsed=9633ms | Status=Completed
2026-04-17 09:10:55 | INF | NETWORK_UNSTABLE | Acc=admin | Path=/AdminPortal/Account/Login | Reason=SlowRequest 9633ms
2026-04-17 09:10:55 | INF | ACTION_TRACE | Acc=admin | Path=/AdminPortal/Home/Index | IP=::1 | Start=2026-04-17 09:10:55.195 | Elapsed=174ms | Status=Completed
2026-04-17 09:10:58 | INF | CONTROLLER_EXEC | Acc= admin | IP=::1 | Path=ADS999002/ADS999002 | Message=GET /ADS999002/ADS999002
2026-04-17 09:10:58 | INF | ACTION_TRACE | Acc=admin | Path=/ADS999002/ADS999002 | IP=::1 | Start=2026-04-17 09:10:58.097 | Elapsed=102ms | Status=Completed
2026-04-17 09:10:58 | INF | CONTROLLER_EXEC | Acc= admin | IP=::1 | Path=ADS999002/GetAllRoleList | Message=POST /ADS999002/GetAllRoleList
2026-04-17 09:10:58 | INF | ACTION_TRACE | Acc=admin | Path=/ADS999002/GetAllRoleList | IP=::1 | Start=2026-04-17 09:10:58.257 | Elapsed=80ms | Status=Completed
2026-04-17 09:11:06 | INF | CONTROLLER_EXEC | Acc= admin | IP=::1 | Path=ADS999002/GetPermission | Message=POST /ADS999002/GetPermission
2026-04-17 09:11:06 | INF | ACTION_TRACE | Acc=admin | Path=/ADS999002/GetPermission | IP=::1 | Start=2026-04-17 09:11:06.046 | Elapsed=32ms | Status=Completed
2026-04-17 09:11:13 | INF | ACTION_TRACE | Acc=admin | Path=/.well-known/appspecific/com.chrome.devtools.json | IP=::1 | Start=2026-04-17 09:11:13.745 | Elapsed=0ms | Status=Completed
2026-04-17 09:11:13 | INF | ACTION_TRACE | Acc=admin | Path=/sm/6cf3a2be173716d0e4726c68ef6634f00cefa4e7428560c2debae6f24389d3c1.map | IP=::1 | Start=2026-04-17 09:11:13.846 | Elapsed=0ms | Status=Completed
2026-04-17 09:15:21 | WRN | No store type was specified for the decimal property 'OveMoney' on entity type 'HROvertime'. This will cause values to be silently truncated if they do not fit in the default precision and scale. Explicitly specify the SQL server column type that can accommodate all the values in 'OnModelCreating' using 'HasColumnType', specify precision and scale using 'HasPrecision', or configure a value converter using 'HasConversion'.
2026-04-17 09:15:21 | WRN | No store type was specified for the decimal property 'Wag1D1Hour' on entity type 'HRWage'. This will cause values to be silently truncated if they do not fit in the default precision and scale. Explicitly specify the SQL server column type that can accommodate all the values in 'OnModelCreating' using 'HasColumnType', specify precision and scale using 'HasPrecision', or configure a value converter using 'HasConversion'.
2026-04-17 09:15:21 | WRN | No store type was specified for the decimal property 'Wag2D1Hour' on entity type 'HRWage'. This will cause values to be silently truncated if they do not fit in the default precision and scale. Explicitly specify the SQL server column type that can accommodate all the values in 'OnModelCreating' using 'HasColumnType', specify precision and scale using 'HasPrecision', or configure a value converter using 'HasConversion'.
2026-04-17 09:15:21 | WRN | No store type was specified for the decimal property 'Wag4D3Hour' on entity type 'HRWage'. This will cause values to be silently truncated if they do not fit in the default precision and scale. Explicitly specify the SQL server column type that can accommodate all the values in 'OnModelCreating' using 'HasColumnType', specify precision and scale using 'HasPrecision', or configure a value converter using 'HasConversion'.
2026-04-17 09:15:21 | WRN | No store type was specified for the decimal property 'Wag5D3Hour' on entity type 'HRWage'. This will cause values to be silently truncated if they do not fit in the default precision and scale. Explicitly specify the SQL server column type that can accommodate all the values in 'OnModelCreating' using 'HasColumnType', specify precision and scale using 'HasPrecision', or configure a value converter using 'HasConversion'.
2026-04-17 09:15:21 | WRN | No store type was specified for the decimal property 'Wag8D3Hour' on entity type 'HRWage'. This will cause values to be silently truncated if they do not fit in the default precision and scale. Explicitly specify the SQL server column type that can accommodate all the values in 'OnModelCreating' using 'HasColumnType', specify precision and scale using 'HasPrecision', or configure a value converter using 'HasConversion'.
2026-04-17 09:15:21 | WRN | No store type was specified for the decimal property 'WagApplyHour' on entity type 'HRWage'. This will cause values to be silently truncated if they do not fit in the default precision and scale. Explicitly specify the SQL server column type that can accommodate all the values in 'OnModelCreating' using 'HasColumnType', specify precision and scale using 'HasPrecision', or configure a value converter using 'HasConversion'.
2026-04-17 09:15:21 | WRN | No store type was specified for the decimal property 'WagIssueHour' on entity type 'HRWage'. This will cause values to be silently truncated if they do not fit in the default precision and scale. Explicitly specify the SQL server column type that can accommodate all the values in 'OnModelCreating' using 'HasColumnType', specify precision and scale using 'HasPrecision', or configure a value converter using 'HasConversion'.
2026-04-17 09:15:21 | WRN | No store type was specified for the decimal property 'WagSubtotal' on entity type 'HRWage'. This will cause values to be silently truncated if they do not fit in the default precision and scale. Explicitly specify the SQL server column type that can accommodate all the values in 'OnModelCreating' using 'HasColumnType', specify precision and scale using 'HasPrecision', or configure a value converter using 'HasConversion'.
2026-04-17 09:15:26 | WRN | The query uses the 'First'/'FirstOrDefault' operator without 'OrderBy' and filter operators. This may lead to unpredictable results.
2026-04-17 09:15:27 | INF | ACTION_TRACE | Acc=admin | Path=/ | IP=::1 | Start=2026-04-17 09:15:19.970 | Elapsed=7691ms | Status=Completed
2026-04-17 09:15:27 | INF | NETWORK_UNSTABLE | Acc=admin | Path=/ | Reason=SlowRequest 7691ms
2026-04-17 09:15:27 | INF | ACTION_TRACE | Acc=admin | Path=/Captcha/Generate | IP=::1 | Start=2026-04-17 09:15:27.900 | Elapsed=59ms | Status=Completed
2026-04-17 09:15:28 | INF | ACTION_TRACE | Acc=admin | Path=/DNTCaptchaImage/Show | IP=::1 | Start=2026-04-17 09:15:27.973 | Elapsed=140ms | Status=Completed
2026-04-17 09:15:32 | INF | ACTION_TRACE | Acc=admin | Path=/Account/Login | IP=::1 | Start=2026-04-17 09:15:30.728 | Elapsed=1463ms | Status=Completed
2026-04-17 09:15:32 | INF | ACTION_TRACE | Acc=admin | Path=/Captcha/Generate | IP=::1 | Start=2026-04-17 09:15:32.276 | Elapsed=2ms | Status=Completed
2026-04-17 09:15:32 | INF | ACTION_TRACE | Acc=admin | Path=/DNTCaptchaImage/Show | IP=::1 | Start=2026-04-17 09:15:32.288 | Elapsed=20ms | Status=Completed
2026-04-17 09:15:41 | INF | ACTION_TRACE | Acc=admin | Path=/Account/Login | IP=::1 | Start=2026-04-17 09:15:35.814 | Elapsed=5917ms | Status=Completed
2026-04-17 09:15:41 | INF | NETWORK_UNSTABLE | Acc=admin | Path=/Account/Login | Reason=SlowRequest 5917ms
2026-04-17 09:15:42 | INF | ACTION_TRACE | Acc=admin | Path=/Home/Index | IP=::1 | Start=2026-04-17 09:15:41.759 | Elapsed=427ms | Status=Completed
2026-04-17 09:15:44 | INF | ACTION_TRACE | Acc=admin | Path=/Home/GetMenu | IP=::1 | Start=2026-04-17 09:15:43.997 | Elapsed=64ms | Status=Completed
2026-04-17 09:15:46 | INF | CONTROLLER_EXEC | Acc= admin | IP=::1 | Path=SYS201002/SYS201002 | Message=GET /SYS201002/SYS201002
2026-04-17 09:15:46 | INF | ACTION_TRACE | Acc=admin | Path=/SYS201002/SYS201002 | IP=::1 | Start=2026-04-17 09:15:46.492 | Elapsed=318ms | Status=Completed
2026-04-17 09:15:46 | INF | CONTROLLER_EXEC | Acc= admin | IP=::1 | Path=SYS201002/GetAllRoleList | Message=POST /SYS201002/GetAllRoleList
2026-04-17 09:15:46 | INF | ACTION_TRACE | Acc=admin | Path=/SYS201002/GetAllRoleList | IP=::1 | Start=2026-04-17 09:15:46.882 | Elapsed=101ms | Status=Completed
2026-04-17 09:15:49 | INF | ACTION_TRACE | Acc=admin | Path=/Account/Logout | IP=::1 | Start=2026-04-17 09:15:49.852 | Elapsed=16ms | Status=Completed
2026-04-17 09:16:04 | INF | ACTION_TRACE | Acc=admin | Path=/AdminPortal/Home/Index | IP=::1 | Start=2026-04-17 09:16:04.072 | Elapsed=118ms | Status=Completed
2026-04-17 09:16:08 | INF | CONTROLLER_EXEC | Acc= admin | IP=::1 | Path=ADS999002/ADS999002 | Message=GET /ADS999002/ADS999002
2026-04-17 09:16:08 | INF | ACTION_TRACE | Acc=admin | Path=/ADS999002/ADS999002 | IP=::1 | Start=2026-04-17 09:16:08.214 | Elapsed=63ms | Status=Completed
2026-04-17 09:16:08 | INF | CONTROLLER_EXEC | Acc= admin | IP=::1 | Path=ADS999002/GetAllRoleList | Message=POST /ADS999002/GetAllRoleList
2026-04-17 09:16:08 | INF | ACTION_TRACE | Acc=admin | Path=/ADS999002/GetAllRoleList | IP=::1 | Start=2026-04-17 09:16:08.324 | Elapsed=68ms | Status=Completed
2026-04-17 09:16:11 | INF | ACTION_TRACE | Acc=admin | Path=/.well-known/appspecific/com.chrome.devtools.json | IP=::1 | Start=2026-04-17 09:16:11.396 | Elapsed=0ms | Status=Completed
2026-04-17 09:16:11 | INF | ACTION_TRACE | Acc=admin | Path=/sm/6cf3a2be173716d0e4726c68ef6634f00cefa4e7428560c2debae6f24389d3c1.map | IP=::1 | Start=2026-04-17 09:16:11.530 | Elapsed=0ms | Status=Completed
2026-04-17 09:16:21 | INF | CONTROLLER_EXEC | Acc= admin | IP=::1 | Path=ADS999002/GetPermission | Message=POST /ADS999002/GetPermission
2026-04-17 09:16:21 | INF | ACTION_TRACE | Acc=admin | Path=/ADS999002/GetPermission | IP=::1 | Start=2026-04-17 09:16:21.954 | Elapsed=31ms | Status=Completed
2026-04-17 09:16:30 | INF | CONTROLLER_EXEC | Acc= admin | IP=::1 | Path=ADS999002/UpdatePermission | Message=POST /ADS999002/UpdatePermission
2026-04-17 09:16:30 | INF | ACTION_TRACE | Acc=admin | Path=/ADS999002/UpdatePermission | IP=::1 | Start=2026-04-17 09:16:25.426 | Elapsed=5197ms | Status=Completed
2026-04-17 09:16:30 | INF | NETWORK_UNSTABLE | Acc=admin | Path=/ADS999002/UpdatePermission | Reason=SlowRequest 5197ms
2026-04-17 09:16:34 | INF | ACTION_TRACE | Acc=admin | Path=/AdminPortal/Home/Index | IP=::1 | Start=2026-04-17 09:16:29.086 | Elapsed=5626ms | Status=Completed
2026-04-17 09:16:34 | INF | NETWORK_UNSTABLE | Acc=admin | Path=/AdminPortal/Home/Index | Reason=SlowRequest 5626ms
2026-04-17 09:16:34 | INF | ACTION_TRACE | Acc=admin | Path=/.well-known/appspecific/com.chrome.devtools.json | IP=::1 | Start=2026-04-17 09:16:34.788 | Elapsed=1ms | Status=Completed
2026-04-17 09:16:37 | INF | CONTROLLER_EXEC | Acc= admin | IP=::1 | Path=ADS999002/ADS999002 | Message=GET /ADS999002/ADS999002
2026-04-17 09:16:37 | INF | ACTION_TRACE | Acc=admin | Path=/ADS999002/ADS999002 | IP=::1 | Start=2026-04-17 09:16:37.083 | Elapsed=6ms | Status=Completed
2026-04-17 09:16:37 | INF | ACTION_TRACE | Acc=admin | Path=/sm/6cf3a2be173716d0e4726c68ef6634f00cefa4e7428560c2debae6f24389d3c1.map | IP=::1 | Start=2026-04-17 09:16:37.153 | Elapsed=0ms | Status=Completed
2026-04-17 09:16:37 | INF | CONTROLLER_EXEC | Acc= admin | IP=::1 | Path=ADS999002/GetAllRoleList | Message=POST /ADS999002/GetAllRoleList
2026-04-17 09:16:37 | INF | ACTION_TRACE | Acc=admin | Path=/ADS999002/GetAllRoleList | IP=::1 | Start=2026-04-17 09:16:37.237 | Elapsed=5ms | Status=Completed
2026-04-17 09:16:38 | INF | CONTROLLER_EXEC | Acc= admin | IP=::1 | Path=ADS999002/GetRoleByNo | Message=GET /ADS999002/GetRoleByNo
2026-04-17 09:16:38 | INF | ACTION_TRACE | Acc=admin | Path=/ADS999002/GetRoleByNo | IP=::1 | Start=2026-04-17 09:16:38.528 | Elapsed=25ms | Status=Completed
2026-04-17 09:16:41 | INF | CONTROLLER_EXEC | Acc= admin | IP=::1 | Path=ADS999002/GetPermission | Message=POST /ADS999002/GetPermission
2026-04-17 09:16:41 | INF | ACTION_TRACE | Acc=admin | Path=/ADS999002/GetPermission | IP=::1 | Start=2026-04-17 09:16:41.416 | Elapsed=3ms | Status=Completed
2026-04-17 09:16:43 | INF | CONTROLLER_EXEC | Acc= admin | IP=::1 | Path=ADS999002/GetPeople | Message=POST /ADS999002/GetPeople
2026-04-17 09:16:43 | INF | ACTION_TRACE | Acc=admin | Path=/ADS999002/GetPeople | IP=::1 | Start=2026-04-17 09:16:43.845 | Elapsed=41ms | Status=Completed
2026-04-17 09:17:06 | INF | ACTION_TRACE | Acc=admin | Path=/AdminPortal/Home/Index | IP=::1 | Start=2026-04-17 09:17:06.352 | Elapsed=12ms | Status=Completed
2026-04-17 09:17:06 | INF | ACTION_TRACE | Acc=admin | Path=/.well-known/appspecific/com.chrome.devtools.json | IP=::1 | Start=2026-04-17 09:17:06.499 | Elapsed=0ms | Status=Completed
2026-04-17 09:17:09 | INF | CONTROLLER_EXEC | Acc= admin | IP=::1 | Path=ADS999002/ADS999002 | Message=GET /ADS999002/ADS999002
2026-04-17 09:17:09 | INF | ACTION_TRACE | Acc=admin | Path=/ADS999002/ADS999002 | IP=::1 | Start=2026-04-17 09:17:09.612 | Elapsed=4ms | Status=Completed
2026-04-17 09:17:09 | INF | CONTROLLER_EXEC | Acc= admin | IP=::1 | Path=ADS999002/GetAllRoleList | Message=POST /ADS999002/GetAllRoleList
2026-04-17 09:17:09 | INF | ACTION_TRACE | Acc=admin | Path=/ADS999002/GetAllRoleList | IP=::1 | Start=2026-04-17 09:17:09.725 | Elapsed=6ms | Status=Completed
2026-04-17 09:17:09 | INF | ACTION_TRACE | Acc=admin | Path=/sm/6cf3a2be173716d0e4726c68ef6634f00cefa4e7428560c2debae6f24389d3c1.map | IP=::1 | Start=2026-04-17 09:17:09.746 | Elapsed=0ms | Status=Completed
2026-04-17 09:17:12 | INF | CONTROLLER_EXEC | Acc= admin | IP=::1 | Path=ADS999002/GetPermission | Message=POST /ADS999002/GetPermission
2026-04-17 09:17:12 | INF | ACTION_TRACE | Acc=admin | Path=/ADS999002/GetPermission | IP=::1 | Start=2026-04-17 09:17:12.861 | Elapsed=2ms | Status=Completed
2026-04-17 09:17:24 | INF | ACTION_TRACE | Acc=admin | Path=/.well-known/appspecific/com.chrome.devtools.json | IP=::1 | Start=2026-04-17 09:17:24.730 | Elapsed=0ms | Status=Completed
2026-04-17 09:17:24 | INF | ACTION_TRACE | Acc=admin | Path=/sm/6cf3a2be173716d0e4726c68ef6634f00cefa4e7428560c2debae6f24389d3c1.map | IP=::1 | Start=2026-04-17 09:17:24.802 | Elapsed=0ms | Status=Completed
2026-04-17 09:31:10 | WRN | No store type was specified for the decimal property 'OveMoney' on entity type 'HROvertime'. This will cause values to be silently truncated if they do not fit in the default precision and scale. Explicitly specify the SQL server column type that can accommodate all the values in 'OnModelCreating' using 'HasColumnType', specify precision and scale using 'HasPrecision', or configure a value converter using 'HasConversion'.
2026-04-17 09:31:10 | WRN | No store type was specified for the decimal property 'Wag1D1Hour' on entity type 'HRWage'. This will cause values to be silently truncated if they do not fit in the default precision and scale. Explicitly specify the SQL server column type that can accommodate all the values in 'OnModelCreating' using 'HasColumnType', specify precision and scale using 'HasPrecision', or configure a value converter using 'HasConversion'.
2026-04-17 09:31:10 | WRN | No store type was specified for the decimal property 'Wag2D1Hour' on entity type 'HRWage'. This will cause values to be silently truncated if they do not fit in the default precision and scale. Explicitly specify the SQL server column type that can accommodate all the values in 'OnModelCreating' using 'HasColumnType', specify precision and scale using 'HasPrecision', or configure a value converter using 'HasConversion'.
2026-04-17 09:31:10 | WRN | No store type was specified for the decimal property 'Wag4D3Hour' on entity type 'HRWage'. This will cause values to be silently truncated if they do not fit in the default precision and scale. Explicitly specify the SQL server column type that can accommodate all the values in 'OnModelCreating' using 'HasColumnType', specify precision and scale using 'HasPrecision', or configure a value converter using 'HasConversion'.
2026-04-17 09:31:10 | WRN | No store type was specified for the decimal property 'Wag5D3Hour' on entity type 'HRWage'. This will cause values to be silently truncated if they do not fit in the default precision and scale. Explicitly specify the SQL server column type that can accommodate all the values in 'OnModelCreating' using 'HasColumnType', specify precision and scale using 'HasPrecision', or configure a value converter using 'HasConversion'.
2026-04-17 09:31:10 | WRN | No store type was specified for the decimal property 'Wag8D3Hour' on entity type 'HRWage'. This will cause values to be silently truncated if they do not fit in the default precision and scale. Explicitly specify the SQL server column type that can accommodate all the values in 'OnModelCreating' using 'HasColumnType', specify precision and scale using 'HasPrecision', or configure a value converter using 'HasConversion'.
2026-04-17 09:31:10 | WRN | No store type was specified for the decimal property 'WagApplyHour' on entity type 'HRWage'. This will cause values to be silently truncated if they do not fit in the default precision and scale. Explicitly specify the SQL server column type that can accommodate all the values in 'OnModelCreating' using 'HasColumnType', specify precision and scale using 'HasPrecision', or configure a value converter using 'HasConversion'.
2026-04-17 09:31:10 | WRN | No store type was specified for the decimal property 'WagIssueHour' on entity type 'HRWage'. This will cause values to be silently truncated if they do not fit in the default precision and scale. Explicitly specify the SQL server column type that can accommodate all the values in 'OnModelCreating' using 'HasColumnType', specify precision and scale using 'HasPrecision', or configure a value converter using 'HasConversion'.
2026-04-17 09:31:10 | WRN | No store type was specified for the decimal property 'WagSubtotal' on entity type 'HRWage'. This will cause values to be silently truncated if they do not fit in the default precision and scale. Explicitly specify the SQL server column type that can accommodate all the values in 'OnModelCreating' using 'HasColumnType', specify precision and scale using 'HasPrecision', or configure a value converter using 'HasConversion'.
2026-04-17 09:31:15 | WRN | The query uses the 'First'/'FirstOrDefault' operator without 'OrderBy' and filter operators. This may lead to unpredictable results.
2026-04-17 09:31:16 | INF | ACTION_TRACE | Acc=admin | Path=/ | IP=::1 | Start=2026-04-17 09:31:09.665 | Elapsed=7190ms | Status=Completed
2026-04-17 09:31:16 | INF | NETWORK_UNSTABLE | Acc=admin | Path=/ | Reason=SlowRequest 7190ms
2026-04-17 09:31:17 | INF | ACTION_TRACE | Acc=admin | Path=/Captcha/Generate | IP=::1 | Start=2026-04-17 09:31:17.051 | Elapsed=46ms | Status=Completed
2026-04-17 09:31:17 | INF | ACTION_TRACE | Acc=admin | Path=/DNTCaptchaImage/Show | IP=::1 | Start=2026-04-17 09:31:17.129 | Elapsed=157ms | Status=Completed
2026-04-17 09:31:19 | INF | ACTION_TRACE | Acc=admin | Path=/AdminPortal/Account/Login | IP=::1 | Start=2026-04-17 09:31:19.702 | Elapsed=130ms | Status=Completed
2026-04-17 09:31:19 | INF | ACTION_TRACE | Acc=admin | Path=/Captcha/Generate | IP=::1 | Start=2026-04-17 09:31:19.905 | Elapsed=5ms | Status=Completed
2026-04-17 09:31:20 | INF | ACTION_TRACE | Acc=admin | Path=/DNTCaptchaImage/Show | IP=::1 | Start=2026-04-17 09:31:19.921 | Elapsed=85ms | Status=Completed
2026-04-17 09:31:32 | INF | ACTION_TRACE | Acc=admin | Path=/AdminPortal/Account/Login | IP=::1 | Start=2026-04-17 09:31:22.993 | Elapsed=9150ms | Status=Completed
2026-04-17 09:31:32 | INF | NETWORK_UNSTABLE | Acc=admin | Path=/AdminPortal/Account/Login | Reason=SlowRequest 9150ms
2026-04-17 09:31:32 | INF | ACTION_TRACE | Acc=admin | Path=/AdminPortal/Home/Index | IP=::1 | Start=2026-04-17 09:31:32.158 | Elapsed=155ms | Status=Completed
2026-04-17 09:31:35 | INF | CONTROLLER_EXEC | Acc= admin | IP=::1 | Path=ADS999002/ADS999002 | Message=GET /ADS999002/ADS999002
2026-04-17 09:31:35 | INF | ACTION_TRACE | Acc=admin | Path=/ADS999002/ADS999002 | IP=::1 | Start=2026-04-17 09:31:35.210 | Elapsed=72ms | Status=Completed
2026-04-17 09:31:35 | INF | CONTROLLER_EXEC | Acc= admin | IP=::1 | Path=ADS999002/GetAllRoleList | Message=POST /ADS999002/GetAllRoleList
2026-04-17 09:31:35 | INF | ACTION_TRACE | Acc=admin | Path=/ADS999002/GetAllRoleList | IP=::1 | Start=2026-04-17 09:31:35.347 | Elapsed=67ms | Status=Completed
2026-04-17 09:31:36 | INF | ACTION_TRACE | Acc=admin | Path=/.well-known/appspecific/com.chrome.devtools.json | IP=::1 | Start=2026-04-17 09:31:36.998 | Elapsed=0ms | Status=Completed
2026-04-17 09:31:37 | INF | ACTION_TRACE | Acc=admin | Path=/sm/6cf3a2be173716d0e4726c68ef6634f00cefa4e7428560c2debae6f24389d3c1.map | IP=::1 | Start=2026-04-17 09:31:37.094 | Elapsed=0ms | Status=Completed
2026-04-17 09:47:38 | WRN | No store type was specified for the decimal property 'OveMoney' on entity type 'HROvertime'. This will cause values to be silently truncated if they do not fit in the default precision and scale. Explicitly specify the SQL server column type that can accommodate all the values in 'OnModelCreating' using 'HasColumnType', specify precision and scale using 'HasPrecision', or configure a value converter using 'HasConversion'.
2026-04-17 09:47:38 | WRN | No store type was specified for the decimal property 'Wag1D1Hour' on entity type 'HRWage'. This will cause values to be silently truncated if they do not fit in the default precision and scale. Explicitly specify the SQL server column type that can accommodate all the values in 'OnModelCreating' using 'HasColumnType', specify precision and scale using 'HasPrecision', or configure a value converter using 'HasConversion'.
2026-04-17 09:47:38 | WRN | No store type was specified for the decimal property 'Wag2D1Hour' on entity type 'HRWage'. This will cause values to be silently truncated if they do not fit in the default precision and scale. Explicitly specify the SQL server column type that can accommodate all the values in 'OnModelCreating' using 'HasColumnType', specify precision and scale using 'HasPrecision', or configure a value converter using 'HasConversion'.
2026-04-17 09:47:38 | WRN | No store type was specified for the decimal property 'Wag4D3Hour' on entity type 'HRWage'. This will cause values to be silently truncated if they do not fit in the default precision and scale. Explicitly specify the SQL server column type that can accommodate all the values in 'OnModelCreating' using 'HasColumnType', specify precision and scale using 'HasPrecision', or configure a value converter using 'HasConversion'.
2026-04-17 09:47:38 | WRN | No store type was specified for the decimal property 'Wag5D3Hour' on entity type 'HRWage'. This will cause values to be silently truncated if they do not fit in the default precision and scale. Explicitly specify the SQL server column type that can accommodate all the values in 'OnModelCreating' using 'HasColumnType', specify precision and scale using 'HasPrecision', or configure a value converter using 'HasConversion'.
2026-04-17 09:47:38 | WRN | No store type was specified for the decimal property 'Wag8D3Hour' on entity type 'HRWage'. This will cause values to be silently truncated if they do not fit in the default precision and scale. Explicitly specify the SQL server column type that can accommodate all the values in 'OnModelCreating' using 'HasColumnType', specify precision and scale using 'HasPrecision', or configure a value converter using 'HasConversion'.
2026-04-17 09:47:38 | WRN | No store type was specified for the decimal property 'WagApplyHour' on entity type 'HRWage'. This will cause values to be silently truncated if they do not fit in the default precision and scale. Explicitly specify the SQL server column type that can accommodate all the values in 'OnModelCreating' using 'HasColumnType', specify precision and scale using 'HasPrecision', or configure a value converter using 'HasConversion'.
2026-04-17 09:47:38 | WRN | No store type was specified for the decimal property 'WagIssueHour' on entity type 'HRWage'. This will cause values to be silently truncated if they do not fit in the default precision and scale. Explicitly specify the SQL server column type that can accommodate all the values in 'OnModelCreating' using 'HasColumnType', specify precision and scale using 'HasPrecision', or configure a value converter using 'HasConversion'.
2026-04-17 09:47:38 | WRN | No store type was specified for the decimal property 'WagSubtotal' on entity type 'HRWage'. This will cause values to be silently truncated if they do not fit in the default precision and scale. Explicitly specify the SQL server column type that can accommodate all the values in 'OnModelCreating' using 'HasColumnType', specify precision and scale using 'HasPrecision', or configure a value converter using 'HasConversion'.
2026-04-17 09:47:43 | WRN | The query uses the 'First'/'FirstOrDefault' operator without 'OrderBy' and filter operators. This may lead to unpredictable results.
2026-04-17 09:47:44 | INF | ACTION_TRACE | Acc=admin | Path=/ | IP=::1 | Start=2026-04-17 09:47:37.489 | Elapsed=7006ms | Status=Completed
2026-04-17 09:47:44 | INF | NETWORK_UNSTABLE | Acc=admin | Path=/ | Reason=SlowRequest 7006ms
2026-04-17 09:47:44 | INF | ACTION_TRACE | Acc=admin | Path=/Captcha/Generate | IP=::1 | Start=2026-04-17 09:47:44.662 | Elapsed=43ms | Status=Completed
2026-04-17 09:47:44 | INF | ACTION_TRACE | Acc=admin | Path=/DNTCaptchaImage/Show | IP=::1 | Start=2026-04-17 09:47:44.722 | Elapsed=136ms | Status=Completed
2026-04-17 09:47:47 | INF | ACTION_TRACE | Acc=admin | Path=/AdminPortal/Account/Login | IP=::1 | Start=2026-04-17 09:47:47.596 | Elapsed=101ms | Status=Completed
2026-04-17 09:47:47 | INF | ACTION_TRACE | Acc=admin | Path=/Captcha/Generate | IP=::1 | Start=2026-04-17 09:47:47.822 | Elapsed=5ms | Status=Completed
2026-04-17 09:47:47 | INF | ACTION_TRACE | Acc=admin | Path=/DNTCaptchaImage/Show | IP=::1 | Start=2026-04-17 09:47:47.834 | Elapsed=72ms | Status=Completed
2026-04-17 09:47:58 | INF | ACTION_TRACE | Acc=admin | Path=/AdminPortal/Account/Login | IP=::1 | Start=2026-04-17 09:47:51.048 | Elapsed=7081ms | Status=Completed
2026-04-17 09:47:58 | INF | NETWORK_UNSTABLE | Acc=admin | Path=/AdminPortal/Account/Login | Reason=SlowRequest 7081ms
2026-04-17 09:47:58 | INF | ACTION_TRACE | Acc=admin | Path=/AdminPortal/Home/Index | IP=::1 | Start=2026-04-17 09:47:58.142 | Elapsed=130ms | Status=Completed
2026-04-17 09:48:02 | INF | CONTROLLER_EXEC | Acc= admin | IP=::1 | Path=ADS999002/ADS999002 | Message=GET /ADS999002/ADS999002
2026-04-17 09:48:02 | INF | ACTION_TRACE | Acc=admin | Path=/ADS999002/ADS999002 | IP=::1 | Start=2026-04-17 09:48:02.777 | Elapsed=72ms | Status=Completed
2026-04-17 09:48:02 | INF | CONTROLLER_EXEC | Acc= admin | IP=::1 | Path=ADS999002/GetAllRoleList | Message=POST /ADS999002/GetAllRoleList
2026-04-17 09:48:02 | INF | ACTION_TRACE | Acc=admin | Path=/ADS999002/GetAllRoleList | IP=::1 | Start=2026-04-17 09:48:02.903 | Elapsed=63ms | Status=Completed
2026-04-17 09:48:06 | INF | CONTROLLER_EXEC | Acc= admin | IP=::1 | Path=ADS999002/GetPermission | Message=POST /ADS999002/GetPermission
2026-04-17 09:48:06 | INF | ACTION_TRACE | Acc=admin | Path=/ADS999002/GetPermission | IP=::1 | Start=2026-04-17 09:48:06.473 | Elapsed=39ms | Status=Completed
2026-04-17 09:48:09 | INF | CONTROLLER_EXEC | Acc= admin | IP=::1 | Path=ADS999002/GetRoleByNo | Message=GET /ADS999002/GetRoleByNo
2026-04-17 09:48:09 | INF | ACTION_TRACE | Acc=admin | Path=/ADS999002/GetRoleByNo | IP=::1 | Start=2026-04-17 09:48:09.617 | Elapsed=26ms | Status=Completed
2026-04-17 09:48:13 | INF | CONTROLLER_EXEC | Acc= admin | IP=::1 | Path=ADS999002/GetPermission | Message=POST /ADS999002/GetPermission
2026-04-17 09:48:13 | INF | ACTION_TRACE | Acc=admin | Path=/ADS999002/GetPermission | IP=::1 | Start=2026-04-17 09:48:13.002 | Elapsed=3ms | Status=Completed
2026-04-17 09:48:26 | INF | ACTION_TRACE | Acc=admin | Path=/.well-known/appspecific/com.chrome.devtools.json | IP=::1 | Start=2026-04-17 09:48:26.784 | Elapsed=0ms | Status=Completed
2026-04-17 09:48:26 | INF | ACTION_TRACE | Acc=admin | Path=/sm/6cf3a2be173716d0e4726c68ef6634f00cefa4e7428560c2debae6f24389d3c1.map | IP=::1 | Start=2026-04-17 09:48:26.881 | Elapsed=0ms | Status=Completed
2026-04-17 09:49:06 | INF | CONTROLLER_EXEC | Acc= admin | IP=::1 | Path=ADS999002/GetPeople | Message=POST /ADS999002/GetPeople
2026-04-17 09:49:06 | INF | ACTION_TRACE | Acc=admin | Path=/ADS999002/GetPeople | IP=::1 | Start=2026-04-17 09:49:06.168 | Elapsed=33ms | Status=Completed
2026-04-17 09:49:07 | INF | CONTROLLER_EXEC | Acc= admin | IP=::1 | Path=ADS999002/GetPeople | Message=POST /ADS999002/GetPeople
2026-04-17 09:49:07 | INF | ACTION_TRACE | Acc=admin | Path=/ADS999002/GetPeople | IP=::1 | Start=2026-04-17 09:49:07.762 | Elapsed=44ms | Status=Completed
2026-04-17 09:49:09 | INF | CONTROLLER_EXEC | Acc= admin | IP=::1 | Path=ADS999002/GetPermission | Message=POST /ADS999002/GetPermission
2026-04-17 09:49:09 | INF | ACTION_TRACE | Acc=admin | Path=/ADS999002/GetPermission | IP=::1 | Start=2026-04-17 09:49:09.652 | Elapsed=3ms | Status=Completed
2026-04-17 09:49:12 | INF | CONTROLLER_EXEC | Acc= admin | IP=::1 | Path=ADS999002/UpdatePermission | Message=POST /ADS999002/UpdatePermission
2026-04-17 09:49:12 | INF | ACTION_TRACE | Acc=admin | Path=/ADS999002/UpdatePermission | IP=::1 | Start=2026-04-17 09:49:12.684 | Elapsed=69ms | Status=Completed
2026-04-17 09:49:20 | INF | ACTION_TRACE | Acc=admin | Path=/.well-known/appspecific/com.chrome.devtools.json | IP=::1 | Start=2026-04-17 09:49:20.485 | Elapsed=0ms | Status=Completed
2026-04-17 09:49:20 | INF | ACTION_TRACE | Acc=admin | Path=/sm/6cf3a2be173716d0e4726c68ef6634f00cefa4e7428560c2debae6f24389d3c1.map | IP=::1 | Start=2026-04-17 09:49:20.503 | Elapsed=0ms | Status=Completed
2026-04-17 09:50:07 | INF | ACTION_TRACE | Acc=admin | Path=/.well-known/appspecific/com.chrome.devtools.json | IP=::1 | Start=2026-04-17 09:50:07.510 | Elapsed=0ms | Status=Completed
2026-04-17 09:50:07 | INF | ACTION_TRACE | Acc=admin | Path=/sm/6cf3a2be173716d0e4726c68ef6634f00cefa4e7428560c2debae6f24389d3c1.map | IP=::1 | Start=2026-04-17 09:50:07.516 | Elapsed=0ms | Status=Completed
2026-04-17 09:51:23 | INF | CONTROLLER_EXEC | Acc= admin | IP=::1 | Path=ADS999002/GetPeople | Message=POST /ADS999002/GetPeople
2026-04-17 09:51:23 | INF | ACTION_TRACE | Acc=admin | Path=/ADS999002/GetPeople | IP=::1 | Start=2026-04-17 09:51:23.078 | Elapsed=13ms | Status=Completed
2026-04-17 09:51:35 | INF | CONTROLLER_EXEC | Acc= admin | IP=::1 | Path=ADS999002/GetPeople | Message=POST /ADS999002/GetPeople
2026-04-17 09:51:35 | INF | ACTION_TRACE | Acc=admin | Path=/ADS999002/GetPeople | IP=::1 | Start=2026-04-17 09:51:35.676 | Elapsed=3ms | Status=Completed
2026-04-17 09:52:52 | INF | ACTION_TRACE | Acc=admin | Path=/.well-known/appspecific/com.chrome.devtools.json | IP=::1 | Start=2026-04-17 09:52:52.699 | Elapsed=0ms | Status=Completed
2026-04-17 09:52:53 | INF | ACTION_TRACE | Acc=admin | Path=/.well-known/appspecific/com.chrome.devtools.json | IP=::1 | Start=2026-04-17 09:52:53.440 | Elapsed=0ms | Status=Completed
2026-04-17 09:52:53 | INF | ACTION_TRACE | Acc=admin | Path=/sm/6cf3a2be173716d0e4726c68ef6634f00cefa4e7428560c2debae6f24389d3c1.map | IP=::1 | Start=2026-04-17 09:52:53.453 | Elapsed=0ms | Status=Completed
2026-04-17 09:55:34 | INF | ACTION_TRACE | Acc=admin | Path=/AdminPortal/Home/Index | IP=::1 | Start=2026-04-17 09:55:34.679 | Elapsed=26ms | Status=Completed
2026-04-17 09:55:34 | INF | ACTION_TRACE | Acc=admin | Path=/.well-known/appspecific/com.chrome.devtools.json | IP=::1 | Start=2026-04-17 09:55:34.781 | Elapsed=0ms | Status=Completed
2026-04-17 09:55:37 | INF | CONTROLLER_EXEC | Acc= admin | IP=::1 | Path=ADS999002/ADS999002 | Message=GET /ADS999002/ADS999002
2026-04-17 09:55:37 | INF | ACTION_TRACE | Acc=admin | Path=/ADS999002/ADS999002 | IP=::1 | Start=2026-04-17 09:55:37.536 | Elapsed=12ms | Status=Completed
2026-04-17 09:55:37 | INF | ACTION_TRACE | Acc=admin | Path=/sm/6cf3a2be173716d0e4726c68ef6634f00cefa4e7428560c2debae6f24389d3c1.map | IP=::1 | Start=2026-04-17 09:55:37.610 | Elapsed=0ms | Status=Completed
2026-04-17 09:55:37 | INF | CONTROLLER_EXEC | Acc= admin | IP=::1 | Path=ADS999002/GetAllRoleList | Message=POST /ADS999002/GetAllRoleList
2026-04-17 09:55:37 | INF | ACTION_TRACE | Acc=admin | Path=/ADS999002/GetAllRoleList | IP=::1 | Start=2026-04-17 09:55:37.683 | Elapsed=7ms | Status=Completed
2026-04-17 09:55:43 | INF | CONTROLLER_EXEC | Acc= admin | IP=::1 | Path=ADS999002/GetPeople | Message=POST /ADS999002/GetPeople
2026-04-17 09:55:43 | INF | ACTION_TRACE | Acc=admin | Path=/ADS999002/GetPeople | IP=::1 | Start=2026-04-17 09:55:43.932 | Elapsed=3ms | Status=Completed
2026-04-17 09:56:10 | INF | ACTION_TRACE | Acc=admin | Path=/.well-known/appspecific/com.chrome.devtools.json | IP=::1 | Start=2026-04-17 09:56:10.148 | Elapsed=0ms | Status=Completed
2026-04-17 09:56:10 | INF | ACTION_TRACE | Acc=admin | Path=/sm/6cf3a2be173716d0e4726c68ef6634f00cefa4e7428560c2debae6f24389d3c1.map | IP=::1 | Start=2026-04-17 09:56:10.176 | Elapsed=0ms | Status=Completed
2026-04-17 09:57:52 | INF | ACTION_TRACE | Acc=admin | Path=/.well-known/appspecific/com.chrome.devtools.json | IP=::1 | Start=2026-04-17 09:57:52.750 | Elapsed=0ms | Status=Completed
2026-04-17 09:57:52 | INF | ACTION_TRACE | Acc=admin | Path=/sm/6cf3a2be173716d0e4726c68ef6634f00cefa4e7428560c2debae6f24389d3c1.map | IP=::1 | Start=2026-04-17 09:57:52.804 | Elapsed=0ms | Status=Completed
2026-04-17 11:23:06 | INF | ACTION_TRACE | Acc=admin | Path=/AdminPortal/Home/Index | IP=::1 | Start=2026-04-17 11:23:06.023 | Elapsed=134ms | Status=Completed
2026-04-17 11:23:09 | INF | CONTROLLER_EXEC | Acc= admin | IP=::1 | Path=ADS999002/ADS999002 | Message=GET /ADS999002/ADS999002
2026-04-17 11:23:09 | INF | ACTION_TRACE | Acc=admin | Path=/ADS999002/ADS999002 | IP=::1 | Start=2026-04-17 11:23:09.140 | Elapsed=71ms | Status=Completed
2026-04-17 11:23:09 | INF | CONTROLLER_EXEC | Acc= admin | IP=::1 | Path=ADS999002/GetAllRoleList | Message=POST /ADS999002/GetAllRoleList
2026-04-17 11:23:09 | INF | ACTION_TRACE | Acc=admin | Path=/ADS999002/GetAllRoleList | IP=::1 | Start=2026-04-17 11:23:09.276 | Elapsed=108ms | Status=Completed
2026-04-17 11:23:15 | INF | CONTROLLER_EXEC | Acc= admin | IP=::1 | Path=ADS999002/GetPermission | Message=POST /ADS999002/GetPermission
2026-04-17 11:23:15 | INF | ACTION_TRACE | Acc=admin | Path=/ADS999002/GetPermission | IP=::1 | Start=2026-04-17 11:23:15.253 | Elapsed=81ms | Status=Completed
2026-04-17 11:23:17 | INF | CONTROLLER_EXEC | Acc= admin | IP=::1 | Path=ADS999002/GetPeople | Message=POST /ADS999002/GetPeople
2026-04-17 11:23:17 | INF | ACTION_TRACE | Acc=admin | Path=/ADS999002/GetPeople | IP=::1 | Start=2026-04-17 11:23:17.866 | Elapsed=66ms | Status=Completed
2026-04-17 11:23:26 | INF | ACTION_TRACE | Acc=admin | Path=/.well-known/appspecific/com.chrome.devtools.json | IP=::1 | Start=2026-04-17 11:23:26.677 | Elapsed=0ms | Status=Completed
2026-04-17 11:23:26 | INF | ACTION_TRACE | Acc=admin | Path=/sm/6cf3a2be173716d0e4726c68ef6634f00cefa4e7428560c2debae6f24389d3c1.map | IP=::1 | Start=2026-04-17 11:23:26.781 | Elapsed=0ms | Status=Completed
2026-04-17 11:25:28 | INF | ACTION_TRACE | Acc=admin | Path=/AdminPortal/Account/Login | IP=::1 | Start=2026-04-17 11:25:28.023 | Elapsed=5ms | Status=Completed
2026-04-17 11:25:28 | INF | ACTION_TRACE | Acc=admin | Path=/.well-known/appspecific/com.chrome.devtools.json | IP=::1 | Start=2026-04-17 11:25:28.075 | Elapsed=0ms | Status=Completed
2026-04-17 11:25:28 | INF | ACTION_TRACE | Acc=admin | Path=/Captcha/Generate | IP=::1 | Start=2026-04-17 11:25:28.256 | Elapsed=4ms | Status=Completed
2026-04-17 11:25:28 | INF | ACTION_TRACE | Acc=admin | Path=/DNTCaptchaImage/Show | IP=::1 | Start=2026-04-17 11:25:28.269 | Elapsed=16ms | Status=Completed
2026-04-17 11:25:32 | INF | ACTION_TRACE | Acc=admin | Path=/ | IP=::1 | Start=2026-04-17 11:25:30.637 | Elapsed=1880ms | Status=Completed
2026-04-17 11:25:32 | INF | ACTION_TRACE | Acc=admin | Path=/.well-known/appspecific/com.chrome.devtools.json | IP=::1 | Start=2026-04-17 11:25:32.554 | Elapsed=0ms | Status=Completed
2026-04-17 11:25:32 | INF | ACTION_TRACE | Acc=admin | Path=/Captcha/Generate | IP=::1 | Start=2026-04-17 11:25:32.754 | Elapsed=2ms | Status=Completed
2026-04-17 11:25:32 | INF | ACTION_TRACE | Acc=admin | Path=/DNTCaptchaImage/Show | IP=::1 | Start=2026-04-17 11:25:32.774 | Elapsed=50ms | Status=Completed
2026-04-17 11:25:37 | INF | ACTION_TRACE | Acc=admin | Path=/Account/Login | IP=::1 | Start=2026-04-17 11:25:36.295 | Elapsed=781ms | Status=Completed
2026-04-17 11:25:37 | INF | ACTION_TRACE | Acc=admin | Path=/Home/Index | IP=::1 | Start=2026-04-17 11:25:37.085 | Elapsed=205ms | Status=Completed
2026-04-17 11:25:37 | INF | ACTION_TRACE | Acc=admin | Path=/.well-known/appspecific/com.chrome.devtools.json | IP=::1 | Start=2026-04-17 11:25:37.334 | Elapsed=0ms | Status=Completed
2026-04-17 11:25:37 | INF | ACTION_TRACE | Acc=admin | Path=/lib/html-to-image/html-to-image.js.map | IP=::1 | Start=2026-04-17 11:25:37.540 | Elapsed=0ms | Status=Completed
2026-04-17 11:25:39 | INF | ACTION_TRACE | Acc=admin | Path=/Home/GetMenu | IP=::1 | Start=2026-04-17 11:25:39.279 | Elapsed=59ms | Status=Completed
2026-04-17 11:25:41 | INF | CONTROLLER_EXEC | Acc= admin | IP=::1 | Path=SYS201002/SYS201002 | Message=GET /SYS201002/SYS201002
2026-04-17 11:25:41 | INF | ACTION_TRACE | Acc=admin | Path=/SYS201002/SYS201002 | IP=::1 | Start=2026-04-17 11:25:40.994 | Elapsed=89ms | Status=Completed
2026-04-17 11:25:41 | INF | ACTION_TRACE | Acc=admin | Path=/sm/6cf3a2be173716d0e4726c68ef6634f00cefa4e7428560c2debae6f24389d3c1.map | IP=::1 | Start=2026-04-17 11:25:41.143 | Elapsed=0ms | Status=Completed
2026-04-17 11:25:41 | INF | CONTROLLER_EXEC | Acc= admin | IP=::1 | Path=SYS201002/GetAllRoleList | Message=POST /SYS201002/GetAllRoleList
2026-04-17 11:25:41 | INF | ACTION_TRACE | Acc=admin | Path=/SYS201002/GetAllRoleList | IP=::1 | Start=2026-04-17 11:25:41.229 | Elapsed=59ms | Status=Completed
2026-04-17 11:26:20 | INF | ACTION_TRACE | Acc=admin | Path=/Account/Logout | IP=::1 | Start=2026-04-17 11:26:20.852 | Elapsed=14ms | Status=Completed
2026-04-17 11:26:32 | INF | ACTION_TRACE | Acc=admin | Path=/AdminPortal/Home/Index | IP=::1 | Start=2026-04-17 11:26:32.052 | Elapsed=5ms | Status=Completed
2026-04-17 11:26:36 | INF | CONTROLLER_EXEC | Acc= admin | IP=::1 | Path=ADS999002/ADS999002 | Message=GET /ADS999002/ADS999002
2026-04-17 11:26:36 | INF | ACTION_TRACE | Acc=admin | Path=/ADS999002/ADS999002 | IP=::1 | Start=2026-04-17 11:26:36.809 | Elapsed=4ms | Status=Completed
2026-04-17 11:26:36 | INF | CONTROLLER_EXEC | Acc= admin | IP=::1 | Path=ADS999002/GetAllRoleList | Message=POST /ADS999002/GetAllRoleList
2026-04-17 11:26:36 | INF | ACTION_TRACE | Acc=admin | Path=/ADS999002/GetAllRoleList | IP=::1 | Start=2026-04-17 11:26:36.860 | Elapsed=3ms | Status=Completed
2026-04-17 11:27:21 | INF | CONTROLLER_EXEC | Acc= admin | IP=::1 | Path=ADS999002/GetPermission | Message=POST /ADS999002/GetPermission
2026-04-17 11:27:21 | INF | ACTION_TRACE | Acc=admin | Path=/ADS999002/GetPermission | IP=::1 | Start=2026-04-17 11:27:21.561 | Elapsed=3ms | Status=Completed
2026-04-17 11:27:25 | INF | CONTROLLER_EXEC | Acc= admin | IP=::1 | Path=ADS999002/GetPeople | Message=POST /ADS999002/GetPeople
2026-04-17 11:27:25 | INF | ACTION_TRACE | Acc=admin | Path=/ADS999002/GetPeople | IP=::1 | Start=2026-04-17 11:27:25.162 | Elapsed=38ms | Status=Completed
2026-04-17 11:27:29 | INF | CONTROLLER_EXEC | Acc= admin | IP=::1 | Path=ADS999002/GetRoleByNo | Message=GET /ADS999002/GetRoleByNo
2026-04-17 11:27:29 | INF | ACTION_TRACE | Acc=admin | Path=/ADS999002/GetRoleByNo | IP=::1 | Start=2026-04-17 11:27:29.317 | Elapsed=29ms | Status=Completed
2026-04-17 11:27:50 | INF | ACTION_TRACE | Acc=admin | Path=/AdminPortal/Home/Index | IP=::1 | Start=2026-04-17 11:27:50.871 | Elapsed=8ms | Status=Completed
2026-04-17 11:27:53 | INF | CONTROLLER_EXEC | Acc= admin | IP=::1 | Path=ADS999002/ADS999002 | Message=GET /ADS999002/ADS999002
2026-04-17 11:27:53 | INF | ACTION_TRACE | Acc=admin | Path=/ADS999002/ADS999002 | IP=::1 | Start=2026-04-17 11:27:53.310 | Elapsed=5ms | Status=Completed
2026-04-17 11:27:53 | INF | CONTROLLER_EXEC | Acc= admin | IP=::1 | Path=ADS999002/GetAllRoleList | Message=POST /ADS999002/GetAllRoleList
2026-04-17 11:27:53 | INF | ACTION_TRACE | Acc=admin | Path=/ADS999002/GetAllRoleList | IP=::1 | Start=2026-04-17 11:27:53.343 | Elapsed=6ms | Status=Completed
2026-04-17 11:27:59 | INF | CONTROLLER_EXEC | Acc= admin | IP=::1 | Path=ADS999002/GetPeople | Message=POST /ADS999002/GetPeople
2026-04-17 11:27:59 | INF | ACTION_TRACE | Acc=admin | Path=/ADS999002/GetPeople | IP=::1 | Start=2026-04-17 11:27:59.108 | Elapsed=3ms | Status=Completed
2026-04-17 11:28:01 | INF | CONTROLLER_EXEC | Acc= admin | IP=::1 | Path=ADS999002/GetPermission | Message=POST /ADS999002/GetPermission
2026-04-17 11:28:01 | INF | ACTION_TRACE | Acc=admin | Path=/ADS999002/GetPermission | IP=::1 | Start=2026-04-17 11:28:01.872 | Elapsed=2ms | Status=Completed
2026-04-17 11:28:04 | INF | CONTROLLER_EXEC | Acc= admin | IP=::1 | Path=ADS999002/GetRoleByNo | Message=GET /ADS999002/GetRoleByNo
2026-04-17 11:28:04 | INF | ACTION_TRACE | Acc=admin | Path=/ADS999002/GetRoleByNo | IP=::1 | Start=2026-04-17 11:28:04.951 | Elapsed=2ms | Status=Completed
2026-04-17 11:28:40 | INF | ACTION_TRACE | Acc=admin | Path=/AdminPortal/Home/Index | IP=::1 | Start=2026-04-17 11:28:40.357 | Elapsed=6ms | Status=Completed
2026-04-17 11:28:42 | INF | CONTROLLER_EXEC | Acc= admin | IP=::1 | Path=ADS999002/ADS999002 | Message=GET /ADS999002/ADS999002
2026-04-17 11:28:42 | INF | ACTION_TRACE | Acc=admin | Path=/ADS999002/ADS999002 | IP=::1 | Start=2026-04-17 11:28:42.876 | Elapsed=3ms | Status=Completed
2026-04-17 11:28:42 | INF | CONTROLLER_EXEC | Acc= admin | IP=::1 | Path=ADS999002/GetAllRoleList | Message=POST /ADS999002/GetAllRoleList
2026-04-17 11:28:42 | INF | ACTION_TRACE | Acc=admin | Path=/ADS999002/GetAllRoleList | IP=::1 | Start=2026-04-17 11:28:42.907 | Elapsed=2ms | Status=Completed
2026-04-17 11:29:04 | INF | ACTION_TRACE | Acc=admin | Path=/AdminPortal/Home/Index | IP=::1 | Start=2026-04-17 11:29:04.497 | Elapsed=10ms | Status=Completed
2026-04-17 11:29:08 | INF | CONTROLLER_EXEC | Acc= admin | IP=::1 | Path=ADS999002/ADS999002 | Message=GET /ADS999002/ADS999002
2026-04-17 11:29:08 | INF | ACTION_TRACE | Acc=admin | Path=/ADS999002/ADS999002 | IP=::1 | Start=2026-04-17 11:29:08.020 | Elapsed=3ms | Status=Completed
2026-04-17 11:29:08 | INF | CONTROLLER_EXEC | Acc= admin | IP=::1 | Path=ADS999002/GetAllRoleList | Message=POST /ADS999002/GetAllRoleList
2026-04-17 11:29:08 | INF | ACTION_TRACE | Acc=admin | Path=/ADS999002/GetAllRoleList | IP=::1 | Start=2026-04-17 11:29:08.048 | Elapsed=2ms | Status=Completed
2026-04-17 11:31:44 | INF | ACTION_TRACE | Acc=admin | Path=/AdminPortal/Home/Index | IP=::1 | Start=2026-04-17 11:31:44.277 | Elapsed=5ms | Status=Completed
2026-04-17 11:31:47 | INF | CONTROLLER_EXEC | Acc= admin | IP=::1 | Path=ADS999002/ADS999002 | Message=GET /ADS999002/ADS999002
2026-04-17 11:31:47 | INF | ACTION_TRACE | Acc=admin | Path=/ADS999002/ADS999002 | IP=::1 | Start=2026-04-17 11:31:47.713 | Elapsed=2ms | Status=Completed
2026-04-17 11:31:47 | INF | CONTROLLER_EXEC | Acc= admin | IP=::1 | Path=ADS999002/GetAllRoleList | Message=POST /ADS999002/GetAllRoleList
2026-04-17 11:31:47 | INF | ACTION_TRACE | Acc=admin | Path=/ADS999002/GetAllRoleList | IP=::1 | Start=2026-04-17 11:31:47.742 | Elapsed=3ms | Status=Completed
2026-04-17 11:31:52 | INF | CONTROLLER_EXEC | Acc= admin | IP=::1 | Path=ADS999002/GetPermission | Message=POST /ADS999002/GetPermission
2026-04-17 11:31:52 | INF | ACTION_TRACE | Acc=admin | Path=/ADS999002/GetPermission | IP=::1 | Start=2026-04-17 11:31:52.950 | Elapsed=2ms | Status=Completed
2026-04-17 11:31:57 | INF | CONTROLLER_EXEC | Acc= admin | IP=::1 | Path=ADS999002/GetPermission | Message=POST /ADS999002/GetPermission
2026-04-17 11:31:57 | INF | ACTION_TRACE | Acc=admin | Path=/ADS999002/GetPermission | IP=::1 | Start=2026-04-17 11:31:57.836 | Elapsed=2ms | Status=Completed
2026-04-17 11:32:03 | INF | CONTROLLER_EXEC | Acc= admin | IP=::1 | Path=ADS999002/GetPeople | Message=POST /ADS999002/GetPeople
2026-04-17 11:32:03 | INF | ACTION_TRACE | Acc=admin | Path=/ADS999002/GetPeople | IP=::1 | Start=2026-04-17 11:32:03.568 | Elapsed=62ms | Status=Completed
2026-04-17 11:32:12 | INF | ACTION_TRACE | Acc=admin | Path=/AdminPortal/Home/Index | IP=::1 | Start=2026-04-17 11:32:12.848 | Elapsed=6ms | Status=Completed
2026-04-17 11:32:15 | INF | CONTROLLER_EXEC | Acc= admin | IP=::1 | Path=ADS999002/ADS999002 | Message=GET /ADS999002/ADS999002
2026-04-17 11:32:15 | INF | ACTION_TRACE | Acc=admin | Path=/ADS999002/ADS999002 | IP=::1 | Start=2026-04-17 11:32:15.958 | Elapsed=2ms | Status=Completed
2026-04-17 11:32:15 | INF | CONTROLLER_EXEC | Acc= admin | IP=::1 | Path=ADS999002/GetAllRoleList | Message=POST /ADS999002/GetAllRoleList
2026-04-17 11:32:15 | INF | ACTION_TRACE | Acc=admin | Path=/ADS999002/GetAllRoleList | IP=::1 | Start=2026-04-17 11:32:15.985 | Elapsed=3ms | Status=Completed
2026-04-17 11:33:42 | INF | ACTION_TRACE | Acc=admin | Path=/.well-known/appspecific/com.chrome.devtools.json | IP=::1 | Start=2026-04-17 11:33:42.643 | Elapsed=0ms | Status=Completed
2026-04-17 11:33:42 | INF | ACTION_TRACE | Acc=admin | Path=/sm/6cf3a2be173716d0e4726c68ef6634f00cefa4e7428560c2debae6f24389d3c1.map | IP=::1 | Start=2026-04-17 11:33:42.736 | Elapsed=0ms | Status=Completed
2026-04-17 11:36:53 | INF | CONTROLLER_EXEC | Acc= admin | IP=::1 | Path=ADS999002/GetPermission | Message=POST /ADS999002/GetPermission
2026-04-17 11:36:53 | INF | ACTION_TRACE | Acc=admin | Path=/ADS999002/GetPermission | IP=::1 | Start=2026-04-17 11:36:53.471 | Elapsed=2ms | Status=Completed
2026-04-17 11:37:08 | INF | ACTION_TRACE | Acc=admin | Path=/AdminPortal/Home/Index | IP=::1 | Start=2026-04-17 11:37:08.812 | Elapsed=7ms | Status=Completed
2026-04-17 11:37:08 | INF | ACTION_TRACE | Acc=admin | Path=/.well-known/appspecific/com.chrome.devtools.json | IP=::1 | Start=2026-04-17 11:37:08.855 | Elapsed=0ms | Status=Completed
2026-04-17 11:37:13 | INF | ACTION_TRACE | Acc=admin | Path=/ADS999003/ADS999003 | IP=::1 | Start=2026-04-17 11:37:13.209 | Elapsed=0ms | Status=Completed
2026-04-17 11:37:15 | INF | CONTROLLER_EXEC | Acc= admin | IP=::1 | Path=ADS999002/ADS999002 | Message=GET /ADS999002/ADS999002
2026-04-17 11:37:15 | INF | ACTION_TRACE | Acc=admin | Path=/ADS999002/ADS999002 | IP=::1 | Start=2026-04-17 11:37:15.465 | Elapsed=2ms | Status=Completed
2026-04-17 11:37:15 | INF | ACTION_TRACE | Acc=admin | Path=/sm/6cf3a2be173716d0e4726c68ef6634f00cefa4e7428560c2debae6f24389d3c1.map | IP=::1 | Start=2026-04-17 11:37:15.572 | Elapsed=0ms | Status=Completed
2026-04-17 11:37:15 | INF | CONTROLLER_EXEC | Acc= admin | IP=::1 | Path=ADS999002/GetAllRoleList | Message=POST /ADS999002/GetAllRoleList
2026-04-17 11:37:15 | INF | ACTION_TRACE | Acc=admin | Path=/ADS999002/GetAllRoleList | IP=::1 | Start=2026-04-17 11:37:15.642 | Elapsed=9ms | Status=Completed
2026-04-17 11:37:19 | INF | CONTROLLER_EXEC | Acc= admin | IP=::1 | Path=ADS999002/GetPermission | Message=POST /ADS999002/GetPermission
2026-04-17 11:37:19 | INF | ACTION_TRACE | Acc=admin | Path=/ADS999002/GetPermission | IP=::1 | Start=2026-04-17 11:37:19.333 | Elapsed=2ms | Status=Completed
2026-04-17 11:37:52 | INF | ACTION_TRACE | Acc=admin | Path=/AdminPortal/Home/Index | IP=::1 | Start=2026-04-17 11:37:52.241 | Elapsed=7ms | Status=Completed
2026-04-17 11:37:52 | INF | ACTION_TRACE | Acc=admin | Path=/.well-known/appspecific/com.chrome.devtools.json | IP=::1 | Start=2026-04-17 11:37:52.301 | Elapsed=0ms | Status=Completed
2026-04-17 11:37:55 | INF | CONTROLLER_EXEC | Acc= admin | IP=::1 | Path=ADS999002/ADS999002 | Message=GET /ADS999002/ADS999002
2026-04-17 11:37:55 | INF | ACTION_TRACE | Acc=admin | Path=/ADS999002/ADS999002 | IP=::1 | Start=2026-04-17 11:37:55.467 | Elapsed=2ms | Status=Completed
2026-04-17 11:37:55 | INF | ACTION_TRACE | Acc=admin | Path=/sm/6cf3a2be173716d0e4726c68ef6634f00cefa4e7428560c2debae6f24389d3c1.map | IP=::1 | Start=2026-04-17 11:37:55.528 | Elapsed=0ms | Status=Completed
2026-04-17 11:37:55 | INF | CONTROLLER_EXEC | Acc= admin | IP=::1 | Path=ADS999002/GetAllRoleList | Message=POST /ADS999002/GetAllRoleList
2026-04-17 11:37:55 | INF | ACTION_TRACE | Acc=admin | Path=/ADS999002/GetAllRoleList | IP=::1 | Start=2026-04-17 11:37:55.577 | Elapsed=2ms | Status=Completed
2026-04-17 11:38:13 | INF | ACTION_TRACE | Acc=admin | Path=/AdminPortal/Home/Index | IP=::1 | Start=2026-04-17 11:38:13.545 | Elapsed=4ms | Status=Completed
2026-04-17 11:38:13 | INF | ACTION_TRACE | Acc=admin | Path=/.well-known/appspecific/com.chrome.devtools.json | IP=::1 | Start=2026-04-17 11:38:13.585 | Elapsed=0ms | Status=Completed
2026-04-17 11:38:18 | INF | CONTROLLER_EXEC | Acc= admin | IP=::1 | Path=ADS999002/ADS999002 | Message=GET /ADS999002/ADS999002
2026-04-17 11:38:18 | INF | ACTION_TRACE | Acc=admin | Path=/ADS999002/ADS999002 | IP=::1 | Start=2026-04-17 11:38:18.741 | Elapsed=2ms | Status=Completed
2026-04-17 11:38:18 | INF | CONTROLLER_EXEC | Acc= admin | IP=::1 | Path=ADS999002/GetAllRoleList | Message=POST /ADS999002/GetAllRoleList
2026-04-17 11:38:18 | INF | ACTION_TRACE | Acc=admin | Path=/ADS999002/GetAllRoleList | IP=::1 | Start=2026-04-17 11:38:18.792 | Elapsed=2ms | Status=Completed
2026-04-17 11:38:57 | INF | ACTION_TRACE | Acc=admin | Path=/AdminPortal/Home/Index | IP=::1 | Start=2026-04-17 11:38:57.364 | Elapsed=10ms | Status=Completed
2026-04-17 11:39:00 | INF | CONTROLLER_EXEC | Acc= admin | IP=::1 | Path=ADS999002/ADS999002 | Message=GET /ADS999002/ADS999002
2026-04-17 11:39:00 | INF | ACTION_TRACE | Acc=admin | Path=/ADS999002/ADS999002 | IP=::1 | Start=2026-04-17 11:38:59.904 | Elapsed=119ms | Status=Completed
2026-04-17 11:39:00 | INF | CONTROLLER_EXEC | Acc= admin | IP=::1 | Path=ADS999002/GetAllRoleList | Message=POST /ADS999002/GetAllRoleList
2026-04-17 11:39:00 | INF | ACTION_TRACE | Acc=admin | Path=/ADS999002/GetAllRoleList | IP=::1 | Start=2026-04-17 11:39:00.057 | Elapsed=2ms | Status=Completed
2026-04-17 11:39:08 | INF | CONTROLLER_EXEC | Acc= admin | IP=::1 | Path=ADS999002/ADS999002 | Message=GET /ADS999002/ADS999002
2026-04-17 11:39:08 | INF | ACTION_TRACE | Acc=admin | Path=/ADS999002/ADS999002 | IP=::1 | Start=2026-04-17 11:39:08.095 | Elapsed=75ms | Status=Completed
2026-04-17 11:39:08 | INF | CONTROLLER_EXEC | Acc= admin | IP=::1 | Path=ADS999002/GetAllRoleList | Message=POST /ADS999002/GetAllRoleList
2026-04-17 11:39:08 | INF | ACTION_TRACE | Acc=admin | Path=/ADS999002/GetAllRoleList | IP=::1 | Start=2026-04-17 11:39:08.189 | Elapsed=3ms | Status=Completed
2026-04-17 11:39:29 | INF | ACTION_TRACE | Acc=admin | Path=/AdminPortal/Home/Index | IP=::1 | Start=2026-04-17 11:39:29.660 | Elapsed=6ms | Status=Completed
2026-04-17 11:39:32 | INF | CONTROLLER_EXEC | Acc= admin | IP=::1 | Path=ADS999002/ADS999002 | Message=GET /ADS999002/ADS999002
2026-04-17 11:39:32 | INF | ACTION_TRACE | Acc=admin | Path=/ADS999002/ADS999002 | IP=::1 | Start=2026-04-17 11:39:32.024 | Elapsed=2ms | Status=Completed
2026-04-17 11:39:32 | INF | CONTROLLER_EXEC | Acc= admin | IP=::1 | Path=ADS999002/GetAllRoleList | Message=POST /ADS999002/GetAllRoleList
2026-04-17 11:39:32 | INF | ACTION_TRACE | Acc=admin | Path=/ADS999002/GetAllRoleList | IP=::1 | Start=2026-04-17 11:39:32.053 | Elapsed=3ms | Status=Completed
2026-04-17 11:40:42 | INF | CONTROLLER_EXEC | Acc= admin | IP=::1 | Path=ADS999002/ADS999002 | Message=GET /ADS999002/ADS999002
2026-04-17 11:40:42 | INF | ACTION_TRACE | Acc=admin | Path=/ADS999002/ADS999002 | IP=::1 | Start=2026-04-17 11:40:42.043 | Elapsed=3ms | Status=Completed
2026-04-17 11:40:42 | INF | CONTROLLER_EXEC | Acc= admin | IP=::1 | Path=ADS999002/GetAllRoleList | Message=POST /ADS999002/GetAllRoleList
2026-04-17 11:40:42 | INF | ACTION_TRACE | Acc=admin | Path=/ADS999002/GetAllRoleList | IP=::1 | Start=2026-04-17 11:40:42.065 | Elapsed=2ms | Status=Completed
2026-04-17 11:40:56 | INF | CONTROLLER_EXEC | Acc= admin | IP=::1 | Path=ADS999002/ADS999002 | Message=GET /ADS999002/ADS999002
2026-04-17 11:40:56 | INF | ACTION_TRACE | Acc=admin | Path=/ADS999002/ADS999002 | IP=::1 | Start=2026-04-17 11:40:56.843 | Elapsed=3ms | Status=Completed
2026-04-17 11:40:56 | INF | CONTROLLER_EXEC | Acc= admin | IP=::1 | Path=ADS999002/GetAllRoleList | Message=POST /ADS999002/GetAllRoleList
2026-04-17 11:40:56 | INF | ACTION_TRACE | Acc=admin | Path=/ADS999002/GetAllRoleList | IP=::1 | Start=2026-04-17 11:40:56.865 | Elapsed=2ms | Status=Completed
2026-04-17 11:41:04 | INF | CONTROLLER_EXEC | Acc= admin | IP=::1 | Path=ADS999002/ADS999002 | Message=GET /ADS999002/ADS999002
2026-04-17 11:41:04 | INF | ACTION_TRACE | Acc=admin | Path=/ADS999002/ADS999002 | IP=::1 | Start=2026-04-17 11:41:04.606 | Elapsed=3ms | Status=Completed
2026-04-17 11:41:04 | INF | CONTROLLER_EXEC | Acc= admin | IP=::1 | Path=ADS999002/GetAllRoleList | Message=POST /ADS999002/GetAllRoleList
2026-04-17 11:41:04 | INF | ACTION_TRACE | Acc=admin | Path=/ADS999002/GetAllRoleList | IP=::1 | Start=2026-04-17 11:41:04.628 | Elapsed=4ms | Status=Completed
2026-04-17 11:41:08 | INF | CONTROLLER_EXEC | Acc= admin | IP=::1 | Path=ADS999002/GetAllRoleList | Message=POST /ADS999002/GetAllRoleList
2026-04-17 11:41:08 | INF | ACTION_TRACE | Acc=admin | Path=/ADS999002/GetAllRoleList | IP=::1 | Start=2026-04-17 11:41:08.912 | Elapsed=4ms | Status=Completed
2026-04-17 11:41:09 | INF | CONTROLLER_EXEC | Acc= admin | IP=::1 | Path=ADS999002/GetAllRoleList | Message=POST /ADS999002/GetAllRoleList
2026-04-17 11:41:09 | INF | ACTION_TRACE | Acc=admin | Path=/ADS999002/GetAllRoleList | IP=::1 | Start=2026-04-17 11:41:09.228 | Elapsed=2ms | Status=Completed
2026-04-17 11:41:09 | INF | CONTROLLER_EXEC | Acc= admin | IP=::1 | Path=ADS999002/GetAllRoleList | Message=POST /ADS999002/GetAllRoleList
2026-04-17 11:41:09 | INF | ACTION_TRACE | Acc=admin | Path=/ADS999002/GetAllRoleList | IP=::1 | Start=2026-04-17 11:41:09.622 | Elapsed=3ms | Status=Completed
2026-04-17 11:41:09 | INF | CONTROLLER_EXEC | Acc= admin | IP=::1 | Path=ADS999002/GetAllRoleList | Message=POST /ADS999002/GetAllRoleList
2026-04-17 11:41:09 | INF | ACTION_TRACE | Acc=admin | Path=/ADS999002/GetAllRoleList | IP=::1 | Start=2026-04-17 11:41:09.901 | Elapsed=2ms | Status=Completed
2026-04-17 11:41:10 | INF | CONTROLLER_EXEC | Acc= admin | IP=::1 | Path=ADS999002/GetAllRoleList | Message=POST /ADS999002/GetAllRoleList
2026-04-17 11:41:10 | INF | ACTION_TRACE | Acc=admin | Path=/ADS999002/GetAllRoleList | IP=::1 | Start=2026-04-17 11:41:10.558 | Elapsed=2ms | Status=Completed
2026-04-17 11:41:10 | INF | CONTROLLER_EXEC | Acc= admin | IP=::1 | Path=ADS999002/GetAllRoleList | Message=POST /ADS999002/GetAllRoleList
2026-04-17 11:41:10 | INF | ACTION_TRACE | Acc=admin | Path=/ADS999002/GetAllRoleList | IP=::1 | Start=2026-04-17 11:41:10.940 | Elapsed=2ms | Status=Completed
2026-04-17 11:41:11 | INF | CONTROLLER_EXEC | Acc= admin | IP=::1 | Path=ADS999002/GetAllRoleList | Message=POST /ADS999002/GetAllRoleList
2026-04-17 11:41:11 | INF | ACTION_TRACE | Acc=admin | Path=/ADS999002/GetAllRoleList | IP=::1 | Start=2026-04-17 11:41:11.315 | Elapsed=2ms | Status=Completed
2026-04-17 11:41:11 | INF | CONTROLLER_EXEC | Acc= admin | IP=::1 | Path=ADS999002/GetAllRoleList | Message=POST /ADS999002/GetAllRoleList
2026-04-17 11:41:11 | INF | ACTION_TRACE | Acc=admin | Path=/ADS999002/GetAllRoleList | IP=::1 | Start=2026-04-17 11:41:11.717 | Elapsed=2ms | Status=Completed
2026-04-17 11:41:12 | INF | CONTROLLER_EXEC | Acc= admin | IP=::1 | Path=ADS999002/GetAllRoleList | Message=POST /ADS999002/GetAllRoleList
2026-04-17 11:41:12 | INF | ACTION_TRACE | Acc=admin | Path=/ADS999002/GetAllRoleList | IP=::1 | Start=2026-04-17 11:41:12.094 | Elapsed=2ms | Status=Completed
2026-04-17 11:41:52 | INF | ACTION_TRACE | Acc=admin | Path=/AdminPortal/Home/Index | IP=::1 | Start=2026-04-17 11:41:52.650 | Elapsed=118ms | Status=Completed
2026-04-17 11:41:55 | INF | CONTROLLER_EXEC | Acc= admin | IP=::1 | Path=ADS999002/ADS999002 | Message=GET /ADS999002/ADS999002
2026-04-17 11:41:55 | INF | ACTION_TRACE | Acc=admin | Path=/ADS999002/ADS999002 | IP=::1 | Start=2026-04-17 11:41:55.083 | Elapsed=2ms | Status=Completed
2026-04-17 11:41:55 | INF | CONTROLLER_EXEC | Acc= admin | IP=::1 | Path=ADS999002/GetAllRoleList | Message=POST /ADS999002/GetAllRoleList
2026-04-17 11:41:55 | INF | ACTION_TRACE | Acc=admin | Path=/ADS999002/GetAllRoleList | IP=::1 | Start=2026-04-17 11:41:55.114 | Elapsed=3ms | Status=Completed
2026-04-17 11:42:54 | INF | CONTROLLER_EXEC | Acc= admin | IP=::1 | Path=ADS999002/ADS999002 | Message=GET /ADS999002/ADS999002
2026-04-17 11:42:54 | INF | ACTION_TRACE | Acc=admin | Path=/ADS999002/ADS999002 | IP=::1 | Start=2026-04-17 11:42:54.136 | Elapsed=2ms | Status=Completed
2026-04-17 11:42:54 | INF | CONTROLLER_EXEC | Acc= admin | IP=::1 | Path=ADS999002/GetAllRoleList | Message=POST /ADS999002/GetAllRoleList
2026-04-17 11:42:54 | INF | ACTION_TRACE | Acc=admin | Path=/ADS999002/GetAllRoleList | IP=::1 | Start=2026-04-17 11:42:54.156 | Elapsed=2ms | Status=Completed
2026-04-17 11:43:32 | INF | CONTROLLER_EXEC | Acc= admin | IP=::1 | Path=ADS999002/ADS999002 | Message=GET /ADS999002/ADS999002
2026-04-17 11:43:32 | INF | ACTION_TRACE | Acc=admin | Path=/ADS999002/ADS999002 | IP=::1 | Start=2026-04-17 11:43:30.912 | Elapsed=1459ms | Status=Completed
2026-04-17 11:43:32 | INF | CONTROLLER_EXEC | Acc= admin | IP=::1 | Path=ADS999002/GetAllRoleList | Message=POST /ADS999002/GetAllRoleList
2026-04-17 11:43:32 | INF | ACTION_TRACE | Acc=admin | Path=/ADS999002/GetAllRoleList | IP=::1 | Start=2026-04-17 11:43:32.419 | Elapsed=2ms | Status=Completed
2026-04-17 11:44:07 | INF | CONTROLLER_EXEC | Acc= admin | IP=::1 | Path=ADS999002/ADS999002 | Message=GET /ADS999002/ADS999002
2026-04-17 11:44:07 | INF | ACTION_TRACE | Acc=admin | Path=/ADS999002/ADS999002 | IP=::1 | Start=2026-04-17 11:44:07.508 | Elapsed=3ms | Status=Completed
2026-04-17 11:44:07 | INF | CONTROLLER_EXEC | Acc= admin | IP=::1 | Path=ADS999002/GetAllRoleList | Message=POST /ADS999002/GetAllRoleList
2026-04-17 11:44:07 | INF | ACTION_TRACE | Acc=admin | Path=/ADS999002/GetAllRoleList | IP=::1 | Start=2026-04-17 11:44:07.528 | Elapsed=3ms | Status=Completed
2026-04-17 11:44:25 | INF | CONTROLLER_EXEC | Acc= admin | IP=::1 | Path=ADS999002/ADS999002 | Message=GET /ADS999002/ADS999002
2026-04-17 11:44:25 | INF | ACTION_TRACE | Acc=admin | Path=/ADS999002/ADS999002 | IP=::1 | Start=2026-04-17 11:44:25.469 | Elapsed=2ms | Status=Completed
2026-04-17 11:44:25 | INF | CONTROLLER_EXEC | Acc= admin | IP=::1 | Path=ADS999002/GetAllRoleList | Message=POST /ADS999002/GetAllRoleList
2026-04-17 11:44:25 | INF | ACTION_TRACE | Acc=admin | Path=/ADS999002/GetAllRoleList | IP=::1 | Start=2026-04-17 11:44:25.492 | Elapsed=2ms | Status=Completed
2026-04-17 11:44:35 | INF | CONTROLLER_EXEC | Acc= admin | IP=::1 | Path=ADS999002/ADS999002 | Message=GET /ADS999002/ADS999002
2026-04-17 11:44:35 | INF | ACTION_TRACE | Acc=admin | Path=/ADS999002/ADS999002 | IP=::1 | Start=2026-04-17 11:44:35.814 | Elapsed=2ms | Status=Completed
2026-04-17 11:44:35 | INF | CONTROLLER_EXEC | Acc= admin | IP=::1 | Path=ADS999002/GetAllRoleList | Message=POST /ADS999002/GetAllRoleList
2026-04-17 11:44:35 | INF | ACTION_TRACE | Acc=admin | Path=/ADS999002/GetAllRoleList | IP=::1 | Start=2026-04-17 11:44:35.835 | Elapsed=1ms | Status=Completed
2026-04-17 11:44:45 | INF | CONTROLLER_EXEC | Acc= admin | IP=::1 | Path=ADS999002/ADS999002 | Message=GET /ADS999002/ADS999002
2026-04-17 11:44:45 | INF | ACTION_TRACE | Acc=admin | Path=/ADS999002/ADS999002 | IP=::1 | Start=2026-04-17 11:44:45.502 | Elapsed=2ms | Status=Completed
2026-04-17 11:44:45 | INF | CONTROLLER_EXEC | Acc= admin | IP=::1 | Path=ADS999002/GetAllRoleList | Message=POST /ADS999002/GetAllRoleList
2026-04-17 11:44:45 | INF | ACTION_TRACE | Acc=admin | Path=/ADS999002/GetAllRoleList | IP=::1 | Start=2026-04-17 11:44:45.522 | Elapsed=2ms | Status=Completed
2026-04-17 11:45:00 | INF | CONTROLLER_EXEC | Acc= admin | IP=::1 | Path=ADS999002/ADS999002 | Message=GET /ADS999002/ADS999002
2026-04-17 11:45:00 | INF | ACTION_TRACE | Acc=admin | Path=/ADS999002/ADS999002 | IP=::1 | Start=2026-04-17 11:45:00.750 | Elapsed=2ms | Status=Completed
2026-04-17 11:45:00 | INF | CONTROLLER_EXEC | Acc= admin | IP=::1 | Path=ADS999002/GetAllRoleList | Message=POST /ADS999002/GetAllRoleList
2026-04-17 11:45:00 | INF | ACTION_TRACE | Acc=admin | Path=/ADS999002/GetAllRoleList | IP=::1 | Start=2026-04-17 11:45:00.771 | Elapsed=2ms | Status=Completed
2026-04-17 11:46:12 | INF | CONTROLLER_EXEC | Acc= admin | IP=::1 | Path=ADS999002/ADS999002 | Message=GET /ADS999002/ADS999002
2026-04-17 11:46:12 | INF | ACTION_TRACE | Acc=admin | Path=/ADS999002/ADS999002 | IP=::1 | Start=2026-04-17 11:46:12.281 | Elapsed=2ms | Status=Completed
2026-04-17 11:46:12 | INF | CONTROLLER_EXEC | Acc= admin | IP=::1 | Path=ADS999002/GetAllRoleList | Message=POST /ADS999002/GetAllRoleList
2026-04-17 11:46:12 | INF | ACTION_TRACE | Acc=admin | Path=/ADS999002/GetAllRoleList | IP=::1 | Start=2026-04-17 11:46:12.303 | Elapsed=2ms | Status=Completed
2026-04-17 11:46:17 | INF | CONTROLLER_EXEC | Acc= admin | IP=::1 | Path=ADS999002/ADS999002 | Message=GET /ADS999002/ADS999002
2026-04-17 11:46:17 | INF | ACTION_TRACE | Acc=admin | Path=/ADS999002/ADS999002 | IP=::1 | Start=2026-04-17 11:46:17.435 | Elapsed=2ms | Status=Completed
2026-04-17 11:46:17 | INF | CONTROLLER_EXEC | Acc= admin | IP=::1 | Path=ADS999002/GetAllRoleList | Message=POST /ADS999002/GetAllRoleList
2026-04-17 11:46:17 | INF | ACTION_TRACE | Acc=admin | Path=/ADS999002/GetAllRoleList | IP=::1 | Start=2026-04-17 11:46:17.457 | Elapsed=10ms | Status=Completed
2026-04-17 11:46:19 | INF | ACTION_TRACE | Acc=admin | Path=/AdminPortal/Home/Index | IP=::1 | Start=2026-04-17 11:46:19.349 | Elapsed=7ms | Status=Completed
2026-04-17 11:46:22 | INF | ACTION_TRACE | Acc=admin | Path=/ADS999003/ADS999003 | IP=::1 | Start=2026-04-17 11:46:22.439 | Elapsed=0ms | Status=Completed
2026-04-17 11:46:22 | INF | CONTROLLER_EXEC | Acc= admin | IP=::1 | Path=ADS999002/ADS999002 | Message=GET /ADS999002/ADS999002
2026-04-17 11:46:22 | INF | ACTION_TRACE | Acc=admin | Path=/ADS999002/ADS999002 | IP=::1 | Start=2026-04-17 11:46:22.961 | Elapsed=3ms | Status=Completed
2026-04-17 11:46:22 | INF | CONTROLLER_EXEC | Acc= admin | IP=::1 | Path=ADS999002/GetAllRoleList | Message=POST /ADS999002/GetAllRoleList
2026-04-17 11:46:22 | INF | ACTION_TRACE | Acc=admin | Path=/ADS999002/GetAllRoleList | IP=::1 | Start=2026-04-17 11:46:22.993 | Elapsed=2ms | Status=Completed
2026-04-17 11:46:34 | INF | CONTROLLER_EXEC | Acc= admin | IP=::1 | Path=ADS999002/GetPermission | Message=POST /ADS999002/GetPermission
2026-04-17 11:46:34 | INF | ACTION_TRACE | Acc=admin | Path=/ADS999002/GetPermission | IP=::1 | Start=2026-04-17 11:46:34.005 | Elapsed=2ms | Status=Completed
2026-04-17 11:51:27 | INF | CONTROLLER_EXEC | Acc= admin | IP=::1 | Path=ADS999002/GetAllRoleList | Message=POST /ADS999002/GetAllRoleList
2026-04-17 11:51:27 | INF | ACTION_TRACE | Acc=admin | Path=/ADS999002/GetAllRoleList | IP=::1 | Start=2026-04-17 11:51:26.996 | Elapsed=10ms | Status=Completed
2026-04-17 11:51:31 | INF | CONTROLLER_EXEC | Acc= admin | IP=::1 | Path=ADS999002/GetAllRoleList | Message=POST /ADS999002/GetAllRoleList
2026-04-17 11:51:31 | INF | ACTION_TRACE | Acc=admin | Path=/ADS999002/GetAllRoleList | IP=::1 | Start=2026-04-17 11:51:26.996 | Elapsed=4537ms | Status=Completed
2026-04-17 11:51:31 | INF | NETWORK_UNSTABLE | Acc=admin | Path=/ADS999002/GetAllRoleList | Reason=SlowRequest 4537ms
2026-04-17 11:51:31 | INF | CONTROLLER_EXEC | Acc= admin | IP=::1 | Path=ADS999002/GetAllRoleList | Message=POST /ADS999002/GetAllRoleList
2026-04-17 11:51:31 | INF | ACTION_TRACE | Acc=admin | Path=/ADS999002/GetAllRoleList | IP=::1 | Start=2026-04-17 11:51:31.533 | Elapsed=1ms | Status=Completed
2026-04-17 11:51:32 | INF | CONTROLLER_EXEC | Acc= admin | IP=::1 | Path=ADS999002/ADS999002 | Message=GET /ADS999002/ADS999002
2026-04-17 11:51:32 | INF | ACTION_TRACE | Acc=admin | Path=/ADS999002/ADS999002 | IP=::1 | Start=2026-04-17 11:51:32.272 | Elapsed=3ms | Status=Completed
2026-04-17 11:51:32 | INF | CONTROLLER_EXEC | Acc= admin | IP=::1 | Path=ADS999002/GetAllRoleList | Message=POST /ADS999002/GetAllRoleList
2026-04-17 11:51:32 | INF | ACTION_TRACE | Acc=admin | Path=/ADS999002/GetAllRoleList | IP=::1 | Start=2026-04-17 11:51:32.292 | Elapsed=2ms | Status=Completed
2026-04-17 11:51:45 | INF | CONTROLLER_EXEC | Acc= admin | IP=::1 | Path=ADS999002/ADS999002 | Message=GET /ADS999002/ADS999002
2026-04-17 11:51:45 | INF | ACTION_TRACE | Acc=admin | Path=/ADS999002/ADS999002 | IP=::1 | Start=2026-04-17 11:51:45.980 | Elapsed=2ms | Status=Completed
2026-04-17 11:51:46 | INF | CONTROLLER_EXEC | Acc= admin | IP=::1 | Path=ADS999002/GetAllRoleList | Message=POST /ADS999002/GetAllRoleList
2026-04-17 11:51:46 | INF | ACTION_TRACE | Acc=admin | Path=/ADS999002/GetAllRoleList | IP=::1 | Start=2026-04-17 11:51:46.001 | Elapsed=1ms | Status=Completed
2026-04-17 11:51:53 | INF | CONTROLLER_EXEC | Acc= admin | IP=::1 | Path=ADS999002/GetAllRoleList | Message=POST /ADS999002/GetAllRoleList
2026-04-17 11:51:53 | INF | ACTION_TRACE | Acc=admin | Path=/ADS999002/GetAllRoleList | IP=::1 | Start=2026-04-17 11:51:53.046 | Elapsed=2ms | Status=Completed
2026-04-17 11:52:50 | INF | CONTROLLER_EXEC | Acc= admin | IP=::1 | Path=ADS999002/ADS999002 | Message=GET /ADS999002/ADS999002
2026-04-17 11:52:50 | INF | ACTION_TRACE | Acc=admin | Path=/ADS999002/ADS999002 | IP=::1 | Start=2026-04-17 11:52:50.779 | Elapsed=3ms | Status=Completed
2026-04-17 11:52:50 | INF | CONTROLLER_EXEC | Acc= admin | IP=::1 | Path=ADS999002/GetAllRoleList | Message=POST /ADS999002/GetAllRoleList
2026-04-17 11:52:50 | INF | ACTION_TRACE | Acc=admin | Path=/ADS999002/GetAllRoleList | IP=::1 | Start=2026-04-17 11:52:50.801 | Elapsed=2ms | Status=Completed
2026-04-17 11:52:54 | INF | CONTROLLER_EXEC | Acc= admin | IP=::1 | Path=ADS999002/GetAllRoleList | Message=POST /ADS999002/GetAllRoleList
2026-04-17 11:52:54 | INF | ACTION_TRACE | Acc=admin | Path=/ADS999002/GetAllRoleList | IP=::1 | Start=2026-04-17 11:52:54.681 | Elapsed=2ms | Status=Completed
2026-04-17 11:53:07 | INF | CONTROLLER_EXEC | Acc= admin | IP=::1 | Path=ADS999002/GetAllRoleList | Message=POST /ADS999002/GetAllRoleList
2026-04-17 11:53:07 | INF | ACTION_TRACE | Acc=admin | Path=/ADS999002/GetAllRoleList | IP=::1 | Start=2026-04-17 11:53:07.820 | Elapsed=2ms | Status=Completed
2026-04-17 11:53:09 | INF | ACTION_TRACE | Acc=admin | Path=/AdminPortal/Home/Index | IP=::1 | Start=2026-04-17 11:53:09.188 | Elapsed=6ms | Status=Completed
2026-04-17 11:53:12 | INF | CONTROLLER_EXEC | Acc= admin | IP=::1 | Path=ADS999002/ADS999002 | Message=GET /ADS999002/ADS999002
2026-04-17 11:53:12 | INF | ACTION_TRACE | Acc=admin | Path=/ADS999002/ADS999002 | IP=::1 | Start=2026-04-17 11:53:12.472 | Elapsed=3ms | Status=Completed
2026-04-17 11:53:12 | INF | CONTROLLER_EXEC | Acc= admin | IP=::1 | Path=ADS999002/GetAllRoleList | Message=POST /ADS999002/GetAllRoleList
2026-04-17 11:53:12 | INF | ACTION_TRACE | Acc=admin | Path=/ADS999002/GetAllRoleList | IP=::1 | Start=2026-04-17 11:53:12.507 | Elapsed=2ms | Status=Completed
2026-04-17 11:53:18 | INF | ACTION_TRACE | Acc=admin | Path=/AdminPortal/Home/Index | IP=::1 | Start=2026-04-17 11:53:18.878 | Elapsed=5ms | Status=Completed
2026-04-17 11:53:21 | INF | CONTROLLER_EXEC | Acc= admin | IP=::1 | Path=ADS999002/ADS999002 | Message=GET /ADS999002/ADS999002
2026-04-17 11:53:21 | INF | ACTION_TRACE | Acc=admin | Path=/ADS999002/ADS999002 | IP=::1 | Start=2026-04-17 11:53:21.555 | Elapsed=2ms | Status=Completed
2026-04-17 11:53:21 | INF | CONTROLLER_EXEC | Acc= admin | IP=::1 | Path=ADS999002/GetAllRoleList | Message=POST /ADS999002/GetAllRoleList
2026-04-17 11:53:21 | INF | ACTION_TRACE | Acc=admin | Path=/ADS999002/GetAllRoleList | IP=::1 | Start=2026-04-17 11:53:21.582 | Elapsed=2ms | Status=Completed
2026-04-17 11:54:03 | INF | CONTROLLER_EXEC | Acc= admin | IP=::1 | Path=ADS999002/ADS999002 | Message=GET /ADS999002/ADS999002
2026-04-17 11:54:03 | INF | ACTION_TRACE | Acc=admin | Path=/ADS999002/ADS999002 | IP=::1 | Start=2026-04-17 11:54:03.270 | Elapsed=3ms | Status=Completed
2026-04-17 11:54:03 | INF | CONTROLLER_EXEC | Acc= admin | IP=::1 | Path=ADS999002/GetAllRoleList | Message=POST /ADS999002/GetAllRoleList
2026-04-17 11:54:03 | INF | ACTION_TRACE | Acc=admin | Path=/ADS999002/GetAllRoleList | IP=::1 | Start=2026-04-17 11:54:03.292 | Elapsed=5ms | Status=Completed
2026-04-17 11:54:33 | INF | ACTION_TRACE | Acc=admin | Path=/AdminPortal/Home/Index | IP=::1 | Start=2026-04-17 11:54:33.229 | Elapsed=7ms | Status=Completed
2026-04-17 11:54:35 | INF | CONTROLLER_EXEC | Acc= admin | IP=::1 | Path=ADS999002/ADS999002 | Message=GET /ADS999002/ADS999002
2026-04-17 11:54:35 | INF | ACTION_TRACE | Acc=admin | Path=/ADS999002/ADS999002 | IP=::1 | Start=2026-04-17 11:54:35.916 | Elapsed=2ms | Status=Completed
2026-04-17 11:54:35 | INF | CONTROLLER_EXEC | Acc= admin | IP=::1 | Path=ADS999002/GetAllRoleList | Message=POST /ADS999002/GetAllRoleList
2026-04-17 11:54:35 | INF | ACTION_TRACE | Acc=admin | Path=/ADS999002/GetAllRoleList | IP=::1 | Start=2026-04-17 11:54:35.945 | Elapsed=2ms | Status=Completed
2026-04-17 11:55:03 | INF | ACTION_TRACE | Acc=admin | Path=/AdminPortal/Home/Index | IP=::1 | Start=2026-04-17 11:55:03.631 | Elapsed=8ms | Status=Completed
2026-04-17 11:55:06 | INF | CONTROLLER_EXEC | Acc= admin | IP=::1 | Path=ADS999002/ADS999002 | Message=GET /ADS999002/ADS999002
2026-04-17 11:55:06 | INF | ACTION_TRACE | Acc=admin | Path=/ADS999002/ADS999002 | IP=::1 | Start=2026-04-17 11:55:06.494 | Elapsed=2ms | Status=Completed
2026-04-17 11:55:06 | INF | CONTROLLER_EXEC | Acc= admin | IP=::1 | Path=ADS999002/GetAllRoleList | Message=POST /ADS999002/GetAllRoleList
2026-04-17 11:55:06 | INF | ACTION_TRACE | Acc=admin | Path=/ADS999002/GetAllRoleList | IP=::1 | Start=2026-04-17 11:55:06.521 | Elapsed=2ms | Status=Completed
2026-04-17 11:55:17 | INF | CONTROLLER_EXEC | Acc= admin | IP=::1 | Path=ADS999002/GetAllRoleList | Message=POST /ADS999002/GetAllRoleList
2026-04-17 11:55:17 | INF | ACTION_TRACE | Acc=admin | Path=/ADS999002/GetAllRoleList | IP=::1 | Start=2026-04-17 11:55:17.744 | Elapsed=3ms | Status=Completed
2026-04-17 11:55:27 | INF | CONTROLLER_EXEC | Acc= admin | IP=::1 | Path=ADS999002/GetPeople | Message=POST /ADS999002/GetPeople
2026-04-17 11:55:27 | INF | ACTION_TRACE | Acc=admin | Path=/ADS999002/GetPeople | IP=::1 | Start=2026-04-17 11:55:27.697 | Elapsed=2ms | Status=Completed
2026-04-17 11:55:29 | INF | CONTROLLER_EXEC | Acc= admin | IP=::1 | Path=ADS999002/GetPermission | Message=POST /ADS999002/GetPermission
2026-04-17 11:55:29 | INF | ACTION_TRACE | Acc=admin | Path=/ADS999002/GetPermission | IP=::1 | Start=2026-04-17 11:55:29.382 | Elapsed=2ms | Status=Completed
2026-04-17 11:55:35 | INF | CONTROLLER_EXEC | Acc= admin | IP=::1 | Path=ADS999002/UpdatePermission | Message=POST /ADS999002/UpdatePermission
2026-04-17 11:55:35 | INF | ACTION_TRACE | Acc=admin | Path=/ADS999002/UpdatePermission | IP=::1 | Start=2026-04-17 11:55:30.413 | Elapsed=5132ms | Status=Completed
2026-04-17 11:55:35 | INF | NETWORK_UNSTABLE | Acc=admin | Path=/ADS999002/UpdatePermission | Reason=SlowRequest 5132ms
2026-04-17 11:55:56 | INF | CONTROLLER_EXEC | Acc= admin | IP=::1 | Path=ADS999002/ADS999002 | Message=GET /ADS999002/ADS999002
2026-04-17 11:55:56 | INF | ACTION_TRACE | Acc=admin | Path=/ADS999002/ADS999002 | IP=::1 | Start=2026-04-17 11:55:56.302 | Elapsed=3ms | Status=Completed
2026-04-17 11:55:56 | INF | CONTROLLER_EXEC | Acc= admin | IP=::1 | Path=ADS999002/GetAllRoleList | Message=POST /ADS999002/GetAllRoleList
2026-04-17 11:55:56 | INF | ACTION_TRACE | Acc=admin | Path=/ADS999002/GetAllRoleList | IP=::1 | Start=2026-04-17 11:55:56.322 | Elapsed=2ms | Status=Completed
2026-04-17 11:56:12 | INF | CONTROLLER_EXEC | Acc= admin | IP=::1 | Path=ADS999002/GetPermission | Message=POST /ADS999002/GetPermission
2026-04-17 11:56:12 | INF | ACTION_TRACE | Acc=admin | Path=/ADS999002/GetPermission | IP=::1 | Start=2026-04-17 11:56:12.054 | Elapsed=47ms | Status=Completed
2026-04-17 11:56:42 | INF | ACTION_TRACE | Acc=admin | Path=/AdminPortal/Home/Index | IP=::1 | Start=2026-04-17 11:56:42.397 | Elapsed=6ms | Status=Completed
2026-04-17 11:56:46 | INF | CONTROLLER_EXEC | Acc= admin | IP=::1 | Path=ADS999002/ADS999002 | Message=GET /ADS999002/ADS999002
2026-04-17 11:56:46 | INF | ACTION_TRACE | Acc=admin | Path=/ADS999002/ADS999002 | IP=::1 | Start=2026-04-17 11:56:46.065 | Elapsed=2ms | Status=Completed
2026-04-17 11:56:46 | INF | CONTROLLER_EXEC | Acc= admin | IP=::1 | Path=ADS999002/GetAllRoleList | Message=POST /ADS999002/GetAllRoleList
2026-04-17 11:56:46 | INF | ACTION_TRACE | Acc=admin | Path=/ADS999002/GetAllRoleList | IP=::1 | Start=2026-04-17 11:56:46.095 | Elapsed=2ms | Status=Completed
2026-04-17 11:56:48 | INF | CONTROLLER_EXEC | Acc= admin | IP=::1 | Path=ADS999002/GetAllRoleList | Message=POST /ADS999002/GetAllRoleList
2026-04-17 11:56:48 | INF | ACTION_TRACE | Acc=admin | Path=/ADS999002/GetAllRoleList | IP=::1 | Start=2026-04-17 11:56:48.353 | Elapsed=2ms | Status=Completed
2026-04-17 11:57:05 | INF | ACTION_TRACE | Acc=admin | Path=/AdminPortal/Home/Index | IP=::1 | Start=2026-04-17 11:57:05.055 | Elapsed=6ms | Status=Completed
2026-04-17 11:57:07 | INF | CONTROLLER_EXEC | Acc= admin | IP=::1 | Path=ADS999002/ADS999002 | Message=GET /ADS999002/ADS999002
2026-04-17 11:57:07 | INF | ACTION_TRACE | Acc=admin | Path=/ADS999002/ADS999002 | IP=::1 | Start=2026-04-17 11:57:07.351 | Elapsed=2ms | Status=Completed
2026-04-17 11:57:07 | INF | CONTROLLER_EXEC | Acc= admin | IP=::1 | Path=ADS999002/GetAllRoleList | Message=POST /ADS999002/GetAllRoleList
2026-04-17 11:57:07 | INF | ACTION_TRACE | Acc=admin | Path=/ADS999002/GetAllRoleList | IP=::1 | Start=2026-04-17 11:57:07.379 | Elapsed=2ms | Status=Completed
2026-04-17 11:57:24 | INF | CONTROLLER_EXEC | Acc= admin | IP=::1 | Path=ADS999002/ADS999002 | Message=GET /ADS999002/ADS999002
2026-04-17 11:57:24 | INF | ACTION_TRACE | Acc=admin | Path=/ADS999002/ADS999002 | IP=::1 | Start=2026-04-17 11:57:24.773 | Elapsed=3ms | Status=Completed
2026-04-17 11:57:24 | INF | CONTROLLER_EXEC | Acc= admin | IP=::1 | Path=ADS999002/GetAllRoleList | Message=POST /ADS999002/GetAllRoleList
2026-04-17 11:57:24 | INF | ACTION_TRACE | Acc=admin | Path=/ADS999002/GetAllRoleList | IP=::1 | Start=2026-04-17 11:57:24.791 | Elapsed=2ms | Status=Completed
2026-04-17 11:58:02 | INF | ACTION_TRACE | Acc=admin | Path=/AdminPortal/Home/Index | IP=::1 | Start=2026-04-17 11:58:02.200 | Elapsed=5ms | Status=Completed
2026-04-17 11:58:06 | INF | CONTROLLER_EXEC | Acc= admin | IP=::1 | Path=ADS999002/ADS999002 | Message=GET /ADS999002/ADS999002
2026-04-17 11:58:06 | INF | ACTION_TRACE | Acc=admin | Path=/ADS999002/ADS999002 | IP=::1 | Start=2026-04-17 11:58:06.021 | Elapsed=2ms | Status=Completed
2026-04-17 11:58:06 | INF | CONTROLLER_EXEC | Acc= admin | IP=::1 | Path=ADS999002/GetAllRoleList | Message=POST /ADS999002/GetAllRoleList
2026-04-17 11:58:06 | INF | ACTION_TRACE | Acc=admin | Path=/ADS999002/GetAllRoleList | IP=::1 | Start=2026-04-17 11:58:06.047 | Elapsed=2ms | Status=Completed
2026-04-17 11:59:10 | INF | CONTROLLER_EXEC | Acc= admin | IP=::1 | Path=ADS999002/GetPeople | Message=POST /ADS999002/GetPeople
2026-04-17 11:59:10 | INF | ACTION_TRACE | Acc=admin | Path=/ADS999002/GetPeople | IP=::1 | Start=2026-04-17 11:59:10.716 | Elapsed=2ms | Status=Completed
2026-04-17 11:59:13 | INF | CONTROLLER_EXEC | Acc= admin | IP=::1 | Path=ADS999002/GetPermission | Message=POST /ADS999002/GetPermission
2026-04-17 11:59:13 | INF | ACTION_TRACE | Acc=admin | Path=/ADS999002/GetPermission | IP=::1 | Start=2026-04-17 11:59:13.297 | Elapsed=2ms | Status=Completed
2026-04-17 11:59:20 | INF | ACTION_TRACE | Acc=admin | Path=/AdminPortal/Home/Index | IP=::1 | Start=2026-04-17 11:59:20.882 | Elapsed=5ms | Status=Completed
2026-04-17 11:59:22 | INF | ACTION_TRACE | Acc=admin | Path=/AdminPortal/Account/Login | IP=::1 | Start=2026-04-17 11:59:22.254 | Elapsed=1ms | Status=Completed
2026-04-17 11:59:22 | INF | ACTION_TRACE | Acc=admin | Path=/Captcha/Generate | IP=::1 | Start=2026-04-17 11:59:22.335 | Elapsed=1ms | Status=Completed
2026-04-17 11:59:22 | INF | ACTION_TRACE | Acc=admin | Path=/DNTCaptchaImage/Show | IP=::1 | Start=2026-04-17 11:59:22.348 | Elapsed=8ms | Status=Completed
2026-04-17 11:59:24 | INF | ACTION_TRACE | Acc=admin | Path=/ | IP=::1 | Start=2026-04-17 11:59:23.637 | Elapsed=1044ms | Status=Completed
2026-04-17 11:59:24 | INF | ACTION_TRACE | Acc=admin | Path=/Captcha/Generate | IP=::1 | Start=2026-04-17 11:59:24.772 | Elapsed=0ms | Status=Completed
2026-04-17 11:59:24 | INF | ACTION_TRACE | Acc=admin | Path=/DNTCaptchaImage/Show | IP=::1 | Start=2026-04-17 11:59:24.784 | Elapsed=8ms | Status=Completed
2026-04-17 11:59:28 | INF | ACTION_TRACE | Acc=admin | Path=/Account/Login | IP=::1 | Start=2026-04-17 11:59:27.639 | Elapsed=562ms | Status=Completed
2026-04-17 11:59:28 | INF | ACTION_TRACE | Acc=admin | Path=/Home/Index | IP=::1 | Start=2026-04-17 11:59:28.209 | Elapsed=13ms | Status=Completed
2026-04-17 11:59:30 | INF | ACTION_TRACE | Acc=admin | Path=/Home/GetMenu | IP=::1 | Start=2026-04-17 11:59:30.207 | Elapsed=8ms | Status=Completed
2026-04-17 11:59:33 | INF | CONTROLLER_EXEC | Acc= admin | IP=::1 | Path=SYS201002/SYS201002 | Message=GET /SYS201002/SYS201002
2026-04-17 11:59:33 | INF | ACTION_TRACE | Acc=admin | Path=/SYS201002/SYS201002 | IP=::1 | Start=2026-04-17 11:59:33.337 | Elapsed=8ms | Status=Completed
2026-04-17 11:59:33 | INF | CONTROLLER_EXEC | Acc= admin | IP=::1 | Path=SYS201002/GetAllRoleList | Message=POST /SYS201002/GetAllRoleList
2026-04-17 11:59:33 | INF | ACTION_TRACE | Acc=admin | Path=/SYS201002/GetAllRoleList | IP=::1 | Start=2026-04-17 11:59:33.392 | Elapsed=3ms | Status=Completed
2026-04-17 11:59:34 | INF | CONTROLLER_EXEC | Acc= admin | IP=::1 | Path=SYS201002/GetPeople | Message=POST /SYS201002/GetPeople
2026-04-17 11:59:34 | INF | ACTION_TRACE | Acc=admin | Path=/SYS201002/GetPeople | IP=::1 | Start=2026-04-17 11:59:34.697 | Elapsed=25ms | Status=Completed
2026-04-17 11:59:36 | INF | CONTROLLER_EXEC | Acc= admin | IP=::1 | Path=SYS201002/GetPermission | Message=POST /SYS201002/GetPermission
2026-04-17 11:59:36 | INF | ACTION_TRACE | Acc=admin | Path=/SYS201002/GetPermission | IP=::1 | Start=2026-04-17 11:59:36.686 | Elapsed=19ms | Status=Completed
2026-04-17 11:59:43 | INF | CONTROLLER_EXEC | Acc= admin | IP=::1 | Path=SYS201002/GetPermission | Message=POST /SYS201002/GetPermission
2026-04-17 11:59:43 | INF | ACTION_TRACE | Acc=admin | Path=/SYS201002/GetPermission | IP=::1 | Start=2026-04-17 11:59:43.084 | Elapsed=4ms | Status=Completed
2026-04-17 11:59:45 | INF | CONTROLLER_EXEC | Acc= admin | IP=::1 | Path=SYS201002/UpdatePermission | Message=POST /SYS201002/UpdatePermission
2026-04-17 11:59:45 | INF | ACTION_TRACE | Acc=admin | Path=/SYS201002/UpdatePermission | IP=::1 | Start=2026-04-17 11:59:45.386 | Elapsed=161ms | Status=Completed
2026-04-17 11:59:47 | INF | CONTROLLER_EXEC | Acc= admin | IP=::1 | Path=SYS201002/SYS201002 | Message=GET /SYS201002/SYS201002
2026-04-17 11:59:47 | INF | ACTION_TRACE | Acc=admin | Path=/SYS201002/SYS201002 | IP=::1 | Start=2026-04-17 11:59:47.918 | Elapsed=3ms | Status=Completed
2026-04-17 11:59:47 | INF | CONTROLLER_EXEC | Acc= admin | IP=::1 | Path=SYS201002/GetAllRoleList | Message=POST /SYS201002/GetAllRoleList
2026-04-17 11:59:47 | INF | ACTION_TRACE | Acc=admin | Path=/SYS201002/GetAllRoleList | IP=::1 | Start=2026-04-17 11:59:47.939 | Elapsed=3ms | Status=Completed
2026-04-17 12:00:37 | INF | CONTROLLER_EXEC | Acc= admin | IP=::1 | Path=ADS999002/GetPermission | Message=POST /ADS999002/GetPermission
2026-04-17 12:00:37 | INF | ACTION_TRACE | Acc=admin | Path=/ADS999002/GetPermission | IP=::1 | Start=2026-04-17 12:00:37.164 | Elapsed=1ms | Status=Completed
2026-04-17 12:00:37 | INF | ACTION_TRACE | Acc=admin | Path=/Home/AccessDenied | IP=::1 | Start=2026-04-17 12:00:37.175 | Elapsed=11ms | Status=Completed
2026-04-17 12:00:38 | INF | CONTROLLER_EXEC | Acc= admin | IP=::1 | Path=ADS999002/GetPermission | Message=POST /ADS999002/GetPermission
2026-04-17 12:00:38 | INF | ACTION_TRACE | Acc=admin | Path=/ADS999002/GetPermission | IP=::1 | Start=2026-04-17 12:00:38.758 | Elapsed=0ms | Status=Completed
2026-04-17 12:00:38 | INF | ACTION_TRACE | Acc=admin | Path=/Home/AccessDenied | IP=::1 | Start=2026-04-17 12:00:38.762 | Elapsed=0ms | Status=Completed
2026-04-17 12:00:39 | INF | CONTROLLER_EXEC | Acc= admin | IP=::1 | Path=ADS999002/GetPermission | Message=POST /ADS999002/GetPermission
2026-04-17 12:00:39 | INF | ACTION_TRACE | Acc=admin | Path=/ADS999002/GetPermission | IP=::1 | Start=2026-04-17 12:00:39.157 | Elapsed=0ms | Status=Completed
2026-04-17 12:00:39 | INF | ACTION_TRACE | Acc=admin | Path=/Home/AccessDenied | IP=::1 | Start=2026-04-17 12:00:39.161 | Elapsed=0ms | Status=Completed
2026-04-17 12:00:39 | INF | CONTROLLER_EXEC | Acc= admin | IP=::1 | Path=ADS999002/GetPermission | Message=POST /ADS999002/GetPermission
2026-04-17 12:00:39 | INF | ACTION_TRACE | Acc=admin | Path=/ADS999002/GetPermission | IP=::1 | Start=2026-04-17 12:00:39.519 | Elapsed=0ms | Status=Completed
2026-04-17 12:00:39 | INF | ACTION_TRACE | Acc=admin | Path=/Home/AccessDenied | IP=::1 | Start=2026-04-17 12:00:39.522 | Elapsed=0ms | Status=Completed
2026-04-17 12:00:39 | INF | CONTROLLER_EXEC | Acc= admin | IP=::1 | Path=ADS999002/GetPermission | Message=POST /ADS999002/GetPermission
2026-04-17 12:00:39 | INF | ACTION_TRACE | Acc=admin | Path=/ADS999002/GetPermission | IP=::1 | Start=2026-04-17 12:00:39.782 | Elapsed=0ms | Status=Completed
2026-04-17 12:00:39 | INF | ACTION_TRACE | Acc=admin | Path=/Home/AccessDenied | IP=::1 | Start=2026-04-17 12:00:39.786 | Elapsed=0ms | Status=Completed
2026-04-17 12:00:40 | INF | CONTROLLER_EXEC | Acc= admin | IP=::1 | Path=ADS999002/GetPeople | Message=POST /ADS999002/GetPeople
2026-04-17 12:00:40 | INF | ACTION_TRACE | Acc=admin | Path=/ADS999002/GetPeople | IP=::1 | Start=2026-04-17 12:00:40.723 | Elapsed=0ms | Status=Completed
2026-04-17 12:00:40 | INF | ACTION_TRACE | Acc=admin | Path=/Home/AccessDenied | IP=::1 | Start=2026-04-17 12:00:40.731 | Elapsed=0ms | Status=Completed
2026-04-17 12:00:43 | INF | ACTION_TRACE | Acc=admin | Path=/AdminPortal/Account/Login | IP=::1 | Start=2026-04-17 12:00:43.575 | Elapsed=1ms | Status=Completed
2026-04-17 12:00:43 | INF | ACTION_TRACE | Acc=admin | Path=/Captcha/Generate | IP=::1 | Start=2026-04-17 12:00:43.638 | Elapsed=0ms | Status=Completed
2026-04-17 12:00:43 | INF | ACTION_TRACE | Acc=admin | Path=/DNTCaptchaImage/Show | IP=::1 | Start=2026-04-17 12:00:43.645 | Elapsed=10ms | Status=Completed
2026-04-17 12:00:49 | INF | ACTION_TRACE | Acc=admin | Path=/AdminPortal/Account/Login | IP=::1 | Start=2026-04-17 12:00:46.503 | Elapsed=2766ms | Status=Completed
2026-04-17 12:00:49 | INF | ACTION_TRACE | Acc=admin | Path=/AdminPortal/Home/Index | IP=::1 | Start=2026-04-17 12:00:49.277 | Elapsed=5ms | Status=Completed
2026-04-17 12:00:52 | INF | CONTROLLER_EXEC | Acc= admin | IP=::1 | Path=ADS999002/ADS999002 | Message=GET /ADS999002/ADS999002
2026-04-17 12:00:52 | INF | ACTION_TRACE | Acc=admin | Path=/ADS999002/ADS999002 | IP=::1 | Start=2026-04-17 12:00:52.371 | Elapsed=2ms | Status=Completed
2026-04-17 12:00:52 | INF | CONTROLLER_EXEC | Acc= admin | IP=::1 | Path=ADS999002/GetAllRoleList | Message=POST /ADS999002/GetAllRoleList
2026-04-17 12:00:52 | INF | ACTION_TRACE | Acc=admin | Path=/ADS999002/GetAllRoleList | IP=::1 | Start=2026-04-17 12:00:52.395 | Elapsed=1ms | Status=Completed
2026-04-17 12:00:56 | INF | CONTROLLER_EXEC | Acc= admin | IP=::1 | Path=ADS999002/GetPermission | Message=POST /ADS999002/GetPermission
2026-04-17 12:00:56 | INF | ACTION_TRACE | Acc=admin | Path=/ADS999002/GetPermission | IP=::1 | Start=2026-04-17 12:00:56.271 | Elapsed=2ms | Status=Completed
2026-04-17 12:01:22 | INF | CONTROLLER_EXEC | Acc= admin | IP=::1 | Path=ADS999002/GetPermission | Message=POST /ADS999002/GetPermission
2026-04-17 12:01:22 | INF | ACTION_TRACE | Acc=admin | Path=/ADS999002/GetPermission | IP=::1 | Start=2026-04-17 12:01:22.108 | Elapsed=3ms | Status=Completed
2026-04-17 12:02:11 | INF | CONTROLLER_EXEC | Acc= admin | IP=::1 | Path=ADS999002/ADS999002 | Message=GET /ADS999002/ADS999002
2026-04-17 12:02:11 | INF | ACTION_TRACE | Acc=admin | Path=/ADS999002/ADS999002 | IP=::1 | Start=2026-04-17 12:02:11.619 | Elapsed=2ms | Status=Completed
2026-04-17 12:02:11 | INF | CONTROLLER_EXEC | Acc= admin | IP=::1 | Path=ADS999002/GetAllRoleList | Message=POST /ADS999002/GetAllRoleList
2026-04-17 12:02:11 | INF | ACTION_TRACE | Acc=admin | Path=/ADS999002/GetAllRoleList | IP=::1 | Start=2026-04-17 12:02:11.641 | Elapsed=2ms | Status=Completed
2026-04-17 12:02:12 | INF | CONTROLLER_EXEC | Acc= admin | IP=::1 | Path=ADS999002/GetPermission | Message=POST /ADS999002/GetPermission
2026-04-17 12:02:12 | INF | ACTION_TRACE | Acc=admin | Path=/ADS999002/GetPermission | IP=::1 | Start=2026-04-17 12:02:12.668 | Elapsed=2ms | Status=Completed
2026-04-17 12:02:35 | INF | CONTROLLER_EXEC | Acc= admin | IP=::1 | Path=ADS999002/ADS999002 | Message=GET /ADS999002/ADS999002
2026-04-17 12:02:35 | INF | ACTION_TRACE | Acc=admin | Path=/ADS999002/ADS999002 | IP=::1 | Start=2026-04-17 12:02:35.746 | Elapsed=2ms | Status=Completed
2026-04-17 12:02:35 | INF | CONTROLLER_EXEC | Acc= admin | IP=::1 | Path=ADS999002/GetAllRoleList | Message=POST /ADS999002/GetAllRoleList
2026-04-17 12:02:35 | INF | ACTION_TRACE | Acc=admin | Path=/ADS999002/GetAllRoleList | IP=::1 | Start=2026-04-17 12:02:35.767 | Elapsed=2ms | Status=Completed
2026-04-17 12:02:36 | INF | CONTROLLER_EXEC | Acc= admin | IP=::1 | Path=ADS999002/GetPermission | Message=POST /ADS999002/GetPermission
2026-04-17 12:02:36 | INF | ACTION_TRACE | Acc=admin | Path=/ADS999002/GetPermission | IP=::1 | Start=2026-04-17 12:02:36.967 | Elapsed=3ms | Status=Completed
2026-04-17 12:04:06 | INF | CONTROLLER_EXEC | Acc= admin | IP=::1 | Path=ADS999002/ADS999002 | Message=GET /ADS999002/ADS999002
2026-04-17 12:04:06 | INF | ACTION_TRACE | Acc=admin | Path=/ADS999002/ADS999002 | IP=::1 | Start=2026-04-17 12:04:06.191 | Elapsed=2ms | Status=Completed
2026-04-17 12:04:06 | INF | CONTROLLER_EXEC | Acc= admin | IP=::1 | Path=ADS999002/GetAllRoleList | Message=POST /ADS999002/GetAllRoleList
2026-04-17 12:04:06 | INF | ACTION_TRACE | Acc=admin | Path=/ADS999002/GetAllRoleList | IP=::1 | Start=2026-04-17 12:04:06.210 | Elapsed=4ms | Status=Completed
2026-04-17 12:04:25 | INF | ACTION_TRACE | Acc=admin | Path=/AdminPortal/Home/Index | IP=::1 | Start=2026-04-17 12:04:25.874 | Elapsed=5ms | Status=Completed
2026-04-17 12:04:28 | INF | CONTROLLER_EXEC | Acc= admin | IP=::1 | Path=ADS999002/ADS999002 | Message=GET /ADS999002/ADS999002
2026-04-17 12:04:28 | INF | ACTION_TRACE | Acc=admin | Path=/ADS999002/ADS999002 | IP=::1 | Start=2026-04-17 12:04:28.140 | Elapsed=2ms | Status=Completed
2026-04-17 12:04:28 | INF | CONTROLLER_EXEC | Acc= admin | IP=::1 | Path=ADS999002/GetAllRoleList | Message=POST /ADS999002/GetAllRoleList
2026-04-17 12:04:28 | INF | ACTION_TRACE | Acc=admin | Path=/ADS999002/GetAllRoleList | IP=::1 | Start=2026-04-17 12:04:28.165 | Elapsed=2ms | Status=Completed
2026-04-17 12:06:30 | INF | CONTROLLER_EXEC | Acc= admin | IP=::1 | Path=ADS999002/GetPeople | Message=POST /ADS999002/GetPeople
2026-04-17 12:06:30 | INF | ACTION_TRACE | Acc=admin | Path=/ADS999002/GetPeople | IP=::1 | Start=2026-04-17 12:06:30.521 | Elapsed=2ms | Status=Completed
2026-04-17 12:06:32 | INF | CONTROLLER_EXEC | Acc= admin | IP=::1 | Path=ADS999002/GetPermission | Message=POST /ADS999002/GetPermission
2026-04-17 12:06:32 | INF | ACTION_TRACE | Acc=admin | Path=/ADS999002/GetPermission | IP=::1 | Start=2026-04-17 12:06:32.278 | Elapsed=2ms | Status=Completed
2026-04-17 12:06:35 | INF | CONTROLLER_EXEC | Acc= admin | IP=::1 | Path=ADS999002/ADS999002 | Message=GET /ADS999002/ADS999002
2026-04-17 12:06:35 | INF | ACTION_TRACE | Acc=admin | Path=/ADS999002/ADS999002 | IP=::1 | Start=2026-04-17 12:06:35.673 | Elapsed=2ms | Status=Completed
2026-04-17 12:06:35 | INF | CONTROLLER_EXEC | Acc= admin | IP=::1 | Path=ADS999002/GetAllRoleList | Message=POST /ADS999002/GetAllRoleList
2026-04-17 12:06:35 | INF | ACTION_TRACE | Acc=admin | Path=/ADS999002/GetAllRoleList | IP=::1 | Start=2026-04-17 12:06:35.692 | Elapsed=2ms | Status=Completed
2026-04-17 12:06:37 | INF | CONTROLLER_EXEC | Acc= admin | IP=::1 | Path=ADS999002/GetPermission | Message=POST /ADS999002/GetPermission
2026-04-17 12:06:37 | INF | ACTION_TRACE | Acc=admin | Path=/ADS999002/GetPermission | IP=::1 | Start=2026-04-17 12:06:37.233 | Elapsed=2ms | Status=Completed
2026-04-17 12:06:57 | INF | CONTROLLER_EXEC | Acc= admin | IP=::1 | Path=ADS999002/ADS999002 | Message=GET /ADS999002/ADS999002
2026-04-17 12:06:57 | INF | ACTION_TRACE | Acc=admin | Path=/ADS999002/ADS999002 | IP=::1 | Start=2026-04-17 12:06:57.411 | Elapsed=2ms | Status=Completed
2026-04-17 12:06:57 | INF | CONTROLLER_EXEC | Acc= admin | IP=::1 | Path=ADS999002/GetAllRoleList | Message=POST /ADS999002/GetAllRoleList
2026-04-17 12:06:57 | INF | ACTION_TRACE | Acc=admin | Path=/ADS999002/GetAllRoleList | IP=::1 | Start=2026-04-17 12:06:57.431 | Elapsed=2ms | Status=Completed
2026-04-17 12:06:58 | INF | CONTROLLER_EXEC | Acc= admin | IP=::1 | Path=ADS999002/GetPermission | Message=POST /ADS999002/GetPermission
2026-04-17 12:06:58 | INF | ACTION_TRACE | Acc=admin | Path=/ADS999002/GetPermission | IP=::1 | Start=2026-04-17 12:06:58.648 | Elapsed=2ms | Status=Completed
2026-04-17 12:07:15 | INF | CONTROLLER_EXEC | Acc= admin | IP=::1 | Path=ADS999002/ADS999002 | Message=GET /ADS999002/ADS999002
2026-04-17 12:07:15 | INF | ACTION_TRACE | Acc=admin | Path=/ADS999002/ADS999002 | IP=::1 | Start=2026-04-17 12:07:15.726 | Elapsed=2ms | Status=Completed
2026-04-17 12:07:15 | INF | CONTROLLER_EXEC | Acc= admin | IP=::1 | Path=ADS999002/GetAllRoleList | Message=POST /ADS999002/GetAllRoleList
2026-04-17 12:07:15 | INF | ACTION_TRACE | Acc=admin | Path=/ADS999002/GetAllRoleList | IP=::1 | Start=2026-04-17 12:07:15.746 | Elapsed=2ms | Status=Completed
2026-04-17 12:07:18 | INF | ACTION_TRACE | Acc=admin | Path=/.well-known/appspecific/com.chrome.devtools.json | IP=::1 | Start=2026-04-17 12:07:18.679 | Elapsed=0ms | Status=Completed
2026-04-17 12:07:18 | INF | ACTION_TRACE | Acc=admin | Path=/sm/6cf3a2be173716d0e4726c68ef6634f00cefa4e7428560c2debae6f24389d3c1.map | IP=::1 | Start=2026-04-17 12:07:18.755 | Elapsed=0ms | Status=Completed
2026-04-17 12:07:40 | INF | CONTROLLER_EXEC | Acc= admin | IP=::1 | Path=ADS999002/GetPeople | Message=POST /ADS999002/GetPeople
2026-04-17 12:07:40 | INF | ACTION_TRACE | Acc=admin | Path=/ADS999002/GetPeople | IP=::1 | Start=2026-04-17 12:07:40.822 | Elapsed=2ms | Status=Completed
2026-04-17 12:07:43 | INF | CONTROLLER_EXEC | Acc= admin | IP=::1 | Path=ADS999002/GetPeople | Message=POST /ADS999002/GetPeople
2026-04-17 12:07:43 | INF | ACTION_TRACE | Acc=admin | Path=/ADS999002/GetPeople | IP=::1 | Start=2026-04-17 12:07:43.250 | Elapsed=2ms | Status=Completed
2026-04-17 12:07:45 | INF | ACTION_TRACE | Acc=admin | Path=/AdminPortal/Home/Index | IP=::1 | Start=2026-04-17 12:07:45.356 | Elapsed=9ms | Status=Completed
2026-04-17 12:07:45 | INF | ACTION_TRACE | Acc=admin | Path=/.well-known/appspecific/com.chrome.devtools.json | IP=::1 | Start=2026-04-17 12:07:45.402 | Elapsed=0ms | Status=Completed
2026-04-17 12:07:47 | INF | CONTROLLER_EXEC | Acc= admin | IP=::1 | Path=ADS999002/ADS999002 | Message=GET /ADS999002/ADS999002
2026-04-17 12:07:47 | INF | ACTION_TRACE | Acc=admin | Path=/ADS999002/ADS999002 | IP=::1 | Start=2026-04-17 12:07:47.081 | Elapsed=2ms | Status=Completed
2026-04-17 12:07:47 | INF | ACTION_TRACE | Acc=admin | Path=/sm/6cf3a2be173716d0e4726c68ef6634f00cefa4e7428560c2debae6f24389d3c1.map | IP=::1 | Start=2026-04-17 12:07:47.183 | Elapsed=0ms | Status=Completed
2026-04-17 12:07:47 | INF | CONTROLLER_EXEC | Acc= admin | IP=::1 | Path=ADS999002/GetAllRoleList | Message=POST /ADS999002/GetAllRoleList
2026-04-17 12:07:47 | INF | ACTION_TRACE | Acc=admin | Path=/ADS999002/GetAllRoleList | IP=::1 | Start=2026-04-17 12:07:47.287 | Elapsed=2ms | Status=Completed
2026-04-17 12:07:48 | INF | CONTROLLER_EXEC | Acc= admin | IP=::1 | Path=ADS999002/GetPeople | Message=POST /ADS999002/GetPeople
2026-04-17 12:07:48 | INF | ACTION_TRACE | Acc=admin | Path=/ADS999002/GetPeople | IP=::1 | Start=2026-04-17 12:07:48.986 | Elapsed=2ms | Status=Completed
2026-04-17 12:07:55 | INF | CONTROLLER_EXEC | Acc= admin | IP=::1 | Path=ADS999002/GetPeople | Message=POST /ADS999002/GetPeople
2026-04-17 12:07:55 | INF | ACTION_TRACE | Acc=admin | Path=/ADS999002/GetPeople | IP=::1 | Start=2026-04-17 12:07:55.158 | Elapsed=2ms | Status=Completed
2026-04-17 12:08:09 | INF | CONTROLLER_EXEC | Acc= admin | IP=::1 | Path=ADS999002/GetPeople | Message=POST /ADS999002/GetPeople
2026-04-17 12:08:09 | INF | ACTION_TRACE | Acc=admin | Path=/ADS999002/GetPeople | IP=::1 | Start=2026-04-17 12:08:09.487 | Elapsed=2ms | Status=Completed
2026-04-17 13:02:05 | INF | ACTION_TRACE | Acc=admin | Path=/AdminPortal/Home/Index | IP=::1 | Start=2026-04-17 13:02:05.326 | Elapsed=12ms | Status=Completed
2026-04-17 13:02:09 | INF | CONTROLLER_EXEC | Acc= admin | IP=::1 | Path=ADS999002/ADS999002 | Message=GET /ADS999002/ADS999002
2026-04-17 13:02:09 | INF | ACTION_TRACE | Acc=admin | Path=/ADS999002/ADS999002 | IP=::1 | Start=2026-04-17 13:02:09.364 | Elapsed=3ms | Status=Completed
2026-04-17 13:02:09 | INF | CONTROLLER_EXEC | Acc= admin | IP=::1 | Path=ADS999002/GetAllRoleList | Message=POST /ADS999002/GetAllRoleList
2026-04-17 13:02:09 | INF | ACTION_TRACE | Acc=admin | Path=/ADS999002/GetAllRoleList | IP=::1 | Start=2026-04-17 13:02:09.429 | Elapsed=2ms | Status=Completed
2026-04-17 13:02:39 | INF | ACTION_TRACE | Acc=admin | Path=/AdminPortal/Home/Index | IP=::1 | Start=2026-04-17 13:02:39.169 | Elapsed=9ms | Status=Completed
2026-04-17 13:02:41 | INF | CONTROLLER_EXEC | Acc= admin | IP=::1 | Path=ADS999002/ADS999002 | Message=GET /ADS999002/ADS999002
2026-04-17 13:02:41 | INF | ACTION_TRACE | Acc=admin | Path=/ADS999002/ADS999002 | IP=::1 | Start=2026-04-17 13:02:41.661 | Elapsed=2ms | Status=Completed
2026-04-17 13:02:41 | INF | CONTROLLER_EXEC | Acc= admin | IP=::1 | Path=ADS999002/GetAllRoleList | Message=POST /ADS999002/GetAllRoleList
2026-04-17 13:02:41 | INF | ACTION_TRACE | Acc=admin | Path=/ADS999002/GetAllRoleList | IP=::1 | Start=2026-04-17 13:02:41.698 | Elapsed=3ms | Status=Completed
2026-04-17 13:03:10 | INF | ACTION_TRACE | Acc=admin | Path=/AdminPortal/Home/Index | IP=::1 | Start=2026-04-17 13:03:10.953 | Elapsed=7ms | Status=Completed
2026-04-17 13:03:13 | INF | CONTROLLER_EXEC | Acc= admin | IP=::1 | Path=ADS999002/ADS999002 | Message=GET /ADS999002/ADS999002
2026-04-17 13:03:13 | INF | ACTION_TRACE | Acc=admin | Path=/ADS999002/ADS999002 | IP=::1 | Start=2026-04-17 13:03:13.491 | Elapsed=2ms | Status=Completed
2026-04-17 13:03:13 | INF | CONTROLLER_EXEC | Acc= admin | IP=::1 | Path=ADS999002/GetAllRoleList | Message=POST /ADS999002/GetAllRoleList
2026-04-17 13:03:13 | INF | ACTION_TRACE | Acc=admin | Path=/ADS999002/GetAllRoleList | IP=::1 | Start=2026-04-17 13:03:13.528 | Elapsed=2ms | Status=Completed
2026-04-17 13:04:01 | INF | CONTROLLER_EXEC | Acc= admin | IP=::1 | Path=ADS999002/ADS999002 | Message=GET /ADS999002/ADS999002
2026-04-17 13:04:01 | INF | ACTION_TRACE | Acc=admin | Path=/ADS999002/ADS999002 | IP=::1 | Start=2026-04-17 13:04:01.740 | Elapsed=3ms | Status=Completed
2026-04-17 13:04:01 | INF | CONTROLLER_EXEC | Acc= admin | IP=::1 | Path=ADS999002/GetAllRoleList | Message=POST /ADS999002/GetAllRoleList
2026-04-17 13:04:01 | INF | ACTION_TRACE | Acc=admin | Path=/ADS999002/GetAllRoleList | IP=::1 | Start=2026-04-17 13:04:01.764 | Elapsed=2ms | Status=Completed
2026-04-17 13:04:19 | INF | ACTION_TRACE | Acc=admin | Path=/AdminPortal/Home/Index | IP=::1 | Start=2026-04-17 13:04:19.669 | Elapsed=6ms | Status=Completed
2026-04-17 13:04:22 | INF | CONTROLLER_EXEC | Acc= admin | IP=::1 | Path=ADS999002/ADS999002 | Message=GET /ADS999002/ADS999002
2026-04-17 13:04:22 | INF | ACTION_TRACE | Acc=admin | Path=/ADS999002/ADS999002 | IP=::1 | Start=2026-04-17 13:04:22.075 | Elapsed=2ms | Status=Completed
2026-04-17 13:04:22 | INF | CONTROLLER_EXEC | Acc= admin | IP=::1 | Path=ADS999002/GetAllRoleList | Message=POST /ADS999002/GetAllRoleList
2026-04-17 13:04:22 | INF | ACTION_TRACE | Acc=admin | Path=/ADS999002/GetAllRoleList | IP=::1 | Start=2026-04-17 13:04:22.112 | Elapsed=2ms | Status=Completed
2026-04-17 13:04:38 | INF | CONTROLLER_EXEC | Acc= admin | IP=::1 | Path=ADS999002/GetPermission | Message=POST /ADS999002/GetPermission
2026-04-17 13:04:38 | INF | ACTION_TRACE | Acc=admin | Path=/ADS999002/GetPermission | IP=::1 | Start=2026-04-17 13:04:38.490 | Elapsed=2ms | Status=Completed
2026-04-17 13:05:52 | INF | CONTROLLER_EXEC | Acc= admin | IP=::1 | Path=ADS999002/GetPermission | Message=POST /ADS999002/GetPermission
2026-04-17 13:05:52 | INF | ACTION_TRACE | Acc=admin | Path=/ADS999002/GetPermission | IP=::1 | Start=2026-04-17 13:05:52.582 | Elapsed=5ms | Status=Completed
2026-04-17 13:06:07 | INF | CONTROLLER_EXEC | Acc= admin | IP=::1 | Path=ADS999002/ADS999002 | Message=GET /ADS999002/ADS999002
2026-04-17 13:06:07 | INF | ACTION_TRACE | Acc=admin | Path=/ADS999002/ADS999002 | IP=::1 | Start=2026-04-17 13:06:07.940 | Elapsed=3ms | Status=Completed
2026-04-17 13:06:07 | INF | CONTROLLER_EXEC | Acc= admin | IP=::1 | Path=ADS999002/GetAllRoleList | Message=POST /ADS999002/GetAllRoleList
2026-04-17 13:06:07 | INF | ACTION_TRACE | Acc=admin | Path=/ADS999002/GetAllRoleList | IP=::1 | Start=2026-04-17 13:06:07.962 | Elapsed=2ms | Status=Completed
2026-04-17 13:06:09 | INF | CONTROLLER_EXEC | Acc= admin | IP=::1 | Path=ADS999002/GetPermission | Message=POST /ADS999002/GetPermission
2026-04-17 13:06:09 | INF | ACTION_TRACE | Acc=admin | Path=/ADS999002/GetPermission | IP=::1 | Start=2026-04-17 13:06:09.627 | Elapsed=2ms | Status=Completed
2026-04-17 13:06:18 | INF | CONTROLLER_EXEC | Acc= admin | IP=::1 | Path=ADS999002/ADS999002 | Message=GET /ADS999002/ADS999002
2026-04-17 13:06:18 | INF | ACTION_TRACE | Acc=admin | Path=/ADS999002/ADS999002 | IP=::1 | Start=2026-04-17 13:06:18.473 | Elapsed=2ms | Status=Completed
2026-04-17 13:06:18 | INF | CONTROLLER_EXEC | Acc= admin | IP=::1 | Path=ADS999002/GetAllRoleList | Message=POST /ADS999002/GetAllRoleList
2026-04-17 13:06:18 | INF | ACTION_TRACE | Acc=admin | Path=/ADS999002/GetAllRoleList | IP=::1 | Start=2026-04-17 13:06:18.496 | Elapsed=2ms | Status=Completed
2026-04-17 13:06:19 | INF | CONTROLLER_EXEC | Acc= admin | IP=::1 | Path=ADS999002/GetPermission | Message=POST /ADS999002/GetPermission
2026-04-17 13:06:19 | INF | ACTION_TRACE | Acc=admin | Path=/ADS999002/GetPermission | IP=::1 | Start=2026-04-17 13:06:19.713 | Elapsed=2ms | Status=Completed
2026-04-17 13:06:21 | INF | CONTROLLER_EXEC | Acc= admin | IP=::1 | Path=ADS999002/GetPeople | Message=POST /ADS999002/GetPeople
2026-04-17 13:06:21 | INF | ACTION_TRACE | Acc=admin | Path=/ADS999002/GetPeople | IP=::1 | Start=2026-04-17 13:06:21.868 | Elapsed=3ms | Status=Completed
2026-04-17 13:06:40 | INF | CONTROLLER_EXEC | Acc= admin | IP=::1 | Path=ADS999002/ADS999002 | Message=GET /ADS999002/ADS999002
2026-04-17 13:06:40 | INF | ACTION_TRACE | Acc=admin | Path=/ADS999002/ADS999002 | IP=::1 | Start=2026-04-17 13:06:40.630 | Elapsed=3ms | Status=Completed
2026-04-17 13:06:40 | INF | CONTROLLER_EXEC | Acc= admin | IP=::1 | Path=ADS999002/GetAllRoleList | Message=POST /ADS999002/GetAllRoleList
2026-04-17 13:06:40 | INF | ACTION_TRACE | Acc=admin | Path=/ADS999002/GetAllRoleList | IP=::1 | Start=2026-04-17 13:06:40.652 | Elapsed=2ms | Status=Completed
2026-04-17 13:06:42 | INF | CONTROLLER_EXEC | Acc= admin | IP=::1 | Path=ADS999002/GetPermission | Message=POST /ADS999002/GetPermission
2026-04-17 13:06:42 | INF | ACTION_TRACE | Acc=admin | Path=/ADS999002/GetPermission | IP=::1 | Start=2026-04-17 13:06:42.268 | Elapsed=2ms | Status=Completed
2026-04-17 13:06:51 | INF | CONTROLLER_EXEC | Acc= admin | IP=::1 | Path=ADS999002/GetPermission | Message=POST /ADS999002/GetPermission
2026-04-17 13:06:51 | INF | ACTION_TRACE | Acc=admin | Path=/ADS999002/GetPermission | IP=::1 | Start=2026-04-17 13:06:51.418 | Elapsed=2ms | Status=Completed
2026-04-17 13:06:52 | INF | ACTION_TRACE | Acc=admin | Path=/AdminPortal/Home/Index | IP=::1 | Start=2026-04-17 13:06:52.418 | Elapsed=8ms | Status=Completed
2026-04-17 13:06:55 | INF | CONTROLLER_EXEC | Acc= admin | IP=::1 | Path=ADS999002/ADS999002 | Message=GET /ADS999002/ADS999002
2026-04-17 13:06:55 | INF | ACTION_TRACE | Acc=admin | Path=/ADS999002/ADS999002 | IP=::1 | Start=2026-04-17 13:06:55.312 | Elapsed=2ms | Status=Completed
2026-04-17 13:06:55 | INF | CONTROLLER_EXEC | Acc= admin | IP=::1 | Path=ADS999002/GetAllRoleList | Message=POST /ADS999002/GetAllRoleList
2026-04-17 13:06:55 | INF | ACTION_TRACE | Acc=admin | Path=/ADS999002/GetAllRoleList | IP=::1 | Start=2026-04-17 13:06:55.352 | Elapsed=3ms | Status=Completed
2026-04-17 13:06:57 | INF | CONTROLLER_EXEC | Acc= admin | IP=::1 | Path=ADS999002/GetPeople | Message=POST /ADS999002/GetPeople
2026-04-17 13:06:57 | INF | ACTION_TRACE | Acc=admin | Path=/ADS999002/GetPeople | IP=::1 | Start=2026-04-17 13:06:57.187 | Elapsed=2ms | Status=Completed
2026-04-17 13:07:22 | INF | CONTROLLER_EXEC | Acc= admin | IP=::1 | Path=ADS999002/ADS999002 | Message=GET /ADS999002/ADS999002
2026-04-17 13:07:22 | INF | ACTION_TRACE | Acc=admin | Path=/ADS999002/ADS999002 | IP=::1 | Start=2026-04-17 13:07:22.588 | Elapsed=6ms | Status=Completed
2026-04-17 13:07:22 | INF | CONTROLLER_EXEC | Acc= admin | IP=::1 | Path=ADS999002/GetAllRoleList | Message=POST /ADS999002/GetAllRoleList
2026-04-17 13:07:22 | INF | ACTION_TRACE | Acc=admin | Path=/ADS999002/GetAllRoleList | IP=::1 | Start=2026-04-17 13:07:22.611 | Elapsed=2ms | Status=Completed
2026-04-17 13:07:35 | INF | ACTION_TRACE | Acc=admin | Path=/AdminPortal/Home/Index | IP=::1 | Start=2026-04-17 13:07:34.981 | Elapsed=46ms | Status=Completed
2026-04-17 13:07:37 | INF | CONTROLLER_EXEC | Acc= admin | IP=::1 | Path=ADS999002/ADS999002 | Message=GET /ADS999002/ADS999002
2026-04-17 13:07:37 | INF | ACTION_TRACE | Acc=admin | Path=/ADS999002/ADS999002 | IP=::1 | Start=2026-04-17 13:07:37.818 | Elapsed=3ms | Status=Completed
2026-04-17 13:07:37 | INF | CONTROLLER_EXEC | Acc= admin | IP=::1 | Path=ADS999002/GetAllRoleList | Message=POST /ADS999002/GetAllRoleList
2026-04-17 13:07:37 | INF | ACTION_TRACE | Acc=admin | Path=/ADS999002/GetAllRoleList | IP=::1 | Start=2026-04-17 13:07:37.853 | Elapsed=2ms | Status=Completed
2026-04-17 13:08:00 | INF | ACTION_TRACE | Acc=admin | Path=/AdminPortal/Home/Index | IP=::1 | Start=2026-04-17 13:08:00.937 | Elapsed=4ms | Status=Completed
2026-04-17 13:08:03 | INF | CONTROLLER_EXEC | Acc= admin | IP=::1 | Path=ADS999002/ADS999002 | Message=GET /ADS999002/ADS999002
2026-04-17 13:08:03 | INF | ACTION_TRACE | Acc=admin | Path=/ADS999002/ADS999002 | IP=::1 | Start=2026-04-17 13:08:03.764 | Elapsed=2ms | Status=Completed
2026-04-17 13:08:03 | INF | CONTROLLER_EXEC | Acc= admin | IP=::1 | Path=ADS999002/GetAllRoleList | Message=POST /ADS999002/GetAllRoleList
2026-04-17 13:08:03 | INF | ACTION_TRACE | Acc=admin | Path=/ADS999002/GetAllRoleList | IP=::1 | Start=2026-04-17 13:08:03.793 | Elapsed=2ms | Status=Completed
2026-04-17 13:08:20 | INF | ACTION_TRACE | Acc=admin | Path=/AdminPortal/Home/Index | IP=::1 | Start=2026-04-17 13:08:20.247 | Elapsed=5ms | Status=Completed
2026-04-17 13:08:22 | INF | CONTROLLER_EXEC | Acc= admin | IP=::1 | Path=ADS999002/ADS999002 | Message=GET /ADS999002/ADS999002
2026-04-17 13:08:22 | INF | ACTION_TRACE | Acc=admin | Path=/ADS999002/ADS999002 | IP=::1 | Start=2026-04-17 13:08:22.246 | Elapsed=2ms | Status=Completed
2026-04-17 13:08:22 | INF | CONTROLLER_EXEC | Acc= admin | IP=::1 | Path=ADS999002/GetAllRoleList | Message=POST /ADS999002/GetAllRoleList
2026-04-17 13:08:22 | INF | ACTION_TRACE | Acc=admin | Path=/ADS999002/GetAllRoleList | IP=::1 | Start=2026-04-17 13:08:22.283 | Elapsed=3ms | Status=Completed
2026-04-17 13:08:35 | INF | CONTROLLER_EXEC | Acc= admin | IP=::1 | Path=ADS999002/ADS999002 | Message=GET /ADS999002/ADS999002
2026-04-17 13:08:35 | INF | ACTION_TRACE | Acc=admin | Path=/ADS999002/ADS999002 | IP=::1 | Start=2026-04-17 13:08:35.751 | Elapsed=2ms | Status=Completed
2026-04-17 13:08:35 | INF | CONTROLLER_EXEC | Acc= admin | IP=::1 | Path=ADS999002/GetAllRoleList | Message=POST /ADS999002/GetAllRoleList
2026-04-17 13:08:35 | INF | ACTION_TRACE | Acc=admin | Path=/ADS999002/GetAllRoleList | IP=::1 | Start=2026-04-17 13:08:35.770 | Elapsed=2ms | Status=Completed
2026-04-17 13:08:50 | INF | ACTION_TRACE | Acc=admin | Path=/AdminPortal/Home/Index | IP=::1 | Start=2026-04-17 13:08:50.107 | Elapsed=7ms | Status=Completed
2026-04-17 13:08:53 | INF | CONTROLLER_EXEC | Acc= admin | IP=::1 | Path=ADS999002/ADS999002 | Message=GET /ADS999002/ADS999002
2026-04-17 13:08:53 | INF | ACTION_TRACE | Acc=admin | Path=/ADS999002/ADS999002 | IP=::1 | Start=2026-04-17 13:08:53.590 | Elapsed=2ms | Status=Completed
2026-04-17 13:08:53 | INF | CONTROLLER_EXEC | Acc= admin | IP=::1 | Path=ADS999002/GetAllRoleList | Message=POST /ADS999002/GetAllRoleList
2026-04-17 13:08:53 | INF | ACTION_TRACE | Acc=admin | Path=/ADS999002/GetAllRoleList | IP=::1 | Start=2026-04-17 13:08:53.619 | Elapsed=2ms | Status=Completed
2026-04-17 13:09:03 | INF | CONTROLLER_EXEC | Acc= admin | IP=::1 | Path=ADS999002/ADS999002 | Message=GET /ADS999002/ADS999002
2026-04-17 13:09:03 | INF | ACTION_TRACE | Acc=admin | Path=/ADS999002/ADS999002 | IP=::1 | Start=2026-04-17 13:09:03.317 | Elapsed=2ms | Status=Completed
2026-04-17 13:09:03 | INF | CONTROLLER_EXEC | Acc= admin | IP=::1 | Path=ADS999002/GetAllRoleList | Message=POST /ADS999002/GetAllRoleList
2026-04-17 13:09:03 | INF | ACTION_TRACE | Acc=admin | Path=/ADS999002/GetAllRoleList | IP=::1 | Start=2026-04-17 13:09:03.338 | Elapsed=2ms | Status=Completed
2026-04-17 13:09:15 | INF | ACTION_TRACE | Acc=admin | Path=/AdminPortal/Home/Index | IP=::1 | Start=2026-04-17 13:09:15.498 | Elapsed=8ms | Status=Completed
2026-04-17 13:09:18 | INF | CONTROLLER_EXEC | Acc= admin | IP=::1 | Path=ADS999002/ADS999002 | Message=GET /ADS999002/ADS999002
2026-04-17 13:09:18 | INF | ACTION_TRACE | Acc=admin | Path=/ADS999002/ADS999002 | IP=::1 | Start=2026-04-17 13:09:18.434 | Elapsed=2ms | Status=Completed
2026-04-17 13:09:18 | INF | CONTROLLER_EXEC | Acc= admin | IP=::1 | Path=ADS999002/GetAllRoleList | Message=POST /ADS999002/GetAllRoleList
2026-04-17 13:09:18 | INF | ACTION_TRACE | Acc=admin | Path=/ADS999002/GetAllRoleList | IP=::1 | Start=2026-04-17 13:09:18.466 | Elapsed=3ms | Status=Completed
2026-04-17 13:09:23 | INF | CONTROLLER_EXEC | Acc= admin | IP=::1 | Path=ADS999002/GetPermission | Message=POST /ADS999002/GetPermission
2026-04-17 13:09:23 | INF | ACTION_TRACE | Acc=admin | Path=/ADS999002/GetPermission | IP=::1 | Start=2026-04-17 13:09:23.667 | Elapsed=2ms | Status=Completed
2026-04-17 13:10:37 | INF | ACTION_TRACE | Acc=admin | Path=/AdminPortal/Home/Index | IP=::1 | Start=2026-04-17 13:10:37.958 | Elapsed=6ms | Status=Completed
2026-04-17 13:10:40 | INF | CONTROLLER_EXEC | Acc= admin | IP=::1 | Path=ADS999002/ADS999002 | Message=GET /ADS999002/ADS999002
2026-04-17 13:10:40 | INF | ACTION_TRACE | Acc=admin | Path=/ADS999002/ADS999002 | IP=::1 | Start=2026-04-17 13:10:40.384 | Elapsed=2ms | Status=Completed
2026-04-17 13:10:40 | INF | CONTROLLER_EXEC | Acc= admin | IP=::1 | Path=ADS999002/GetAllRoleList | Message=POST /ADS999002/GetAllRoleList
2026-04-17 13:10:40 | INF | ACTION_TRACE | Acc=admin | Path=/ADS999002/GetAllRoleList | IP=::1 | Start=2026-04-17 13:10:40.419 | Elapsed=2ms | Status=Completed
2026-04-17 13:11:31 | INF | ACTION_TRACE | Acc=admin | Path=/AdminPortal/Home/Index | IP=::1 | Start=2026-04-17 13:11:31.329 | Elapsed=7ms | Status=Completed
2026-04-17 13:11:34 | INF | CONTROLLER_EXEC | Acc= admin | IP=::1 | Path=ADS999002/ADS999002 | Message=GET /ADS999002/ADS999002
2026-04-17 13:11:34 | INF | ACTION_TRACE | Acc=admin | Path=/ADS999002/ADS999002 | IP=::1 | Start=2026-04-17 13:11:34.443 | Elapsed=32ms | Status=Completed
2026-04-17 13:11:34 | INF | CONTROLLER_EXEC | Acc= admin | IP=::1 | Path=ADS999002/GetAllRoleList | Message=POST /ADS999002/GetAllRoleList
2026-04-17 13:11:34 | INF | ACTION_TRACE | Acc=admin | Path=/ADS999002/GetAllRoleList | IP=::1 | Start=2026-04-17 13:11:34.507 | Elapsed=2ms | Status=Completed
2026-04-17 13:12:08 | INF | ACTION_TRACE | Acc=admin | Path=/AdminPortal/Home/Index | IP=::1 | Start=2026-04-17 13:12:08.446 | Elapsed=5ms | Status=Completed
2026-04-17 13:12:10 | INF | CONTROLLER_EXEC | Acc= admin | IP=::1 | Path=ADS999002/ADS999002 | Message=GET /ADS999002/ADS999002
2026-04-17 13:12:10 | INF | ACTION_TRACE | Acc=admin | Path=/ADS999002/ADS999002 | IP=::1 | Start=2026-04-17 13:12:10.744 | Elapsed=2ms | Status=Completed
2026-04-17 13:12:10 | INF | CONTROLLER_EXEC | Acc= admin | IP=::1 | Path=ADS999002/GetAllRoleList | Message=POST /ADS999002/GetAllRoleList
2026-04-17 13:12:10 | INF | ACTION_TRACE | Acc=admin | Path=/ADS999002/GetAllRoleList | IP=::1 | Start=2026-04-17 13:12:10.784 | Elapsed=2ms | Status=Completed
2026-04-17 13:12:52 | INF | CONTROLLER_EXEC | Acc= admin | IP=::1 | Path=ADS999002/ADS999002 | Message=GET /ADS999002/ADS999002
2026-04-17 13:12:52 | INF | ACTION_TRACE | Acc=admin | Path=/ADS999002/ADS999002 | IP=::1 | Start=2026-04-17 13:12:52.423 | Elapsed=3ms | Status=Completed
2026-04-17 13:12:52 | INF | CONTROLLER_EXEC | Acc= admin | IP=::1 | Path=ADS999002/GetAllRoleList | Message=POST /ADS999002/GetAllRoleList
2026-04-17 13:12:52 | INF | ACTION_TRACE | Acc=admin | Path=/ADS999002/GetAllRoleList | IP=::1 | Start=2026-04-17 13:12:52.447 | Elapsed=2ms | Status=Completed
2026-04-17 13:13:13 | INF | CONTROLLER_EXEC | Acc= admin | IP=::1 | Path=ADS999002/ADS999002 | Message=GET /ADS999002/ADS999002
2026-04-17 13:13:13 | INF | ACTION_TRACE | Acc=admin | Path=/ADS999002/ADS999002 | IP=::1 | Start=2026-04-17 13:13:13.564 | Elapsed=2ms | Status=Completed
2026-04-17 13:13:13 | INF | CONTROLLER_EXEC | Acc= admin | IP=::1 | Path=ADS999002/GetAllRoleList | Message=POST /ADS999002/GetAllRoleList
2026-04-17 13:13:13 | INF | ACTION_TRACE | Acc=admin | Path=/ADS999002/GetAllRoleList | IP=::1 | Start=2026-04-17 13:13:13.585 | Elapsed=2ms | Status=Completed
2026-04-17 13:13:53 | INF | CONTROLLER_EXEC | Acc= admin | IP=::1 | Path=ADS999002/ADS999002 | Message=GET /ADS999002/ADS999002
2026-04-17 13:13:53 | INF | ACTION_TRACE | Acc=admin | Path=/ADS999002/ADS999002 | IP=::1 | Start=2026-04-17 13:13:53.737 | Elapsed=2ms | Status=Completed
2026-04-17 13:13:53 | INF | CONTROLLER_EXEC | Acc= admin | IP=::1 | Path=ADS999002/GetAllRoleList | Message=POST /ADS999002/GetAllRoleList
2026-04-17 13:13:53 | INF | ACTION_TRACE | Acc=admin | Path=/ADS999002/GetAllRoleList | IP=::1 | Start=2026-04-17 13:13:53.757 | Elapsed=2ms | Status=Completed
2026-04-17 13:15:14 | INF | ACTION_TRACE | Acc=admin | Path=/AdminPortal/Home/Index | IP=::1 | Start=2026-04-17 13:15:14.229 | Elapsed=6ms | Status=Completed
2026-04-17 13:15:19 | INF | CONTROLLER_EXEC | Acc= admin | IP=::1 | Path=ADS999002/ADS999002 | Message=GET /ADS999002/ADS999002
2026-04-17 13:15:19 | INF | ACTION_TRACE | Acc=admin | Path=/ADS999002/ADS999002 | IP=::1 | Start=2026-04-17 13:15:19.990 | Elapsed=2ms | Status=Completed
2026-04-17 13:15:20 | INF | CONTROLLER_EXEC | Acc= admin | IP=::1 | Path=ADS999002/GetAllRoleList | Message=POST /ADS999002/GetAllRoleList
2026-04-17 13:15:20 | INF | ACTION_TRACE | Acc=admin | Path=/ADS999002/GetAllRoleList | IP=::1 | Start=2026-04-17 13:15:20.026 | Elapsed=3ms | Status=Completed
2026-04-17 13:15:35 | INF | CONTROLLER_EXEC | Acc= admin | IP=::1 | Path=ADS999002/ADS999002 | Message=GET /ADS999002/ADS999002
2026-04-17 13:15:35 | INF | ACTION_TRACE | Acc=admin | Path=/ADS999002/ADS999002 | IP=::1 | Start=2026-04-17 13:15:35.712 | Elapsed=2ms | Status=Completed
2026-04-17 13:15:35 | INF | CONTROLLER_EXEC | Acc= admin | IP=::1 | Path=ADS999002/GetAllRoleList | Message=POST /ADS999002/GetAllRoleList
2026-04-17 13:15:35 | INF | ACTION_TRACE | Acc=admin | Path=/ADS999002/GetAllRoleList | IP=::1 | Start=2026-04-17 13:15:35.733 | Elapsed=2ms | Status=Completed
2026-04-17 13:17:37 | INF | ACTION_TRACE | Acc=admin | Path=/AdminPortal/Home/Index | IP=::1 | Start=2026-04-17 13:17:37.278 | Elapsed=4ms | Status=Completed
2026-04-17 13:17:39 | INF | ACTION_TRACE | Acc=admin | Path=/ | IP=::1 | Start=2026-04-17 13:17:38.979 | Elapsed=260ms | Status=Completed
2026-04-17 13:17:40 | INF | ACTION_TRACE | Acc=admin | Path=/AdminPortal/Account/Login | IP=::1 | Start=2026-04-17 13:17:40.040 | Elapsed=0ms | Status=Completed
2026-04-17 13:17:40 | INF | ACTION_TRACE | Acc=admin | Path=/Captcha/Generate | IP=::1 | Start=2026-04-17 13:17:40.128 | Elapsed=1ms | Status=Completed
2026-04-17 13:17:40 | INF | ACTION_TRACE | Acc=admin | Path=/DNTCaptchaImage/Show | IP=::1 | Start=2026-04-17 13:17:40.136 | Elapsed=10ms | Status=Completed
2026-04-17 13:17:51 | INF | ACTION_TRACE | Acc=admin | Path=/AdminPortal/Account/Login | IP=::1 | Start=2026-04-17 13:17:43.192 | Elapsed=7850ms | Status=Completed
2026-04-17 13:17:51 | INF | NETWORK_UNSTABLE | Acc=admin | Path=/AdminPortal/Account/Login | Reason=SlowRequest 7850ms
2026-04-17 13:17:51 | INF | ACTION_TRACE | Acc=admin | Path=/AdminPortal/Home/Index | IP=::1 | Start=2026-04-17 13:17:51.049 | Elapsed=6ms | Status=Completed
2026-04-17 13:17:54 | INF | CONTROLLER_EXEC | Acc= admin | IP=::1 | Path=ADS999002/ADS999002 | Message=GET /ADS999002/ADS999002
2026-04-17 13:17:54 | INF | ACTION_TRACE | Acc=admin | Path=/ADS999002/ADS999002 | IP=::1 | Start=2026-04-17 13:17:54.081 | Elapsed=2ms | Status=Completed
2026-04-17 13:17:54 | INF | CONTROLLER_EXEC | Acc= admin | IP=::1 | Path=ADS999002/GetAllRoleList | Message=POST /ADS999002/GetAllRoleList
2026-04-17 13:17:54 | INF | ACTION_TRACE | Acc=admin | Path=/ADS999002/GetAllRoleList | IP=::1 | Start=2026-04-17 13:17:54.131 | Elapsed=2ms | Status=Completed
2026-04-17 13:19:37 | INF | CONTROLLER_EXEC | Acc= admin | IP=::1 | Path=ADS999002/ADS999002 | Message=GET /ADS999002/ADS999002
2026-04-17 13:19:37 | INF | ACTION_TRACE | Acc=admin | Path=/ADS999002/ADS999002 | IP=::1 | Start=2026-04-17 13:19:37.210 | Elapsed=2ms | Status=Completed
2026-04-17 13:19:37 | INF | CONTROLLER_EXEC | Acc= admin | IP=::1 | Path=ADS999002/GetAllRoleList | Message=POST /ADS999002/GetAllRoleList
2026-04-17 13:19:37 | INF | ACTION_TRACE | Acc=admin | Path=/ADS999002/GetAllRoleList | IP=::1 | Start=2026-04-17 13:19:37.232 | Elapsed=2ms | Status=Completed
2026-04-17 13:20:03 | INF | ACTION_TRACE | Acc=admin | Path=/AdminPortal/Home/Index | IP=::1 | Start=2026-04-17 13:20:03.316 | Elapsed=140ms | Status=Completed
2026-04-17 13:20:06 | INF | CONTROLLER_EXEC | Acc= admin | IP=::1 | Path=ADS999002/ADS999002 | Message=GET /ADS999002/ADS999002
2026-04-17 13:20:06 | INF | ACTION_TRACE | Acc=admin | Path=/ADS999002/ADS999002 | IP=::1 | Start=2026-04-17 13:20:06.351 | Elapsed=121ms | Status=Completed
2026-04-17 13:20:06 | INF | CONTROLLER_EXEC | Acc= admin | IP=::1 | Path=ADS999002/GetAllRoleList | Message=POST /ADS999002/GetAllRoleList
2026-04-17 13:20:06 | INF | ACTION_TRACE | Acc=admin | Path=/ADS999002/GetAllRoleList | IP=::1 | Start=2026-04-17 13:20:06.504 | Elapsed=35ms | Status=Completed
2026-04-17 13:20:44 | INF | CONTROLLER_EXEC | Acc= admin | IP=::1 | Path=ADS999002/ADS999002 | Message=GET /ADS999002/ADS999002
2026-04-17 13:20:44 | INF | ACTION_TRACE | Acc=admin | Path=/ADS999002/ADS999002 | IP=::1 | Start=2026-04-17 13:20:44.227 | Elapsed=2ms | Status=Completed
2026-04-17 13:20:44 | INF | CONTROLLER_EXEC | Acc= admin | IP=::1 | Path=ADS999002/GetAllRoleList | Message=POST /ADS999002/GetAllRoleList
2026-04-17 13:20:44 | INF | ACTION_TRACE | Acc=admin | Path=/ADS999002/GetAllRoleList | IP=::1 | Start=2026-04-17 13:20:44.251 | Elapsed=2ms | Status=Completed
2026-04-17 13:21:05 | INF | CONTROLLER_EXEC | Acc= admin | IP=::1 | Path=ADS999002/ADS999002 | Message=GET /ADS999002/ADS999002
2026-04-17 13:21:05 | INF | ACTION_TRACE | Acc=admin | Path=/ADS999002/ADS999002 | IP=::1 | Start=2026-04-17 13:21:05.362 | Elapsed=2ms | Status=Completed
2026-04-17 13:21:05 | INF | CONTROLLER_EXEC | Acc= admin | IP=::1 | Path=ADS999002/GetAllRoleList | Message=POST /ADS999002/GetAllRoleList
2026-04-17 13:21:05 | INF | ACTION_TRACE | Acc=admin | Path=/ADS999002/GetAllRoleList | IP=::1 | Start=2026-04-17 13:21:05.387 | Elapsed=2ms | Status=Completed
2026-04-17 13:21:29 | INF | CONTROLLER_EXEC | Acc= admin | IP=::1 | Path=ADS999002/ADS999002 | Message=GET /ADS999002/ADS999002
2026-04-17 13:21:29 | INF | ACTION_TRACE | Acc=admin | Path=/ADS999002/ADS999002 | IP=::1 | Start=2026-04-17 13:21:29.432 | Elapsed=44ms | Status=Completed
2026-04-17 13:21:29 | INF | CONTROLLER_EXEC | Acc= admin | IP=::1 | Path=ADS999002/GetAllRoleList | Message=POST /ADS999002/GetAllRoleList
2026-04-17 13:21:29 | INF | ACTION_TRACE | Acc=admin | Path=/ADS999002/GetAllRoleList | IP=::1 | Start=2026-04-17 13:21:29.496 | Elapsed=2ms | Status=Completed
2026-04-17 13:21:42 | INF | CONTROLLER_EXEC | Acc= admin | IP=::1 | Path=ADS999002/ADS999002 | Message=GET /ADS999002/ADS999002
2026-04-17 13:21:42 | INF | ACTION_TRACE | Acc=admin | Path=/ADS999002/ADS999002 | IP=::1 | Start=2026-04-17 13:21:42.174 | Elapsed=2ms | Status=Completed
2026-04-17 13:21:42 | INF | CONTROLLER_EXEC | Acc= admin | IP=::1 | Path=ADS999002/GetAllRoleList | Message=POST /ADS999002/GetAllRoleList
2026-04-17 13:21:42 | INF | ACTION_TRACE | Acc=admin | Path=/ADS999002/GetAllRoleList | IP=::1 | Start=2026-04-17 13:21:42.194 | Elapsed=2ms | Status=Completed
2026-04-17 13:21:57 | INF | CONTROLLER_EXEC | Acc= admin | IP=::1 | Path=ADS999002/ADS999002 | Message=GET /ADS999002/ADS999002
2026-04-17 13:21:57 | INF | ACTION_TRACE | Acc=admin | Path=/ADS999002/ADS999002 | IP=::1 | Start=2026-04-17 13:21:57.689 | Elapsed=2ms | Status=Completed
2026-04-17 13:21:57 | INF | CONTROLLER_EXEC | Acc= admin | IP=::1 | Path=ADS999002/GetAllRoleList | Message=POST /ADS999002/GetAllRoleList
2026-04-17 13:21:57 | INF | ACTION_TRACE | Acc=admin | Path=/ADS999002/GetAllRoleList | IP=::1 | Start=2026-04-17 13:21:57.713 | Elapsed=2ms | Status=Completed
2026-04-17 13:22:11 | INF | CONTROLLER_EXEC | Acc= admin | IP=::1 | Path=ADS999002/ADS999002 | Message=GET /ADS999002/ADS999002
2026-04-17 13:22:11 | INF | ACTION_TRACE | Acc=admin | Path=/ADS999002/ADS999002 | IP=::1 | Start=2026-04-17 13:22:11.569 | Elapsed=2ms | Status=Completed
2026-04-17 13:22:11 | INF | CONTROLLER_EXEC | Acc= admin | IP=::1 | Path=ADS999002/GetAllRoleList | Message=POST /ADS999002/GetAllRoleList
2026-04-17 13:22:11 | INF | ACTION_TRACE | Acc=admin | Path=/ADS999002/GetAllRoleList | IP=::1 | Start=2026-04-17 13:22:11.590 | Elapsed=3ms | Status=Completed
2026-04-17 13:22:25 | INF | CONTROLLER_EXEC | Acc= admin | IP=::1 | Path=ADS999002/ADS999002 | Message=GET /ADS999002/ADS999002
2026-04-17 13:22:25 | INF | ACTION_TRACE | Acc=admin | Path=/ADS999002/ADS999002 | IP=::1 | Start=2026-04-17 13:22:25.503 | Elapsed=2ms | Status=Completed
2026-04-17 13:22:25 | INF | CONTROLLER_EXEC | Acc= admin | IP=::1 | Path=ADS999002/GetAllRoleList | Message=POST /ADS999002/GetAllRoleList
2026-04-17 13:22:25 | INF | ACTION_TRACE | Acc=admin | Path=/ADS999002/GetAllRoleList | IP=::1 | Start=2026-04-17 13:22:25.521 | Elapsed=2ms | Status=Completed
2026-04-17 13:22:56 | INF | CONTROLLER_EXEC | Acc= admin | IP=::1 | Path=ADS999002/ADS999002 | Message=GET /ADS999002/ADS999002
2026-04-17 13:22:56 | INF | ACTION_TRACE | Acc=admin | Path=/ADS999002/ADS999002 | IP=::1 | Start=2026-04-17 13:22:56.460 | Elapsed=2ms | Status=Completed
2026-04-17 13:22:56 | INF | CONTROLLER_EXEC | Acc= admin | IP=::1 | Path=ADS999002/GetAllRoleList | Message=POST /ADS999002/GetAllRoleList
2026-04-17 13:22:56 | INF | ACTION_TRACE | Acc=admin | Path=/ADS999002/GetAllRoleList | IP=::1 | Start=2026-04-17 13:22:56.482 | Elapsed=2ms | Status=Completed
2026-04-17 13:23:11 | INF | CONTROLLER_EXEC | Acc= admin | IP=::1 | Path=ADS999002/GetRoleByNo | Message=GET /ADS999002/GetRoleByNo
2026-04-17 13:23:11 | INF | ACTION_TRACE | Acc=admin | Path=/ADS999002/GetRoleByNo | IP=::1 | Start=2026-04-17 13:23:11.785 | Elapsed=2ms | Status=Completed
2026-04-17 13:23:15 | INF | CONTROLLER_EXEC | Acc= admin | IP=::1 | Path=ADS999002/GetPermission | Message=POST /ADS999002/GetPermission
2026-04-17 13:23:15 | INF | ACTION_TRACE | Acc=admin | Path=/ADS999002/GetPermission | IP=::1 | Start=2026-04-17 13:23:15.889 | Elapsed=2ms | Status=Completed
2026-04-17 13:23:17 | INF | ACTION_TRACE | Acc=admin | Path=/.well-known/appspecific/com.chrome.devtools.json | IP=::1 | Start=2026-04-17 13:23:17.389 | Elapsed=0ms | Status=Completed
2026-04-17 13:23:17 | INF | ACTION_TRACE | Acc=admin | Path=/sm/6cf3a2be173716d0e4726c68ef6634f00cefa4e7428560c2debae6f24389d3c1.map | IP=::1 | Start=2026-04-17 13:23:17.458 | Elapsed=0ms | Status=Completed
2026-04-17 13:24:43 | INF | CONTROLLER_EXEC | Acc= admin | IP=::1 | Path=ADS999002/GetPeople | Message=POST /ADS999002/GetPeople
2026-04-17 13:24:43 | INF | ACTION_TRACE | Acc=admin | Path=/ADS999002/GetPeople | IP=::1 | Start=2026-04-17 13:24:43.494 | Elapsed=2ms | Status=Completed
2026-04-17 13:24:45 | INF | CONTROLLER_EXEC | Acc= admin | IP=::1 | Path=ADS999002/GetPeople | Message=POST /ADS999002/GetPeople
2026-04-17 13:24:45 | INF | ACTION_TRACE | Acc=admin | Path=/ADS999002/GetPeople | IP=::1 | Start=2026-04-17 13:24:45.541 | Elapsed=2ms | Status=Completed
2026-04-17 13:25:03 | INF | CONTROLLER_EXEC | Acc= admin | IP=::1 | Path=ADS999002/GetRoleByNo | Message=GET /ADS999002/GetRoleByNo
2026-04-17 13:25:03 | INF | ACTION_TRACE | Acc=admin | Path=/ADS999002/GetRoleByNo | IP=::1 | Start=2026-04-17 13:25:03.246 | Elapsed=2ms | Status=Completed
2026-04-17 13:28:47 | INF | CONTROLLER_EXEC | Acc= admin | IP=::1 | Path=ADS999002/ADS999002 | Message=GET /ADS999002/ADS999002
2026-04-17 13:28:47 | INF | ACTION_TRACE | Acc=admin | Path=/ADS999002/ADS999002 | IP=::1 | Start=2026-04-17 13:28:47.605 | Elapsed=4ms | Status=Completed
2026-04-17 13:28:47 | INF | CONTROLLER_EXEC | Acc= admin | IP=::1 | Path=ADS999002/GetAllRoleList | Message=POST /ADS999002/GetAllRoleList
2026-04-17 13:28:47 | INF | ACTION_TRACE | Acc=admin | Path=/ADS999002/GetAllRoleList | IP=::1 | Start=2026-04-17 13:28:47.655 | Elapsed=2ms | Status=Completed
2026-04-17 13:28:47 | INF | ACTION_TRACE | Acc=admin | Path=/sm/6cf3a2be173716d0e4726c68ef6634f00cefa4e7428560c2debae6f24389d3c1.map | IP=::1 | Start=2026-04-17 13:28:47.658 | Elapsed=0ms | Status=Completed
2026-04-17 13:28:51 | INF | CONTROLLER_EXEC | Acc= admin | IP=::1 | Path=ADS999002/GetPermission | Message=POST /ADS999002/GetPermission
2026-04-17 13:28:51 | INF | ACTION_TRACE | Acc=admin | Path=/ADS999002/GetPermission | IP=::1 | Start=2026-04-17 13:28:51.444 | Elapsed=2ms | Status=Completed
2026-04-17 13:28:54 | INF | CONTROLLER_EXEC | Acc= admin | IP=::1 | Path=ADS999002/GetPeople | Message=POST /ADS999002/GetPeople
2026-04-17 13:28:54 | INF | ACTION_TRACE | Acc=admin | Path=/ADS999002/GetPeople | IP=::1 | Start=2026-04-17 13:28:54.280 | Elapsed=3ms | Status=Completed
2026-04-17 13:28:56 | INF | CONTROLLER_EXEC | Acc= admin | IP=::1 | Path=ADS999002/GetPeople | Message=POST /ADS999002/GetPeople
2026-04-17 13:28:56 | INF | ACTION_TRACE | Acc=admin | Path=/ADS999002/GetPeople | IP=::1 | Start=2026-04-17 13:28:56.147 | Elapsed=3ms | Status=Completed
2026-04-17 13:28:57 | INF | ACTION_TRACE | Acc=admin | Path=/AdminPortal/Home/Index | IP=::1 | Start=2026-04-17 13:28:57.033 | Elapsed=5ms | Status=Completed
2026-04-17 13:28:57 | INF | ACTION_TRACE | Acc=admin | Path=/.well-known/appspecific/com.chrome.devtools.json | IP=::1 | Start=2026-04-17 13:28:57.130 | Elapsed=0ms | Status=Completed
2026-04-17 13:28:59 | INF | ACTION_TRACE | Acc=admin | Path=/AdminPortal/Account/Login | IP=::1 | Start=2026-04-17 13:28:59.661 | Elapsed=0ms | Status=Completed
2026-04-17 13:28:59 | INF | ACTION_TRACE | Acc=admin | Path=/Captcha/Generate | IP=::1 | Start=2026-04-17 13:28:59.803 | Elapsed=1ms | Status=Completed
2026-04-17 13:28:59 | INF | ACTION_TRACE | Acc=admin | Path=/DNTCaptchaImage/Show | IP=::1 | Start=2026-04-17 13:28:59.816 | Elapsed=10ms | Status=Completed
2026-04-17 13:29:10 | INF | ACTION_TRACE | Acc=admin | Path=/AdminPortal/Account/Login | IP=::1 | Start=2026-04-17 13:29:02.597 | Elapsed=7402ms | Status=Completed
2026-04-17 13:29:10 | INF | NETWORK_UNSTABLE | Acc=admin | Path=/AdminPortal/Account/Login | Reason=SlowRequest 7402ms
2026-04-17 13:29:10 | INF | ACTION_TRACE | Acc=admin | Path=/AdminPortal/Home/Index | IP=::1 | Start=2026-04-17 13:29:10.017 | Elapsed=4ms | Status=Completed
2026-04-17 13:29:12 | INF | CONTROLLER_EXEC | Acc= admin | IP=::1 | Path=ADS999002/ADS999002 | Message=GET /ADS999002/ADS999002
2026-04-17 13:29:12 | INF | ACTION_TRACE | Acc=admin | Path=/ADS999002/ADS999002 | IP=::1 | Start=2026-04-17 13:29:12.932 | Elapsed=3ms | Status=Completed
2026-04-17 13:29:12 | INF | CONTROLLER_EXEC | Acc= admin | IP=::1 | Path=ADS999002/GetAllRoleList | Message=POST /ADS999002/GetAllRoleList
2026-04-17 13:29:12 | INF | ACTION_TRACE | Acc=admin | Path=/ADS999002/GetAllRoleList | IP=::1 | Start=2026-04-17 13:29:12.975 | Elapsed=2ms | Status=Completed
2026-04-17 13:29:15 | INF | CONTROLLER_EXEC | Acc= admin | IP=::1 | Path=ADS999002/GetPeople | Message=POST /ADS999002/GetPeople
2026-04-17 13:29:15 | INF | ACTION_TRACE | Acc=admin | Path=/ADS999002/GetPeople | IP=::1 | Start=2026-04-17 13:29:15.050 | Elapsed=2ms | Status=Completed
2026-04-17 13:29:41 | INF | CONTROLLER_EXEC | Acc= admin | IP=::1 | Path=ADS999002/GetPeople | Message=POST /ADS999002/GetPeople
2026-04-17 13:29:41 | INF | ACTION_TRACE | Acc=admin | Path=/ADS999002/GetPeople | IP=::1 | Start=2026-04-17 13:29:41.591 | Elapsed=5ms | Status=Completed
2026-04-17 13:29:43 | INF | ACTION_TRACE | Acc=admin | Path=/ADS999003/ADS999003 | IP=::1 | Start=2026-04-17 13:29:43.754 | Elapsed=0ms | Status=Completed
2026-04-17 13:29:44 | INF | CONTROLLER_EXEC | Acc= admin | IP=::1 | Path=ADS999002/ADS999002 | Message=GET /ADS999002/ADS999002
2026-04-17 13:29:44 | INF | ACTION_TRACE | Acc=admin | Path=/ADS999002/ADS999002 | IP=::1 | Start=2026-04-17 13:29:44.269 | Elapsed=2ms | Status=Completed
2026-04-17 13:29:44 | INF | CONTROLLER_EXEC | Acc= admin | IP=::1 | Path=ADS999002/GetAllRoleList | Message=POST /ADS999002/GetAllRoleList
2026-04-17 13:29:44 | INF | ACTION_TRACE | Acc=admin | Path=/ADS999002/GetAllRoleList | IP=::1 | Start=2026-04-17 13:29:44.292 | Elapsed=4ms | Status=Completed
2026-04-17 13:29:45 | INF | CONTROLLER_EXEC | Acc= admin | IP=::1 | Path=ADS999002/GetPeople | Message=POST /ADS999002/GetPeople
2026-04-17 13:29:45 | INF | ACTION_TRACE | Acc=admin | Path=/ADS999002/GetPeople | IP=::1 | Start=2026-04-17 13:29:45.353 | Elapsed=2ms | Status=Completed
2026-04-17 13:29:47 | INF | CONTROLLER_EXEC | Acc= admin | IP=::1 | Path=ADS999002/GetPeople | Message=POST /ADS999002/GetPeople
2026-04-17 13:29:47 | INF | ACTION_TRACE | Acc=admin | Path=/ADS999002/GetPeople | IP=::1 | Start=2026-04-17 13:29:47.504 | Elapsed=2ms | Status=Completed
2026-04-17 13:29:50 | INF | CONTROLLER_EXEC | Acc= admin | IP=::1 | Path=ADS999002/ADS999002 | Message=GET /ADS999002/ADS999002
2026-04-17 13:29:50 | INF | ACTION_TRACE | Acc=admin | Path=/ADS999002/ADS999002 | IP=::1 | Start=2026-04-17 13:29:50.771 | Elapsed=2ms | Status=Completed
2026-04-17 13:29:50 | INF | CONTROLLER_EXEC | Acc= admin | IP=::1 | Path=ADS999002/GetAllRoleList | Message=POST /ADS999002/GetAllRoleList
2026-04-17 13:29:50 | INF | ACTION_TRACE | Acc=admin | Path=/ADS999002/GetAllRoleList | IP=::1 | Start=2026-04-17 13:29:50.791 | Elapsed=2ms | Status=Completed
2026-04-17 13:29:51 | INF | CONTROLLER_EXEC | Acc= admin | IP=::1 | Path=ADS999002/ADS999002 | Message=GET /ADS999002/ADS999002
2026-04-17 13:29:51 | INF | ACTION_TRACE | Acc=admin | Path=/ADS999002/ADS999002 | IP=::1 | Start=2026-04-17 13:29:51.074 | Elapsed=2ms | Status=Completed
2026-04-17 13:29:51 | INF | CONTROLLER_EXEC | Acc= admin | IP=::1 | Path=ADS999002/GetAllRoleList | Message=POST /ADS999002/GetAllRoleList
2026-04-17 13:29:51 | INF | ACTION_TRACE | Acc=admin | Path=/ADS999002/GetAllRoleList | IP=::1 | Start=2026-04-17 13:29:51.091 | Elapsed=2ms | Status=Completed
2026-04-17 13:29:52 | INF | CONTROLLER_EXEC | Acc= admin | IP=::1 | Path=ADS999002/GetPeople | Message=POST /ADS999002/GetPeople
2026-04-17 13:29:52 | INF | ACTION_TRACE | Acc=admin | Path=/ADS999002/GetPeople | IP=::1 | Start=2026-04-17 13:29:52.296 | Elapsed=2ms | Status=Completed
2026-04-17 13:29:53 | INF | ACTION_TRACE | Acc=admin | Path=/AdminPortal/Home/Index | IP=::1 | Start=2026-04-17 13:29:53.487 | Elapsed=5ms | Status=Completed
2026-04-17 13:29:56 | INF | CONTROLLER_EXEC | Acc= admin | IP=::1 | Path=ADS999002/ADS999002 | Message=GET /ADS999002/ADS999002
2026-04-17 13:29:56 | INF | ACTION_TRACE | Acc=admin | Path=/ADS999002/ADS999002 | IP=::1 | Start=2026-04-17 13:29:56.341 | Elapsed=2ms | Status=Completed
2026-04-17 13:29:56 | INF | CONTROLLER_EXEC | Acc= admin | IP=::1 | Path=ADS999002/GetAllRoleList | Message=POST /ADS999002/GetAllRoleList
2026-04-17 13:29:56 | INF | ACTION_TRACE | Acc=admin | Path=/ADS999002/GetAllRoleList | IP=::1 | Start=2026-04-17 13:29:56.372 | Elapsed=2ms | Status=Completed
2026-04-17 13:29:57 | INF | CONTROLLER_EXEC | Acc= admin | IP=::1 | Path=ADS999002/GetPeople | Message=POST /ADS999002/GetPeople
2026-04-17 13:29:57 | INF | ACTION_TRACE | Acc=admin | Path=/ADS999002/GetPeople | IP=::1 | Start=2026-04-17 13:29:57.377 | Elapsed=2ms | Status=Completed
2026-04-17 13:29:59 | INF | CONTROLLER_EXEC | Acc= admin | IP=::1 | Path=ADS999002/GetPeople | Message=POST /ADS999002/GetPeople
2026-04-17 13:29:59 | INF | ACTION_TRACE | Acc=admin | Path=/ADS999002/GetPeople | IP=::1 | Start=2026-04-17 13:29:59.689 | Elapsed=2ms | Status=Completed
2026-04-17 13:30:02 | INF | CONTROLLER_EXEC | Acc= admin | IP=::1 | Path=ADS999002/GetPermission | Message=POST /ADS999002/GetPermission
2026-04-17 13:30:02 | INF | ACTION_TRACE | Acc=admin | Path=/ADS999002/GetPermission | IP=::1 | Start=2026-04-17 13:30:02.644 | Elapsed=2ms | Status=Completed
2026-04-17 13:30:04 | INF | CONTROLLER_EXEC | Acc= admin | IP=::1 | Path=ADS999002/GetRoleByNo | Message=GET /ADS999002/GetRoleByNo
2026-04-17 13:30:04 | INF | ACTION_TRACE | Acc=admin | Path=/ADS999002/GetRoleByNo | IP=::1 | Start=2026-04-17 13:30:04.917 | Elapsed=52ms | Status=Completed
2026-04-17 13:30:07 | INF | ACTION_TRACE | Acc=admin | Path=/AdminPortal/Account/Login | IP=::1 | Start=2026-04-17 13:30:07.395 | Elapsed=0ms | Status=Completed
2026-04-17 13:30:07 | INF | ACTION_TRACE | Acc=admin | Path=/Captcha/Generate | IP=::1 | Start=2026-04-17 13:30:07.517 | Elapsed=1ms | Status=Completed
2026-04-17 13:30:07 | INF | ACTION_TRACE | Acc=admin | Path=/DNTCaptchaImage/Show | IP=::1 | Start=2026-04-17 13:30:07.528 | Elapsed=95ms | Status=Completed
2026-04-17 13:30:10 | INF | ACTION_TRACE | Acc=admin | Path=/ | IP=::1 | Start=2026-04-17 13:30:09.476 | Elapsed=1182ms | Status=Completed
2026-04-17 13:30:10 | INF | ACTION_TRACE | Acc=admin | Path=/Captcha/Generate | IP=::1 | Start=2026-04-17 13:30:10.797 | Elapsed=0ms | Status=Completed
2026-04-17 13:30:10 | INF | ACTION_TRACE | Acc=admin | Path=/DNTCaptchaImage/Show | IP=::1 | Start=2026-04-17 13:30:10.803 | Elapsed=9ms | Status=Completed
2026-04-17 13:30:19 | INF | ACTION_TRACE | Acc=admin | Path=/Account/Login | IP=::1 | Start=2026-04-17 13:30:14.165 | Elapsed=5077ms | Status=Completed
2026-04-17 13:30:19 | INF | NETWORK_UNSTABLE | Acc=admin | Path=/Account/Login | Reason=SlowRequest 5077ms
2026-04-17 13:30:19 | INF | ACTION_TRACE | Acc=admin | Path=/Home/Index | IP=::1 | Start=2026-04-17 13:30:19.252 | Elapsed=19ms | Status=Completed
2026-04-17 13:30:20 | INF | ACTION_TRACE | Acc=admin | Path=/Home/GetMenu | IP=::1 | Start=2026-04-17 13:30:20.593 | Elapsed=6ms | Status=Completed
2026-04-17 13:30:23 | INF | CONTROLLER_EXEC | Acc= admin | IP=::1 | Path=SYS201002/SYS201002 | Message=GET /SYS201002/SYS201002
2026-04-17 13:30:23 | INF | ACTION_TRACE | Acc=admin | Path=/SYS201002/SYS201002 | IP=::1 | Start=2026-04-17 13:30:23.039 | Elapsed=6ms | Status=Completed
2026-04-17 13:30:23 | INF | CONTROLLER_EXEC | Acc= admin | IP=::1 | Path=SYS201002/GetAllRoleList | Message=POST /SYS201002/GetAllRoleList
2026-04-17 13:30:23 | INF | ACTION_TRACE | Acc=admin | Path=/SYS201002/GetAllRoleList | IP=::1 | Start=2026-04-17 13:30:23.086 | Elapsed=3ms | Status=Completed
2026-04-17 13:30:24 | INF | CONTROLLER_EXEC | Acc= admin | IP=::1 | Path=SYS201002/GetPermission | Message=POST /SYS201002/GetPermission
2026-04-17 13:30:24 | INF | ACTION_TRACE | Acc=admin | Path=/SYS201002/GetPermission | IP=::1 | Start=2026-04-17 13:30:24.100 | Elapsed=4ms | Status=Completed
2026-04-17 13:30:28 | INF | CONTROLLER_EXEC | Acc= admin | IP=::1 | Path=SYS201002/GetRoleByNo | Message=GET /SYS201002/GetRoleByNo
2026-04-17 13:30:28 | INF | ACTION_TRACE | Acc=admin | Path=/SYS201002/GetRoleByNo | IP=::1 | Start=2026-04-17 13:30:28.856 | Elapsed=20ms | Status=Completed
2026-04-17 13:30:32 | INF | ACTION_TRACE | Acc=admin | Path=/Account/Logout | IP=::1 | Start=2026-04-17 13:30:32.644 | Elapsed=3ms | Status=Completed
2026-04-17 13:30:37 | INF | ACTION_TRACE | Acc=admin | Path=/Home/Index | IP=::1 | Start=2026-04-17 13:30:37.398 | Elapsed=13ms | Status=Completed
2026-04-17 13:30:38 | INF | ACTION_TRACE | Acc=admin | Path=/Home/GetMenu | IP=::1 | Start=2026-04-17 13:30:38.904 | Elapsed=7ms | Status=Completed
2026-04-17 13:30:44 | INF | ACTION_TRACE | Acc=admin | Path=/Account/Logout | IP=::1 | Start=2026-04-17 13:30:44.462 | Elapsed=3ms | Status=Completed
2026-04-17 13:30:55 | INF | ACTION_TRACE | Acc=admin | Path=/AdminPortal/Home/Index | IP=::1 | Start=2026-04-17 13:30:55.140 | Elapsed=5ms | Status=Completed
2026-04-17 13:31:01 | INF | CONTROLLER_EXEC | Acc= admin | IP=::1 | Path=ADS999002/ADS999002 | Message=GET /ADS999002/ADS999002
2026-04-17 13:31:01 | INF | ACTION_TRACE | Acc=admin | Path=/ADS999002/ADS999002 | IP=::1 | Start=2026-04-17 13:31:01.019 | Elapsed=2ms | Status=Completed
2026-04-17 13:31:01 | INF | CONTROLLER_EXEC | Acc= admin | IP=::1 | Path=ADS999002/GetAllRoleList | Message=POST /ADS999002/GetAllRoleList
2026-04-17 13:31:01 | INF | ACTION_TRACE | Acc=admin | Path=/ADS999002/GetAllRoleList | IP=::1 | Start=2026-04-17 13:31:01.054 | Elapsed=2ms | Status=Completed
2026-04-17 13:31:04 | INF | CONTROLLER_EXEC | Acc= admin | IP=::1 | Path=ADS999002/GetPeople | Message=POST /ADS999002/GetPeople
2026-04-17 13:31:04 | INF | ACTION_TRACE | Acc=admin | Path=/ADS999002/GetPeople | IP=::1 | Start=2026-04-17 13:31:04.483 | Elapsed=2ms | Status=Completed
2026-04-17 13:31:07 | INF | CONTROLLER_EXEC | Acc= admin | IP=::1 | Path=ADS999002/GetPeople | Message=POST /ADS999002/GetPeople
2026-04-17 13:31:07 | INF | ACTION_TRACE | Acc=admin | Path=/ADS999002/GetPeople | IP=::1 | Start=2026-04-17 13:31:07.465 | Elapsed=2ms | Status=Completed
2026-04-17 13:31:53 | INF | CONTROLLER_EXEC | Acc= admin | IP=::1 | Path=ADS999002/GetPeople | Message=POST /ADS999002/GetPeople
2026-04-17 13:31:53 | INF | ACTION_TRACE | Acc=admin | Path=/ADS999002/GetPeople | IP=::1 | Start=2026-04-17 13:31:53.449 | Elapsed=3ms | Status=Completed
2026-04-17 13:32:13 | INF | CONTROLLER_EXEC | Acc= admin | IP=::1 | Path=ADS999002/GetPermission | Message=POST /ADS999002/GetPermission
2026-04-17 13:32:13 | INF | ACTION_TRACE | Acc=admin | Path=/ADS999002/GetPermission | IP=::1 | Start=2026-04-17 13:32:13.005 | Elapsed=2ms | Status=Completed
2026-04-17 13:32:14 | INF | CONTROLLER_EXEC | Acc= admin | IP=::1 | Path=ADS999002/GetRoleByNo | Message=GET /ADS999002/GetRoleByNo
2026-04-17 13:32:14 | INF | ACTION_TRACE | Acc=admin | Path=/ADS999002/GetRoleByNo | IP=::1 | Start=2026-04-17 13:32:14.240 | Elapsed=2ms | Status=Completed
2026-04-17 13:32:15 | INF | CONTROLLER_EXEC | Acc= admin | IP=::1 | Path=ADS999002/GetPermission | Message=POST /ADS999002/GetPermission
2026-04-17 13:32:15 | INF | ACTION_TRACE | Acc=admin | Path=/ADS999002/GetPermission | IP=::1 | Start=2026-04-17 13:32:15.352 | Elapsed=2ms | Status=Completed
2026-04-17 13:32:17 | INF | ACTION_TRACE | Acc=admin | Path=/.well-known/appspecific/com.chrome.devtools.json | IP=::1 | Start=2026-04-17 13:32:17.641 | Elapsed=0ms | Status=Completed
2026-04-17 13:32:17 | INF | ACTION_TRACE | Acc=admin | Path=/sm/6cf3a2be173716d0e4726c68ef6634f00cefa4e7428560c2debae6f24389d3c1.map | IP=::1 | Start=2026-04-17 13:32:17.759 | Elapsed=0ms | Status=Completed
2026-04-17 13:32:50 | INF | CONTROLLER_EXEC | Acc= admin | IP=::1 | Path=ADS999002/GetPeople | Message=POST /ADS999002/GetPeople
2026-04-17 13:32:50 | INF | ACTION_TRACE | Acc=admin | Path=/ADS999002/GetPeople | IP=::1 | Start=2026-04-17 13:32:50.081 | Elapsed=3ms | Status=Completed
2026-04-17 13:32:51 | INF | ACTION_TRACE | Acc=admin | Path=/.well-known/appspecific/com.chrome.devtools.json | IP=::1 | Start=2026-04-17 13:32:51.542 | Elapsed=0ms | Status=Completed
2026-04-17 13:32:51 | INF | ACTION_TRACE | Acc=admin | Path=/sm/6cf3a2be173716d0e4726c68ef6634f00cefa4e7428560c2debae6f24389d3c1.map | IP=::1 | Start=2026-04-17 13:32:51.557 | Elapsed=0ms | Status=Completed
2026-04-17 13:33:18 | INF | ACTION_TRACE | Acc=admin | Path=/.well-known/appspecific/com.chrome.devtools.json | IP=::1 | Start=2026-04-17 13:33:18.411 | Elapsed=0ms | Status=Completed
2026-04-17 13:33:18 | INF | ACTION_TRACE | Acc=admin | Path=/sm/6cf3a2be173716d0e4726c68ef6634f00cefa4e7428560c2debae6f24389d3c1.map | IP=::1 | Start=2026-04-17 13:33:18.432 | Elapsed=0ms | Status=Completed
2026-04-17 13:34:39 | INF | CONTROLLER_EXEC | Acc= admin | IP=::1 | Path=ADS999002/GetPeople | Message=POST /ADS999002/GetPeople
2026-04-17 13:34:39 | INF | ACTION_TRACE | Acc=admin | Path=/ADS999002/GetPeople | IP=::1 | Start=2026-04-17 13:34:39.397 | Elapsed=2ms | Status=Completed
2026-04-17 13:37:21 | INF | ACTION_TRACE | Acc=admin | Path=/AdminPortal/Home/Index | IP=::1 | Start=2026-04-17 13:37:21.559 | Elapsed=27ms | Status=Completed
2026-04-17 13:37:25 | INF | CONTROLLER_EXEC | Acc= admin | IP=::1 | Path=ADS999002/ADS999002 | Message=GET /ADS999002/ADS999002
2026-04-17 13:37:25 | INF | ACTION_TRACE | Acc=admin | Path=/ADS999002/ADS999002 | IP=::1 | Start=2026-04-17 13:37:25.698 | Elapsed=54ms | Status=Completed
2026-04-17 13:37:25 | INF | CONTROLLER_EXEC | Acc= admin | IP=::1 | Path=ADS999002/GetAllRoleList | Message=POST /ADS999002/GetAllRoleList
2026-04-17 13:37:25 | INF | ACTION_TRACE | Acc=admin | Path=/ADS999002/GetAllRoleList | IP=::1 | Start=2026-04-17 13:37:25.865 | Elapsed=13ms | Status=Completed
2026-04-17 13:37:30 | INF | ACTION_TRACE | Acc=admin | Path=/AdminPortal/Home/Index | IP=::1 | Start=2026-04-17 13:37:30.674 | Elapsed=25ms | Status=Completed
2026-04-17 13:37:32 | INF | CONTROLLER_EXEC | Acc= admin | IP=::1 | Path=ADS999002/ADS999002 | Message=GET /ADS999002/ADS999002
2026-04-17 13:37:32 | INF | ACTION_TRACE | Acc=admin | Path=/ADS999002/ADS999002 | IP=::1 | Start=2026-04-17 13:37:32.478 | Elapsed=44ms | Status=Completed
2026-04-17 13:37:32 | INF | CONTROLLER_EXEC | Acc= admin | IP=::1 | Path=ADS999002/GetAllRoleList | Message=POST /ADS999002/GetAllRoleList
2026-04-17 13:37:32 | INF | ACTION_TRACE | Acc=admin | Path=/ADS999002/GetAllRoleList | IP=::1 | Start=2026-04-17 13:37:32.557 | Elapsed=11ms | Status=Completed
2026-04-17 13:37:36 | INF | ACTION_TRACE | Acc=admin | Path=/AdminPortal/Home/Index | IP=::1 | Start=2026-04-17 13:37:36.523 | Elapsed=27ms | Status=Completed
2026-04-17 13:37:38 | INF | CONTROLLER_EXEC | Acc= admin | IP=::1 | Path=ADS999002/ADS999002 | Message=GET /ADS999002/ADS999002
2026-04-17 13:37:38 | INF | ACTION_TRACE | Acc=admin | Path=/ADS999002/ADS999002 | IP=::1 | Start=2026-04-17 13:37:38.615 | Elapsed=43ms | Status=Completed
2026-04-17 13:37:38 | INF | CONTROLLER_EXEC | Acc= admin | IP=::1 | Path=ADS999002/GetAllRoleList | Message=POST /ADS999002/GetAllRoleList
2026-04-17 13:37:38 | INF | ACTION_TRACE | Acc=admin | Path=/ADS999002/GetAllRoleList | IP=::1 | Start=2026-04-17 13:37:38.679 | Elapsed=10ms | Status=Completed
2026-04-17 13:37:55 | INF | CONTROLLER_EXEC | Acc= admin | IP=::1 | Path=ADS999002/GetRoleByNo | Message=GET /ADS999002/GetRoleByNo
2026-04-17 13:37:55 | INF | ACTION_TRACE | Acc=admin | Path=/ADS999002/GetRoleByNo | IP=::1 | Start=2026-04-17 13:37:55.526 | Elapsed=11ms | Status=Completed
2026-04-17 13:44:19 | INF | CONTROLLER_EXEC | Acc= admin | IP=::1 | Path=ADS999002/GetPeople | Message=POST /ADS999002/GetPeople
2026-04-17 13:44:19 | INF | ACTION_TRACE | Acc=admin | Path=/ADS999002/GetPeople | IP=::1 | Start=2026-04-17 13:44:14.562 | Elapsed=4628ms | Status=Completed
2026-04-17 13:44:19 | INF | NETWORK_UNSTABLE | Acc=admin | Path=/ADS999002/GetPeople | Reason=SlowRequest 4628ms
2026-04-17 13:45:03 | INF | CONTROLLER_EXEC | Acc= admin | IP=::1 | Path=ADS999002/ADS999002 | Message=GET /ADS999002/ADS999002
2026-04-17 13:45:03 | INF | ACTION_TRACE | Acc=admin | Path=/ADS999002/ADS999002 | IP=::1 | Start=2026-04-17 13:45:03.146 | Elapsed=3ms | Status=Completed
2026-04-17 13:45:03 | INF | CONTROLLER_EXEC | Acc= admin | IP=::1 | Path=ADS999002/GetAllRoleList | Message=POST /ADS999002/GetAllRoleList
2026-04-17 13:45:03 | INF | ACTION_TRACE | Acc=admin | Path=/ADS999002/GetAllRoleList | IP=::1 | Start=2026-04-17 13:45:03.171 | Elapsed=3ms | Status=Completed
2026-04-17 13:45:14 | INF | CONTROLLER_EXEC | Acc= admin | IP=::1 | Path=ADS999002/ADS999002 | Message=GET /ADS999002/ADS999002
2026-04-17 13:45:14 | INF | ACTION_TRACE | Acc=admin | Path=/ADS999002/ADS999002 | IP=::1 | Start=2026-04-17 13:45:14.483 | Elapsed=2ms | Status=Completed
2026-04-17 13:45:14 | INF | CONTROLLER_EXEC | Acc= admin | IP=::1 | Path=ADS999002/GetAllRoleList | Message=POST /ADS999002/GetAllRoleList
2026-04-17 13:45:14 | INF | ACTION_TRACE | Acc=admin | Path=/ADS999002/GetAllRoleList | IP=::1 | Start=2026-04-17 13:45:14.508 | Elapsed=5ms | Status=Completed
2026-04-17 13:45:43 | INF | CONTROLLER_EXEC | Acc= admin | IP=::1 | Path=ADS999002/ADS999002 | Message=GET /ADS999002/ADS999002
2026-04-17 13:45:43 | INF | ACTION_TRACE | Acc=admin | Path=/ADS999002/ADS999002 | IP=::1 | Start=2026-04-17 13:45:43.029 | Elapsed=2ms | Status=Completed
2026-04-17 13:45:43 | INF | CONTROLLER_EXEC | Acc= admin | IP=::1 | Path=ADS999002/GetAllRoleList | Message=POST /ADS999002/GetAllRoleList
2026-04-17 13:45:43 | INF | ACTION_TRACE | Acc=admin | Path=/ADS999002/GetAllRoleList | IP=::1 | Start=2026-04-17 13:45:43.058 | Elapsed=4ms | Status=Completed
2026-04-17 13:46:28 | INF | ACTION_TRACE | Acc=admin | Path=/ADS999003/ADS999003 | IP=::1 | Start=2026-04-17 13:46:28.024 | Elapsed=0ms | Status=Completed
2026-04-17 14:10:16 | WRN | No store type was specified for the decimal property 'OveMoney' on entity type 'HROvertime'. This will cause values to be silently truncated if they do not fit in the default precision and scale. Explicitly specify the SQL server column type that can accommodate all the values in 'OnModelCreating' using 'HasColumnType', specify precision and scale using 'HasPrecision', or configure a value converter using 'HasConversion'.
2026-04-17 14:10:16 | WRN | No store type was specified for the decimal property 'Wag1D1Hour' on entity type 'HRWage'. This will cause values to be silently truncated if they do not fit in the default precision and scale. Explicitly specify the SQL server column type that can accommodate all the values in 'OnModelCreating' using 'HasColumnType', specify precision and scale using 'HasPrecision', or configure a value converter using 'HasConversion'.
2026-04-17 14:10:16 | WRN | No store type was specified for the decimal property 'Wag2D1Hour' on entity type 'HRWage'. This will cause values to be silently truncated if they do not fit in the default precision and scale. Explicitly specify the SQL server column type that can accommodate all the values in 'OnModelCreating' using 'HasColumnType', specify precision and scale using 'HasPrecision', or configure a value converter using 'HasConversion'.
2026-04-17 14:10:16 | WRN | No store type was specified for the decimal property 'Wag4D3Hour' on entity type 'HRWage'. This will cause values to be silently truncated if they do not fit in the default precision and scale. Explicitly specify the SQL server column type that can accommodate all the values in 'OnModelCreating' using 'HasColumnType', specify precision and scale using 'HasPrecision', or configure a value converter using 'HasConversion'.
2026-04-17 14:10:16 | WRN | No store type was specified for the decimal property 'Wag5D3Hour' on entity type 'HRWage'. This will cause values to be silently truncated if they do not fit in the default precision and scale. Explicitly specify the SQL server column type that can accommodate all the values in 'OnModelCreating' using 'HasColumnType', specify precision and scale using 'HasPrecision', or configure a value converter using 'HasConversion'.
2026-04-17 14:10:16 | WRN | No store type was specified for the decimal property 'Wag8D3Hour' on entity type 'HRWage'. This will cause values to be silently truncated if they do not fit in the default precision and scale. Explicitly specify the SQL server column type that can accommodate all the values in 'OnModelCreating' using 'HasColumnType', specify precision and scale using 'HasPrecision', or configure a value converter using 'HasConversion'.
2026-04-17 14:10:16 | WRN | No store type was specified for the decimal property 'WagApplyHour' on entity type 'HRWage'. This will cause values to be silently truncated if they do not fit in the default precision and scale. Explicitly specify the SQL server column type that can accommodate all the values in 'OnModelCreating' using 'HasColumnType', specify precision and scale using 'HasPrecision', or configure a value converter using 'HasConversion'.
2026-04-17 14:10:16 | WRN | No store type was specified for the decimal property 'WagIssueHour' on entity type 'HRWage'. This will cause values to be silently truncated if they do not fit in the default precision and scale. Explicitly specify the SQL server column type that can accommodate all the values in 'OnModelCreating' using 'HasColumnType', specify precision and scale using 'HasPrecision', or configure a value converter using 'HasConversion'.
2026-04-17 14:10:16 | WRN | No store type was specified for the decimal property 'WagSubtotal' on entity type 'HRWage'. This will cause values to be silently truncated if they do not fit in the default precision and scale. Explicitly specify the SQL server column type that can accommodate all the values in 'OnModelCreating' using 'HasColumnType', specify precision and scale using 'HasPrecision', or configure a value converter using 'HasConversion'.
2026-04-17 14:10:21 | WRN | The query uses the 'First'/'FirstOrDefault' operator without 'OrderBy' and filter operators. This may lead to unpredictable results.
2026-04-17 14:10:23 | INF | ACTION_TRACE | Acc=admin | Path=/ | IP=::1 | Start=2026-04-17 14:10:15.385 | Elapsed=7666ms | Status=Completed
2026-04-17 14:10:23 | INF | NETWORK_UNSTABLE | Acc=admin | Path=/ | Reason=SlowRequest 7666ms
2026-04-17 14:10:23 | INF | ACTION_TRACE | Acc=admin | Path=/Captcha/Generate | IP=::1 | Start=2026-04-17 14:10:23.343 | Elapsed=84ms | Status=Completed
2026-04-17 14:10:23 | INF | ACTION_TRACE | Acc=admin | Path=/DNTCaptchaImage/Show | IP=::1 | Start=2026-04-17 14:10:23.449 | Elapsed=181ms | Status=Completed
2026-04-17 14:10:26 | INF | ACTION_TRACE | Acc=admin | Path=/AdminPortal/Account/Login | IP=::1 | Start=2026-04-17 14:10:26.605 | Elapsed=123ms | Status=Completed
2026-04-17 14:10:26 | INF | ACTION_TRACE | Acc=admin | Path=/Captcha/Generate | IP=::1 | Start=2026-04-17 14:10:26.874 | Elapsed=4ms | Status=Completed
2026-04-17 14:10:26 | INF | ACTION_TRACE | Acc=admin | Path=/DNTCaptchaImage/Show | IP=::1 | Start=2026-04-17 14:10:26.885 | Elapsed=17ms | Status=Completed
2026-04-17 14:10:39 | INF | ACTION_TRACE | Acc=admin | Path=/AdminPortal/Account/Login | IP=::1 | Start=2026-04-17 14:10:30.286 | Elapsed=9316ms | Status=Completed
2026-04-17 14:10:39 | INF | NETWORK_UNSTABLE | Acc=admin | Path=/AdminPortal/Account/Login | Reason=SlowRequest 9316ms
2026-04-17 14:10:39 | INF | ACTION_TRACE | Acc=admin | Path=/AdminPortal/Home/Index | IP=::1 | Start=2026-04-17 14:10:39.618 | Elapsed=151ms | Status=Completed
2026-04-17 14:10:44 | INF | ACTION_TRACE | Acc=admin | Path=/.well-known/appspecific/com.chrome.devtools.json | IP=::1 | Start=2026-04-17 14:10:44.146 | Elapsed=0ms | Status=Completed
2026-04-17 14:15:03 | WRN | No store type was specified for the decimal property 'OveMoney' on entity type 'HROvertime'. This will cause values to be silently truncated if they do not fit in the default precision and scale. Explicitly specify the SQL server column type that can accommodate all the values in 'OnModelCreating' using 'HasColumnType', specify precision and scale using 'HasPrecision', or configure a value converter using 'HasConversion'.
2026-04-17 14:15:03 | WRN | No store type was specified for the decimal property 'Wag1D1Hour' on entity type 'HRWage'. This will cause values to be silently truncated if they do not fit in the default precision and scale. Explicitly specify the SQL server column type that can accommodate all the values in 'OnModelCreating' using 'HasColumnType', specify precision and scale using 'HasPrecision', or configure a value converter using 'HasConversion'.
2026-04-17 14:15:03 | WRN | No store type was specified for the decimal property 'Wag2D1Hour' on entity type 'HRWage'. This will cause values to be silently truncated if they do not fit in the default precision and scale. Explicitly specify the SQL server column type that can accommodate all the values in 'OnModelCreating' using 'HasColumnType', specify precision and scale using 'HasPrecision', or configure a value converter using 'HasConversion'.
2026-04-17 14:15:03 | WRN | No store type was specified for the decimal property 'Wag4D3Hour' on entity type 'HRWage'. This will cause values to be silently truncated if they do not fit in the default precision and scale. Explicitly specify the SQL server column type that can accommodate all the values in 'OnModelCreating' using 'HasColumnType', specify precision and scale using 'HasPrecision', or configure a value converter using 'HasConversion'.
2026-04-17 14:15:03 | WRN | No store type was specified for the decimal property 'Wag5D3Hour' on entity type 'HRWage'. This will cause values to be silently truncated if they do not fit in the default precision and scale. Explicitly specify the SQL server column type that can accommodate all the values in 'OnModelCreating' using 'HasColumnType', specify precision and scale using 'HasPrecision', or configure a value converter using 'HasConversion'.
2026-04-17 14:15:03 | WRN | No store type was specified for the decimal property 'Wag8D3Hour' on entity type 'HRWage'. This will cause values to be silently truncated if they do not fit in the default precision and scale. Explicitly specify the SQL server column type that can accommodate all the values in 'OnModelCreating' using 'HasColumnType', specify precision and scale using 'HasPrecision', or configure a value converter using 'HasConversion'.
2026-04-17 14:15:03 | WRN | No store type was specified for the decimal property 'WagApplyHour' on entity type 'HRWage'. This will cause values to be silently truncated if they do not fit in the default precision and scale. Explicitly specify the SQL server column type that can accommodate all the values in 'OnModelCreating' using 'HasColumnType', specify precision and scale using 'HasPrecision', or configure a value converter using 'HasConversion'.
2026-04-17 14:15:03 | WRN | No store type was specified for the decimal property 'WagIssueHour' on entity type 'HRWage'. This will cause values to be silently truncated if they do not fit in the default precision and scale. Explicitly specify the SQL server column type that can accommodate all the values in 'OnModelCreating' using 'HasColumnType', specify precision and scale using 'HasPrecision', or configure a value converter using 'HasConversion'.
2026-04-17 14:15:03 | WRN | No store type was specified for the decimal property 'WagSubtotal' on entity type 'HRWage'. This will cause values to be silently truncated if they do not fit in the default precision and scale. Explicitly specify the SQL server column type that can accommodate all the values in 'OnModelCreating' using 'HasColumnType', specify precision and scale using 'HasPrecision', or configure a value converter using 'HasConversion'.
2026-04-17 14:15:08 | WRN | The query uses the 'First'/'FirstOrDefault' operator without 'OrderBy' and filter operators. This may lead to unpredictable results.
2026-04-17 14:15:09 | INF | ACTION_TRACE | Acc=admin | Path=/ | IP=::1 | Start=2026-04-17 14:15:02.188 | Elapsed=7282ms | Status=Completed
2026-04-17 14:15:09 | INF | NETWORK_UNSTABLE | Acc=admin | Path=/ | Reason=SlowRequest 7282ms
2026-04-17 14:15:09 | INF | ACTION_TRACE | Acc=admin | Path=/Captcha/Generate | IP=::1 | Start=2026-04-17 14:15:09.636 | Elapsed=40ms | Status=Completed
2026-04-17 14:15:09 | INF | ACTION_TRACE | Acc=admin | Path=/DNTCaptchaImage/Show | IP=::1 | Start=2026-04-17 14:15:09.704 | Elapsed=115ms | Status=Completed
2026-04-17 14:15:12 | INF | ACTION_TRACE | Acc=admin | Path=/AdminPortal/Account/Login | IP=::1 | Start=2026-04-17 14:15:12.150 | Elapsed=113ms | Status=Completed
2026-04-17 14:15:12 | INF | ACTION_TRACE | Acc=admin | Path=/Captcha/Generate | IP=::1 | Start=2026-04-17 14:15:12.406 | Elapsed=7ms | Status=Completed
2026-04-17 14:15:12 | INF | ACTION_TRACE | Acc=admin | Path=/DNTCaptchaImage/Show | IP=::1 | Start=2026-04-17 14:15:12.422 | Elapsed=14ms | Status=Completed
2026-04-17 14:15:23 | INF | ACTION_TRACE | Acc=admin | Path=/AdminPortal/Account/Login | IP=::1 | Start=2026-04-17 14:15:16.696 | Elapsed=6334ms | Status=Completed
2026-04-17 14:15:23 | INF | NETWORK_UNSTABLE | Acc=admin | Path=/AdminPortal/Account/Login | Reason=SlowRequest 6334ms
2026-04-17 14:15:23 | INF | ACTION_TRACE | Acc=admin | Path=/AdminPortal/Home/Index | IP=::1 | Start=2026-04-17 14:15:23.046 | Elapsed=127ms | Status=Completed
2026-04-17 14:15:27 | INF | CONTROLLER_EXEC | Acc= admin | IP=::1 | Path=ADS999002/ADS999002 | Message=GET /ADS999002/ADS999002
2026-04-17 14:15:28 | INF | ACTION_TRACE | Acc=admin | Path=/ADS999002/ADS999002 | IP=::1 | Start=2026-04-17 14:15:27.891 | Elapsed=111ms | Status=Completed
2026-04-17 14:15:28 | INF | CONTROLLER_EXEC | Acc= admin | IP=::1 | Path=ADS999002/GetAllRoleList | Message=POST /ADS999002/GetAllRoleList
2026-04-17 14:15:28 | INF | ACTION_TRACE | Acc=admin | Path=/ADS999002/GetAllRoleList | IP=::1 | Start=2026-04-17 14:15:28.064 | Elapsed=75ms | Status=Completed
2026-04-17 14:19:37 | WRN | No store type was specified for the decimal property 'OveMoney' on entity type 'HROvertime'. This will cause values to be silently truncated if they do not fit in the default precision and scale. Explicitly specify the SQL server column type that can accommodate all the values in 'OnModelCreating' using 'HasColumnType', specify precision and scale using 'HasPrecision', or configure a value converter using 'HasConversion'.
2026-04-17 14:19:37 | WRN | No store type was specified for the decimal property 'Wag1D1Hour' on entity type 'HRWage'. This will cause values to be silently truncated if they do not fit in the default precision and scale. Explicitly specify the SQL server column type that can accommodate all the values in 'OnModelCreating' using 'HasColumnType', specify precision and scale using 'HasPrecision', or configure a value converter using 'HasConversion'.
2026-04-17 14:19:37 | WRN | No store type was specified for the decimal property 'Wag2D1Hour' on entity type 'HRWage'. This will cause values to be silently truncated if they do not fit in the default precision and scale. Explicitly specify the SQL server column type that can accommodate all the values in 'OnModelCreating' using 'HasColumnType', specify precision and scale using 'HasPrecision', or configure a value converter using 'HasConversion'.
2026-04-17 14:19:37 | WRN | No store type was specified for the decimal property 'Wag4D3Hour' on entity type 'HRWage'. This will cause values to be silently truncated if they do not fit in the default precision and scale. Explicitly specify the SQL server column type that can accommodate all the values in 'OnModelCreating' using 'HasColumnType', specify precision and scale using 'HasPrecision', or configure a value converter using 'HasConversion'.
2026-04-17 14:19:37 | WRN | No store type was specified for the decimal property 'Wag5D3Hour' on entity type 'HRWage'. This will cause values to be silently truncated if they do not fit in the default precision and scale. Explicitly specify the SQL server column type that can accommodate all the values in 'OnModelCreating' using 'HasColumnType', specify precision and scale using 'HasPrecision', or configure a value converter using 'HasConversion'.
2026-04-17 14:19:37 | WRN | No store type was specified for the decimal property 'Wag8D3Hour' on entity type 'HRWage'. This will cause values to be silently truncated if they do not fit in the default precision and scale. Explicitly specify the SQL server column type that can accommodate all the values in 'OnModelCreating' using 'HasColumnType', specify precision and scale using 'HasPrecision', or configure a value converter using 'HasConversion'.
2026-04-17 14:19:37 | WRN | No store type was specified for the decimal property 'WagApplyHour' on entity type 'HRWage'. This will cause values to be silently truncated if they do not fit in the default precision and scale. Explicitly specify the SQL server column type that can accommodate all the values in 'OnModelCreating' using 'HasColumnType', specify precision and scale using 'HasPrecision', or configure a value converter using 'HasConversion'.
2026-04-17 14:19:37 | WRN | No store type was specified for the decimal property 'WagIssueHour' on entity type 'HRWage'. This will cause values to be silently truncated if they do not fit in the default precision and scale. Explicitly specify the SQL server column type that can accommodate all the values in 'OnModelCreating' using 'HasColumnType', specify precision and scale using 'HasPrecision', or configure a value converter using 'HasConversion'.
2026-04-17 14:19:37 | WRN | No store type was specified for the decimal property 'WagSubtotal' on entity type 'HRWage'. This will cause values to be silently truncated if they do not fit in the default precision and scale. Explicitly specify the SQL server column type that can accommodate all the values in 'OnModelCreating' using 'HasColumnType', specify precision and scale using 'HasPrecision', or configure a value converter using 'HasConversion'.
2026-04-17 14:19:42 | WRN | The query uses the 'First'/'FirstOrDefault' operator without 'OrderBy' and filter operators. This may lead to unpredictable results.
2026-04-17 14:19:43 | INF | ACTION_TRACE | Acc=admin | Path=/ | IP=::1 | Start=2026-04-17 14:19:37.011 | Elapsed=6891ms | Status=Completed
2026-04-17 14:19:43 | INF | NETWORK_UNSTABLE | Acc=admin | Path=/ | Reason=SlowRequest 6891ms
2026-04-17 14:19:44 | INF | ACTION_TRACE | Acc=admin | Path=/Captcha/Generate | IP=::1 | Start=2026-04-17 14:19:44.075 | Elapsed=38ms | Status=Completed
2026-04-17 14:19:44 | INF | ACTION_TRACE | Acc=admin | Path=/DNTCaptchaImage/Show | IP=::1 | Start=2026-04-17 14:19:44.136 | Elapsed=116ms | Status=Completed
2026-04-17 14:19:46 | INF | ACTION_TRACE | Acc=admin | Path=/AdminPortal/Account/Login | IP=::1 | Start=2026-04-17 14:19:46.005 | Elapsed=113ms | Status=Completed
2026-04-17 14:19:46 | INF | ACTION_TRACE | Acc=admin | Path=/Captcha/Generate | IP=::1 | Start=2026-04-17 14:19:46.253 | Elapsed=6ms | Status=Completed
2026-04-17 14:19:46 | INF | ACTION_TRACE | Acc=admin | Path=/DNTCaptchaImage/Show | IP=::1 | Start=2026-04-17 14:19:46.267 | Elapsed=192ms | Status=Completed
2026-04-17 14:19:56 | INF | ACTION_TRACE | Acc=admin | Path=/AdminPortal/Account/Login | IP=::1 | Start=2026-04-17 14:19:49.179 | Elapsed=6868ms | Status=Completed
2026-04-17 14:19:56 | INF | NETWORK_UNSTABLE | Acc=admin | Path=/AdminPortal/Account/Login | Reason=SlowRequest 6868ms
2026-04-17 14:19:56 | INF | ACTION_TRACE | Acc=admin | Path=/AdminPortal/Home/Index | IP=::1 | Start=2026-04-17 14:19:56.060 | Elapsed=124ms | Status=Completed
2026-04-17 14:20:00 | INF | CONTROLLER_EXEC | Acc= admin | IP=::1 | Path=ADS999002/ADS999002 | Message=GET /ADS999002/ADS999002
2026-04-17 14:20:00 | INF | ACTION_TRACE | Acc=admin | Path=/ADS999002/ADS999002 | IP=::1 | Start=2026-04-17 14:20:00.068 | Elapsed=65ms | Status=Completed
2026-04-17 14:20:00 | INF | CONTROLLER_EXEC | Acc= admin | IP=::1 | Path=ADS999002/GetAllRoleList | Message=POST /ADS999002/GetAllRoleList
2026-04-17 14:20:00 | INF | ACTION_TRACE | Acc=admin | Path=/ADS999002/GetAllRoleList | IP=::1 | Start=2026-04-17 14:20:00.176 | Elapsed=59ms | Status=Completed
2026-04-17 14:20:01 | INF | CONTROLLER_EXEC | Acc= admin | IP=::1 | Path=ADS999002/GetPermission | Message=POST /ADS999002/GetPermission
2026-04-17 14:20:01 | INF | ACTION_TRACE | Acc=admin | Path=/ADS999002/GetPermission | IP=::1 | Start=2026-04-17 14:20:01.945 | Elapsed=48ms | Status=Completed
2026-04-17 14:20:23 | INF | ACTION_TRACE | Acc=admin | Path=/AdminPortal/Home/Index | IP=::1 | Start=2026-04-17 14:20:23.206 | Elapsed=17ms | Status=Completed
2026-04-17 14:20:27 | INF | CONTROLLER_EXEC | Acc= admin | IP=::1 | Path=ADS999002/ADS999002 | Message=GET /ADS999002/ADS999002
2026-04-17 14:20:27 | INF | ACTION_TRACE | Acc=admin | Path=/ADS999002/ADS999002 | IP=::1 | Start=2026-04-17 14:20:27.410 | Elapsed=4ms | Status=Completed
2026-04-17 14:20:27 | INF | CONTROLLER_EXEC | Acc= admin | IP=::1 | Path=ADS999002/GetAllRoleList | Message=POST /ADS999002/GetAllRoleList
2026-04-17 14:20:27 | INF | ACTION_TRACE | Acc=admin | Path=/ADS999002/GetAllRoleList | IP=::1 | Start=2026-04-17 14:20:27.443 | Elapsed=4ms | Status=Completed
2026-04-17 14:20:28 | INF | CONTROLLER_EXEC | Acc= admin | IP=::1 | Path=ADS999002/GetPermission | Message=POST /ADS999002/GetPermission
2026-04-17 14:20:28 | INF | ACTION_TRACE | Acc=admin | Path=/ADS999002/GetPermission | IP=::1 | Start=2026-04-17 14:20:28.785 | Elapsed=10ms | Status=Completed
2026-04-17 14:20:37 | INF | CONTROLLER_EXEC | Acc= admin | IP=::1 | Path=ADS999002/ADS999002 | Message=GET /ADS999002/ADS999002
2026-04-17 14:20:37 | INF | ACTION_TRACE | Acc=admin | Path=/ADS999002/ADS999002 | IP=::1 | Start=2026-04-17 14:20:37.905 | Elapsed=5ms | Status=Completed
2026-04-17 14:20:37 | INF | CONTROLLER_EXEC | Acc= admin | IP=::1 | Path=ADS999002/GetAllRoleList | Message=POST /ADS999002/GetAllRoleList
2026-04-17 14:20:37 | INF | ACTION_TRACE | Acc=admin | Path=/ADS999002/GetAllRoleList | IP=::1 | Start=2026-04-17 14:20:37.927 | Elapsed=3ms | Status=Completed
2026-04-17 14:20:38 | INF | CONTROLLER_EXEC | Acc= admin | IP=::1 | Path=ADS999002/GetPermission | Message=POST /ADS999002/GetPermission
2026-04-17 14:20:38 | INF | ACTION_TRACE | Acc=admin | Path=/ADS999002/GetPermission | IP=::1 | Start=2026-04-17 14:20:38.988 | Elapsed=3ms | Status=Completed
2026-04-17 14:20:46 | INF | CONTROLLER_EXEC | Acc= admin | IP=::1 | Path=ADS999002/GetPeople | Message=POST /ADS999002/GetPeople
2026-04-17 14:20:46 | INF | ACTION_TRACE | Acc=admin | Path=/ADS999002/GetPeople | IP=::1 | Start=2026-04-17 14:20:46.753 | Elapsed=38ms | Status=Completed
2026-04-17 14:20:47 | INF | CONTROLLER_EXEC | Acc= admin | IP=::1 | Path=ADS999002/GetPeople | Message=POST /ADS999002/GetPeople
2026-04-17 14:20:47 | INF | ACTION_TRACE | Acc=admin | Path=/ADS999002/GetPeople | IP=::1 | Start=2026-04-17 14:20:47.828 | Elapsed=3ms | Status=Completed
2026-04-17 14:20:50 | INF | CONTROLLER_EXEC | Acc= admin | IP=::1 | Path=ADS999002/GetPermission | Message=POST /ADS999002/GetPermission
2026-04-17 14:20:50 | INF | ACTION_TRACE | Acc=admin | Path=/ADS999002/GetPermission | IP=::1 | Start=2026-04-17 14:20:50.731 | Elapsed=3ms | Status=Completed
2026-04-17 14:20:56 | INF | CONTROLLER_EXEC | Acc= admin | IP=::1 | Path=ADS999002/UpdatePermission | Message=POST /ADS999002/UpdatePermission
2026-04-17 14:20:56 | INF | ACTION_TRACE | Acc=admin | Path=/ADS999002/UpdatePermission | IP=::1 | Start=2026-04-17 14:20:51.750 | Elapsed=5096ms | Status=Completed
2026-04-17 14:20:56 | INF | NETWORK_UNSTABLE | Acc=admin | Path=/ADS999002/UpdatePermission | Reason=SlowRequest 5096ms
2026-04-17 14:21:08 | INF | CONTROLLER_EXEC | Acc= admin | IP=::1 | Path=ADS999002/GetPermission | Message=POST /ADS999002/GetPermission
2026-04-17 14:21:08 | INF | ACTION_TRACE | Acc=admin | Path=/ADS999002/GetPermission | IP=::1 | Start=2026-04-17 14:21:08.577 | Elapsed=3ms | Status=Completed
2026-04-17 14:21:16 | INF | CONTROLLER_EXEC | Acc= admin | IP=::1 | Path=ADS999002/ADS999002 | Message=GET /ADS999002/ADS999002
2026-04-17 14:21:16 | INF | ACTION_TRACE | Acc=admin | Path=/ADS999002/ADS999002 | IP=::1 | Start=2026-04-17 14:21:16.326 | Elapsed=3ms | Status=Completed
2026-04-17 14:21:16 | INF | CONTROLLER_EXEC | Acc= admin | IP=::1 | Path=ADS999002/GetAllRoleList | Message=POST /ADS999002/GetAllRoleList
2026-04-17 14:21:16 | INF | ACTION_TRACE | Acc=admin | Path=/ADS999002/GetAllRoleList | IP=::1 | Start=2026-04-17 14:21:16.346 | Elapsed=6ms | Status=Completed
2026-04-17 14:21:18 | INF | ACTION_TRACE | Acc=admin | Path=/ADS999003/ADS999003 | IP=::1 | Start=2026-04-17 14:21:18.408 | Elapsed=0ms | Status=Completed
