2026-05-14 08:12:50 | INF | ACTION_TRACE | Acc=admin | Path=/Home/Index | IP=::1 | Start=2026-05-14 08:12:50.135 | Elapsed=575ms | Status=Completed
2026-05-14 08:13:54 | INF | ACTION_TRACE | Acc=admin | Path=/Home/GetMenu | IP=::1 | Start=2026-05-14 08:13:54.191 | Elapsed=44ms | Status=Completed
2026-05-14 08:13:56 | INF | ACTION_TRACE | Acc=admin | Path=/Home/GetMenu | IP=::1 | Start=2026-05-14 08:13:56.354 | Elapsed=35ms | Status=Completed
2026-05-14 08:14:03 | INF | CONTROLLER_EXEC | Acc= admin | IP=::1 | Path=SYS202100/SYS202100 | Message=GET /SYS202100/SYS202100
2026-05-14 08:14:03 | INF | ACTION_TRACE | Acc=admin | Path=/SYS202100/SYS202100 | IP=::1 | Start=2026-05-14 08:14:03.524 | Elapsed=358ms | Status=Completed
2026-05-14 08:14:04 | INF | CONTROLLER_EXEC | Acc= admin | IP=::1 | Path=SYS202100/GetList | Message=POST /SYS202100/GetList
2026-05-14 08:14:04 | INF | ACTION_TRACE | Acc=admin | Path=/SYS202100/GetList | IP=::1 | Start=2026-05-14 08:14:03.943 | Elapsed=288ms | Status=Completed
2026-05-14 08:14:04 | INF | CONTROLLER_EXEC | Acc= admin | IP=::1 | Path=SYS202100/GetList | Message=POST /SYS202100/GetList
2026-05-14 08:14:04 | INF | ACTION_TRACE | Acc=admin | Path=/SYS202100/GetList | IP=::1 | Start=2026-05-14 08:14:04.283 | Elapsed=203ms | Status=Completed
2026-05-14 08:14:09 | INF | CONTROLLER_EXEC | Acc= admin | IP=::1 | Path=SYS202100/GetByVariable | Message=GET /SYS202100/GetByVariable
2026-05-14 08:14:09 | INF | ACTION_TRACE | Acc=admin | Path=/SYS202100/GetByVariable | IP=::1 | Start=2026-05-14 08:14:08.995 | Elapsed=69ms | Status=Completed
2026-05-14 08:14:10 | ERR | An exception occurred in the database while saving changes for context type 'EHRIS.Core.DbContext.ApplicationDbContext'.
Microsoft.EntityFrameworkCore.DbUpdateException: An error occurred while saving the entity changes. See the inner exception for details.
 ---> Microsoft.Data.SqlClient.SqlException (0x80131904): 無法插入 NULL 值到資料行 'arg_createname'，資料表 'EHRIS.dbo.arguments'; 資料行不得有 Null。UPDATE 失敗。
   at Microsoft.Data.SqlClient.SqlConnection.OnError(SqlException exception, Boolean breakConnection, Action`1 wrapCloseInAction)
   at Microsoft.Data.SqlClient.SqlInternalConnection.OnError(SqlException exception, Boolean breakConnection, Action`1 wrapCloseInAction)
   at Microsoft.Data.SqlClient.TdsParser.ThrowExceptionAndWarning(TdsParserStateObject stateObj, SqlCommand command, Boolean callerHasConnectionLock, Boolean asyncClose)
   at Microsoft.Data.SqlClient.TdsParser.TryRun(RunBehavior runBehavior, SqlCommand cmdHandler, SqlDataReader dataStream, BulkCopySimpleResultSet bulkCopyHandler, TdsParserStateObject stateObj, Boolean& dataReady)
   at Microsoft.Data.SqlClient.SqlDataReader.TryHasMoreRows(Boolean& moreRows)
   at Microsoft.Data.SqlClient.SqlDataReader.TryReadInternal(Boolean setTimeout, Boolean& more)
   at Microsoft.Data.SqlClient.SqlDataReader.ReadAsyncExecute(Task task, Object state)
   at Microsoft.Data.SqlClient.SqlDataReader.InvokeAsyncCall[T](SqlDataReaderBaseAsyncCallContext`1 context)
--- End of stack trace from previous location ---
   at Microsoft.EntityFrameworkCore.Update.AffectedCountModificationCommandBatch.ConsumeResultSetWithRowsAffectedOnlyAsync(Int32 commandIndex, RelationalDataReader reader, CancellationToken cancellationToken)
   at Microsoft.EntityFrameworkCore.Update.AffectedCountModificationCommandBatch.ConsumeAsync(RelationalDataReader reader, CancellationToken cancellationToken)
ClientConnectionId:05228356-57ad-419a-ab98-b957121140c6
Error Number:515,State:2,Class:16
   --- End of inner exception stack trace ---
   at Microsoft.EntityFrameworkCore.Update.AffectedCountModificationCommandBatch.ConsumeAsync(RelationalDataReader reader, CancellationToken cancellationToken)
   at Microsoft.EntityFrameworkCore.Update.ReaderModificationCommandBatch.ExecuteAsync(IRelationalConnection connection, CancellationToken cancellationToken)
   at Microsoft.EntityFrameworkCore.Update.ReaderModificationCommandBatch.ExecuteAsync(IRelationalConnection connection, CancellationToken cancellationToken)
   at Microsoft.EntityFrameworkCore.SqlServer.Update.Internal.SqlServerModificationCommandBatch.ExecuteAsync(IRelationalConnection connection, CancellationToken cancellationToken)
   at Microsoft.EntityFrameworkCore.Update.Internal.BatchExecutor.ExecuteAsync(IEnumerable`1 commandBatches, IRelationalConnection connection, CancellationToken cancellationToken)
   at Microsoft.EntityFrameworkCore.Update.Internal.BatchExecutor.ExecuteAsync(IEnumerable`1 commandBatches, IRelationalConnection connection, CancellationToken cancellationToken)
   at Microsoft.EntityFrameworkCore.Update.Internal.BatchExecutor.ExecuteAsync(IEnumerable`1 commandBatches, IRelationalConnection connection, CancellationToken cancellationToken)
   at Microsoft.EntityFrameworkCore.Storage.RelationalDatabase.SaveChangesAsync(IList`1 entries, CancellationToken cancellationToken)
   at Microsoft.EntityFrameworkCore.ChangeTracking.Internal.StateManager.SaveChangesAsync(IList`1 entriesToSave, CancellationToken cancellationToken)
   at Microsoft.EntityFrameworkCore.ChangeTracking.Internal.StateManager.SaveChangesAsync(StateManager stateManager, Boolean acceptAllChangesOnSuccess, CancellationToken cancellationToken)
   at Microsoft.EntityFrameworkCore.Storage.ExecutionStrategy.<>c__DisplayClass30_0`2.<<ExecuteAsync>b__0>d.MoveNext()
--- End of stack trace from previous location ---
   at Microsoft.EntityFrameworkCore.Storage.ExecutionStrategy.ExecuteImplementationAsync[TState,TResult](Func`4 operation, Func`4 verifySucceeded, TState state, CancellationToken cancellationToken)
   at Microsoft.EntityFrameworkCore.Storage.ExecutionStrategy.ExecuteImplementationAsync[TState,TResult](Func`4 operation, Func`4 verifySucceeded, TState state, CancellationToken cancellationToken)
   at Microsoft.EntityFrameworkCore.Storage.ExecutionStrategy.ExecuteAsync[TState,TResult](TState state, Func`4 operation, Func`4 verifySucceeded, CancellationToken cancellationToken)
   at Microsoft.EntityFrameworkCore.DbContext.SaveChangesAsync(Boolean acceptAllChangesOnSuccess, CancellationToken cancellationToken)
2026-05-14 08:14:11 | INF | CONTROLLER_EXEC | Acc= admin | IP=::1 | Path=SYS202100/Update | Message=POST /SYS202100/Update
2026-05-14 08:14:11 | INF | ACTION_TRACE | Acc=admin | Path=/SYS202100/Update | IP=::1 | Start=2026-05-14 08:14:10.391 | Elapsed=808ms | Status=Completed
2026-05-14 08:14:56 | ERR | An exception occurred in the database while saving changes for context type 'EHRIS.Core.DbContext.ApplicationDbContext'.
Microsoft.EntityFrameworkCore.DbUpdateException: An error occurred while saving the entity changes. See the inner exception for details.
 ---> Microsoft.Data.SqlClient.SqlException (0x80131904): 無法插入 NULL 值到資料行 'arg_createname'，資料表 'EHRIS.dbo.arguments'; 資料行不得有 Null。UPDATE 失敗。
   at Microsoft.Data.SqlClient.SqlConnection.OnError(SqlException exception, Boolean breakConnection, Action`1 wrapCloseInAction)
   at Microsoft.Data.SqlClient.SqlInternalConnection.OnError(SqlException exception, Boolean breakConnection, Action`1 wrapCloseInAction)
   at Microsoft.Data.SqlClient.TdsParser.ThrowExceptionAndWarning(TdsParserStateObject stateObj, SqlCommand command, Boolean callerHasConnectionLock, Boolean asyncClose)
   at Microsoft.Data.SqlClient.TdsParser.TryRun(RunBehavior runBehavior, SqlCommand cmdHandler, SqlDataReader dataStream, BulkCopySimpleResultSet bulkCopyHandler, TdsParserStateObject stateObj, Boolean& dataReady)
   at Microsoft.Data.SqlClient.SqlDataReader.TryHasMoreRows(Boolean& moreRows)
   at Microsoft.Data.SqlClient.SqlDataReader.TryReadInternal(Boolean setTimeout, Boolean& more)
   at Microsoft.Data.SqlClient.SqlDataReader.ReadAsyncExecute(Task task, Object state)
   at Microsoft.Data.SqlClient.SqlDataReader.InvokeAsyncCall[T](SqlDataReaderBaseAsyncCallContext`1 context)
--- End of stack trace from previous location ---
   at Microsoft.EntityFrameworkCore.Update.AffectedCountModificationCommandBatch.ConsumeResultSetWithRowsAffectedOnlyAsync(Int32 commandIndex, RelationalDataReader reader, CancellationToken cancellationToken)
   at Microsoft.EntityFrameworkCore.Update.AffectedCountModificationCommandBatch.ConsumeAsync(RelationalDataReader reader, CancellationToken cancellationToken)
ClientConnectionId:05228356-57ad-419a-ab98-b957121140c6
Error Number:515,State:2,Class:16
   --- End of inner exception stack trace ---
   at Microsoft.EntityFrameworkCore.Update.AffectedCountModificationCommandBatch.ConsumeAsync(RelationalDataReader reader, CancellationToken cancellationToken)
   at Microsoft.EntityFrameworkCore.Update.ReaderModificationCommandBatch.ExecuteAsync(IRelationalConnection connection, CancellationToken cancellationToken)
   at Microsoft.EntityFrameworkCore.Update.ReaderModificationCommandBatch.ExecuteAsync(IRelationalConnection connection, CancellationToken cancellationToken)
   at Microsoft.EntityFrameworkCore.SqlServer.Update.Internal.SqlServerModificationCommandBatch.ExecuteAsync(IRelationalConnection connection, CancellationToken cancellationToken)
   at Microsoft.EntityFrameworkCore.Update.Internal.BatchExecutor.ExecuteAsync(IEnumerable`1 commandBatches, IRelationalConnection connection, CancellationToken cancellationToken)
   at Microsoft.EntityFrameworkCore.Update.Internal.BatchExecutor.ExecuteAsync(IEnumerable`1 commandBatches, IRelationalConnection connection, CancellationToken cancellationToken)
   at Microsoft.EntityFrameworkCore.Update.Internal.BatchExecutor.ExecuteAsync(IEnumerable`1 commandBatches, IRelationalConnection connection, CancellationToken cancellationToken)
   at Microsoft.EntityFrameworkCore.Storage.RelationalDatabase.SaveChangesAsync(IList`1 entries, CancellationToken cancellationToken)
   at Microsoft.EntityFrameworkCore.ChangeTracking.Internal.StateManager.SaveChangesAsync(IList`1 entriesToSave, CancellationToken cancellationToken)
   at Microsoft.EntityFrameworkCore.ChangeTracking.Internal.StateManager.SaveChangesAsync(StateManager stateManager, Boolean acceptAllChangesOnSuccess, CancellationToken cancellationToken)
   at Microsoft.EntityFrameworkCore.Storage.ExecutionStrategy.<>c__DisplayClass30_0`2.<<ExecuteAsync>b__0>d.MoveNext()
--- End of stack trace from previous location ---
   at Microsoft.EntityFrameworkCore.Storage.ExecutionStrategy.ExecuteImplementationAsync[TState,TResult](Func`4 operation, Func`4 verifySucceeded, TState state, CancellationToken cancellationToken)
   at Microsoft.EntityFrameworkCore.Storage.ExecutionStrategy.ExecuteImplementationAsync[TState,TResult](Func`4 operation, Func`4 verifySucceeded, TState state, CancellationToken cancellationToken)
   at Microsoft.EntityFrameworkCore.Storage.ExecutionStrategy.ExecuteAsync[TState,TResult](TState state, Func`4 operation, Func`4 verifySucceeded, CancellationToken cancellationToken)
   at Microsoft.EntityFrameworkCore.DbContext.SaveChangesAsync(Boolean acceptAllChangesOnSuccess, CancellationToken cancellationToken)
2026-05-14 08:14:56 | INF | CONTROLLER_EXEC | Acc= admin | IP=::1 | Path=SYS202100/Update | Message=POST /SYS202100/Update
2026-05-14 08:14:56 | INF | ACTION_TRACE | Acc=admin | Path=/SYS202100/Update | IP=::1 | Start=2026-05-14 08:14:56.537 | Elapsed=168ms | Status=Completed
2026-05-14 08:14:57 | INF | CONTROLLER_EXEC | Acc= admin | IP=::1 | Path=SYS202100/GetList | Message=POST /SYS202100/GetList
2026-05-14 08:14:57 | INF | ACTION_TRACE | Acc=admin | Path=/SYS202100/GetList | IP=::1 | Start=2026-05-14 08:14:57.686 | Elapsed=5ms | Status=Completed
2026-05-14 08:14:57 | INF | ACTION_TRACE | Acc=admin | Path=/.well-known/appspecific/com.chrome.devtools.json | IP=::1 | Start=2026-05-14 08:14:57.818 | Elapsed=0ms | Status=Completed
2026-05-14 08:14:57 | INF | ACTION_TRACE | Acc=admin | Path=/lib/html-to-image/html-to-image.js.map | IP=::1 | Start=2026-05-14 08:14:57.841 | Elapsed=0ms | Status=Completed
2026-05-14 08:17:15 | INF | CONTROLLER_EXEC | Acc= admin | IP=::1 | Path=SYS202100/GetList | Message=POST /SYS202100/GetList
2026-05-14 08:17:15 | INF | ACTION_TRACE | Acc=admin | Path=/SYS202100/GetList | IP=::1 | Start=2026-05-14 08:17:15.669 | Elapsed=19ms | Status=Completed
2026-05-14 08:17:15 | INF | CONTROLLER_EXEC | Acc= admin | IP=::1 | Path=SYS202100/GetList | Message=POST /SYS202100/GetList
2026-05-14 08:17:15 | INF | ACTION_TRACE | Acc=admin | Path=/SYS202100/GetList | IP=::1 | Start=2026-05-14 08:17:15.718 | Elapsed=5ms | Status=Completed
2026-05-14 08:17:15 | INF | CONTROLLER_EXEC | Acc= admin | IP=::1 | Path=SYS202100/GetList | Message=POST /SYS202100/GetList
2026-05-14 08:17:15 | INF | ACTION_TRACE | Acc=admin | Path=/SYS202100/GetList | IP=::1 | Start=2026-05-14 08:17:15.803 | Elapsed=16ms | Status=Completed
2026-05-14 08:17:19 | INF | CONTROLLER_EXEC | Acc= admin | IP=::1 | Path=SYS202100/GetList | Message=POST /SYS202100/GetList
2026-05-14 08:17:19 | INF | ACTION_TRACE | Acc=admin | Path=/SYS202100/GetList | IP=::1 | Start=2026-05-14 08:17:19.827 | Elapsed=7ms | Status=Completed
2026-05-14 08:17:19 | INF | CONTROLLER_EXEC | Acc= admin | IP=::1 | Path=SYS202100/GetList | Message=POST /SYS202100/GetList
2026-05-14 08:17:19 | INF | ACTION_TRACE | Acc=admin | Path=/SYS202100/GetList | IP=::1 | Start=2026-05-14 08:17:19.869 | Elapsed=5ms | Status=Completed
2026-05-14 08:17:19 | INF | CONTROLLER_EXEC | Acc= admin | IP=::1 | Path=SYS202100/GetList | Message=POST /SYS202100/GetList
2026-05-14 08:17:19 | INF | ACTION_TRACE | Acc=admin | Path=/SYS202100/GetList | IP=::1 | Start=2026-05-14 08:17:19.906 | Elapsed=6ms | Status=Completed
2026-05-14 08:17:19 | INF | CONTROLLER_EXEC | Acc= admin | IP=::1 | Path=SYS202100/GetList | Message=POST /SYS202100/GetList
2026-05-14 08:17:19 | INF | ACTION_TRACE | Acc=admin | Path=/SYS202100/GetList | IP=::1 | Start=2026-05-14 08:17:19.952 | Elapsed=5ms | Status=Completed
2026-05-14 08:17:20 | INF | CONTROLLER_EXEC | Acc= admin | IP=::1 | Path=SYS202100/GetList | Message=POST /SYS202100/GetList
2026-05-14 08:17:20 | INF | ACTION_TRACE | Acc=admin | Path=/SYS202100/GetList | IP=::1 | Start=2026-05-14 08:17:20.011 | Elapsed=5ms | Status=Completed
2026-05-14 08:17:20 | INF | CONTROLLER_EXEC | Acc= admin | IP=::1 | Path=SYS202100/GetList | Message=POST /SYS202100/GetList
2026-05-14 08:17:20 | INF | ACTION_TRACE | Acc=admin | Path=/SYS202100/GetList | IP=::1 | Start=2026-05-14 08:17:20.071 | Elapsed=5ms | Status=Completed
2026-05-14 08:17:20 | INF | CONTROLLER_EXEC | Acc= admin | IP=::1 | Path=SYS202100/GetList | Message=POST /SYS202100/GetList
2026-05-14 08:17:20 | INF | ACTION_TRACE | Acc=admin | Path=/SYS202100/GetList | IP=::1 | Start=2026-05-14 08:17:20.116 | Elapsed=5ms | Status=Completed
2026-05-14 08:17:20 | INF | CONTROLLER_EXEC | Acc= admin | IP=::1 | Path=SYS202100/GetList | Message=POST /SYS202100/GetList
2026-05-14 08:17:20 | INF | ACTION_TRACE | Acc=admin | Path=/SYS202100/GetList | IP=::1 | Start=2026-05-14 08:17:20.171 | Elapsed=7ms | Status=Completed
2026-05-14 08:17:20 | INF | CONTROLLER_EXEC | Acc= admin | IP=::1 | Path=SYS202100/GetList | Message=POST /SYS202100/GetList
2026-05-14 08:17:20 | INF | ACTION_TRACE | Acc=admin | Path=/SYS202100/GetList | IP=::1 | Start=2026-05-14 08:17:20.206 | Elapsed=6ms | Status=Completed
2026-05-14 08:17:20 | INF | CONTROLLER_EXEC | Acc= admin | IP=::1 | Path=SYS202100/GetList | Message=POST /SYS202100/GetList
2026-05-14 08:17:20 | INF | ACTION_TRACE | Acc=admin | Path=/SYS202100/GetList | IP=::1 | Start=2026-05-14 08:17:20.243 | Elapsed=5ms | Status=Completed
2026-05-14 08:17:20 | INF | CONTROLLER_EXEC | Acc= admin | IP=::1 | Path=SYS202100/GetList | Message=POST /SYS202100/GetList
2026-05-14 08:17:20 | INF | ACTION_TRACE | Acc=admin | Path=/SYS202100/GetList | IP=::1 | Start=2026-05-14 08:17:20.284 | Elapsed=6ms | Status=Completed
2026-05-14 08:17:20 | INF | CONTROLLER_EXEC | Acc= admin | IP=::1 | Path=SYS202100/GetList | Message=POST /SYS202100/GetList
2026-05-14 08:17:20 | INF | ACTION_TRACE | Acc=admin | Path=/SYS202100/GetList | IP=::1 | Start=2026-05-14 08:17:20.334 | Elapsed=4ms | Status=Completed
2026-05-14 08:17:20 | INF | CONTROLLER_EXEC | Acc= admin | IP=::1 | Path=SYS202100/GetList | Message=POST /SYS202100/GetList
2026-05-14 08:17:20 | INF | ACTION_TRACE | Acc=admin | Path=/SYS202100/GetList | IP=::1 | Start=2026-05-14 08:17:20.397 | Elapsed=4ms | Status=Completed
2026-05-14 08:17:48 | ERR | An exception occurred in the database while saving changes for context type 'EHRIS.Core.DbContext.ApplicationDbContext'.
Microsoft.EntityFrameworkCore.DbUpdateException: An error occurred while saving the entity changes. See the inner exception for details.
 ---> Microsoft.Data.SqlClient.SqlException (0x80131904): 無法插入 NULL 值到資料行 'arg_createname'，資料表 'EHRIS.dbo.arguments'; 資料行不得有 Null。UPDATE 失敗。
   at Microsoft.Data.SqlClient.SqlConnection.OnError(SqlException exception, Boolean breakConnection, Action`1 wrapCloseInAction)
   at Microsoft.Data.SqlClient.SqlInternalConnection.OnError(SqlException exception, Boolean breakConnection, Action`1 wrapCloseInAction)
   at Microsoft.Data.SqlClient.TdsParser.ThrowExceptionAndWarning(TdsParserStateObject stateObj, SqlCommand command, Boolean callerHasConnectionLock, Boolean asyncClose)
   at Microsoft.Data.SqlClient.TdsParser.TryRun(RunBehavior runBehavior, SqlCommand cmdHandler, SqlDataReader dataStream, BulkCopySimpleResultSet bulkCopyHandler, TdsParserStateObject stateObj, Boolean& dataReady)
   at Microsoft.Data.SqlClient.SqlDataReader.TryHasMoreRows(Boolean& moreRows)
   at Microsoft.Data.SqlClient.SqlDataReader.TryReadInternal(Boolean setTimeout, Boolean& more)
   at Microsoft.Data.SqlClient.SqlDataReader.ReadAsyncExecute(Task task, Object state)
   at Microsoft.Data.SqlClient.SqlDataReader.InvokeAsyncCall[T](SqlDataReaderBaseAsyncCallContext`1 context)
--- End of stack trace from previous location ---
   at Microsoft.EntityFrameworkCore.Update.AffectedCountModificationCommandBatch.ConsumeResultSetWithRowsAffectedOnlyAsync(Int32 commandIndex, RelationalDataReader reader, CancellationToken cancellationToken)
   at Microsoft.EntityFrameworkCore.Update.AffectedCountModificationCommandBatch.ConsumeAsync(RelationalDataReader reader, CancellationToken cancellationToken)
ClientConnectionId:05228356-57ad-419a-ab98-b957121140c6
Error Number:515,State:2,Class:16
   --- End of inner exception stack trace ---
   at Microsoft.EntityFrameworkCore.Update.AffectedCountModificationCommandBatch.ConsumeAsync(RelationalDataReader reader, CancellationToken cancellationToken)
   at Microsoft.EntityFrameworkCore.Update.ReaderModificationCommandBatch.ExecuteAsync(IRelationalConnection connection, CancellationToken cancellationToken)
   at Microsoft.EntityFrameworkCore.Update.ReaderModificationCommandBatch.ExecuteAsync(IRelationalConnection connection, CancellationToken cancellationToken)
   at Microsoft.EntityFrameworkCore.SqlServer.Update.Internal.SqlServerModificationCommandBatch.ExecuteAsync(IRelationalConnection connection, CancellationToken cancellationToken)
   at Microsoft.EntityFrameworkCore.Update.Internal.BatchExecutor.ExecuteAsync(IEnumerable`1 commandBatches, IRelationalConnection connection, CancellationToken cancellationToken)
   at Microsoft.EntityFrameworkCore.Update.Internal.BatchExecutor.ExecuteAsync(IEnumerable`1 commandBatches, IRelationalConnection connection, CancellationToken cancellationToken)
   at Microsoft.EntityFrameworkCore.Update.Internal.BatchExecutor.ExecuteAsync(IEnumerable`1 commandBatches, IRelationalConnection connection, CancellationToken cancellationToken)
   at Microsoft.EntityFrameworkCore.Storage.RelationalDatabase.SaveChangesAsync(IList`1 entries, CancellationToken cancellationToken)
   at Microsoft.EntityFrameworkCore.ChangeTracking.Internal.StateManager.SaveChangesAsync(IList`1 entriesToSave, CancellationToken cancellationToken)
   at Microsoft.EntityFrameworkCore.ChangeTracking.Internal.StateManager.SaveChangesAsync(StateManager stateManager, Boolean acceptAllChangesOnSuccess, CancellationToken cancellationToken)
   at Microsoft.EntityFrameworkCore.Storage.ExecutionStrategy.<>c__DisplayClass30_0`2.<<ExecuteAsync>b__0>d.MoveNext()
--- End of stack trace from previous location ---
   at Microsoft.EntityFrameworkCore.Storage.ExecutionStrategy.ExecuteImplementationAsync[TState,TResult](Func`4 operation, Func`4 verifySucceeded, TState state, CancellationToken cancellationToken)
   at Microsoft.EntityFrameworkCore.Storage.ExecutionStrategy.ExecuteImplementationAsync[TState,TResult](Func`4 operation, Func`4 verifySucceeded, TState state, CancellationToken cancellationToken)
   at Microsoft.EntityFrameworkCore.Storage.ExecutionStrategy.ExecuteAsync[TState,TResult](TState state, Func`4 operation, Func`4 verifySucceeded, CancellationToken cancellationToken)
   at Microsoft.EntityFrameworkCore.DbContext.SaveChangesAsync(Boolean acceptAllChangesOnSuccess, CancellationToken cancellationToken)
2026-05-14 08:17:49 | INF | CONTROLLER_EXEC | Acc= admin | IP=::1 | Path=SYS202100/Update | Message=POST /SYS202100/Update
2026-05-14 08:17:49 | INF | ACTION_TRACE | Acc=admin | Path=/SYS202100/Update | IP=::1 | Start=2026-05-14 08:17:48.940 | Elapsed=165ms | Status=Completed
2026-05-14 08:17:59 | INF | CONTROLLER_EXEC | Acc= admin | IP=::1 | Path=SYS202100/GetList | Message=POST /SYS202100/GetList
2026-05-14 08:17:59 | INF | ACTION_TRACE | Acc=admin | Path=/SYS202100/GetList | IP=::1 | Start=2026-05-14 08:17:59.880 | Elapsed=8ms | Status=Completed
2026-05-14 08:17:59 | INF | CONTROLLER_EXEC | Acc= admin | IP=::1 | Path=SYS202100/GetList | Message=POST /SYS202100/GetList
2026-05-14 08:17:59 | INF | ACTION_TRACE | Acc=admin | Path=/SYS202100/GetList | IP=::1 | Start=2026-05-14 08:17:59.939 | Elapsed=6ms | Status=Completed
2026-05-14 08:18:00 | INF | CONTROLLER_EXEC | Acc= admin | IP=::1 | Path=SYS202100/GetList | Message=POST /SYS202100/GetList
2026-05-14 08:18:00 | INF | ACTION_TRACE | Acc=admin | Path=/SYS202100/GetList | IP=::1 | Start=2026-05-14 08:18:00.005 | Elapsed=5ms | Status=Completed
2026-05-14 08:18:00 | INF | CONTROLLER_EXEC | Acc= admin | IP=::1 | Path=SYS202100/GetList | Message=POST /SYS202100/GetList
2026-05-14 08:18:00 | INF | ACTION_TRACE | Acc=admin | Path=/SYS202100/GetList | IP=::1 | Start=2026-05-14 08:18:00.069 | Elapsed=9ms | Status=Completed
2026-05-14 08:18:00 | INF | CONTROLLER_EXEC | Acc= admin | IP=::1 | Path=SYS202100/GetList | Message=POST /SYS202100/GetList
2026-05-14 08:18:00 | INF | ACTION_TRACE | Acc=admin | Path=/SYS202100/GetList | IP=::1 | Start=2026-05-14 08:18:00.113 | Elapsed=4ms | Status=Completed
2026-05-14 08:18:00 | INF | CONTROLLER_EXEC | Acc= admin | IP=::1 | Path=SYS202100/GetList | Message=POST /SYS202100/GetList
2026-05-14 08:18:00 | INF | ACTION_TRACE | Acc=admin | Path=/SYS202100/GetList | IP=::1 | Start=2026-05-14 08:18:00.162 | Elapsed=9ms | Status=Completed
2026-05-14 08:18:00 | INF | CONTROLLER_EXEC | Acc= admin | IP=::1 | Path=SYS202100/GetList | Message=POST /SYS202100/GetList
2026-05-14 08:18:00 | INF | ACTION_TRACE | Acc=admin | Path=/SYS202100/GetList | IP=::1 | Start=2026-05-14 08:18:00.205 | Elapsed=8ms | Status=Completed
2026-05-14 08:18:00 | INF | CONTROLLER_EXEC | Acc= admin | IP=::1 | Path=SYS202100/GetList | Message=POST /SYS202100/GetList
2026-05-14 08:18:00 | INF | ACTION_TRACE | Acc=admin | Path=/SYS202100/GetList | IP=::1 | Start=2026-05-14 08:18:00.262 | Elapsed=9ms | Status=Completed
2026-05-14 08:18:00 | INF | CONTROLLER_EXEC | Acc= admin | IP=::1 | Path=SYS202100/GetList | Message=POST /SYS202100/GetList
2026-05-14 08:18:00 | INF | ACTION_TRACE | Acc=admin | Path=/SYS202100/GetList | IP=::1 | Start=2026-05-14 08:18:00.318 | Elapsed=4ms | Status=Completed
2026-05-14 08:18:00 | INF | CONTROLLER_EXEC | Acc= admin | IP=::1 | Path=SYS202100/GetList | Message=POST /SYS202100/GetList
2026-05-14 08:18:00 | INF | ACTION_TRACE | Acc=admin | Path=/SYS202100/GetList | IP=::1 | Start=2026-05-14 08:18:00.377 | Elapsed=6ms | Status=Completed
2026-05-14 08:18:00 | INF | CONTROLLER_EXEC | Acc= admin | IP=::1 | Path=SYS202100/GetList | Message=POST /SYS202100/GetList
2026-05-14 08:18:00 | INF | ACTION_TRACE | Acc=admin | Path=/SYS202100/GetList | IP=::1 | Start=2026-05-14 08:18:00.432 | Elapsed=5ms | Status=Completed
2026-05-14 08:18:00 | INF | CONTROLLER_EXEC | Acc= admin | IP=::1 | Path=SYS202100/GetList | Message=POST /SYS202100/GetList
2026-05-14 08:18:00 | INF | ACTION_TRACE | Acc=admin | Path=/SYS202100/GetList | IP=::1 | Start=2026-05-14 08:18:00.461 | Elapsed=6ms | Status=Completed
2026-05-14 08:18:00 | INF | CONTROLLER_EXEC | Acc= admin | IP=::1 | Path=SYS202100/GetList | Message=POST /SYS202100/GetList
2026-05-14 08:18:00 | INF | ACTION_TRACE | Acc=admin | Path=/SYS202100/GetList | IP=::1 | Start=2026-05-14 08:18:00.495 | Elapsed=5ms | Status=Completed
2026-05-14 08:18:00 | INF | CONTROLLER_EXEC | Acc= admin | IP=::1 | Path=SYS202100/GetList | Message=POST /SYS202100/GetList
2026-05-14 08:18:00 | INF | ACTION_TRACE | Acc=admin | Path=/SYS202100/GetList | IP=::1 | Start=2026-05-14 08:18:00.644 | Elapsed=5ms | Status=Completed
2026-05-14 08:18:00 | INF | CONTROLLER_EXEC | Acc= admin | IP=::1 | Path=SYS202100/GetList | Message=POST /SYS202100/GetList
2026-05-14 08:18:00 | INF | ACTION_TRACE | Acc=admin | Path=/SYS202100/GetList | IP=::1 | Start=2026-05-14 08:18:00.674 | Elapsed=6ms | Status=Completed
2026-05-14 08:18:00 | INF | CONTROLLER_EXEC | Acc= admin | IP=::1 | Path=SYS202100/GetList | Message=POST /SYS202100/GetList
2026-05-14 08:18:00 | INF | ACTION_TRACE | Acc=admin | Path=/SYS202100/GetList | IP=::1 | Start=2026-05-14 08:18:00.735 | Elapsed=5ms | Status=Completed
2026-05-14 08:22:11 | WRN | No store type was specified for the decimal property 'OveMoney' on entity type 'HROvertime'. This will cause values to be silently truncated if they do not fit in the default precision and scale. Explicitly specify the SQL server column type that can accommodate all the values in 'OnModelCreating' using 'HasColumnType', specify precision and scale using 'HasPrecision', or configure a value converter using 'HasConversion'.
2026-05-14 08:22:11 | WRN | No store type was specified for the decimal property 'Wag1D1Hour' on entity type 'HRWage'. This will cause values to be silently truncated if they do not fit in the default precision and scale. Explicitly specify the SQL server column type that can accommodate all the values in 'OnModelCreating' using 'HasColumnType', specify precision and scale using 'HasPrecision', or configure a value converter using 'HasConversion'.
2026-05-14 08:22:11 | WRN | No store type was specified for the decimal property 'Wag2D1Hour' on entity type 'HRWage'. This will cause values to be silently truncated if they do not fit in the default precision and scale. Explicitly specify the SQL server column type that can accommodate all the values in 'OnModelCreating' using 'HasColumnType', specify precision and scale using 'HasPrecision', or configure a value converter using 'HasConversion'.
2026-05-14 08:22:11 | WRN | No store type was specified for the decimal property 'Wag4D3Hour' on entity type 'HRWage'. This will cause values to be silently truncated if they do not fit in the default precision and scale. Explicitly specify the SQL server column type that can accommodate all the values in 'OnModelCreating' using 'HasColumnType', specify precision and scale using 'HasPrecision', or configure a value converter using 'HasConversion'.
2026-05-14 08:22:11 | WRN | No store type was specified for the decimal property 'Wag5D3Hour' on entity type 'HRWage'. This will cause values to be silently truncated if they do not fit in the default precision and scale. Explicitly specify the SQL server column type that can accommodate all the values in 'OnModelCreating' using 'HasColumnType', specify precision and scale using 'HasPrecision', or configure a value converter using 'HasConversion'.
2026-05-14 08:22:11 | WRN | No store type was specified for the decimal property 'Wag8D3Hour' on entity type 'HRWage'. This will cause values to be silently truncated if they do not fit in the default precision and scale. Explicitly specify the SQL server column type that can accommodate all the values in 'OnModelCreating' using 'HasColumnType', specify precision and scale using 'HasPrecision', or configure a value converter using 'HasConversion'.
2026-05-14 08:22:11 | WRN | No store type was specified for the decimal property 'WagApplyHour' on entity type 'HRWage'. This will cause values to be silently truncated if they do not fit in the default precision and scale. Explicitly specify the SQL server column type that can accommodate all the values in 'OnModelCreating' using 'HasColumnType', specify precision and scale using 'HasPrecision', or configure a value converter using 'HasConversion'.
2026-05-14 08:22:11 | WRN | No store type was specified for the decimal property 'WagIssueHour' on entity type 'HRWage'. This will cause values to be silently truncated if they do not fit in the default precision and scale. Explicitly specify the SQL server column type that can accommodate all the values in 'OnModelCreating' using 'HasColumnType', specify precision and scale using 'HasPrecision', or configure a value converter using 'HasConversion'.
2026-05-14 08:22:11 | WRN | No store type was specified for the decimal property 'WagSubtotal' on entity type 'HRWage'. This will cause values to be silently truncated if they do not fit in the default precision and scale. Explicitly specify the SQL server column type that can accommodate all the values in 'OnModelCreating' using 'HasColumnType', specify precision and scale using 'HasPrecision', or configure a value converter using 'HasConversion'.
2026-05-14 08:22:16 | WRN | The query uses the 'First'/'FirstOrDefault' operator without 'OrderBy' and filter operators. This may lead to unpredictable results.
2026-05-14 08:22:17 | INF | ACTION_TRACE | Acc=admin | Path=/ | IP=::1 | Start=2026-05-14 08:22:10.600 | Elapsed=7026ms | Status=Completed
2026-05-14 08:22:17 | INF | NETWORK_UNSTABLE | Acc=admin | Path=/ | Reason=SlowRequest 7026ms
2026-05-14 08:22:17 | INF | ACTION_TRACE | Acc=admin | Path=/Captcha/Generate | IP=::1 | Start=2026-05-14 08:22:17.810 | Elapsed=38ms | Status=Completed
2026-05-14 08:22:18 | INF | ACTION_TRACE | Acc=admin | Path=/DNTCaptchaImage/Show | IP=::1 | Start=2026-05-14 08:22:17.883 | Elapsed=139ms | Status=Completed
2026-05-14 08:22:28 | INF | ACTION_TRACE | Acc=admin | Path=/Account/Login | IP=::1 | Start=2026-05-14 08:22:21.693 | Elapsed=7140ms | Status=Completed
2026-05-14 08:22:28 | INF | NETWORK_UNSTABLE | Acc=admin | Path=/Account/Login | Reason=SlowRequest 7140ms
2026-05-14 08:22:29 | INF | ACTION_TRACE | Acc=admin | Path=/Home/Index | IP=::1 | Start=2026-05-14 08:22:28.854 | Elapsed=227ms | Status=Completed
2026-05-14 08:22:31 | INF | ACTION_TRACE | Acc=admin | Path=/Home/GetMenu | IP=::1 | Start=2026-05-14 08:22:31.291 | Elapsed=62ms | Status=Completed
2026-05-14 08:22:34 | INF | CONTROLLER_EXEC | Acc= admin | IP=::1 | Path=SYS202100/SYS202100 | Message=GET /SYS202100/SYS202100
2026-05-14 08:22:34 | INF | ACTION_TRACE | Acc=admin | Path=/SYS202100/SYS202100 | IP=::1 | Start=2026-05-14 08:22:34.115 | Elapsed=91ms | Status=Completed
2026-05-14 08:22:34 | INF | CONTROLLER_EXEC | Acc= admin | IP=::1 | Path=SYS202100/GetList | Message=POST /SYS202100/GetList
2026-05-14 08:22:34 | INF | ACTION_TRACE | Acc=admin | Path=/SYS202100/GetList | IP=::1 | Start=2026-05-14 08:22:34.271 | Elapsed=83ms | Status=Completed
2026-05-14 08:22:34 | INF | CONTROLLER_EXEC | Acc= admin | IP=::1 | Path=SYS202100/GetList | Message=POST /SYS202100/GetList
2026-05-14 08:22:34 | INF | ACTION_TRACE | Acc=admin | Path=/SYS202100/GetList | IP=::1 | Start=2026-05-14 08:22:34.395 | Elapsed=9ms | Status=Completed
2026-05-14 08:22:36 | INF | CONTROLLER_EXEC | Acc= admin | IP=::1 | Path=SYS202100/GetByVariable | Message=GET /SYS202100/GetByVariable
2026-05-14 08:22:36 | INF | ACTION_TRACE | Acc=admin | Path=/SYS202100/GetByVariable | IP=::1 | Start=2026-05-14 08:22:36.436 | Elapsed=70ms | Status=Completed
2026-05-14 08:22:38 | INF | CONTROLLER_EXEC | Acc= admin | IP=::1 | Path=SYS202100/Update | Message=POST /SYS202100/Update
2026-05-14 08:22:38 | INF | ACTION_TRACE | Acc=admin | Path=/SYS202100/Update | IP=::1 | Start=2026-05-14 08:22:37.813 | Elapsed=398ms | Status=Completed
2026-05-14 08:22:39 | INF | CONTROLLER_EXEC | Acc= admin | IP=::1 | Path=SYS202100/GetList | Message=POST /SYS202100/GetList
2026-05-14 08:22:39 | INF | ACTION_TRACE | Acc=admin | Path=/SYS202100/GetList | IP=::1 | Start=2026-05-14 08:22:39.375 | Elapsed=66ms | Status=Completed
2026-05-14 08:22:43 | INF | CONTROLLER_EXEC | Acc= admin | IP=::1 | Path=SYS202100/GetList | Message=POST /SYS202100/GetList
2026-05-14 08:22:43 | INF | ACTION_TRACE | Acc=admin | Path=/SYS202100/GetList | IP=::1 | Start=2026-05-14 08:22:39.372 | Elapsed=4599ms | Status=Completed
2026-05-14 08:22:43 | INF | NETWORK_UNSTABLE | Acc=admin | Path=/SYS202100/GetList | Reason=SlowRequest 4599ms
2026-05-14 08:22:43 | INF | CONTROLLER_EXEC | Acc= admin | IP=::1 | Path=SYS202100/GetList | Message=POST /SYS202100/GetList
2026-05-14 08:22:43 | INF | ACTION_TRACE | Acc=admin | Path=/SYS202100/GetList | IP=::1 | Start=2026-05-14 08:22:39.437 | Elapsed=4535ms | Status=Completed
2026-05-14 08:22:43 | INF | NETWORK_UNSTABLE | Acc=admin | Path=/SYS202100/GetList | Reason=SlowRequest 4535ms
2026-05-14 08:23:07 | INF | CONTROLLER_EXEC | Acc= admin | IP=::1 | Path=SYS202100/GetByVariable | Message=GET /SYS202100/GetByVariable
2026-05-14 08:23:07 | INF | ACTION_TRACE | Acc=admin | Path=/SYS202100/GetByVariable | IP=::1 | Start=2026-05-14 08:23:07.925 | Elapsed=6ms | Status=Completed
2026-05-14 09:04:54 | WRN | No store type was specified for the decimal property 'OveMoney' on entity type 'HROvertime'. This will cause values to be silently truncated if they do not fit in the default precision and scale. Explicitly specify the SQL server column type that can accommodate all the values in 'OnModelCreating' using 'HasColumnType', specify precision and scale using 'HasPrecision', or configure a value converter using 'HasConversion'.
2026-05-14 09:04:54 | WRN | No store type was specified for the decimal property 'Wag1D1Hour' on entity type 'HRWage'. This will cause values to be silently truncated if they do not fit in the default precision and scale. Explicitly specify the SQL server column type that can accommodate all the values in 'OnModelCreating' using 'HasColumnType', specify precision and scale using 'HasPrecision', or configure a value converter using 'HasConversion'.
2026-05-14 09:04:54 | WRN | No store type was specified for the decimal property 'Wag2D1Hour' on entity type 'HRWage'. This will cause values to be silently truncated if they do not fit in the default precision and scale. Explicitly specify the SQL server column type that can accommodate all the values in 'OnModelCreating' using 'HasColumnType', specify precision and scale using 'HasPrecision', or configure a value converter using 'HasConversion'.
2026-05-14 09:04:54 | WRN | No store type was specified for the decimal property 'Wag4D3Hour' on entity type 'HRWage'. This will cause values to be silently truncated if they do not fit in the default precision and scale. Explicitly specify the SQL server column type that can accommodate all the values in 'OnModelCreating' using 'HasColumnType', specify precision and scale using 'HasPrecision', or configure a value converter using 'HasConversion'.
2026-05-14 09:04:54 | WRN | No store type was specified for the decimal property 'Wag5D3Hour' on entity type 'HRWage'. This will cause values to be silently truncated if they do not fit in the default precision and scale. Explicitly specify the SQL server column type that can accommodate all the values in 'OnModelCreating' using 'HasColumnType', specify precision and scale using 'HasPrecision', or configure a value converter using 'HasConversion'.
2026-05-14 09:04:54 | WRN | No store type was specified for the decimal property 'Wag8D3Hour' on entity type 'HRWage'. This will cause values to be silently truncated if they do not fit in the default precision and scale. Explicitly specify the SQL server column type that can accommodate all the values in 'OnModelCreating' using 'HasColumnType', specify precision and scale using 'HasPrecision', or configure a value converter using 'HasConversion'.
2026-05-14 09:04:54 | WRN | No store type was specified for the decimal property 'WagApplyHour' on entity type 'HRWage'. This will cause values to be silently truncated if they do not fit in the default precision and scale. Explicitly specify the SQL server column type that can accommodate all the values in 'OnModelCreating' using 'HasColumnType', specify precision and scale using 'HasPrecision', or configure a value converter using 'HasConversion'.
2026-05-14 09:04:54 | WRN | No store type was specified for the decimal property 'WagIssueHour' on entity type 'HRWage'. This will cause values to be silently truncated if they do not fit in the default precision and scale. Explicitly specify the SQL server column type that can accommodate all the values in 'OnModelCreating' using 'HasColumnType', specify precision and scale using 'HasPrecision', or configure a value converter using 'HasConversion'.
2026-05-14 09:04:54 | WRN | No store type was specified for the decimal property 'WagSubtotal' on entity type 'HRWage'. This will cause values to be silently truncated if they do not fit in the default precision and scale. Explicitly specify the SQL server column type that can accommodate all the values in 'OnModelCreating' using 'HasColumnType', specify precision and scale using 'HasPrecision', or configure a value converter using 'HasConversion'.
2026-05-14 09:05:00 | WRN | The query uses the 'First'/'FirstOrDefault' operator without 'OrderBy' and filter operators. This may lead to unpredictable results.
2026-05-14 09:05:01 | INF | ACTION_TRACE | Acc=admin | Path=/ | IP=::1 | Start=2026-05-14 09:04:53.964 | Elapsed=7215ms | Status=Completed
2026-05-14 09:05:01 | INF | NETWORK_UNSTABLE | Acc=admin | Path=/ | Reason=SlowRequest 7215ms
2026-05-14 09:05:01 | INF | ACTION_TRACE | Acc=admin | Path=/Captcha/Generate | IP=::1 | Start=2026-05-14 09:05:01.449 | Elapsed=34ms | Status=Completed
2026-05-14 09:05:01 | INF | ACTION_TRACE | Acc=admin | Path=/DNTCaptchaImage/Show | IP=::1 | Start=2026-05-14 09:05:01.508 | Elapsed=161ms | Status=Completed
2026-05-14 09:05:16 | INF | ACTION_TRACE | Acc=admin | Path=/Account/Login | IP=::1 | Start=2026-05-14 09:05:09.318 | Elapsed=7073ms | Status=Completed
2026-05-14 09:05:16 | INF | NETWORK_UNSTABLE | Acc=admin | Path=/Account/Login | Reason=SlowRequest 7073ms
2026-05-14 09:05:16 | INF | ACTION_TRACE | Acc=admin | Path=/Home/Index | IP=::1 | Start=2026-05-14 09:05:16.405 | Elapsed=330ms | Status=Completed
2026-05-14 09:05:21 | INF | ACTION_TRACE | Acc=admin | Path=/Home/GetMenu | IP=::1 | Start=2026-05-14 09:05:21.589 | Elapsed=62ms | Status=Completed
2026-05-14 09:05:25 | INF | CONTROLLER_EXEC | Acc= admin | IP=::1 | Path=SYS202100/SYS202100 | Message=GET /SYS202100/SYS202100
2026-05-14 09:05:25 | INF | ACTION_TRACE | Acc=admin | Path=/SYS202100/SYS202100 | IP=::1 | Start=2026-05-14 09:05:25.557 | Elapsed=98ms | Status=Completed
2026-05-14 09:05:25 | INF | CONTROLLER_EXEC | Acc= admin | IP=::1 | Path=SYS202100/GetList | Message=POST /SYS202100/GetList
2026-05-14 09:05:25 | INF | ACTION_TRACE | Acc=admin | Path=/SYS202100/GetList | IP=::1 | Start=2026-05-14 09:05:25.701 | Elapsed=102ms | Status=Completed
2026-05-14 09:05:25 | INF | CONTROLLER_EXEC | Acc= admin | IP=::1 | Path=SYS202100/GetList | Message=POST /SYS202100/GetList
2026-05-14 09:05:25 | INF | ACTION_TRACE | Acc=admin | Path=/SYS202100/GetList | IP=::1 | Start=2026-05-14 09:05:25.848 | Elapsed=39ms | Status=Completed
2026-05-14 09:05:27 | INF | CONTROLLER_EXEC | Acc= admin | IP=::1 | Path=SYS202100/GetList | Message=POST /SYS202100/GetList
2026-05-14 09:05:27 | INF | ACTION_TRACE | Acc=admin | Path=/SYS202100/GetList | IP=::1 | Start=2026-05-14 09:05:27.474 | Elapsed=13ms | Status=Completed
2026-05-14 09:05:29 | INF | CONTROLLER_EXEC | Acc= admin | IP=::1 | Path=SYS202100/GetByVariable | Message=GET /SYS202100/GetByVariable
2026-05-14 09:05:29 | INF | ACTION_TRACE | Acc=admin | Path=/SYS202100/GetByVariable | IP=::1 | Start=2026-05-14 09:05:29.813 | Elapsed=89ms | Status=Completed
2026-05-14 09:05:34 | INF | CONTROLLER_EXEC | Acc= admin | IP=::1 | Path=SYS202100/GetList | Message=POST /SYS202100/GetList
2026-05-14 09:05:34 | INF | ACTION_TRACE | Acc=admin | Path=/SYS202100/GetList | IP=::1 | Start=2026-05-14 09:05:34.923 | Elapsed=9ms | Status=Completed
2026-05-14 09:05:35 | INF | ACTION_TRACE | Acc=admin | Path=/.well-known/appspecific/com.chrome.devtools.json | IP=::1 | Start=2026-05-14 09:05:35.100 | Elapsed=0ms | Status=Completed
2026-05-14 09:05:35 | INF | ACTION_TRACE | Acc=admin | Path=/lib/html-to-image/html-to-image.js.map | IP=::1 | Start=2026-05-14 09:05:35.150 | Elapsed=0ms | Status=Completed
2026-05-14 09:05:35 | INF | ACTION_TRACE | Acc=admin | Path=/Home/Index | IP=::1 | Start=2026-05-14 09:05:35.543 | Elapsed=26ms | Status=Completed
2026-05-14 09:05:35 | INF | ACTION_TRACE | Acc=admin | Path=/.well-known/appspecific/com.chrome.devtools.json | IP=::1 | Start=2026-05-14 09:05:35.663 | Elapsed=0ms | Status=Completed
2026-05-14 09:05:35 | INF | ACTION_TRACE | Acc=admin | Path=/lib/html-to-image/html-to-image.js.map | IP=::1 | Start=2026-05-14 09:05:35.820 | Elapsed=0ms | Status=Completed
2026-05-14 09:05:39 | INF | ACTION_TRACE | Acc=admin | Path=/Home/GetMenu | IP=::1 | Start=2026-05-14 09:05:39.274 | Elapsed=61ms | Status=Completed
2026-05-14 09:05:41 | INF | CONTROLLER_EXEC | Acc= admin | IP=::1 | Path=SYS202100/SYS202100 | Message=GET /SYS202100/SYS202100
2026-05-14 09:05:41 | INF | ACTION_TRACE | Acc=admin | Path=/SYS202100/SYS202100 | IP=::1 | Start=2026-05-14 09:05:41.963 | Elapsed=10ms | Status=Completed
2026-05-14 09:05:42 | INF | CONTROLLER_EXEC | Acc= admin | IP=::1 | Path=SYS202100/GetList | Message=POST /SYS202100/GetList
2026-05-14 09:05:42 | INF | ACTION_TRACE | Acc=admin | Path=/SYS202100/GetList | IP=::1 | Start=2026-05-14 09:05:42.047 | Elapsed=9ms | Status=Completed
2026-05-14 09:05:42 | INF | CONTROLLER_EXEC | Acc= admin | IP=::1 | Path=SYS202100/GetList | Message=POST /SYS202100/GetList
2026-05-14 09:05:42 | INF | ACTION_TRACE | Acc=admin | Path=/SYS202100/GetList | IP=::1 | Start=2026-05-14 09:05:42.092 | Elapsed=8ms | Status=Completed
2026-05-14 09:05:44 | INF | CONTROLLER_EXEC | Acc= admin | IP=::1 | Path=SYS202100/GetByVariable | Message=GET /SYS202100/GetByVariable
2026-05-14 09:05:44 | INF | ACTION_TRACE | Acc=admin | Path=/SYS202100/GetByVariable | IP=::1 | Start=2026-05-14 09:05:44.192 | Elapsed=9ms | Status=Completed
2026-05-14 09:05:45 | INF | CONTROLLER_EXEC | Acc= admin | IP=::1 | Path=SYS202100/GetList | Message=POST /SYS202100/GetList
2026-05-14 09:05:45 | INF | ACTION_TRACE | Acc=admin | Path=/SYS202100/GetList | IP=::1 | Start=2026-05-14 09:05:45.614 | Elapsed=6ms | Status=Completed
2026-05-14 09:06:02 | INF | CONTROLLER_EXEC | Acc= admin | IP=::1 | Path=SYS202100/GetList | Message=POST /SYS202100/GetList
2026-05-14 09:06:02 | INF | ACTION_TRACE | Acc=admin | Path=/SYS202100/GetList | IP=::1 | Start=2026-05-14 09:06:02.869 | Elapsed=8ms | Status=Completed
2026-05-14 09:06:03 | INF | ACTION_TRACE | Acc=admin | Path=/.well-known/appspecific/com.chrome.devtools.json | IP=::1 | Start=2026-05-14 09:06:03.055 | Elapsed=0ms | Status=Completed
2026-05-14 09:06:03 | INF | ACTION_TRACE | Acc=admin | Path=/lib/html-to-image/html-to-image.js.map | IP=::1 | Start=2026-05-14 09:06:03.065 | Elapsed=0ms | Status=Completed
2026-05-14 09:06:03 | INF | CONTROLLER_EXEC | Acc= admin | IP=::1 | Path=SYS202100/GetList | Message=POST /SYS202100/GetList
2026-05-14 09:06:03 | INF | ACTION_TRACE | Acc=admin | Path=/SYS202100/GetList | IP=::1 | Start=2026-05-14 09:06:03.119 | Elapsed=6ms | Status=Completed
2026-05-14 09:06:03 | INF | CONTROLLER_EXEC | Acc= admin | IP=::1 | Path=SYS202100/GetList | Message=POST /SYS202100/GetList
2026-05-14 09:06:03 | INF | ACTION_TRACE | Acc=admin | Path=/SYS202100/GetList | IP=::1 | Start=2026-05-14 09:06:03.722 | Elapsed=13ms | Status=Completed
2026-05-14 09:06:03 | INF | ACTION_TRACE | Acc=admin | Path=/.well-known/appspecific/com.chrome.devtools.json | IP=::1 | Start=2026-05-14 09:06:03.885 | Elapsed=0ms | Status=Completed
2026-05-14 09:06:03 | INF | ACTION_TRACE | Acc=admin | Path=/lib/html-to-image/html-to-image.js.map | IP=::1 | Start=2026-05-14 09:06:03.906 | Elapsed=0ms | Status=Completed
2026-05-14 09:06:15 | INF | CONTROLLER_EXEC | Acc= admin | IP=::1 | Path=SYS202100/GetList | Message=POST /SYS202100/GetList
2026-05-14 09:06:15 | INF | ACTION_TRACE | Acc=admin | Path=/SYS202100/GetList | IP=::1 | Start=2026-05-14 09:06:15.665 | Elapsed=11ms | Status=Completed
2026-05-14 09:06:17 | INF | CONTROLLER_EXEC | Acc= admin | IP=::1 | Path=SYS202100/GetList | Message=POST /SYS202100/GetList
2026-05-14 09:06:17 | INF | ACTION_TRACE | Acc=admin | Path=/SYS202100/GetList | IP=::1 | Start=2026-05-14 09:06:17.932 | Elapsed=5ms | Status=Completed
2026-05-14 09:06:20 | INF | CONTROLLER_EXEC | Acc= admin | IP=::1 | Path=SYS202100/GetList | Message=POST /SYS202100/GetList
2026-05-14 09:06:20 | INF | ACTION_TRACE | Acc=admin | Path=/SYS202100/GetList | IP=::1 | Start=2026-05-14 09:06:15.669 | Elapsed=4553ms | Status=Completed
2026-05-14 09:06:20 | INF | NETWORK_UNSTABLE | Acc=admin | Path=/SYS202100/GetList | Reason=SlowRequest 4553ms
2026-05-14 09:08:07 | INF | ACTION_TRACE | Acc=admin | Path=/Home/Index | IP=::1 | Start=2026-05-14 09:08:07.293 | Elapsed=68ms | Status=Completed
2026-05-14 09:08:15 | INF | ACTION_TRACE | Acc=admin | Path=/Home/Index | IP=::1 | Start=2026-05-14 09:08:15.934 | Elapsed=55ms | Status=Completed
2026-05-14 09:08:23 | INF | ACTION_TRACE | Acc=admin | Path=/Home/Index | IP=::1 | Start=2026-05-14 09:08:23.342 | Elapsed=22ms | Status=Completed
2026-05-14 09:08:32 | INF | ACTION_TRACE | Acc=admin | Path=/Home/Index | IP=::1 | Start=2026-05-14 09:08:32.473 | Elapsed=18ms | Status=Completed
2026-05-14 09:08:36 | INF | ACTION_TRACE | Acc=admin | Path=/Home/Index | IP=::1 | Start=2026-05-14 09:08:36.763 | Elapsed=19ms | Status=Completed
2026-05-14 09:08:39 | INF | ACTION_TRACE | Acc=admin | Path=/Home/GetMenu | IP=::1 | Start=2026-05-14 09:08:39.692 | Elapsed=9ms | Status=Completed
2026-05-14 09:08:48 | INF | CONTROLLER_EXEC | Acc= admin | IP=::1 | Path=SYS202100/SYS202100 | Message=GET /SYS202100/SYS202100
2026-05-14 09:08:48 | INF | ACTION_TRACE | Acc=admin | Path=/SYS202100/SYS202100 | IP=::1 | Start=2026-05-14 09:08:48.160 | Elapsed=7ms | Status=Completed
2026-05-14 09:08:48 | INF | CONTROLLER_EXEC | Acc= admin | IP=::1 | Path=SYS202100/GetList | Message=POST /SYS202100/GetList
2026-05-14 09:08:48 | INF | ACTION_TRACE | Acc=admin | Path=/SYS202100/GetList | IP=::1 | Start=2026-05-14 09:08:48.213 | Elapsed=6ms | Status=Completed
2026-05-14 09:08:48 | INF | CONTROLLER_EXEC | Acc= admin | IP=::1 | Path=SYS202100/GetList | Message=POST /SYS202100/GetList
2026-05-14 09:08:48 | INF | ACTION_TRACE | Acc=admin | Path=/SYS202100/GetList | IP=::1 | Start=2026-05-14 09:08:48.260 | Elapsed=7ms | Status=Completed
2026-05-14 09:08:50 | INF | CONTROLLER_EXEC | Acc= admin | IP=::1 | Path=SYS202100/GetByVariable | Message=GET /SYS202100/GetByVariable
2026-05-14 09:08:50 | INF | ACTION_TRACE | Acc=admin | Path=/SYS202100/GetByVariable | IP=::1 | Start=2026-05-14 09:08:50.715 | Elapsed=6ms | Status=Completed
2026-05-14 09:08:52 | INF | CONTROLLER_EXEC | Acc= admin | IP=::1 | Path=SYS202100/Update | Message=POST /SYS202100/Update
2026-05-14 09:08:52 | INF | ACTION_TRACE | Acc=admin | Path=/SYS202100/Update | IP=::1 | Start=2026-05-14 09:08:51.893 | Elapsed=440ms | Status=Completed
2026-05-14 09:08:53 | INF | CONTROLLER_EXEC | Acc= admin | IP=::1 | Path=SYS202100/GetList | Message=POST /SYS202100/GetList
2026-05-14 09:08:53 | INF | ACTION_TRACE | Acc=admin | Path=/SYS202100/GetList | IP=::1 | Start=2026-05-14 09:08:53.383 | Elapsed=4ms | Status=Completed
2026-05-14 09:08:53 | INF | CONTROLLER_EXEC | Acc= admin | IP=::1 | Path=SYS202100/GetList | Message=POST /SYS202100/GetList
2026-05-14 09:08:53 | INF | ACTION_TRACE | Acc=admin | Path=/SYS202100/GetList | IP=::1 | Start=2026-05-14 09:08:53.387 | Elapsed=7ms | Status=Completed
2026-05-14 09:08:53 | INF | CONTROLLER_EXEC | Acc= admin | IP=::1 | Path=SYS202100/GetList | Message=POST /SYS202100/GetList
2026-05-14 09:08:53 | INF | ACTION_TRACE | Acc=admin | Path=/SYS202100/GetList | IP=::1 | Start=2026-05-14 09:08:53.395 | Elapsed=9ms | Status=Completed
2026-05-14 09:09:13 | INF | CONTROLLER_EXEC | Acc= admin | IP=::1 | Path=SYS202100/GetList | Message=POST /SYS202100/GetList
2026-05-14 09:09:13 | INF | ACTION_TRACE | Acc=admin | Path=/SYS202100/GetList | IP=::1 | Start=2026-05-14 09:09:13.355 | Elapsed=5ms | Status=Completed
2026-05-14 09:09:13 | INF | CONTROLLER_EXEC | Acc= admin | IP=::1 | Path=SYS202100/GetList | Message=POST /SYS202100/GetList
2026-05-14 09:09:13 | INF | ACTION_TRACE | Acc=admin | Path=/SYS202100/GetList | IP=::1 | Start=2026-05-14 09:09:13.881 | Elapsed=4ms | Status=Completed
2026-05-14 09:09:14 | INF | CONTROLLER_EXEC | Acc= admin | IP=::1 | Path=SYS202100/GetList | Message=POST /SYS202100/GetList
2026-05-14 09:09:14 | INF | ACTION_TRACE | Acc=admin | Path=/SYS202100/GetList | IP=::1 | Start=2026-05-14 09:09:14.585 | Elapsed=4ms | Status=Completed
2026-05-14 09:09:30 | INF | CONTROLLER_EXEC | Acc= admin | IP=::1 | Path=SYS202100/GetList | Message=POST /SYS202100/GetList
2026-05-14 09:09:30 | INF | ACTION_TRACE | Acc=admin | Path=/SYS202100/GetList | IP=::1 | Start=2026-05-14 09:09:30.018 | Elapsed=4ms | Status=Completed
2026-05-14 09:09:30 | INF | CONTROLLER_EXEC | Acc= admin | IP=::1 | Path=SYS202100/GetList | Message=POST /SYS202100/GetList
2026-05-14 09:09:30 | INF | ACTION_TRACE | Acc=admin | Path=/SYS202100/GetList | IP=::1 | Start=2026-05-14 09:09:30.021 | Elapsed=3ms | Status=Completed
2026-05-14 09:09:44 | INF | ACTION_TRACE | Acc=admin | Path=/Home/Index | IP=::1 | Start=2026-05-14 09:09:44.473 | Elapsed=47ms | Status=Completed
2026-05-14 09:09:46 | INF | ACTION_TRACE | Acc=admin | Path=/Home/GetMenu | IP=::1 | Start=2026-05-14 09:09:46.318 | Elapsed=6ms | Status=Completed
2026-05-14 09:09:48 | INF | CONTROLLER_EXEC | Acc= admin | IP=::1 | Path=SYS202100/SYS202100 | Message=GET /SYS202100/SYS202100
2026-05-14 09:09:48 | INF | ACTION_TRACE | Acc=admin | Path=/SYS202100/SYS202100 | IP=::1 | Start=2026-05-14 09:09:48.213 | Elapsed=62ms | Status=Completed
2026-05-14 09:09:48 | INF | CONTROLLER_EXEC | Acc= admin | IP=::1 | Path=SYS202100/GetList | Message=POST /SYS202100/GetList
2026-05-14 09:09:48 | INF | ACTION_TRACE | Acc=admin | Path=/SYS202100/GetList | IP=::1 | Start=2026-05-14 09:09:48.318 | Elapsed=18ms | Status=Completed
2026-05-14 09:09:48 | INF | CONTROLLER_EXEC | Acc= admin | IP=::1 | Path=SYS202100/GetList | Message=POST /SYS202100/GetList
2026-05-14 09:09:48 | INF | ACTION_TRACE | Acc=admin | Path=/SYS202100/GetList | IP=::1 | Start=2026-05-14 09:09:48.361 | Elapsed=4ms | Status=Completed
2026-05-14 09:09:52 | INF | CONTROLLER_EXEC | Acc= admin | IP=::1 | Path=SYS202100/GetList | Message=POST /SYS202100/GetList
2026-05-14 09:09:52 | INF | ACTION_TRACE | Acc=admin | Path=/SYS202100/GetList | IP=::1 | Start=2026-05-14 09:09:52.001 | Elapsed=6ms | Status=Completed
2026-05-14 09:09:55 | INF | CONTROLLER_EXEC | Acc= admin | IP=::1 | Path=SYS202100/GetList | Message=POST /SYS202100/GetList
2026-05-14 09:09:55 | INF | ACTION_TRACE | Acc=admin | Path=/SYS202100/GetList | IP=::1 | Start=2026-05-14 09:09:55.703 | Elapsed=4ms | Status=Completed
2026-05-14 09:10:20 | INF | CONTROLLER_EXEC | Acc= admin | IP=::1 | Path=SYS202100/GetList | Message=POST /SYS202100/GetList
2026-05-14 09:10:20 | INF | ACTION_TRACE | Acc=admin | Path=/SYS202100/GetList | IP=::1 | Start=2026-05-14 09:10:20.806 | Elapsed=13ms | Status=Completed
2026-05-14 09:10:32 | INF | CONTROLLER_EXEC | Acc= admin | IP=::1 | Path=SYS202100/GetList | Message=POST /SYS202100/GetList
2026-05-14 09:10:32 | INF | CONTROLLER_EXEC | Acc= admin | IP=::1 | Path=SYS202100/GetList | Message=POST /SYS202100/GetList
2026-05-14 09:10:32 | INF | ACTION_TRACE | Acc=admin | Path=/SYS202100/GetList | IP=::1 | Start=2026-05-14 09:10:32.964 | Elapsed=7ms | Status=Completed
2026-05-14 09:10:32 | INF | ACTION_TRACE | Acc=admin | Path=/SYS202100/GetList | IP=::1 | Start=2026-05-14 09:10:32.966 | Elapsed=4ms | Status=Completed
2026-05-14 09:11:12 | INF | CONTROLLER_EXEC | Acc= admin | IP=::1 | Path=SYS201001/SYS201001 | Message=GET /SYS201001/SYS201001
2026-05-14 09:11:12 | INF | ACTION_TRACE | Acc=admin | Path=/SYS201001/SYS201001 | IP=::1 | Start=2026-05-14 09:11:12.732 | Elapsed=150ms | Status=Completed
2026-05-14 09:11:12 | INF | CONTROLLER_EXEC | Acc= admin | IP=::1 | Path=SYS201001/GetAllAdmins | Message=POST /SYS201001/GetAllAdmins
2026-05-14 09:11:12 | INF | ACTION_TRACE | Acc=admin | Path=/SYS201001/GetAllAdmins | IP=::1 | Start=2026-05-14 09:11:12.935 | Elapsed=53ms | Status=Completed
2026-05-14 09:11:13 | INF | CONTROLLER_EXEC | Acc= admin | IP=::1 | Path=SYS201001/GetAllAdmins | Message=POST /SYS201001/GetAllAdmins
2026-05-14 09:11:13 | INF | ACTION_TRACE | Acc=admin | Path=/SYS201001/GetAllAdmins | IP=::1 | Start=2026-05-14 09:11:13.008 | Elapsed=10ms | Status=Completed
2026-05-14 09:11:13 | INF | CONTROLLER_EXEC | Acc= admin | IP=::1 | Path=SYS201002/SYS201002 | Message=GET /SYS201002/SYS201002
2026-05-14 09:11:13 | INF | ACTION_TRACE | Acc=admin | Path=/SYS201002/SYS201002 | IP=::1 | Start=2026-05-14 09:11:13.851 | Elapsed=53ms | Status=Completed
2026-05-14 09:11:14 | INF | CONTROLLER_EXEC | Acc= admin | IP=::1 | Path=SYS201002/GetAllRoleList | Message=POST /SYS201002/GetAllRoleList
2026-05-14 09:11:14 | INF | ACTION_TRACE | Acc=admin | Path=/SYS201002/GetAllRoleList | IP=::1 | Start=2026-05-14 09:11:13.965 | Elapsed=42ms | Status=Completed
2026-05-14 09:11:16 | INF | CONTROLLER_EXEC | Acc= admin | IP=::1 | Path=SYS202002/SYS202002 | Message=GET /SYS202002/SYS202002
2026-05-14 09:11:16 | INF | ACTION_TRACE | Acc=admin | Path=/SYS202002/SYS202002 | IP=::1 | Start=2026-05-14 09:11:16.430 | Elapsed=37ms | Status=Completed
2026-05-14 09:11:16 | INF | CONTROLLER_EXEC | Acc= admin | IP=::1 | Path=SYS202002/GetDataForTree | Message=GET /SYS202002/GetDataForTree
2026-05-14 09:11:16 | INF | ACTION_TRACE | Acc=admin | Path=/SYS202002/GetDataForTree | IP=::1 | Start=2026-05-14 09:11:16.488 | Elapsed=33ms | Status=Completed
2026-05-14 09:11:17 | INF | CONTROLLER_EXEC | Acc= admin | IP=::1 | Path=SYS202001/SYS202001 | Message=GET /SYS202001/SYS202001
2026-05-14 09:11:17 | INF | ACTION_TRACE | Acc=admin | Path=/SYS202001/SYS202001 | IP=::1 | Start=2026-05-14 09:11:17.189 | Elapsed=28ms | Status=Completed
2026-05-14 09:11:17 | INF | CONTROLLER_EXEC | Acc= admin | IP=::1 | Path=SYS202001/GetDepartments | Message=POST /SYS202001/GetDepartments
2026-05-14 09:11:17 | INF | ACTION_TRACE | Acc=admin | Path=/SYS202001/GetDepartments | IP=::1 | Start=2026-05-14 09:11:17.249 | Elapsed=99ms | Status=Completed
2026-05-14 09:11:17 | INF | CONTROLLER_EXEC | Acc= admin | IP=::1 | Path=SYS202001/GetDepartments | Message=POST /SYS202001/GetDepartments
2026-05-14 09:11:17 | INF | ACTION_TRACE | Acc=admin | Path=/SYS202001/GetDepartments | IP=::1 | Start=2026-05-14 09:11:17.368 | Elapsed=6ms | Status=Completed
2026-05-14 09:11:19 | INF | CONTROLLER_EXEC | Acc= admin | IP=::1 | Path=SYS202003/SYS202003 | Message=GET /SYS202003/SYS202003
2026-05-14 09:11:19 | INF | ACTION_TRACE | Acc=admin | Path=/SYS202003/SYS202003 | IP=::1 | Start=2026-05-14 09:11:19.917 | Elapsed=44ms | Status=Completed
2026-05-14 09:11:20 | INF | CONTROLLER_EXEC | Acc= admin | IP=::1 | Path=SYS202003/GetPTypeData | Message=POST /SYS202003/GetPTypeData
2026-05-14 09:11:20 | INF | ACTION_TRACE | Acc=admin | Path=/SYS202003/GetPTypeData | IP=::1 | Start=2026-05-14 09:11:19.990 | Elapsed=47ms | Status=Completed
2026-05-14 09:11:20 | INF | CONTROLLER_EXEC | Acc= admin | IP=::1 | Path=SYS202003/GetPTypeData | Message=POST /SYS202003/GetPTypeData
2026-05-14 09:11:20 | INF | ACTION_TRACE | Acc=admin | Path=/SYS202003/GetPTypeData | IP=::1 | Start=2026-05-14 09:11:20.081 | Elapsed=4ms | Status=Completed
2026-05-14 09:11:22 | INF | CONTROLLER_EXEC | Acc= admin | IP=::1 | Path=SYS202005/SYS202005 | Message=GET /SYS202005/SYS202005
2026-05-14 09:11:22 | INF | ACTION_TRACE | Acc=admin | Path=/SYS202005/SYS202005 | IP=::1 | Start=2026-05-14 09:11:22.185 | Elapsed=33ms | Status=Completed
2026-05-14 09:11:22 | INF | CONTROLLER_EXEC | Acc= admin | IP=::1 | Path=SYS202005/GetList | Message=POST /SYS202005/GetList
2026-05-14 09:11:22 | INF | ACTION_TRACE | Acc=admin | Path=/SYS202005/GetList | IP=::1 | Start=2026-05-14 09:11:22.249 | Elapsed=40ms | Status=Completed
2026-05-14 09:11:22 | INF | CONTROLLER_EXEC | Acc= admin | IP=::1 | Path=SYS202005/GetList | Message=POST /SYS202005/GetList
2026-05-14 09:11:22 | INF | ACTION_TRACE | Acc=admin | Path=/SYS202005/GetList | IP=::1 | Start=2026-05-14 09:11:22.308 | Elapsed=9ms | Status=Completed
2026-05-14 09:11:25 | INF | CONTROLLER_EXEC | Acc= admin | IP=::1 | Path=SYS202005/GetList | Message=POST /SYS202005/GetList
2026-05-14 09:11:25 | INF | ACTION_TRACE | Acc=admin | Path=/SYS202005/GetList | IP=::1 | Start=2026-05-14 09:11:25.633 | Elapsed=13ms | Status=Completed
2026-05-14 09:11:26 | INF | CONTROLLER_EXEC | Acc= admin | IP=::1 | Path=SYS202005/GetList | Message=POST /SYS202005/GetList
2026-05-14 09:11:26 | INF | ACTION_TRACE | Acc=admin | Path=/SYS202005/GetList | IP=::1 | Start=2026-05-14 09:11:26.138 | Elapsed=13ms | Status=Completed
2026-05-14 09:11:30 | INF | CONTROLLER_EXEC | Acc= admin | IP=::1 | Path=SYS202006/SYS202006 | Message=GET /SYS202006/SYS202006
2026-05-14 09:11:30 | INF | ACTION_TRACE | Acc=admin | Path=/SYS202006/SYS202006 | IP=::1 | Start=2026-05-14 09:11:30.175 | Elapsed=30ms | Status=Completed
2026-05-14 09:11:30 | INF | CONTROLLER_EXEC | Acc= admin | IP=::1 | Path=SYS202006/GetHolidayData | Message=POST /SYS202006/GetHolidayData
2026-05-14 09:11:30 | INF | ACTION_TRACE | Acc=admin | Path=/SYS202006/GetHolidayData | IP=::1 | Start=2026-05-14 09:11:30.235 | Elapsed=33ms | Status=Completed
2026-05-14 09:11:30 | INF | CONTROLLER_EXEC | Acc= admin | IP=::1 | Path=SYS202006/GetHolidayData | Message=POST /SYS202006/GetHolidayData
2026-05-14 09:11:30 | INF | ACTION_TRACE | Acc=admin | Path=/SYS202006/GetHolidayData | IP=::1 | Start=2026-05-14 09:11:30.288 | Elapsed=11ms | Status=Completed
2026-05-14 09:11:31 | INF | CONTROLLER_EXEC | Acc= admin | IP=::1 | Path=SYS202006/GetHolidayData | Message=POST /SYS202006/GetHolidayData
2026-05-14 09:11:31 | INF | ACTION_TRACE | Acc=admin | Path=/SYS202006/GetHolidayData | IP=::1 | Start=2026-05-14 09:11:31.681 | Elapsed=11ms | Status=Completed
2026-05-14 09:11:32 | INF | CONTROLLER_EXEC | Acc= admin | IP=::1 | Path=SYS202006/GetHolidayData | Message=POST /SYS202006/GetHolidayData
2026-05-14 09:11:32 | INF | ACTION_TRACE | Acc=admin | Path=/SYS202006/GetHolidayData | IP=::1 | Start=2026-05-14 09:11:32.137 | Elapsed=16ms | Status=Completed
2026-05-14 09:11:34 | INF | CONTROLLER_EXEC | Acc= admin | IP=::1 | Path=SYS202100/SYS202100 | Message=GET /SYS202100/SYS202100
2026-05-14 09:11:34 | INF | ACTION_TRACE | Acc=admin | Path=/SYS202100/SYS202100 | IP=::1 | Start=2026-05-14 09:11:34.466 | Elapsed=3ms | Status=Completed
2026-05-14 09:11:34 | INF | CONTROLLER_EXEC | Acc= admin | IP=::1 | Path=SYS202100/GetList | Message=POST /SYS202100/GetList
2026-05-14 09:11:34 | INF | ACTION_TRACE | Acc=admin | Path=/SYS202100/GetList | IP=::1 | Start=2026-05-14 09:11:34.496 | Elapsed=5ms | Status=Completed
2026-05-14 09:11:34 | INF | CONTROLLER_EXEC | Acc= admin | IP=::1 | Path=SYS202100/GetList | Message=POST /SYS202100/GetList
2026-05-14 09:11:34 | INF | ACTION_TRACE | Acc=admin | Path=/SYS202100/GetList | IP=::1 | Start=2026-05-14 09:11:34.532 | Elapsed=4ms | Status=Completed
2026-05-14 09:12:13 | INF | ACTION_TRACE | Acc=admin | Path=/Home/Index | IP=::1 | Start=2026-05-14 09:12:13.358 | Elapsed=49ms | Status=Completed
2026-05-14 09:12:14 | INF | ACTION_TRACE | Acc=admin | Path=/Home/GetMenu | IP=::1 | Start=2026-05-14 09:12:14.556 | Elapsed=10ms | Status=Completed
2026-05-14 09:12:18 | INF | CONTROLLER_EXEC | Acc= admin | IP=::1 | Path=SYS202100/SYS202100 | Message=GET /SYS202100/SYS202100
2026-05-14 09:12:18 | INF | ACTION_TRACE | Acc=admin | Path=/SYS202100/SYS202100 | IP=::1 | Start=2026-05-14 09:12:18.087 | Elapsed=5ms | Status=Completed
2026-05-14 09:12:18 | INF | CONTROLLER_EXEC | Acc= admin | IP=::1 | Path=SYS202100/GetList | Message=POST /SYS202100/GetList
2026-05-14 09:12:18 | INF | ACTION_TRACE | Acc=admin | Path=/SYS202100/GetList | IP=::1 | Start=2026-05-14 09:12:18.124 | Elapsed=10ms | Status=Completed
2026-05-14 09:12:18 | INF | CONTROLLER_EXEC | Acc= admin | IP=::1 | Path=SYS202100/GetList | Message=POST /SYS202100/GetList
2026-05-14 09:12:18 | INF | ACTION_TRACE | Acc=admin | Path=/SYS202100/GetList | IP=::1 | Start=2026-05-14 09:12:18.163 | Elapsed=8ms | Status=Completed
2026-05-14 09:12:45 | INF | ACTION_TRACE | Acc=admin | Path=/Home/Index | IP=::1 | Start=2026-05-14 09:12:45.364 | Elapsed=22ms | Status=Completed
2026-05-14 09:12:46 | INF | ACTION_TRACE | Acc=admin | Path=/Home/GetMenu | IP=::1 | Start=2026-05-14 09:12:46.305 | Elapsed=10ms | Status=Completed
2026-05-14 09:12:48 | INF | CONTROLLER_EXEC | Acc= admin | IP=::1 | Path=SYS202100/SYS202100 | Message=GET /SYS202100/SYS202100
2026-05-14 09:12:48 | INF | ACTION_TRACE | Acc=admin | Path=/SYS202100/SYS202100 | IP=::1 | Start=2026-05-14 09:12:48.690 | Elapsed=7ms | Status=Completed
2026-05-14 09:12:48 | INF | CONTROLLER_EXEC | Acc= admin | IP=::1 | Path=SYS202100/GetList | Message=POST /SYS202100/GetList
2026-05-14 09:12:48 | INF | ACTION_TRACE | Acc=admin | Path=/SYS202100/GetList | IP=::1 | Start=2026-05-14 09:12:48.734 | Elapsed=5ms | Status=Completed
2026-05-14 09:12:48 | INF | CONTROLLER_EXEC | Acc= admin | IP=::1 | Path=SYS202100/GetList | Message=POST /SYS202100/GetList
2026-05-14 09:12:48 | INF | ACTION_TRACE | Acc=admin | Path=/SYS202100/GetList | IP=::1 | Start=2026-05-14 09:12:48.766 | Elapsed=4ms | Status=Completed
2026-05-14 09:13:02 | INF | ACTION_TRACE | Acc=admin | Path=/Home/Index | IP=::1 | Start=2026-05-14 09:13:02.008 | Elapsed=27ms | Status=Completed
2026-05-14 09:13:03 | INF | ACTION_TRACE | Acc=admin | Path=/Home/GetMenu | IP=::1 | Start=2026-05-14 09:13:03.095 | Elapsed=9ms | Status=Completed
2026-05-14 09:13:05 | INF | CONTROLLER_EXEC | Acc= admin | IP=::1 | Path=SYS202100/SYS202100 | Message=GET /SYS202100/SYS202100
2026-05-14 09:13:05 | INF | ACTION_TRACE | Acc=admin | Path=/SYS202100/SYS202100 | IP=::1 | Start=2026-05-14 09:13:05.601 | Elapsed=6ms | Status=Completed
2026-05-14 09:13:05 | INF | CONTROLLER_EXEC | Acc= admin | IP=::1 | Path=SYS202100/GetList | Message=POST /SYS202100/GetList
2026-05-14 09:13:05 | INF | ACTION_TRACE | Acc=admin | Path=/SYS202100/GetList | IP=::1 | Start=2026-05-14 09:13:05.640 | Elapsed=7ms | Status=Completed
2026-05-14 09:13:05 | INF | CONTROLLER_EXEC | Acc= admin | IP=::1 | Path=SYS202100/GetList | Message=POST /SYS202100/GetList
2026-05-14 09:13:05 | INF | ACTION_TRACE | Acc=admin | Path=/SYS202100/GetList | IP=::1 | Start=2026-05-14 09:13:05.668 | Elapsed=3ms | Status=Completed
2026-05-14 09:13:13 | INF | ACTION_TRACE | Acc=admin | Path=/Home/Index | IP=::1 | Start=2026-05-14 09:13:13.663 | Elapsed=18ms | Status=Completed
2026-05-14 09:13:14 | INF | ACTION_TRACE | Acc=admin | Path=/Home/GetMenu | IP=::1 | Start=2026-05-14 09:13:14.637 | Elapsed=9ms | Status=Completed
2026-05-14 09:13:18 | INF | CONTROLLER_EXEC | Acc= admin | IP=::1 | Path=SYS202100/SYS202100 | Message=GET /SYS202100/SYS202100
2026-05-14 09:13:18 | INF | ACTION_TRACE | Acc=admin | Path=/SYS202100/SYS202100 | IP=::1 | Start=2026-05-14 09:13:18.381 | Elapsed=6ms | Status=Completed
2026-05-14 09:13:18 | INF | CONTROLLER_EXEC | Acc= admin | IP=::1 | Path=SYS202100/GetList | Message=POST /SYS202100/GetList
2026-05-14 09:13:18 | INF | ACTION_TRACE | Acc=admin | Path=/SYS202100/GetList | IP=::1 | Start=2026-05-14 09:13:18.425 | Elapsed=15ms | Status=Completed
2026-05-14 09:13:18 | INF | CONTROLLER_EXEC | Acc= admin | IP=::1 | Path=SYS202100/GetList | Message=POST /SYS202100/GetList
2026-05-14 09:13:18 | INF | ACTION_TRACE | Acc=admin | Path=/SYS202100/GetList | IP=::1 | Start=2026-05-14 09:13:18.469 | Elapsed=3ms | Status=Completed
2026-05-14 09:13:56 | INF | ACTION_TRACE | Acc=admin | Path=/Home/Index | IP=::1 | Start=2026-05-14 09:13:56.501 | Elapsed=16ms | Status=Completed
2026-05-14 09:13:57 | INF | ACTION_TRACE | Acc=admin | Path=/Home/GetMenu | IP=::1 | Start=2026-05-14 09:13:57.836 | Elapsed=62ms | Status=Completed
2026-05-14 09:14:01 | INF | CONTROLLER_EXEC | Acc= admin | IP=::1 | Path=SYS202100/SYS202100 | Message=GET /SYS202100/SYS202100
2026-05-14 09:14:01 | INF | ACTION_TRACE | Acc=admin | Path=/SYS202100/SYS202100 | IP=::1 | Start=2026-05-14 09:14:01.202 | Elapsed=4ms | Status=Completed
2026-05-14 09:14:01 | INF | CONTROLLER_EXEC | Acc= admin | IP=::1 | Path=SYS202100/GetList | Message=POST /SYS202100/GetList
2026-05-14 09:14:01 | INF | ACTION_TRACE | Acc=admin | Path=/SYS202100/GetList | IP=::1 | Start=2026-05-14 09:14:01.235 | Elapsed=4ms | Status=Completed
2026-05-14 09:14:01 | INF | CONTROLLER_EXEC | Acc= admin | IP=::1 | Path=SYS202100/GetList | Message=POST /SYS202100/GetList
2026-05-14 09:14:01 | INF | ACTION_TRACE | Acc=admin | Path=/SYS202100/GetList | IP=::1 | Start=2026-05-14 09:14:01.258 | Elapsed=5ms | Status=Completed
2026-05-14 09:14:26 | INF | ACTION_TRACE | Acc=admin | Path=/Home/Index | IP=::1 | Start=2026-05-14 09:14:26.304 | Elapsed=56ms | Status=Completed
2026-05-14 09:14:26 | INF | ACTION_TRACE | Acc=admin | Path=/Home/Index | IP=::1 | Start=2026-05-14 09:14:26.321 | Elapsed=40ms | Status=Completed
2026-05-14 09:14:28 | INF | ACTION_TRACE | Acc=admin | Path=/Home/GetMenu | IP=::1 | Start=2026-05-14 09:14:28.105 | Elapsed=7ms | Status=Completed
2026-05-14 09:14:58 | INF | CONTROLLER_EXEC | Acc= admin | IP=::1 | Path=SYS202100/SYS202100 | Message=GET /SYS202100/SYS202100
2026-05-14 09:14:58 | INF | ACTION_TRACE | Acc=admin | Path=/SYS202100/SYS202100 | IP=::1 | Start=2026-05-14 09:14:58.605 | Elapsed=51ms | Status=Completed
2026-05-14 09:14:58 | INF | CONTROLLER_EXEC | Acc= admin | IP=::1 | Path=SYS202100/GetList | Message=POST /SYS202100/GetList
2026-05-14 09:14:58 | INF | ACTION_TRACE | Acc=admin | Path=/SYS202100/GetList | IP=::1 | Start=2026-05-14 09:14:58.708 | Elapsed=19ms | Status=Completed
2026-05-14 09:14:58 | INF | CONTROLLER_EXEC | Acc= admin | IP=::1 | Path=SYS202100/GetList | Message=POST /SYS202100/GetList
2026-05-14 09:14:58 | INF | ACTION_TRACE | Acc=admin | Path=/SYS202100/GetList | IP=::1 | Start=2026-05-14 09:14:58.766 | Elapsed=5ms | Status=Completed
2026-05-14 09:15:16 | INF | CONTROLLER_EXEC | Acc= admin | IP=::1 | Path=SYS202100/GetList | Message=POST /SYS202100/GetList
2026-05-14 09:15:16 | INF | ACTION_TRACE | Acc=admin | Path=/SYS202100/GetList | IP=::1 | Start=2026-05-14 09:15:16.853 | Elapsed=4ms | Status=Completed
2026-05-14 09:15:19 | INF | CONTROLLER_EXEC | Acc= admin | IP=::1 | Path=SYS202100/GetList | Message=POST /SYS202100/GetList
2026-05-14 09:15:19 | INF | ACTION_TRACE | Acc=admin | Path=/SYS202100/GetList | IP=::1 | Start=2026-05-14 09:15:19.736 | Elapsed=11ms | Status=Completed
2026-05-14 09:15:34 | INF | ACTION_TRACE | Acc=admin | Path=/Home/Index | IP=::1 | Start=2026-05-14 09:15:34.451 | Elapsed=19ms | Status=Completed
2026-05-14 09:15:36 | INF | ACTION_TRACE | Acc=admin | Path=/Home/GetMenu | IP=::1 | Start=2026-05-14 09:15:36.071 | Elapsed=11ms | Status=Completed
2026-05-14 09:15:39 | INF | CONTROLLER_EXEC | Acc= admin | IP=::1 | Path=SYS202100/SYS202100 | Message=GET /SYS202100/SYS202100
2026-05-14 09:15:39 | INF | ACTION_TRACE | Acc=admin | Path=/SYS202100/SYS202100 | IP=::1 | Start=2026-05-14 09:15:39.651 | Elapsed=12ms | Status=Completed
2026-05-14 09:15:39 | INF | CONTROLLER_EXEC | Acc= admin | IP=::1 | Path=SYS202100/GetList | Message=POST /SYS202100/GetList
2026-05-14 09:15:39 | INF | ACTION_TRACE | Acc=admin | Path=/SYS202100/GetList | IP=::1 | Start=2026-05-14 09:15:39.697 | Elapsed=4ms | Status=Completed
2026-05-14 09:15:39 | INF | CONTROLLER_EXEC | Acc= admin | IP=::1 | Path=SYS202100/GetList | Message=POST /SYS202100/GetList
2026-05-14 09:15:39 | INF | ACTION_TRACE | Acc=admin | Path=/SYS202100/GetList | IP=::1 | Start=2026-05-14 09:15:39.724 | Elapsed=8ms | Status=Completed
2026-05-14 09:18:59 | WRN | No store type was specified for the decimal property 'OveMoney' on entity type 'HROvertime'. This will cause values to be silently truncated if they do not fit in the default precision and scale. Explicitly specify the SQL server column type that can accommodate all the values in 'OnModelCreating' using 'HasColumnType', specify precision and scale using 'HasPrecision', or configure a value converter using 'HasConversion'.
2026-05-14 09:18:59 | WRN | No store type was specified for the decimal property 'Wag1D1Hour' on entity type 'HRWage'. This will cause values to be silently truncated if they do not fit in the default precision and scale. Explicitly specify the SQL server column type that can accommodate all the values in 'OnModelCreating' using 'HasColumnType', specify precision and scale using 'HasPrecision', or configure a value converter using 'HasConversion'.
2026-05-14 09:18:59 | WRN | No store type was specified for the decimal property 'Wag2D1Hour' on entity type 'HRWage'. This will cause values to be silently truncated if they do not fit in the default precision and scale. Explicitly specify the SQL server column type that can accommodate all the values in 'OnModelCreating' using 'HasColumnType', specify precision and scale using 'HasPrecision', or configure a value converter using 'HasConversion'.
2026-05-14 09:18:59 | WRN | No store type was specified for the decimal property 'Wag4D3Hour' on entity type 'HRWage'. This will cause values to be silently truncated if they do not fit in the default precision and scale. Explicitly specify the SQL server column type that can accommodate all the values in 'OnModelCreating' using 'HasColumnType', specify precision and scale using 'HasPrecision', or configure a value converter using 'HasConversion'.
2026-05-14 09:18:59 | WRN | No store type was specified for the decimal property 'Wag5D3Hour' on entity type 'HRWage'. This will cause values to be silently truncated if they do not fit in the default precision and scale. Explicitly specify the SQL server column type that can accommodate all the values in 'OnModelCreating' using 'HasColumnType', specify precision and scale using 'HasPrecision', or configure a value converter using 'HasConversion'.
2026-05-14 09:18:59 | WRN | No store type was specified for the decimal property 'Wag8D3Hour' on entity type 'HRWage'. This will cause values to be silently truncated if they do not fit in the default precision and scale. Explicitly specify the SQL server column type that can accommodate all the values in 'OnModelCreating' using 'HasColumnType', specify precision and scale using 'HasPrecision', or configure a value converter using 'HasConversion'.
2026-05-14 09:18:59 | WRN | No store type was specified for the decimal property 'WagApplyHour' on entity type 'HRWage'. This will cause values to be silently truncated if they do not fit in the default precision and scale. Explicitly specify the SQL server column type that can accommodate all the values in 'OnModelCreating' using 'HasColumnType', specify precision and scale using 'HasPrecision', or configure a value converter using 'HasConversion'.
2026-05-14 09:18:59 | WRN | No store type was specified for the decimal property 'WagIssueHour' on entity type 'HRWage'. This will cause values to be silently truncated if they do not fit in the default precision and scale. Explicitly specify the SQL server column type that can accommodate all the values in 'OnModelCreating' using 'HasColumnType', specify precision and scale using 'HasPrecision', or configure a value converter using 'HasConversion'.
2026-05-14 09:18:59 | WRN | No store type was specified for the decimal property 'WagSubtotal' on entity type 'HRWage'. This will cause values to be silently truncated if they do not fit in the default precision and scale. Explicitly specify the SQL server column type that can accommodate all the values in 'OnModelCreating' using 'HasColumnType', specify precision and scale using 'HasPrecision', or configure a value converter using 'HasConversion'.
2026-05-14 09:19:05 | WRN | The query uses the 'First'/'FirstOrDefault' operator without 'OrderBy' and filter operators. This may lead to unpredictable results.
2026-05-14 09:19:06 | INF | ACTION_TRACE | Acc=admin | Path=/ | IP=::1 | Start=2026-05-14 09:18:58.869 | Elapsed=7353ms | Status=Completed
2026-05-14 09:19:06 | INF | NETWORK_UNSTABLE | Acc=admin | Path=/ | Reason=SlowRequest 7353ms
2026-05-14 09:19:06 | INF | ACTION_TRACE | Acc=admin | Path=/Captcha/Generate | IP=::1 | Start=2026-05-14 09:19:06.549 | Elapsed=45ms | Status=Completed
2026-05-14 09:19:06 | INF | ACTION_TRACE | Acc=admin | Path=/DNTCaptchaImage/Show | IP=::1 | Start=2026-05-14 09:19:06.611 | Elapsed=175ms | Status=Completed
2026-05-14 09:19:18 | INF | ACTION_TRACE | Acc=admin | Path=/Account/Login | IP=::1 | Start=2026-05-14 09:19:10.541 | Elapsed=8125ms | Status=Completed
2026-05-14 09:19:18 | INF | NETWORK_UNSTABLE | Acc=admin | Path=/Account/Login | Reason=SlowRequest 8125ms
2026-05-14 09:19:18 | INF | ACTION_TRACE | Acc=admin | Path=/Home/Index | IP=::1 | Start=2026-05-14 09:19:18.686 | Elapsed=300ms | Status=Completed
2026-05-14 09:19:22 | INF | ACTION_TRACE | Acc=admin | Path=/Home/GetMenu | IP=::1 | Start=2026-05-14 09:19:22.066 | Elapsed=52ms | Status=Completed
2026-05-14 09:19:24 | INF | CONTROLLER_EXEC | Acc= admin | IP=::1 | Path=SYS202100/SYS202100 | Message=GET /SYS202100/SYS202100
2026-05-14 09:19:24 | INF | ACTION_TRACE | Acc=admin | Path=/SYS202100/SYS202100 | IP=::1 | Start=2026-05-14 09:19:24.820 | Elapsed=165ms | Status=Completed
2026-05-14 09:19:25 | INF | CONTROLLER_EXEC | Acc= admin | IP=::1 | Path=SYS202100/GetList | Message=POST /SYS202100/GetList
2026-05-14 09:19:25 | INF | ACTION_TRACE | Acc=admin | Path=/SYS202100/GetList | IP=::1 | Start=2026-05-14 09:19:25.028 | Elapsed=103ms | Status=Completed
2026-05-14 09:19:25 | INF | CONTROLLER_EXEC | Acc= admin | IP=::1 | Path=SYS202100/GetList | Message=POST /SYS202100/GetList
2026-05-14 09:19:25 | INF | ACTION_TRACE | Acc=admin | Path=/SYS202100/GetList | IP=::1 | Start=2026-05-14 09:19:25.172 | Elapsed=12ms | Status=Completed
2026-05-14 09:19:25 | INF | CONTROLLER_EXEC | Acc= admin | IP=::1 | Path=SYS202100/GetList | Message=POST /SYS202100/GetList
2026-05-14 09:19:25 | INF | ACTION_TRACE | Acc=admin | Path=/SYS202100/GetList | IP=::1 | Start=2026-05-14 09:19:25.861 | Elapsed=9ms | Status=Completed
2026-05-14 09:19:27 | INF | CONTROLLER_EXEC | Acc= admin | IP=::1 | Path=SYS202100/GetList | Message=POST /SYS202100/GetList
2026-05-14 09:19:27 | INF | ACTION_TRACE | Acc=admin | Path=/SYS202100/GetList | IP=::1 | Start=2026-05-14 09:19:27.297 | Elapsed=17ms | Status=Completed
2026-05-14 09:19:27 | INF | CONTROLLER_EXEC | Acc= admin | IP=::1 | Path=SYS202100/GetList | Message=POST /SYS202100/GetList
2026-05-14 09:19:27 | INF | ACTION_TRACE | Acc=admin | Path=/SYS202100/GetList | IP=::1 | Start=2026-05-14 09:19:27.879 | Elapsed=15ms | Status=Completed
2026-05-14 09:19:28 | INF | CONTROLLER_EXEC | Acc= admin | IP=::1 | Path=SYS202100/GetList | Message=POST /SYS202100/GetList
2026-05-14 09:19:28 | INF | ACTION_TRACE | Acc=admin | Path=/SYS202100/GetList | IP=::1 | Start=2026-05-14 09:19:28.467 | Elapsed=5ms | Status=Completed
2026-05-14 09:19:29 | INF | CONTROLLER_EXEC | Acc= admin | IP=::1 | Path=SYS202100/GetList | Message=POST /SYS202100/GetList
2026-05-14 09:19:29 | INF | ACTION_TRACE | Acc=admin | Path=/SYS202100/GetList | IP=::1 | Start=2026-05-14 09:19:29.466 | Elapsed=6ms | Status=Completed
2026-05-14 09:19:30 | INF | CONTROLLER_EXEC | Acc= admin | IP=::1 | Path=SYS202100/GetList | Message=POST /SYS202100/GetList
2026-05-14 09:19:30 | INF | ACTION_TRACE | Acc=admin | Path=/SYS202100/GetList | IP=::1 | Start=2026-05-14 09:19:30.095 | Elapsed=13ms | Status=Completed
2026-05-14 09:19:30 | INF | CONTROLLER_EXEC | Acc= admin | IP=::1 | Path=SYS202100/GetList | Message=POST /SYS202100/GetList
2026-05-14 09:19:30 | INF | ACTION_TRACE | Acc=admin | Path=/SYS202100/GetList | IP=::1 | Start=2026-05-14 09:19:30.561 | Elapsed=19ms | Status=Completed
2026-05-14 09:19:31 | INF | CONTROLLER_EXEC | Acc= admin | IP=::1 | Path=SYS202100/GetList | Message=POST /SYS202100/GetList
2026-05-14 09:19:31 | INF | ACTION_TRACE | Acc=admin | Path=/SYS202100/GetList | IP=::1 | Start=2026-05-14 09:19:31.705 | Elapsed=14ms | Status=Completed
2026-05-14 09:19:32 | INF | CONTROLLER_EXEC | Acc= admin | IP=::1 | Path=SYS202100/GetList | Message=POST /SYS202100/GetList
2026-05-14 09:19:32 | INF | ACTION_TRACE | Acc=admin | Path=/SYS202100/GetList | IP=::1 | Start=2026-05-14 09:19:32.131 | Elapsed=15ms | Status=Completed
2026-05-14 09:20:00 | INF | CONTROLLER_EXEC | Acc= admin | IP=::1 | Path=SYS202100/GetList | Message=POST /SYS202100/GetList
2026-05-14 09:20:00 | INF | ACTION_TRACE | Acc=admin | Path=/SYS202100/GetList | IP=::1 | Start=2026-05-14 09:20:00.021 | Elapsed=16ms | Status=Completed
2026-05-14 09:20:01 | INF | CONTROLLER_EXEC | Acc= admin | IP=::1 | Path=SYS202100/GetList | Message=POST /SYS202100/GetList
2026-05-14 09:20:01 | INF | ACTION_TRACE | Acc=admin | Path=/SYS202100/GetList | IP=::1 | Start=2026-05-14 09:20:01.751 | Elapsed=12ms | Status=Completed
2026-05-14 09:20:17 | INF | ACTION_TRACE | Acc=admin | Path=/Home/Index | IP=::1 | Start=2026-05-14 09:20:17.875 | Elapsed=43ms | Status=Completed
2026-05-14 09:20:40 | INF | ACTION_TRACE | Acc=admin | Path=/Home/Index | IP=::1 | Start=2026-05-14 09:20:40.545 | Elapsed=49ms | Status=Completed
2026-05-14 09:20:41 | INF | ACTION_TRACE | Acc=admin | Path=/Home/GetMenu | IP=::1 | Start=2026-05-14 09:20:41.807 | Elapsed=14ms | Status=Completed
2026-05-14 09:20:44 | INF | CONTROLLER_EXEC | Acc= admin | IP=::1 | Path=SYS202100/SYS202100 | Message=GET /SYS202100/SYS202100
2026-05-14 09:20:44 | INF | ACTION_TRACE | Acc=admin | Path=/SYS202100/SYS202100 | IP=::1 | Start=2026-05-14 09:20:44.380 | Elapsed=57ms | Status=Completed
2026-05-14 09:20:44 | INF | CONTROLLER_EXEC | Acc= admin | IP=::1 | Path=SYS202100/GetList | Message=POST /SYS202100/GetList
2026-05-14 09:20:44 | INF | ACTION_TRACE | Acc=admin | Path=/SYS202100/GetList | IP=::1 | Start=2026-05-14 09:20:44.483 | Elapsed=22ms | Status=Completed
2026-05-14 09:20:44 | INF | CONTROLLER_EXEC | Acc= admin | IP=::1 | Path=SYS202100/GetList | Message=POST /SYS202100/GetList
2026-05-14 09:20:44 | INF | ACTION_TRACE | Acc=admin | Path=/SYS202100/GetList | IP=::1 | Start=2026-05-14 09:20:44.534 | Elapsed=7ms | Status=Completed
2026-05-14 09:21:01 | INF | ACTION_TRACE | Acc=admin | Path=/Home/Index | IP=::1 | Start=2026-05-14 09:21:01.836 | Elapsed=15ms | Status=Completed
2026-05-14 09:21:08 | INF | ACTION_TRACE | Acc=admin | Path=/Home/Index | IP=::1 | Start=2026-05-14 09:21:08.063 | Elapsed=54ms | Status=Completed
2026-05-14 09:21:09 | INF | ACTION_TRACE | Acc=admin | Path=/Home/GetMenu | IP=::1 | Start=2026-05-14 09:21:09.116 | Elapsed=7ms | Status=Completed
2026-05-14 09:21:11 | INF | CONTROLLER_EXEC | Acc= admin | IP=::1 | Path=SYS202100/SYS202100 | Message=GET /SYS202100/SYS202100
2026-05-14 09:21:11 | INF | ACTION_TRACE | Acc=admin | Path=/SYS202100/SYS202100 | IP=::1 | Start=2026-05-14 09:21:11.157 | Elapsed=95ms | Status=Completed
2026-05-14 09:21:11 | INF | CONTROLLER_EXEC | Acc= admin | IP=::1 | Path=SYS202100/GetList | Message=POST /SYS202100/GetList
2026-05-14 09:21:11 | INF | ACTION_TRACE | Acc=admin | Path=/SYS202100/GetList | IP=::1 | Start=2026-05-14 09:21:11.298 | Elapsed=20ms | Status=Completed
2026-05-14 09:21:11 | INF | CONTROLLER_EXEC | Acc= admin | IP=::1 | Path=SYS202100/GetList | Message=POST /SYS202100/GetList
2026-05-14 09:21:11 | INF | ACTION_TRACE | Acc=admin | Path=/SYS202100/GetList | IP=::1 | Start=2026-05-14 09:21:11.341 | Elapsed=6ms | Status=Completed
2026-05-14 09:21:15 | INF | CONTROLLER_EXEC | Acc= admin | IP=::1 | Path=SYS202100/GetList | Message=POST /SYS202100/GetList
2026-05-14 09:21:15 | INF | ACTION_TRACE | Acc=admin | Path=/SYS202100/GetList | IP=::1 | Start=2026-05-14 09:21:15.291 | Elapsed=12ms | Status=Completed
2026-05-14 09:22:11 | INF | ACTION_TRACE | Acc=admin | Path=/Home/Index | IP=::1 | Start=2026-05-14 09:22:11.217 | Elapsed=46ms | Status=Completed
2026-05-14 09:22:13 | INF | ACTION_TRACE | Acc=admin | Path=/Home/Index | IP=::1 | Start=2026-05-14 09:22:13.865 | Elapsed=11ms | Status=Completed
2026-05-14 09:22:18 | INF | ACTION_TRACE | Acc=admin | Path=/Home/GetMenu | IP=::1 | Start=2026-05-14 09:22:18.891 | Elapsed=11ms | Status=Completed
2026-05-14 09:22:22 | INF | CONTROLLER_EXEC | Acc= admin | IP=::1 | Path=SYS202100/SYS202100 | Message=GET /SYS202100/SYS202100
2026-05-14 09:22:22 | INF | ACTION_TRACE | Acc=admin | Path=/SYS202100/SYS202100 | IP=::1 | Start=2026-05-14 09:22:22.462 | Elapsed=56ms | Status=Completed
2026-05-14 09:22:22 | INF | CONTROLLER_EXEC | Acc= admin | IP=::1 | Path=SYS202100/GetList | Message=POST /SYS202100/GetList
2026-05-14 09:22:22 | INF | ACTION_TRACE | Acc=admin | Path=/SYS202100/GetList | IP=::1 | Start=2026-05-14 09:22:22.550 | Elapsed=17ms | Status=Completed
2026-05-14 09:22:22 | INF | CONTROLLER_EXEC | Acc= admin | IP=::1 | Path=SYS202100/GetList | Message=POST /SYS202100/GetList
2026-05-14 09:22:22 | INF | ACTION_TRACE | Acc=admin | Path=/SYS202100/GetList | IP=::1 | Start=2026-05-14 09:22:22.589 | Elapsed=5ms | Status=Completed
2026-05-14 09:22:35 | INF | CONTROLLER_EXEC | Acc= admin | IP=::1 | Path=SYS202100/GetList | Message=POST /SYS202100/GetList
2026-05-14 09:22:35 | INF | ACTION_TRACE | Acc=admin | Path=/SYS202100/GetList | IP=::1 | Start=2026-05-14 09:22:35.972 | Elapsed=9ms | Status=Completed
2026-05-14 09:23:03 | INF | ACTION_TRACE | Acc=admin | Path=/Home/Index | IP=::1 | Start=2026-05-14 09:23:03.717 | Elapsed=56ms | Status=Completed
2026-05-14 09:23:05 | INF | ACTION_TRACE | Acc=admin | Path=/Home/GetMenu | IP=::1 | Start=2026-05-14 09:23:05.209 | Elapsed=13ms | Status=Completed
2026-05-14 09:23:07 | INF | CONTROLLER_EXEC | Acc= admin | IP=::1 | Path=SYS202100/SYS202100 | Message=GET /SYS202100/SYS202100
2026-05-14 09:23:07 | INF | ACTION_TRACE | Acc=admin | Path=/SYS202100/SYS202100 | IP=::1 | Start=2026-05-14 09:23:07.444 | Elapsed=69ms | Status=Completed
2026-05-14 09:23:07 | INF | CONTROLLER_EXEC | Acc= admin | IP=::1 | Path=SYS202100/GetList | Message=POST /SYS202100/GetList
2026-05-14 09:23:07 | INF | ACTION_TRACE | Acc=admin | Path=/SYS202100/GetList | IP=::1 | Start=2026-05-14 09:23:07.551 | Elapsed=18ms | Status=Completed
2026-05-14 09:23:07 | INF | CONTROLLER_EXEC | Acc= admin | IP=::1 | Path=SYS202100/GetList | Message=POST /SYS202100/GetList
2026-05-14 09:23:07 | INF | ACTION_TRACE | Acc=admin | Path=/SYS202100/GetList | IP=::1 | Start=2026-05-14 09:23:07.597 | Elapsed=14ms | Status=Completed
2026-05-14 09:23:09 | INF | CONTROLLER_EXEC | Acc= admin | IP=::1 | Path=SYS202100/GetList | Message=POST /SYS202100/GetList
2026-05-14 09:23:09 | INF | ACTION_TRACE | Acc=admin | Path=/SYS202100/GetList | IP=::1 | Start=2026-05-14 09:23:09.100 | Elapsed=6ms | Status=Completed
2026-05-14 09:23:38 | INF | CONTROLLER_EXEC | Acc= admin | IP=::1 | Path=SYS202100/GetList | Message=POST /SYS202100/GetList
2026-05-14 09:23:38 | INF | ACTION_TRACE | Acc=admin | Path=/SYS202100/GetList | IP=::1 | Start=2026-05-14 09:23:38.571 | Elapsed=4ms | Status=Completed
2026-05-14 09:23:40 | INF | CONTROLLER_EXEC | Acc= admin | IP=::1 | Path=SYS202100/GetList | Message=POST /SYS202100/GetList
2026-05-14 09:23:40 | INF | ACTION_TRACE | Acc=admin | Path=/SYS202100/GetList | IP=::1 | Start=2026-05-14 09:23:40.483 | Elapsed=4ms | Status=Completed
2026-05-14 09:23:41 | INF | CONTROLLER_EXEC | Acc= admin | IP=::1 | Path=SYS202100/GetList | Message=POST /SYS202100/GetList
2026-05-14 09:23:41 | INF | ACTION_TRACE | Acc=admin | Path=/SYS202100/GetList | IP=::1 | Start=2026-05-14 09:23:41.747 | Elapsed=4ms | Status=Completed
2026-05-14 09:23:42 | INF | CONTROLLER_EXEC | Acc= admin | IP=::1 | Path=SYS202100/GetList | Message=POST /SYS202100/GetList
2026-05-14 09:23:42 | INF | ACTION_TRACE | Acc=admin | Path=/SYS202100/GetList | IP=::1 | Start=2026-05-14 09:23:42.193 | Elapsed=5ms | Status=Completed
2026-05-14 09:23:42 | INF | CONTROLLER_EXEC | Acc= admin | IP=::1 | Path=SYS202100/GetList | Message=POST /SYS202100/GetList
2026-05-14 09:23:42 | INF | ACTION_TRACE | Acc=admin | Path=/SYS202100/GetList | IP=::1 | Start=2026-05-14 09:23:42.954 | Elapsed=5ms | Status=Completed
2026-05-14 09:23:43 | INF | CONTROLLER_EXEC | Acc= admin | IP=::1 | Path=SYS202100/GetList | Message=POST /SYS202100/GetList
2026-05-14 09:23:43 | INF | ACTION_TRACE | Acc=admin | Path=/SYS202100/GetList | IP=::1 | Start=2026-05-14 09:23:43.664 | Elapsed=4ms | Status=Completed
2026-05-14 09:23:44 | INF | CONTROLLER_EXEC | Acc= admin | IP=::1 | Path=SYS202100/GetList | Message=POST /SYS202100/GetList
2026-05-14 09:23:44 | INF | ACTION_TRACE | Acc=admin | Path=/SYS202100/GetList | IP=::1 | Start=2026-05-14 09:23:44.329 | Elapsed=4ms | Status=Completed
2026-05-14 09:23:44 | INF | CONTROLLER_EXEC | Acc= admin | IP=::1 | Path=SYS202100/GetList | Message=POST /SYS202100/GetList
2026-05-14 09:23:44 | INF | ACTION_TRACE | Acc=admin | Path=/SYS202100/GetList | IP=::1 | Start=2026-05-14 09:23:44.823 | Elapsed=7ms | Status=Completed
2026-05-14 09:23:45 | INF | CONTROLLER_EXEC | Acc= admin | IP=::1 | Path=SYS202100/GetList | Message=POST /SYS202100/GetList
2026-05-14 09:23:45 | INF | ACTION_TRACE | Acc=admin | Path=/SYS202100/GetList | IP=::1 | Start=2026-05-14 09:23:45.554 | Elapsed=4ms | Status=Completed
2026-05-14 09:23:46 | INF | CONTROLLER_EXEC | Acc= admin | IP=::1 | Path=SYS202100/GetList | Message=POST /SYS202100/GetList
2026-05-14 09:23:46 | INF | ACTION_TRACE | Acc=admin | Path=/SYS202100/GetList | IP=::1 | Start=2026-05-14 09:23:46.209 | Elapsed=7ms | Status=Completed
2026-05-14 09:23:47 | INF | CONTROLLER_EXEC | Acc= admin | IP=::1 | Path=SYS202100/GetList | Message=POST /SYS202100/GetList
2026-05-14 09:23:47 | INF | ACTION_TRACE | Acc=admin | Path=/SYS202100/GetList | IP=::1 | Start=2026-05-14 09:23:47.154 | Elapsed=4ms | Status=Completed
2026-05-14 09:23:47 | INF | CONTROLLER_EXEC | Acc= admin | IP=::1 | Path=SYS202100/GetList | Message=POST /SYS202100/GetList
2026-05-14 09:23:47 | INF | ACTION_TRACE | Acc=admin | Path=/SYS202100/GetList | IP=::1 | Start=2026-05-14 09:23:47.514 | Elapsed=4ms | Status=Completed
2026-05-14 09:23:48 | INF | CONTROLLER_EXEC | Acc= admin | IP=::1 | Path=SYS202100/GetList | Message=POST /SYS202100/GetList
2026-05-14 09:23:48 | INF | ACTION_TRACE | Acc=admin | Path=/SYS202100/GetList | IP=::1 | Start=2026-05-14 09:23:48.323 | Elapsed=5ms | Status=Completed
2026-05-14 09:23:48 | INF | CONTROLLER_EXEC | Acc= admin | IP=::1 | Path=SYS202100/GetList | Message=POST /SYS202100/GetList
2026-05-14 09:23:48 | INF | ACTION_TRACE | Acc=admin | Path=/SYS202100/GetList | IP=::1 | Start=2026-05-14 09:23:48.886 | Elapsed=4ms | Status=Completed
2026-05-14 10:02:02 | WRN | No store type was specified for the decimal property 'OveMoney' on entity type 'HROvertime'. This will cause values to be silently truncated if they do not fit in the default precision and scale. Explicitly specify the SQL server column type that can accommodate all the values in 'OnModelCreating' using 'HasColumnType', specify precision and scale using 'HasPrecision', or configure a value converter using 'HasConversion'.
2026-05-14 10:02:02 | WRN | No store type was specified for the decimal property 'Wag1D1Hour' on entity type 'HRWage'. This will cause values to be silently truncated if they do not fit in the default precision and scale. Explicitly specify the SQL server column type that can accommodate all the values in 'OnModelCreating' using 'HasColumnType', specify precision and scale using 'HasPrecision', or configure a value converter using 'HasConversion'.
2026-05-14 10:02:02 | WRN | No store type was specified for the decimal property 'Wag2D1Hour' on entity type 'HRWage'. This will cause values to be silently truncated if they do not fit in the default precision and scale. Explicitly specify the SQL server column type that can accommodate all the values in 'OnModelCreating' using 'HasColumnType', specify precision and scale using 'HasPrecision', or configure a value converter using 'HasConversion'.
2026-05-14 10:02:02 | WRN | No store type was specified for the decimal property 'Wag4D3Hour' on entity type 'HRWage'. This will cause values to be silently truncated if they do not fit in the default precision and scale. Explicitly specify the SQL server column type that can accommodate all the values in 'OnModelCreating' using 'HasColumnType', specify precision and scale using 'HasPrecision', or configure a value converter using 'HasConversion'.
2026-05-14 10:02:02 | WRN | No store type was specified for the decimal property 'Wag5D3Hour' on entity type 'HRWage'. This will cause values to be silently truncated if they do not fit in the default precision and scale. Explicitly specify the SQL server column type that can accommodate all the values in 'OnModelCreating' using 'HasColumnType', specify precision and scale using 'HasPrecision', or configure a value converter using 'HasConversion'.
2026-05-14 10:02:02 | WRN | No store type was specified for the decimal property 'Wag8D3Hour' on entity type 'HRWage'. This will cause values to be silently truncated if they do not fit in the default precision and scale. Explicitly specify the SQL server column type that can accommodate all the values in 'OnModelCreating' using 'HasColumnType', specify precision and scale using 'HasPrecision', or configure a value converter using 'HasConversion'.
2026-05-14 10:02:02 | WRN | No store type was specified for the decimal property 'WagApplyHour' on entity type 'HRWage'. This will cause values to be silently truncated if they do not fit in the default precision and scale. Explicitly specify the SQL server column type that can accommodate all the values in 'OnModelCreating' using 'HasColumnType', specify precision and scale using 'HasPrecision', or configure a value converter using 'HasConversion'.
2026-05-14 10:02:02 | WRN | No store type was specified for the decimal property 'WagIssueHour' on entity type 'HRWage'. This will cause values to be silently truncated if they do not fit in the default precision and scale. Explicitly specify the SQL server column type that can accommodate all the values in 'OnModelCreating' using 'HasColumnType', specify precision and scale using 'HasPrecision', or configure a value converter using 'HasConversion'.
2026-05-14 10:02:02 | WRN | No store type was specified for the decimal property 'WagSubtotal' on entity type 'HRWage'. This will cause values to be silently truncated if they do not fit in the default precision and scale. Explicitly specify the SQL server column type that can accommodate all the values in 'OnModelCreating' using 'HasColumnType', specify precision and scale using 'HasPrecision', or configure a value converter using 'HasConversion'.
2026-05-14 10:02:07 | WRN | The query uses the 'First'/'FirstOrDefault' operator without 'OrderBy' and filter operators. This may lead to unpredictable results.
2026-05-14 10:02:08 | INF | ACTION_TRACE | Acc=admin | Path=/ | IP=::1 | Start=2026-05-14 10:02:01.622 | Elapsed=7294ms | Status=Completed
2026-05-14 10:02:08 | INF | NETWORK_UNSTABLE | Acc=admin | Path=/ | Reason=SlowRequest 7294ms
2026-05-14 10:02:09 | INF | ACTION_TRACE | Acc=admin | Path=/Captcha/Generate | IP=::1 | Start=2026-05-14 10:02:09.134 | Elapsed=38ms | Status=Completed
2026-05-14 10:02:09 | INF | ACTION_TRACE | Acc=admin | Path=/DNTCaptchaImage/Show | IP=::1 | Start=2026-05-14 10:02:09.221 | Elapsed=127ms | Status=Completed
2026-05-14 10:02:37 | INF | ACTION_TRACE | Acc=admin | Path=/Account/Login | IP=::1 | Start=2026-05-14 10:02:29.389 | Elapsed=7727ms | Status=Completed
2026-05-14 10:02:37 | INF | NETWORK_UNSTABLE | Acc=admin | Path=/Account/Login | Reason=SlowRequest 7727ms
2026-05-14 10:02:37 | INF | ACTION_TRACE | Acc=admin | Path=/Home/Index | IP=::1 | Start=2026-05-14 10:02:37.130 | Elapsed=219ms | Status=Completed
2026-05-14 10:02:50 | INF | ACTION_TRACE | Acc=admin | Path=/Home/GetMenu | IP=::1 | Start=2026-05-14 10:02:50.053 | Elapsed=18ms | Status=Completed
2026-05-14 10:02:53 | INF | CONTROLLER_EXEC | Acc= admin | IP=::1 | Path=SYS202100/SYS202100 | Message=GET /SYS202100/SYS202100
2026-05-14 10:02:53 | INF | ACTION_TRACE | Acc=admin | Path=/SYS202100/SYS202100 | IP=::1 | Start=2026-05-14 10:02:53.502 | Elapsed=106ms | Status=Completed
2026-05-14 10:02:53 | INF | CONTROLLER_EXEC | Acc= admin | IP=::1 | Path=SYS202100/GetList | Message=POST /SYS202100/GetList
2026-05-14 10:02:53 | INF | ACTION_TRACE | Acc=admin | Path=/SYS202100/GetList | IP=::1 | Start=2026-05-14 10:02:53.672 | Elapsed=128ms | Status=Completed
2026-05-14 10:03:30 | INF | CONTROLLER_EXEC | Acc= admin | IP=::1 | Path=SYS202100/GetList | Message=POST /SYS202100/GetList
2026-05-14 10:03:30 | INF | ACTION_TRACE | Acc=admin | Path=/SYS202100/GetList | IP=::1 | Start=2026-05-14 10:03:30.777 | Elapsed=42ms | Status=Completed
2026-05-14 10:03:35 | INF | CONTROLLER_EXEC | Acc= admin | IP=::1 | Path=SYS202100/GetList | Message=POST /SYS202100/GetList
2026-05-14 10:03:35 | INF | ACTION_TRACE | Acc=admin | Path=/SYS202100/GetList | IP=::1 | Start=2026-05-14 10:03:30.773 | Elapsed=4597ms | Status=Completed
2026-05-14 10:03:35 | INF | NETWORK_UNSTABLE | Acc=admin | Path=/SYS202100/GetList | Reason=SlowRequest 4597ms
2026-05-14 10:03:45 | INF | CONTROLLER_EXEC | Acc= admin | IP=::1 | Path=SYS202100/GetList | Message=POST /SYS202100/GetList
2026-05-14 10:03:45 | INF | CONTROLLER_EXEC | Acc= admin | IP=::1 | Path=SYS202100/GetList | Message=POST /SYS202100/GetList
2026-05-14 10:03:45 | INF | ACTION_TRACE | Acc=admin | Path=/SYS202100/GetList | IP=::1 | Start=2026-05-14 10:03:45.724 | Elapsed=11ms | Status=Completed
2026-05-14 10:03:45 | INF | ACTION_TRACE | Acc=admin | Path=/SYS202100/GetList | IP=::1 | Start=2026-05-14 10:03:45.728 | Elapsed=7ms | Status=Completed
2026-05-14 10:14:32 | WRN | No store type was specified for the decimal property 'OveMoney' on entity type 'HROvertime'. This will cause values to be silently truncated if they do not fit in the default precision and scale. Explicitly specify the SQL server column type that can accommodate all the values in 'OnModelCreating' using 'HasColumnType', specify precision and scale using 'HasPrecision', or configure a value converter using 'HasConversion'.
2026-05-14 10:14:32 | WRN | No store type was specified for the decimal property 'Wag1D1Hour' on entity type 'HRWage'. This will cause values to be silently truncated if they do not fit in the default precision and scale. Explicitly specify the SQL server column type that can accommodate all the values in 'OnModelCreating' using 'HasColumnType', specify precision and scale using 'HasPrecision', or configure a value converter using 'HasConversion'.
2026-05-14 10:14:32 | WRN | No store type was specified for the decimal property 'Wag2D1Hour' on entity type 'HRWage'. This will cause values to be silently truncated if they do not fit in the default precision and scale. Explicitly specify the SQL server column type that can accommodate all the values in 'OnModelCreating' using 'HasColumnType', specify precision and scale using 'HasPrecision', or configure a value converter using 'HasConversion'.
2026-05-14 10:14:32 | WRN | No store type was specified for the decimal property 'Wag4D3Hour' on entity type 'HRWage'. This will cause values to be silently truncated if they do not fit in the default precision and scale. Explicitly specify the SQL server column type that can accommodate all the values in 'OnModelCreating' using 'HasColumnType', specify precision and scale using 'HasPrecision', or configure a value converter using 'HasConversion'.
2026-05-14 10:14:32 | WRN | No store type was specified for the decimal property 'Wag5D3Hour' on entity type 'HRWage'. This will cause values to be silently truncated if they do not fit in the default precision and scale. Explicitly specify the SQL server column type that can accommodate all the values in 'OnModelCreating' using 'HasColumnType', specify precision and scale using 'HasPrecision', or configure a value converter using 'HasConversion'.
2026-05-14 10:14:32 | WRN | No store type was specified for the decimal property 'Wag8D3Hour' on entity type 'HRWage'. This will cause values to be silently truncated if they do not fit in the default precision and scale. Explicitly specify the SQL server column type that can accommodate all the values in 'OnModelCreating' using 'HasColumnType', specify precision and scale using 'HasPrecision', or configure a value converter using 'HasConversion'.
2026-05-14 10:14:32 | WRN | No store type was specified for the decimal property 'WagApplyHour' on entity type 'HRWage'. This will cause values to be silently truncated if they do not fit in the default precision and scale. Explicitly specify the SQL server column type that can accommodate all the values in 'OnModelCreating' using 'HasColumnType', specify precision and scale using 'HasPrecision', or configure a value converter using 'HasConversion'.
2026-05-14 10:14:32 | WRN | No store type was specified for the decimal property 'WagIssueHour' on entity type 'HRWage'. This will cause values to be silently truncated if they do not fit in the default precision and scale. Explicitly specify the SQL server column type that can accommodate all the values in 'OnModelCreating' using 'HasColumnType', specify precision and scale using 'HasPrecision', or configure a value converter using 'HasConversion'.
2026-05-14 10:14:32 | WRN | No store type was specified for the decimal property 'WagSubtotal' on entity type 'HRWage'. This will cause values to be silently truncated if they do not fit in the default precision and scale. Explicitly specify the SQL server column type that can accommodate all the values in 'OnModelCreating' using 'HasColumnType', specify precision and scale using 'HasPrecision', or configure a value converter using 'HasConversion'.
2026-05-14 10:14:37 | WRN | The query uses the 'First'/'FirstOrDefault' operator without 'OrderBy' and filter operators. This may lead to unpredictable results.
2026-05-14 10:14:38 | INF | ACTION_TRACE | Acc=admin | Path=/ | IP=::1 | Start=2026-05-14 10:14:31.150 | Elapsed=7306ms | Status=Completed
2026-05-14 10:14:38 | INF | NETWORK_UNSTABLE | Acc=admin | Path=/ | Reason=SlowRequest 7306ms
2026-05-14 10:14:38 | INF | ACTION_TRACE | Acc=admin | Path=/Captcha/Generate | IP=::1 | Start=2026-05-14 10:14:38.674 | Elapsed=44ms | Status=Completed
2026-05-14 10:14:38 | INF | ACTION_TRACE | Acc=admin | Path=/DNTCaptchaImage/Show | IP=::1 | Start=2026-05-14 10:14:38.768 | Elapsed=138ms | Status=Completed
2026-05-14 10:14:44 | INF | ACTION_TRACE | Acc=admin | Path=/Account/Login | IP=::1 | Start=2026-05-14 10:14:42.444 | Elapsed=2532ms | Status=Completed
2026-05-14 10:14:45 | INF | ACTION_TRACE | Acc=admin | Path=/Captcha/Generate | IP=::1 | Start=2026-05-14 10:14:45.301 | Elapsed=1ms | Status=Completed
2026-05-14 10:14:45 | INF | ACTION_TRACE | Acc=admin | Path=/DNTCaptchaImage/Show | IP=::1 | Start=2026-05-14 10:14:45.310 | Elapsed=16ms | Status=Completed
2026-05-14 10:14:58 | INF | ACTION_TRACE | Acc=admin | Path=/Account/Login | IP=::1 | Start=2026-05-14 10:14:49.619 | Elapsed=8477ms | Status=Completed
2026-05-14 10:14:58 | INF | NETWORK_UNSTABLE | Acc=admin | Path=/Account/Login | Reason=SlowRequest 8477ms
2026-05-14 10:14:58 | INF | ACTION_TRACE | Acc=admin | Path=/Home/Index | IP=::1 | Start=2026-05-14 10:14:58.112 | Elapsed=332ms | Status=Completed
2026-05-14 10:15:01 | INF | ACTION_TRACE | Acc=admin | Path=/Home/GetMenu | IP=::1 | Start=2026-05-14 10:15:01.691 | Elapsed=31ms | Status=Completed
2026-05-14 10:15:04 | INF | CONTROLLER_EXEC | Acc= admin | IP=::1 | Path=SYS202100/SYS202100 | Message=GET /SYS202100/SYS202100
2026-05-14 10:15:04 | INF | ACTION_TRACE | Acc=admin | Path=/SYS202100/SYS202100 | IP=::1 | Start=2026-05-14 10:15:04.495 | Elapsed=139ms | Status=Completed
2026-05-14 10:15:04 | INF | CONTROLLER_EXEC | Acc= admin | IP=::1 | Path=SYS202100/GetList | Message=POST /SYS202100/GetList
2026-05-14 10:15:04 | INF | ACTION_TRACE | Acc=admin | Path=/SYS202100/GetList | IP=::1 | Start=2026-05-14 10:15:04.708 | Elapsed=130ms | Status=Completed
2026-05-14 10:15:04 | INF | CONTROLLER_EXEC | Acc= admin | IP=::1 | Path=SYS202100/GetList | Message=POST /SYS202100/GetList
2026-05-14 10:15:04 | INF | ACTION_TRACE | Acc=admin | Path=/SYS202100/GetList | IP=::1 | Start=2026-05-14 10:15:04.881 | Elapsed=43ms | Status=Completed
2026-05-14 10:15:06 | INF | CONTROLLER_EXEC | Acc= admin | IP=::1 | Path=SYS202100/GetList | Message=POST /SYS202100/GetList
2026-05-14 10:15:06 | INF | ACTION_TRACE | Acc=admin | Path=/SYS202100/GetList | IP=::1 | Start=2026-05-14 10:15:06.009 | Elapsed=174ms | Status=Completed
2026-05-14 10:15:15 | INF | CONTROLLER_EXEC | Acc= admin | IP=::1 | Path=SYS202100/GetList | Message=POST /SYS202100/GetList
2026-05-14 10:15:15 | INF | ACTION_TRACE | Acc=admin | Path=/SYS202100/GetList | IP=::1 | Start=2026-05-14 10:15:15.458 | Elapsed=16ms | Status=Completed
2026-05-14 10:15:16 | INF | CONTROLLER_EXEC | Acc= admin | IP=::1 | Path=SYS202100/GetList | Message=POST /SYS202100/GetList
2026-05-14 10:15:16 | INF | ACTION_TRACE | Acc=admin | Path=/SYS202100/GetList | IP=::1 | Start=2026-05-14 10:15:16.921 | Elapsed=66ms | Status=Completed
2026-05-14 10:18:09 | WRN | No store type was specified for the decimal property 'OveMoney' on entity type 'HROvertime'. This will cause values to be silently truncated if they do not fit in the default precision and scale. Explicitly specify the SQL server column type that can accommodate all the values in 'OnModelCreating' using 'HasColumnType', specify precision and scale using 'HasPrecision', or configure a value converter using 'HasConversion'.
2026-05-14 10:18:09 | WRN | No store type was specified for the decimal property 'Wag1D1Hour' on entity type 'HRWage'. This will cause values to be silently truncated if they do not fit in the default precision and scale. Explicitly specify the SQL server column type that can accommodate all the values in 'OnModelCreating' using 'HasColumnType', specify precision and scale using 'HasPrecision', or configure a value converter using 'HasConversion'.
2026-05-14 10:18:09 | WRN | No store type was specified for the decimal property 'Wag2D1Hour' on entity type 'HRWage'. This will cause values to be silently truncated if they do not fit in the default precision and scale. Explicitly specify the SQL server column type that can accommodate all the values in 'OnModelCreating' using 'HasColumnType', specify precision and scale using 'HasPrecision', or configure a value converter using 'HasConversion'.
2026-05-14 10:18:09 | WRN | No store type was specified for the decimal property 'Wag4D3Hour' on entity type 'HRWage'. This will cause values to be silently truncated if they do not fit in the default precision and scale. Explicitly specify the SQL server column type that can accommodate all the values in 'OnModelCreating' using 'HasColumnType', specify precision and scale using 'HasPrecision', or configure a value converter using 'HasConversion'.
2026-05-14 10:18:09 | WRN | No store type was specified for the decimal property 'Wag5D3Hour' on entity type 'HRWage'. This will cause values to be silently truncated if they do not fit in the default precision and scale. Explicitly specify the SQL server column type that can accommodate all the values in 'OnModelCreating' using 'HasColumnType', specify precision and scale using 'HasPrecision', or configure a value converter using 'HasConversion'.
2026-05-14 10:18:09 | WRN | No store type was specified for the decimal property 'Wag8D3Hour' on entity type 'HRWage'. This will cause values to be silently truncated if they do not fit in the default precision and scale. Explicitly specify the SQL server column type that can accommodate all the values in 'OnModelCreating' using 'HasColumnType', specify precision and scale using 'HasPrecision', or configure a value converter using 'HasConversion'.
2026-05-14 10:18:09 | WRN | No store type was specified for the decimal property 'WagApplyHour' on entity type 'HRWage'. This will cause values to be silently truncated if they do not fit in the default precision and scale. Explicitly specify the SQL server column type that can accommodate all the values in 'OnModelCreating' using 'HasColumnType', specify precision and scale using 'HasPrecision', or configure a value converter using 'HasConversion'.
2026-05-14 10:18:09 | WRN | No store type was specified for the decimal property 'WagIssueHour' on entity type 'HRWage'. This will cause values to be silently truncated if they do not fit in the default precision and scale. Explicitly specify the SQL server column type that can accommodate all the values in 'OnModelCreating' using 'HasColumnType', specify precision and scale using 'HasPrecision', or configure a value converter using 'HasConversion'.
2026-05-14 10:18:09 | WRN | No store type was specified for the decimal property 'WagSubtotal' on entity type 'HRWage'. This will cause values to be silently truncated if they do not fit in the default precision and scale. Explicitly specify the SQL server column type that can accommodate all the values in 'OnModelCreating' using 'HasColumnType', specify precision and scale using 'HasPrecision', or configure a value converter using 'HasConversion'.
2026-05-14 10:18:14 | WRN | The query uses the 'First'/'FirstOrDefault' operator without 'OrderBy' and filter operators. This may lead to unpredictable results.
2026-05-14 10:18:15 | INF | ACTION_TRACE | Acc=admin | Path=/ | IP=::1 | Start=2026-05-14 10:18:08.650 | Elapsed=7156ms | Status=Completed
2026-05-14 10:18:15 | INF | NETWORK_UNSTABLE | Acc=admin | Path=/ | Reason=SlowRequest 7156ms
2026-05-14 10:18:16 | INF | ACTION_TRACE | Acc=admin | Path=/Captcha/Generate | IP=::1 | Start=2026-05-14 10:18:16.016 | Elapsed=41ms | Status=Completed
2026-05-14 10:18:16 | INF | ACTION_TRACE | Acc=admin | Path=/DNTCaptchaImage/Show | IP=::1 | Start=2026-05-14 10:18:16.076 | Elapsed=141ms | Status=Completed
2026-05-14 10:18:42 | INF | ACTION_TRACE | Acc=admin | Path=/Account/Login | IP=::1 | Start=2026-05-14 10:18:39.910 | Elapsed=2450ms | Status=Completed
2026-05-14 10:18:42 | INF | ACTION_TRACE | Acc=admin | Path=/Captcha/Generate | IP=::1 | Start=2026-05-14 10:18:42.446 | Elapsed=2ms | Status=Completed
2026-05-14 10:18:42 | INF | ACTION_TRACE | Acc=admin | Path=/DNTCaptchaImage/Show | IP=::1 | Start=2026-05-14 10:18:42.625 | Elapsed=13ms | Status=Completed
2026-05-14 10:18:55 | INF | ACTION_TRACE | Acc=admin | Path=/Account/Login | IP=::1 | Start=2026-05-14 10:18:47.692 | Elapsed=8296ms | Status=Completed
2026-05-14 10:18:55 | INF | NETWORK_UNSTABLE | Acc=admin | Path=/Account/Login | Reason=SlowRequest 8296ms
2026-05-14 10:18:56 | INF | ACTION_TRACE | Acc=admin | Path=/Home/Index | IP=::1 | Start=2026-05-14 10:18:56.001 | Elapsed=319ms | Status=Completed
2026-05-14 10:19:02 | INF | ACTION_TRACE | Acc=admin | Path=/Home/GetMenu | IP=::1 | Start=2026-05-14 10:19:02.609 | Elapsed=44ms | Status=Completed
2026-05-14 10:19:05 | INF | CONTROLLER_EXEC | Acc= admin | IP=::1 | Path=SYS202100/SYS202100 | Message=GET /SYS202100/SYS202100
2026-05-14 10:19:05 | INF | ACTION_TRACE | Acc=admin | Path=/SYS202100/SYS202100 | IP=::1 | Start=2026-05-14 10:19:05.433 | Elapsed=105ms | Status=Completed
2026-05-14 10:19:05 | INF | CONTROLLER_EXEC | Acc= admin | IP=::1 | Path=SYS202100/GetList | Message=POST /SYS202100/GetList
2026-05-14 10:19:05 | INF | ACTION_TRACE | Acc=admin | Path=/SYS202100/GetList | IP=::1 | Start=2026-05-14 10:19:05.602 | Elapsed=108ms | Status=Completed
2026-05-14 10:19:05 | INF | CONTROLLER_EXEC | Acc= admin | IP=::1 | Path=SYS202100/GetList | Message=POST /SYS202100/GetList
2026-05-14 10:19:05 | INF | ACTION_TRACE | Acc=admin | Path=/SYS202100/GetList | IP=::1 | Start=2026-05-14 10:19:05.756 | Elapsed=12ms | Status=Completed
2026-05-14 10:19:06 | INF | CONTROLLER_EXEC | Acc= admin | IP=::1 | Path=SYS202100/GetList | Message=POST /SYS202100/GetList
2026-05-14 10:19:06 | INF | ACTION_TRACE | Acc=admin | Path=/SYS202100/GetList | IP=::1 | Start=2026-05-14 10:19:06.253 | Elapsed=11ms | Status=Completed
2026-05-14 10:20:14 | INF | CONTROLLER_EXEC | Acc= admin | IP=::1 | Path=SYS202100/GetList | Message=POST /SYS202100/GetList
2026-05-14 10:20:14 | INF | ACTION_TRACE | Acc=admin | Path=/SYS202100/GetList | IP=::1 | Start=2026-05-14 10:20:14.122 | Elapsed=15ms | Status=Completed
2026-05-14 10:20:25 | INF | CONTROLLER_EXEC | Acc= admin | IP=::1 | Path=SYS202100/GetList | Message=POST /SYS202100/GetList
2026-05-14 10:20:25 | INF | ACTION_TRACE | Acc=admin | Path=/SYS202100/GetList | IP=::1 | Start=2026-05-14 10:20:25.806 | Elapsed=15ms | Status=Completed
2026-05-14 10:21:09 | INF | CONTROLLER_EXEC | Acc= admin | IP=::1 | Path=SYS202100/GetList | Message=POST /SYS202100/GetList
2026-05-14 10:21:09 | INF | ACTION_TRACE | Acc=admin | Path=/SYS202100/GetList | IP=::1 | Start=2026-05-14 10:21:09.775 | Elapsed=13ms | Status=Completed
2026-05-14 10:21:35 | INF | ACTION_TRACE | Acc=admin | Path=/Home/Index | IP=::1 | Start=2026-05-14 10:21:35.585 | Elapsed=54ms | Status=Completed
2026-05-14 10:21:38 | INF | ACTION_TRACE | Acc=admin | Path=/Home/GetMenu | IP=::1 | Start=2026-05-14 10:21:38.758 | Elapsed=20ms | Status=Completed
2026-05-14 10:21:41 | INF | CONTROLLER_EXEC | Acc= admin | IP=::1 | Path=SYS202100/SYS202100 | Message=GET /SYS202100/SYS202100
2026-05-14 10:21:41 | INF | ACTION_TRACE | Acc=admin | Path=/SYS202100/SYS202100 | IP=::1 | Start=2026-05-14 10:21:41.483 | Elapsed=48ms | Status=Completed
2026-05-14 10:21:41 | INF | CONTROLLER_EXEC | Acc= admin | IP=::1 | Path=SYS202100/GetList | Message=POST /SYS202100/GetList
2026-05-14 10:21:41 | INF | ACTION_TRACE | Acc=admin | Path=/SYS202100/GetList | IP=::1 | Start=2026-05-14 10:21:41.566 | Elapsed=21ms | Status=Completed
2026-05-14 10:21:41 | INF | CONTROLLER_EXEC | Acc= admin | IP=::1 | Path=SYS202100/GetList | Message=POST /SYS202100/GetList
2026-05-14 10:21:41 | INF | ACTION_TRACE | Acc=admin | Path=/SYS202100/GetList | IP=::1 | Start=2026-05-14 10:21:41.612 | Elapsed=10ms | Status=Completed
2026-05-14 10:21:45 | INF | CONTROLLER_EXEC | Acc= admin | IP=::1 | Path=SYS202100/GetList | Message=POST /SYS202100/GetList
2026-05-14 10:21:45 | INF | ACTION_TRACE | Acc=admin | Path=/SYS202100/GetList | IP=::1 | Start=2026-05-14 10:21:45.268 | Elapsed=5ms | Status=Completed
2026-05-14 10:22:01 | INF | ACTION_TRACE | Acc=admin | Path=/Home/Index | IP=::1 | Start=2026-05-14 10:22:01.175 | Elapsed=79ms | Status=Completed
2026-05-14 10:22:02 | INF | ACTION_TRACE | Acc=admin | Path=/Home/GetMenu | IP=::1 | Start=2026-05-14 10:22:02.659 | Elapsed=14ms | Status=Completed
2026-05-14 10:22:06 | INF | CONTROLLER_EXEC | Acc= admin | IP=::1 | Path=SYS202100/SYS202100 | Message=GET /SYS202100/SYS202100
2026-05-14 10:22:06 | INF | ACTION_TRACE | Acc=admin | Path=/SYS202100/SYS202100 | IP=::1 | Start=2026-05-14 10:22:06.085 | Elapsed=68ms | Status=Completed
2026-05-14 10:22:06 | INF | CONTROLLER_EXEC | Acc= admin | IP=::1 | Path=SYS202100/GetList | Message=POST /SYS202100/GetList
2026-05-14 10:22:06 | INF | ACTION_TRACE | Acc=admin | Path=/SYS202100/GetList | IP=::1 | Start=2026-05-14 10:22:06.189 | Elapsed=19ms | Status=Completed
2026-05-14 10:22:06 | INF | CONTROLLER_EXEC | Acc= admin | IP=::1 | Path=SYS202100/GetList | Message=POST /SYS202100/GetList
2026-05-14 10:22:06 | INF | ACTION_TRACE | Acc=admin | Path=/SYS202100/GetList | IP=::1 | Start=2026-05-14 10:22:06.252 | Elapsed=11ms | Status=Completed
2026-05-14 10:23:39 | INF | CONTROLLER_EXEC | Acc= admin | IP=::1 | Path=SYS202100/GetList | Message=POST /SYS202100/GetList
2026-05-14 10:23:39 | INF | ACTION_TRACE | Acc=admin | Path=/SYS202100/GetList | IP=::1 | Start=2026-05-14 10:23:39.080 | Elapsed=10ms | Status=Completed
2026-05-14 10:23:39 | INF | CONTROLLER_EXEC | Acc= admin | IP=::1 | Path=SYS202100/GetList | Message=POST /SYS202100/GetList
2026-05-14 10:23:39 | INF | ACTION_TRACE | Acc=admin | Path=/SYS202100/GetList | IP=::1 | Start=2026-05-14 10:23:39.084 | Elapsed=38ms | Status=Completed
2026-05-14 10:23:39 | INF | ACTION_TRACE | Acc=admin | Path=/Home/GetMenu | IP=::1 | Start=2026-05-14 10:23:39.823 | Elapsed=8ms | Status=Completed
2026-05-14 10:23:41 | INF | CONTROLLER_EXEC | Acc= admin | IP=::1 | Path=STA301009/STA301009Q | Message=GET /STA301009/STA301009Q
2026-05-14 10:23:41 | INF | ACTION_TRACE | Acc=admin | Path=/STA301009/STA301009Q | IP=::1 | Start=2026-05-14 10:23:40.905 | Elapsed=150ms | Status=Completed
2026-05-14 10:23:48 | INF | CONTROLLER_EXEC | Acc= admin | IP=::1 | Path=STA301009/STA301009Q | Message=GET /STA301009/STA301009Q
2026-05-14 10:23:48 | INF | ACTION_TRACE | Acc=admin | Path=/STA301009/STA301009Q | IP=::1 | Start=2026-05-14 10:23:48.332 | Elapsed=16ms | Status=Completed
2026-05-14 10:23:49 | INF | CONTROLLER_EXEC | Acc= admin | IP=::1 | Path=STA301010/STA301010Q | Message=GET /STA301010/STA301010Q
2026-05-14 10:23:49 | INF | ACTION_TRACE | Acc=admin | Path=/STA301010/STA301010Q | IP=::1 | Start=2026-05-14 10:23:49.273 | Elapsed=72ms | Status=Completed
2026-05-14 10:24:01 | INF | CONTROLLER_EXEC | Acc= admin | IP=::1 | Path=STA301008/STA301008Q | Message=GET /STA301008/STA301008Q
2026-05-14 10:24:01 | INF | ACTION_TRACE | Acc=admin | Path=/STA301008/STA301008Q | IP=::1 | Start=2026-05-14 10:24:01.885 | Elapsed=70ms | Status=Completed
2026-05-14 10:24:02 | INF | ACTION_TRACE | Acc=admin | Path=/FileUpload/GetFileList | IP=::1 | Start=2026-05-14 10:24:02.002 | Elapsed=52ms | Status=Completed
2026-05-14 10:24:03 | INF | CONTROLLER_EXEC | Acc= admin | IP=::1 | Path=STA301013/STA301013Q | Message=GET /STA301013/STA301013Q
2026-05-14 10:24:03 | INF | ACTION_TRACE | Acc=admin | Path=/STA301013/STA301013Q | IP=::1 | Start=2026-05-14 10:24:03.929 | Elapsed=50ms | Status=Completed
2026-05-14 10:24:05 | INF | CONTROLLER_EXEC | Acc= admin | IP=::1 | Path=STA301014/STA301014Q | Message=GET /STA301014/STA301014Q
2026-05-14 10:24:05 | INF | ACTION_TRACE | Acc=admin | Path=/STA301014/STA301014Q | IP=::1 | Start=2026-05-14 10:24:05.465 | Elapsed=39ms | Status=Completed
2026-05-14 10:24:06 | INF | CONTROLLER_EXEC | Acc= admin | IP=::1 | Path=STA301011/STA301011Q | Message=GET /STA301011/STA301011Q
2026-05-14 10:24:06 | INF | ACTION_TRACE | Acc=admin | Path=/STA301011/STA301011Q | IP=::1 | Start=2026-05-14 10:24:06.511 | Elapsed=64ms | Status=Completed
2026-05-14 10:24:06 | INF | ACTION_TRACE | Acc=admin | Path=/FileUpload/GetFileList | IP=::1 | Start=2026-05-14 10:24:01.997 | Elapsed=4638ms | Status=Completed
2026-05-14 10:24:06 | INF | NETWORK_UNSTABLE | Acc=admin | Path=/FileUpload/GetFileList | Reason=SlowRequest 4638ms
2026-05-14 10:24:08 | INF | CONTROLLER_EXEC | Acc= admin | IP=::1 | Path=SYS202100/GetList | Message=POST /SYS202100/GetList
2026-05-14 10:24:08 | INF | ACTION_TRACE | Acc=admin | Path=/SYS202100/GetList | IP=::1 | Start=2026-05-14 10:24:08.392 | Elapsed=13ms | Status=Completed
2026-05-14 10:25:24 | INF | ACTION_TRACE | Acc=admin | Path=/Home/GetMenu | IP=::1 | Start=2026-05-14 10:25:24.247 | Elapsed=7ms | Status=Completed
2026-05-14 10:25:52 | INF | CONTROLLER_EXEC | Acc= admin | IP=::1 | Path=SYS202100/SYS202100 | Message=GET /SYS202100/SYS202100
2026-05-14 10:25:52 | INF | ACTION_TRACE | Acc=admin | Path=/SYS202100/SYS202100 | IP=::1 | Start=2026-05-14 10:25:52.385 | Elapsed=4ms | Status=Completed
2026-05-14 10:25:52 | INF | CONTROLLER_EXEC | Acc= admin | IP=::1 | Path=SYS202100/GetList | Message=POST /SYS202100/GetList
2026-05-14 10:25:52 | INF | ACTION_TRACE | Acc=admin | Path=/SYS202100/GetList | IP=::1 | Start=2026-05-14 10:25:52.419 | Elapsed=7ms | Status=Completed
2026-05-14 10:25:52 | INF | CONTROLLER_EXEC | Acc= admin | IP=::1 | Path=SYS202100/GetList | Message=POST /SYS202100/GetList
2026-05-14 10:25:52 | INF | ACTION_TRACE | Acc=admin | Path=/SYS202100/GetList | IP=::1 | Start=2026-05-14 10:25:52.463 | Elapsed=10ms | Status=Completed
2026-05-14 10:41:40 | INF | ACTION_TRACE | Acc=admin | Path=/Home/Index | IP=::1 | Start=2026-05-14 10:41:36.091 | Elapsed=4561ms | Status=Completed
2026-05-14 10:41:40 | INF | NETWORK_UNSTABLE | Acc=admin | Path=/Home/Index | Reason=SlowRequest 4561ms
2026-05-14 10:41:45 | INF | ACTION_TRACE | Acc=admin | Path=/Home/Index | IP=::1 | Start=2026-05-14 10:41:31.548 | Elapsed=13649ms | Status=Completed
2026-05-14 10:41:45 | INF | NETWORK_UNSTABLE | Acc=admin | Path=/Home/Index | Reason=SlowRequest 13649ms
2026-05-14 10:41:55 | INF | ACTION_TRACE | Acc=admin | Path=/Home/Index | IP=::1 | Start=2026-05-14 10:41:55.032 | Elapsed=50ms | Status=Completed
2026-05-14 10:41:59 | INF | ACTION_TRACE | Acc=admin | Path=/Home/GetMenu | IP=::1 | Start=2026-05-14 10:41:59.074 | Elapsed=49ms | Status=Completed
2026-05-14 10:42:02 | INF | CONTROLLER_EXEC | Acc= admin | IP=::1 | Path=SYS202100/SYS202100 | Message=GET /SYS202100/SYS202100
2026-05-14 10:42:02 | INF | ACTION_TRACE | Acc=admin | Path=/SYS202100/SYS202100 | IP=::1 | Start=2026-05-14 10:42:02.128 | Elapsed=59ms | Status=Completed
2026-05-14 10:42:02 | INF | CONTROLLER_EXEC | Acc= admin | IP=::1 | Path=SYS202100/GetList | Message=POST /SYS202100/GetList
2026-05-14 10:42:02 | INF | ACTION_TRACE | Acc=admin | Path=/SYS202100/GetList | IP=::1 | Start=2026-05-14 10:42:02.227 | Elapsed=22ms | Status=Completed
2026-05-14 10:42:02 | INF | CONTROLLER_EXEC | Acc= admin | IP=::1 | Path=SYS202100/GetList | Message=POST /SYS202100/GetList
2026-05-14 10:42:02 | INF | ACTION_TRACE | Acc=admin | Path=/SYS202100/GetList | IP=::1 | Start=2026-05-14 10:42:02.273 | Elapsed=9ms | Status=Completed
2026-05-14 10:42:17 | INF | CONTROLLER_EXEC | Acc= admin | IP=::1 | Path=SYS202100/GetList | Message=POST /SYS202100/GetList
2026-05-14 10:42:17 | INF | ACTION_TRACE | Acc=admin | Path=/SYS202100/GetList | IP=::1 | Start=2026-05-14 10:42:17.010 | Elapsed=13ms | Status=Completed
2026-05-14 10:42:18 | INF | CONTROLLER_EXEC | Acc= admin | IP=::1 | Path=SYS202100/GetList | Message=POST /SYS202100/GetList
2026-05-14 10:42:18 | INF | ACTION_TRACE | Acc=admin | Path=/SYS202100/GetList | IP=::1 | Start=2026-05-14 10:42:18.706 | Elapsed=6ms | Status=Completed
2026-05-14 10:42:18 | INF | CONTROLLER_EXEC | Acc= admin | IP=::1 | Path=SYS202100/GetList | Message=POST /SYS202100/GetList
2026-05-14 10:42:18 | INF | ACTION_TRACE | Acc=admin | Path=/SYS202100/GetList | IP=::1 | Start=2026-05-14 10:42:18.711 | Elapsed=5ms | Status=Completed
2026-05-14 10:42:21 | INF | CONTROLLER_EXEC | Acc= admin | IP=::1 | Path=SYS201001/SYS201001 | Message=GET /SYS201001/SYS201001
2026-05-14 10:42:21 | INF | ACTION_TRACE | Acc=admin | Path=/SYS201001/SYS201001 | IP=::1 | Start=2026-05-14 10:42:21.406 | Elapsed=184ms | Status=Completed
2026-05-14 10:42:21 | INF | CONTROLLER_EXEC | Acc= admin | IP=::1 | Path=SYS201001/GetAllAdmins | Message=POST /SYS201001/GetAllAdmins
2026-05-14 10:42:21 | INF | ACTION_TRACE | Acc=admin | Path=/SYS201001/GetAllAdmins | IP=::1 | Start=2026-05-14 10:42:21.645 | Elapsed=74ms | Status=Completed
2026-05-14 10:42:21 | INF | CONTROLLER_EXEC | Acc= admin | IP=::1 | Path=SYS201001/GetAllAdmins | Message=POST /SYS201001/GetAllAdmins
2026-05-14 10:42:21 | INF | ACTION_TRACE | Acc=admin | Path=/SYS201001/GetAllAdmins | IP=::1 | Start=2026-05-14 10:42:21.741 | Elapsed=11ms | Status=Completed
2026-05-14 10:42:22 | WRN | The query uses the 'First'/'FirstOrDefault' operator without 'OrderBy' and filter operators. This may lead to unpredictable results.
2026-05-14 10:42:22 | WRN | The query uses the 'First'/'FirstOrDefault' operator without 'OrderBy' and filter operators. This may lead to unpredictable results.
2026-05-14 10:42:22 | INF | CONTROLLER_EXEC | Acc= admin | IP=::1 | Path=SYS201001/GetAdminDetails | Message=GET /SYS201001/GetAdminDetails
2026-05-14 10:42:22 | INF | ACTION_TRACE | Acc=admin | Path=/SYS201001/GetAdminDetails | IP=::1 | Start=2026-05-14 10:42:22.855 | Elapsed=81ms | Status=Completed
2026-05-14 10:42:22 | INF | CONTROLLER_EXEC | Acc= admin | IP=::1 | Path=SYS201001/GetAllPersonnelTypes | Message=GET /SYS201001/GetAllPersonnelTypes
2026-05-14 10:42:22 | INF | CONTROLLER_EXEC | Acc= admin | IP=::1 | Path=SYS201001/GetAllRoles | Message=GET /SYS201001/GetAllRoles
2026-05-14 10:42:22 | INF | ACTION_TRACE | Acc=admin | Path=/SYS201001/GetAllRoles | IP=::1 | Start=2026-05-14 10:42:22.942 | Elapsed=26ms | Status=Completed
2026-05-14 10:42:22 | INF | ACTION_TRACE | Acc=admin | Path=/SYS201001/GetAllPersonnelTypes | IP=::1 | Start=2026-05-14 10:42:22.942 | Elapsed=26ms | Status=Completed
2026-05-14 10:42:23 | INF | CONTROLLER_EXEC | Acc= admin | IP=::1 | Path=SYS201001/GetAllAdmins | Message=POST /SYS201001/GetAllAdmins
2026-05-14 10:42:23 | INF | ACTION_TRACE | Acc=admin | Path=/SYS201001/GetAllAdmins | IP=::1 | Start=2026-05-14 10:42:22.988 | Elapsed=16ms | Status=Completed
2026-05-14 10:42:23 | INF | CONTROLLER_EXEC | Acc= admin | IP=::1 | Path=SYS202100/GetList | Message=POST /SYS202100/GetList
2026-05-14 10:42:23 | INF | ACTION_TRACE | Acc=admin | Path=/SYS202100/GetList | IP=::1 | Start=2026-05-14 10:42:23.572 | Elapsed=8ms | Status=Completed
2026-05-14 10:42:25 | INF | CONTROLLER_EXEC | Acc= admin | IP=::1 | Path=SYS202100/GetList | Message=POST /SYS202100/GetList
2026-05-14 10:42:25 | INF | ACTION_TRACE | Acc=admin | Path=/SYS202100/GetList | IP=::1 | Start=2026-05-14 10:42:25.091 | Elapsed=6ms | Status=Completed
2026-05-14 10:42:30 | INF | CONTROLLER_EXEC | Acc= admin | IP=::1 | Path=SYS202100/SYS202100 | Message=GET /SYS202100/SYS202100
2026-05-14 10:42:30 | INF | ACTION_TRACE | Acc=admin | Path=/SYS202100/SYS202100 | IP=::1 | Start=2026-05-14 10:42:30.890 | Elapsed=7ms | Status=Completed
2026-05-14 10:42:30 | INF | CONTROLLER_EXEC | Acc= admin | IP=::1 | Path=SYS202100/GetList | Message=POST /SYS202100/GetList
2026-05-14 10:42:30 | INF | ACTION_TRACE | Acc=admin | Path=/SYS202100/GetList | IP=::1 | Start=2026-05-14 10:42:30.917 | Elapsed=5ms | Status=Completed
2026-05-14 10:42:30 | INF | CONTROLLER_EXEC | Acc= admin | IP=::1 | Path=SYS202100/GetList | Message=POST /SYS202100/GetList
2026-05-14 10:42:30 | INF | ACTION_TRACE | Acc=admin | Path=/SYS202100/GetList | IP=::1 | Start=2026-05-14 10:42:30.942 | Elapsed=7ms | Status=Completed
2026-05-14 10:42:31 | INF | CONTROLLER_EXEC | Acc= admin | IP=::1 | Path=SYS202100/GetList | Message=POST /SYS202100/GetList
2026-05-14 10:42:31 | INF | ACTION_TRACE | Acc=admin | Path=/SYS202100/GetList | IP=::1 | Start=2026-05-14 10:42:31.959 | Elapsed=13ms | Status=Completed
2026-05-14 10:42:31 | INF | CONTROLLER_EXEC | Acc= admin | IP=::1 | Path=SYS202100/GetList | Message=POST /SYS202100/GetList
2026-05-14 10:42:31 | INF | ACTION_TRACE | Acc=admin | Path=/SYS202100/GetList | IP=::1 | Start=2026-05-14 10:42:31.972 | Elapsed=16ms | Status=Completed
2026-05-14 10:43:28 | INF | ACTION_TRACE | Acc=admin | Path=/Home/Index | IP=::1 | Start=2026-05-14 10:43:28.635 | Elapsed=17ms | Status=Completed
2026-05-14 10:43:30 | INF | ACTION_TRACE | Acc=admin | Path=/Home/GetMenu | IP=::1 | Start=2026-05-14 10:43:30.766 | Elapsed=7ms | Status=Completed
2026-05-14 10:43:33 | INF | CONTROLLER_EXEC | Acc= admin | IP=::1 | Path=SYS202100/SYS202100 | Message=GET /SYS202100/SYS202100
2026-05-14 10:43:33 | INF | ACTION_TRACE | Acc=admin | Path=/SYS202100/SYS202100 | IP=::1 | Start=2026-05-14 10:43:33.684 | Elapsed=4ms | Status=Completed
2026-05-14 10:43:33 | INF | CONTROLLER_EXEC | Acc= admin | IP=::1 | Path=SYS202100/GetList | Message=POST /SYS202100/GetList
2026-05-14 10:43:33 | INF | ACTION_TRACE | Acc=admin | Path=/SYS202100/GetList | IP=::1 | Start=2026-05-14 10:43:33.730 | Elapsed=5ms | Status=Completed
2026-05-14 10:43:33 | INF | CONTROLLER_EXEC | Acc= admin | IP=::1 | Path=SYS202100/GetList | Message=POST /SYS202100/GetList
2026-05-14 10:43:33 | INF | ACTION_TRACE | Acc=admin | Path=/SYS202100/GetList | IP=::1 | Start=2026-05-14 10:43:33.757 | Elapsed=13ms | Status=Completed
2026-05-14 10:44:15 | INF | ACTION_TRACE | Acc=admin | Path=/Home/Index | IP=::1 | Start=2026-05-14 10:44:15.525 | Elapsed=19ms | Status=Completed
2026-05-14 10:44:30 | INF | ACTION_TRACE | Acc=admin | Path=/Home/Index | IP=::1 | Start=2026-05-14 10:44:30.029 | Elapsed=17ms | Status=Completed
2026-05-14 10:44:32 | INF | ACTION_TRACE | Acc=admin | Path=/Home/Index | IP=::1 | Start=2026-05-14 10:44:32.805 | Elapsed=15ms | Status=Completed
2026-05-14 10:45:28 | INF | ACTION_TRACE | Acc=admin | Path=/Home/Index | IP=::1 | Start=2026-05-14 10:45:28.693 | Elapsed=12ms | Status=Completed
2026-05-14 10:46:05 | INF | ACTION_TRACE | Acc=admin | Path=/Home/Index | IP=::1 | Start=2026-05-14 10:46:05.012 | Elapsed=60ms | Status=Completed
2026-05-14 10:46:10 | INF | ACTION_TRACE | Acc=admin | Path=/Home/GetMenu | IP=::1 | Start=2026-05-14 10:46:10.885 | Elapsed=55ms | Status=Completed
2026-05-14 10:46:13 | INF | CONTROLLER_EXEC | Acc= admin | IP=::1 | Path=SYS202100/SYS202100 | Message=GET /SYS202100/SYS202100
2026-05-14 10:46:13 | INF | ACTION_TRACE | Acc=admin | Path=/SYS202100/SYS202100 | IP=::1 | Start=2026-05-14 10:46:13.346 | Elapsed=6ms | Status=Completed
2026-05-14 10:46:13 | INF | CONTROLLER_EXEC | Acc= admin | IP=::1 | Path=SYS202100/GetList | Message=POST /SYS202100/GetList
2026-05-14 10:46:13 | INF | ACTION_TRACE | Acc=admin | Path=/SYS202100/GetList | IP=::1 | Start=2026-05-14 10:46:13.399 | Elapsed=5ms | Status=Completed
2026-05-14 10:46:13 | INF | CONTROLLER_EXEC | Acc= admin | IP=::1 | Path=SYS202100/GetList | Message=POST /SYS202100/GetList
2026-05-14 10:46:13 | INF | ACTION_TRACE | Acc=admin | Path=/SYS202100/GetList | IP=::1 | Start=2026-05-14 10:46:13.442 | Elapsed=9ms | Status=Completed
2026-05-14 10:46:38 | INF | CONTROLLER_EXEC | Acc= admin | IP=::1 | Path=SYS202100/GetList | Message=POST /SYS202100/GetList
2026-05-14 10:46:38 | INF | ACTION_TRACE | Acc=admin | Path=/SYS202100/GetList | IP=::1 | Start=2026-05-14 10:46:38.223 | Elapsed=7ms | Status=Completed
2026-05-14 10:46:38 | INF | ACTION_TRACE | Acc=admin | Path=/.well-known/appspecific/com.chrome.devtools.json | IP=::1 | Start=2026-05-14 10:46:38.400 | Elapsed=0ms | Status=Completed
2026-05-14 10:46:38 | INF | ACTION_TRACE | Acc=admin | Path=/lib/html-to-image/html-to-image.js.map | IP=::1 | Start=2026-05-14 10:46:38.549 | Elapsed=0ms | Status=Completed
2026-05-14 10:47:12 | WRN | No store type was specified for the decimal property 'OveMoney' on entity type 'HROvertime'. This will cause values to be silently truncated if they do not fit in the default precision and scale. Explicitly specify the SQL server column type that can accommodate all the values in 'OnModelCreating' using 'HasColumnType', specify precision and scale using 'HasPrecision', or configure a value converter using 'HasConversion'.
2026-05-14 10:47:12 | WRN | No store type was specified for the decimal property 'Wag1D1Hour' on entity type 'HRWage'. This will cause values to be silently truncated if they do not fit in the default precision and scale. Explicitly specify the SQL server column type that can accommodate all the values in 'OnModelCreating' using 'HasColumnType', specify precision and scale using 'HasPrecision', or configure a value converter using 'HasConversion'.
2026-05-14 10:47:12 | WRN | No store type was specified for the decimal property 'Wag2D1Hour' on entity type 'HRWage'. This will cause values to be silently truncated if they do not fit in the default precision and scale. Explicitly specify the SQL server column type that can accommodate all the values in 'OnModelCreating' using 'HasColumnType', specify precision and scale using 'HasPrecision', or configure a value converter using 'HasConversion'.
2026-05-14 10:47:12 | WRN | No store type was specified for the decimal property 'Wag4D3Hour' on entity type 'HRWage'. This will cause values to be silently truncated if they do not fit in the default precision and scale. Explicitly specify the SQL server column type that can accommodate all the values in 'OnModelCreating' using 'HasColumnType', specify precision and scale using 'HasPrecision', or configure a value converter using 'HasConversion'.
2026-05-14 10:47:12 | WRN | No store type was specified for the decimal property 'Wag5D3Hour' on entity type 'HRWage'. This will cause values to be silently truncated if they do not fit in the default precision and scale. Explicitly specify the SQL server column type that can accommodate all the values in 'OnModelCreating' using 'HasColumnType', specify precision and scale using 'HasPrecision', or configure a value converter using 'HasConversion'.
2026-05-14 10:47:12 | WRN | No store type was specified for the decimal property 'Wag8D3Hour' on entity type 'HRWage'. This will cause values to be silently truncated if they do not fit in the default precision and scale. Explicitly specify the SQL server column type that can accommodate all the values in 'OnModelCreating' using 'HasColumnType', specify precision and scale using 'HasPrecision', or configure a value converter using 'HasConversion'.
2026-05-14 10:47:12 | WRN | No store type was specified for the decimal property 'WagApplyHour' on entity type 'HRWage'. This will cause values to be silently truncated if they do not fit in the default precision and scale. Explicitly specify the SQL server column type that can accommodate all the values in 'OnModelCreating' using 'HasColumnType', specify precision and scale using 'HasPrecision', or configure a value converter using 'HasConversion'.
2026-05-14 10:47:12 | WRN | No store type was specified for the decimal property 'WagIssueHour' on entity type 'HRWage'. This will cause values to be silently truncated if they do not fit in the default precision and scale. Explicitly specify the SQL server column type that can accommodate all the values in 'OnModelCreating' using 'HasColumnType', specify precision and scale using 'HasPrecision', or configure a value converter using 'HasConversion'.
2026-05-14 10:47:12 | WRN | No store type was specified for the decimal property 'WagSubtotal' on entity type 'HRWage'. This will cause values to be silently truncated if they do not fit in the default precision and scale. Explicitly specify the SQL server column type that can accommodate all the values in 'OnModelCreating' using 'HasColumnType', specify precision and scale using 'HasPrecision', or configure a value converter using 'HasConversion'.
2026-05-14 10:47:17 | WRN | The query uses the 'First'/'FirstOrDefault' operator without 'OrderBy' and filter operators. This may lead to unpredictable results.
2026-05-14 10:47:19 | INF | ACTION_TRACE | Acc=admin | Path=/ | IP=::1 | Start=2026-05-14 10:47:11.772 | Elapsed=7251ms | Status=Completed
2026-05-14 10:47:19 | INF | NETWORK_UNSTABLE | Acc=admin | Path=/ | Reason=SlowRequest 7251ms
2026-05-14 10:47:19 | INF | ACTION_TRACE | Acc=admin | Path=/Captcha/Generate | IP=::1 | Start=2026-05-14 10:47:19.233 | Elapsed=45ms | Status=Completed
2026-05-14 10:47:19 | INF | ACTION_TRACE | Acc=admin | Path=/DNTCaptchaImage/Show | IP=::1 | Start=2026-05-14 10:47:19.306 | Elapsed=125ms | Status=Completed
2026-05-14 10:47:31 | INF | ACTION_TRACE | Acc=admin | Path=/Account/Login | IP=::1 | Start=2026-05-14 10:47:24.453 | Elapsed=7086ms | Status=Completed
2026-05-14 10:47:31 | INF | NETWORK_UNSTABLE | Acc=admin | Path=/Account/Login | Reason=SlowRequest 7086ms
2026-05-14 10:47:31 | INF | ACTION_TRACE | Acc=admin | Path=/Home/Index | IP=::1 | Start=2026-05-14 10:47:31.554 | Elapsed=292ms | Status=Completed
2026-05-14 10:47:37 | INF | ACTION_TRACE | Acc=admin | Path=/Home/GetMenu | IP=::1 | Start=2026-05-14 10:47:37.041 | Elapsed=42ms | Status=Completed
2026-05-14 10:47:39 | INF | CONTROLLER_EXEC | Acc= admin | IP=::1 | Path=SYS202100/SYS202100 | Message=GET /SYS202100/SYS202100
2026-05-14 10:47:39 | INF | ACTION_TRACE | Acc=admin | Path=/SYS202100/SYS202100 | IP=::1 | Start=2026-05-14 10:47:39.591 | Elapsed=127ms | Status=Completed
2026-05-14 10:47:39 | INF | CONTROLLER_EXEC | Acc= admin | IP=::1 | Path=SYS202100/GetList | Message=POST /SYS202100/GetList
2026-05-14 10:47:39 | INF | ACTION_TRACE | Acc=admin | Path=/SYS202100/GetList | IP=::1 | Start=2026-05-14 10:47:39.806 | Elapsed=101ms | Status=Completed
2026-05-14 10:47:39 | INF | CONTROLLER_EXEC | Acc= admin | IP=::1 | Path=SYS202100/GetList | Message=POST /SYS202100/GetList
2026-05-14 10:47:39 | INF | ACTION_TRACE | Acc=admin | Path=/SYS202100/GetList | IP=::1 | Start=2026-05-14 10:47:39.951 | Elapsed=12ms | Status=Completed
2026-05-14 10:47:44 | INF | CONTROLLER_EXEC | Acc= admin | IP=::1 | Path=SYS202100/GetList | Message=POST /SYS202100/GetList
2026-05-14 10:47:44 | INF | ACTION_TRACE | Acc=admin | Path=/SYS202100/GetList | IP=::1 | Start=2026-05-14 10:47:44.553 | Elapsed=15ms | Status=Completed
2026-05-14 10:48:50 | WRN | No store type was specified for the decimal property 'OveMoney' on entity type 'HROvertime'. This will cause values to be silently truncated if they do not fit in the default precision and scale. Explicitly specify the SQL server column type that can accommodate all the values in 'OnModelCreating' using 'HasColumnType', specify precision and scale using 'HasPrecision', or configure a value converter using 'HasConversion'.
2026-05-14 10:48:50 | WRN | No store type was specified for the decimal property 'Wag1D1Hour' on entity type 'HRWage'. This will cause values to be silently truncated if they do not fit in the default precision and scale. Explicitly specify the SQL server column type that can accommodate all the values in 'OnModelCreating' using 'HasColumnType', specify precision and scale using 'HasPrecision', or configure a value converter using 'HasConversion'.
2026-05-14 10:48:50 | WRN | No store type was specified for the decimal property 'Wag2D1Hour' on entity type 'HRWage'. This will cause values to be silently truncated if they do not fit in the default precision and scale. Explicitly specify the SQL server column type that can accommodate all the values in 'OnModelCreating' using 'HasColumnType', specify precision and scale using 'HasPrecision', or configure a value converter using 'HasConversion'.
2026-05-14 10:48:50 | WRN | No store type was specified for the decimal property 'Wag4D3Hour' on entity type 'HRWage'. This will cause values to be silently truncated if they do not fit in the default precision and scale. Explicitly specify the SQL server column type that can accommodate all the values in 'OnModelCreating' using 'HasColumnType', specify precision and scale using 'HasPrecision', or configure a value converter using 'HasConversion'.
2026-05-14 10:48:50 | WRN | No store type was specified for the decimal property 'Wag5D3Hour' on entity type 'HRWage'. This will cause values to be silently truncated if they do not fit in the default precision and scale. Explicitly specify the SQL server column type that can accommodate all the values in 'OnModelCreating' using 'HasColumnType', specify precision and scale using 'HasPrecision', or configure a value converter using 'HasConversion'.
2026-05-14 10:48:50 | WRN | No store type was specified for the decimal property 'Wag8D3Hour' on entity type 'HRWage'. This will cause values to be silently truncated if they do not fit in the default precision and scale. Explicitly specify the SQL server column type that can accommodate all the values in 'OnModelCreating' using 'HasColumnType', specify precision and scale using 'HasPrecision', or configure a value converter using 'HasConversion'.
2026-05-14 10:48:50 | WRN | No store type was specified for the decimal property 'WagApplyHour' on entity type 'HRWage'. This will cause values to be silently truncated if they do not fit in the default precision and scale. Explicitly specify the SQL server column type that can accommodate all the values in 'OnModelCreating' using 'HasColumnType', specify precision and scale using 'HasPrecision', or configure a value converter using 'HasConversion'.
2026-05-14 10:48:50 | WRN | No store type was specified for the decimal property 'WagIssueHour' on entity type 'HRWage'. This will cause values to be silently truncated if they do not fit in the default precision and scale. Explicitly specify the SQL server column type that can accommodate all the values in 'OnModelCreating' using 'HasColumnType', specify precision and scale using 'HasPrecision', or configure a value converter using 'HasConversion'.
2026-05-14 10:48:50 | WRN | No store type was specified for the decimal property 'WagSubtotal' on entity type 'HRWage'. This will cause values to be silently truncated if they do not fit in the default precision and scale. Explicitly specify the SQL server column type that can accommodate all the values in 'OnModelCreating' using 'HasColumnType', specify precision and scale using 'HasPrecision', or configure a value converter using 'HasConversion'.
2026-05-14 10:48:55 | WRN | The query uses the 'First'/'FirstOrDefault' operator without 'OrderBy' and filter operators. This may lead to unpredictable results.
2026-05-14 10:48:56 | INF | ACTION_TRACE | Acc=admin | Path=/ | IP=::1 | Start=2026-05-14 10:48:49.703 | Elapsed=7136ms | Status=Completed
2026-05-14 10:48:56 | INF | NETWORK_UNSTABLE | Acc=admin | Path=/ | Reason=SlowRequest 7136ms
2026-05-14 10:48:57 | INF | ACTION_TRACE | Acc=admin | Path=/Captcha/Generate | IP=::1 | Start=2026-05-14 10:48:57.046 | Elapsed=55ms | Status=Completed
2026-05-14 10:48:57 | INF | ACTION_TRACE | Acc=admin | Path=/DNTCaptchaImage/Show | IP=::1 | Start=2026-05-14 10:48:57.115 | Elapsed=156ms | Status=Completed
2026-05-14 10:49:12 | INF | ACTION_TRACE | Acc=admin | Path=/Account/Login | IP=::1 | Start=2026-05-14 10:49:05.749 | Elapsed=6919ms | Status=Completed
2026-05-14 10:49:12 | INF | NETWORK_UNSTABLE | Acc=admin | Path=/Account/Login | Reason=SlowRequest 6919ms
2026-05-14 10:49:12 | INF | ACTION_TRACE | Acc=admin | Path=/Home/Index | IP=::1 | Start=2026-05-14 10:49:12.680 | Elapsed=277ms | Status=Completed
2026-05-14 10:49:20 | INF | ACTION_TRACE | Acc=admin | Path=/Home/GetMenu | IP=::1 | Start=2026-05-14 10:49:20.893 | Elapsed=46ms | Status=Completed
2026-05-14 10:49:23 | INF | CONTROLLER_EXEC | Acc= admin | IP=::1 | Path=SYS202100/SYS202100 | Message=GET /SYS202100/SYS202100
2026-05-14 10:49:23 | INF | ACTION_TRACE | Acc=admin | Path=/SYS202100/SYS202100 | IP=::1 | Start=2026-05-14 10:49:23.811 | Elapsed=102ms | Status=Completed
2026-05-14 10:49:24 | INF | CONTROLLER_EXEC | Acc= admin | IP=::1 | Path=SYS202100/GetList | Message=POST /SYS202100/GetList
2026-05-14 10:49:24 | INF | ACTION_TRACE | Acc=admin | Path=/SYS202100/GetList | IP=::1 | Start=2026-05-14 10:49:23.984 | Elapsed=94ms | Status=Completed
2026-05-14 10:49:24 | INF | CONTROLLER_EXEC | Acc= admin | IP=::1 | Path=SYS202100/GetList | Message=POST /SYS202100/GetList
2026-05-14 10:49:24 | INF | ACTION_TRACE | Acc=admin | Path=/SYS202100/GetList | IP=::1 | Start=2026-05-14 10:49:24.116 | Elapsed=8ms | Status=Completed
2026-05-14 10:49:26 | INF | CONTROLLER_EXEC | Acc= admin | IP=::1 | Path=SYS202100/GetList | Message=POST /SYS202100/GetList
2026-05-14 10:49:26 | INF | ACTION_TRACE | Acc=admin | Path=/SYS202100/GetList | IP=::1 | Start=2026-05-14 10:49:26.640 | Elapsed=14ms | Status=Completed
2026-05-14 10:49:27 | INF | CONTROLLER_EXEC | Acc= admin | IP=::1 | Path=SYS202100/GetList | Message=POST /SYS202100/GetList
2026-05-14 10:49:27 | INF | ACTION_TRACE | Acc=admin | Path=/SYS202100/GetList | IP=::1 | Start=2026-05-14 10:49:27.707 | Elapsed=9ms | Status=Completed
2026-05-14 10:49:27 | INF | ACTION_TRACE | Acc=admin | Path=/.well-known/appspecific/com.chrome.devtools.json | IP=::1 | Start=2026-05-14 10:49:27.899 | Elapsed=0ms | Status=Completed
2026-05-14 10:49:27 | INF | ACTION_TRACE | Acc=admin | Path=/lib/html-to-image/html-to-image.js.map | IP=::1 | Start=2026-05-14 10:49:27.993 | Elapsed=0ms | Status=Completed
2026-05-14 10:51:32 | INF | ACTION_TRACE | Acc=admin | Path=/Home/Index | IP=::1 | Start=2026-05-14 10:51:32.417 | Elapsed=47ms | Status=Completed
2026-05-14 10:51:32 | INF | ACTION_TRACE | Acc=admin | Path=/.well-known/appspecific/com.chrome.devtools.json | IP=::1 | Start=2026-05-14 10:51:32.521 | Elapsed=0ms | Status=Completed
2026-05-14 10:51:32 | INF | ACTION_TRACE | Acc=admin | Path=/lib/html-to-image/html-to-image.js.map | IP=::1 | Start=2026-05-14 10:51:32.736 | Elapsed=0ms | Status=Completed
2026-05-14 10:52:09 | INF | ACTION_TRACE | Acc=admin | Path=/Home/Index | IP=::1 | Start=2026-05-14 10:52:09.888 | Elapsed=16ms | Status=Completed
2026-05-14 10:52:09 | INF | ACTION_TRACE | Acc=admin | Path=/.well-known/appspecific/com.chrome.devtools.json | IP=::1 | Start=2026-05-14 10:52:09.997 | Elapsed=0ms | Status=Completed
2026-05-14 10:52:10 | INF | ACTION_TRACE | Acc=admin | Path=/lib/html-to-image/html-to-image.js.map | IP=::1 | Start=2026-05-14 10:52:10.151 | Elapsed=0ms | Status=Completed
2026-05-14 10:53:01 | INF | ACTION_TRACE | Acc=admin | Path=/Home/Index | IP=::1 | Start=2026-05-14 10:53:01.032 | Elapsed=66ms | Status=Completed
2026-05-14 10:53:01 | INF | ACTION_TRACE | Acc=admin | Path=/.well-known/appspecific/com.chrome.devtools.json | IP=::1 | Start=2026-05-14 10:53:01.182 | Elapsed=0ms | Status=Completed
2026-05-14 10:53:01 | INF | ACTION_TRACE | Acc=admin | Path=/lib/html-to-image/html-to-image.js.map | IP=::1 | Start=2026-05-14 10:53:01.337 | Elapsed=0ms | Status=Completed
2026-05-14 10:53:10 | INF | ACTION_TRACE | Acc=admin | Path=/Home/Index | IP=::1 | Start=2026-05-14 10:53:10.798 | Elapsed=19ms | Status=Completed
2026-05-14 10:53:10 | INF | ACTION_TRACE | Acc=admin | Path=/.well-known/appspecific/com.chrome.devtools.json | IP=::1 | Start=2026-05-14 10:53:10.853 | Elapsed=0ms | Status=Completed
2026-05-14 10:53:11 | INF | ACTION_TRACE | Acc=admin | Path=/lib/html-to-image/html-to-image.js.map | IP=::1 | Start=2026-05-14 10:53:11.023 | Elapsed=0ms | Status=Completed
2026-05-14 10:54:29 | INF | ACTION_TRACE | Acc=admin | Path=/Home/Index | IP=::1 | Start=2026-05-14 10:54:29.615 | Elapsed=19ms | Status=Completed
2026-05-14 10:54:29 | INF | ACTION_TRACE | Acc=admin | Path=/.well-known/appspecific/com.chrome.devtools.json | IP=::1 | Start=2026-05-14 10:54:29.670 | Elapsed=0ms | Status=Completed
2026-05-14 10:54:29 | INF | ACTION_TRACE | Acc=admin | Path=/lib/html-to-image/html-to-image.js.map | IP=::1 | Start=2026-05-14 10:54:29.848 | Elapsed=0ms | Status=Completed
2026-05-14 10:56:08 | INF | ACTION_TRACE | Acc=admin | Path=/Home/Index | IP=::1 | Start=2026-05-14 10:56:08.726 | Elapsed=17ms | Status=Completed
2026-05-14 10:56:08 | INF | ACTION_TRACE | Acc=admin | Path=/.well-known/appspecific/com.chrome.devtools.json | IP=::1 | Start=2026-05-14 10:56:08.780 | Elapsed=0ms | Status=Completed
2026-05-14 10:56:08 | INF | ACTION_TRACE | Acc=admin | Path=/lib/html-to-image/html-to-image.js.map | IP=::1 | Start=2026-05-14 10:56:08.999 | Elapsed=0ms | Status=Completed
2026-05-14 10:56:16 | INF | ACTION_TRACE | Acc=admin | Path=/Home/Index | IP=::1 | Start=2026-05-14 10:56:16.245 | Elapsed=17ms | Status=Completed
2026-05-14 10:56:16 | INF | ACTION_TRACE | Acc=admin | Path=/.well-known/appspecific/com.chrome.devtools.json | IP=::1 | Start=2026-05-14 10:56:16.294 | Elapsed=0ms | Status=Completed
2026-05-14 10:56:16 | INF | ACTION_TRACE | Acc=admin | Path=/lib/html-to-image/html-to-image.js.map | IP=::1 | Start=2026-05-14 10:56:16.458 | Elapsed=0ms | Status=Completed
2026-05-14 10:56:35 | INF | ACTION_TRACE | Acc=admin | Path=/Home/Index | IP=::1 | Start=2026-05-14 10:56:35.066 | Elapsed=17ms | Status=Completed
2026-05-14 10:56:35 | INF | ACTION_TRACE | Acc=admin | Path=/.well-known/appspecific/com.chrome.devtools.json | IP=::1 | Start=2026-05-14 10:56:35.118 | Elapsed=0ms | Status=Completed
2026-05-14 10:56:35 | INF | ACTION_TRACE | Acc=admin | Path=/lib/html-to-image/html-to-image.js.map | IP=::1 | Start=2026-05-14 10:56:35.274 | Elapsed=0ms | Status=Completed
2026-05-14 10:56:49 | INF | ACTION_TRACE | Acc=admin | Path=/Home/Index | IP=::1 | Start=2026-05-14 10:56:49.281 | Elapsed=19ms | Status=Completed
2026-05-14 10:56:49 | INF | ACTION_TRACE | Acc=admin | Path=/.well-known/appspecific/com.chrome.devtools.json | IP=::1 | Start=2026-05-14 10:56:49.336 | Elapsed=0ms | Status=Completed
2026-05-14 10:56:49 | INF | ACTION_TRACE | Acc=admin | Path=/lib/html-to-image/html-to-image.js.map | IP=::1 | Start=2026-05-14 10:56:49.503 | Elapsed=0ms | Status=Completed
2026-05-14 10:56:56 | INF | ACTION_TRACE | Acc=admin | Path=/Home/Index | IP=::1 | Start=2026-05-14 10:56:56.024 | Elapsed=14ms | Status=Completed
2026-05-14 10:56:56 | INF | ACTION_TRACE | Acc=admin | Path=/.well-known/appspecific/com.chrome.devtools.json | IP=::1 | Start=2026-05-14 10:56:56.074 | Elapsed=0ms | Status=Completed
2026-05-14 10:56:56 | INF | ACTION_TRACE | Acc=admin | Path=/lib/html-to-image/html-to-image.js.map | IP=::1 | Start=2026-05-14 10:56:56.258 | Elapsed=0ms | Status=Completed
2026-05-14 10:57:05 | INF | ACTION_TRACE | Acc=admin | Path=/Home/Index | IP=::1 | Start=2026-05-14 10:57:05.007 | Elapsed=33ms | Status=Completed
2026-05-14 10:57:05 | INF | ACTION_TRACE | Acc=admin | Path=/.well-known/appspecific/com.chrome.devtools.json | IP=::1 | Start=2026-05-14 10:57:05.078 | Elapsed=0ms | Status=Completed
2026-05-14 10:57:05 | INF | ACTION_TRACE | Acc=admin | Path=/lib/html-to-image/html-to-image.js.map | IP=::1 | Start=2026-05-14 10:57:05.269 | Elapsed=0ms | Status=Completed
2026-05-14 10:57:40 | INF | ACTION_TRACE | Acc=admin | Path=/Home/Index | IP=::1 | Start=2026-05-14 10:57:40.394 | Elapsed=111ms | Status=Completed
2026-05-14 10:57:40 | INF | ACTION_TRACE | Acc=admin | Path=/.well-known/appspecific/com.chrome.devtools.json | IP=::1 | Start=2026-05-14 10:57:40.539 | Elapsed=0ms | Status=Completed
2026-05-14 10:57:40 | INF | ACTION_TRACE | Acc=admin | Path=/lib/html-to-image/html-to-image.js.map | IP=::1 | Start=2026-05-14 10:57:40.686 | Elapsed=0ms | Status=Completed
2026-05-14 10:58:03 | INF | ACTION_TRACE | Acc=admin | Path=/Home/Index | IP=::1 | Start=2026-05-14 10:58:03.516 | Elapsed=58ms | Status=Completed
2026-05-14 10:58:03 | INF | ACTION_TRACE | Acc=admin | Path=/.well-known/appspecific/com.chrome.devtools.json | IP=::1 | Start=2026-05-14 10:58:03.615 | Elapsed=0ms | Status=Completed
2026-05-14 10:58:03 | INF | ACTION_TRACE | Acc=admin | Path=/lib/html-to-image/html-to-image.js.map | IP=::1 | Start=2026-05-14 10:58:03.769 | Elapsed=0ms | Status=Completed
2026-05-14 10:59:28 | INF | ACTION_TRACE | Acc=admin | Path=/Home/Index | IP=::1 | Start=2026-05-14 10:59:28.007 | Elapsed=92ms | Status=Completed
2026-05-14 10:59:28 | INF | ACTION_TRACE | Acc=admin | Path=/.well-known/appspecific/com.chrome.devtools.json | IP=::1 | Start=2026-05-14 10:59:28.131 | Elapsed=0ms | Status=Completed
2026-05-14 10:59:28 | INF | ACTION_TRACE | Acc=admin | Path=/lib/html-to-image/html-to-image.js.map | IP=::1 | Start=2026-05-14 10:59:28.366 | Elapsed=0ms | Status=Completed
2026-05-14 10:59:32 | INF | ACTION_TRACE | Acc=admin | Path=/Home/Index | IP=::1 | Start=2026-05-14 10:59:32.036 | Elapsed=35ms | Status=Completed
2026-05-14 10:59:32 | INF | ACTION_TRACE | Acc=admin | Path=/.well-known/appspecific/com.chrome.devtools.json | IP=::1 | Start=2026-05-14 10:59:32.110 | Elapsed=0ms | Status=Completed
2026-05-14 10:59:32 | INF | ACTION_TRACE | Acc=admin | Path=/lib/html-to-image/html-to-image.js.map | IP=::1 | Start=2026-05-14 10:59:32.255 | Elapsed=0ms | Status=Completed
2026-05-14 10:59:56 | INF | ACTION_TRACE | Acc=admin | Path=/Home/Index | IP=::1 | Start=2026-05-14 10:59:56.146 | Elapsed=34ms | Status=Completed
2026-05-14 10:59:56 | INF | ACTION_TRACE | Acc=admin | Path=/.well-known/appspecific/com.chrome.devtools.json | IP=::1 | Start=2026-05-14 10:59:56.213 | Elapsed=0ms | Status=Completed
2026-05-14 10:59:56 | INF | ACTION_TRACE | Acc=admin | Path=/lib/html-to-image/html-to-image.js.map | IP=::1 | Start=2026-05-14 10:59:56.386 | Elapsed=0ms | Status=Completed
2026-05-14 11:01:06 | INF | ACTION_TRACE | Acc=admin | Path=/Home/Index | IP=::1 | Start=2026-05-14 11:01:06.275 | Elapsed=38ms | Status=Completed
2026-05-14 11:01:06 | INF | ACTION_TRACE | Acc=admin | Path=/.well-known/appspecific/com.chrome.devtools.json | IP=::1 | Start=2026-05-14 11:01:06.346 | Elapsed=0ms | Status=Completed
2026-05-14 11:01:06 | INF | ACTION_TRACE | Acc=admin | Path=/lib/html-to-image/html-to-image.js.map | IP=::1 | Start=2026-05-14 11:01:06.529 | Elapsed=0ms | Status=Completed
2026-05-14 11:01:13 | INF | ACTION_TRACE | Acc=admin | Path=/Home/Index | IP=::1 | Start=2026-05-14 11:01:13.066 | Elapsed=43ms | Status=Completed
2026-05-14 11:01:13 | INF | ACTION_TRACE | Acc=admin | Path=/.well-known/appspecific/com.chrome.devtools.json | IP=::1 | Start=2026-05-14 11:01:13.148 | Elapsed=0ms | Status=Completed
2026-05-14 11:01:13 | INF | ACTION_TRACE | Acc=admin | Path=/lib/html-to-image/html-to-image.js.map | IP=::1 | Start=2026-05-14 11:01:13.301 | Elapsed=0ms | Status=Completed
2026-05-14 11:01:17 | INF | ACTION_TRACE | Acc=admin | Path=/Home/Index | IP=::1 | Start=2026-05-14 11:01:17.906 | Elapsed=50ms | Status=Completed
2026-05-14 11:01:17 | INF | ACTION_TRACE | Acc=admin | Path=/.well-known/appspecific/com.chrome.devtools.json | IP=::1 | Start=2026-05-14 11:01:17.991 | Elapsed=0ms | Status=Completed
2026-05-14 11:01:18 | INF | ACTION_TRACE | Acc=admin | Path=/lib/html-to-image/html-to-image.js.map | IP=::1 | Start=2026-05-14 11:01:18.163 | Elapsed=0ms | Status=Completed
2026-05-14 11:01:46 | INF | ACTION_TRACE | Acc=admin | Path=/Home/Index | IP=::1 | Start=2026-05-14 11:01:46.259 | Elapsed=41ms | Status=Completed
2026-05-14 11:01:46 | INF | ACTION_TRACE | Acc=admin | Path=/.well-known/appspecific/com.chrome.devtools.json | IP=::1 | Start=2026-05-14 11:01:46.331 | Elapsed=0ms | Status=Completed
2026-05-14 11:01:46 | INF | ACTION_TRACE | Acc=admin | Path=/lib/html-to-image/html-to-image.js.map | IP=::1 | Start=2026-05-14 11:01:46.486 | Elapsed=0ms | Status=Completed
2026-05-14 11:02:24 | INF | ACTION_TRACE | Acc=admin | Path=/Home/Index | IP=::1 | Start=2026-05-14 11:02:24.199 | Elapsed=39ms | Status=Completed
2026-05-14 11:02:24 | INF | ACTION_TRACE | Acc=admin | Path=/.well-known/appspecific/com.chrome.devtools.json | IP=::1 | Start=2026-05-14 11:02:24.276 | Elapsed=0ms | Status=Completed
2026-05-14 11:02:24 | INF | ACTION_TRACE | Acc=admin | Path=/lib/html-to-image/html-to-image.js.map | IP=::1 | Start=2026-05-14 11:02:24.464 | Elapsed=0ms | Status=Completed
2026-05-14 11:04:01 | INF | ACTION_TRACE | Acc=admin | Path=/Home/Index | IP=::1 | Start=2026-05-14 11:04:01.929 | Elapsed=42ms | Status=Completed
2026-05-14 11:04:02 | INF | ACTION_TRACE | Acc=admin | Path=/.well-known/appspecific/com.chrome.devtools.json | IP=::1 | Start=2026-05-14 11:04:02.035 | Elapsed=0ms | Status=Completed
2026-05-14 11:04:02 | INF | ACTION_TRACE | Acc=admin | Path=/lib/html-to-image/html-to-image.js.map | IP=::1 | Start=2026-05-14 11:04:02.201 | Elapsed=0ms | Status=Completed
2026-05-14 11:06:16 | INF | ACTION_TRACE | Acc=admin | Path=/Home/GetMenu | IP=::1 | Start=2026-05-14 11:06:16.735 | Elapsed=38ms | Status=Completed
2026-05-14 11:06:19 | INF | CONTROLLER_EXEC | Acc= admin | IP=::1 | Path=SYS202100/SYS202100 | Message=GET /SYS202100/SYS202100
2026-05-14 11:06:19 | INF | ACTION_TRACE | Acc=admin | Path=/SYS202100/SYS202100 | IP=::1 | Start=2026-05-14 11:06:19.524 | Elapsed=11ms | Status=Completed
2026-05-14 11:06:19 | INF | CONTROLLER_EXEC | Acc= admin | IP=::1 | Path=SYS202100/GetList | Message=POST /SYS202100/GetList
2026-05-14 11:06:19 | INF | ACTION_TRACE | Acc=admin | Path=/SYS202100/GetList | IP=::1 | Start=2026-05-14 11:06:19.604 | Elapsed=5ms | Status=Completed
2026-05-14 11:06:19 | INF | CONTROLLER_EXEC | Acc= admin | IP=::1 | Path=SYS202100/GetList | Message=POST /SYS202100/GetList
2026-05-14 11:06:19 | INF | ACTION_TRACE | Acc=admin | Path=/SYS202100/GetList | IP=::1 | Start=2026-05-14 11:06:19.644 | Elapsed=6ms | Status=Completed
2026-05-14 11:06:20 | INF | CONTROLLER_EXEC | Acc= admin | IP=::1 | Path=SYS202100/GetList | Message=POST /SYS202100/GetList
2026-05-14 11:06:20 | INF | ACTION_TRACE | Acc=admin | Path=/SYS202100/GetList | IP=::1 | Start=2026-05-14 11:06:20.151 | Elapsed=4ms | Status=Completed
2026-05-14 11:06:20 | INF | CONTROLLER_EXEC | Acc= admin | IP=::1 | Path=SYS202100/GetList | Message=POST /SYS202100/GetList
2026-05-14 11:06:20 | INF | ACTION_TRACE | Acc=admin | Path=/SYS202100/GetList | IP=::1 | Start=2026-05-14 11:06:20.215 | Elapsed=6ms | Status=Completed
2026-05-14 11:06:21 | INF | CONTROLLER_EXEC | Acc= admin | IP=::1 | Path=SYS202100/GetList | Message=POST /SYS202100/GetList
2026-05-14 11:06:21 | INF | ACTION_TRACE | Acc=admin | Path=/SYS202100/GetList | IP=::1 | Start=2026-05-14 11:06:21.180 | Elapsed=6ms | Status=Completed
2026-05-14 11:06:22 | INF | CONTROLLER_EXEC | Acc= admin | IP=::1 | Path=SYS202100/GetList | Message=POST /SYS202100/GetList
2026-05-14 11:06:22 | INF | ACTION_TRACE | Acc=admin | Path=/SYS202100/GetList | IP=::1 | Start=2026-05-14 11:06:22.364 | Elapsed=5ms | Status=Completed
2026-05-14 11:06:35 | INF | CONTROLLER_EXEC | Acc= admin | IP=::1 | Path=SYS202100/GetList | Message=POST /SYS202100/GetList
2026-05-14 11:06:35 | INF | ACTION_TRACE | Acc=admin | Path=/SYS202100/GetList | IP=::1 | Start=2026-05-14 11:06:35.073 | Elapsed=41ms | Status=Completed
2026-05-14 11:06:39 | INF | CONTROLLER_EXEC | Acc= admin | IP=::1 | Path=SYS202100/GetList | Message=POST /SYS202100/GetList
2026-05-14 11:06:39 | INF | ACTION_TRACE | Acc=admin | Path=/SYS202100/GetList | IP=::1 | Start=2026-05-14 11:06:35.070 | Elapsed=4588ms | Status=Completed
2026-05-14 11:06:39 | INF | NETWORK_UNSTABLE | Acc=admin | Path=/SYS202100/GetList | Reason=SlowRequest 4588ms
2026-05-14 11:21:42 | INF | CONTROLLER_EXEC | Acc= admin | IP=::1 | Path=SYS202100/GetList | Message=POST /SYS202100/GetList
2026-05-14 11:21:42 | INF | ACTION_TRACE | Acc=admin | Path=/SYS202100/GetList | IP=::1 | Start=2026-05-14 11:21:38.162 | Elapsed=4592ms | Status=Completed
2026-05-14 11:21:42 | INF | NETWORK_UNSTABLE | Acc=admin | Path=/SYS202100/GetList | Reason=SlowRequest 4592ms
2026-05-14 11:21:47 | INF | CONTROLLER_EXEC | Acc= admin | IP=::1 | Path=SYS202100/GetList | Message=POST /SYS202100/GetList
2026-05-14 11:21:47 | INF | ACTION_TRACE | Acc=admin | Path=/SYS202100/GetList | IP=::1 | Start=2026-05-14 11:21:42.713 | Elapsed=4595ms | Status=Completed
2026-05-14 11:21:47 | INF | NETWORK_UNSTABLE | Acc=admin | Path=/SYS202100/GetList | Reason=SlowRequest 4595ms
2026-05-14 11:26:52 | INF | CONTROLLER_EXEC | Acc= admin | IP=::1 | Path=SYS202100/GetByVariable | Message=GET /SYS202100/GetByVariable
2026-05-14 11:26:52 | INF | ACTION_TRACE | Acc=admin | Path=/SYS202100/GetByVariable | IP=::1 | Start=2026-05-14 11:26:47.470 | Elapsed=4704ms | Status=Completed
2026-05-14 11:26:52 | INF | NETWORK_UNSTABLE | Acc=admin | Path=/SYS202100/GetByVariable | Reason=SlowRequest 4704ms
2026-05-14 11:28:03 | INF | CONTROLLER_EXEC | Acc= admin | IP=::1 | Path=SYS202100/GetList | Message=POST /SYS202100/GetList
2026-05-14 11:28:03 | INF | ACTION_TRACE | Acc=admin | Path=/SYS202100/GetList | IP=::1 | Start=2026-05-14 11:28:03.519 | Elapsed=36ms | Status=Completed
2026-05-14 11:28:04 | INF | ACTION_TRACE | Acc=admin | Path=/Home/GetMenu | IP=::1 | Start=2026-05-14 11:28:04.185 | Elapsed=9ms | Status=Completed
2026-05-14 11:28:06 | INF | CONTROLLER_EXEC | Acc= admin | IP=::1 | Path=STA301008/STA301008Q | Message=GET /STA301008/STA301008Q
2026-05-14 11:28:06 | INF | ACTION_TRACE | Acc=admin | Path=/STA301008/STA301008Q | IP=::1 | Start=2026-05-14 11:28:06.173 | Elapsed=127ms | Status=Completed
2026-05-14 11:28:06 | INF | ACTION_TRACE | Acc=admin | Path=/FileUpload/GetFileList | IP=::1 | Start=2026-05-14 11:28:06.353 | Elapsed=37ms | Status=Completed
2026-05-14 11:28:08 | INF | CONTROLLER_EXEC | Acc= admin | IP=::1 | Path=SYS202100/GetList | Message=POST /SYS202100/GetList
2026-05-14 11:28:08 | INF | ACTION_TRACE | Acc=admin | Path=/SYS202100/GetList | IP=::1 | Start=2026-05-14 11:28:03.549 | Elapsed=4551ms | Status=Completed
2026-05-14 11:28:08 | INF | NETWORK_UNSTABLE | Acc=admin | Path=/SYS202100/GetList | Reason=SlowRequest 4551ms
2026-05-14 11:28:09 | INF | CONTROLLER_EXEC | Acc= admin | IP=::1 | Path=STA301009/STA301009Q | Message=GET /STA301009/STA301009Q
2026-05-14 11:28:09 | INF | ACTION_TRACE | Acc=admin | Path=/STA301009/STA301009Q | IP=::1 | Start=2026-05-14 11:28:09.313 | Elapsed=44ms | Status=Completed
2026-05-14 11:28:10 | INF | ACTION_TRACE | Acc=admin | Path=/FileUpload/GetFileList | IP=::1 | Start=2026-05-14 11:28:10.883 | Elapsed=2ms | Status=Completed
2026-05-14 11:28:19 | INF | CONTROLLER_EXEC | Acc= admin | IP=::1 | Path=STA301010/STA301010Q | Message=GET /STA301010/STA301010Q
2026-05-14 11:28:19 | INF | ACTION_TRACE | Acc=admin | Path=/STA301010/STA301010Q | IP=::1 | Start=2026-05-14 11:28:19.236 | Elapsed=83ms | Status=Completed
2026-05-14 11:28:21 | INF | CONTROLLER_EXEC | Acc= admin | IP=::1 | Path=STA301011/STA301011Q | Message=GET /STA301011/STA301011Q
2026-05-14 11:28:21 | INF | ACTION_TRACE | Acc=admin | Path=/STA301011/STA301011Q | IP=::1 | Start=2026-05-14 11:28:21.026 | Elapsed=45ms | Status=Completed
2026-05-14 11:28:26 | INF | CONTROLLER_EXEC | Acc= admin | IP=::1 | Path=STA301013/STA301013Q | Message=GET /STA301013/STA301013Q
2026-05-14 11:28:26 | INF | ACTION_TRACE | Acc=admin | Path=/STA301013/STA301013Q | IP=::1 | Start=2026-05-14 11:28:26.082 | Elapsed=75ms | Status=Completed
2026-05-14 11:28:30 | INF | CONTROLLER_EXEC | Acc= admin | IP=::1 | Path=STA301014/STA301014Q | Message=GET /STA301014/STA301014Q
2026-05-14 11:28:30 | INF | ACTION_TRACE | Acc=admin | Path=/STA301014/STA301014Q | IP=::1 | Start=2026-05-14 11:28:30.611 | Elapsed=63ms | Status=Completed
2026-05-14 11:28:34 | INF | CONTROLLER_EXEC | Acc= admin | IP=::1 | Path=STA301010/STA301010Q | Message=GET /STA301010/STA301010Q
2026-05-14 11:28:34 | INF | ACTION_TRACE | Acc=admin | Path=/STA301010/STA301010Q | IP=::1 | Start=2026-05-14 11:28:34.450 | Elapsed=13ms | Status=Completed
2026-05-14 11:28:40 | INF | CONTROLLER_EXEC | Acc= admin | IP=::1 | Path=STA301008/STA301008Q | Message=GET /STA301008/STA301008Q
2026-05-14 11:28:40 | INF | ACTION_TRACE | Acc=admin | Path=/STA301008/STA301008Q | IP=::1 | Start=2026-05-14 11:28:40.572 | Elapsed=13ms | Status=Completed
2026-05-14 11:28:40 | INF | ACTION_TRACE | Acc=admin | Path=/FileUpload/GetFileList | IP=::1 | Start=2026-05-14 11:28:40.596 | Elapsed=3ms | Status=Completed
2026-05-14 11:28:40 | INF | ACTION_TRACE | Acc=admin | Path=/FileUpload/GetFileList | IP=::1 | Start=2026-05-14 11:28:40.596 | Elapsed=3ms | Status=Completed
2026-05-14 11:28:47 | INF | CONTROLLER_EXEC | Acc= admin | IP=::1 | Path=STA301011/STA301011Q | Message=GET /STA301011/STA301011Q
2026-05-14 11:28:47 | INF | ACTION_TRACE | Acc=admin | Path=/STA301011/STA301011Q | IP=::1 | Start=2026-05-14 11:28:47.735 | Elapsed=13ms | Status=Completed
2026-05-14 11:28:59 | INF | CONTROLLER_EXEC | Acc= admin | IP=::1 | Path=STA301008/STA301008Q | Message=GET /STA301008/STA301008Q
2026-05-14 11:28:59 | INF | ACTION_TRACE | Acc=admin | Path=/STA301008/STA301008Q | IP=::1 | Start=2026-05-14 11:28:59.061 | Elapsed=19ms | Status=Completed
2026-05-14 11:28:59 | INF | ACTION_TRACE | Acc=admin | Path=/FileUpload/GetFileList | IP=::1 | Start=2026-05-14 11:28:59.091 | Elapsed=2ms | Status=Completed
2026-05-14 11:28:59 | INF | ACTION_TRACE | Acc=admin | Path=/FileUpload/GetFileList | IP=::1 | Start=2026-05-14 11:28:59.091 | Elapsed=2ms | Status=Completed
2026-05-14 11:29:05 | INF | CONTROLLER_EXEC | Acc= admin | IP=::1 | Path=STA301009/STA301009Q | Message=GET /STA301009/STA301009Q
2026-05-14 11:29:05 | INF | ACTION_TRACE | Acc=admin | Path=/STA301009/STA301009Q | IP=::1 | Start=2026-05-14 11:29:05.650 | Elapsed=9ms | Status=Completed
2026-05-14 11:29:09 | INF | CONTROLLER_EXEC | Acc= admin | IP=::1 | Path=STA301010/STA301010Q | Message=GET /STA301010/STA301010Q
2026-05-14 11:29:09 | INF | ACTION_TRACE | Acc=admin | Path=/STA301010/STA301010Q | IP=::1 | Start=2026-05-14 11:29:09.925 | Elapsed=18ms | Status=Completed
2026-05-14 11:29:22 | INF | CONTROLLER_EXEC | Acc= admin | IP=::1 | Path=STA301013/STA301013Q | Message=GET /STA301013/STA301013Q
2026-05-14 11:29:22 | INF | ACTION_TRACE | Acc=admin | Path=/STA301013/STA301013Q | IP=::1 | Start=2026-05-14 11:29:22.271 | Elapsed=51ms | Status=Completed
2026-05-14 11:29:29 | INF | ACTION_TRACE | Acc=admin | Path=/DevTest/DevTest | IP=::1 | Start=2026-05-14 11:29:29.120 | Elapsed=67ms | Status=Completed
2026-05-14 11:29:34 | INF | ACTION_TRACE | Acc=admin | Path=/Home/GetMenu | IP=::1 | Start=2026-05-14 11:29:34.487 | Elapsed=7ms | Status=Completed
2026-05-14 11:29:36 | INF | ACTION_TRACE | Acc=admin | Path=/humanly/sysmanage/HUM0613.aspx | IP=::1 | Start=2026-05-14 11:29:36.860 | Elapsed=0ms | Status=Completed
2026-05-14 11:29:38 | INF | ACTION_TRACE | Acc=admin | Path=/Home/GetMenu | IP=::1 | Start=2026-05-14 11:29:38.144 | Elapsed=10ms | Status=Completed
2026-05-14 11:29:40 | INF | ACTION_TRACE | Acc=admin | Path=/Report/Query | IP=::1 | Start=2026-05-14 11:29:40.140 | Elapsed=0ms | Status=Completed
2026-05-14 11:29:41 | INF | ACTION_TRACE | Acc=admin | Path=/Home/GetMenu | IP=::1 | Start=2026-05-14 11:29:41.065 | Elapsed=23ms | Status=Completed
2026-05-14 11:29:42 | INF | CONTROLLER_EXEC | Acc= admin | IP=::1 | Path=SYS201002/SYS201002 | Message=GET /SYS201002/SYS201002
2026-05-14 11:29:42 | INF | ACTION_TRACE | Acc=admin | Path=/SYS201002/SYS201002 | IP=::1 | Start=2026-05-14 11:29:42.376 | Elapsed=49ms | Status=Completed
2026-05-14 11:29:42 | INF | CONTROLLER_EXEC | Acc= admin | IP=::1 | Path=SYS201002/GetAllRoleList | Message=POST /SYS201002/GetAllRoleList
2026-05-14 11:29:42 | INF | ACTION_TRACE | Acc=admin | Path=/SYS201002/GetAllRoleList | IP=::1 | Start=2026-05-14 11:29:42.479 | Elapsed=44ms | Status=Completed
2026-05-14 11:29:43 | INF | CONTROLLER_EXEC | Acc= admin | IP=::1 | Path=SYS201002/GetPeople | Message=POST /SYS201002/GetPeople
2026-05-14 11:29:43 | INF | ACTION_TRACE | Acc=admin | Path=/SYS201002/GetPeople | IP=::1 | Start=2026-05-14 11:29:43.755 | Elapsed=31ms | Status=Completed
2026-05-14 11:29:48 | INF | CONTROLLER_EXEC | Acc= admin | IP=::1 | Path=SYS201001/SYS201001 | Message=GET /SYS201001/SYS201001
2026-05-14 11:29:48 | INF | ACTION_TRACE | Acc=admin | Path=/SYS201001/SYS201001 | IP=::1 | Start=2026-05-14 11:29:48.513 | Elapsed=98ms | Status=Completed
2026-05-14 11:29:48 | INF | CONTROLLER_EXEC | Acc= admin | IP=::1 | Path=SYS201001/GetAllAdmins | Message=POST /SYS201001/GetAllAdmins
2026-05-14 11:29:48 | INF | ACTION_TRACE | Acc=admin | Path=/SYS201001/GetAllAdmins | IP=::1 | Start=2026-05-14 11:29:48.643 | Elapsed=60ms | Status=Completed
2026-05-14 11:29:48 | INF | CONTROLLER_EXEC | Acc= admin | IP=::1 | Path=SYS201001/GetAllAdmins | Message=POST /SYS201001/GetAllAdmins
2026-05-14 11:29:48 | INF | ACTION_TRACE | Acc=admin | Path=/SYS201001/GetAllAdmins | IP=::1 | Start=2026-05-14 11:29:48.717 | Elapsed=9ms | Status=Completed
2026-05-14 11:29:49 | INF | CONTROLLER_EXEC | Acc= admin | IP=::1 | Path=SYS201001/GetAllRoles | Message=GET /SYS201001/GetAllRoles
2026-05-14 11:29:49 | INF | CONTROLLER_EXEC | Acc= admin | IP=::1 | Path=SYS201001/GetAllAdmins | Message=POST /SYS201001/GetAllAdmins
2026-05-14 11:29:49 | INF | ACTION_TRACE | Acc=admin | Path=/SYS201001/GetAllAdmins | IP=::1 | Start=2026-05-14 11:29:49.483 | Elapsed=6ms | Status=Completed
2026-05-14 11:29:49 | INF | ACTION_TRACE | Acc=admin | Path=/SYS201001/GetAllRoles | IP=::1 | Start=2026-05-14 11:29:49.467 | Elapsed=29ms | Status=Completed
2026-05-14 11:31:12 | WRN | No store type was specified for the decimal property 'OveMoney' on entity type 'HROvertime'. This will cause values to be silently truncated if they do not fit in the default precision and scale. Explicitly specify the SQL server column type that can accommodate all the values in 'OnModelCreating' using 'HasColumnType', specify precision and scale using 'HasPrecision', or configure a value converter using 'HasConversion'.
2026-05-14 11:31:12 | WRN | No store type was specified for the decimal property 'Wag1D1Hour' on entity type 'HRWage'. This will cause values to be silently truncated if they do not fit in the default precision and scale. Explicitly specify the SQL server column type that can accommodate all the values in 'OnModelCreating' using 'HasColumnType', specify precision and scale using 'HasPrecision', or configure a value converter using 'HasConversion'.
2026-05-14 11:31:12 | WRN | No store type was specified for the decimal property 'Wag2D1Hour' on entity type 'HRWage'. This will cause values to be silently truncated if they do not fit in the default precision and scale. Explicitly specify the SQL server column type that can accommodate all the values in 'OnModelCreating' using 'HasColumnType', specify precision and scale using 'HasPrecision', or configure a value converter using 'HasConversion'.
2026-05-14 11:31:12 | WRN | No store type was specified for the decimal property 'Wag4D3Hour' on entity type 'HRWage'. This will cause values to be silently truncated if they do not fit in the default precision and scale. Explicitly specify the SQL server column type that can accommodate all the values in 'OnModelCreating' using 'HasColumnType', specify precision and scale using 'HasPrecision', or configure a value converter using 'HasConversion'.
2026-05-14 11:31:12 | WRN | No store type was specified for the decimal property 'Wag5D3Hour' on entity type 'HRWage'. This will cause values to be silently truncated if they do not fit in the default precision and scale. Explicitly specify the SQL server column type that can accommodate all the values in 'OnModelCreating' using 'HasColumnType', specify precision and scale using 'HasPrecision', or configure a value converter using 'HasConversion'.
2026-05-14 11:31:12 | WRN | No store type was specified for the decimal property 'Wag8D3Hour' on entity type 'HRWage'. This will cause values to be silently truncated if they do not fit in the default precision and scale. Explicitly specify the SQL server column type that can accommodate all the values in 'OnModelCreating' using 'HasColumnType', specify precision and scale using 'HasPrecision', or configure a value converter using 'HasConversion'.
2026-05-14 11:31:12 | WRN | No store type was specified for the decimal property 'WagApplyHour' on entity type 'HRWage'. This will cause values to be silently truncated if they do not fit in the default precision and scale. Explicitly specify the SQL server column type that can accommodate all the values in 'OnModelCreating' using 'HasColumnType', specify precision and scale using 'HasPrecision', or configure a value converter using 'HasConversion'.
2026-05-14 11:31:12 | WRN | No store type was specified for the decimal property 'WagIssueHour' on entity type 'HRWage'. This will cause values to be silently truncated if they do not fit in the default precision and scale. Explicitly specify the SQL server column type that can accommodate all the values in 'OnModelCreating' using 'HasColumnType', specify precision and scale using 'HasPrecision', or configure a value converter using 'HasConversion'.
2026-05-14 11:31:12 | WRN | No store type was specified for the decimal property 'WagSubtotal' on entity type 'HRWage'. This will cause values to be silently truncated if they do not fit in the default precision and scale. Explicitly specify the SQL server column type that can accommodate all the values in 'OnModelCreating' using 'HasColumnType', specify precision and scale using 'HasPrecision', or configure a value converter using 'HasConversion'.
2026-05-14 11:31:17 | WRN | The query uses the 'First'/'FirstOrDefault' operator without 'OrderBy' and filter operators. This may lead to unpredictable results.
2026-05-14 11:31:18 | INF | ACTION_TRACE | Acc=admin | Path=/ | IP=::1 | Start=2026-05-14 11:31:12.037 | Elapsed=6881ms | Status=Completed
2026-05-14 11:31:18 | INF | NETWORK_UNSTABLE | Acc=admin | Path=/ | Reason=SlowRequest 6881ms
2026-05-14 11:31:19 | INF | ACTION_TRACE | Acc=admin | Path=/Captcha/Generate | IP=::1 | Start=2026-05-14 11:31:19.105 | Elapsed=38ms | Status=Completed
2026-05-14 11:31:19 | INF | ACTION_TRACE | Acc=admin | Path=/DNTCaptchaImage/Show | IP=::1 | Start=2026-05-14 11:31:19.183 | Elapsed=109ms | Status=Completed
2026-05-14 11:31:33 | INF | ACTION_TRACE | Acc=admin | Path=/Account/Login | IP=::1 | Start=2026-05-14 11:31:24.243 | Elapsed=9436ms | Status=Completed
2026-05-14 11:31:33 | INF | NETWORK_UNSTABLE | Acc=admin | Path=/Account/Login | Reason=SlowRequest 9436ms
2026-05-14 11:31:33 | INF | ACTION_TRACE | Acc=admin | Path=/Home/Index | IP=::1 | Start=2026-05-14 11:31:33.696 | Elapsed=217ms | Status=Completed
2026-05-14 11:32:13 | INF | ACTION_TRACE | Acc=admin | Path=/Home/GetMenu | IP=::1 | Start=2026-05-14 11:32:12.968 | Elapsed=46ms | Status=Completed
2026-05-14 11:32:15 | INF | CONTROLLER_EXEC | Acc= admin | IP=::1 | Path=SYS201001/SYS201001 | Message=GET /SYS201001/SYS201001
2026-05-14 11:32:15 | INF | ACTION_TRACE | Acc=admin | Path=/SYS201001/SYS201001 | IP=::1 | Start=2026-05-14 11:32:15.174 | Elapsed=237ms | Status=Completed
2026-05-14 11:32:15 | INF | CONTROLLER_EXEC | Acc= admin | IP=::1 | Path=SYS201001/GetAllAdmins | Message=POST /SYS201001/GetAllAdmins
2026-05-14 11:32:15 | INF | ACTION_TRACE | Acc=admin | Path=/SYS201001/GetAllAdmins | IP=::1 | Start=2026-05-14 11:32:15.459 | Elapsed=69ms | Status=Completed
2026-05-14 11:32:15 | INF | CONTROLLER_EXEC | Acc= admin | IP=::1 | Path=SYS201001/GetAllAdmins | Message=POST /SYS201001/GetAllAdmins
2026-05-14 11:32:15 | INF | ACTION_TRACE | Acc=admin | Path=/SYS201001/GetAllAdmins | IP=::1 | Start=2026-05-14 11:32:15.550 | Elapsed=8ms | Status=Completed
2026-05-14 11:32:18 | WRN | The query uses the 'First'/'FirstOrDefault' operator without 'OrderBy' and filter operators. This may lead to unpredictable results.
2026-05-14 11:32:18 | WRN | The query uses the 'First'/'FirstOrDefault' operator without 'OrderBy' and filter operators. This may lead to unpredictable results.
2026-05-14 11:32:18 | INF | CONTROLLER_EXEC | Acc= admin | IP=::1 | Path=SYS201001/GetAdminDetails | Message=GET /SYS201001/GetAdminDetails
2026-05-14 11:32:18 | INF | ACTION_TRACE | Acc=admin | Path=/SYS201001/GetAdminDetails | IP=::1 | Start=2026-05-14 11:32:18.250 | Elapsed=86ms | Status=Completed
2026-05-14 11:32:18 | INF | CONTROLLER_EXEC | Acc= admin | IP=::1 | Path=SYS201001/GetAllRoles | Message=GET /SYS201001/GetAllRoles
2026-05-14 11:32:18 | INF | CONTROLLER_EXEC | Acc= admin | IP=::1 | Path=SYS201001/GetAllAdmins | Message=POST /SYS201001/GetAllAdmins
2026-05-14 11:32:18 | INF | ACTION_TRACE | Acc=admin | Path=/SYS201001/GetAllAdmins | IP=::1 | Start=2026-05-14 11:32:18.362 | Elapsed=36ms | Status=Completed
2026-05-14 11:32:18 | INF | ACTION_TRACE | Acc=admin | Path=/SYS201001/GetAllRoles | IP=::1 | Start=2026-05-14 11:32:18.345 | Elapsed=56ms | Status=Completed
2026-05-14 11:32:22 | INF | CONTROLLER_EXEC | Acc= admin | IP=::1 | Path=SYS201001/GetAllPersonnelTypes | Message=GET /SYS201001/GetAllPersonnelTypes
2026-05-14 11:32:22 | INF | ACTION_TRACE | Acc=admin | Path=/SYS201001/GetAllPersonnelTypes | IP=::1 | Start=2026-05-14 11:32:22.887 | Elapsed=18ms | Status=Completed
2026-05-14 11:32:23 | INF | CONTROLLER_EXEC | Acc= admin | IP=::1 | Path=SYS201002/SYS201002 | Message=GET /SYS201002/SYS201002
2026-05-14 11:32:23 | INF | ACTION_TRACE | Acc=admin | Path=/SYS201002/SYS201002 | IP=::1 | Start=2026-05-14 11:32:23.117 | Elapsed=41ms | Status=Completed
2026-05-14 11:32:23 | INF | CONTROLLER_EXEC | Acc= admin | IP=::1 | Path=SYS201002/GetAllRoleList | Message=POST /SYS201002/GetAllRoleList
2026-05-14 11:32:23 | INF | ACTION_TRACE | Acc=admin | Path=/SYS201002/GetAllRoleList | IP=::1 | Start=2026-05-14 11:32:23.200 | Elapsed=44ms | Status=Completed
2026-05-14 11:32:24 | INF | CONTROLLER_EXEC | Acc= admin | IP=::1 | Path=SYS201002/GetPermission | Message=POST /SYS201002/GetPermission
2026-05-14 11:32:24 | INF | ACTION_TRACE | Acc=admin | Path=/SYS201002/GetPermission | IP=::1 | Start=2026-05-14 11:32:24.789 | Elapsed=44ms | Status=Completed
2026-05-14 11:32:27 | INF | CONTROLLER_EXEC | Acc= admin | IP=::1 | Path=SYS202001/SYS202001 | Message=GET /SYS202001/SYS202001
2026-05-14 11:32:27 | INF | ACTION_TRACE | Acc=admin | Path=/SYS202001/SYS202001 | IP=::1 | Start=2026-05-14 11:32:27.170 | Elapsed=29ms | Status=Completed
2026-05-14 11:32:27 | INF | CONTROLLER_EXEC | Acc= admin | IP=::1 | Path=SYS202001/GetDepartments | Message=POST /SYS202001/GetDepartments
2026-05-14 11:32:27 | INF | ACTION_TRACE | Acc=admin | Path=/SYS202001/GetDepartments | IP=::1 | Start=2026-05-14 11:32:27.237 | Elapsed=92ms | Status=Completed
2026-05-14 11:32:27 | INF | CONTROLLER_EXEC | Acc= admin | IP=::1 | Path=SYS202001/GetDepartments | Message=POST /SYS202001/GetDepartments
2026-05-14 11:32:27 | INF | ACTION_TRACE | Acc=admin | Path=/SYS202001/GetDepartments | IP=::1 | Start=2026-05-14 11:32:27.349 | Elapsed=6ms | Status=Completed
2026-05-14 11:32:28 | INF | CONTROLLER_EXEC | Acc= admin | IP=::1 | Path=SYS202001/GetEditDepartmentPartial | Message=GET /SYS202001/GetEditDepartmentPartial
2026-05-14 11:32:28 | INF | ACTION_TRACE | Acc=admin | Path=/SYS202001/GetEditDepartmentPartial | IP=::1 | Start=2026-05-14 11:32:28.461 | Elapsed=29ms | Status=Completed
2026-05-14 11:32:28 | INF | CONTROLLER_EXEC | Acc= admin | IP=::1 | Path=SYS202001/GetSubDepartments | Message=POST /SYS202001/GetSubDepartments
2026-05-14 11:32:28 | INF | ACTION_TRACE | Acc=admin | Path=/SYS202001/GetSubDepartments | IP=::1 | Start=2026-05-14 11:32:28.502 | Elapsed=39ms | Status=Completed
2026-05-14 11:32:28 | INF | CONTROLLER_EXEC | Acc= admin | IP=::1 | Path=SYS202001/GetSubDepartments | Message=POST /SYS202001/GetSubDepartments
2026-05-14 11:32:28 | INF | ACTION_TRACE | Acc=admin | Path=/SYS202001/GetSubDepartments | IP=::1 | Start=2026-05-14 11:32:28.549 | Elapsed=34ms | Status=Completed
2026-05-14 11:32:30 | INF | CONTROLLER_EXEC | Acc= admin | IP=::1 | Path=SYS202002/SYS202002 | Message=GET /SYS202002/SYS202002
2026-05-14 11:32:30 | INF | ACTION_TRACE | Acc=admin | Path=/SYS202002/SYS202002 | IP=::1 | Start=2026-05-14 11:32:30.603 | Elapsed=40ms | Status=Completed
2026-05-14 11:32:30 | INF | CONTROLLER_EXEC | Acc= admin | IP=::1 | Path=SYS202002/GetDataForTree | Message=GET /SYS202002/GetDataForTree
2026-05-14 11:32:30 | INF | ACTION_TRACE | Acc=admin | Path=/SYS202002/GetDataForTree | IP=::1 | Start=2026-05-14 11:32:30.658 | Elapsed=28ms | Status=Completed
2026-05-14 11:32:31 | WRN | The query uses the 'First'/'FirstOrDefault' operator without 'OrderBy' and filter operators. This may lead to unpredictable results.
2026-05-14 11:32:31 | INF | CONTROLLER_EXEC | Acc= admin | IP=::1 | Path=SYS202002/GetFunctionDetails | Message=GET /SYS202002/GetFunctionDetails
2026-05-14 11:32:31 | INF | ACTION_TRACE | Acc=admin | Path=/SYS202002/GetFunctionDetails | IP=::1 | Start=2026-05-14 11:32:31.919 | Elapsed=46ms | Status=Completed
2026-05-14 11:32:31 | INF | CONTROLLER_EXEC | Acc= admin | IP=::1 | Path=SYS202002/GetSystems | Message=GET /SYS202002/GetSystems
2026-05-14 11:32:31 | INF | ACTION_TRACE | Acc=admin | Path=/SYS202002/GetSystems | IP=::1 | Start=2026-05-14 11:32:31.972 | Elapsed=16ms | Status=Completed
2026-05-14 11:32:32 | INF | CONTROLLER_EXEC | Acc= admin | IP=::1 | Path=SYS202002/GetFunctionsBySystem | Message=GET /SYS202002/GetFunctionsBySystem
2026-05-14 11:32:32 | INF | ACTION_TRACE | Acc=admin | Path=/SYS202002/GetFunctionsBySystem | IP=::1 | Start=2026-05-14 11:32:31.994 | Elapsed=11ms | Status=Completed
2026-05-14 11:32:33 | INF | CONTROLLER_EXEC | Acc= admin | IP=::1 | Path=SYS202001/GetSubDepartments | Message=POST /SYS202001/GetSubDepartments
2026-05-14 11:32:33 | INF | ACTION_TRACE | Acc=admin | Path=/SYS202001/GetSubDepartments | IP=::1 | Start=2026-05-14 11:32:28.552 | Elapsed=4568ms | Status=Completed
2026-05-14 11:32:33 | INF | NETWORK_UNSTABLE | Acc=admin | Path=/SYS202001/GetSubDepartments | Reason=SlowRequest 4568ms
2026-05-14 11:32:33 | INF | CONTROLLER_EXEC | Acc= admin | IP=::1 | Path=SYS202004/SYS202004 | Message=GET /SYS202004/SYS202004
2026-05-14 11:32:33 | INF | ACTION_TRACE | Acc=admin | Path=/SYS202004/SYS202004 | IP=::1 | Start=2026-05-14 11:32:33.920 | Elapsed=26ms | Status=Completed
2026-05-14 11:32:34 | INF | CONTROLLER_EXEC | Acc= admin | IP=::1 | Path=SYS202004/GetProfessData | Message=POST /SYS202004/GetProfessData
2026-05-14 11:32:34 | INF | ACTION_TRACE | Acc=admin | Path=/SYS202004/GetProfessData | IP=::1 | Start=2026-05-14 11:32:33.975 | Elapsed=43ms | Status=Completed
2026-05-14 11:32:34 | INF | CONTROLLER_EXEC | Acc= admin | IP=::1 | Path=SYS202004/GetProfessData | Message=POST /SYS202004/GetProfessData
2026-05-14 11:32:34 | INF | ACTION_TRACE | Acc=admin | Path=/SYS202004/GetProfessData | IP=::1 | Start=2026-05-14 11:32:34.038 | Elapsed=7ms | Status=Completed
2026-05-14 11:32:35 | WRN | The query uses the 'First'/'FirstOrDefault' operator without 'OrderBy' and filter operators. This may lead to unpredictable results.
2026-05-14 11:32:35 | INF | CONTROLLER_EXEC | Acc= admin | IP=::1 | Path=SYS202004/GetProfessForEdit | Message=GET /SYS202004/GetProfessForEdit
2026-05-14 11:32:35 | INF | ACTION_TRACE | Acc=admin | Path=/SYS202004/GetProfessForEdit | IP=::1 | Start=2026-05-14 11:32:35.035 | Elapsed=39ms | Status=Completed
2026-05-14 11:32:36 | INF | CONTROLLER_EXEC | Acc= admin | IP=::1 | Path=SYS202004/GetProfessData | Message=POST /SYS202004/GetProfessData
2026-05-14 11:32:36 | INF | ACTION_TRACE | Acc=admin | Path=/SYS202004/GetProfessData | IP=::1 | Start=2026-05-14 11:32:36.102 | Elapsed=5ms | Status=Completed
2026-05-14 11:32:36 | INF | CONTROLLER_EXEC | Acc= admin | IP=::1 | Path=SYS202004/GetProfessData | Message=POST /SYS202004/GetProfessData
2026-05-14 11:32:36 | INF | ACTION_TRACE | Acc=admin | Path=/SYS202004/GetProfessData | IP=::1 | Start=2026-05-14 11:32:36.166 | Elapsed=5ms | Status=Completed
2026-05-14 11:32:37 | INF | CONTROLLER_EXEC | Acc= admin | IP=::1 | Path=SYS202002/SYS202002 | Message=GET /SYS202002/SYS202002
2026-05-14 11:32:37 | INF | ACTION_TRACE | Acc=admin | Path=/SYS202002/SYS202002 | IP=::1 | Start=2026-05-14 11:32:37.165 | Elapsed=4ms | Status=Completed
2026-05-14 11:32:37 | INF | CONTROLLER_EXEC | Acc= admin | IP=::1 | Path=SYS202002/GetDataForTree | Message=GET /SYS202002/GetDataForTree
2026-05-14 11:32:37 | INF | ACTION_TRACE | Acc=admin | Path=/SYS202002/GetDataForTree | IP=::1 | Start=2026-05-14 11:32:37.180 | Elapsed=3ms | Status=Completed
2026-05-14 11:32:38 | INF | CONTROLLER_EXEC | Acc= admin | IP=::1 | Path=SYS202002/GetFunctionDetails | Message=GET /SYS202002/GetFunctionDetails
2026-05-14 11:32:38 | INF | ACTION_TRACE | Acc=admin | Path=/SYS202002/GetFunctionDetails | IP=::1 | Start=2026-05-14 11:32:38.754 | Elapsed=2ms | Status=Completed
2026-05-14 11:32:38 | INF | CONTROLLER_EXEC | Acc= admin | IP=::1 | Path=SYS202002/GetSystems | Message=GET /SYS202002/GetSystems
2026-05-14 11:32:38 | INF | ACTION_TRACE | Acc=admin | Path=/SYS202002/GetSystems | IP=::1 | Start=2026-05-14 11:32:38.764 | Elapsed=2ms | Status=Completed
2026-05-14 11:32:38 | INF | CONTROLLER_EXEC | Acc= admin | IP=::1 | Path=SYS202002/GetFunctionsBySystem | Message=GET /SYS202002/GetFunctionsBySystem
2026-05-14 11:32:38 | INF | ACTION_TRACE | Acc=admin | Path=/SYS202002/GetFunctionsBySystem | IP=::1 | Start=2026-05-14 11:32:38.777 | Elapsed=2ms | Status=Completed
2026-05-14 11:32:42 | INF | ACTION_TRACE | Acc=admin | Path=/Home/GetMenu | IP=::1 | Start=2026-05-14 11:32:42.948 | Elapsed=42ms | Status=Completed
2026-05-14 11:32:44 | INF | CONTROLLER_EXEC | Acc= admin | IP=::1 | Path=STA301008/STA301008Q | Message=GET /STA301008/STA301008Q
2026-05-14 11:32:44 | INF | ACTION_TRACE | Acc=admin | Path=/STA301008/STA301008Q | IP=::1 | Start=2026-05-14 11:32:44.617 | Elapsed=103ms | Status=Completed
2026-05-14 11:32:44 | INF | ACTION_TRACE | Acc=admin | Path=/FileUpload/GetFileList | IP=::1 | Start=2026-05-14 11:32:44.782 | Elapsed=32ms | Status=Completed
2026-05-14 11:32:44 | INF | ACTION_TRACE | Acc=admin | Path=/FileUpload/GetFileList | IP=::1 | Start=2026-05-14 11:32:44.782 | Elapsed=33ms | Status=Completed
2026-05-14 11:32:49 | INF | CONTROLLER_EXEC | Acc= admin | IP=::1 | Path=STA301009/STA301009Q | Message=GET /STA301009/STA301009Q
2026-05-14 11:32:49 | INF | ACTION_TRACE | Acc=admin | Path=/STA301009/STA301009Q | IP=::1 | Start=2026-05-14 11:32:49.672 | Elapsed=31ms | Status=Completed
2026-05-14 11:32:53 | INF | CONTROLLER_EXEC | Acc= admin | IP=::1 | Path=STA301010/STA301010Q | Message=GET /STA301010/STA301010Q
2026-05-14 11:32:53 | INF | ACTION_TRACE | Acc=admin | Path=/STA301010/STA301010Q | IP=::1 | Start=2026-05-14 11:32:53.090 | Elapsed=35ms | Status=Completed
2026-05-14 11:32:56 | INF | CONTROLLER_EXEC | Acc= admin | IP=::1 | Path=STA301008/STA301008Q | Message=GET /STA301008/STA301008Q
2026-05-14 11:32:56 | INF | ACTION_TRACE | Acc=admin | Path=/STA301008/STA301008Q | IP=::1 | Start=2026-05-14 11:32:56.400 | Elapsed=18ms | Status=Completed
2026-05-14 11:32:56 | INF | ACTION_TRACE | Acc=admin | Path=/FileUpload/GetFileList | IP=::1 | Start=2026-05-14 11:32:56.430 | Elapsed=3ms | Status=Completed
2026-05-14 11:32:56 | INF | ACTION_TRACE | Acc=admin | Path=/FileUpload/GetFileList | IP=::1 | Start=2026-05-14 11:32:56.430 | Elapsed=3ms | Status=Completed
2026-05-14 11:32:59 | INF | CONTROLLER_EXEC | Acc= admin | IP=::1 | Path=STA301009/STA301009Q | Message=GET /STA301009/STA301009Q
2026-05-14 11:32:59 | INF | ACTION_TRACE | Acc=admin | Path=/STA301009/STA301009Q | IP=::1 | Start=2026-05-14 11:32:59.609 | Elapsed=10ms | Status=Completed
2026-05-14 11:33:00 | INF | CONTROLLER_EXEC | Acc= admin | IP=::1 | Path=STA301008/STA301008Q | Message=GET /STA301008/STA301008Q
2026-05-14 11:33:00 | INF | ACTION_TRACE | Acc=admin | Path=/STA301008/STA301008Q | IP=::1 | Start=2026-05-14 11:33:00.485 | Elapsed=19ms | Status=Completed
2026-05-14 11:33:00 | INF | ACTION_TRACE | Acc=admin | Path=/FileUpload/GetFileList | IP=::1 | Start=2026-05-14 11:33:00.516 | Elapsed=2ms | Status=Completed
2026-05-14 11:33:00 | INF | ACTION_TRACE | Acc=admin | Path=/FileUpload/GetFileList | IP=::1 | Start=2026-05-14 11:33:00.516 | Elapsed=2ms | Status=Completed
2026-05-14 11:33:06 | INF | ACTION_TRACE | Acc=admin | Path=/Home/Index | IP=::1 | Start=2026-05-14 11:33:06.305 | Elapsed=18ms | Status=Completed
2026-05-14 11:33:07 | INF | ACTION_TRACE | Acc=admin | Path=/Report/Query | IP=::1 | Start=2026-05-14 11:33:07.964 | Elapsed=0ms | Status=Completed
2026-05-14 11:33:09 | INF | ACTION_TRACE | Acc=admin | Path=/Home/GetMenu | IP=::1 | Start=2026-05-14 11:33:09.041 | Elapsed=7ms | Status=Completed
2026-05-14 11:33:11 | INF | CONTROLLER_EXEC | Acc= admin | IP=::1 | Path=STA301008/STA301008Q | Message=GET /STA301008/STA301008Q
2026-05-14 11:33:11 | INF | ACTION_TRACE | Acc=admin | Path=/STA301008/STA301008Q | IP=::1 | Start=2026-05-14 11:33:11.091 | Elapsed=14ms | Status=Completed
2026-05-14 11:33:11 | INF | ACTION_TRACE | Acc=admin | Path=/FileUpload/GetFileList | IP=::1 | Start=2026-05-14 11:33:11.126 | Elapsed=2ms | Status=Completed
2026-05-14 11:33:11 | INF | ACTION_TRACE | Acc=admin | Path=/FileUpload/GetFileList | IP=::1 | Start=2026-05-14 11:33:11.126 | Elapsed=2ms | Status=Completed
2026-05-14 11:33:46 | INF | CONTROLLER_EXEC | Acc= admin | IP=::1 | Path=STA301009/STA301009Q | Message=GET /STA301009/STA301009Q
2026-05-14 11:33:46 | INF | ACTION_TRACE | Acc=admin | Path=/STA301009/STA301009Q | IP=::1 | Start=2026-05-14 11:33:46.067 | Elapsed=13ms | Status=Completed
2026-05-14 11:33:49 | INF | CONTROLLER_EXEC | Acc= admin | IP=::1 | Path=STA301008/STA301008Q | Message=GET /STA301008/STA301008Q
2026-05-14 11:33:49 | INF | ACTION_TRACE | Acc=admin | Path=/STA301008/STA301008Q | IP=::1 | Start=2026-05-14 11:33:49.429 | Elapsed=13ms | Status=Completed
2026-05-14 11:33:49 | INF | ACTION_TRACE | Acc=admin | Path=/FileUpload/GetFileList | IP=::1 | Start=2026-05-14 11:33:49.454 | Elapsed=2ms | Status=Completed
2026-05-14 11:33:49 | INF | ACTION_TRACE | Acc=admin | Path=/FileUpload/GetFileList | IP=::1 | Start=2026-05-14 11:33:49.454 | Elapsed=4ms | Status=Completed
2026-05-14 11:38:39 | WRN | No store type was specified for the decimal property 'OveMoney' on entity type 'HROvertime'. This will cause values to be silently truncated if they do not fit in the default precision and scale. Explicitly specify the SQL server column type that can accommodate all the values in 'OnModelCreating' using 'HasColumnType', specify precision and scale using 'HasPrecision', or configure a value converter using 'HasConversion'.
2026-05-14 11:38:39 | WRN | No store type was specified for the decimal property 'Wag1D1Hour' on entity type 'HRWage'. This will cause values to be silently truncated if they do not fit in the default precision and scale. Explicitly specify the SQL server column type that can accommodate all the values in 'OnModelCreating' using 'HasColumnType', specify precision and scale using 'HasPrecision', or configure a value converter using 'HasConversion'.
2026-05-14 11:38:39 | WRN | No store type was specified for the decimal property 'Wag2D1Hour' on entity type 'HRWage'. This will cause values to be silently truncated if they do not fit in the default precision and scale. Explicitly specify the SQL server column type that can accommodate all the values in 'OnModelCreating' using 'HasColumnType', specify precision and scale using 'HasPrecision', or configure a value converter using 'HasConversion'.
2026-05-14 11:38:39 | WRN | No store type was specified for the decimal property 'Wag4D3Hour' on entity type 'HRWage'. This will cause values to be silently truncated if they do not fit in the default precision and scale. Explicitly specify the SQL server column type that can accommodate all the values in 'OnModelCreating' using 'HasColumnType', specify precision and scale using 'HasPrecision', or configure a value converter using 'HasConversion'.
2026-05-14 11:38:39 | WRN | No store type was specified for the decimal property 'Wag5D3Hour' on entity type 'HRWage'. This will cause values to be silently truncated if they do not fit in the default precision and scale. Explicitly specify the SQL server column type that can accommodate all the values in 'OnModelCreating' using 'HasColumnType', specify precision and scale using 'HasPrecision', or configure a value converter using 'HasConversion'.
2026-05-14 11:38:39 | WRN | No store type was specified for the decimal property 'Wag8D3Hour' on entity type 'HRWage'. This will cause values to be silently truncated if they do not fit in the default precision and scale. Explicitly specify the SQL server column type that can accommodate all the values in 'OnModelCreating' using 'HasColumnType', specify precision and scale using 'HasPrecision', or configure a value converter using 'HasConversion'.
2026-05-14 11:38:39 | WRN | No store type was specified for the decimal property 'WagApplyHour' on entity type 'HRWage'. This will cause values to be silently truncated if they do not fit in the default precision and scale. Explicitly specify the SQL server column type that can accommodate all the values in 'OnModelCreating' using 'HasColumnType', specify precision and scale using 'HasPrecision', or configure a value converter using 'HasConversion'.
2026-05-14 11:38:39 | WRN | No store type was specified for the decimal property 'WagIssueHour' on entity type 'HRWage'. This will cause values to be silently truncated if they do not fit in the default precision and scale. Explicitly specify the SQL server column type that can accommodate all the values in 'OnModelCreating' using 'HasColumnType', specify precision and scale using 'HasPrecision', or configure a value converter using 'HasConversion'.
2026-05-14 11:38:39 | WRN | No store type was specified for the decimal property 'WagSubtotal' on entity type 'HRWage'. This will cause values to be silently truncated if they do not fit in the default precision and scale. Explicitly specify the SQL server column type that can accommodate all the values in 'OnModelCreating' using 'HasColumnType', specify precision and scale using 'HasPrecision', or configure a value converter using 'HasConversion'.
2026-05-14 11:38:44 | WRN | The query uses the 'First'/'FirstOrDefault' operator without 'OrderBy' and filter operators. This may lead to unpredictable results.
2026-05-14 11:38:45 | INF | ACTION_TRACE | Acc=admin | Path=/ | IP=::1 | Start=2026-05-14 11:38:38.772 | Elapsed=6846ms | Status=Completed
2026-05-14 11:38:45 | INF | NETWORK_UNSTABLE | Acc=admin | Path=/ | Reason=SlowRequest 6846ms
2026-05-14 11:38:45 | INF | ACTION_TRACE | Acc=admin | Path=/Captcha/Generate | IP=::1 | Start=2026-05-14 11:38:45.805 | Elapsed=31ms | Status=Completed
2026-05-14 11:38:45 | INF | ACTION_TRACE | Acc=admin | Path=/DNTCaptchaImage/Show | IP=::1 | Start=2026-05-14 11:38:45.855 | Elapsed=100ms | Status=Completed
2026-05-14 11:38:56 | INF | ACTION_TRACE | Acc=admin | Path=/Account/Login | IP=::1 | Start=2026-05-14 11:38:48.765 | Elapsed=7357ms | Status=Completed
2026-05-14 11:38:56 | INF | NETWORK_UNSTABLE | Acc=admin | Path=/Account/Login | Reason=SlowRequest 7357ms
2026-05-14 11:38:56 | INF | ACTION_TRACE | Acc=admin | Path=/Home/Index | IP=::1 | Start=2026-05-14 11:38:56.135 | Elapsed=232ms | Status=Completed
2026-05-14 11:39:07 | INF | ACTION_TRACE | Acc=admin | Path=/Home/GetMenu | IP=::1 | Start=2026-05-14 11:39:07.440 | Elapsed=13ms | Status=Completed
2026-05-14 11:39:08 | INF | ACTION_TRACE | Acc=admin | Path=/Home/GetMenu | IP=::1 | Start=2026-05-14 11:39:08.511 | Elapsed=9ms | Status=Completed
2026-05-14 11:39:11 | INF | CONTROLLER_EXEC | Acc= admin | IP=::1 | Path=STA301008/STA301008Q | Message=GET /STA301008/STA301008Q
2026-05-14 11:39:11 | INF | ACTION_TRACE | Acc=admin | Path=/STA301008/STA301008Q | IP=::1 | Start=2026-05-14 11:39:11.469 | Elapsed=156ms | Status=Completed
2026-05-14 11:39:11 | INF | ACTION_TRACE | Acc=admin | Path=/FileUpload/GetFileList | IP=::1 | Start=2026-05-14 11:39:11.689 | Elapsed=33ms | Status=Completed
2026-05-14 11:39:16 | INF | ACTION_TRACE | Acc=admin | Path=/FileUpload/GetFileList | IP=::1 | Start=2026-05-14 11:39:16.247 | Elapsed=19ms | Status=Completed
2026-05-14 11:39:22 | INF | CONTROLLER_EXEC | Acc= admin | IP=::1 | Path=STA301009/STA301009Q | Message=GET /STA301009/STA301009Q
2026-05-14 11:39:22 | INF | ACTION_TRACE | Acc=admin | Path=/STA301009/STA301009Q | IP=::1 | Start=2026-05-14 11:39:22.898 | Elapsed=35ms | Status=Completed
2026-05-14 11:39:28 | INF | ACTION_TRACE | Acc=admin | Path=/Home/Index | IP=::1 | Start=2026-05-14 11:39:28.262 | Elapsed=16ms | Status=Completed
2026-05-14 11:39:29 | INF | ACTION_TRACE | Acc=admin | Path=/Home/Index | IP=::1 | Start=2026-05-14 11:39:29.236 | Elapsed=15ms | Status=Completed
2026-05-14 11:39:29 | INF | ACTION_TRACE | Acc=admin | Path=/Home/GetMenu | IP=::1 | Start=2026-05-14 11:39:29.923 | Elapsed=7ms | Status=Completed
2026-05-14 11:39:33 | INF | ACTION_TRACE | Acc=admin | Path=/Home/GetMenu | IP=::1 | Start=2026-05-14 11:39:33.502 | Elapsed=7ms | Status=Completed
2026-05-14 11:39:35 | INF | CONTROLLER_EXEC | Acc= admin | IP=::1 | Path=STA301008/STA301008Q | Message=GET /STA301008/STA301008Q
2026-05-14 11:39:35 | INF | ACTION_TRACE | Acc=admin | Path=/STA301008/STA301008Q | IP=::1 | Start=2026-05-14 11:39:35.969 | Elapsed=15ms | Status=Completed
2026-05-14 11:39:36 | INF | ACTION_TRACE | Acc=admin | Path=/FileUpload/GetFileList | IP=::1 | Start=2026-05-14 11:39:36.005 | Elapsed=39ms | Status=Completed
2026-05-14 11:39:40 | INF | CONTROLLER_EXEC | Acc= admin | IP=::1 | Path=STA301009/STA301009Q | Message=GET /STA301009/STA301009Q
2026-05-14 11:39:40 | INF | ACTION_TRACE | Acc=admin | Path=/STA301009/STA301009Q | IP=::1 | Start=2026-05-14 11:39:40.466 | Elapsed=9ms | Status=Completed
2026-05-14 11:39:40 | INF | ACTION_TRACE | Acc=admin | Path=/FileUpload/GetFileList | IP=::1 | Start=2026-05-14 11:39:36.005 | Elapsed=4576ms | Status=Completed
2026-05-14 11:39:40 | INF | NETWORK_UNSTABLE | Acc=admin | Path=/FileUpload/GetFileList | Reason=SlowRequest 4576ms
2026-05-14 11:40:04 | INF | ACTION_TRACE | Acc=admin | Path=/.well-known/appspecific/com.chrome.devtools.json | IP=::1 | Start=2026-05-14 11:40:04.402 | Elapsed=0ms | Status=Completed
2026-05-14 11:40:04 | INF | ACTION_TRACE | Acc=admin | Path=/lib/html-to-image/html-to-image.js.map | IP=::1 | Start=2026-05-14 11:40:04.440 | Elapsed=0ms | Status=Completed
2026-05-14 11:40:43 | INF | ACTION_TRACE | Acc=admin | Path=/Home/GetMenu | IP=::1 | Start=2026-05-14 11:40:43.115 | Elapsed=28ms | Status=Completed
2026-05-14 11:40:43 | INF | ACTION_TRACE | Acc=admin | Path=/Home/GetMenu | IP=::1 | Start=2026-05-14 11:40:43.555 | Elapsed=42ms | Status=Completed
2026-05-14 11:40:46 | INF | CONTROLLER_EXEC | Acc= admin | IP=::1 | Path=STA301008/STA301008Q | Message=GET /STA301008/STA301008Q
2026-05-14 11:40:46 | INF | ACTION_TRACE | Acc=admin | Path=/STA301008/STA301008Q | IP=::1 | Start=2026-05-14 11:40:46.382 | Elapsed=18ms | Status=Completed
2026-05-14 11:40:46 | INF | ACTION_TRACE | Acc=admin | Path=/FileUpload/GetFileList | IP=::1 | Start=2026-05-14 11:40:46.411 | Elapsed=2ms | Status=Completed
2026-05-14 11:40:46 | INF | ACTION_TRACE | Acc=admin | Path=/FileUpload/GetFileList | IP=::1 | Start=2026-05-14 11:40:46.411 | Elapsed=2ms | Status=Completed
2026-05-14 11:40:49 | INF | ACTION_TRACE | Acc=admin | Path=/.well-known/appspecific/com.chrome.devtools.json | IP=::1 | Start=2026-05-14 11:40:49.883 | Elapsed=0ms | Status=Completed
2026-05-14 11:40:49 | INF | ACTION_TRACE | Acc=admin | Path=/lib/html-to-image/html-to-image.js.map | IP=::1 | Start=2026-05-14 11:40:49.946 | Elapsed=0ms | Status=Completed
2026-05-14 11:41:28 | INF | CONTROLLER_EXEC | Acc= admin | IP=::1 | Path=STA301008/STA301008Q | Message=GET /STA301008/STA301008Q
2026-05-14 11:41:28 | INF | ACTION_TRACE | Acc=admin | Path=/STA301008/STA301008Q | IP=::1 | Start=2026-05-14 11:41:28.368 | Elapsed=13ms | Status=Completed
2026-05-14 11:41:28 | INF | ACTION_TRACE | Acc=admin | Path=/FileUpload/GetFileList | IP=::1 | Start=2026-05-14 11:41:28.393 | Elapsed=2ms | Status=Completed
2026-05-14 11:41:28 | INF | ACTION_TRACE | Acc=admin | Path=/FileUpload/GetFileList | IP=::1 | Start=2026-05-14 11:41:28.393 | Elapsed=3ms | Status=Completed
2026-05-14 11:41:28 | INF | CONTROLLER_EXEC | Acc= admin | IP=::1 | Path=STA301009/STA301009Q | Message=GET /STA301009/STA301009Q
2026-05-14 11:41:28 | INF | ACTION_TRACE | Acc=admin | Path=/STA301009/STA301009Q | IP=::1 | Start=2026-05-14 11:41:28.926 | Elapsed=40ms | Status=Completed
2026-05-14 11:41:33 | INF | CONTROLLER_EXEC | Acc= admin | IP=::1 | Path=STA301008/STA301008Q | Message=GET /STA301008/STA301008Q
2026-05-14 11:41:33 | INF | ACTION_TRACE | Acc=admin | Path=/STA301008/STA301008Q | IP=::1 | Start=2026-05-14 11:41:33.816 | Elapsed=17ms | Status=Completed
2026-05-14 11:41:33 | INF | ACTION_TRACE | Acc=admin | Path=/FileUpload/GetFileList | IP=::1 | Start=2026-05-14 11:41:33.845 | Elapsed=2ms | Status=Completed
2026-05-14 11:41:33 | INF | ACTION_TRACE | Acc=admin | Path=/FileUpload/GetFileList | IP=::1 | Start=2026-05-14 11:41:33.845 | Elapsed=3ms | Status=Completed
2026-05-14 11:41:43 | INF | CONTROLLER_EXEC | Acc= admin | IP=::1 | Path=STA301009/STA301009Q | Message=GET /STA301009/STA301009Q
2026-05-14 11:41:43 | INF | ACTION_TRACE | Acc=admin | Path=/STA301009/STA301009Q | IP=::1 | Start=2026-05-14 11:41:43.602 | Elapsed=10ms | Status=Completed
2026-05-14 11:43:27 | INF | CONTROLLER_EXEC | Acc= admin | IP=::1 | Path=STA301009/STA301009Q | Message=GET /STA301009/STA301009Q
2026-05-14 11:43:27 | INF | ACTION_TRACE | Acc=admin | Path=/STA301009/STA301009Q | IP=::1 | Start=2026-05-14 11:43:27.394 | Elapsed=12ms | Status=Completed
2026-05-14 11:43:32 | INF | CONTROLLER_EXEC | Acc= admin | IP=::1 | Path=STA301009/STA301009Q | Message=GET /STA301009/STA301009Q
2026-05-14 11:43:32 | INF | ACTION_TRACE | Acc=admin | Path=/STA301009/STA301009Q | IP=::1 | Start=2026-05-14 11:43:32.804 | Elapsed=10ms | Status=Completed
2026-05-14 11:43:33 | INF | CONTROLLER_EXEC | Acc= admin | IP=::1 | Path=STA301008/STA301008Q | Message=GET /STA301008/STA301008Q
2026-05-14 11:43:33 | INF | ACTION_TRACE | Acc=admin | Path=/STA301008/STA301008Q | IP=::1 | Start=2026-05-14 11:43:33.244 | Elapsed=17ms | Status=Completed
2026-05-14 11:43:33 | INF | ACTION_TRACE | Acc=admin | Path=/FileUpload/GetFileList | IP=::1 | Start=2026-05-14 11:43:33.272 | Elapsed=1ms | Status=Completed
2026-05-14 11:43:33 | INF | ACTION_TRACE | Acc=admin | Path=/FileUpload/GetFileList | IP=::1 | Start=2026-05-14 11:43:33.272 | Elapsed=2ms | Status=Completed
2026-05-14 11:47:56 | INF | ACTION_TRACE | Acc=admin | Path=/Home/Index | IP=::1 | Start=2026-05-14 11:47:55.990 | Elapsed=21ms | Status=Completed
2026-05-14 11:49:09 | INF | ACTION_TRACE | Acc=admin | Path=/Home/Index | IP=::1 | Start=2026-05-14 11:49:08.984 | Elapsed=62ms | Status=Completed
2026-05-14 11:49:16 | INF | ACTION_TRACE | Acc=admin | Path=/Home/Index | IP=::1 | Start=2026-05-14 11:49:16.624 | Elapsed=13ms | Status=Completed
2026-05-14 11:50:21 | INF | ACTION_TRACE | Acc=admin | Path=/Home/Index | IP=::1 | Start=2026-05-14 11:50:21.547 | Elapsed=73ms | Status=Completed
2026-05-14 11:50:33 | INF | ACTION_TRACE | Acc=admin | Path=/Home/Index | IP=::1 | Start=2026-05-14 11:50:33.818 | Elapsed=13ms | Status=Completed
2026-05-14 11:50:36 | INF | ACTION_TRACE | Acc=admin | Path=/Home/GetMenu | IP=::1 | Start=2026-05-14 11:50:36.811 | Elapsed=8ms | Status=Completed
2026-05-14 11:50:39 | INF | ACTION_TRACE | Acc=admin | Path=/Home/GetMenu | IP=::1 | Start=2026-05-14 11:50:39.384 | Elapsed=13ms | Status=Completed
2026-05-14 11:50:41 | INF | CONTROLLER_EXEC | Acc= admin | IP=::1 | Path=STA301009/STA301009Q | Message=GET /STA301009/STA301009Q
2026-05-14 11:50:41 | INF | ACTION_TRACE | Acc=admin | Path=/STA301009/STA301009Q | IP=::1 | Start=2026-05-14 11:50:41.803 | Elapsed=13ms | Status=Completed
2026-05-14 11:50:47 | INF | CONTROLLER_EXEC | Acc= admin | IP=::1 | Path=STA301008/STA301008Q | Message=GET /STA301008/STA301008Q
2026-05-14 11:50:47 | INF | ACTION_TRACE | Acc=admin | Path=/STA301008/STA301008Q | IP=::1 | Start=2026-05-14 11:50:47.925 | Elapsed=15ms | Status=Completed
2026-05-14 11:50:47 | INF | ACTION_TRACE | Acc=admin | Path=/FileUpload/GetFileList | IP=::1 | Start=2026-05-14 11:50:47.958 | Elapsed=10ms | Status=Completed
2026-05-14 11:50:47 | INF | ACTION_TRACE | Acc=admin | Path=/FileUpload/GetFileList | IP=::1 | Start=2026-05-14 11:50:47.958 | Elapsed=11ms | Status=Completed
2026-05-14 11:50:53 | INF | CONTROLLER_EXEC | Acc= admin | IP=::1 | Path=STA301009/STA301009Q | Message=GET /STA301009/STA301009Q
2026-05-14 11:50:53 | INF | ACTION_TRACE | Acc=admin | Path=/STA301009/STA301009Q | IP=::1 | Start=2026-05-14 11:50:53.913 | Elapsed=38ms | Status=Completed
2026-05-14 11:50:58 | INF | ACTION_TRACE | Acc=admin | Path=/.well-known/appspecific/com.chrome.devtools.json | IP=::1 | Start=2026-05-14 11:50:58.063 | Elapsed=0ms | Status=Completed
2026-05-14 11:50:58 | INF | ACTION_TRACE | Acc=admin | Path=/lib/html-to-image/html-to-image.js.map | IP=::1 | Start=2026-05-14 11:50:58.148 | Elapsed=0ms | Status=Completed
2026-05-14 11:51:00 | INF | ACTION_TRACE | Acc=admin | Path=/Home/Index | IP=::1 | Start=2026-05-14 11:51:00.805 | Elapsed=14ms | Status=Completed
2026-05-14 11:51:00 | INF | ACTION_TRACE | Acc=admin | Path=/.well-known/appspecific/com.chrome.devtools.json | IP=::1 | Start=2026-05-14 11:51:00.963 | Elapsed=0ms | Status=Completed
2026-05-14 11:51:01 | INF | ACTION_TRACE | Acc=admin | Path=/lib/html-to-image/html-to-image.js.map | IP=::1 | Start=2026-05-14 11:51:01.083 | Elapsed=0ms | Status=Completed
2026-05-14 11:51:04 | INF | ACTION_TRACE | Acc=admin | Path=/Home/GetMenu | IP=::1 | Start=2026-05-14 11:51:04.441 | Elapsed=11ms | Status=Completed
2026-05-14 11:51:08 | INF | ACTION_TRACE | Acc=admin | Path=/Home/GetMenu | IP=::1 | Start=2026-05-14 11:51:08.073 | Elapsed=9ms | Status=Completed
2026-05-14 11:51:08 | INF | ACTION_TRACE | Acc=admin | Path=/Home/GetMenu | IP=::1 | Start=2026-05-14 11:51:08.837 | Elapsed=9ms | Status=Completed
2026-05-14 11:51:12 | INF | CONTROLLER_EXEC | Acc= admin | IP=::1 | Path=STA301009/STA301009Q | Message=GET /STA301009/STA301009Q
2026-05-14 11:51:12 | INF | ACTION_TRACE | Acc=admin | Path=/STA301009/STA301009Q | IP=::1 | Start=2026-05-14 11:51:12.367 | Elapsed=12ms | Status=Completed
2026-05-14 11:51:13 | INF | CONTROLLER_EXEC | Acc= admin | IP=::1 | Path=STA301010/STA301010Q | Message=GET /STA301010/STA301010Q
2026-05-14 11:51:13 | INF | ACTION_TRACE | Acc=admin | Path=/STA301010/STA301010Q | IP=::1 | Start=2026-05-14 11:51:13.119 | Elapsed=38ms | Status=Completed
2026-05-14 11:51:13 | INF | CONTROLLER_EXEC | Acc= admin | IP=::1 | Path=STA301009/STA301009Q | Message=GET /STA301009/STA301009Q
2026-05-14 11:51:13 | INF | ACTION_TRACE | Acc=admin | Path=/STA301009/STA301009Q | IP=::1 | Start=2026-05-14 11:51:13.900 | Elapsed=9ms | Status=Completed
2026-05-14 11:51:20 | INF | CONTROLLER_EXEC | Acc= admin | IP=::1 | Path=STA301008/STA301008Q | Message=GET /STA301008/STA301008Q
2026-05-14 11:51:20 | INF | ACTION_TRACE | Acc=admin | Path=/STA301008/STA301008Q | IP=::1 | Start=2026-05-14 11:51:20.241 | Elapsed=28ms | Status=Completed
2026-05-14 11:51:20 | INF | ACTION_TRACE | Acc=admin | Path=/FileUpload/GetFileList | IP=::1 | Start=2026-05-14 11:51:20.294 | Elapsed=5ms | Status=Completed
2026-05-14 11:51:24 | INF | ACTION_TRACE | Acc=admin | Path=/FileUpload/GetFileList | IP=::1 | Start=2026-05-14 11:51:20.294 | Elapsed=4544ms | Status=Completed
2026-05-14 11:51:24 | INF | NETWORK_UNSTABLE | Acc=admin | Path=/FileUpload/GetFileList | Reason=SlowRequest 4544ms
2026-05-14 11:52:02 | INF | ACTION_TRACE | Acc=admin | Path=/Home/Index | IP=::1 | Start=2026-05-14 11:52:01.528 | Elapsed=617ms | Status=Completed
2026-05-14 11:52:13 | INF | ACTION_TRACE | Acc=admin | Path=/Home/Index | IP=::1 | Start=2026-05-14 11:52:13.068 | Elapsed=77ms | Status=Completed
2026-05-14 11:52:27 | INF | ACTION_TRACE | Acc=admin | Path=/Home/Index | IP=::1 | Start=2026-05-14 11:52:27.296 | Elapsed=45ms | Status=Completed
2026-05-14 11:52:32 | INF | ACTION_TRACE | Acc=admin | Path=/Home/Index | IP=::1 | Start=2026-05-14 11:52:32.084 | Elapsed=48ms | Status=Completed
2026-05-14 11:52:36 | INF | ACTION_TRACE | Acc=admin | Path=/Home/Index | IP=::1 | Start=2026-05-14 11:52:36.457 | Elapsed=31ms | Status=Completed
2026-05-14 11:52:45 | INF | ACTION_TRACE | Acc=admin | Path=/Home/Index | IP=::1 | Start=2026-05-14 11:52:45.836 | Elapsed=48ms | Status=Completed
2026-05-14 11:52:52 | INF | ACTION_TRACE | Acc=admin | Path=/Home/Index | IP=::1 | Start=2026-05-14 11:52:52.195 | Elapsed=45ms | Status=Completed
2026-05-14 11:53:08 | INF | ACTION_TRACE | Acc=admin | Path=/Home/Index | IP=::1 | Start=2026-05-14 11:53:08.491 | Elapsed=47ms | Status=Completed
2026-05-14 11:54:24 | INF | ACTION_TRACE | Acc=admin | Path=/Home/Index | IP=::1 | Start=2026-05-14 11:54:24.435 | Elapsed=13ms | Status=Completed
2026-05-14 11:54:27 | INF | ACTION_TRACE | Acc=admin | Path=/Home/GetMenu | IP=::1 | Start=2026-05-14 11:54:27.721 | Elapsed=12ms | Status=Completed
2026-05-14 11:54:28 | INF | ACTION_TRACE | Acc=admin | Path=/Home/GetMenu | IP=::1 | Start=2026-05-14 11:54:28.267 | Elapsed=5ms | Status=Completed
2026-05-14 11:54:30 | INF | CONTROLLER_EXEC | Acc= admin | IP=::1 | Path=STA301008/STA301008Q | Message=GET /STA301008/STA301008Q
2026-05-14 11:54:30 | INF | ACTION_TRACE | Acc=admin | Path=/STA301008/STA301008Q | IP=::1 | Start=2026-05-14 11:54:30.638 | Elapsed=15ms | Status=Completed
2026-05-14 11:54:30 | INF | ACTION_TRACE | Acc=admin | Path=/FileUpload/GetFileList | IP=::1 | Start=2026-05-14 11:54:30.695 | Elapsed=9ms | Status=Completed
2026-05-14 11:54:30 | INF | ACTION_TRACE | Acc=admin | Path=/FileUpload/GetFileList | IP=::1 | Start=2026-05-14 11:54:30.696 | Elapsed=8ms | Status=Completed
2026-05-14 11:54:40 | INF | ACTION_TRACE | Acc=admin | Path=/.well-known/appspecific/com.chrome.devtools.json | IP=::1 | Start=2026-05-14 11:54:40.608 | Elapsed=0ms | Status=Completed
2026-05-14 11:54:40 | INF | ACTION_TRACE | Acc=admin | Path=/lib/html-to-image/html-to-image.js.map | IP=::1 | Start=2026-05-14 11:54:40.711 | Elapsed=0ms | Status=Completed
2026-05-14 11:55:01 | INF | ACTION_TRACE | Acc=admin | Path=/Home/Index | IP=::1 | Start=2026-05-14 11:55:01.802 | Elapsed=45ms | Status=Completed
2026-05-14 11:55:01 | INF | ACTION_TRACE | Acc=admin | Path=/.well-known/appspecific/com.chrome.devtools.json | IP=::1 | Start=2026-05-14 11:55:01.955 | Elapsed=0ms | Status=Completed
2026-05-14 11:55:02 | INF | ACTION_TRACE | Acc=admin | Path=/lib/html-to-image/html-to-image.js.map | IP=::1 | Start=2026-05-14 11:55:02.071 | Elapsed=0ms | Status=Completed
2026-05-14 11:55:05 | INF | ACTION_TRACE | Acc=admin | Path=/Home/GetMenu | IP=::1 | Start=2026-05-14 11:55:05.053 | Elapsed=30ms | Status=Completed
2026-05-14 11:55:06 | INF | CONTROLLER_EXEC | Acc= admin | IP=::1 | Path=STA301008/STA301008Q | Message=GET /STA301008/STA301008Q
2026-05-14 11:55:06 | INF | ACTION_TRACE | Acc=admin | Path=/STA301008/STA301008Q | IP=::1 | Start=2026-05-14 11:55:06.416 | Elapsed=20ms | Status=Completed
2026-05-14 11:55:06 | INF | ACTION_TRACE | Acc=admin | Path=/FileUpload/GetFileList | IP=::1 | Start=2026-05-14 11:55:06.500 | Elapsed=3ms | Status=Completed
2026-05-14 11:55:06 | INF | ACTION_TRACE | Acc=admin | Path=/FileUpload/GetFileList | IP=::1 | Start=2026-05-14 11:55:06.500 | Elapsed=3ms | Status=Completed
2026-05-14 11:55:15 | INF | ACTION_TRACE | Acc=admin | Path=/Home/Index | IP=::1 | Start=2026-05-14 11:55:15.248 | Elapsed=17ms | Status=Completed
2026-05-14 11:55:16 | INF | ACTION_TRACE | Acc=admin | Path=/Home/GetMenu | IP=::1 | Start=2026-05-14 11:55:16.931 | Elapsed=6ms | Status=Completed
2026-05-14 11:55:18 | INF | CONTROLLER_EXEC | Acc= admin | IP=::1 | Path=STA301008/STA301008Q | Message=GET /STA301008/STA301008Q
2026-05-14 11:55:18 | INF | ACTION_TRACE | Acc=admin | Path=/STA301008/STA301008Q | IP=::1 | Start=2026-05-14 11:55:18.474 | Elapsed=16ms | Status=Completed
2026-05-14 11:55:18 | INF | ACTION_TRACE | Acc=admin | Path=/FileUpload/GetFileList | IP=::1 | Start=2026-05-14 11:55:18.548 | Elapsed=3ms | Status=Completed
2026-05-14 11:55:18 | INF | ACTION_TRACE | Acc=admin | Path=/FileUpload/GetFileList | IP=::1 | Start=2026-05-14 11:55:18.548 | Elapsed=3ms | Status=Completed
2026-05-14 11:55:27 | INF | CONTROLLER_EXEC | Acc= admin | IP=::1 | Path=STA301009/STA301009Q | Message=GET /STA301009/STA301009Q
2026-05-14 11:55:27 | INF | ACTION_TRACE | Acc=admin | Path=/STA301009/STA301009Q | IP=::1 | Start=2026-05-14 11:55:27.713 | Elapsed=10ms | Status=Completed
2026-05-14 11:55:31 | INF | ACTION_TRACE | Acc=admin | Path=/Home/Index | IP=::1 | Start=2026-05-14 11:55:31.591 | Elapsed=13ms | Status=Completed
2026-05-14 11:55:35 | INF | ACTION_TRACE | Acc=admin | Path=/Home/GetMenu | IP=::1 | Start=2026-05-14 11:55:35.258 | Elapsed=57ms | Status=Completed
2026-05-14 11:55:36 | INF | CONTROLLER_EXEC | Acc= admin | IP=::1 | Path=STA301009/STA301009Q | Message=GET /STA301009/STA301009Q
2026-05-14 11:55:36 | INF | ACTION_TRACE | Acc=admin | Path=/STA301009/STA301009Q | IP=::1 | Start=2026-05-14 11:55:36.558 | Elapsed=53ms | Status=Completed
2026-05-14 11:55:37 | INF | CONTROLLER_EXEC | Acc= admin | IP=::1 | Path=STA301008/STA301008Q | Message=GET /STA301008/STA301008Q
2026-05-14 11:55:37 | INF | ACTION_TRACE | Acc=admin | Path=/STA301008/STA301008Q | IP=::1 | Start=2026-05-14 11:55:37.467 | Elapsed=14ms | Status=Completed
2026-05-14 11:55:37 | INF | ACTION_TRACE | Acc=admin | Path=/FileUpload/GetFileList | IP=::1 | Start=2026-05-14 11:55:37.520 | Elapsed=2ms | Status=Completed
2026-05-14 11:55:37 | INF | ACTION_TRACE | Acc=admin | Path=/FileUpload/GetFileList | IP=::1 | Start=2026-05-14 11:55:37.520 | Elapsed=2ms | Status=Completed
2026-05-14 11:55:46 | INF | ACTION_TRACE | Acc=admin | Path=/Home/Index | IP=::1 | Start=2026-05-14 11:55:46.519 | Elapsed=35ms | Status=Completed
2026-05-14 11:55:48 | INF | ACTION_TRACE | Acc=admin | Path=/Home/GetMenu | IP=::1 | Start=2026-05-14 11:55:47.964 | Elapsed=38ms | Status=Completed
2026-05-14 11:55:49 | INF | CONTROLLER_EXEC | Acc= admin | IP=::1 | Path=STA301008/STA301008Q | Message=GET /STA301008/STA301008Q
2026-05-14 11:55:49 | INF | ACTION_TRACE | Acc=admin | Path=/STA301008/STA301008Q | IP=::1 | Start=2026-05-14 11:55:49.502 | Elapsed=15ms | Status=Completed
2026-05-14 11:55:49 | INF | ACTION_TRACE | Acc=admin | Path=/FileUpload/GetFileList | IP=::1 | Start=2026-05-14 11:55:49.579 | Elapsed=6ms | Status=Completed
2026-05-14 11:55:49 | INF | ACTION_TRACE | Acc=admin | Path=/FileUpload/GetFileList | IP=::1 | Start=2026-05-14 11:55:49.579 | Elapsed=9ms | Status=Completed
2026-05-14 11:56:02 | INF | ACTION_TRACE | Acc=admin | Path=/Home/Index | IP=::1 | Start=2026-05-14 11:56:02.149 | Elapsed=35ms | Status=Completed
2026-05-14 11:56:44 | INF | ACTION_TRACE | Acc=admin | Path=/Home/Index | IP=::1 | Start=2026-05-14 11:56:44.104 | Elapsed=54ms | Status=Completed
2026-05-14 11:56:49 | INF | ACTION_TRACE | Acc=admin | Path=/Home/GetMenu | IP=::1 | Start=2026-05-14 11:56:49.279 | Elapsed=68ms | Status=Completed
2026-05-14 11:56:51 | INF | CONTROLLER_EXEC | Acc= admin | IP=::1 | Path=STA301008/STA301008Q | Message=GET /STA301008/STA301008Q
2026-05-14 11:56:51 | INF | ACTION_TRACE | Acc=admin | Path=/STA301008/STA301008Q | IP=::1 | Start=2026-05-14 11:56:51.133 | Elapsed=17ms | Status=Completed
2026-05-14 11:56:51 | INF | ACTION_TRACE | Acc=admin | Path=/FileUpload/GetFileList | IP=::1 | Start=2026-05-14 11:56:51.207 | Elapsed=4ms | Status=Completed
2026-05-14 11:56:51 | INF | ACTION_TRACE | Acc=admin | Path=/FileUpload/GetFileList | IP=::1 | Start=2026-05-14 11:56:51.207 | Elapsed=5ms | Status=Completed
2026-05-14 11:56:56 | INF | CONTROLLER_EXEC | Acc= admin | IP=::1 | Path=STA301009/STA301009Q | Message=GET /STA301009/STA301009Q
2026-05-14 11:56:56 | INF | ACTION_TRACE | Acc=admin | Path=/STA301009/STA301009Q | IP=::1 | Start=2026-05-14 11:56:56.300 | Elapsed=16ms | Status=Completed
2026-05-14 11:57:00 | INF | CONTROLLER_EXEC | Acc= admin | IP=::1 | Path=STA301008/STA301008Q | Message=GET /STA301008/STA301008Q
2026-05-14 11:57:00 | INF | ACTION_TRACE | Acc=admin | Path=/STA301008/STA301008Q | IP=::1 | Start=2026-05-14 11:57:00.681 | Elapsed=50ms | Status=Completed
2026-05-14 11:57:00 | INF | ACTION_TRACE | Acc=admin | Path=/FileUpload/GetFileList | IP=::1 | Start=2026-05-14 11:57:00.740 | Elapsed=1ms | Status=Completed
2026-05-14 11:57:00 | INF | ACTION_TRACE | Acc=admin | Path=/FileUpload/GetFileList | IP=::1 | Start=2026-05-14 11:57:00.740 | Elapsed=2ms | Status=Completed
2026-05-14 11:57:23 | INF | ACTION_TRACE | Acc=admin | Path=/Home/Index | IP=::1 | Start=2026-05-14 11:57:23.831 | Elapsed=46ms | Status=Completed
2026-05-14 11:57:33 | INF | ACTION_TRACE | Acc=admin | Path=/Home/Index | IP=::1 | Start=2026-05-14 11:57:33.150 | Elapsed=45ms | Status=Completed
2026-05-14 11:57:39 | INF | ACTION_TRACE | Acc=admin | Path=/Home/Index | IP=::1 | Start=2026-05-14 11:57:39.285 | Elapsed=51ms | Status=Completed
2026-05-14 11:58:04 | INF | ACTION_TRACE | Acc=admin | Path=/Home/GetMenu | IP=::1 | Start=2026-05-14 11:58:04.161 | Elapsed=39ms | Status=Completed
2026-05-14 11:58:06 | INF | CONTROLLER_EXEC | Acc= admin | IP=::1 | Path=STA301008/STA301008Q | Message=GET /STA301008/STA301008Q
2026-05-14 11:58:06 | INF | ACTION_TRACE | Acc=admin | Path=/STA301008/STA301008Q | IP=::1 | Start=2026-05-14 11:58:06.565 | Elapsed=17ms | Status=Completed
2026-05-14 11:58:06 | INF | ACTION_TRACE | Acc=admin | Path=/FileUpload/GetFileList | IP=::1 | Start=2026-05-14 11:58:06.629 | Elapsed=3ms | Status=Completed
2026-05-14 11:58:06 | INF | ACTION_TRACE | Acc=admin | Path=/FileUpload/GetFileList | IP=::1 | Start=2026-05-14 11:58:06.629 | Elapsed=4ms | Status=Completed
2026-05-14 11:58:14 | INF | CONTROLLER_EXEC | Acc= admin | IP=::1 | Path=STA301009/STA301009Q | Message=GET /STA301009/STA301009Q
2026-05-14 11:58:14 | INF | ACTION_TRACE | Acc=admin | Path=/STA301009/STA301009Q | IP=::1 | Start=2026-05-14 11:58:14.146 | Elapsed=16ms | Status=Completed
2026-05-14 11:58:17 | INF | CONTROLLER_EXEC | Acc= admin | IP=::1 | Path=STA301008/STA301008Q | Message=GET /STA301008/STA301008Q
2026-05-14 11:58:17 | INF | ACTION_TRACE | Acc=admin | Path=/STA301008/STA301008Q | IP=::1 | Start=2026-05-14 11:58:17.313 | Elapsed=17ms | Status=Completed
2026-05-14 11:58:17 | INF | ACTION_TRACE | Acc=admin | Path=/FileUpload/GetFileList | IP=::1 | Start=2026-05-14 11:58:17.340 | Elapsed=2ms | Status=Completed
2026-05-14 11:58:17 | INF | ACTION_TRACE | Acc=admin | Path=/FileUpload/GetFileList | IP=::1 | Start=2026-05-14 11:58:17.340 | Elapsed=2ms | Status=Completed
2026-05-14 12:00:33 | WRN | No store type was specified for the decimal property 'OveMoney' on entity type 'HROvertime'. This will cause values to be silently truncated if they do not fit in the default precision and scale. Explicitly specify the SQL server column type that can accommodate all the values in 'OnModelCreating' using 'HasColumnType', specify precision and scale using 'HasPrecision', or configure a value converter using 'HasConversion'.
2026-05-14 12:00:33 | WRN | No store type was specified for the decimal property 'Wag1D1Hour' on entity type 'HRWage'. This will cause values to be silently truncated if they do not fit in the default precision and scale. Explicitly specify the SQL server column type that can accommodate all the values in 'OnModelCreating' using 'HasColumnType', specify precision and scale using 'HasPrecision', or configure a value converter using 'HasConversion'.
2026-05-14 12:00:33 | WRN | No store type was specified for the decimal property 'Wag2D1Hour' on entity type 'HRWage'. This will cause values to be silently truncated if they do not fit in the default precision and scale. Explicitly specify the SQL server column type that can accommodate all the values in 'OnModelCreating' using 'HasColumnType', specify precision and scale using 'HasPrecision', or configure a value converter using 'HasConversion'.
2026-05-14 12:00:33 | WRN | No store type was specified for the decimal property 'Wag4D3Hour' on entity type 'HRWage'. This will cause values to be silently truncated if they do not fit in the default precision and scale. Explicitly specify the SQL server column type that can accommodate all the values in 'OnModelCreating' using 'HasColumnType', specify precision and scale using 'HasPrecision', or configure a value converter using 'HasConversion'.
2026-05-14 12:00:33 | WRN | No store type was specified for the decimal property 'Wag5D3Hour' on entity type 'HRWage'. This will cause values to be silently truncated if they do not fit in the default precision and scale. Explicitly specify the SQL server column type that can accommodate all the values in 'OnModelCreating' using 'HasColumnType', specify precision and scale using 'HasPrecision', or configure a value converter using 'HasConversion'.
2026-05-14 12:00:33 | WRN | No store type was specified for the decimal property 'Wag8D3Hour' on entity type 'HRWage'. This will cause values to be silently truncated if they do not fit in the default precision and scale. Explicitly specify the SQL server column type that can accommodate all the values in 'OnModelCreating' using 'HasColumnType', specify precision and scale using 'HasPrecision', or configure a value converter using 'HasConversion'.
2026-05-14 12:00:33 | WRN | No store type was specified for the decimal property 'WagApplyHour' on entity type 'HRWage'. This will cause values to be silently truncated if they do not fit in the default precision and scale. Explicitly specify the SQL server column type that can accommodate all the values in 'OnModelCreating' using 'HasColumnType', specify precision and scale using 'HasPrecision', or configure a value converter using 'HasConversion'.
2026-05-14 12:00:33 | WRN | No store type was specified for the decimal property 'WagIssueHour' on entity type 'HRWage'. This will cause values to be silently truncated if they do not fit in the default precision and scale. Explicitly specify the SQL server column type that can accommodate all the values in 'OnModelCreating' using 'HasColumnType', specify precision and scale using 'HasPrecision', or configure a value converter using 'HasConversion'.
2026-05-14 12:00:33 | WRN | No store type was specified for the decimal property 'WagSubtotal' on entity type 'HRWage'. This will cause values to be silently truncated if they do not fit in the default precision and scale. Explicitly specify the SQL server column type that can accommodate all the values in 'OnModelCreating' using 'HasColumnType', specify precision and scale using 'HasPrecision', or configure a value converter using 'HasConversion'.
2026-05-14 12:00:39 | WRN | The query uses the 'First'/'FirstOrDefault' operator without 'OrderBy' and filter operators. This may lead to unpredictable results.
2026-05-14 12:00:40 | INF | ACTION_TRACE | Acc=admin | Path=/ | IP=::1 | Start=2026-05-14 12:00:32.787 | Elapsed=7601ms | Status=Completed
2026-05-14 12:00:40 | INF | NETWORK_UNSTABLE | Acc=admin | Path=/ | Reason=SlowRequest 7601ms
2026-05-14 12:00:40 | INF | ACTION_TRACE | Acc=admin | Path=/Captcha/Generate | IP=::1 | Start=2026-05-14 12:00:40.654 | Elapsed=44ms | Status=Completed
2026-05-14 12:00:40 | INF | ACTION_TRACE | Acc=admin | Path=/DNTCaptchaImage/Show | IP=::1 | Start=2026-05-14 12:00:40.707 | Elapsed=101ms | Status=Completed
2026-05-14 12:00:51 | INF | ACTION_TRACE | Acc=admin | Path=/Account/Login | IP=::1 | Start=2026-05-14 12:00:44.589 | Elapsed=7112ms | Status=Completed
2026-05-14 12:00:51 | INF | NETWORK_UNSTABLE | Acc=admin | Path=/Account/Login | Reason=SlowRequest 7112ms
2026-05-14 12:00:52 | INF | ACTION_TRACE | Acc=admin | Path=/Home/Index | IP=::1 | Start=2026-05-14 12:00:51.720 | Elapsed=306ms | Status=Completed
2026-05-14 12:00:54 | INF | ACTION_TRACE | Acc=admin | Path=/Home/GetMenu | IP=::1 | Start=2026-05-14 12:00:54.641 | Elapsed=62ms | Status=Completed
2026-05-14 12:00:55 | INF | ACTION_TRACE | Acc=admin | Path=/.well-known/appspecific/com.chrome.devtools.json | IP=::1 | Start=2026-05-14 12:00:55.766 | Elapsed=0ms | Status=Completed
2026-05-14 12:00:55 | INF | ACTION_TRACE | Acc=admin | Path=/lib/html-to-image/html-to-image.js.map | IP=::1 | Start=2026-05-14 12:00:55.814 | Elapsed=0ms | Status=Completed
2026-05-14 12:00:56 | INF | ACTION_TRACE | Acc=admin | Path=/Home/Index | IP=::1 | Start=2026-05-14 12:00:56.906 | Elapsed=67ms | Status=Completed
2026-05-14 12:00:57 | INF | ACTION_TRACE | Acc=admin | Path=/.well-known/appspecific/com.chrome.devtools.json | IP=::1 | Start=2026-05-14 12:00:57.079 | Elapsed=0ms | Status=Completed
2026-05-14 12:00:57 | INF | ACTION_TRACE | Acc=admin | Path=/lib/html-to-image/html-to-image.js.map | IP=::1 | Start=2026-05-14 12:00:57.187 | Elapsed=0ms | Status=Completed
2026-05-14 12:00:59 | INF | ACTION_TRACE | Acc=admin | Path=/Home/GetMenu | IP=::1 | Start=2026-05-14 12:00:59.650 | Elapsed=24ms | Status=Completed
2026-05-14 12:01:01 | INF | CONTROLLER_EXEC | Acc= admin | IP=::1 | Path=STA301008/STA301008Q | Message=GET /STA301008/STA301008Q
2026-05-14 12:01:02 | INF | ACTION_TRACE | Acc=admin | Path=/STA301008/STA301008Q | IP=::1 | Start=2026-05-14 12:01:01.679 | Elapsed=361ms | Status=Completed
2026-05-14 12:01:02 | INF | ACTION_TRACE | Acc=admin | Path=/FileUpload/GetFileList | IP=::1 | Start=2026-05-14 12:01:02.122 | Elapsed=67ms | Status=Completed
2026-05-14 12:01:06 | INF | ACTION_TRACE | Acc=admin | Path=/FileUpload/GetFileList | IP=::1 | Start=2026-05-14 12:01:06.678 | Elapsed=4ms | Status=Completed
2026-05-14 12:01:12 | INF | CONTROLLER_EXEC | Acc= admin | IP=::1 | Path=STA301009/STA301009Q | Message=GET /STA301009/STA301009Q
2026-05-14 12:01:12 | INF | ACTION_TRACE | Acc=admin | Path=/STA301009/STA301009Q | IP=::1 | Start=2026-05-14 12:01:12.371 | Elapsed=42ms | Status=Completed
2026-05-14 12:01:14 | INF | CONTROLLER_EXEC | Acc= admin | IP=::1 | Path=STA301008/STA301008Q | Message=GET /STA301008/STA301008Q
2026-05-14 12:01:14 | INF | ACTION_TRACE | Acc=admin | Path=/STA301008/STA301008Q | IP=::1 | Start=2026-05-14 12:01:14.788 | Elapsed=31ms | Status=Completed
2026-05-14 12:01:14 | INF | ACTION_TRACE | Acc=admin | Path=/FileUpload/GetFileList | IP=::1 | Start=2026-05-14 12:01:14.836 | Elapsed=12ms | Status=Completed
2026-05-14 12:01:19 | INF | ACTION_TRACE | Acc=admin | Path=/FileUpload/GetFileList | IP=::1 | Start=2026-05-14 12:01:14.836 | Elapsed=4569ms | Status=Completed
2026-05-14 12:01:19 | INF | NETWORK_UNSTABLE | Acc=admin | Path=/FileUpload/GetFileList | Reason=SlowRequest 4569ms
2026-05-14 12:01:57 | INF | ACTION_TRACE | Acc=admin | Path=/Home/Index | IP=::1 | Start=2026-05-14 12:01:57.024 | Elapsed=59ms | Status=Completed
2026-05-14 13:39:43 | INF | ACTION_TRACE | Acc=admin | Path=/Home/Index | IP=::1 | Start=2026-05-14 13:39:43.022 | Elapsed=351ms | Status=Completed
2026-05-14 13:40:09 | INF | ACTION_TRACE | Acc=admin | Path=/Home/GetMenu | IP=::1 | Start=2026-05-14 13:40:09.923 | Elapsed=61ms | Status=Completed
2026-05-14 13:40:14 | INF | CONTROLLER_EXEC | Acc= admin | IP=::1 | Path=STA301008/STA301008Q | Message=GET /STA301008/STA301008Q
2026-05-14 13:40:14 | INF | ACTION_TRACE | Acc=admin | Path=/STA301008/STA301008Q | IP=::1 | Start=2026-05-14 13:40:13.896 | Elapsed=231ms | Status=Completed
2026-05-14 13:40:14 | INF | ACTION_TRACE | Acc=admin | Path=/FileUpload/GetFileList | IP=::1 | Start=2026-05-14 13:40:14.253 | Elapsed=54ms | Status=Completed
2026-05-14 13:40:18 | INF | CONTROLLER_EXEC | Acc= admin | IP=::1 | Path=STA301009/STA301009Q | Message=GET /STA301009/STA301009Q
2026-05-14 13:40:18 | INF | ACTION_TRACE | Acc=admin | Path=/STA301009/STA301009Q | IP=::1 | Start=2026-05-14 13:40:18.537 | Elapsed=39ms | Status=Completed
2026-05-14 13:40:18 | INF | ACTION_TRACE | Acc=admin | Path=/FileUpload/GetFileList | IP=::1 | Start=2026-05-14 13:40:18.802 | Elapsed=3ms | Status=Completed
2026-05-14 13:40:22 | INF | CONTROLLER_EXEC | Acc= admin | IP=::1 | Path=STA301008/STA301008Q | Message=GET /STA301008/STA301008Q
2026-05-14 13:40:22 | INF | ACTION_TRACE | Acc=admin | Path=/STA301008/STA301008Q | IP=::1 | Start=2026-05-14 13:40:22.106 | Elapsed=57ms | Status=Completed
2026-05-14 13:40:22 | INF | ACTION_TRACE | Acc=admin | Path=/FileUpload/GetFileList | IP=::1 | Start=2026-05-14 13:40:22.176 | Elapsed=5ms | Status=Completed
2026-05-14 13:40:22 | INF | ACTION_TRACE | Acc=admin | Path=/FileUpload/GetFileList | IP=::1 | Start=2026-05-14 13:40:22.182 | Elapsed=3ms | Status=Completed
2026-05-14 13:40:28 | INF | ACTION_TRACE | Acc=admin | Path=/.well-known/appspecific/com.chrome.devtools.json | IP=::1 | Start=2026-05-14 13:40:28.328 | Elapsed=0ms | Status=Completed
2026-05-14 13:40:28 | INF | ACTION_TRACE | Acc=admin | Path=/lib/html-to-image/html-to-image.js.map | IP=::1 | Start=2026-05-14 13:40:28.361 | Elapsed=0ms | Status=Completed
2026-05-14 13:40:29 | INF | ACTION_TRACE | Acc=admin | Path=/Home/Index | IP=::1 | Start=2026-05-14 13:40:29.828 | Elapsed=21ms | Status=Completed
2026-05-14 13:40:30 | INF | ACTION_TRACE | Acc=admin | Path=/lib/html-to-image/html-to-image.js.map | IP=::1 | Start=2026-05-14 13:40:30.052 | Elapsed=0ms | Status=Completed
2026-05-14 13:40:33 | INF | ACTION_TRACE | Acc=admin | Path=/Home/GetMenu | IP=::1 | Start=2026-05-14 13:40:33.056 | Elapsed=8ms | Status=Completed
2026-05-14 13:40:34 | INF | ACTION_TRACE | Acc=admin | Path=/.well-known/appspecific/com.chrome.devtools.json | IP=::1 | Start=2026-05-14 13:40:34.529 | Elapsed=0ms | Status=Completed
2026-05-14 13:40:35 | INF | CONTROLLER_EXEC | Acc= admin | IP=::1 | Path=STA301008/STA301008Q | Message=GET /STA301008/STA301008Q
2026-05-14 13:40:35 | INF | ACTION_TRACE | Acc=admin | Path=/STA301008/STA301008Q | IP=::1 | Start=2026-05-14 13:40:35.269 | Elapsed=30ms | Status=Completed
2026-05-14 13:40:35 | INF | ACTION_TRACE | Acc=admin | Path=/FileUpload/GetFileList | IP=::1 | Start=2026-05-14 13:40:35.376 | Elapsed=33ms | Status=Completed
2026-05-14 13:40:35 | INF | ACTION_TRACE | Acc=admin | Path=/FileUpload/GetFileList | IP=::1 | Start=2026-05-14 13:40:35.377 | Elapsed=65ms | Status=Completed
2026-05-14 13:40:40 | INF | CONTROLLER_EXEC | Acc= admin | IP=::1 | Path=STA301009/STA301009Q | Message=GET /STA301009/STA301009Q
2026-05-14 13:40:40 | INF | ACTION_TRACE | Acc=admin | Path=/STA301009/STA301009Q | IP=::1 | Start=2026-05-14 13:40:40.841 | Elapsed=12ms | Status=Completed
2026-05-14 13:40:46 | INF | CONTROLLER_EXEC | Acc= admin | IP=::1 | Path=STA301008/STA301008Q | Message=GET /STA301008/STA301008Q
2026-05-14 13:40:46 | INF | ACTION_TRACE | Acc=admin | Path=/STA301008/STA301008Q | IP=::1 | Start=2026-05-14 13:40:46.498 | Elapsed=28ms | Status=Completed
2026-05-14 13:40:46 | INF | ACTION_TRACE | Acc=admin | Path=/FileUpload/GetFileList | IP=::1 | Start=2026-05-14 13:40:46.540 | Elapsed=6ms | Status=Completed
2026-05-14 13:40:47 | INF | CONTROLLER_EXEC | Acc= admin | IP=::1 | Path=STA301009/STA301009Q | Message=GET /STA301009/STA301009Q
2026-05-14 13:40:47 | INF | ACTION_TRACE | Acc=admin | Path=/STA301009/STA301009Q | IP=::1 | Start=2026-05-14 13:40:47.715 | Elapsed=14ms | Status=Completed
2026-05-14 13:40:51 | INF | ACTION_TRACE | Acc=admin | Path=/FileUpload/GetFileList | IP=::1 | Start=2026-05-14 13:40:46.540 | Elapsed=4541ms | Status=Completed
2026-05-14 13:40:51 | INF | NETWORK_UNSTABLE | Acc=admin | Path=/FileUpload/GetFileList | Reason=SlowRequest 4541ms
2026-05-14 13:42:45 | WRN | No store type was specified for the decimal property 'OveMoney' on entity type 'HROvertime'. This will cause values to be silently truncated if they do not fit in the default precision and scale. Explicitly specify the SQL server column type that can accommodate all the values in 'OnModelCreating' using 'HasColumnType', specify precision and scale using 'HasPrecision', or configure a value converter using 'HasConversion'.
2026-05-14 13:42:45 | WRN | No store type was specified for the decimal property 'Wag1D1Hour' on entity type 'HRWage'. This will cause values to be silently truncated if they do not fit in the default precision and scale. Explicitly specify the SQL server column type that can accommodate all the values in 'OnModelCreating' using 'HasColumnType', specify precision and scale using 'HasPrecision', or configure a value converter using 'HasConversion'.
2026-05-14 13:42:45 | WRN | No store type was specified for the decimal property 'Wag2D1Hour' on entity type 'HRWage'. This will cause values to be silently truncated if they do not fit in the default precision and scale. Explicitly specify the SQL server column type that can accommodate all the values in 'OnModelCreating' using 'HasColumnType', specify precision and scale using 'HasPrecision', or configure a value converter using 'HasConversion'.
2026-05-14 13:42:45 | WRN | No store type was specified for the decimal property 'Wag4D3Hour' on entity type 'HRWage'. This will cause values to be silently truncated if they do not fit in the default precision and scale. Explicitly specify the SQL server column type that can accommodate all the values in 'OnModelCreating' using 'HasColumnType', specify precision and scale using 'HasPrecision', or configure a value converter using 'HasConversion'.
2026-05-14 13:42:45 | WRN | No store type was specified for the decimal property 'Wag5D3Hour' on entity type 'HRWage'. This will cause values to be silently truncated if they do not fit in the default precision and scale. Explicitly specify the SQL server column type that can accommodate all the values in 'OnModelCreating' using 'HasColumnType', specify precision and scale using 'HasPrecision', or configure a value converter using 'HasConversion'.
2026-05-14 13:42:45 | WRN | No store type was specified for the decimal property 'Wag8D3Hour' on entity type 'HRWage'. This will cause values to be silently truncated if they do not fit in the default precision and scale. Explicitly specify the SQL server column type that can accommodate all the values in 'OnModelCreating' using 'HasColumnType', specify precision and scale using 'HasPrecision', or configure a value converter using 'HasConversion'.
2026-05-14 13:42:45 | WRN | No store type was specified for the decimal property 'WagApplyHour' on entity type 'HRWage'. This will cause values to be silently truncated if they do not fit in the default precision and scale. Explicitly specify the SQL server column type that can accommodate all the values in 'OnModelCreating' using 'HasColumnType', specify precision and scale using 'HasPrecision', or configure a value converter using 'HasConversion'.
2026-05-14 13:42:45 | WRN | No store type was specified for the decimal property 'WagIssueHour' on entity type 'HRWage'. This will cause values to be silently truncated if they do not fit in the default precision and scale. Explicitly specify the SQL server column type that can accommodate all the values in 'OnModelCreating' using 'HasColumnType', specify precision and scale using 'HasPrecision', or configure a value converter using 'HasConversion'.
2026-05-14 13:42:45 | WRN | No store type was specified for the decimal property 'WagSubtotal' on entity type 'HRWage'. This will cause values to be silently truncated if they do not fit in the default precision and scale. Explicitly specify the SQL server column type that can accommodate all the values in 'OnModelCreating' using 'HasColumnType', specify precision and scale using 'HasPrecision', or configure a value converter using 'HasConversion'.
2026-05-14 13:42:50 | WRN | The query uses the 'First'/'FirstOrDefault' operator without 'OrderBy' and filter operators. This may lead to unpredictable results.
2026-05-14 13:42:51 | INF | ACTION_TRACE | Acc=admin | Path=/ | IP=::1 | Start=2026-05-14 13:42:44.097 | Elapsed=7212ms | Status=Completed
2026-05-14 13:42:51 | INF | NETWORK_UNSTABLE | Acc=admin | Path=/ | Reason=SlowRequest 7212ms
2026-05-14 13:42:51 | INF | ACTION_TRACE | Acc=admin | Path=/Captcha/Generate | IP=::1 | Start=2026-05-14 13:42:51.535 | Elapsed=42ms | Status=Completed
2026-05-14 13:42:51 | INF | ACTION_TRACE | Acc=admin | Path=/DNTCaptchaImage/Show | IP=::1 | Start=2026-05-14 13:42:51.593 | Elapsed=160ms | Status=Completed
2026-05-14 13:43:02 | INF | ACTION_TRACE | Acc=admin | Path=/Account/Login | IP=::1 | Start=2026-05-14 13:42:55.408 | Elapsed=7036ms | Status=Completed
2026-05-14 13:43:02 | INF | NETWORK_UNSTABLE | Acc=admin | Path=/Account/Login | Reason=SlowRequest 7036ms
2026-05-14 13:43:02 | INF | ACTION_TRACE | Acc=admin | Path=/Home/Index | IP=::1 | Start=2026-05-14 13:43:02.462 | Elapsed=258ms | Status=Completed
2026-05-14 13:43:41 | INF | ACTION_TRACE | Acc=admin | Path=/Home/GetMenu | IP=::1 | Start=2026-05-14 13:43:41.816 | Elapsed=52ms | Status=Completed
2026-05-14 13:43:44 | INF | CONTROLLER_EXEC | Acc= admin | IP=::1 | Path=STA301009/STA301009Q | Message=GET /STA301009/STA301009Q
2026-05-14 13:43:44 | INF | ACTION_TRACE | Acc=admin | Path=/STA301009/STA301009Q | IP=::1 | Start=2026-05-14 13:43:44.125 | Elapsed=214ms | Status=Completed
2026-05-14 13:43:48 | INF | ACTION_TRACE | Acc=admin | Path=/.well-known/appspecific/com.chrome.devtools.json | IP=::1 | Start=2026-05-14 13:43:48.312 | Elapsed=0ms | Status=Completed
2026-05-14 13:43:48 | INF | ACTION_TRACE | Acc=admin | Path=/lib/html-to-image/html-to-image.js.map | IP=::1 | Start=2026-05-14 13:43:48.362 | Elapsed=0ms | Status=Completed
2026-05-14 13:43:49 | INF | ACTION_TRACE | Acc=admin | Path=/Home/Index | IP=::1 | Start=2026-05-14 13:43:49.942 | Elapsed=20ms | Status=Completed
2026-05-14 13:43:50 | INF | ACTION_TRACE | Acc=admin | Path=/.well-known/appspecific/com.chrome.devtools.json | IP=::1 | Start=2026-05-14 13:43:50.066 | Elapsed=0ms | Status=Completed
2026-05-14 13:43:50 | INF | ACTION_TRACE | Acc=admin | Path=/lib/html-to-image/html-to-image.js.map | IP=::1 | Start=2026-05-14 13:43:50.183 | Elapsed=0ms | Status=Completed
2026-05-14 13:43:51 | INF | ACTION_TRACE | Acc=admin | Path=/Home/GetMenu | IP=::1 | Start=2026-05-14 13:43:51.414 | Elapsed=13ms | Status=Completed
2026-05-14 13:43:54 | INF | CONTROLLER_EXEC | Acc= admin | IP=::1 | Path=STA301010/STA301010Q | Message=GET /STA301010/STA301010Q
2026-05-14 13:43:54 | INF | ACTION_TRACE | Acc=admin | Path=/STA301010/STA301010Q | IP=::1 | Start=2026-05-14 13:43:54.068 | Elapsed=96ms | Status=Completed
2026-05-14 13:43:59 | INF | CONTROLLER_EXEC | Acc= admin | IP=::1 | Path=STA301008/STA301008Q | Message=GET /STA301008/STA301008Q
2026-05-14 13:43:59 | INF | ACTION_TRACE | Acc=admin | Path=/STA301008/STA301008Q | IP=::1 | Start=2026-05-14 13:43:59.815 | Elapsed=83ms | Status=Completed
2026-05-14 13:44:00 | INF | ACTION_TRACE | Acc=admin | Path=/FileUpload/GetFileList | IP=::1 | Start=2026-05-14 13:43:59.967 | Elapsed=63ms | Status=Completed
2026-05-14 13:44:04 | INF | ACTION_TRACE | Acc=admin | Path=/FileUpload/GetFileList | IP=::1 | Start=2026-05-14 13:43:59.964 | Elapsed=4620ms | Status=Completed
2026-05-14 13:44:04 | INF | NETWORK_UNSTABLE | Acc=admin | Path=/FileUpload/GetFileList | Reason=SlowRequest 4620ms
2026-05-14 13:44:08 | INF | CONTROLLER_EXEC | Acc= admin | IP=::1 | Path=STA301009/STA301009Q | Message=GET /STA301009/STA301009Q
2026-05-14 13:44:08 | INF | ACTION_TRACE | Acc=admin | Path=/STA301009/STA301009Q | IP=::1 | Start=2026-05-14 13:44:08.637 | Elapsed=20ms | Status=Completed
2026-05-14 13:44:12 | INF | CONTROLLER_EXEC | Acc= admin | IP=::1 | Path=STA301010/STA301010Q | Message=GET /STA301010/STA301010Q
2026-05-14 13:44:12 | INF | ACTION_TRACE | Acc=admin | Path=/STA301010/STA301010Q | IP=::1 | Start=2026-05-14 13:44:12.644 | Elapsed=20ms | Status=Completed
2026-05-14 13:53:08 | WRN | No store type was specified for the decimal property 'OveMoney' on entity type 'HROvertime'. This will cause values to be silently truncated if they do not fit in the default precision and scale. Explicitly specify the SQL server column type that can accommodate all the values in 'OnModelCreating' using 'HasColumnType', specify precision and scale using 'HasPrecision', or configure a value converter using 'HasConversion'.
2026-05-14 13:53:08 | WRN | No store type was specified for the decimal property 'Wag1D1Hour' on entity type 'HRWage'. This will cause values to be silently truncated if they do not fit in the default precision and scale. Explicitly specify the SQL server column type that can accommodate all the values in 'OnModelCreating' using 'HasColumnType', specify precision and scale using 'HasPrecision', or configure a value converter using 'HasConversion'.
2026-05-14 13:53:08 | WRN | No store type was specified for the decimal property 'Wag2D1Hour' on entity type 'HRWage'. This will cause values to be silently truncated if they do not fit in the default precision and scale. Explicitly specify the SQL server column type that can accommodate all the values in 'OnModelCreating' using 'HasColumnType', specify precision and scale using 'HasPrecision', or configure a value converter using 'HasConversion'.
2026-05-14 13:53:08 | WRN | No store type was specified for the decimal property 'Wag4D3Hour' on entity type 'HRWage'. This will cause values to be silently truncated if they do not fit in the default precision and scale. Explicitly specify the SQL server column type that can accommodate all the values in 'OnModelCreating' using 'HasColumnType', specify precision and scale using 'HasPrecision', or configure a value converter using 'HasConversion'.
2026-05-14 13:53:08 | WRN | No store type was specified for the decimal property 'Wag5D3Hour' on entity type 'HRWage'. This will cause values to be silently truncated if they do not fit in the default precision and scale. Explicitly specify the SQL server column type that can accommodate all the values in 'OnModelCreating' using 'HasColumnType', specify precision and scale using 'HasPrecision', or configure a value converter using 'HasConversion'.
2026-05-14 13:53:08 | WRN | No store type was specified for the decimal property 'Wag8D3Hour' on entity type 'HRWage'. This will cause values to be silently truncated if they do not fit in the default precision and scale. Explicitly specify the SQL server column type that can accommodate all the values in 'OnModelCreating' using 'HasColumnType', specify precision and scale using 'HasPrecision', or configure a value converter using 'HasConversion'.
2026-05-14 13:53:08 | WRN | No store type was specified for the decimal property 'WagApplyHour' on entity type 'HRWage'. This will cause values to be silently truncated if they do not fit in the default precision and scale. Explicitly specify the SQL server column type that can accommodate all the values in 'OnModelCreating' using 'HasColumnType', specify precision and scale using 'HasPrecision', or configure a value converter using 'HasConversion'.
2026-05-14 13:53:08 | WRN | No store type was specified for the decimal property 'WagIssueHour' on entity type 'HRWage'. This will cause values to be silently truncated if they do not fit in the default precision and scale. Explicitly specify the SQL server column type that can accommodate all the values in 'OnModelCreating' using 'HasColumnType', specify precision and scale using 'HasPrecision', or configure a value converter using 'HasConversion'.
2026-05-14 13:53:08 | WRN | No store type was specified for the decimal property 'WagSubtotal' on entity type 'HRWage'. This will cause values to be silently truncated if they do not fit in the default precision and scale. Explicitly specify the SQL server column type that can accommodate all the values in 'OnModelCreating' using 'HasColumnType', specify precision and scale using 'HasPrecision', or configure a value converter using 'HasConversion'.
2026-05-14 13:53:14 | WRN | The query uses the 'First'/'FirstOrDefault' operator without 'OrderBy' and filter operators. This may lead to unpredictable results.
2026-05-14 13:53:15 | INF | ACTION_TRACE | Acc=admin | Path=/ | IP=::1 | Start=2026-05-14 13:53:07.815 | Elapsed=7301ms | Status=Completed
2026-05-14 13:53:15 | INF | NETWORK_UNSTABLE | Acc=admin | Path=/ | Reason=SlowRequest 7301ms
2026-05-14 13:53:15 | INF | ACTION_TRACE | Acc=admin | Path=/Captcha/Generate | IP=::1 | Start=2026-05-14 13:53:15.366 | Elapsed=42ms | Status=Completed
2026-05-14 13:53:15 | INF | ACTION_TRACE | Acc=admin | Path=/DNTCaptchaImage/Show | IP=::1 | Start=2026-05-14 13:53:15.445 | Elapsed=169ms | Status=Completed
2026-05-14 13:53:31 | INF | ACTION_TRACE | Acc=admin | Path=/Account/Login | IP=::1 | Start=2026-05-14 13:53:22.502 | Elapsed=8540ms | Status=Completed
2026-05-14 13:53:31 | INF | NETWORK_UNSTABLE | Acc=admin | Path=/Account/Login | Reason=SlowRequest 8540ms
2026-05-14 13:53:31 | INF | ACTION_TRACE | Acc=admin | Path=/Home/Index | IP=::1 | Start=2026-05-14 13:53:31.056 | Elapsed=243ms | Status=Completed
2026-05-14 13:53:33 | INF | ACTION_TRACE | Acc=admin | Path=/Home/GetMenu | IP=::1 | Start=2026-05-14 13:53:33.021 | Elapsed=56ms | Status=Completed
2026-05-14 13:53:34 | INF | CONTROLLER_EXEC | Acc= admin | IP=::1 | Path=SYS201001/SYS201001 | Message=GET /SYS201001/SYS201001
2026-05-14 13:53:35 | INF | ACTION_TRACE | Acc=admin | Path=/SYS201001/SYS201001 | IP=::1 | Start=2026-05-14 13:53:34.721 | Elapsed=323ms | Status=Completed
2026-05-14 13:53:35 | INF | CONTROLLER_EXEC | Acc= admin | IP=::1 | Path=SYS201001/GetAllAdmins | Message=POST /SYS201001/GetAllAdmins
2026-05-14 13:53:35 | INF | ACTION_TRACE | Acc=admin | Path=/SYS201001/GetAllAdmins | IP=::1 | Start=2026-05-14 13:53:35.116 | Elapsed=112ms | Status=Completed
2026-05-14 13:53:35 | INF | CONTROLLER_EXEC | Acc= admin | IP=::1 | Path=SYS201001/GetAllAdmins | Message=POST /SYS201001/GetAllAdmins
2026-05-14 13:53:35 | INF | ACTION_TRACE | Acc=admin | Path=/SYS201001/GetAllAdmins | IP=::1 | Start=2026-05-14 13:53:35.259 | Elapsed=10ms | Status=Completed
2026-05-14 13:53:36 | WRN | The query uses the 'First'/'FirstOrDefault' operator without 'OrderBy' and filter operators. This may lead to unpredictable results.
2026-05-14 13:53:36 | WRN | The query uses the 'First'/'FirstOrDefault' operator without 'OrderBy' and filter operators. This may lead to unpredictable results.
2026-05-14 13:53:36 | INF | CONTROLLER_EXEC | Acc= admin | IP=::1 | Path=SYS201001/GetAdminDetails | Message=GET /SYS201001/GetAdminDetails
2026-05-14 13:53:36 | INF | ACTION_TRACE | Acc=admin | Path=/SYS201001/GetAdminDetails | IP=::1 | Start=2026-05-14 13:53:36.665 | Elapsed=93ms | Status=Completed
2026-05-14 13:53:36 | INF | CONTROLLER_EXEC | Acc= admin | IP=::1 | Path=SYS201001/GetAllPersonnelTypes | Message=GET /SYS201001/GetAllPersonnelTypes
2026-05-14 13:53:36 | INF | ACTION_TRACE | Acc=admin | Path=/SYS201001/GetAllPersonnelTypes | IP=::1 | Start=2026-05-14 13:53:36.768 | Elapsed=33ms | Status=Completed
2026-05-14 13:53:36 | INF | CONTROLLER_EXEC | Acc= admin | IP=::1 | Path=SYS201001/GetAllAdmins | Message=POST /SYS201001/GetAllAdmins
2026-05-14 13:53:36 | INF | ACTION_TRACE | Acc=admin | Path=/SYS201001/GetAllAdmins | IP=::1 | Start=2026-05-14 13:53:36.813 | Elapsed=16ms | Status=Completed
2026-05-14 13:53:41 | INF | CONTROLLER_EXEC | Acc= admin | IP=::1 | Path=SYS201001/GetAllRoles | Message=GET /SYS201001/GetAllRoles
2026-05-14 13:53:41 | INF | ACTION_TRACE | Acc=admin | Path=/SYS201001/GetAllRoles | IP=::1 | Start=2026-05-14 13:53:41.317 | Elapsed=31ms | Status=Completed
2026-05-14 13:53:42 | INF | CONTROLLER_EXEC | Acc= admin | IP=::1 | Path=SYS201001/GetAdminDetails | Message=GET /SYS201001/GetAdminDetails
2026-05-14 13:53:42 | INF | ACTION_TRACE | Acc=admin | Path=/SYS201001/GetAdminDetails | IP=::1 | Start=2026-05-14 13:53:42.483 | Elapsed=9ms | Status=Completed
2026-05-14 13:53:42 | INF | CONTROLLER_EXEC | Acc= admin | IP=::1 | Path=SYS201001/GetAllPersonnelTypes | Message=GET /SYS201001/GetAllPersonnelTypes
2026-05-14 13:53:42 | INF | ACTION_TRACE | Acc=admin | Path=/SYS201001/GetAllPersonnelTypes | IP=::1 | Start=2026-05-14 13:53:42.500 | Elapsed=6ms | Status=Completed
2026-05-14 13:53:42 | INF | CONTROLLER_EXEC | Acc= admin | IP=::1 | Path=SYS201001/GetAllAdmins | Message=POST /SYS201001/GetAllAdmins
2026-05-14 13:53:42 | INF | ACTION_TRACE | Acc=admin | Path=/SYS201001/GetAllAdmins | IP=::1 | Start=2026-05-14 13:53:42.511 | Elapsed=6ms | Status=Completed
2026-05-14 13:53:47 | INF | CONTROLLER_EXEC | Acc= admin | IP=::1 | Path=SYS201001/GetAllRoles | Message=GET /SYS201001/GetAllRoles
2026-05-14 13:53:47 | INF | ACTION_TRACE | Acc=admin | Path=/SYS201001/GetAllRoles | IP=::1 | Start=2026-05-14 13:53:42.500 | Elapsed=4541ms | Status=Completed
2026-05-14 13:53:47 | INF | NETWORK_UNSTABLE | Acc=admin | Path=/SYS201001/GetAllRoles | Reason=SlowRequest 4541ms
2026-05-14 13:53:58 | INF | ACTION_TRACE | Acc=admin | Path=/Home/Index | IP=::1 | Start=2026-05-14 13:53:58.714 | Elapsed=71ms | Status=Completed
2026-05-14 13:54:02 | INF | ACTION_TRACE | Acc=admin | Path=/Home/GetMenu | IP=::1 | Start=2026-05-14 13:54:02.894 | Elapsed=58ms | Status=Completed
2026-05-14 13:54:03 | INF | ACTION_TRACE | Acc=admin | Path=/Home/GetMenu | IP=::1 | Start=2026-05-14 13:54:03.657 | Elapsed=55ms | Status=Completed
2026-05-14 13:54:05 | INF | ACTION_TRACE | Acc=admin | Path=/Home/GetMenu | IP=::1 | Start=2026-05-14 13:54:05.080 | Elapsed=11ms | Status=Completed
2026-05-14 13:54:06 | INF | CONTROLLER_EXEC | Acc= admin | IP=::1 | Path=SYS201002/SYS201002 | Message=GET /SYS201002/SYS201002
2026-05-14 13:54:06 | INF | ACTION_TRACE | Acc=admin | Path=/SYS201002/SYS201002 | IP=::1 | Start=2026-05-14 13:54:06.519 | Elapsed=105ms | Status=Completed
2026-05-14 13:54:06 | INF | CONTROLLER_EXEC | Acc= admin | IP=::1 | Path=SYS201002/GetAllRoleList | Message=POST /SYS201002/GetAllRoleList
2026-05-14 13:54:06 | INF | ACTION_TRACE | Acc=admin | Path=/SYS201002/GetAllRoleList | IP=::1 | Start=2026-05-14 13:54:06.699 | Elapsed=64ms | Status=Completed
2026-05-14 13:54:08 | INF | CONTROLLER_EXEC | Acc= admin | IP=::1 | Path=SYS201001/SYS201001 | Message=GET /SYS201001/SYS201001
2026-05-14 13:54:08 | INF | ACTION_TRACE | Acc=admin | Path=/SYS201001/SYS201001 | IP=::1 | Start=2026-05-14 13:54:08.347 | Elapsed=144ms | Status=Completed
2026-05-14 13:54:08 | INF | CONTROLLER_EXEC | Acc= admin | IP=::1 | Path=SYS201001/GetAllAdmins | Message=POST /SYS201001/GetAllAdmins
2026-05-14 13:54:08 | INF | ACTION_TRACE | Acc=admin | Path=/SYS201001/GetAllAdmins | IP=::1 | Start=2026-05-14 13:54:08.546 | Elapsed=20ms | Status=Completed
2026-05-14 13:54:08 | INF | CONTROLLER_EXEC | Acc= admin | IP=::1 | Path=SYS201001/GetAllAdmins | Message=POST /SYS201001/GetAllAdmins
2026-05-14 13:54:08 | INF | ACTION_TRACE | Acc=admin | Path=/SYS201001/GetAllAdmins | IP=::1 | Start=2026-05-14 13:54:08.585 | Elapsed=15ms | Status=Completed
2026-05-14 13:54:09 | INF | CONTROLLER_EXEC | Acc= admin | IP=::1 | Path=SYS201001/GetAdminDetails | Message=GET /SYS201001/GetAdminDetails
2026-05-14 13:54:09 | INF | ACTION_TRACE | Acc=admin | Path=/SYS201001/GetAdminDetails | IP=::1 | Start=2026-05-14 13:54:09.615 | Elapsed=24ms | Status=Completed
2026-05-14 13:54:09 | INF | CONTROLLER_EXEC | Acc= admin | IP=::1 | Path=SYS201001/GetAllPersonnelTypes | Message=GET /SYS201001/GetAllPersonnelTypes
2026-05-14 13:54:09 | INF | CONTROLLER_EXEC | Acc= admin | IP=::1 | Path=SYS201001/GetAllRoles | Message=GET /SYS201001/GetAllRoles
2026-05-14 13:54:09 | INF | ACTION_TRACE | Acc=admin | Path=/SYS201001/GetAllPersonnelTypes | IP=::1 | Start=2026-05-14 13:54:09.657 | Elapsed=10ms | Status=Completed
2026-05-14 13:54:09 | INF | ACTION_TRACE | Acc=admin | Path=/SYS201001/GetAllRoles | IP=::1 | Start=2026-05-14 13:54:09.657 | Elapsed=11ms | Status=Completed
2026-05-14 13:54:09 | INF | CONTROLLER_EXEC | Acc= admin | IP=::1 | Path=SYS201001/GetAllAdmins | Message=POST /SYS201001/GetAllAdmins
2026-05-14 13:54:09 | INF | ACTION_TRACE | Acc=admin | Path=/SYS201001/GetAllAdmins | IP=::1 | Start=2026-05-14 13:54:09.669 | Elapsed=18ms | Status=Completed
2026-05-14 13:54:14 | INF | CONTROLLER_EXEC | Acc= admin | IP=::1 | Path=SYS201001/GetAdminDetails | Message=GET /SYS201001/GetAdminDetails
2026-05-14 13:54:14 | INF | ACTION_TRACE | Acc=admin | Path=/SYS201001/GetAdminDetails | IP=::1 | Start=2026-05-14 13:54:14.559 | Elapsed=6ms | Status=Completed
2026-05-14 13:54:14 | INF | CONTROLLER_EXEC | Acc= admin | IP=::1 | Path=SYS201001/GetAllPersonnelTypes | Message=GET /SYS201001/GetAllPersonnelTypes
2026-05-14 13:54:14 | INF | CONTROLLER_EXEC | Acc= admin | IP=::1 | Path=SYS201001/GetAllRoles | Message=GET /SYS201001/GetAllRoles
2026-05-14 13:54:14 | INF | ACTION_TRACE | Acc=admin | Path=/SYS201001/GetAllPersonnelTypes | IP=::1 | Start=2026-05-14 13:54:14.577 | Elapsed=2ms | Status=Completed
2026-05-14 13:54:14 | INF | ACTION_TRACE | Acc=admin | Path=/SYS201001/GetAllRoles | IP=::1 | Start=2026-05-14 13:54:14.577 | Elapsed=2ms | Status=Completed
2026-05-14 13:54:14 | INF | CONTROLLER_EXEC | Acc= admin | IP=::1 | Path=SYS201001/GetAllAdmins | Message=POST /SYS201001/GetAllAdmins
2026-05-14 13:54:14 | INF | ACTION_TRACE | Acc=admin | Path=/SYS201001/GetAllAdmins | IP=::1 | Start=2026-05-14 13:54:14.582 | Elapsed=9ms | Status=Completed
2026-05-14 13:54:49 | INF | ACTION_TRACE | Acc=admin | Path=/.well-known/appspecific/com.chrome.devtools.json | IP=::1 | Start=2026-05-14 13:54:49.499 | Elapsed=0ms | Status=Completed
2026-05-14 13:54:49 | INF | ACTION_TRACE | Acc=admin | Path=/lib/html-to-image/html-to-image.js.map | IP=::1 | Start=2026-05-14 13:54:49.613 | Elapsed=0ms | Status=Completed
2026-05-14 13:55:02 | INF | ACTION_TRACE | Acc=admin | Path=/Home/Index | IP=::1 | Start=2026-05-14 13:54:58.270 | Elapsed=4615ms | Status=Completed
2026-05-14 13:55:02 | INF | NETWORK_UNSTABLE | Acc=admin | Path=/Home/Index | Reason=SlowRequest 4615ms
2026-05-14 13:55:04 | INF | ACTION_TRACE | Acc=admin | Path=/Home/Index | IP=::1 | Start=2026-05-14 13:55:03.945 | Elapsed=68ms | Status=Completed
2026-05-14 13:55:05 | INF | ACTION_TRACE | Acc=admin | Path=/Home/GetMenu | IP=::1 | Start=2026-05-14 13:55:05.028 | Elapsed=51ms | Status=Completed
2026-05-14 13:55:07 | INF | CONTROLLER_EXEC | Acc= admin | IP=::1 | Path=SYS201001/SYS201001 | Message=GET /SYS201001/SYS201001
2026-05-14 13:55:07 | INF | ACTION_TRACE | Acc=admin | Path=/SYS201001/SYS201001 | IP=::1 | Start=2026-05-14 13:55:07.821 | Elapsed=74ms | Status=Completed
2026-05-14 13:55:08 | INF | ACTION_TRACE | Acc=admin | Path=/.well-known/appspecific/com.chrome.devtools.json | IP=::1 | Start=2026-05-14 13:55:08.631 | Elapsed=0ms | Status=Completed
2026-05-14 13:55:08 | INF | ACTION_TRACE | Acc=admin | Path=/lib/html-to-image/html-to-image.js.map | IP=::1 | Start=2026-05-14 13:55:08.694 | Elapsed=0ms | Status=Completed
2026-05-14 13:55:17 | INF | CONTROLLER_EXEC | Acc= admin | IP=::1 | Path=SYS201002/SYS201002 | Message=GET /SYS201002/SYS201002
2026-05-14 13:55:17 | INF | ACTION_TRACE | Acc=admin | Path=/SYS201002/SYS201002 | IP=::1 | Start=2026-05-14 13:55:12.697 | Elapsed=4580ms | Status=Completed
2026-05-14 13:55:17 | INF | NETWORK_UNSTABLE | Acc=admin | Path=/SYS201002/SYS201002 | Reason=SlowRequest 4580ms
2026-05-14 13:55:17 | INF | CONTROLLER_EXEC | Acc= admin | IP=::1 | Path=SYS201002/GetAllRoleList | Message=POST /SYS201002/GetAllRoleList
2026-05-14 13:55:17 | INF | ACTION_TRACE | Acc=admin | Path=/SYS201002/GetAllRoleList | IP=::1 | Start=2026-05-14 13:55:17.323 | Elapsed=6ms | Status=Completed
2026-05-14 13:55:17 | INF | ACTION_TRACE | Acc=admin | Path=/Home/Index | IP=::1 | Start=2026-05-14 13:55:17.482 | Elapsed=17ms | Status=Completed
2026-05-14 13:55:19 | INF | ACTION_TRACE | Acc=admin | Path=/Home/GetMenu | IP=::1 | Start=2026-05-14 13:55:19.069 | Elapsed=10ms | Status=Completed
2026-05-14 13:55:20 | INF | CONTROLLER_EXEC | Acc= admin | IP=::1 | Path=SYS201001/SYS201001 | Message=GET /SYS201001/SYS201001
2026-05-14 13:55:20 | INF | ACTION_TRACE | Acc=admin | Path=/SYS201001/SYS201001 | IP=::1 | Start=2026-05-14 13:55:20.425 | Elapsed=16ms | Status=Completed
2026-05-14 13:55:21 | INF | ACTION_TRACE | Acc=admin | Path=/.well-known/appspecific/com.chrome.devtools.json | IP=::1 | Start=2026-05-14 13:55:21.947 | Elapsed=0ms | Status=Completed
2026-05-14 13:55:22 | INF | ACTION_TRACE | Acc=admin | Path=/lib/html-to-image/html-to-image.js.map | IP=::1 | Start=2026-05-14 13:55:22.031 | Elapsed=0ms | Status=Completed
2026-05-14 13:55:38 | ERR | Failed executing DbCommand (30,047ms) [Parameters=[], CommandType='"Text"', CommandTimeout='30']
SELECT COUNT(*) FROM accounts WHERE acc_status = '1'
2026-05-14 13:55:38 | ERR | An exception occurred while iterating over the results of a query for context type 'EHRIS.Core.DbContext.ApplicationDbContext'.
Microsoft.Data.SqlClient.SqlException (0x80131904): 執行逾時到期。在作業完成之前超過逾時等待的時間，或是伺服器未回應。
 ---> System.ComponentModel.Win32Exception (258): 等候操作已逾時。
   at System.Threading.Tasks.ContinuationResultTaskFromResultTask`2.InnerInvoke()
   at System.Threading.ExecutionContext.RunInternal(ExecutionContext executionContext, ContextCallback callback, Object state)
--- End of stack trace from previous location ---
   at System.Threading.ExecutionContext.RunInternal(ExecutionContext executionContext, ContextCallback callback, Object state)
   at System.Threading.Tasks.Task.ExecuteWithThreadLocal(Task& currentTaskSlot, Thread threadPoolThread)
--- End of stack trace from previous location ---
   at Microsoft.EntityFrameworkCore.Storage.RelationalCommand.ExecuteReaderAsync(RelationalCommandParameterObject parameterObject, CancellationToken cancellationToken)
   at Microsoft.EntityFrameworkCore.Storage.RelationalCommand.ExecuteReaderAsync(RelationalCommandParameterObject parameterObject, CancellationToken cancellationToken)
   at Microsoft.EntityFrameworkCore.Query.Internal.FromSqlQueryingEnumerable`1.AsyncEnumerator.InitializeReaderAsync(AsyncEnumerator enumerator, CancellationToken cancellationToken)
   at Microsoft.EntityFrameworkCore.Storage.ExecutionStrategy.<>c__DisplayClass30_0`2.<<ExecuteAsync>b__0>d.MoveNext()
--- End of stack trace from previous location ---
   at Microsoft.EntityFrameworkCore.Storage.ExecutionStrategy.ExecuteImplementationAsync[TState,TResult](Func`4 operation, Func`4 verifySucceeded, TState state, CancellationToken cancellationToken)
   at Microsoft.EntityFrameworkCore.Storage.ExecutionStrategy.ExecuteImplementationAsync[TState,TResult](Func`4 operation, Func`4 verifySucceeded, TState state, CancellationToken cancellationToken)
   at Microsoft.EntityFrameworkCore.Storage.ExecutionStrategy.ExecuteAsync[TState,TResult](TState state, Func`4 operation, Func`4 verifySucceeded, CancellationToken cancellationToken)
   at Microsoft.EntityFrameworkCore.Query.Internal.FromSqlQueryingEnumerable`1.AsyncEnumerator.MoveNextAsync()
ClientConnectionId:77fe74a2-aa24-4333-a30a-4bc5c8c3a90f
Error Number:-2,State:0,Class:11
2026-05-14 13:56:05 | WRN | No store type was specified for the decimal property 'OveMoney' on entity type 'HROvertime'. This will cause values to be silently truncated if they do not fit in the default precision and scale. Explicitly specify the SQL server column type that can accommodate all the values in 'OnModelCreating' using 'HasColumnType', specify precision and scale using 'HasPrecision', or configure a value converter using 'HasConversion'.
2026-05-14 13:56:05 | WRN | No store type was specified for the decimal property 'Wag1D1Hour' on entity type 'HRWage'. This will cause values to be silently truncated if they do not fit in the default precision and scale. Explicitly specify the SQL server column type that can accommodate all the values in 'OnModelCreating' using 'HasColumnType', specify precision and scale using 'HasPrecision', or configure a value converter using 'HasConversion'.
2026-05-14 13:56:05 | WRN | No store type was specified for the decimal property 'Wag2D1Hour' on entity type 'HRWage'. This will cause values to be silently truncated if they do not fit in the default precision and scale. Explicitly specify the SQL server column type that can accommodate all the values in 'OnModelCreating' using 'HasColumnType', specify precision and scale using 'HasPrecision', or configure a value converter using 'HasConversion'.
2026-05-14 13:56:05 | WRN | No store type was specified for the decimal property 'Wag4D3Hour' on entity type 'HRWage'. This will cause values to be silently truncated if they do not fit in the default precision and scale. Explicitly specify the SQL server column type that can accommodate all the values in 'OnModelCreating' using 'HasColumnType', specify precision and scale using 'HasPrecision', or configure a value converter using 'HasConversion'.
2026-05-14 13:56:05 | WRN | No store type was specified for the decimal property 'Wag5D3Hour' on entity type 'HRWage'. This will cause values to be silently truncated if they do not fit in the default precision and scale. Explicitly specify the SQL server column type that can accommodate all the values in 'OnModelCreating' using 'HasColumnType', specify precision and scale using 'HasPrecision', or configure a value converter using 'HasConversion'.
2026-05-14 13:56:05 | WRN | No store type was specified for the decimal property 'Wag8D3Hour' on entity type 'HRWage'. This will cause values to be silently truncated if they do not fit in the default precision and scale. Explicitly specify the SQL server column type that can accommodate all the values in 'OnModelCreating' using 'HasColumnType', specify precision and scale using 'HasPrecision', or configure a value converter using 'HasConversion'.
2026-05-14 13:56:05 | WRN | No store type was specified for the decimal property 'WagApplyHour' on entity type 'HRWage'. This will cause values to be silently truncated if they do not fit in the default precision and scale. Explicitly specify the SQL server column type that can accommodate all the values in 'OnModelCreating' using 'HasColumnType', specify precision and scale using 'HasPrecision', or configure a value converter using 'HasConversion'.
2026-05-14 13:56:05 | WRN | No store type was specified for the decimal property 'WagIssueHour' on entity type 'HRWage'. This will cause values to be silently truncated if they do not fit in the default precision and scale. Explicitly specify the SQL server column type that can accommodate all the values in 'OnModelCreating' using 'HasColumnType', specify precision and scale using 'HasPrecision', or configure a value converter using 'HasConversion'.
2026-05-14 13:56:05 | WRN | No store type was specified for the decimal property 'WagSubtotal' on entity type 'HRWage'. This will cause values to be silently truncated if they do not fit in the default precision and scale. Explicitly specify the SQL server column type that can accommodate all the values in 'OnModelCreating' using 'HasColumnType', specify precision and scale using 'HasPrecision', or configure a value converter using 'HasConversion'.
2026-05-14 13:56:10 | WRN | The query uses the 'First'/'FirstOrDefault' operator without 'OrderBy' and filter operators. This may lead to unpredictable results.
2026-05-14 13:56:11 | INF | ACTION_TRACE | Acc=admin | Path=/ | IP=::1 | Start=2026-05-14 13:56:04.335 | Elapsed=7218ms | Status=Completed
2026-05-14 13:56:11 | INF | NETWORK_UNSTABLE | Acc=admin | Path=/ | Reason=SlowRequest 7218ms
2026-05-14 13:56:11 | INF | ACTION_TRACE | Acc=admin | Path=/Captcha/Generate | IP=::1 | Start=2026-05-14 13:56:11.785 | Elapsed=46ms | Status=Completed
2026-05-14 13:56:12 | INF | ACTION_TRACE | Acc=admin | Path=/DNTCaptchaImage/Show | IP=::1 | Start=2026-05-14 13:56:11.862 | Elapsed=214ms | Status=Completed
2026-05-14 13:56:59 | INF | ACTION_TRACE | Acc=admin | Path=/Account/Login | IP=::1 | Start=2026-05-14 13:56:51.082 | Elapsed=8436ms | Status=Completed
2026-05-14 13:56:59 | INF | NETWORK_UNSTABLE | Acc=admin | Path=/Account/Login | Reason=SlowRequest 8436ms
2026-05-14 13:56:59 | INF | ACTION_TRACE | Acc=admin | Path=/Home/Index | IP=::1 | Start=2026-05-14 13:56:59.534 | Elapsed=293ms | Status=Completed
2026-05-14 13:57:11 | INF | ACTION_TRACE | Acc=admin | Path=/Home/GetMenu | IP=::1 | Start=2026-05-14 13:57:11.712 | Elapsed=17ms | Status=Completed
2026-05-14 13:57:14 | INF | CONTROLLER_EXEC | Acc= admin | IP=::1 | Path=SYS201001/SYS201001 | Message=GET /SYS201001/SYS201001
2026-05-14 13:57:14 | INF | ACTION_TRACE | Acc=admin | Path=/SYS201001/SYS201001 | IP=::1 | Start=2026-05-14 13:57:14.244 | Elapsed=201ms | Status=Completed
2026-05-14 13:57:14 | INF | CONTROLLER_EXEC | Acc= admin | IP=::1 | Path=SYS201001/GetAllAdmins | Message=POST /SYS201001/GetAllAdmins
2026-05-14 13:57:14 | INF | ACTION_TRACE | Acc=admin | Path=/SYS201001/GetAllAdmins | IP=::1 | Start=2026-05-14 13:57:14.509 | Elapsed=104ms | Status=Completed
2026-05-14 13:57:14 | INF | CONTROLLER_EXEC | Acc= admin | IP=::1 | Path=SYS201001/GetAllAdmins | Message=POST /SYS201001/GetAllAdmins
2026-05-14 13:57:14 | INF | ACTION_TRACE | Acc=admin | Path=/SYS201001/GetAllAdmins | IP=::1 | Start=2026-05-14 13:57:14.643 | Elapsed=9ms | Status=Completed
2026-05-14 13:57:20 | WRN | The query uses the 'First'/'FirstOrDefault' operator without 'OrderBy' and filter operators. This may lead to unpredictable results.
2026-05-14 13:57:20 | WRN | The query uses the 'First'/'FirstOrDefault' operator without 'OrderBy' and filter operators. This may lead to unpredictable results.
2026-05-14 13:57:20 | INF | CONTROLLER_EXEC | Acc= admin | IP=::1 | Path=SYS201001/GetAdminDetails | Message=GET /SYS201001/GetAdminDetails
2026-05-14 13:57:20 | INF | ACTION_TRACE | Acc=admin | Path=/SYS201001/GetAdminDetails | IP=::1 | Start=2026-05-14 13:57:20.553 | Elapsed=99ms | Status=Completed
2026-05-14 13:57:20 | INF | CONTROLLER_EXEC | Acc= admin | IP=::1 | Path=SYS201001/GetAllRoles | Message=GET /SYS201001/GetAllRoles
2026-05-14 13:57:20 | INF | CONTROLLER_EXEC | Acc= admin | IP=::1 | Path=SYS201001/GetAllAdmins | Message=POST /SYS201001/GetAllAdmins
2026-05-14 13:57:20 | INF | ACTION_TRACE | Acc=admin | Path=/SYS201001/GetAllAdmins | IP=::1 | Start=2026-05-14 13:57:20.691 | Elapsed=48ms | Status=Completed
2026-05-14 13:57:20 | INF | ACTION_TRACE | Acc=admin | Path=/SYS201001/GetAllRoles | IP=::1 | Start=2026-05-14 13:57:20.666 | Elapsed=78ms | Status=Completed
2026-05-14 13:57:25 | INF | CONTROLLER_EXEC | Acc= admin | IP=::1 | Path=SYS201001/GetAllPersonnelTypes | Message=GET /SYS201001/GetAllPersonnelTypes
2026-05-14 13:57:25 | INF | ACTION_TRACE | Acc=admin | Path=/SYS201001/GetAllPersonnelTypes | IP=::1 | Start=2026-05-14 13:57:25.214 | Elapsed=22ms | Status=Completed
2026-05-14 13:58:46 | INF | CONTROLLER_EXEC | Acc= admin | IP=::1 | Path=SYS201001/UpdateAdmin | Message=POST /SYS201001/UpdateAdmin
2026-05-14 13:58:46 | INF | ACTION_TRACE | Acc=admin | Path=/SYS201001/UpdateAdmin | IP=::1 | Start=2026-05-14 13:57:40.842 | Elapsed=65805ms | Status=Completed
2026-05-14 13:58:46 | INF | NETWORK_UNSTABLE | Acc=admin | Path=/SYS201001/UpdateAdmin | Reason=SlowRequest 65805ms
2026-05-14 13:58:48 | INF | CONTROLLER_EXEC | Acc= admin | IP=::1 | Path=SYS201001/SYS201001 | Message=GET /SYS201001/SYS201001
2026-05-14 13:58:48 | INF | ACTION_TRACE | Acc=admin | Path=/SYS201001/SYS201001 | IP=::1 | Start=2026-05-14 13:58:48.177 | Elapsed=19ms | Status=Completed
2026-05-14 13:58:48 | INF | CONTROLLER_EXEC | Acc= admin | IP=::1 | Path=SYS201001/GetAllAdmins | Message=POST /SYS201001/GetAllAdmins
2026-05-14 13:58:48 | INF | ACTION_TRACE | Acc=admin | Path=/SYS201001/GetAllAdmins | IP=::1 | Start=2026-05-14 13:58:48.225 | Elapsed=7ms | Status=Completed
2026-05-14 13:58:48 | INF | CONTROLLER_EXEC | Acc= admin | IP=::1 | Path=SYS201001/GetAllAdmins | Message=POST /SYS201001/GetAllAdmins
2026-05-14 13:58:48 | INF | ACTION_TRACE | Acc=admin | Path=/SYS201001/GetAllAdmins | IP=::1 | Start=2026-05-14 13:58:48.247 | Elapsed=5ms | Status=Completed
2026-05-14 13:58:50 | INF | CONTROLLER_EXEC | Acc= admin | IP=::1 | Path=SYS201001/GetAdminDetails | Message=GET /SYS201001/GetAdminDetails
2026-05-14 13:58:50 | INF | ACTION_TRACE | Acc=admin | Path=/SYS201001/GetAdminDetails | IP=::1 | Start=2026-05-14 13:58:50.910 | Elapsed=27ms | Status=Completed
2026-05-14 13:58:50 | INF | CONTROLLER_EXEC | Acc= admin | IP=::1 | Path=SYS201001/GetAllRoles | Message=GET /SYS201001/GetAllRoles
2026-05-14 13:58:50 | INF | CONTROLLER_EXEC | Acc= admin | IP=::1 | Path=SYS201001/GetAllPersonnelTypes | Message=GET /SYS201001/GetAllPersonnelTypes
2026-05-14 13:58:50 | INF | ACTION_TRACE | Acc=admin | Path=/SYS201001/GetAllRoles | IP=::1 | Start=2026-05-14 13:58:50.947 | Elapsed=2ms | Status=Completed
2026-05-14 13:58:50 | INF | ACTION_TRACE | Acc=admin | Path=/SYS201001/GetAllPersonnelTypes | IP=::1 | Start=2026-05-14 13:58:50.947 | Elapsed=2ms | Status=Completed
2026-05-14 13:58:50 | INF | CONTROLLER_EXEC | Acc= admin | IP=::1 | Path=SYS201001/GetAllAdmins | Message=POST /SYS201001/GetAllAdmins
2026-05-14 13:58:50 | INF | ACTION_TRACE | Acc=admin | Path=/SYS201001/GetAllAdmins | IP=::1 | Start=2026-05-14 13:58:50.961 | Elapsed=8ms | Status=Completed
2026-05-14 13:59:01 | INF | ACTION_TRACE | Acc=admin | Path=/Home/Index | IP=::1 | Start=2026-05-14 13:59:01.263 | Elapsed=21ms | Status=Completed
2026-05-14 13:59:03 | INF | ACTION_TRACE | Acc=admin | Path=/Home/GetMenu | IP=::1 | Start=2026-05-14 13:59:03.192 | Elapsed=8ms | Status=Completed
2026-05-14 13:59:04 | INF | CONTROLLER_EXEC | Acc= admin | IP=::1 | Path=SYS201001/SYS201001 | Message=GET /SYS201001/SYS201001
2026-05-14 13:59:04 | INF | ACTION_TRACE | Acc=admin | Path=/SYS201001/SYS201001 | IP=::1 | Start=2026-05-14 13:59:04.693 | Elapsed=19ms | Status=Completed
2026-05-14 13:59:04 | INF | CONTROLLER_EXEC | Acc= admin | IP=::1 | Path=SYS201001/GetAllAdmins | Message=POST /SYS201001/GetAllAdmins
2026-05-14 13:59:04 | INF | ACTION_TRACE | Acc=admin | Path=/SYS201001/GetAllAdmins | IP=::1 | Start=2026-05-14 13:59:04.769 | Elapsed=11ms | Status=Completed
2026-05-14 13:59:04 | INF | CONTROLLER_EXEC | Acc= admin | IP=::1 | Path=SYS201001/GetAllAdmins | Message=POST /SYS201001/GetAllAdmins
2026-05-14 13:59:04 | INF | ACTION_TRACE | Acc=admin | Path=/SYS201001/GetAllAdmins | IP=::1 | Start=2026-05-14 13:59:04.810 | Elapsed=7ms | Status=Completed
2026-05-14 13:59:06 | INF | CONTROLLER_EXEC | Acc= admin | IP=::1 | Path=SYS201001/GetAdminDetails | Message=GET /SYS201001/GetAdminDetails
2026-05-14 13:59:06 | INF | ACTION_TRACE | Acc=admin | Path=/SYS201001/GetAdminDetails | IP=::1 | Start=2026-05-14 13:59:06.828 | Elapsed=7ms | Status=Completed
2026-05-14 13:59:06 | INF | CONTROLLER_EXEC | Acc= admin | IP=::1 | Path=SYS201001/GetAllPersonnelTypes | Message=GET /SYS201001/GetAllPersonnelTypes
2026-05-14 13:59:06 | INF | CONTROLLER_EXEC | Acc= admin | IP=::1 | Path=SYS201001/GetAllRoles | Message=GET /SYS201001/GetAllRoles
2026-05-14 13:59:06 | INF | ACTION_TRACE | Acc=admin | Path=/SYS201001/GetAllRoles | IP=::1 | Start=2026-05-14 13:59:06.848 | Elapsed=1ms | Status=Completed
2026-05-14 13:59:06 | INF | ACTION_TRACE | Acc=admin | Path=/SYS201001/GetAllPersonnelTypes | IP=::1 | Start=2026-05-14 13:59:06.848 | Elapsed=1ms | Status=Completed
2026-05-14 13:59:06 | INF | CONTROLLER_EXEC | Acc= admin | IP=::1 | Path=SYS201001/GetAllAdmins | Message=POST /SYS201001/GetAllAdmins
2026-05-14 13:59:06 | INF | ACTION_TRACE | Acc=admin | Path=/SYS201001/GetAllAdmins | IP=::1 | Start=2026-05-14 13:59:06.854 | Elapsed=8ms | Status=Completed
2026-05-14 13:59:53 | WRN | No store type was specified for the decimal property 'OveMoney' on entity type 'HROvertime'. This will cause values to be silently truncated if they do not fit in the default precision and scale. Explicitly specify the SQL server column type that can accommodate all the values in 'OnModelCreating' using 'HasColumnType', specify precision and scale using 'HasPrecision', or configure a value converter using 'HasConversion'.
2026-05-14 13:59:53 | WRN | No store type was specified for the decimal property 'Wag1D1Hour' on entity type 'HRWage'. This will cause values to be silently truncated if they do not fit in the default precision and scale. Explicitly specify the SQL server column type that can accommodate all the values in 'OnModelCreating' using 'HasColumnType', specify precision and scale using 'HasPrecision', or configure a value converter using 'HasConversion'.
2026-05-14 13:59:53 | WRN | No store type was specified for the decimal property 'Wag2D1Hour' on entity type 'HRWage'. This will cause values to be silently truncated if they do not fit in the default precision and scale. Explicitly specify the SQL server column type that can accommodate all the values in 'OnModelCreating' using 'HasColumnType', specify precision and scale using 'HasPrecision', or configure a value converter using 'HasConversion'.
2026-05-14 13:59:53 | WRN | No store type was specified for the decimal property 'Wag4D3Hour' on entity type 'HRWage'. This will cause values to be silently truncated if they do not fit in the default precision and scale. Explicitly specify the SQL server column type that can accommodate all the values in 'OnModelCreating' using 'HasColumnType', specify precision and scale using 'HasPrecision', or configure a value converter using 'HasConversion'.
2026-05-14 13:59:53 | WRN | No store type was specified for the decimal property 'Wag5D3Hour' on entity type 'HRWage'. This will cause values to be silently truncated if they do not fit in the default precision and scale. Explicitly specify the SQL server column type that can accommodate all the values in 'OnModelCreating' using 'HasColumnType', specify precision and scale using 'HasPrecision', or configure a value converter using 'HasConversion'.
2026-05-14 13:59:53 | WRN | No store type was specified for the decimal property 'Wag8D3Hour' on entity type 'HRWage'. This will cause values to be silently truncated if they do not fit in the default precision and scale. Explicitly specify the SQL server column type that can accommodate all the values in 'OnModelCreating' using 'HasColumnType', specify precision and scale using 'HasPrecision', or configure a value converter using 'HasConversion'.
2026-05-14 13:59:53 | WRN | No store type was specified for the decimal property 'WagApplyHour' on entity type 'HRWage'. This will cause values to be silently truncated if they do not fit in the default precision and scale. Explicitly specify the SQL server column type that can accommodate all the values in 'OnModelCreating' using 'HasColumnType', specify precision and scale using 'HasPrecision', or configure a value converter using 'HasConversion'.
2026-05-14 13:59:53 | WRN | No store type was specified for the decimal property 'WagIssueHour' on entity type 'HRWage'. This will cause values to be silently truncated if they do not fit in the default precision and scale. Explicitly specify the SQL server column type that can accommodate all the values in 'OnModelCreating' using 'HasColumnType', specify precision and scale using 'HasPrecision', or configure a value converter using 'HasConversion'.
2026-05-14 13:59:53 | WRN | No store type was specified for the decimal property 'WagSubtotal' on entity type 'HRWage'. This will cause values to be silently truncated if they do not fit in the default precision and scale. Explicitly specify the SQL server column type that can accommodate all the values in 'OnModelCreating' using 'HasColumnType', specify precision and scale using 'HasPrecision', or configure a value converter using 'HasConversion'.
2026-05-14 13:59:58 | WRN | The query uses the 'First'/'FirstOrDefault' operator without 'OrderBy' and filter operators. This may lead to unpredictable results.
2026-05-14 14:00:00 | INF | ACTION_TRACE | Acc=admin | Path=/ | IP=::1 | Start=2026-05-14 13:59:52.554 | Elapsed=7516ms | Status=Completed
2026-05-14 14:00:00 | INF | NETWORK_UNSTABLE | Acc=admin | Path=/ | Reason=SlowRequest 7516ms
2026-05-14 14:00:00 | INF | ACTION_TRACE | Acc=admin | Path=/Captcha/Generate | IP=::1 | Start=2026-05-14 14:00:00.311 | Elapsed=36ms | Status=Completed
2026-05-14 14:00:00 | INF | ACTION_TRACE | Acc=admin | Path=/DNTCaptchaImage/Show | IP=::1 | Start=2026-05-14 14:00:00.382 | Elapsed=135ms | Status=Completed
2026-05-14 14:00:14 | INF | ACTION_TRACE | Acc=admin | Path=/Account/Login | IP=::1 | Start=2026-05-14 14:00:06.215 | Elapsed=8247ms | Status=Completed
2026-05-14 14:00:14 | INF | NETWORK_UNSTABLE | Acc=admin | Path=/Account/Login | Reason=SlowRequest 8247ms
2026-05-14 14:00:14 | INF | ACTION_TRACE | Acc=admin | Path=/Home/Index | IP=::1 | Start=2026-05-14 14:00:14.473 | Elapsed=393ms | Status=Completed
2026-05-14 14:00:17 | INF | ACTION_TRACE | Acc=admin | Path=/Home/GetMenu | IP=::1 | Start=2026-05-14 14:00:17.270 | Elapsed=43ms | Status=Completed
2026-05-14 14:00:18 | INF | CONTROLLER_EXEC | Acc= admin | IP=::1 | Path=SYS201001/SYS201001 | Message=GET /SYS201001/SYS201001
2026-05-14 14:00:18 | INF | ACTION_TRACE | Acc=admin | Path=/SYS201001/SYS201001 | IP=::1 | Start=2026-05-14 14:00:18.603 | Elapsed=261ms | Status=Completed
2026-05-14 14:00:19 | INF | CONTROLLER_EXEC | Acc= admin | IP=::1 | Path=SYS201001/GetAllAdmins | Message=POST /SYS201001/GetAllAdmins
2026-05-14 14:00:19 | INF | ACTION_TRACE | Acc=admin | Path=/SYS201001/GetAllAdmins | IP=::1 | Start=2026-05-14 14:00:18.942 | Elapsed=94ms | Status=Completed
2026-05-14 14:00:19 | INF | CONTROLLER_EXEC | Acc= admin | IP=::1 | Path=SYS201001/GetAllAdmins | Message=POST /SYS201001/GetAllAdmins
2026-05-14 14:00:19 | INF | ACTION_TRACE | Acc=admin | Path=/SYS201001/GetAllAdmins | IP=::1 | Start=2026-05-14 14:00:19.067 | Elapsed=10ms | Status=Completed
2026-05-14 14:00:22 | WRN | The query uses the 'First'/'FirstOrDefault' operator without 'OrderBy' and filter operators. This may lead to unpredictable results.
2026-05-14 14:00:22 | WRN | The query uses the 'First'/'FirstOrDefault' operator without 'OrderBy' and filter operators. This may lead to unpredictable results.
2026-05-14 14:00:22 | INF | CONTROLLER_EXEC | Acc= admin | IP=::1 | Path=SYS201001/GetAdminDetails | Message=GET /SYS201001/GetAdminDetails
2026-05-14 14:00:22 | INF | ACTION_TRACE | Acc=admin | Path=/SYS201001/GetAdminDetails | IP=::1 | Start=2026-05-14 14:00:22.230 | Elapsed=100ms | Status=Completed
2026-05-14 14:00:22 | INF | CONTROLLER_EXEC | Acc= admin | IP=::1 | Path=SYS201001/GetAllPersonnelTypes | Message=GET /SYS201001/GetAllPersonnelTypes
2026-05-14 14:00:22 | INF | CONTROLLER_EXEC | Acc= admin | IP=::1 | Path=SYS201001/GetAllAdmins | Message=POST /SYS201001/GetAllAdmins
2026-05-14 14:00:22 | INF | ACTION_TRACE | Acc=admin | Path=/SYS201001/GetAllAdmins | IP=::1 | Start=2026-05-14 14:00:22.365 | Elapsed=15ms | Status=Completed
2026-05-14 14:00:22 | INF | ACTION_TRACE | Acc=admin | Path=/SYS201001/GetAllPersonnelTypes | IP=::1 | Start=2026-05-14 14:00:22.342 | Elapsed=43ms | Status=Completed
2026-05-14 14:00:26 | INF | CONTROLLER_EXEC | Acc= admin | IP=::1 | Path=SYS201001/GetAllRoles | Message=GET /SYS201001/GetAllRoles
2026-05-14 14:00:26 | INF | ACTION_TRACE | Acc=admin | Path=/SYS201001/GetAllRoles | IP=::1 | Start=2026-05-14 14:00:26.881 | Elapsed=27ms | Status=Completed
2026-05-14 14:00:28 | INF | ACTION_TRACE | Acc=admin | Path=/Home/GetMenu | IP=::1 | Start=2026-05-14 14:00:28.403 | Elapsed=15ms | Status=Completed
2026-05-14 14:00:29 | INF | CONTROLLER_EXEC | Acc= admin | IP=::1 | Path=STA301008/STA301008Q | Message=GET /STA301008/STA301008Q
2026-05-14 14:00:29 | INF | ACTION_TRACE | Acc=admin | Path=/STA301008/STA301008Q | IP=::1 | Start=2026-05-14 14:00:29.749 | Elapsed=108ms | Status=Completed
2026-05-14 14:00:29 | INF | ACTION_TRACE | Acc=admin | Path=/FileUpload/GetFileList | IP=::1 | Start=2026-05-14 14:00:29.937 | Elapsed=61ms | Status=Completed
2026-05-14 14:00:34 | INF | ACTION_TRACE | Acc=admin | Path=/FileUpload/GetFileList | IP=::1 | Start=2026-05-14 14:00:29.937 | Elapsed=4615ms | Status=Completed
2026-05-14 14:00:34 | INF | NETWORK_UNSTABLE | Acc=admin | Path=/FileUpload/GetFileList | Reason=SlowRequest 4615ms
2026-05-14 14:00:37 | INF | CONTROLLER_EXEC | Acc= admin | IP=::1 | Path=STA301009/STA301009Q | Message=GET /STA301009/STA301009Q
2026-05-14 14:00:37 | INF | ACTION_TRACE | Acc=admin | Path=/STA301009/STA301009Q | IP=::1 | Start=2026-05-14 14:00:37.763 | Elapsed=47ms | Status=Completed
2026-05-14 14:00:40 | INF | CONTROLLER_EXEC | Acc= admin | IP=::1 | Path=STA301008/STA301008Q | Message=GET /STA301008/STA301008Q
2026-05-14 14:00:40 | INF | ACTION_TRACE | Acc=admin | Path=/STA301008/STA301008Q | IP=::1 | Start=2026-05-14 14:00:40.679 | Elapsed=22ms | Status=Completed
2026-05-14 14:00:40 | INF | ACTION_TRACE | Acc=admin | Path=/FileUpload/GetFileList | IP=::1 | Start=2026-05-14 14:00:40.723 | Elapsed=7ms | Status=Completed
2026-05-14 14:00:40 | INF | ACTION_TRACE | Acc=admin | Path=/FileUpload/GetFileList | IP=::1 | Start=2026-05-14 14:00:40.723 | Elapsed=7ms | Status=Completed
2026-05-14 14:00:45 | INF | ACTION_TRACE | Acc=admin | Path=/Home/GetMenu | IP=::1 | Start=2026-05-14 14:00:45.019 | Elapsed=10ms | Status=Completed
2026-05-14 14:00:46 | INF | CONTROLLER_EXEC | Acc= admin | IP=::1 | Path=SYS201001/SYS201001 | Message=GET /SYS201001/SYS201001
2026-05-14 14:00:46 | INF | ACTION_TRACE | Acc=admin | Path=/SYS201001/SYS201001 | IP=::1 | Start=2026-05-14 14:00:46.311 | Elapsed=16ms | Status=Completed
2026-05-14 14:00:46 | INF | CONTROLLER_EXEC | Acc= admin | IP=::1 | Path=SYS201001/GetAllAdmins | Message=POST /SYS201001/GetAllAdmins
2026-05-14 14:00:46 | INF | ACTION_TRACE | Acc=admin | Path=/SYS201001/GetAllAdmins | IP=::1 | Start=2026-05-14 14:00:46.373 | Elapsed=9ms | Status=Completed
2026-05-14 14:00:46 | INF | CONTROLLER_EXEC | Acc= admin | IP=::1 | Path=SYS201001/GetAllAdmins | Message=POST /SYS201001/GetAllAdmins
2026-05-14 14:00:46 | INF | ACTION_TRACE | Acc=admin | Path=/SYS201001/GetAllAdmins | IP=::1 | Start=2026-05-14 14:00:46.406 | Elapsed=9ms | Status=Completed
2026-05-14 14:00:48 | INF | CONTROLLER_EXEC | Acc= admin | IP=::1 | Path=SYS201001/GetAdminDetails | Message=GET /SYS201001/GetAdminDetails
2026-05-14 14:00:48 | INF | ACTION_TRACE | Acc=admin | Path=/SYS201001/GetAdminDetails | IP=::1 | Start=2026-05-14 14:00:48.280 | Elapsed=8ms | Status=Completed
2026-05-14 14:00:48 | INF | CONTROLLER_EXEC | Acc= admin | IP=::1 | Path=SYS201001/GetAllPersonnelTypes | Message=GET /SYS201001/GetAllPersonnelTypes
2026-05-14 14:00:48 | INF | CONTROLLER_EXEC | Acc= admin | IP=::1 | Path=SYS201001/GetAllRoles | Message=GET /SYS201001/GetAllRoles
2026-05-14 14:00:48 | INF | ACTION_TRACE | Acc=admin | Path=/SYS201001/GetAllRoles | IP=::1 | Start=2026-05-14 14:00:48.299 | Elapsed=3ms | Status=Completed
2026-05-14 14:00:48 | INF | ACTION_TRACE | Acc=admin | Path=/SYS201001/GetAllPersonnelTypes | IP=::1 | Start=2026-05-14 14:00:48.299 | Elapsed=2ms | Status=Completed
2026-05-14 14:00:48 | INF | CONTROLLER_EXEC | Acc= admin | IP=::1 | Path=SYS201001/GetAllAdmins | Message=POST /SYS201001/GetAllAdmins
2026-05-14 14:00:48 | INF | ACTION_TRACE | Acc=admin | Path=/SYS201001/GetAllAdmins | IP=::1 | Start=2026-05-14 14:00:48.316 | Elapsed=10ms | Status=Completed
2026-05-14 14:00:51 | INF | CONTROLLER_EXEC | Acc= admin | IP=::1 | Path=SYS201001/GetAdminDetails | Message=GET /SYS201001/GetAdminDetails
2026-05-14 14:00:51 | INF | ACTION_TRACE | Acc=admin | Path=/SYS201001/GetAdminDetails | IP=::1 | Start=2026-05-14 14:00:51.969 | Elapsed=10ms | Status=Completed
2026-05-14 14:00:51 | INF | CONTROLLER_EXEC | Acc= admin | IP=::1 | Path=SYS201001/GetAllPersonnelTypes | Message=GET /SYS201001/GetAllPersonnelTypes
2026-05-14 14:00:51 | INF | CONTROLLER_EXEC | Acc= admin | IP=::1 | Path=SYS201001/GetAllRoles | Message=GET /SYS201001/GetAllRoles
2026-05-14 14:00:51 | INF | ACTION_TRACE | Acc=admin | Path=/SYS201001/GetAllRoles | IP=::1 | Start=2026-05-14 14:00:51.986 | Elapsed=2ms | Status=Completed
2026-05-14 14:00:51 | INF | ACTION_TRACE | Acc=admin | Path=/SYS201001/GetAllPersonnelTypes | IP=::1 | Start=2026-05-14 14:00:51.986 | Elapsed=2ms | Status=Completed
2026-05-14 14:00:52 | INF | CONTROLLER_EXEC | Acc= admin | IP=::1 | Path=SYS201001/GetAllAdmins | Message=POST /SYS201001/GetAllAdmins
2026-05-14 14:00:52 | INF | ACTION_TRACE | Acc=admin | Path=/SYS201001/GetAllAdmins | IP=::1 | Start=2026-05-14 14:00:51.997 | Elapsed=9ms | Status=Completed
2026-05-14 14:05:43 | WRN | No store type was specified for the decimal property 'OveMoney' on entity type 'HROvertime'. This will cause values to be silently truncated if they do not fit in the default precision and scale. Explicitly specify the SQL server column type that can accommodate all the values in 'OnModelCreating' using 'HasColumnType', specify precision and scale using 'HasPrecision', or configure a value converter using 'HasConversion'.
2026-05-14 14:05:43 | WRN | No store type was specified for the decimal property 'Wag1D1Hour' on entity type 'HRWage'. This will cause values to be silently truncated if they do not fit in the default precision and scale. Explicitly specify the SQL server column type that can accommodate all the values in 'OnModelCreating' using 'HasColumnType', specify precision and scale using 'HasPrecision', or configure a value converter using 'HasConversion'.
2026-05-14 14:05:43 | WRN | No store type was specified for the decimal property 'Wag2D1Hour' on entity type 'HRWage'. This will cause values to be silently truncated if they do not fit in the default precision and scale. Explicitly specify the SQL server column type that can accommodate all the values in 'OnModelCreating' using 'HasColumnType', specify precision and scale using 'HasPrecision', or configure a value converter using 'HasConversion'.
2026-05-14 14:05:43 | WRN | No store type was specified for the decimal property 'Wag4D3Hour' on entity type 'HRWage'. This will cause values to be silently truncated if they do not fit in the default precision and scale. Explicitly specify the SQL server column type that can accommodate all the values in 'OnModelCreating' using 'HasColumnType', specify precision and scale using 'HasPrecision', or configure a value converter using 'HasConversion'.
2026-05-14 14:05:43 | WRN | No store type was specified for the decimal property 'Wag5D3Hour' on entity type 'HRWage'. This will cause values to be silently truncated if they do not fit in the default precision and scale. Explicitly specify the SQL server column type that can accommodate all the values in 'OnModelCreating' using 'HasColumnType', specify precision and scale using 'HasPrecision', or configure a value converter using 'HasConversion'.
2026-05-14 14:05:43 | WRN | No store type was specified for the decimal property 'Wag8D3Hour' on entity type 'HRWage'. This will cause values to be silently truncated if they do not fit in the default precision and scale. Explicitly specify the SQL server column type that can accommodate all the values in 'OnModelCreating' using 'HasColumnType', specify precision and scale using 'HasPrecision', or configure a value converter using 'HasConversion'.
2026-05-14 14:05:43 | WRN | No store type was specified for the decimal property 'WagApplyHour' on entity type 'HRWage'. This will cause values to be silently truncated if they do not fit in the default precision and scale. Explicitly specify the SQL server column type that can accommodate all the values in 'OnModelCreating' using 'HasColumnType', specify precision and scale using 'HasPrecision', or configure a value converter using 'HasConversion'.
2026-05-14 14:05:43 | WRN | No store type was specified for the decimal property 'WagIssueHour' on entity type 'HRWage'. This will cause values to be silently truncated if they do not fit in the default precision and scale. Explicitly specify the SQL server column type that can accommodate all the values in 'OnModelCreating' using 'HasColumnType', specify precision and scale using 'HasPrecision', or configure a value converter using 'HasConversion'.
2026-05-14 14:05:43 | WRN | No store type was specified for the decimal property 'WagSubtotal' on entity type 'HRWage'. This will cause values to be silently truncated if they do not fit in the default precision and scale. Explicitly specify the SQL server column type that can accommodate all the values in 'OnModelCreating' using 'HasColumnType', specify precision and scale using 'HasPrecision', or configure a value converter using 'HasConversion'.
2026-05-14 14:05:48 | WRN | The query uses the 'First'/'FirstOrDefault' operator without 'OrderBy' and filter operators. This may lead to unpredictable results.
2026-05-14 14:05:50 | INF | ACTION_TRACE | Acc=admin | Path=/ | IP=::1 | Start=2026-05-14 14:05:42.701 | Elapsed=7328ms | Status=Completed
2026-05-14 14:05:50 | INF | NETWORK_UNSTABLE | Acc=admin | Path=/ | Reason=SlowRequest 7328ms
2026-05-14 14:05:50 | INF | ACTION_TRACE | Acc=admin | Path=/Captcha/Generate | IP=::1 | Start=2026-05-14 14:05:50.227 | Elapsed=43ms | Status=Completed
2026-05-14 14:05:50 | INF | ACTION_TRACE | Acc=admin | Path=/DNTCaptchaImage/Show | IP=::1 | Start=2026-05-14 14:05:50.285 | Elapsed=95ms | Status=Completed
2026-05-14 14:06:28 | INF | ACTION_TRACE | Acc=admin | Path=/Account/Login | IP=::1 | Start=2026-05-14 14:06:20.916 | Elapsed=8081ms | Status=Completed
2026-05-14 14:06:28 | INF | NETWORK_UNSTABLE | Acc=admin | Path=/Account/Login | Reason=SlowRequest 8081ms
2026-05-14 14:06:29 | INF | ACTION_TRACE | Acc=admin | Path=/Home/Index | IP=::1 | Start=2026-05-14 14:06:29.013 | Elapsed=371ms | Status=Completed
2026-05-14 14:06:37 | INF | ACTION_TRACE | Acc=admin | Path=/Home/GetMenu | IP=::1 | Start=2026-05-14 14:06:37.792 | Elapsed=62ms | Status=Completed
2026-05-14 14:06:40 | INF | CONTROLLER_EXEC | Acc= admin | IP=::1 | Path=STA301008/STA301008Q | Message=GET /STA301008/STA301008Q
2026-05-14 14:06:40 | INF | ACTION_TRACE | Acc=admin | Path=/STA301008/STA301008Q | IP=::1 | Start=2026-05-14 14:06:40.160 | Elapsed=188ms | Status=Completed
2026-05-14 14:06:40 | INF | ACTION_TRACE | Acc=admin | Path=/FileUpload/GetFileList | IP=::1 | Start=2026-05-14 14:06:40.417 | Elapsed=46ms | Status=Completed
2026-05-14 14:06:45 | INF | ACTION_TRACE | Acc=admin | Path=/FileUpload/GetFileList | IP=::1 | Start=2026-05-14 14:06:40.417 | Elapsed=4622ms | Status=Completed
2026-05-14 14:06:45 | INF | NETWORK_UNSTABLE | Acc=admin | Path=/FileUpload/GetFileList | Reason=SlowRequest 4622ms
2026-05-14 14:06:46 | INF | CONTROLLER_EXEC | Acc= admin | IP=::1 | Path=STA301009/STA301009Q | Message=GET /STA301009/STA301009Q
2026-05-14 14:06:46 | INF | ACTION_TRACE | Acc=admin | Path=/STA301009/STA301009Q | IP=::1 | Start=2026-05-14 14:06:46.056 | Elapsed=42ms | Status=Completed
2026-05-14 14:06:49 | INF | CONTROLLER_EXEC | Acc= admin | IP=::1 | Path=STA301008/STA301008Q | Message=GET /STA301008/STA301008Q
2026-05-14 14:06:49 | INF | ACTION_TRACE | Acc=admin | Path=/STA301008/STA301008Q | IP=::1 | Start=2026-05-14 14:06:49.000 | Elapsed=18ms | Status=Completed
2026-05-14 14:06:49 | INF | ACTION_TRACE | Acc=admin | Path=/FileUpload/GetFileList | IP=::1 | Start=2026-05-14 14:06:49.032 | Elapsed=4ms | Status=Completed
2026-05-14 14:06:49 | INF | ACTION_TRACE | Acc=admin | Path=/FileUpload/GetFileList | IP=::1 | Start=2026-05-14 14:06:49.032 | Elapsed=4ms | Status=Completed
2026-05-14 14:08:30 | INF | ACTION_TRACE | Acc=admin | Path=/Home/Index | IP=::1 | Start=2026-05-14 14:08:30.802 | Elapsed=17ms | Status=Completed
2026-05-14 14:08:31 | INF | ACTION_TRACE | Acc=admin | Path=/Home/GetMenu | IP=::1 | Start=2026-05-14 14:08:31.981 | Elapsed=7ms | Status=Completed
2026-05-14 14:08:35 | INF | CONTROLLER_EXEC | Acc= admin | IP=::1 | Path=STA301008/STA301008Q | Message=GET /STA301008/STA301008Q
2026-05-14 14:08:35 | INF | ACTION_TRACE | Acc=admin | Path=/STA301008/STA301008Q | IP=::1 | Start=2026-05-14 14:08:35.411 | Elapsed=20ms | Status=Completed
2026-05-14 14:08:35 | INF | ACTION_TRACE | Acc=admin | Path=/FileUpload/GetFileList | IP=::1 | Start=2026-05-14 14:08:35.469 | Elapsed=3ms | Status=Completed
2026-05-14 14:08:38 | INF | ACTION_TRACE | Acc=admin | Path=/.well-known/appspecific/com.chrome.devtools.json | IP=::1 | Start=2026-05-14 14:08:38.629 | Elapsed=0ms | Status=Completed
2026-05-14 14:08:38 | INF | ACTION_TRACE | Acc=admin | Path=/lib/html-to-image/html-to-image.js.map | IP=::1 | Start=2026-05-14 14:08:38.733 | Elapsed=0ms | Status=Completed
2026-05-14 14:08:40 | INF | ACTION_TRACE | Acc=admin | Path=/FileUpload/GetFileList | IP=::1 | Start=2026-05-14 14:08:40.016 | Elapsed=2ms | Status=Completed
2026-05-14 14:11:17 | INF | CONTROLLER_EXEC | Acc= admin | IP=::1 | Path=STA301009/STA301009Q | Message=GET /STA301009/STA301009Q
2026-05-14 14:11:17 | INF | ACTION_TRACE | Acc=admin | Path=/STA301009/STA301009Q | IP=::1 | Start=2026-05-14 14:11:17.224 | Elapsed=25ms | Status=Completed
2026-05-14 14:11:59 | INF | CONTROLLER_EXEC | Acc= admin | IP=::1 | Path=STA301008/STA301008Q | Message=GET /STA301008/STA301008Q
2026-05-14 14:11:59 | INF | ACTION_TRACE | Acc=admin | Path=/STA301008/STA301008Q | IP=::1 | Start=2026-05-14 14:11:59.945 | Elapsed=18ms | Status=Completed
2026-05-14 14:12:00 | INF | ACTION_TRACE | Acc=admin | Path=/FileUpload/GetFileList | IP=::1 | Start=2026-05-14 14:12:00.068 | Elapsed=3ms | Status=Completed
2026-05-14 14:12:00 | INF | ACTION_TRACE | Acc=admin | Path=/FileUpload/GetFileList | IP=::1 | Start=2026-05-14 14:12:00.068 | Elapsed=5ms | Status=Completed
2026-05-14 14:19:06 | INF | ACTION_TRACE | Acc=admin | Path=/Home/Index | IP=::1 | Start=2026-05-14 14:19:02.280 | Elapsed=4552ms | Status=Completed
2026-05-14 14:19:06 | INF | NETWORK_UNSTABLE | Acc=admin | Path=/Home/Index | Reason=SlowRequest 4552ms
2026-05-14 14:19:07 | INF | ACTION_TRACE | Acc=admin | Path=/Home/Index | IP=::1 | Start=2026-05-14 14:19:07.563 | Elapsed=39ms | Status=Completed
2026-05-14 14:19:07 | INF | ACTION_TRACE | Acc=admin | Path=/.well-known/appspecific/com.chrome.devtools.json | IP=::1 | Start=2026-05-14 14:19:07.722 | Elapsed=0ms | Status=Completed
2026-05-14 14:19:08 | INF | ACTION_TRACE | Acc=admin | Path=/lib/html-to-image/html-to-image.js.map | IP=::1 | Start=2026-05-14 14:19:08.050 | Elapsed=0ms | Status=Completed
2026-05-14 14:19:11 | INF | ACTION_TRACE | Acc=admin | Path=/Home/Index | IP=::1 | Start=2026-05-14 14:19:02.832 | Elapsed=8557ms | Status=Completed
2026-05-14 14:19:11 | INF | NETWORK_UNSTABLE | Acc=admin | Path=/Home/Index | Reason=SlowRequest 8557ms
2026-05-14 14:19:27 | WRN | No store type was specified for the decimal property 'OveMoney' on entity type 'HROvertime'. This will cause values to be silently truncated if they do not fit in the default precision and scale. Explicitly specify the SQL server column type that can accommodate all the values in 'OnModelCreating' using 'HasColumnType', specify precision and scale using 'HasPrecision', or configure a value converter using 'HasConversion'.
2026-05-14 14:19:27 | WRN | No store type was specified for the decimal property 'Wag1D1Hour' on entity type 'HRWage'. This will cause values to be silently truncated if they do not fit in the default precision and scale. Explicitly specify the SQL server column type that can accommodate all the values in 'OnModelCreating' using 'HasColumnType', specify precision and scale using 'HasPrecision', or configure a value converter using 'HasConversion'.
2026-05-14 14:19:27 | WRN | No store type was specified for the decimal property 'Wag2D1Hour' on entity type 'HRWage'. This will cause values to be silently truncated if they do not fit in the default precision and scale. Explicitly specify the SQL server column type that can accommodate all the values in 'OnModelCreating' using 'HasColumnType', specify precision and scale using 'HasPrecision', or configure a value converter using 'HasConversion'.
2026-05-14 14:19:27 | WRN | No store type was specified for the decimal property 'Wag4D3Hour' on entity type 'HRWage'. This will cause values to be silently truncated if they do not fit in the default precision and scale. Explicitly specify the SQL server column type that can accommodate all the values in 'OnModelCreating' using 'HasColumnType', specify precision and scale using 'HasPrecision', or configure a value converter using 'HasConversion'.
2026-05-14 14:19:27 | WRN | No store type was specified for the decimal property 'Wag5D3Hour' on entity type 'HRWage'. This will cause values to be silently truncated if they do not fit in the default precision and scale. Explicitly specify the SQL server column type that can accommodate all the values in 'OnModelCreating' using 'HasColumnType', specify precision and scale using 'HasPrecision', or configure a value converter using 'HasConversion'.
2026-05-14 14:19:27 | WRN | No store type was specified for the decimal property 'Wag8D3Hour' on entity type 'HRWage'. This will cause values to be silently truncated if they do not fit in the default precision and scale. Explicitly specify the SQL server column type that can accommodate all the values in 'OnModelCreating' using 'HasColumnType', specify precision and scale using 'HasPrecision', or configure a value converter using 'HasConversion'.
2026-05-14 14:19:27 | WRN | No store type was specified for the decimal property 'WagApplyHour' on entity type 'HRWage'. This will cause values to be silently truncated if they do not fit in the default precision and scale. Explicitly specify the SQL server column type that can accommodate all the values in 'OnModelCreating' using 'HasColumnType', specify precision and scale using 'HasPrecision', or configure a value converter using 'HasConversion'.
2026-05-14 14:19:27 | WRN | No store type was specified for the decimal property 'WagIssueHour' on entity type 'HRWage'. This will cause values to be silently truncated if they do not fit in the default precision and scale. Explicitly specify the SQL server column type that can accommodate all the values in 'OnModelCreating' using 'HasColumnType', specify precision and scale using 'HasPrecision', or configure a value converter using 'HasConversion'.
2026-05-14 14:19:27 | WRN | No store type was specified for the decimal property 'WagSubtotal' on entity type 'HRWage'. This will cause values to be silently truncated if they do not fit in the default precision and scale. Explicitly specify the SQL server column type that can accommodate all the values in 'OnModelCreating' using 'HasColumnType', specify precision and scale using 'HasPrecision', or configure a value converter using 'HasConversion'.
2026-05-14 14:19:33 | WRN | The query uses the 'First'/'FirstOrDefault' operator without 'OrderBy' and filter operators. This may lead to unpredictable results.
2026-05-14 14:19:34 | INF | ACTION_TRACE | Acc=admin | Path=/ | IP=::1 | Start=2026-05-14 14:19:26.836 | Elapsed=7415ms | Status=Completed
2026-05-14 14:19:34 | INF | NETWORK_UNSTABLE | Acc=admin | Path=/ | Reason=SlowRequest 7415ms
2026-05-14 14:19:34 | INF | ACTION_TRACE | Acc=admin | Path=/Captcha/Generate | IP=::1 | Start=2026-05-14 14:19:34.472 | Elapsed=34ms | Status=Completed
2026-05-14 14:19:34 | INF | ACTION_TRACE | Acc=admin | Path=/DNTCaptchaImage/Show | IP=::1 | Start=2026-05-14 14:19:34.535 | Elapsed=113ms | Status=Completed
2026-05-14 14:19:51 | INF | ACTION_TRACE | Acc=admin | Path=/Account/Login | IP=::1 | Start=2026-05-14 14:19:42.699 | Elapsed=8543ms | Status=Completed
2026-05-14 14:19:51 | INF | NETWORK_UNSTABLE | Acc=admin | Path=/Account/Login | Reason=SlowRequest 8543ms
2026-05-14 14:19:51 | INF | ACTION_TRACE | Acc=admin | Path=/Home/Index | IP=::1 | Start=2026-05-14 14:19:51.264 | Elapsed=271ms | Status=Completed
2026-05-14 14:20:02 | INF | ACTION_TRACE | Acc=admin | Path=/Home/GetMenu | IP=::1 | Start=2026-05-14 14:20:02.365 | Elapsed=46ms | Status=Completed
2026-05-14 14:20:03 | INF | ACTION_TRACE | Acc=admin | Path=/Home/GetMenu | IP=::1 | Start=2026-05-14 14:20:03.623 | Elapsed=38ms | Status=Completed
2026-05-14 14:20:06 | INF | CONTROLLER_EXEC | Acc= admin | IP=::1 | Path=STA301008/STA301008Q | Message=GET /STA301008/STA301008Q
2026-05-14 14:20:06 | INF | ACTION_TRACE | Acc=admin | Path=/STA301008/STA301008Q | IP=::1 | Start=2026-05-14 14:20:06.671 | Elapsed=201ms | Status=Completed
2026-05-14 14:20:06 | INF | ACTION_TRACE | Acc=admin | Path=/FileUpload/GetFileList | IP=::1 | Start=2026-05-14 14:20:06.941 | Elapsed=39ms | Status=Completed
2026-05-14 14:20:11 | INF | ACTION_TRACE | Acc=admin | Path=/FileUpload/GetFileList | IP=::1 | Start=2026-05-14 14:20:11.507 | Elapsed=42ms | Status=Completed
2026-05-14 14:20:18 | INF | CONTROLLER_EXEC | Acc= admin | IP=::1 | Path=STA301009/STA301009Q | Message=GET /STA301009/STA301009Q
2026-05-14 14:20:18 | INF | ACTION_TRACE | Acc=admin | Path=/STA301009/STA301009Q | IP=::1 | Start=2026-05-14 14:20:18.596 | Elapsed=48ms | Status=Completed
2026-05-14 14:20:22 | INF | CONTROLLER_EXEC | Acc= admin | IP=::1 | Path=STA301008/STA301008Q | Message=GET /STA301008/STA301008Q
2026-05-14 14:20:22 | INF | ACTION_TRACE | Acc=admin | Path=/STA301008/STA301008Q | IP=::1 | Start=2026-05-14 14:20:22.914 | Elapsed=19ms | Status=Completed
2026-05-14 14:20:22 | INF | ACTION_TRACE | Acc=admin | Path=/FileUpload/GetFileList | IP=::1 | Start=2026-05-14 14:20:22.945 | Elapsed=5ms | Status=Completed
2026-05-14 14:20:27 | INF | ACTION_TRACE | Acc=admin | Path=/FileUpload/GetFileList | IP=::1 | Start=2026-05-14 14:20:22.945 | Elapsed=4558ms | Status=Completed
2026-05-14 14:20:27 | INF | NETWORK_UNSTABLE | Acc=admin | Path=/FileUpload/GetFileList | Reason=SlowRequest 4558ms
2026-05-14 14:20:30 | INF | CONTROLLER_EXEC | Acc= admin | IP=::1 | Path=STA301009/STA301009Q | Message=GET /STA301009/STA301009Q
2026-05-14 14:20:30 | INF | ACTION_TRACE | Acc=admin | Path=/STA301009/STA301009Q | IP=::1 | Start=2026-05-14 14:20:30.880 | Elapsed=45ms | Status=Completed
2026-05-14 14:20:37 | INF | CONTROLLER_EXEC | Acc= admin | IP=::1 | Path=STA301008/STA301008Q | Message=GET /STA301008/STA301008Q
2026-05-14 14:20:37 | INF | ACTION_TRACE | Acc=admin | Path=/STA301008/STA301008Q | IP=::1 | Start=2026-05-14 14:20:37.465 | Elapsed=30ms | Status=Completed
2026-05-14 14:20:37 | INF | ACTION_TRACE | Acc=admin | Path=/FileUpload/GetFileList | IP=::1 | Start=2026-05-14 14:20:37.510 | Elapsed=3ms | Status=Completed
2026-05-14 14:20:37 | INF | ACTION_TRACE | Acc=admin | Path=/FileUpload/GetFileList | IP=::1 | Start=2026-05-14 14:20:37.510 | Elapsed=4ms | Status=Completed
2026-05-14 14:20:42 | INF | CONTROLLER_EXEC | Acc= admin | IP=::1 | Path=STA301009/STA301009Q | Message=GET /STA301009/STA301009Q
2026-05-14 14:20:42 | INF | ACTION_TRACE | Acc=admin | Path=/STA301009/STA301009Q | IP=::1 | Start=2026-05-14 14:20:42.147 | Elapsed=15ms | Status=Completed
2026-05-14 14:20:43 | INF | CONTROLLER_EXEC | Acc= admin | IP=::1 | Path=STA301008/STA301008Q | Message=GET /STA301008/STA301008Q
2026-05-14 14:20:43 | INF | ACTION_TRACE | Acc=admin | Path=/STA301008/STA301008Q | IP=::1 | Start=2026-05-14 14:20:43.296 | Elapsed=16ms | Status=Completed
2026-05-14 14:20:43 | INF | ACTION_TRACE | Acc=admin | Path=/FileUpload/GetFileList | IP=::1 | Start=2026-05-14 14:20:43.325 | Elapsed=3ms | Status=Completed
2026-05-14 14:20:43 | INF | ACTION_TRACE | Acc=admin | Path=/FileUpload/GetFileList | IP=::1 | Start=2026-05-14 14:20:43.325 | Elapsed=3ms | Status=Completed
2026-05-14 14:20:43 | INF | CONTROLLER_EXEC | Acc= admin | IP=::1 | Path=STA301009/STA301009Q | Message=GET /STA301009/STA301009Q
2026-05-14 14:20:43 | INF | ACTION_TRACE | Acc=admin | Path=/STA301009/STA301009Q | IP=::1 | Start=2026-05-14 14:20:43.900 | Elapsed=10ms | Status=Completed
2026-05-14 14:20:44 | INF | CONTROLLER_EXEC | Acc= admin | IP=::1 | Path=STA301010/STA301010Q | Message=GET /STA301010/STA301010Q
2026-05-14 14:20:44 | INF | ACTION_TRACE | Acc=admin | Path=/STA301010/STA301010Q | IP=::1 | Start=2026-05-14 14:20:44.223 | Elapsed=47ms | Status=Completed
2026-05-14 14:20:46 | INF | ACTION_TRACE | Acc=admin | Path=/Home/Index | IP=::1 | Start=2026-05-14 14:20:46.536 | Elapsed=15ms | Status=Completed
2026-05-14 14:20:47 | INF | ACTION_TRACE | Acc=admin | Path=/Home/GetMenu | IP=::1 | Start=2026-05-14 14:20:47.942 | Elapsed=7ms | Status=Completed
2026-05-14 14:20:50 | INF | ACTION_TRACE | Acc=admin | Path=/Home/GetMenu | IP=::1 | Start=2026-05-14 14:20:50.664 | Elapsed=6ms | Status=Completed
2026-05-14 14:20:52 | INF | CONTROLLER_EXEC | Acc= admin | IP=::1 | Path=STA301010/STA301010Q | Message=GET /STA301010/STA301010Q
2026-05-14 14:20:52 | INF | ACTION_TRACE | Acc=admin | Path=/STA301010/STA301010Q | IP=::1 | Start=2026-05-14 14:20:52.367 | Elapsed=21ms | Status=Completed
2026-05-14 14:20:59 | INF | CONTROLLER_EXEC | Acc= admin | IP=::1 | Path=STA301011/STA301011Q | Message=GET /STA301011/STA301011Q
2026-05-14 14:20:59 | INF | ACTION_TRACE | Acc=admin | Path=/STA301011/STA301011Q | IP=::1 | Start=2026-05-14 14:20:59.157 | Elapsed=47ms | Status=Completed
2026-05-14 14:21:03 | INF | CONTROLLER_EXEC | Acc= admin | IP=::1 | Path=STA301010/STA301010Q | Message=GET /STA301010/STA301010Q
2026-05-14 14:21:03 | INF | ACTION_TRACE | Acc=admin | Path=/STA301010/STA301010Q | IP=::1 | Start=2026-05-14 14:21:03.932 | Elapsed=20ms | Status=Completed
2026-05-14 14:21:06 | INF | ACTION_TRACE | Acc=admin | Path=/Home/Index | IP=::1 | Start=2026-05-14 14:21:06.131 | Elapsed=68ms | Status=Completed
2026-05-14 14:21:07 | INF | ACTION_TRACE | Acc=admin | Path=/Home/GetMenu | IP=::1 | Start=2026-05-14 14:21:07.248 | Elapsed=26ms | Status=Completed
2026-05-14 14:21:09 | INF | CONTROLLER_EXEC | Acc= admin | IP=::1 | Path=STA301011/STA301011Q | Message=GET /STA301011/STA301011Q
2026-05-14 14:21:09 | INF | ACTION_TRACE | Acc=admin | Path=/STA301011/STA301011Q | IP=::1 | Start=2026-05-14 14:21:09.011 | Elapsed=40ms | Status=Completed
2026-05-14 14:21:15 | INF | CONTROLLER_EXEC | Acc= admin | IP=::1 | Path=STA301011/STA301011Q | Message=GET /STA301011/STA301011Q
2026-05-14 14:21:15 | INF | ACTION_TRACE | Acc=admin | Path=/STA301011/STA301011Q | IP=::1 | Start=2026-05-14 14:21:15.435 | Elapsed=16ms | Status=Completed
2026-05-14 14:21:18 | INF | CONTROLLER_EXEC | Acc= admin | IP=::1 | Path=STA301011/STA301011Q | Message=GET /STA301011/STA301011Q
2026-05-14 14:21:18 | INF | ACTION_TRACE | Acc=admin | Path=/STA301011/STA301011Q | IP=::1 | Start=2026-05-14 14:21:18.975 | Elapsed=14ms | Status=Completed
2026-05-14 14:21:23 | INF | ACTION_TRACE | Acc=admin | Path=/.well-known/appspecific/com.chrome.devtools.json | IP=::1 | Start=2026-05-14 14:21:23.058 | Elapsed=0ms | Status=Completed
2026-05-14 14:21:23 | INF | ACTION_TRACE | Acc=admin | Path=/lib/html-to-image/html-to-image.js.map | IP=::1 | Start=2026-05-14 14:21:23.128 | Elapsed=0ms | Status=Completed
2026-05-14 14:21:26 | INF | ACTION_TRACE | Acc=admin | Path=/Home/Index | IP=::1 | Start=2026-05-14 14:21:26.360 | Elapsed=13ms | Status=Completed
2026-05-14 14:21:26 | INF | ACTION_TRACE | Acc=admin | Path=/.well-known/appspecific/com.chrome.devtools.json | IP=::1 | Start=2026-05-14 14:21:26.496 | Elapsed=0ms | Status=Completed
2026-05-14 14:21:26 | INF | ACTION_TRACE | Acc=admin | Path=/lib/html-to-image/html-to-image.js.map | IP=::1 | Start=2026-05-14 14:21:26.693 | Elapsed=0ms | Status=Completed
2026-05-14 14:21:28 | INF | ACTION_TRACE | Acc=admin | Path=/Home/GetMenu | IP=::1 | Start=2026-05-14 14:21:28.183 | Elapsed=55ms | Status=Completed
2026-05-14 14:21:29 | INF | CONTROLLER_EXEC | Acc= admin | IP=::1 | Path=STA301011/STA301011Q | Message=GET /STA301011/STA301011Q
2026-05-14 14:21:29 | INF | ACTION_TRACE | Acc=admin | Path=/STA301011/STA301011Q | IP=::1 | Start=2026-05-14 14:21:29.968 | Elapsed=23ms | Status=Completed
2026-05-14 14:21:45 | INF | CONTROLLER_EXEC | Acc= admin | IP=::1 | Path=STA301011/STA301011Q | Message=GET /STA301011/STA301011Q
2026-05-14 14:21:45 | INF | ACTION_TRACE | Acc=admin | Path=/STA301011/STA301011Q | IP=::1 | Start=2026-05-14 14:21:45.295 | Elapsed=15ms | Status=Completed
2026-05-14 14:22:09 | INF | CONTROLLER_EXEC | Acc= admin | IP=::1 | Path=STA301011/STA301011Q | Message=GET /STA301011/STA301011Q
2026-05-14 14:22:09 | INF | ACTION_TRACE | Acc=admin | Path=/STA301011/STA301011Q | IP=::1 | Start=2026-05-14 14:22:09.522 | Elapsed=19ms | Status=Completed
2026-05-14 14:22:32 | INF | ACTION_TRACE | Acc=admin | Path=/Home/Index | IP=::1 | Start=2026-05-14 14:22:32.146 | Elapsed=75ms | Status=Completed
2026-05-14 14:22:32 | INF | ACTION_TRACE | Acc=admin | Path=/.well-known/appspecific/com.chrome.devtools.json | IP=::1 | Start=2026-05-14 14:22:32.354 | Elapsed=0ms | Status=Completed
2026-05-14 14:22:32 | INF | ACTION_TRACE | Acc=admin | Path=/lib/html-to-image/html-to-image.js.map | IP=::1 | Start=2026-05-14 14:22:32.429 | Elapsed=0ms | Status=Completed
2026-05-14 14:22:34 | INF | ACTION_TRACE | Acc=admin | Path=/Home/GetMenu | IP=::1 | Start=2026-05-14 14:22:34.012 | Elapsed=8ms | Status=Completed
2026-05-14 14:22:35 | INF | CONTROLLER_EXEC | Acc= admin | IP=::1 | Path=STA301008/STA301008Q | Message=GET /STA301008/STA301008Q
2026-05-14 14:22:35 | INF | ACTION_TRACE | Acc=admin | Path=/STA301008/STA301008Q | IP=::1 | Start=2026-05-14 14:22:35.183 | Elapsed=15ms | Status=Completed
2026-05-14 14:22:35 | INF | ACTION_TRACE | Acc=admin | Path=/FileUpload/GetFileList | IP=::1 | Start=2026-05-14 14:22:35.324 | Elapsed=4ms | Status=Completed
2026-05-14 14:22:35 | INF | ACTION_TRACE | Acc=admin | Path=/FileUpload/GetFileList | IP=::1 | Start=2026-05-14 14:22:35.329 | Elapsed=3ms | Status=Completed
2026-05-14 14:22:41 | INF | CONTROLLER_EXEC | Acc= admin | IP=::1 | Path=STA301008/STA301008Q | Message=GET /STA301008/STA301008Q
2026-05-14 14:22:41 | INF | ACTION_TRACE | Acc=admin | Path=/STA301008/STA301008Q | IP=::1 | Start=2026-05-14 14:22:41.436 | Elapsed=26ms | Status=Completed
2026-05-14 14:22:41 | INF | ACTION_TRACE | Acc=admin | Path=/FileUpload/GetFileList | IP=::1 | Start=2026-05-14 14:22:41.489 | Elapsed=3ms | Status=Completed
2026-05-14 14:22:41 | INF | ACTION_TRACE | Acc=admin | Path=/FileUpload/GetFileList | IP=::1 | Start=2026-05-14 14:22:41.491 | Elapsed=3ms | Status=Completed
2026-05-14 14:23:00 | INF | ACTION_TRACE | Acc=admin | Path=/Home/Index | IP=::1 | Start=2026-05-14 14:23:00.165 | Elapsed=20ms | Status=Completed
2026-05-14 14:23:00 | INF | ACTION_TRACE | Acc=admin | Path=/.well-known/appspecific/com.chrome.devtools.json | IP=::1 | Start=2026-05-14 14:23:00.286 | Elapsed=0ms | Status=Completed
2026-05-14 14:23:00 | INF | ACTION_TRACE | Acc=admin | Path=/lib/html-to-image/html-to-image.js.map | IP=::1 | Start=2026-05-14 14:23:00.379 | Elapsed=0ms | Status=Completed
2026-05-14 14:23:00 | INF | ACTION_TRACE | Acc=admin | Path=/Home/GetMenu | IP=::1 | Start=2026-05-14 14:23:00.964 | Elapsed=15ms | Status=Completed
2026-05-14 14:23:02 | INF | CONTROLLER_EXEC | Acc= admin | IP=::1 | Path=STA301008/STA301008Q | Message=GET /STA301008/STA301008Q
2026-05-14 14:23:02 | INF | ACTION_TRACE | Acc=admin | Path=/STA301008/STA301008Q | IP=::1 | Start=2026-05-14 14:23:02.148 | Elapsed=20ms | Status=Completed
2026-05-14 14:23:02 | INF | ACTION_TRACE | Acc=admin | Path=/FileUpload/GetFileList | IP=::1 | Start=2026-05-14 14:23:02.257 | Elapsed=5ms | Status=Completed
2026-05-14 14:23:02 | INF | ACTION_TRACE | Acc=admin | Path=/FileUpload/GetFileList | IP=::1 | Start=2026-05-14 14:23:02.257 | Elapsed=7ms | Status=Completed
2026-05-14 14:23:08 | INF | CONTROLLER_EXEC | Acc= admin | IP=::1 | Path=STA301009/STA301009Q | Message=GET /STA301009/STA301009Q
2026-05-14 14:23:08 | INF | ACTION_TRACE | Acc=admin | Path=/STA301009/STA301009Q | IP=::1 | Start=2026-05-14 14:23:08.418 | Elapsed=15ms | Status=Completed
2026-05-14 14:23:10 | INF | CONTROLLER_EXEC | Acc= admin | IP=::1 | Path=STA301008/STA301008Q | Message=GET /STA301008/STA301008Q
2026-05-14 14:23:10 | INF | ACTION_TRACE | Acc=admin | Path=/STA301008/STA301008Q | IP=::1 | Start=2026-05-14 14:23:10.976 | Elapsed=16ms | Status=Completed
2026-05-14 14:23:11 | INF | ACTION_TRACE | Acc=admin | Path=/FileUpload/GetFileList | IP=::1 | Start=2026-05-14 14:23:11.037 | Elapsed=9ms | Status=Completed
2026-05-14 14:23:11 | INF | ACTION_TRACE | Acc=admin | Path=/FileUpload/GetFileList | IP=::1 | Start=2026-05-14 14:23:11.037 | Elapsed=9ms | Status=Completed
2026-05-14 14:24:04 | INF | ACTION_TRACE | Acc=admin | Path=/Home/Index | IP=::1 | Start=2026-05-14 14:24:03.994 | Elapsed=239ms | Status=Completed
2026-05-14 14:24:04 | INF | ACTION_TRACE | Acc=admin | Path=/.well-known/appspecific/com.chrome.devtools.json | IP=::1 | Start=2026-05-14 14:24:04.276 | Elapsed=0ms | Status=Completed
2026-05-14 14:24:04 | INF | ACTION_TRACE | Acc=admin | Path=/lib/html-to-image/html-to-image.js.map | IP=::1 | Start=2026-05-14 14:24:04.450 | Elapsed=0ms | Status=Completed
2026-05-14 14:24:06 | INF | ACTION_TRACE | Acc=admin | Path=/Home/Index | IP=::1 | Start=2026-05-14 14:24:06.076 | Elapsed=88ms | Status=Completed
2026-05-14 14:24:06 | INF | ACTION_TRACE | Acc=admin | Path=/.well-known/appspecific/com.chrome.devtools.json | IP=::1 | Start=2026-05-14 14:24:06.202 | Elapsed=0ms | Status=Completed
2026-05-14 14:24:06 | INF | ACTION_TRACE | Acc=admin | Path=/lib/html-to-image/html-to-image.js.map | IP=::1 | Start=2026-05-14 14:24:06.375 | Elapsed=0ms | Status=Completed
2026-05-14 14:25:14 | INF | ACTION_TRACE | Acc=admin | Path=/Home/GetMenu | IP=::1 | Start=2026-05-14 14:25:14.087 | Elapsed=15ms | Status=Completed
2026-05-14 14:25:14 | INF | ACTION_TRACE | Acc=admin | Path=/Home/GetMenu | IP=::1 | Start=2026-05-14 14:25:14.711 | Elapsed=7ms | Status=Completed
2026-05-14 14:25:19 | INF | CONTROLLER_EXEC | Acc= admin | IP=::1 | Path=STA301008/STA301008Q | Message=GET /STA301008/STA301008Q
2026-05-14 14:25:19 | INF | ACTION_TRACE | Acc=admin | Path=/STA301008/STA301008Q | IP=::1 | Start=2026-05-14 14:25:19.592 | Elapsed=39ms | Status=Completed
2026-05-14 14:25:19 | INF | ACTION_TRACE | Acc=admin | Path=/FileUpload/GetFileList | IP=::1 | Start=2026-05-14 14:25:19.735 | Elapsed=2ms | Status=Completed
2026-05-14 14:25:19 | INF | ACTION_TRACE | Acc=admin | Path=/FileUpload/GetFileList | IP=::1 | Start=2026-05-14 14:25:19.735 | Elapsed=2ms | Status=Completed
2026-05-14 14:26:28 | INF | CONTROLLER_EXEC | Acc= admin | IP=::1 | Path=STA301008/STA301008Q | Message=GET /STA301008/STA301008Q
2026-05-14 14:26:28 | INF | ACTION_TRACE | Acc=admin | Path=/STA301008/STA301008Q | IP=::1 | Start=2026-05-14 14:26:28.013 | Elapsed=17ms | Status=Completed
2026-05-14 14:26:28 | INF | ACTION_TRACE | Acc=admin | Path=/FileUpload/GetFileList | IP=::1 | Start=2026-05-14 14:26:28.103 | Elapsed=9ms | Status=Completed
2026-05-14 14:26:28 | INF | ACTION_TRACE | Acc=admin | Path=/FileUpload/GetFileList | IP=::1 | Start=2026-05-14 14:26:28.104 | Elapsed=9ms | Status=Completed
2026-05-14 14:29:56 | INF | ACTION_TRACE | Acc=admin | Path=/Home/Index | IP=::1 | Start=2026-05-14 14:29:56.254 | Elapsed=17ms | Status=Completed
2026-05-14 14:29:56 | INF | ACTION_TRACE | Acc=admin | Path=/.well-known/appspecific/com.chrome.devtools.json | IP=::1 | Start=2026-05-14 14:29:56.349 | Elapsed=0ms | Status=Completed
2026-05-14 14:29:56 | INF | ACTION_TRACE | Acc=admin | Path=/lib/html-to-image/html-to-image.js.map | IP=::1 | Start=2026-05-14 14:29:56.615 | Elapsed=0ms | Status=Completed
2026-05-14 14:34:40 | INF | ACTION_TRACE | Acc=admin | Path=/Home/Index | IP=::1 | Start=2026-05-14 14:34:36.170 | Elapsed=4571ms | Status=Completed
2026-05-14 14:34:40 | INF | NETWORK_UNSTABLE | Acc=admin | Path=/Home/Index | Reason=SlowRequest 4571ms
2026-05-14 14:34:40 | INF | ACTION_TRACE | Acc=admin | Path=/.well-known/appspecific/com.chrome.devtools.json | IP=::1 | Start=2026-05-14 14:34:40.836 | Elapsed=0ms | Status=Completed
2026-05-14 14:34:41 | INF | ACTION_TRACE | Acc=admin | Path=/lib/html-to-image/html-to-image.js.map | IP=::1 | Start=2026-05-14 14:34:41.130 | Elapsed=0ms | Status=Completed
2026-05-14 14:34:43 | INF | ACTION_TRACE | Acc=admin | Path=/Home/Index | IP=::1 | Start=2026-05-14 14:34:43.011 | Elapsed=39ms | Status=Completed
2026-05-14 14:34:43 | INF | ACTION_TRACE | Acc=admin | Path=/.well-known/appspecific/com.chrome.devtools.json | IP=::1 | Start=2026-05-14 14:34:43.116 | Elapsed=0ms | Status=Completed
2026-05-14 14:34:43 | INF | ACTION_TRACE | Acc=admin | Path=/lib/html-to-image/html-to-image.js.map | IP=::1 | Start=2026-05-14 14:34:43.368 | Elapsed=0ms | Status=Completed
2026-05-14 14:34:47 | INF | ACTION_TRACE | Acc=admin | Path=/Home/Index | IP=::1 | Start=2026-05-14 14:34:47.915 | Elapsed=47ms | Status=Completed
2026-05-14 14:34:48 | INF | ACTION_TRACE | Acc=admin | Path=/.well-known/appspecific/com.chrome.devtools.json | IP=::1 | Start=2026-05-14 14:34:48.068 | Elapsed=0ms | Status=Completed
2026-05-14 14:34:48 | INF | ACTION_TRACE | Acc=admin | Path=/lib/html-to-image/html-to-image.js.map | IP=::1 | Start=2026-05-14 14:34:48.246 | Elapsed=0ms | Status=Completed
2026-05-14 14:34:48 | INF | ACTION_TRACE | Acc=admin | Path=/Home/GetMenu | IP=::1 | Start=2026-05-14 14:34:48.736 | Elapsed=27ms | Status=Completed
2026-05-14 14:34:50 | INF | CONTROLLER_EXEC | Acc= admin | IP=::1 | Path=STA301008/STA301008Q | Message=GET /STA301008/STA301008Q
2026-05-14 14:34:50 | INF | ACTION_TRACE | Acc=admin | Path=/STA301008/STA301008Q | IP=::1 | Start=2026-05-14 14:34:50.286 | Elapsed=21ms | Status=Completed
2026-05-14 14:34:50 | INF | ACTION_TRACE | Acc=admin | Path=/FileUpload/GetFileList | IP=::1 | Start=2026-05-14 14:34:50.481 | Elapsed=44ms | Status=Completed
2026-05-14 14:34:50 | INF | ACTION_TRACE | Acc=admin | Path=/FileUpload/GetFileList | IP=::1 | Start=2026-05-14 14:34:50.481 | Elapsed=45ms | Status=Completed
2026-05-14 14:34:53 | INF | CONTROLLER_EXEC | Acc= admin | IP=::1 | Path=STA301008/STA301008Q | Message=GET /STA301008/STA301008Q
2026-05-14 14:34:53 | INF | ACTION_TRACE | Acc=admin | Path=/STA301008/STA301008Q | IP=::1 | Start=2026-05-14 14:34:53.807 | Elapsed=36ms | Status=Completed
2026-05-14 14:34:53 | INF | ACTION_TRACE | Acc=admin | Path=/FileUpload/GetFileList | IP=::1 | Start=2026-05-14 14:34:53.855 | Elapsed=5ms | Status=Completed
2026-05-14 14:34:58 | INF | ACTION_TRACE | Acc=admin | Path=/FileUpload/GetFileList | IP=::1 | Start=2026-05-14 14:34:53.855 | Elapsed=4550ms | Status=Completed
2026-05-14 14:34:58 | INF | NETWORK_UNSTABLE | Acc=admin | Path=/FileUpload/GetFileList | Reason=SlowRequest 4550ms
2026-05-14 14:35:13 | INF | ACTION_TRACE | Acc=admin | Path=/.well-known/appspecific/com.chrome.devtools.json | IP=::1 | Start=2026-05-14 14:35:13.345 | Elapsed=0ms | Status=Completed
2026-05-14 14:35:13 | INF | ACTION_TRACE | Acc=admin | Path=/lib/html-to-image/html-to-image.js.map | IP=::1 | Start=2026-05-14 14:35:13.349 | Elapsed=0ms | Status=Completed
2026-05-14 14:35:20 | INF | CONTROLLER_EXEC | Acc= admin | IP=::1 | Path=STA301008/STA301008Q | Message=GET /STA301008/STA301008Q
2026-05-14 14:35:20 | INF | ACTION_TRACE | Acc=admin | Path=/STA301008/STA301008Q | IP=::1 | Start=2026-05-14 14:35:20.794 | Elapsed=34ms | Status=Completed
2026-05-14 14:35:20 | INF | ACTION_TRACE | Acc=admin | Path=/FileUpload/GetFileList | IP=::1 | Start=2026-05-14 14:35:20.844 | Elapsed=2ms | Status=Completed
2026-05-14 14:35:20 | INF | ACTION_TRACE | Acc=admin | Path=/FileUpload/GetFileList | IP=::1 | Start=2026-05-14 14:35:20.844 | Elapsed=3ms | Status=Completed
2026-05-14 14:35:23 | INF | ACTION_TRACE | Acc=admin | Path=/Home/Index | IP=::1 | Start=2026-05-14 14:35:23.730 | Elapsed=66ms | Status=Completed
2026-05-14 14:35:23 | INF | ACTION_TRACE | Acc=admin | Path=/.well-known/appspecific/com.chrome.devtools.json | IP=::1 | Start=2026-05-14 14:35:23.916 | Elapsed=0ms | Status=Completed
2026-05-14 14:35:24 | INF | ACTION_TRACE | Acc=admin | Path=/lib/html-to-image/html-to-image.js.map | IP=::1 | Start=2026-05-14 14:35:24.013 | Elapsed=0ms | Status=Completed
2026-05-14 14:35:26 | INF | ACTION_TRACE | Acc=admin | Path=/Home/GetMenu | IP=::1 | Start=2026-05-14 14:35:26.127 | Elapsed=44ms | Status=Completed
2026-05-14 14:35:28 | INF | ACTION_TRACE | Acc=admin | Path=/Home/GetMenu | IP=::1 | Start=2026-05-14 14:35:28.711 | Elapsed=51ms | Status=Completed
2026-05-14 14:35:30 | INF | CONTROLLER_EXEC | Acc= admin | IP=::1 | Path=STA301008/STA301008Q | Message=GET /STA301008/STA301008Q
2026-05-14 14:35:30 | INF | ACTION_TRACE | Acc=admin | Path=/STA301008/STA301008Q | IP=::1 | Start=2026-05-14 14:35:30.196 | Elapsed=15ms | Status=Completed
2026-05-14 14:35:30 | INF | ACTION_TRACE | Acc=admin | Path=/FileUpload/GetFileList | IP=::1 | Start=2026-05-14 14:35:30.311 | Elapsed=3ms | Status=Completed
2026-05-14 14:35:30 | INF | ACTION_TRACE | Acc=admin | Path=/FileUpload/GetFileList | IP=::1 | Start=2026-05-14 14:35:30.312 | Elapsed=5ms | Status=Completed
2026-05-14 14:35:33 | INF | CONTROLLER_EXEC | Acc= admin | IP=::1 | Path=STA301008/STA301008Q | Message=GET /STA301008/STA301008Q
2026-05-14 14:35:33 | INF | ACTION_TRACE | Acc=admin | Path=/STA301008/STA301008Q | IP=::1 | Start=2026-05-14 14:35:33.622 | Elapsed=20ms | Status=Completed
2026-05-14 14:35:33 | INF | ACTION_TRACE | Acc=admin | Path=/FileUpload/GetFileList | IP=::1 | Start=2026-05-14 14:35:33.674 | Elapsed=8ms | Status=Completed
2026-05-14 14:35:33 | INF | ACTION_TRACE | Acc=admin | Path=/FileUpload/GetFileList | IP=::1 | Start=2026-05-14 14:35:33.676 | Elapsed=8ms | Status=Completed
2026-05-14 14:36:33 | INF | ACTION_TRACE | Acc=admin | Path=/Home/Index | IP=::1 | Start=2026-05-14 14:36:33.250 | Elapsed=81ms | Status=Completed
2026-05-14 14:36:33 | INF | ACTION_TRACE | Acc=admin | Path=/.well-known/appspecific/com.chrome.devtools.json | IP=::1 | Start=2026-05-14 14:36:33.410 | Elapsed=0ms | Status=Completed
2026-05-14 14:36:33 | INF | ACTION_TRACE | Acc=admin | Path=/lib/html-to-image/html-to-image.js.map | IP=::1 | Start=2026-05-14 14:36:33.561 | Elapsed=0ms | Status=Completed
2026-05-14 14:36:35 | INF | ACTION_TRACE | Acc=admin | Path=/Home/Index | IP=::1 | Start=2026-05-14 14:36:35.765 | Elapsed=38ms | Status=Completed
2026-05-14 14:36:35 | INF | ACTION_TRACE | Acc=admin | Path=/.well-known/appspecific/com.chrome.devtools.json | IP=::1 | Start=2026-05-14 14:36:35.963 | Elapsed=0ms | Status=Completed
2026-05-14 14:36:36 | INF | ACTION_TRACE | Acc=admin | Path=/lib/html-to-image/html-to-image.js.map | IP=::1 | Start=2026-05-14 14:36:36.018 | Elapsed=0ms | Status=Completed
2026-05-14 14:36:37 | INF | ACTION_TRACE | Acc=admin | Path=/Home/GetMenu | IP=::1 | Start=2026-05-14 14:36:37.157 | Elapsed=34ms | Status=Completed
2026-05-14 14:36:38 | INF | CONTROLLER_EXEC | Acc= admin | IP=::1 | Path=STA301008/STA301008Q | Message=GET /STA301008/STA301008Q
2026-05-14 14:36:38 | INF | ACTION_TRACE | Acc=admin | Path=/STA301008/STA301008Q | IP=::1 | Start=2026-05-14 14:36:38.865 | Elapsed=67ms | Status=Completed
2026-05-14 14:36:38 | INF | ACTION_TRACE | Acc=admin | Path=/FileUpload/GetFileList | IP=::1 | Start=2026-05-14 14:36:38.985 | Elapsed=3ms | Status=Completed
2026-05-14 14:36:38 | INF | ACTION_TRACE | Acc=admin | Path=/FileUpload/GetFileList | IP=::1 | Start=2026-05-14 14:36:38.986 | Elapsed=4ms | Status=Completed
2026-05-14 14:36:46 | INF | CONTROLLER_EXEC | Acc= admin | IP=::1 | Path=STA301008/STA301008Q | Message=GET /STA301008/STA301008Q
2026-05-14 14:36:46 | INF | ACTION_TRACE | Acc=admin | Path=/STA301008/STA301008Q | IP=::1 | Start=2026-05-14 14:36:46.551 | Elapsed=16ms | Status=Completed
2026-05-14 14:36:46 | INF | ACTION_TRACE | Acc=admin | Path=/FileUpload/GetFileList | IP=::1 | Start=2026-05-14 14:36:46.615 | Elapsed=2ms | Status=Completed
2026-05-14 14:36:46 | INF | ACTION_TRACE | Acc=admin | Path=/FileUpload/GetFileList | IP=::1 | Start=2026-05-14 14:36:46.615 | Elapsed=2ms | Status=Completed
2026-05-14 14:36:50 | INF | CONTROLLER_EXEC | Acc= admin | IP=::1 | Path=STA301008/STA301008Q | Message=GET /STA301008/STA301008Q
2026-05-14 14:36:50 | INF | ACTION_TRACE | Acc=admin | Path=/STA301008/STA301008Q | IP=::1 | Start=2026-05-14 14:36:50.046 | Elapsed=17ms | Status=Completed
2026-05-14 14:36:50 | INF | ACTION_TRACE | Acc=admin | Path=/FileUpload/GetFileList | IP=::1 | Start=2026-05-14 14:36:50.098 | Elapsed=1ms | Status=Completed
2026-05-14 14:36:50 | INF | ACTION_TRACE | Acc=admin | Path=/FileUpload/GetFileList | IP=::1 | Start=2026-05-14 14:36:50.098 | Elapsed=2ms | Status=Completed
2026-05-14 14:36:58 | INF | ACTION_TRACE | Acc=admin | Path=/Home/Index | IP=::1 | Start=2026-05-14 14:36:58.490 | Elapsed=28ms | Status=Completed
2026-05-14 14:36:58 | INF | ACTION_TRACE | Acc=admin | Path=/.well-known/appspecific/com.chrome.devtools.json | IP=::1 | Start=2026-05-14 14:36:58.616 | Elapsed=0ms | Status=Completed
2026-05-14 14:36:58 | INF | ACTION_TRACE | Acc=admin | Path=/lib/html-to-image/html-to-image.js.map | IP=::1 | Start=2026-05-14 14:36:58.717 | Elapsed=0ms | Status=Completed
2026-05-14 14:36:59 | INF | ACTION_TRACE | Acc=admin | Path=/Home/GetMenu | IP=::1 | Start=2026-05-14 14:36:59.854 | Elapsed=8ms | Status=Completed
2026-05-14 14:37:01 | INF | CONTROLLER_EXEC | Acc= admin | IP=::1 | Path=STA301008/STA301008Q | Message=GET /STA301008/STA301008Q
2026-05-14 14:37:01 | INF | ACTION_TRACE | Acc=admin | Path=/STA301008/STA301008Q | IP=::1 | Start=2026-05-14 14:37:01.221 | Elapsed=31ms | Status=Completed
2026-05-14 14:37:01 | INF | ACTION_TRACE | Acc=admin | Path=/FileUpload/GetFileList | IP=::1 | Start=2026-05-14 14:37:01.346 | Elapsed=3ms | Status=Completed
2026-05-14 14:37:01 | INF | ACTION_TRACE | Acc=admin | Path=/FileUpload/GetFileList | IP=::1 | Start=2026-05-14 14:37:01.346 | Elapsed=3ms | Status=Completed
2026-05-14 14:37:06 | INF | CONTROLLER_EXEC | Acc= admin | IP=::1 | Path=STA301008/STA301008Q | Message=GET /STA301008/STA301008Q
2026-05-14 14:37:06 | INF | ACTION_TRACE | Acc=admin | Path=/STA301008/STA301008Q | IP=::1 | Start=2026-05-14 14:37:06.752 | Elapsed=13ms | Status=Completed
2026-05-14 14:37:06 | INF | ACTION_TRACE | Acc=admin | Path=/FileUpload/GetFileList | IP=::1 | Start=2026-05-14 14:37:06.793 | Elapsed=2ms | Status=Completed
2026-05-14 14:37:06 | INF | ACTION_TRACE | Acc=admin | Path=/FileUpload/GetFileList | IP=::1 | Start=2026-05-14 14:37:06.794 | Elapsed=6ms | Status=Completed
2026-05-14 14:37:13 | INF | ACTION_TRACE | Acc=admin | Path=/Home/Index | IP=::1 | Start=2026-05-14 14:37:13.426 | Elapsed=15ms | Status=Completed
2026-05-14 14:37:13 | INF | ACTION_TRACE | Acc=admin | Path=/.well-known/appspecific/com.chrome.devtools.json | IP=::1 | Start=2026-05-14 14:37:13.491 | Elapsed=0ms | Status=Completed
2026-05-14 14:37:13 | INF | ACTION_TRACE | Acc=admin | Path=/lib/html-to-image/html-to-image.js.map | IP=::1 | Start=2026-05-14 14:37:13.646 | Elapsed=0ms | Status=Completed
2026-05-14 14:37:15 | INF | ACTION_TRACE | Acc=admin | Path=/Home/GetMenu | IP=::1 | Start=2026-05-14 14:37:15.882 | Elapsed=11ms | Status=Completed
2026-05-14 14:37:16 | INF | ACTION_TRACE | Acc=admin | Path=/Home/GetMenu | IP=::1 | Start=2026-05-14 14:37:16.414 | Elapsed=6ms | Status=Completed
2026-05-14 14:37:17 | INF | CONTROLLER_EXEC | Acc= admin | IP=::1 | Path=STA301008/STA301008Q | Message=GET /STA301008/STA301008Q
2026-05-14 14:37:17 | INF | ACTION_TRACE | Acc=admin | Path=/STA301008/STA301008Q | IP=::1 | Start=2026-05-14 14:37:17.613 | Elapsed=43ms | Status=Completed
2026-05-14 14:37:17 | INF | ACTION_TRACE | Acc=admin | Path=/FileUpload/GetFileList | IP=::1 | Start=2026-05-14 14:37:17.718 | Elapsed=2ms | Status=Completed
2026-05-14 14:37:17 | INF | ACTION_TRACE | Acc=admin | Path=/FileUpload/GetFileList | IP=::1 | Start=2026-05-14 14:37:17.718 | Elapsed=2ms | Status=Completed
2026-05-14 14:37:21 | INF | CONTROLLER_EXEC | Acc= admin | IP=::1 | Path=STA301008/STA301008Q | Message=GET /STA301008/STA301008Q
2026-05-14 14:37:21 | INF | ACTION_TRACE | Acc=admin | Path=/STA301008/STA301008Q | IP=::1 | Start=2026-05-14 14:37:21.189 | Elapsed=16ms | Status=Completed
2026-05-14 14:37:21 | INF | ACTION_TRACE | Acc=admin | Path=/FileUpload/GetFileList | IP=::1 | Start=2026-05-14 14:37:21.248 | Elapsed=3ms | Status=Completed
2026-05-14 14:37:21 | INF | ACTION_TRACE | Acc=admin | Path=/FileUpload/GetFileList | IP=::1 | Start=2026-05-14 14:37:21.248 | Elapsed=3ms | Status=Completed
2026-05-14 14:37:34 | INF | CONTROLLER_EXEC | Acc= admin | IP=::1 | Path=STA301008/STA301008R01Query | Message=POST /STA301008/STA301008R01Query
2026-05-14 14:37:34 | ERR | REQUEST_EXCEPTION | Path=/STA301008/STA301008R01Query | Method=POST
2026-05-14 14:37:34 | INF | NETWORK_UNSTABLE | Acc=admin | Path=/STA301008/STA301008R01Query | Reason=SlowRequest 4474ms
2026-05-14 14:37:38 | INF | ACTION_TRACE | Acc=admin | Path=/Home/Index | IP=::1 | Start=2026-05-14 14:37:38.852 | Elapsed=23ms | Status=Completed
2026-05-14 14:37:38 | INF | ACTION_TRACE | Acc=admin | Path=/.well-known/appspecific/com.chrome.devtools.json | IP=::1 | Start=2026-05-14 14:37:38.979 | Elapsed=0ms | Status=Completed
2026-05-14 14:37:39 | INF | ACTION_TRACE | Acc=admin | Path=/lib/html-to-image/html-to-image.js.map | IP=::1 | Start=2026-05-14 14:37:39.062 | Elapsed=0ms | Status=Completed
2026-05-14 14:37:41 | INF | ACTION_TRACE | Acc=admin | Path=/Home/GetMenu | IP=::1 | Start=2026-05-14 14:37:41.089 | Elapsed=9ms | Status=Completed
2026-05-14 14:37:42 | INF | CONTROLLER_EXEC | Acc= admin | IP=::1 | Path=SYS201001/SYS201001 | Message=GET /SYS201001/SYS201001
2026-05-14 14:37:42 | INF | ACTION_TRACE | Acc=admin | Path=/SYS201001/SYS201001 | IP=::1 | Start=2026-05-14 14:37:42.685 | Elapsed=141ms | Status=Completed
2026-05-14 14:37:43 | INF | CONTROLLER_EXEC | Acc= admin | IP=::1 | Path=SYS201001/GetAllAdmins | Message=POST /SYS201001/GetAllAdmins
2026-05-14 14:37:43 | INF | ACTION_TRACE | Acc=admin | Path=/SYS201001/GetAllAdmins | IP=::1 | Start=2026-05-14 14:37:42.942 | Elapsed=97ms | Status=Completed
2026-05-14 14:37:43 | INF | CONTROLLER_EXEC | Acc= admin | IP=::1 | Path=SYS201001/GetAllAdmins | Message=POST /SYS201001/GetAllAdmins
2026-05-14 14:37:43 | INF | ACTION_TRACE | Acc=admin | Path=/SYS201001/GetAllAdmins | IP=::1 | Start=2026-05-14 14:37:43.068 | Elapsed=11ms | Status=Completed
2026-05-14 14:37:45 | WRN | The query uses the 'First'/'FirstOrDefault' operator without 'OrderBy' and filter operators. This may lead to unpredictable results.
2026-05-14 14:37:45 | WRN | The query uses the 'First'/'FirstOrDefault' operator without 'OrderBy' and filter operators. This may lead to unpredictable results.
2026-05-14 14:37:45 | INF | CONTROLLER_EXEC | Acc= admin | IP=::1 | Path=SYS201001/GetAdminDetails | Message=GET /SYS201001/GetAdminDetails
2026-05-14 14:37:45 | INF | ACTION_TRACE | Acc=admin | Path=/SYS201001/GetAdminDetails | IP=::1 | Start=2026-05-14 14:37:45.184 | Elapsed=77ms | Status=Completed
2026-05-14 14:37:45 | INF | CONTROLLER_EXEC | Acc= admin | IP=::1 | Path=SYS201001/GetAllPersonnelTypes | Message=GET /SYS201001/GetAllPersonnelTypes
2026-05-14 14:37:45 | INF | CONTROLLER_EXEC | Acc= admin | IP=::1 | Path=SYS201001/GetAllRoles | Message=GET /SYS201001/GetAllRoles
2026-05-14 14:37:45 | INF | CONTROLLER_EXEC | Acc= admin | IP=::1 | Path=SYS201001/GetAllAdmins | Message=POST /SYS201001/GetAllAdmins
2026-05-14 14:37:45 | INF | ACTION_TRACE | Acc=admin | Path=/SYS201001/GetAllAdmins | IP=::1 | Start=2026-05-14 14:37:45.291 | Elapsed=7ms | Status=Completed
2026-05-14 14:37:45 | INF | ACTION_TRACE | Acc=admin | Path=/SYS201001/GetAllPersonnelTypes | IP=::1 | Start=2026-05-14 14:37:45.268 | Elapsed=36ms | Status=Completed
2026-05-14 14:37:45 | INF | ACTION_TRACE | Acc=admin | Path=/SYS201001/GetAllRoles | IP=::1 | Start=2026-05-14 14:37:45.268 | Elapsed=37ms | Status=Completed
2026-05-14 14:37:51 | INF | CONTROLLER_EXEC | Acc= admin | IP=::1 | Path=SYS201001/SYS201001 | Message=GET /SYS201001/SYS201001
2026-05-14 14:37:51 | INF | ACTION_TRACE | Acc=admin | Path=/SYS201001/SYS201001 | IP=::1 | Start=2026-05-14 14:37:51.855 | Elapsed=14ms | Status=Completed
2026-05-14 14:37:51 | INF | CONTROLLER_EXEC | Acc= admin | IP=::1 | Path=SYS201001/GetAllAdmins | Message=POST /SYS201001/GetAllAdmins
2026-05-14 14:37:51 | INF | ACTION_TRACE | Acc=admin | Path=/SYS201001/GetAllAdmins | IP=::1 | Start=2026-05-14 14:37:51.973 | Elapsed=6ms | Status=Completed
2026-05-14 14:37:52 | INF | CONTROLLER_EXEC | Acc= admin | IP=::1 | Path=SYS201001/GetAllAdmins | Message=POST /SYS201001/GetAllAdmins
2026-05-14 14:37:52 | INF | ACTION_TRACE | Acc=admin | Path=/SYS201001/GetAllAdmins | IP=::1 | Start=2026-05-14 14:37:51.999 | Elapsed=4ms | Status=Completed
2026-05-14 14:37:54 | INF | CONTROLLER_EXEC | Acc= admin | IP=::1 | Path=SYS201001/GetAdminDetails | Message=GET /SYS201001/GetAdminDetails
2026-05-14 14:37:54 | INF | ACTION_TRACE | Acc=admin | Path=/SYS201001/GetAdminDetails | IP=::1 | Start=2026-05-14 14:37:54.614 | Elapsed=14ms | Status=Completed
2026-05-14 14:37:54 | INF | CONTROLLER_EXEC | Acc= admin | IP=::1 | Path=SYS201001/GetAllRoles | Message=GET /SYS201001/GetAllRoles
2026-05-14 14:37:54 | INF | CONTROLLER_EXEC | Acc= admin | IP=::1 | Path=SYS201001/GetAllPersonnelTypes | Message=GET /SYS201001/GetAllPersonnelTypes
2026-05-14 14:37:54 | INF | ACTION_TRACE | Acc=admin | Path=/SYS201001/GetAllPersonnelTypes | IP=::1 | Start=2026-05-14 14:37:54.637 | Elapsed=2ms | Status=Completed
2026-05-14 14:37:54 | INF | ACTION_TRACE | Acc=admin | Path=/SYS201001/GetAllRoles | IP=::1 | Start=2026-05-14 14:37:54.637 | Elapsed=2ms | Status=Completed
2026-05-14 14:37:54 | INF | CONTROLLER_EXEC | Acc= admin | IP=::1 | Path=SYS201001/GetAllAdmins | Message=POST /SYS201001/GetAllAdmins
2026-05-14 14:37:54 | INF | ACTION_TRACE | Acc=admin | Path=/SYS201001/GetAllAdmins | IP=::1 | Start=2026-05-14 14:37:54.649 | Elapsed=6ms | Status=Completed
2026-05-14 14:43:30 | WRN | No store type was specified for the decimal property 'OveMoney' on entity type 'HROvertime'. This will cause values to be silently truncated if they do not fit in the default precision and scale. Explicitly specify the SQL server column type that can accommodate all the values in 'OnModelCreating' using 'HasColumnType', specify precision and scale using 'HasPrecision', or configure a value converter using 'HasConversion'.
2026-05-14 14:43:30 | WRN | No store type was specified for the decimal property 'Wag1D1Hour' on entity type 'HRWage'. This will cause values to be silently truncated if they do not fit in the default precision and scale. Explicitly specify the SQL server column type that can accommodate all the values in 'OnModelCreating' using 'HasColumnType', specify precision and scale using 'HasPrecision', or configure a value converter using 'HasConversion'.
2026-05-14 14:43:30 | WRN | No store type was specified for the decimal property 'Wag2D1Hour' on entity type 'HRWage'. This will cause values to be silently truncated if they do not fit in the default precision and scale. Explicitly specify the SQL server column type that can accommodate all the values in 'OnModelCreating' using 'HasColumnType', specify precision and scale using 'HasPrecision', or configure a value converter using 'HasConversion'.
2026-05-14 14:43:30 | WRN | No store type was specified for the decimal property 'Wag4D3Hour' on entity type 'HRWage'. This will cause values to be silently truncated if they do not fit in the default precision and scale. Explicitly specify the SQL server column type that can accommodate all the values in 'OnModelCreating' using 'HasColumnType', specify precision and scale using 'HasPrecision', or configure a value converter using 'HasConversion'.
2026-05-14 14:43:30 | WRN | No store type was specified for the decimal property 'Wag5D3Hour' on entity type 'HRWage'. This will cause values to be silently truncated if they do not fit in the default precision and scale. Explicitly specify the SQL server column type that can accommodate all the values in 'OnModelCreating' using 'HasColumnType', specify precision and scale using 'HasPrecision', or configure a value converter using 'HasConversion'.
2026-05-14 14:43:30 | WRN | No store type was specified for the decimal property 'Wag8D3Hour' on entity type 'HRWage'. This will cause values to be silently truncated if they do not fit in the default precision and scale. Explicitly specify the SQL server column type that can accommodate all the values in 'OnModelCreating' using 'HasColumnType', specify precision and scale using 'HasPrecision', or configure a value converter using 'HasConversion'.
2026-05-14 14:43:30 | WRN | No store type was specified for the decimal property 'WagApplyHour' on entity type 'HRWage'. This will cause values to be silently truncated if they do not fit in the default precision and scale. Explicitly specify the SQL server column type that can accommodate all the values in 'OnModelCreating' using 'HasColumnType', specify precision and scale using 'HasPrecision', or configure a value converter using 'HasConversion'.
2026-05-14 14:43:30 | WRN | No store type was specified for the decimal property 'WagIssueHour' on entity type 'HRWage'. This will cause values to be silently truncated if they do not fit in the default precision and scale. Explicitly specify the SQL server column type that can accommodate all the values in 'OnModelCreating' using 'HasColumnType', specify precision and scale using 'HasPrecision', or configure a value converter using 'HasConversion'.
2026-05-14 14:43:30 | WRN | No store type was specified for the decimal property 'WagSubtotal' on entity type 'HRWage'. This will cause values to be silently truncated if they do not fit in the default precision and scale. Explicitly specify the SQL server column type that can accommodate all the values in 'OnModelCreating' using 'HasColumnType', specify precision and scale using 'HasPrecision', or configure a value converter using 'HasConversion'.
2026-05-14 14:43:35 | WRN | The query uses the 'First'/'FirstOrDefault' operator without 'OrderBy' and filter operators. This may lead to unpredictable results.
2026-05-14 14:43:36 | INF | ACTION_TRACE | Acc=admin | Path=/ | IP=::1 | Start=2026-05-14 14:43:29.431 | Elapsed=7168ms | Status=Completed
2026-05-14 14:43:36 | INF | NETWORK_UNSTABLE | Acc=admin | Path=/ | Reason=SlowRequest 7168ms
2026-05-14 14:43:36 | INF | ACTION_TRACE | Acc=admin | Path=/Captcha/Generate | IP=::1 | Start=2026-05-14 14:43:36.911 | Elapsed=44ms | Status=Completed
2026-05-14 14:43:37 | INF | ACTION_TRACE | Acc=admin | Path=/DNTCaptchaImage/Show | IP=::1 | Start=2026-05-14 14:43:36.972 | Elapsed=115ms | Status=Completed
2026-05-14 14:43:51 | INF | ACTION_TRACE | Acc=admin | Path=/Account/Login | IP=::1 | Start=2026-05-14 14:43:42.302 | Elapsed=9210ms | Status=Completed
2026-05-14 14:43:51 | INF | NETWORK_UNSTABLE | Acc=admin | Path=/Account/Login | Reason=SlowRequest 9210ms
2026-05-14 14:43:51 | INF | ACTION_TRACE | Acc=admin | Path=/Home/Index | IP=::1 | Start=2026-05-14 14:43:51.527 | Elapsed=356ms | Status=Completed
2026-05-14 14:43:54 | INF | ACTION_TRACE | Acc=admin | Path=/Home/GetMenu | IP=::1 | Start=2026-05-14 14:43:54.553 | Elapsed=47ms | Status=Completed
2026-05-14 14:43:57 | INF | CONTROLLER_EXEC | Acc= admin | IP=::1 | Path=STA301008/STA301008Q | Message=GET /STA301008/STA301008Q
2026-05-14 14:43:57 | INF | ACTION_TRACE | Acc=admin | Path=/STA301008/STA301008Q | IP=::1 | Start=2026-05-14 14:43:57.000 | Elapsed=197ms | Status=Completed
2026-05-14 14:43:57 | INF | ACTION_TRACE | Acc=admin | Path=/FileUpload/GetFileList | IP=::1 | Start=2026-05-14 14:43:57.268 | Elapsed=37ms | Status=Completed
2026-05-14 14:44:01 | INF | ACTION_TRACE | Acc=admin | Path=/FileUpload/GetFileList | IP=::1 | Start=2026-05-14 14:44:01.805 | Elapsed=8ms | Status=Completed
2026-05-14 14:44:03 | INF | CONTROLLER_EXEC | Acc= admin | IP=::1 | Path=STA301008/STA301008Q | Message=GET /STA301008/STA301008Q
2026-05-14 14:44:03 | INF | ACTION_TRACE | Acc=admin | Path=/STA301008/STA301008Q | IP=::1 | Start=2026-05-14 14:44:03.361 | Elapsed=21ms | Status=Completed
2026-05-14 14:44:03 | INF | ACTION_TRACE | Acc=admin | Path=/FileUpload/GetFileList | IP=::1 | Start=2026-05-14 14:44:03.407 | Elapsed=5ms | Status=Completed
2026-05-14 14:44:06 | INF | CONTROLLER_EXEC | Acc= admin | IP=::1 | Path=STA301008/STA301008Q | Message=GET /STA301008/STA301008Q
2026-05-14 14:44:06 | INF | ACTION_TRACE | Acc=admin | Path=/STA301008/STA301008Q | IP=::1 | Start=2026-05-14 14:44:06.428 | Elapsed=19ms | Status=Completed
2026-05-14 14:44:06 | INF | ACTION_TRACE | Acc=admin | Path=/FileUpload/GetFileList | IP=::1 | Start=2026-05-14 14:44:06.467 | Elapsed=3ms | Status=Completed
2026-05-14 14:44:06 | INF | CONTROLLER_EXEC | Acc= admin | IP=::1 | Path=STA301008/STA301008Q | Message=GET /STA301008/STA301008Q
2026-05-14 14:44:06 | INF | ACTION_TRACE | Acc=admin | Path=/STA301008/STA301008Q | IP=::1 | Start=2026-05-14 14:44:06.731 | Elapsed=15ms | Status=Completed
2026-05-14 14:44:06 | INF | ACTION_TRACE | Acc=admin | Path=/FileUpload/GetFileList | IP=::1 | Start=2026-05-14 14:44:06.761 | Elapsed=4ms | Status=Completed
2026-05-14 14:44:07 | INF | ACTION_TRACE | Acc=admin | Path=/FileUpload/GetFileList | IP=::1 | Start=2026-05-14 14:44:03.407 | Elapsed=4589ms | Status=Completed
2026-05-14 14:44:07 | INF | NETWORK_UNSTABLE | Acc=admin | Path=/FileUpload/GetFileList | Reason=SlowRequest 4589ms
2026-05-14 14:44:08 | INF | ACTION_TRACE | Acc=admin | Path=/FileUpload/GetFileList | IP=::1 | Start=2026-05-14 14:44:08.000 | Elapsed=68ms | Status=Completed
2026-05-14 14:44:08 | INF | ACTION_TRACE | Acc=admin | Path=/FileUpload/GetFileList | IP=::1 | Start=2026-05-14 14:44:08.072 | Elapsed=3ms | Status=Completed
2026-05-14 14:47:11 | INF | ACTION_TRACE | Acc=admin | Path=/Home/Index | IP=::1 | Start=2026-05-14 14:47:11.770 | Elapsed=43ms | Status=Completed
2026-05-14 14:47:26 | INF | ACTION_TRACE | Acc=admin | Path=/Home/GetMenu | IP=::1 | Start=2026-05-14 14:47:26.774 | Elapsed=11ms | Status=Completed
2026-05-14 14:47:30 | INF | ACTION_TRACE | Acc=admin | Path=/Home/GetMenu | IP=::1 | Start=2026-05-14 14:47:30.664 | Elapsed=7ms | Status=Completed
2026-05-14 14:47:33 | INF | CONTROLLER_EXEC | Acc= admin | IP=::1 | Path=STA301008/STA301008Q | Message=GET /STA301008/STA301008Q
2026-05-14 14:47:33 | INF | ACTION_TRACE | Acc=admin | Path=/STA301008/STA301008Q | IP=::1 | Start=2026-05-14 14:47:33.175 | Elapsed=15ms | Status=Completed
2026-05-14 14:47:33 | INF | ACTION_TRACE | Acc=admin | Path=/FileUpload/GetFileList | IP=::1 | Start=2026-05-14 14:47:33.250 | Elapsed=2ms | Status=Completed
2026-05-14 14:47:33 | INF | ACTION_TRACE | Acc=admin | Path=/FileUpload/GetFileList | IP=::1 | Start=2026-05-14 14:47:33.251 | Elapsed=3ms | Status=Completed
2026-05-14 14:47:36 | INF | CONTROLLER_EXEC | Acc= admin | IP=::1 | Path=STA301009/STA301009Q | Message=GET /STA301009/STA301009Q
2026-05-14 14:47:36 | INF | ACTION_TRACE | Acc=admin | Path=/STA301009/STA301009Q | IP=::1 | Start=2026-05-14 14:47:36.329 | Elapsed=44ms | Status=Completed
2026-05-14 14:47:37 | INF | CONTROLLER_EXEC | Acc= admin | IP=::1 | Path=STA301008/STA301008Q | Message=GET /STA301008/STA301008Q
2026-05-14 14:47:37 | INF | ACTION_TRACE | Acc=admin | Path=/STA301008/STA301008Q | IP=::1 | Start=2026-05-14 14:47:37.382 | Elapsed=18ms | Status=Completed
2026-05-14 14:47:37 | INF | ACTION_TRACE | Acc=admin | Path=/FileUpload/GetFileList | IP=::1 | Start=2026-05-14 14:47:37.415 | Elapsed=1ms | Status=Completed
2026-05-14 14:47:37 | INF | ACTION_TRACE | Acc=admin | Path=/FileUpload/GetFileList | IP=::1 | Start=2026-05-14 14:47:37.414 | Elapsed=7ms | Status=Completed
2026-05-14 14:47:39 | INF | CONTROLLER_EXEC | Acc= admin | IP=::1 | Path=STA301008/STA301008Q | Message=GET /STA301008/STA301008Q
2026-05-14 14:47:39 | INF | ACTION_TRACE | Acc=admin | Path=/STA301008/STA301008Q | IP=::1 | Start=2026-05-14 14:47:39.337 | Elapsed=20ms | Status=Completed
2026-05-14 14:47:39 | INF | ACTION_TRACE | Acc=admin | Path=/FileUpload/GetFileList | IP=::1 | Start=2026-05-14 14:47:39.384 | Elapsed=2ms | Status=Completed
2026-05-14 14:47:39 | INF | ACTION_TRACE | Acc=admin | Path=/FileUpload/GetFileList | IP=::1 | Start=2026-05-14 14:47:39.384 | Elapsed=3ms | Status=Completed
2026-05-14 14:47:40 | INF | CONTROLLER_EXEC | Acc= admin | IP=::1 | Path=STA301008/STA301008Q | Message=GET /STA301008/STA301008Q
2026-05-14 14:47:40 | INF | ACTION_TRACE | Acc=admin | Path=/STA301008/STA301008Q | IP=::1 | Start=2026-05-14 14:47:40.109 | Elapsed=19ms | Status=Completed
2026-05-14 14:47:40 | INF | ACTION_TRACE | Acc=admin | Path=/FileUpload/GetFileList | IP=::1 | Start=2026-05-14 14:47:40.145 | Elapsed=2ms | Status=Completed
2026-05-14 14:47:40 | INF | ACTION_TRACE | Acc=admin | Path=/FileUpload/GetFileList | IP=::1 | Start=2026-05-14 14:47:40.145 | Elapsed=3ms | Status=Completed
2026-05-14 14:48:00 | INF | ACTION_TRACE | Acc=admin | Path=/Home/Index | IP=::1 | Start=2026-05-14 14:48:00.725 | Elapsed=11ms | Status=Completed
2026-05-14 14:48:07 | INF | ACTION_TRACE | Acc=admin | Path=/Home/Index | IP=::1 | Start=2026-05-14 14:48:07.035 | Elapsed=16ms | Status=Completed
2026-05-14 14:48:20 | INF | ACTION_TRACE | Acc=admin | Path=/Home/Index | IP=::1 | Start=2026-05-14 14:48:20.550 | Elapsed=15ms | Status=Completed
2026-05-14 14:48:53 | INF | ACTION_TRACE | Acc=admin | Path=/Home/Index | IP=::1 | Start=2026-05-14 14:48:53.484 | Elapsed=18ms | Status=Completed
2026-05-14 14:49:42 | INF | ACTION_TRACE | Acc=admin | Path=/Home/Index | IP=::1 | Start=2026-05-14 14:49:42.554 | Elapsed=66ms | Status=Completed
2026-05-14 14:54:14 | WRN | No store type was specified for the decimal property 'OveMoney' on entity type 'HROvertime'. This will cause values to be silently truncated if they do not fit in the default precision and scale. Explicitly specify the SQL server column type that can accommodate all the values in 'OnModelCreating' using 'HasColumnType', specify precision and scale using 'HasPrecision', or configure a value converter using 'HasConversion'.
2026-05-14 14:54:14 | WRN | No store type was specified for the decimal property 'Wag1D1Hour' on entity type 'HRWage'. This will cause values to be silently truncated if they do not fit in the default precision and scale. Explicitly specify the SQL server column type that can accommodate all the values in 'OnModelCreating' using 'HasColumnType', specify precision and scale using 'HasPrecision', or configure a value converter using 'HasConversion'.
2026-05-14 14:54:14 | WRN | No store type was specified for the decimal property 'Wag2D1Hour' on entity type 'HRWage'. This will cause values to be silently truncated if they do not fit in the default precision and scale. Explicitly specify the SQL server column type that can accommodate all the values in 'OnModelCreating' using 'HasColumnType', specify precision and scale using 'HasPrecision', or configure a value converter using 'HasConversion'.
2026-05-14 14:54:14 | WRN | No store type was specified for the decimal property 'Wag4D3Hour' on entity type 'HRWage'. This will cause values to be silently truncated if they do not fit in the default precision and scale. Explicitly specify the SQL server column type that can accommodate all the values in 'OnModelCreating' using 'HasColumnType', specify precision and scale using 'HasPrecision', or configure a value converter using 'HasConversion'.
2026-05-14 14:54:14 | WRN | No store type was specified for the decimal property 'Wag5D3Hour' on entity type 'HRWage'. This will cause values to be silently truncated if they do not fit in the default precision and scale. Explicitly specify the SQL server column type that can accommodate all the values in 'OnModelCreating' using 'HasColumnType', specify precision and scale using 'HasPrecision', or configure a value converter using 'HasConversion'.
2026-05-14 14:54:14 | WRN | No store type was specified for the decimal property 'Wag8D3Hour' on entity type 'HRWage'. This will cause values to be silently truncated if they do not fit in the default precision and scale. Explicitly specify the SQL server column type that can accommodate all the values in 'OnModelCreating' using 'HasColumnType', specify precision and scale using 'HasPrecision', or configure a value converter using 'HasConversion'.
2026-05-14 14:54:14 | WRN | No store type was specified for the decimal property 'WagApplyHour' on entity type 'HRWage'. This will cause values to be silently truncated if they do not fit in the default precision and scale. Explicitly specify the SQL server column type that can accommodate all the values in 'OnModelCreating' using 'HasColumnType', specify precision and scale using 'HasPrecision', or configure a value converter using 'HasConversion'.
2026-05-14 14:54:14 | WRN | No store type was specified for the decimal property 'WagIssueHour' on entity type 'HRWage'. This will cause values to be silently truncated if they do not fit in the default precision and scale. Explicitly specify the SQL server column type that can accommodate all the values in 'OnModelCreating' using 'HasColumnType', specify precision and scale using 'HasPrecision', or configure a value converter using 'HasConversion'.
2026-05-14 14:54:14 | WRN | No store type was specified for the decimal property 'WagSubtotal' on entity type 'HRWage'. This will cause values to be silently truncated if they do not fit in the default precision and scale. Explicitly specify the SQL server column type that can accommodate all the values in 'OnModelCreating' using 'HasColumnType', specify precision and scale using 'HasPrecision', or configure a value converter using 'HasConversion'.
2026-05-14 14:54:19 | WRN | The query uses the 'First'/'FirstOrDefault' operator without 'OrderBy' and filter operators. This may lead to unpredictable results.
2026-05-14 14:54:20 | INF | ACTION_TRACE | Acc=admin | Path=/ | IP=::1 | Start=2026-05-14 14:54:13.496 | Elapsed=7152ms | Status=Completed
2026-05-14 14:54:20 | INF | NETWORK_UNSTABLE | Acc=admin | Path=/ | Reason=SlowRequest 7152ms
2026-05-14 14:54:21 | INF | ACTION_TRACE | Acc=admin | Path=/Captcha/Generate | IP=::1 | Start=2026-05-14 14:54:20.847 | Elapsed=157ms | Status=Completed
2026-05-14 14:54:21 | INF | ACTION_TRACE | Acc=admin | Path=/DNTCaptchaImage/Show | IP=::1 | Start=2026-05-14 14:54:21.115 | Elapsed=104ms | Status=Completed
2026-05-14 14:54:36 | INF | ACTION_TRACE | Acc=admin | Path=/Account/Login | IP=::1 | Start=2026-05-14 14:54:28.793 | Elapsed=7366ms | Status=Completed
2026-05-14 14:54:36 | INF | NETWORK_UNSTABLE | Acc=admin | Path=/Account/Login | Reason=SlowRequest 7366ms
2026-05-14 14:54:36 | INF | ACTION_TRACE | Acc=admin | Path=/Home/Index | IP=::1 | Start=2026-05-14 14:54:36.174 | Elapsed=265ms | Status=Completed
2026-05-14 14:54:48 | INF | ACTION_TRACE | Acc=admin | Path=/Home/GetMenu | IP=::1 | Start=2026-05-14 14:54:48.732 | Elapsed=43ms | Status=Completed
2026-05-14 14:54:52 | INF | CONTROLLER_EXEC | Acc= admin | IP=::1 | Path=SYS202100/SYS202100 | Message=GET /SYS202100/SYS202100
2026-05-14 14:54:52 | INF | ACTION_TRACE | Acc=admin | Path=/SYS202100/SYS202100 | IP=::1 | Start=2026-05-14 14:54:52.006 | Elapsed=111ms | Status=Completed
2026-05-14 14:54:52 | INF | CONTROLLER_EXEC | Acc= admin | IP=::1 | Path=SYS202100/GetList | Message=POST /SYS202100/GetList
2026-05-14 14:54:52 | INF | ACTION_TRACE | Acc=admin | Path=/SYS202100/GetList | IP=::1 | Start=2026-05-14 14:54:52.180 | Elapsed=88ms | Status=Completed
2026-05-14 14:54:52 | INF | CONTROLLER_EXEC | Acc= admin | IP=::1 | Path=SYS202100/GetList | Message=POST /SYS202100/GetList
2026-05-14 14:54:52 | INF | ACTION_TRACE | Acc=admin | Path=/SYS202100/GetList | IP=::1 | Start=2026-05-14 14:54:52.313 | Elapsed=8ms | Status=Completed
2026-05-14 14:54:53 | INF | CONTROLLER_EXEC | Acc= admin | IP=::1 | Path=SYS202100/GetList | Message=POST /SYS202100/GetList
2026-05-14 14:54:53 | INF | ACTION_TRACE | Acc=admin | Path=/SYS202100/GetList | IP=::1 | Start=2026-05-14 14:54:53.082 | Elapsed=11ms | Status=Completed
2026-05-14 14:55:01 | INF | CONTROLLER_EXEC | Acc= admin | IP=::1 | Path=SYS202100/GetList | Message=POST /SYS202100/GetList
2026-05-14 14:55:01 | INF | ACTION_TRACE | Acc=admin | Path=/SYS202100/GetList | IP=::1 | Start=2026-05-14 14:55:01.139 | Elapsed=11ms | Status=Completed
2026-05-14 14:58:43 | WRN | No store type was specified for the decimal property 'OveMoney' on entity type 'HROvertime'. This will cause values to be silently truncated if they do not fit in the default precision and scale. Explicitly specify the SQL server column type that can accommodate all the values in 'OnModelCreating' using 'HasColumnType', specify precision and scale using 'HasPrecision', or configure a value converter using 'HasConversion'.
2026-05-14 14:58:43 | WRN | No store type was specified for the decimal property 'Wag1D1Hour' on entity type 'HRWage'. This will cause values to be silently truncated if they do not fit in the default precision and scale. Explicitly specify the SQL server column type that can accommodate all the values in 'OnModelCreating' using 'HasColumnType', specify precision and scale using 'HasPrecision', or configure a value converter using 'HasConversion'.
2026-05-14 14:58:43 | WRN | No store type was specified for the decimal property 'Wag2D1Hour' on entity type 'HRWage'. This will cause values to be silently truncated if they do not fit in the default precision and scale. Explicitly specify the SQL server column type that can accommodate all the values in 'OnModelCreating' using 'HasColumnType', specify precision and scale using 'HasPrecision', or configure a value converter using 'HasConversion'.
2026-05-14 14:58:43 | WRN | No store type was specified for the decimal property 'Wag4D3Hour' on entity type 'HRWage'. This will cause values to be silently truncated if they do not fit in the default precision and scale. Explicitly specify the SQL server column type that can accommodate all the values in 'OnModelCreating' using 'HasColumnType', specify precision and scale using 'HasPrecision', or configure a value converter using 'HasConversion'.
2026-05-14 14:58:43 | WRN | No store type was specified for the decimal property 'Wag5D3Hour' on entity type 'HRWage'. This will cause values to be silently truncated if they do not fit in the default precision and scale. Explicitly specify the SQL server column type that can accommodate all the values in 'OnModelCreating' using 'HasColumnType', specify precision and scale using 'HasPrecision', or configure a value converter using 'HasConversion'.
2026-05-14 14:58:43 | WRN | No store type was specified for the decimal property 'Wag8D3Hour' on entity type 'HRWage'. This will cause values to be silently truncated if they do not fit in the default precision and scale. Explicitly specify the SQL server column type that can accommodate all the values in 'OnModelCreating' using 'HasColumnType', specify precision and scale using 'HasPrecision', or configure a value converter using 'HasConversion'.
2026-05-14 14:58:43 | WRN | No store type was specified for the decimal property 'WagApplyHour' on entity type 'HRWage'. This will cause values to be silently truncated if they do not fit in the default precision and scale. Explicitly specify the SQL server column type that can accommodate all the values in 'OnModelCreating' using 'HasColumnType', specify precision and scale using 'HasPrecision', or configure a value converter using 'HasConversion'.
2026-05-14 14:58:43 | WRN | No store type was specified for the decimal property 'WagIssueHour' on entity type 'HRWage'. This will cause values to be silently truncated if they do not fit in the default precision and scale. Explicitly specify the SQL server column type that can accommodate all the values in 'OnModelCreating' using 'HasColumnType', specify precision and scale using 'HasPrecision', or configure a value converter using 'HasConversion'.
2026-05-14 14:58:43 | WRN | No store type was specified for the decimal property 'WagSubtotal' on entity type 'HRWage'. This will cause values to be silently truncated if they do not fit in the default precision and scale. Explicitly specify the SQL server column type that can accommodate all the values in 'OnModelCreating' using 'HasColumnType', specify precision and scale using 'HasPrecision', or configure a value converter using 'HasConversion'.
2026-05-14 14:58:48 | WRN | The query uses the 'First'/'FirstOrDefault' operator without 'OrderBy' and filter operators. This may lead to unpredictable results.
2026-05-14 14:58:49 | INF | ACTION_TRACE | Acc=admin | Path=/ | IP=::1 | Start=2026-05-14 14:58:42.468 | Elapsed=7168ms | Status=Completed
2026-05-14 14:58:49 | INF | NETWORK_UNSTABLE | Acc=admin | Path=/ | Reason=SlowRequest 7168ms
2026-05-14 14:58:49 | INF | ACTION_TRACE | Acc=admin | Path=/Captcha/Generate | IP=::1 | Start=2026-05-14 14:58:49.826 | Elapsed=33ms | Status=Completed
2026-05-14 14:58:49 | INF | ACTION_TRACE | Acc=admin | Path=/DNTCaptchaImage/Show | IP=::1 | Start=2026-05-14 14:58:49.882 | Elapsed=117ms | Status=Completed
2026-05-14 14:59:04 | INF | ACTION_TRACE | Acc=admin | Path=/Account/Login | IP=::1 | Start=2026-05-14 14:58:56.546 | Elapsed=7602ms | Status=Completed
2026-05-14 14:59:04 | INF | NETWORK_UNSTABLE | Acc=admin | Path=/Account/Login | Reason=SlowRequest 7602ms
2026-05-14 14:59:04 | INF | ACTION_TRACE | Acc=admin | Path=/Home/Index | IP=::1 | Start=2026-05-14 14:59:04.161 | Elapsed=277ms | Status=Completed
2026-05-14 14:59:07 | INF | ACTION_TRACE | Acc=admin | Path=/Home/GetMenu | IP=::1 | Start=2026-05-14 14:59:07.354 | Elapsed=59ms | Status=Completed
2026-05-14 14:59:10 | INF | CONTROLLER_EXEC | Acc= admin | IP=::1 | Path=SYS202100/SYS202100 | Message=GET /SYS202100/SYS202100
2026-05-14 14:59:10 | INF | ACTION_TRACE | Acc=admin | Path=/SYS202100/SYS202100 | IP=::1 | Start=2026-05-14 14:59:10.815 | Elapsed=102ms | Status=Completed
2026-05-14 14:59:11 | INF | CONTROLLER_EXEC | Acc= admin | IP=::1 | Path=SYS202100/GetList | Message=POST /SYS202100/GetList
2026-05-14 14:59:11 | INF | ACTION_TRACE | Acc=admin | Path=/SYS202100/GetList | IP=::1 | Start=2026-05-14 14:59:10.977 | Elapsed=90ms | Status=Completed
2026-05-14 14:59:11 | INF | CONTROLLER_EXEC | Acc= admin | IP=::1 | Path=SYS202100/GetList | Message=POST /SYS202100/GetList
2026-05-14 14:59:11 | INF | ACTION_TRACE | Acc=admin | Path=/SYS202100/GetList | IP=::1 | Start=2026-05-14 14:59:11.110 | Elapsed=13ms | Status=Completed
2026-05-14 14:59:12 | INF | CONTROLLER_EXEC | Acc= admin | IP=::1 | Path=SYS202100/GetList | Message=POST /SYS202100/GetList
2026-05-14 14:59:12 | INF | ACTION_TRACE | Acc=admin | Path=/SYS202100/GetList | IP=::1 | Start=2026-05-14 14:59:12.719 | Elapsed=10ms | Status=Completed
2026-05-14 14:59:20 | INF | CONTROLLER_EXEC | Acc= admin | IP=::1 | Path=SYS202100/GetList | Message=POST /SYS202100/GetList
2026-05-14 14:59:20 | INF | ACTION_TRACE | Acc=admin | Path=/SYS202100/GetList | IP=::1 | Start=2026-05-14 14:59:20.045 | Elapsed=7ms | Status=Completed
2026-05-14 15:05:00 | WRN | No store type was specified for the decimal property 'OveMoney' on entity type 'HROvertime'. This will cause values to be silently truncated if they do not fit in the default precision and scale. Explicitly specify the SQL server column type that can accommodate all the values in 'OnModelCreating' using 'HasColumnType', specify precision and scale using 'HasPrecision', or configure a value converter using 'HasConversion'.
2026-05-14 15:05:00 | WRN | No store type was specified for the decimal property 'Wag1D1Hour' on entity type 'HRWage'. This will cause values to be silently truncated if they do not fit in the default precision and scale. Explicitly specify the SQL server column type that can accommodate all the values in 'OnModelCreating' using 'HasColumnType', specify precision and scale using 'HasPrecision', or configure a value converter using 'HasConversion'.
2026-05-14 15:05:00 | WRN | No store type was specified for the decimal property 'Wag2D1Hour' on entity type 'HRWage'. This will cause values to be silently truncated if they do not fit in the default precision and scale. Explicitly specify the SQL server column type that can accommodate all the values in 'OnModelCreating' using 'HasColumnType', specify precision and scale using 'HasPrecision', or configure a value converter using 'HasConversion'.
2026-05-14 15:05:00 | WRN | No store type was specified for the decimal property 'Wag4D3Hour' on entity type 'HRWage'. This will cause values to be silently truncated if they do not fit in the default precision and scale. Explicitly specify the SQL server column type that can accommodate all the values in 'OnModelCreating' using 'HasColumnType', specify precision and scale using 'HasPrecision', or configure a value converter using 'HasConversion'.
2026-05-14 15:05:00 | WRN | No store type was specified for the decimal property 'Wag5D3Hour' on entity type 'HRWage'. This will cause values to be silently truncated if they do not fit in the default precision and scale. Explicitly specify the SQL server column type that can accommodate all the values in 'OnModelCreating' using 'HasColumnType', specify precision and scale using 'HasPrecision', or configure a value converter using 'HasConversion'.
2026-05-14 15:05:00 | WRN | No store type was specified for the decimal property 'Wag8D3Hour' on entity type 'HRWage'. This will cause values to be silently truncated if they do not fit in the default precision and scale. Explicitly specify the SQL server column type that can accommodate all the values in 'OnModelCreating' using 'HasColumnType', specify precision and scale using 'HasPrecision', or configure a value converter using 'HasConversion'.
2026-05-14 15:05:00 | WRN | No store type was specified for the decimal property 'WagApplyHour' on entity type 'HRWage'. This will cause values to be silently truncated if they do not fit in the default precision and scale. Explicitly specify the SQL server column type that can accommodate all the values in 'OnModelCreating' using 'HasColumnType', specify precision and scale using 'HasPrecision', or configure a value converter using 'HasConversion'.
2026-05-14 15:05:00 | WRN | No store type was specified for the decimal property 'WagIssueHour' on entity type 'HRWage'. This will cause values to be silently truncated if they do not fit in the default precision and scale. Explicitly specify the SQL server column type that can accommodate all the values in 'OnModelCreating' using 'HasColumnType', specify precision and scale using 'HasPrecision', or configure a value converter using 'HasConversion'.
2026-05-14 15:05:00 | WRN | No store type was specified for the decimal property 'WagSubtotal' on entity type 'HRWage'. This will cause values to be silently truncated if they do not fit in the default precision and scale. Explicitly specify the SQL server column type that can accommodate all the values in 'OnModelCreating' using 'HasColumnType', specify precision and scale using 'HasPrecision', or configure a value converter using 'HasConversion'.
2026-05-14 15:05:05 | WRN | The query uses the 'First'/'FirstOrDefault' operator without 'OrderBy' and filter operators. This may lead to unpredictable results.
2026-05-14 15:05:06 | INF | ACTION_TRACE | Acc=admin | Path=/ | IP=::1 | Start=2026-05-14 15:04:59.517 | Elapsed=7146ms | Status=Completed
2026-05-14 15:05:06 | INF | NETWORK_UNSTABLE | Acc=admin | Path=/ | Reason=SlowRequest 7146ms
2026-05-14 15:05:06 | INF | ACTION_TRACE | Acc=admin | Path=/Captcha/Generate | IP=::1 | Start=2026-05-14 15:05:06.880 | Elapsed=37ms | Status=Completed
2026-05-14 15:05:07 | INF | ACTION_TRACE | Acc=admin | Path=/DNTCaptchaImage/Show | IP=::1 | Start=2026-05-14 15:05:06.954 | Elapsed=144ms | Status=Completed
2026-05-14 15:05:19 | INF | ACTION_TRACE | Acc=admin | Path=/Account/Login | IP=::1 | Start=2026-05-14 15:05:11.108 | Elapsed=7907ms | Status=Completed
2026-05-14 15:05:19 | INF | NETWORK_UNSTABLE | Acc=admin | Path=/Account/Login | Reason=SlowRequest 7907ms
2026-05-14 15:05:19 | INF | ACTION_TRACE | Acc=admin | Path=/Home/Index | IP=::1 | Start=2026-05-14 15:05:19.031 | Elapsed=268ms | Status=Completed
2026-05-14 15:05:22 | INF | ACTION_TRACE | Acc=admin | Path=/Home/GetMenu | IP=::1 | Start=2026-05-14 15:05:22.219 | Elapsed=47ms | Status=Completed
2026-05-14 15:05:25 | INF | CONTROLLER_EXEC | Acc= admin | IP=::1 | Path=SYS202100/SYS202100 | Message=GET /SYS202100/SYS202100
2026-05-14 15:05:25 | INF | ACTION_TRACE | Acc=admin | Path=/SYS202100/SYS202100 | IP=::1 | Start=2026-05-14 15:05:25.447 | Elapsed=168ms | Status=Completed
2026-05-14 15:05:25 | INF | CONTROLLER_EXEC | Acc= admin | IP=::1 | Path=SYS202100/GetList | Message=POST /SYS202100/GetList
2026-05-14 15:05:25 | INF | ACTION_TRACE | Acc=admin | Path=/SYS202100/GetList | IP=::1 | Start=2026-05-14 15:05:25.654 | Elapsed=92ms | Status=Completed
2026-05-14 15:05:25 | INF | CONTROLLER_EXEC | Acc= admin | IP=::1 | Path=SYS202100/GetList | Message=POST /SYS202100/GetList
2026-05-14 15:05:25 | INF | ACTION_TRACE | Acc=admin | Path=/SYS202100/GetList | IP=::1 | Start=2026-05-14 15:05:25.784 | Elapsed=9ms | Status=Completed
2026-05-14 15:05:29 | INF | CONTROLLER_EXEC | Acc= admin | IP=::1 | Path=SYS202100/GetList | Message=POST /SYS202100/GetList
2026-05-14 15:05:29 | INF | ACTION_TRACE | Acc=admin | Path=/SYS202100/GetList | IP=::1 | Start=2026-05-14 15:05:29.156 | Elapsed=9ms | Status=Completed
2026-05-14 15:05:33 | INF | CONTROLLER_EXEC | Acc= admin | IP=::1 | Path=SYS202100/GetList | Message=POST /SYS202100/GetList
2026-05-14 15:05:33 | INF | ACTION_TRACE | Acc=admin | Path=/SYS202100/GetList | IP=::1 | Start=2026-05-14 15:05:33.470 | Elapsed=8ms | Status=Completed
2026-05-14 15:05:33 | INF | ACTION_TRACE | Acc=admin | Path=/.well-known/appspecific/com.chrome.devtools.json | IP=::1 | Start=2026-05-14 15:05:33.651 | Elapsed=0ms | Status=Completed
2026-05-14 15:05:33 | INF | ACTION_TRACE | Acc=admin | Path=/lib/html-to-image/html-to-image.js.map | IP=::1 | Start=2026-05-14 15:05:33.726 | Elapsed=0ms | Status=Completed
2026-05-14 15:05:34 | INF | ACTION_TRACE | Acc=admin | Path=/Home/Index | IP=::1 | Start=2026-05-14 15:05:34.448 | Elapsed=25ms | Status=Completed
2026-05-14 15:05:34 | INF | ACTION_TRACE | Acc=admin | Path=/.well-known/appspecific/com.chrome.devtools.json | IP=::1 | Start=2026-05-14 15:05:34.586 | Elapsed=0ms | Status=Completed
2026-05-14 15:05:34 | INF | ACTION_TRACE | Acc=admin | Path=/lib/html-to-image/html-to-image.js.map | IP=::1 | Start=2026-05-14 15:05:34.696 | Elapsed=0ms | Status=Completed
2026-05-14 15:05:36 | INF | ACTION_TRACE | Acc=admin | Path=/Home/GetMenu | IP=::1 | Start=2026-05-14 15:05:36.093 | Elapsed=8ms | Status=Completed
2026-05-14 15:05:39 | INF | CONTROLLER_EXEC | Acc= admin | IP=::1 | Path=SYS202100/SYS202100 | Message=GET /SYS202100/SYS202100
2026-05-14 15:05:39 | INF | ACTION_TRACE | Acc=admin | Path=/SYS202100/SYS202100 | IP=::1 | Start=2026-05-14 15:05:39.095 | Elapsed=14ms | Status=Completed
2026-05-14 15:05:39 | INF | CONTROLLER_EXEC | Acc= admin | IP=::1 | Path=SYS202100/GetList | Message=POST /SYS202100/GetList
2026-05-14 15:05:39 | INF | ACTION_TRACE | Acc=admin | Path=/SYS202100/GetList | IP=::1 | Start=2026-05-14 15:05:39.235 | Elapsed=7ms | Status=Completed
2026-05-14 15:05:39 | INF | CONTROLLER_EXEC | Acc= admin | IP=::1 | Path=SYS202100/GetList | Message=POST /SYS202100/GetList
2026-05-14 15:05:39 | INF | ACTION_TRACE | Acc=admin | Path=/SYS202100/GetList | IP=::1 | Start=2026-05-14 15:05:39.278 | Elapsed=5ms | Status=Completed
2026-05-14 15:05:43 | INF | CONTROLLER_EXEC | Acc= admin | IP=::1 | Path=SYS202100/GetList | Message=POST /SYS202100/GetList
2026-05-14 15:05:43 | INF | ACTION_TRACE | Acc=admin | Path=/SYS202100/GetList | IP=::1 | Start=2026-05-14 15:05:43.868 | Elapsed=76ms | Status=Completed
2026-05-14 15:05:45 | INF | CONTROLLER_EXEC | Acc= admin | IP=::1 | Path=SYS202100/GetList | Message=POST /SYS202100/GetList
2026-05-14 15:05:45 | INF | ACTION_TRACE | Acc=admin | Path=/SYS202100/GetList | IP=::1 | Start=2026-05-14 15:05:45.333 | Elapsed=33ms | Status=Completed
2026-05-14 15:05:46 | INF | CONTROLLER_EXEC | Acc= admin | IP=::1 | Path=SYS202100/GetList | Message=POST /SYS202100/GetList
2026-05-14 15:05:46 | INF | ACTION_TRACE | Acc=admin | Path=/SYS202100/GetList | IP=::1 | Start=2026-05-14 15:05:46.608 | Elapsed=6ms | Status=Completed
2026-05-14 15:05:47 | INF | CONTROLLER_EXEC | Acc= admin | IP=::1 | Path=SYS202100/GetList | Message=POST /SYS202100/GetList
2026-05-14 15:05:47 | INF | ACTION_TRACE | Acc=admin | Path=/SYS202100/GetList | IP=::1 | Start=2026-05-14 15:05:47.520 | Elapsed=11ms | Status=Completed
2026-05-14 15:05:47 | INF | ACTION_TRACE | Acc=admin | Path=/.well-known/appspecific/com.chrome.devtools.json | IP=::1 | Start=2026-05-14 15:05:47.714 | Elapsed=0ms | Status=Completed
2026-05-14 15:05:47 | INF | ACTION_TRACE | Acc=admin | Path=/lib/html-to-image/html-to-image.js.map | IP=::1 | Start=2026-05-14 15:05:47.742 | Elapsed=0ms | Status=Completed
2026-05-14 15:06:58 | INF | ACTION_TRACE | Acc=admin | Path=/Home/Index | IP=::1 | Start=2026-05-14 15:06:58.226 | Elapsed=56ms | Status=Completed
2026-05-14 15:06:58 | INF | ACTION_TRACE | Acc=admin | Path=/.well-known/appspecific/com.chrome.devtools.json | IP=::1 | Start=2026-05-14 15:06:58.347 | Elapsed=0ms | Status=Completed
2026-05-14 15:06:58 | INF | ACTION_TRACE | Acc=admin | Path=/lib/html-to-image/html-to-image.js.map | IP=::1 | Start=2026-05-14 15:06:58.632 | Elapsed=0ms | Status=Completed
2026-05-14 15:07:00 | INF | ACTION_TRACE | Acc=admin | Path=/Home/GetMenu | IP=::1 | Start=2026-05-14 15:07:00.241 | Elapsed=8ms | Status=Completed
2026-05-14 15:07:02 | INF | CONTROLLER_EXEC | Acc= admin | IP=::1 | Path=SYS201002/SYS201002 | Message=GET /SYS201002/SYS201002
2026-05-14 15:07:02 | INF | ACTION_TRACE | Acc=admin | Path=/SYS201002/SYS201002 | IP=::1 | Start=2026-05-14 15:07:02.343 | Elapsed=77ms | Status=Completed
2026-05-14 15:07:02 | INF | ACTION_TRACE | Acc=admin | Path=/sm/6cf3a2be173716d0e4726c68ef6634f00cefa4e7428560c2debae6f24389d3c1.map | IP=::1 | Start=2026-05-14 15:07:02.502 | Elapsed=0ms | Status=Completed
2026-05-14 15:07:02 | INF | CONTROLLER_EXEC | Acc= admin | IP=::1 | Path=SYS201002/GetAllRoleList | Message=POST /SYS201002/GetAllRoleList
2026-05-14 15:07:02 | INF | ACTION_TRACE | Acc=admin | Path=/SYS201002/GetAllRoleList | IP=::1 | Start=2026-05-14 15:07:02.621 | Elapsed=83ms | Status=Completed
2026-05-14 15:07:06 | INF | CONTROLLER_EXEC | Acc= admin | IP=::1 | Path=SYS202100/SYS202100 | Message=GET /SYS202100/SYS202100
2026-05-14 15:07:06 | INF | ACTION_TRACE | Acc=admin | Path=/SYS202100/SYS202100 | IP=::1 | Start=2026-05-14 15:07:06.485 | Elapsed=39ms | Status=Completed
2026-05-14 15:07:06 | INF | CONTROLLER_EXEC | Acc= admin | IP=::1 | Path=SYS202100/GetList | Message=POST /SYS202100/GetList
2026-05-14 15:07:06 | INF | ACTION_TRACE | Acc=admin | Path=/SYS202100/GetList | IP=::1 | Start=2026-05-14 15:07:06.636 | Elapsed=22ms | Status=Completed
2026-05-14 15:07:06 | INF | CONTROLLER_EXEC | Acc= admin | IP=::1 | Path=SYS202100/GetList | Message=POST /SYS202100/GetList
2026-05-14 15:07:06 | INF | ACTION_TRACE | Acc=admin | Path=/SYS202100/GetList | IP=::1 | Start=2026-05-14 15:07:06.696 | Elapsed=6ms | Status=Completed
2026-05-14 15:08:10 | INF | ACTION_TRACE | Acc=admin | Path=/Home/Index | IP=::1 | Start=2026-05-14 15:08:10.023 | Elapsed=58ms | Status=Completed
2026-05-14 15:08:10 | INF | ACTION_TRACE | Acc=admin | Path=/.well-known/appspecific/com.chrome.devtools.json | IP=::1 | Start=2026-05-14 15:08:10.168 | Elapsed=0ms | Status=Completed
2026-05-14 15:08:10 | INF | ACTION_TRACE | Acc=admin | Path=/lib/html-to-image/html-to-image.js.map | IP=::1 | Start=2026-05-14 15:08:10.482 | Elapsed=0ms | Status=Completed
2026-05-14 15:31:02 | WRN | No store type was specified for the decimal property 'OveMoney' on entity type 'HROvertime'. This will cause values to be silently truncated if they do not fit in the default precision and scale. Explicitly specify the SQL server column type that can accommodate all the values in 'OnModelCreating' using 'HasColumnType', specify precision and scale using 'HasPrecision', or configure a value converter using 'HasConversion'.
2026-05-14 15:31:02 | WRN | No store type was specified for the decimal property 'Wag1D1Hour' on entity type 'HRWage'. This will cause values to be silently truncated if they do not fit in the default precision and scale. Explicitly specify the SQL server column type that can accommodate all the values in 'OnModelCreating' using 'HasColumnType', specify precision and scale using 'HasPrecision', or configure a value converter using 'HasConversion'.
2026-05-14 15:31:02 | WRN | No store type was specified for the decimal property 'Wag2D1Hour' on entity type 'HRWage'. This will cause values to be silently truncated if they do not fit in the default precision and scale. Explicitly specify the SQL server column type that can accommodate all the values in 'OnModelCreating' using 'HasColumnType', specify precision and scale using 'HasPrecision', or configure a value converter using 'HasConversion'.
2026-05-14 15:31:02 | WRN | No store type was specified for the decimal property 'Wag4D3Hour' on entity type 'HRWage'. This will cause values to be silently truncated if they do not fit in the default precision and scale. Explicitly specify the SQL server column type that can accommodate all the values in 'OnModelCreating' using 'HasColumnType', specify precision and scale using 'HasPrecision', or configure a value converter using 'HasConversion'.
2026-05-14 15:31:02 | WRN | No store type was specified for the decimal property 'Wag5D3Hour' on entity type 'HRWage'. This will cause values to be silently truncated if they do not fit in the default precision and scale. Explicitly specify the SQL server column type that can accommodate all the values in 'OnModelCreating' using 'HasColumnType', specify precision and scale using 'HasPrecision', or configure a value converter using 'HasConversion'.
2026-05-14 15:31:02 | WRN | No store type was specified for the decimal property 'Wag8D3Hour' on entity type 'HRWage'. This will cause values to be silently truncated if they do not fit in the default precision and scale. Explicitly specify the SQL server column type that can accommodate all the values in 'OnModelCreating' using 'HasColumnType', specify precision and scale using 'HasPrecision', or configure a value converter using 'HasConversion'.
2026-05-14 15:31:02 | WRN | No store type was specified for the decimal property 'WagApplyHour' on entity type 'HRWage'. This will cause values to be silently truncated if they do not fit in the default precision and scale. Explicitly specify the SQL server column type that can accommodate all the values in 'OnModelCreating' using 'HasColumnType', specify precision and scale using 'HasPrecision', or configure a value converter using 'HasConversion'.
2026-05-14 15:31:02 | WRN | No store type was specified for the decimal property 'WagIssueHour' on entity type 'HRWage'. This will cause values to be silently truncated if they do not fit in the default precision and scale. Explicitly specify the SQL server column type that can accommodate all the values in 'OnModelCreating' using 'HasColumnType', specify precision and scale using 'HasPrecision', or configure a value converter using 'HasConversion'.
2026-05-14 15:31:02 | WRN | No store type was specified for the decimal property 'WagSubtotal' on entity type 'HRWage'. This will cause values to be silently truncated if they do not fit in the default precision and scale. Explicitly specify the SQL server column type that can accommodate all the values in 'OnModelCreating' using 'HasColumnType', specify precision and scale using 'HasPrecision', or configure a value converter using 'HasConversion'.
2026-05-14 15:31:07 | WRN | The query uses the 'First'/'FirstOrDefault' operator without 'OrderBy' and filter operators. This may lead to unpredictable results.
2026-05-14 15:31:08 | INF | ACTION_TRACE | Acc=admin | Path=/ | IP=::1 | Start=2026-05-14 15:31:01.192 | Elapsed=7163ms | Status=Completed
2026-05-14 15:31:08 | INF | NETWORK_UNSTABLE | Acc=admin | Path=/ | Reason=SlowRequest 7163ms
2026-05-14 15:31:08 | INF | ACTION_TRACE | Acc=admin | Path=/Captcha/Generate | IP=::1 | Start=2026-05-14 15:31:08.685 | Elapsed=48ms | Status=Completed
2026-05-14 15:31:09 | INF | ACTION_TRACE | Acc=admin | Path=/DNTCaptchaImage/Show | IP=::1 | Start=2026-05-14 15:31:08.926 | Elapsed=123ms | Status=Completed
2026-05-14 15:31:24 | INF | ACTION_TRACE | Acc=admin | Path=/Account/Login | IP=::1 | Start=2026-05-14 15:31:12.753 | Elapsed=11301ms | Status=Completed
2026-05-14 15:31:24 | INF | NETWORK_UNSTABLE | Acc=admin | Path=/Account/Login | Reason=SlowRequest 11301ms
2026-05-14 15:31:24 | INF | ACTION_TRACE | Acc=admin | Path=/Home/Index | IP=::1 | Start=2026-05-14 15:31:24.067 | Elapsed=253ms | Status=Completed
2026-05-14 15:31:32 | INF | ACTION_TRACE | Acc=admin | Path=/Home/GetMenu | IP=::1 | Start=2026-05-14 15:31:32.088 | Elapsed=15ms | Status=Completed
2026-05-14 15:31:35 | INF | CONTROLLER_EXEC | Acc= admin | IP=::1 | Path=SYS202100/SYS202100 | Message=GET /SYS202100/SYS202100
2026-05-14 15:31:35 | INF | ACTION_TRACE | Acc=admin | Path=/SYS202100/SYS202100 | IP=::1 | Start=2026-05-14 15:31:34.894 | Elapsed=203ms | Status=Completed
2026-05-14 15:31:35 | INF | CONTROLLER_EXEC | Acc= admin | IP=::1 | Path=SYS202100/GetList | Message=POST /SYS202100/GetList
2026-05-14 15:31:35 | INF | ACTION_TRACE | Acc=admin | Path=/SYS202100/GetList | IP=::1 | Start=2026-05-14 15:31:35.180 | Elapsed=113ms | Status=Completed
2026-05-14 15:31:35 | INF | CONTROLLER_EXEC | Acc= admin | IP=::1 | Path=SYS202100/GetList | Message=POST /SYS202100/GetList
2026-05-14 15:31:35 | INF | ACTION_TRACE | Acc=admin | Path=/SYS202100/GetList | IP=::1 | Start=2026-05-14 15:31:35.347 | Elapsed=10ms | Status=Completed
2026-05-14 15:32:02 | INF | CONTROLLER_EXEC | Acc= admin | IP=::1 | Path=SYS202100/GetList | Message=POST /SYS202100/GetList
2026-05-14 15:32:02 | INF | ACTION_TRACE | Acc=admin | Path=/SYS202100/GetList | IP=::1 | Start=2026-05-14 15:32:02.104 | Elapsed=13ms | Status=Completed
2026-05-14 15:32:06 | INF | CONTROLLER_EXEC | Acc= admin | IP=::1 | Path=SYS202100/GetList | Message=POST /SYS202100/GetList
2026-05-14 15:32:06 | INF | ACTION_TRACE | Acc=admin | Path=/SYS202100/GetList | IP=::1 | Start=2026-05-14 15:32:02.109 | Elapsed=4580ms | Status=Completed
2026-05-14 15:32:06 | INF | NETWORK_UNSTABLE | Acc=admin | Path=/SYS202100/GetList | Reason=SlowRequest 4580ms
2026-05-14 15:32:35 | INF | ACTION_TRACE | Acc=admin | Path=/Home/Index | IP=::1 | Start=2026-05-14 15:32:35.229 | Elapsed=85ms | Status=Completed
2026-05-14 15:32:39 | INF | ACTION_TRACE | Acc=admin | Path=/Home/Index | IP=::1 | Start=2026-05-14 15:32:39.269 | Elapsed=92ms | Status=Completed
2026-05-14 15:32:43 | INF | ACTION_TRACE | Acc=admin | Path=/Home/GetMenu | IP=::1 | Start=2026-05-14 15:32:43.916 | Elapsed=49ms | Status=Completed
2026-05-14 15:32:46 | INF | CONTROLLER_EXEC | Acc= admin | IP=::1 | Path=SYS202100/SYS202100 | Message=GET /SYS202100/SYS202100
2026-05-14 15:32:46 | INF | ACTION_TRACE | Acc=admin | Path=/SYS202100/SYS202100 | IP=::1 | Start=2026-05-14 15:32:46.059 | Elapsed=71ms | Status=Completed
2026-05-14 15:32:46 | INF | CONTROLLER_EXEC | Acc= admin | IP=::1 | Path=SYS202100/GetList | Message=POST /SYS202100/GetList
2026-05-14 15:32:46 | INF | ACTION_TRACE | Acc=admin | Path=/SYS202100/GetList | IP=::1 | Start=2026-05-14 15:32:46.186 | Elapsed=23ms | Status=Completed
2026-05-14 15:32:46 | INF | CONTROLLER_EXEC | Acc= admin | IP=::1 | Path=SYS202100/GetList | Message=POST /SYS202100/GetList
2026-05-14 15:32:46 | INF | ACTION_TRACE | Acc=admin | Path=/SYS202100/GetList | IP=::1 | Start=2026-05-14 15:32:46.235 | Elapsed=8ms | Status=Completed
2026-05-14 15:33:29 | INF | CONTROLLER_EXEC | Acc= admin | IP=::1 | Path=SYS202100/GetList | Message=POST /SYS202100/GetList
2026-05-14 15:33:29 | INF | ACTION_TRACE | Acc=admin | Path=/SYS202100/GetList | IP=::1 | Start=2026-05-14 15:33:29.383 | Elapsed=8ms | Status=Completed
2026-05-14 15:33:29 | INF | CONTROLLER_EXEC | Acc= admin | IP=::1 | Path=SYS202100/GetList | Message=POST /SYS202100/GetList
2026-05-14 15:33:29 | INF | ACTION_TRACE | Acc=admin | Path=/SYS202100/GetList | IP=::1 | Start=2026-05-14 15:33:29.388 | Elapsed=9ms | Status=Completed
2026-05-14 15:33:34 | INF | CONTROLLER_EXEC | Acc= admin | IP=::1 | Path=SYS202100/GetList | Message=POST /SYS202100/GetList
2026-05-14 15:33:34 | INF | ACTION_TRACE | Acc=admin | Path=/SYS202100/GetList | IP=::1 | Start=2026-05-14 15:33:34.586 | Elapsed=14ms | Status=Completed
2026-05-14 15:33:35 | INF | CONTROLLER_EXEC | Acc= admin | IP=::1 | Path=SYS202100/GetList | Message=POST /SYS202100/GetList
2026-05-14 15:33:35 | INF | ACTION_TRACE | Acc=admin | Path=/SYS202100/GetList | IP=::1 | Start=2026-05-14 15:33:35.444 | Elapsed=5ms | Status=Completed
2026-05-14 15:33:37 | INF | CONTROLLER_EXEC | Acc= admin | IP=::1 | Path=SYS202100/GetList | Message=POST /SYS202100/GetList
2026-05-14 15:33:37 | INF | ACTION_TRACE | Acc=admin | Path=/SYS202100/GetList | IP=::1 | Start=2026-05-14 15:33:37.285 | Elapsed=5ms | Status=Completed
2026-05-14 15:33:39 | INF | CONTROLLER_EXEC | Acc= admin | IP=::1 | Path=SYS202100/GetList | Message=POST /SYS202100/GetList
2026-05-14 15:33:39 | INF | ACTION_TRACE | Acc=admin | Path=/SYS202100/GetList | IP=::1 | Start=2026-05-14 15:33:39.044 | Elapsed=5ms | Status=Completed
2026-05-14 15:33:40 | INF | CONTROLLER_EXEC | Acc= admin | IP=::1 | Path=SYS202100/GetList | Message=POST /SYS202100/GetList
2026-05-14 15:33:40 | INF | ACTION_TRACE | Acc=admin | Path=/SYS202100/GetList | IP=::1 | Start=2026-05-14 15:33:40.506 | Elapsed=6ms | Status=Completed
2026-05-14 15:33:44 | INF | CONTROLLER_EXEC | Acc= admin | IP=::1 | Path=SYS202100/GetByVariable | Message=GET /SYS202100/GetByVariable
2026-05-14 15:33:44 | INF | ACTION_TRACE | Acc=admin | Path=/SYS202100/GetByVariable | IP=::1 | Start=2026-05-14 15:33:44.421 | Elapsed=98ms | Status=Completed
2026-05-14 15:34:00 | INF | CONTROLLER_EXEC | Acc= admin | IP=::1 | Path=SYS202100/Update | Message=POST /SYS202100/Update
2026-05-14 15:34:00 | INF | ACTION_TRACE | Acc=admin | Path=/SYS202100/Update | IP=::1 | Start=2026-05-14 15:34:00.471 | Elapsed=27ms | Status=Completed
2026-05-14 15:34:02 | INF | CONTROLLER_EXEC | Acc= admin | IP=::1 | Path=SYS202100/Update | Message=POST /SYS202100/Update
2026-05-14 15:34:02 | INF | ACTION_TRACE | Acc=admin | Path=/SYS202100/Update | IP=::1 | Start=2026-05-14 15:34:02.960 | Elapsed=1ms | Status=Completed
2026-05-14 15:34:41 | INF | CONTROLLER_EXEC | Acc= admin | IP=::1 | Path=SYS202100/Update | Message=POST /SYS202100/Update
2026-05-14 15:34:41 | INF | ACTION_TRACE | Acc=admin | Path=/SYS202100/Update | IP=::1 | Start=2026-05-14 15:34:41.890 | Elapsed=1ms | Status=Completed
2026-05-14 15:34:45 | INF | CONTROLLER_EXEC | Acc= admin | IP=::1 | Path=SYS202100/GetList | Message=POST /SYS202100/GetList
2026-05-14 15:34:45 | INF | ACTION_TRACE | Acc=admin | Path=/SYS202100/GetList | IP=::1 | Start=2026-05-14 15:34:45.365 | Elapsed=10ms | Status=Completed
2026-05-14 15:34:45 | INF | CONTROLLER_EXEC | Acc= admin | IP=::1 | Path=SYS202100/GetList | Message=POST /SYS202100/GetList
2026-05-14 15:34:45 | INF | ACTION_TRACE | Acc=admin | Path=/SYS202100/GetList | IP=::1 | Start=2026-05-14 15:34:45.371 | Elapsed=6ms | Status=Completed
2026-05-14 15:34:47 | INF | CONTROLLER_EXEC | Acc= admin | IP=::1 | Path=SYS202100/GetByVariable | Message=GET /SYS202100/GetByVariable
2026-05-14 15:34:47 | INF | ACTION_TRACE | Acc=admin | Path=/SYS202100/GetByVariable | IP=::1 | Start=2026-05-14 15:34:47.732 | Elapsed=12ms | Status=Completed
2026-05-14 15:34:50 | INF | CONTROLLER_EXEC | Acc= admin | IP=::1 | Path=SYS202100/Update | Message=POST /SYS202100/Update
2026-05-14 15:34:50 | INF | ACTION_TRACE | Acc=admin | Path=/SYS202100/Update | IP=::1 | Start=2026-05-14 15:34:49.669 | Elapsed=395ms | Status=Completed
2026-05-14 15:34:51 | INF | CONTROLLER_EXEC | Acc= admin | IP=::1 | Path=SYS202100/GetList | Message=POST /SYS202100/GetList
2026-05-14 15:34:51 | INF | ACTION_TRACE | Acc=admin | Path=/SYS202100/GetList | IP=::1 | Start=2026-05-14 15:34:51.427 | Elapsed=5ms | Status=Completed
2026-05-14 15:34:51 | INF | CONTROLLER_EXEC | Acc= admin | IP=::1 | Path=SYS202100/GetList | Message=POST /SYS202100/GetList
2026-05-14 15:34:51 | INF | ACTION_TRACE | Acc=admin | Path=/SYS202100/GetList | IP=::1 | Start=2026-05-14 15:34:51.430 | Elapsed=30ms | Status=Completed
2026-05-14 15:34:51 | INF | CONTROLLER_EXEC | Acc= admin | IP=::1 | Path=SYS202100/GetList | Message=POST /SYS202100/GetList
2026-05-14 15:34:51 | INF | ACTION_TRACE | Acc=admin | Path=/SYS202100/GetList | IP=::1 | Start=2026-05-14 15:34:51.458 | Elapsed=4ms | Status=Completed
2026-05-14 15:34:53 | INF | CONTROLLER_EXEC | Acc= admin | IP=::1 | Path=SYS202100/GetByVariable | Message=GET /SYS202100/GetByVariable
2026-05-14 15:34:53 | INF | ACTION_TRACE | Acc=admin | Path=/SYS202100/GetByVariable | IP=::1 | Start=2026-05-14 15:34:53.431 | Elapsed=4ms | Status=Completed
2026-05-14 15:34:58 | INF | CONTROLLER_EXEC | Acc= admin | IP=::1 | Path=SYS202100/Update | Message=POST /SYS202100/Update
2026-05-14 15:34:58 | INF | ACTION_TRACE | Acc=admin | Path=/SYS202100/Update | IP=::1 | Start=2026-05-14 15:34:58.419 | Elapsed=31ms | Status=Completed
2026-05-14 15:35:00 | INF | CONTROLLER_EXEC | Acc= admin | IP=::1 | Path=SYS202100/GetList | Message=POST /SYS202100/GetList
2026-05-14 15:35:00 | INF | ACTION_TRACE | Acc=admin | Path=/SYS202100/GetList | IP=::1 | Start=2026-05-14 15:35:00.299 | Elapsed=7ms | Status=Completed
2026-05-14 15:35:00 | INF | CONTROLLER_EXEC | Acc= admin | IP=::1 | Path=SYS202100/GetList | Message=POST /SYS202100/GetList
2026-05-14 15:35:00 | INF | ACTION_TRACE | Acc=admin | Path=/SYS202100/GetList | IP=::1 | Start=2026-05-14 15:35:00.302 | Elapsed=8ms | Status=Completed
2026-05-14 15:35:00 | INF | CONTROLLER_EXEC | Acc= admin | IP=::1 | Path=SYS202100/GetList | Message=POST /SYS202100/GetList
2026-05-14 15:35:00 | INF | ACTION_TRACE | Acc=admin | Path=/SYS202100/GetList | IP=::1 | Start=2026-05-14 15:35:00.308 | Elapsed=7ms | Status=Completed
2026-05-14 15:35:01 | INF | CONTROLLER_EXEC | Acc= admin | IP=::1 | Path=SYS202100/GetByVariable | Message=GET /SYS202100/GetByVariable
2026-05-14 15:35:01 | INF | ACTION_TRACE | Acc=admin | Path=/SYS202100/GetByVariable | IP=::1 | Start=2026-05-14 15:35:01.614 | Elapsed=6ms | Status=Completed
2026-05-14 15:35:15 | INF | CONTROLLER_EXEC | Acc= admin | IP=::1 | Path=SYS202100/Update | Message=POST /SYS202100/Update
2026-05-14 15:35:15 | INF | ACTION_TRACE | Acc=admin | Path=/SYS202100/Update | IP=::1 | Start=2026-05-14 15:35:15.669 | Elapsed=1ms | Status=Completed
2026-05-14 15:35:24 | INF | CONTROLLER_EXEC | Acc= admin | IP=::1 | Path=SYS202100/Update | Message=POST /SYS202100/Update
2026-05-14 15:35:24 | INF | ACTION_TRACE | Acc=admin | Path=/SYS202100/Update | IP=::1 | Start=2026-05-14 15:35:24.709 | Elapsed=1ms | Status=Completed
2026-05-14 15:35:48 | INF | CONTROLLER_EXEC | Acc= admin | IP=::1 | Path=SYS202100/GetList | Message=POST /SYS202100/GetList
2026-05-14 15:35:48 | INF | ACTION_TRACE | Acc=admin | Path=/SYS202100/GetList | IP=::1 | Start=2026-05-14 15:35:48.565 | Elapsed=58ms | Status=Completed
2026-05-14 15:35:48 | INF | ACTION_TRACE | Acc=admin | Path=/.well-known/appspecific/com.chrome.devtools.json | IP=::1 | Start=2026-05-14 15:35:48.694 | Elapsed=0ms | Status=Completed
2026-05-14 15:35:48 | INF | ACTION_TRACE | Acc=admin | Path=/lib/html-to-image/html-to-image.js.map | IP=::1 | Start=2026-05-14 15:35:48.728 | Elapsed=0ms | Status=Completed
2026-05-14 15:35:50 | INF | CONTROLLER_EXEC | Acc= admin | IP=::1 | Path=SYS202100/Update | Message=POST /SYS202100/Update
2026-05-14 15:35:50 | INF | ACTION_TRACE | Acc=admin | Path=/SYS202100/Update | IP=::1 | Start=2026-05-14 15:35:50.270 | Elapsed=0ms | Status=Completed
2026-05-14 15:35:58 | INF | CONTROLLER_EXEC | Acc= admin | IP=::1 | Path=SYS202100/Update | Message=POST /SYS202100/Update
2026-05-14 15:35:58 | INF | ACTION_TRACE | Acc=admin | Path=/SYS202100/Update | IP=::1 | Start=2026-05-14 15:35:58.663 | Elapsed=1ms | Status=Completed
2026-05-14 15:36:11 | INF | CONTROLLER_EXEC | Acc= admin | IP=::1 | Path=SYS202100/Update | Message=POST /SYS202100/Update
2026-05-14 15:36:11 | INF | ACTION_TRACE | Acc=admin | Path=/SYS202100/Update | IP=::1 | Start=2026-05-14 15:36:11.784 | Elapsed=1ms | Status=Completed
2026-05-14 15:36:39 | INF | CONTROLLER_EXEC | Acc= admin | IP=::1 | Path=SYS202100/GetList | Message=POST /SYS202100/GetList
2026-05-14 15:36:39 | INF | ACTION_TRACE | Acc=admin | Path=/SYS202100/GetList | IP=::1 | Start=2026-05-14 15:36:39.750 | Elapsed=7ms | Status=Completed
2026-05-14 15:36:39 | INF | CONTROLLER_EXEC | Acc= admin | IP=::1 | Path=SYS202100/GetList | Message=POST /SYS202100/GetList
2026-05-14 15:36:39 | INF | ACTION_TRACE | Acc=admin | Path=/SYS202100/GetList | IP=::1 | Start=2026-05-14 15:36:39.754 | Elapsed=11ms | Status=Completed
2026-05-14 15:36:41 | INF | CONTROLLER_EXEC | Acc= admin | IP=::1 | Path=SYS202100/GetList | Message=POST /SYS202100/GetList
2026-05-14 15:36:41 | INF | ACTION_TRACE | Acc=admin | Path=/SYS202100/GetList | IP=::1 | Start=2026-05-14 15:36:41.218 | Elapsed=12ms | Status=Completed
2026-05-14 15:36:44 | INF | CONTROLLER_EXEC | Acc= admin | IP=::1 | Path=SYS202100/Delete | Message=POST /SYS202100/Delete
2026-05-14 15:36:44 | INF | ACTION_TRACE | Acc=admin | Path=/SYS202100/Delete | IP=::1 | Start=2026-05-14 15:36:44.928 | Elapsed=34ms | Status=Completed
2026-05-14 15:36:47 | INF | CONTROLLER_EXEC | Acc= admin | IP=::1 | Path=SYS202100/GetList | Message=POST /SYS202100/GetList
2026-05-14 15:36:47 | INF | ACTION_TRACE | Acc=admin | Path=/SYS202100/GetList | IP=::1 | Start=2026-05-14 15:36:47.597 | Elapsed=3ms | Status=Completed
2026-05-14 15:38:06 | INF | CONTROLLER_EXEC | Acc= admin | IP=::1 | Path=SYS202100/Add | Message=POST /SYS202100/Add
2026-05-14 15:38:06 | INF | ACTION_TRACE | Acc=admin | Path=/SYS202100/Add | IP=::1 | Start=2026-05-14 15:38:06.900 | Elapsed=26ms | Status=Completed
2026-05-14 15:38:14 | INF | CONTROLLER_EXEC | Acc= admin | IP=::1 | Path=SYS202100/Add | Message=POST /SYS202100/Add
2026-05-14 15:38:14 | INF | ACTION_TRACE | Acc=admin | Path=/SYS202100/Add | IP=::1 | Start=2026-05-14 15:38:14.052 | Elapsed=0ms | Status=Completed
2026-05-14 15:38:19 | INF | CONTROLLER_EXEC | Acc= admin | IP=::1 | Path=SYS202100/GetList | Message=POST /SYS202100/GetList
2026-05-14 15:38:19 | INF | ACTION_TRACE | Acc=admin | Path=/SYS202100/GetList | IP=::1 | Start=2026-05-14 15:38:19.543 | Elapsed=5ms | Status=Completed
2026-05-14 15:38:19 | INF | CONTROLLER_EXEC | Acc= admin | IP=::1 | Path=SYS202100/GetList | Message=POST /SYS202100/GetList
2026-05-14 15:38:19 | INF | ACTION_TRACE | Acc=admin | Path=/SYS202100/GetList | IP=::1 | Start=2026-05-14 15:38:19.546 | Elapsed=5ms | Status=Completed
2026-05-14 15:38:44 | INF | CONTROLLER_EXEC | Acc= admin | IP=::1 | Path=SYS202100/GetList | Message=POST /SYS202100/GetList
2026-05-14 15:38:44 | INF | ACTION_TRACE | Acc=admin | Path=/SYS202100/GetList | IP=::1 | Start=2026-05-14 15:38:44.374 | Elapsed=4ms | Status=Completed
2026-05-14 15:38:47 | INF | CONTROLLER_EXEC | Acc= admin | IP=::1 | Path=SYS202100/GetByVariable | Message=GET /SYS202100/GetByVariable
2026-05-14 15:38:47 | INF | ACTION_TRACE | Acc=admin | Path=/SYS202100/GetByVariable | IP=::1 | Start=2026-05-14 15:38:47.824 | Elapsed=5ms | Status=Completed
2026-05-14 15:38:51 | INF | CONTROLLER_EXEC | Acc= admin | IP=::1 | Path=SYS202100/GetList | Message=POST /SYS202100/GetList
2026-05-14 15:38:51 | INF | ACTION_TRACE | Acc=admin | Path=/SYS202100/GetList | IP=::1 | Start=2026-05-14 15:38:51.069 | Elapsed=12ms | Status=Completed
2026-05-14 15:38:51 | INF | ACTION_TRACE | Acc=admin | Path=/.well-known/appspecific/com.chrome.devtools.json | IP=::1 | Start=2026-05-14 15:38:51.226 | Elapsed=0ms | Status=Completed
2026-05-14 15:38:51 | INF | ACTION_TRACE | Acc=admin | Path=/lib/html-to-image/html-to-image.js.map | IP=::1 | Start=2026-05-14 15:38:51.257 | Elapsed=0ms | Status=Completed
2026-05-14 15:38:53 | INF | CONTROLLER_EXEC | Acc= admin | IP=::1 | Path=SYS202100/Update | Message=POST /SYS202100/Update
2026-05-14 15:38:53 | INF | ACTION_TRACE | Acc=admin | Path=/SYS202100/Update | IP=::1 | Start=2026-05-14 15:38:53.357 | Elapsed=13ms | Status=Completed
2026-05-14 15:38:54 | INF | CONTROLLER_EXEC | Acc= admin | IP=::1 | Path=SYS202100/GetList | Message=POST /SYS202100/GetList
2026-05-14 15:38:54 | INF | ACTION_TRACE | Acc=admin | Path=/SYS202100/GetList | IP=::1 | Start=2026-05-14 15:38:54.726 | Elapsed=4ms | Status=Completed
2026-05-14 15:38:54 | INF | CONTROLLER_EXEC | Acc= admin | IP=::1 | Path=SYS202100/GetList | Message=POST /SYS202100/GetList
2026-05-14 15:38:54 | INF | ACTION_TRACE | Acc=admin | Path=/SYS202100/GetList | IP=::1 | Start=2026-05-14 15:38:54.729 | Elapsed=5ms | Status=Completed
2026-05-14 15:38:54 | INF | CONTROLLER_EXEC | Acc= admin | IP=::1 | Path=SYS202100/GetList | Message=POST /SYS202100/GetList
2026-05-14 15:38:54 | INF | ACTION_TRACE | Acc=admin | Path=/SYS202100/GetList | IP=::1 | Start=2026-05-14 15:38:54.733 | Elapsed=7ms | Status=Completed
2026-05-14 15:38:57 | INF | CONTROLLER_EXEC | Acc= admin | IP=::1 | Path=SYS202100/GetByVariable | Message=GET /SYS202100/GetByVariable
2026-05-14 15:38:57 | INF | ACTION_TRACE | Acc=admin | Path=/SYS202100/GetByVariable | IP=::1 | Start=2026-05-14 15:38:57.852 | Elapsed=5ms | Status=Completed
2026-05-14 15:39:09 | INF | CONTROLLER_EXEC | Acc= admin | IP=::1 | Path=SYS202100/Update | Message=POST /SYS202100/Update
2026-05-14 15:39:09 | INF | ACTION_TRACE | Acc=admin | Path=/SYS202100/Update | IP=::1 | Start=2026-05-14 15:39:09.219 | Elapsed=0ms | Status=Completed
2026-05-14 15:40:29 | INF | CONTROLLER_EXEC | Acc= admin | IP=::1 | Path=SYS202100/GetList | Message=POST /SYS202100/GetList
2026-05-14 15:40:29 | INF | ACTION_TRACE | Acc=admin | Path=/SYS202100/GetList | IP=::1 | Start=2026-05-14 15:40:29.498 | Elapsed=6ms | Status=Completed
2026-05-14 15:40:29 | INF | CONTROLLER_EXEC | Acc= admin | IP=::1 | Path=SYS202100/GetList | Message=POST /SYS202100/GetList
2026-05-14 15:40:29 | INF | ACTION_TRACE | Acc=admin | Path=/SYS202100/GetList | IP=::1 | Start=2026-05-14 15:40:29.501 | Elapsed=4ms | Status=Completed
2026-05-14 15:40:32 | INF | CONTROLLER_EXEC | Acc= admin | IP=::1 | Path=SYS202100/GetByVariable | Message=GET /SYS202100/GetByVariable
2026-05-14 15:40:32 | INF | ACTION_TRACE | Acc=admin | Path=/SYS202100/GetByVariable | IP=::1 | Start=2026-05-14 15:40:32.643 | Elapsed=7ms | Status=Completed
2026-05-14 15:40:36 | INF | CONTROLLER_EXEC | Acc= admin | IP=::1 | Path=SYS202100/Update | Message=POST /SYS202100/Update
2026-05-14 15:40:36 | INF | ACTION_TRACE | Acc=admin | Path=/SYS202100/Update | IP=::1 | Start=2026-05-14 15:40:36.426 | Elapsed=36ms | Status=Completed
2026-05-14 15:40:51 | INF | CONTROLLER_EXEC | Acc= admin | IP=::1 | Path=SYS202100/GetList | Message=POST /SYS202100/GetList
2026-05-14 15:40:51 | INF | ACTION_TRACE | Acc=admin | Path=/SYS202100/GetList | IP=::1 | Start=2026-05-14 15:40:51.779 | Elapsed=4ms | Status=Completed
2026-05-14 15:40:51 | INF | CONTROLLER_EXEC | Acc= admin | IP=::1 | Path=SYS202100/GetList | Message=POST /SYS202100/GetList
2026-05-14 15:40:51 | INF | ACTION_TRACE | Acc=admin | Path=/SYS202100/GetList | IP=::1 | Start=2026-05-14 15:40:51.783 | Elapsed=33ms | Status=Completed
2026-05-14 15:40:51 | INF | CONTROLLER_EXEC | Acc= admin | IP=::1 | Path=SYS202100/GetList | Message=POST /SYS202100/GetList
2026-05-14 15:40:51 | INF | ACTION_TRACE | Acc=admin | Path=/SYS202100/GetList | IP=::1 | Start=2026-05-14 15:40:51.816 | Elapsed=4ms | Status=Completed
2026-05-14 15:40:54 | INF | CONTROLLER_EXEC | Acc= admin | IP=::1 | Path=SYS202100/GetByVariable | Message=GET /SYS202100/GetByVariable
2026-05-14 15:40:54 | INF | ACTION_TRACE | Acc=admin | Path=/SYS202100/GetByVariable | IP=::1 | Start=2026-05-14 15:40:54.397 | Elapsed=19ms | Status=Completed
2026-05-14 15:41:04 | INF | CONTROLLER_EXEC | Acc= admin | IP=::1 | Path=SYS202100/Update | Message=POST /SYS202100/Update
2026-05-14 15:41:04 | INF | ACTION_TRACE | Acc=admin | Path=/SYS202100/Update | IP=::1 | Start=2026-05-14 15:41:04.658 | Elapsed=1ms | Status=Completed
2026-05-14 15:42:31 | INF | CONTROLLER_EXEC | Acc= admin | IP=::1 | Path=SYS202100/Update | Message=POST /SYS202100/Update
2026-05-14 15:42:31 | INF | ACTION_TRACE | Acc=admin | Path=/SYS202100/Update | IP=::1 | Start=2026-05-14 15:42:31.314 | Elapsed=1ms | Status=Completed
2026-05-14 15:42:57 | INF | CONTROLLER_EXEC | Acc= admin | IP=::1 | Path=SYS202100/GetList | Message=POST /SYS202100/GetList
2026-05-14 15:42:57 | INF | ACTION_TRACE | Acc=admin | Path=/SYS202100/GetList | IP=::1 | Start=2026-05-14 15:42:57.625 | Elapsed=4ms | Status=Completed
2026-05-14 15:42:57 | INF | CONTROLLER_EXEC | Acc= admin | IP=::1 | Path=SYS202100/GetList | Message=POST /SYS202100/GetList
2026-05-14 15:42:57 | INF | ACTION_TRACE | Acc=admin | Path=/SYS202100/GetList | IP=::1 | Start=2026-05-14 15:42:57.628 | Elapsed=7ms | Status=Completed
2026-05-14 15:43:33 | INF | CONTROLLER_EXEC | Acc= admin | IP=::1 | Path=SYS202100/GetList | Message=POST /SYS202100/GetList
2026-05-14 15:43:33 | INF | ACTION_TRACE | Acc=admin | Path=/SYS202100/GetList | IP=::1 | Start=2026-05-14 15:43:33.549 | Elapsed=43ms | Status=Completed
2026-05-14 15:43:33 | INF | CONTROLLER_EXEC | Acc= admin | IP=::1 | Path=SYS202100/GetList | Message=POST /SYS202100/GetList
2026-05-14 15:43:33 | INF | ACTION_TRACE | Acc=admin | Path=/SYS202100/GetList | IP=::1 | Start=2026-05-14 15:43:33.588 | Elapsed=9ms | Status=Completed
2026-05-14 15:43:35 | INF | CONTROLLER_EXEC | Acc= admin | IP=::1 | Path=SYS202100/GetList | Message=POST /SYS202100/GetList
2026-05-14 15:43:35 | INF | ACTION_TRACE | Acc=admin | Path=/SYS202100/GetList | IP=::1 | Start=2026-05-14 15:43:35.700 | Elapsed=8ms | Status=Completed
2026-05-14 15:49:52 | WRN | No store type was specified for the decimal property 'OveMoney' on entity type 'HROvertime'. This will cause values to be silently truncated if they do not fit in the default precision and scale. Explicitly specify the SQL server column type that can accommodate all the values in 'OnModelCreating' using 'HasColumnType', specify precision and scale using 'HasPrecision', or configure a value converter using 'HasConversion'.
2026-05-14 15:49:52 | WRN | No store type was specified for the decimal property 'Wag1D1Hour' on entity type 'HRWage'. This will cause values to be silently truncated if they do not fit in the default precision and scale. Explicitly specify the SQL server column type that can accommodate all the values in 'OnModelCreating' using 'HasColumnType', specify precision and scale using 'HasPrecision', or configure a value converter using 'HasConversion'.
2026-05-14 15:49:52 | WRN | No store type was specified for the decimal property 'Wag2D1Hour' on entity type 'HRWage'. This will cause values to be silently truncated if they do not fit in the default precision and scale. Explicitly specify the SQL server column type that can accommodate all the values in 'OnModelCreating' using 'HasColumnType', specify precision and scale using 'HasPrecision', or configure a value converter using 'HasConversion'.
2026-05-14 15:49:52 | WRN | No store type was specified for the decimal property 'Wag4D3Hour' on entity type 'HRWage'. This will cause values to be silently truncated if they do not fit in the default precision and scale. Explicitly specify the SQL server column type that can accommodate all the values in 'OnModelCreating' using 'HasColumnType', specify precision and scale using 'HasPrecision', or configure a value converter using 'HasConversion'.
2026-05-14 15:49:52 | WRN | No store type was specified for the decimal property 'Wag5D3Hour' on entity type 'HRWage'. This will cause values to be silently truncated if they do not fit in the default precision and scale. Explicitly specify the SQL server column type that can accommodate all the values in 'OnModelCreating' using 'HasColumnType', specify precision and scale using 'HasPrecision', or configure a value converter using 'HasConversion'.
2026-05-14 15:49:52 | WRN | No store type was specified for the decimal property 'Wag8D3Hour' on entity type 'HRWage'. This will cause values to be silently truncated if they do not fit in the default precision and scale. Explicitly specify the SQL server column type that can accommodate all the values in 'OnModelCreating' using 'HasColumnType', specify precision and scale using 'HasPrecision', or configure a value converter using 'HasConversion'.
2026-05-14 15:49:52 | WRN | No store type was specified for the decimal property 'WagApplyHour' on entity type 'HRWage'. This will cause values to be silently truncated if they do not fit in the default precision and scale. Explicitly specify the SQL server column type that can accommodate all the values in 'OnModelCreating' using 'HasColumnType', specify precision and scale using 'HasPrecision', or configure a value converter using 'HasConversion'.
2026-05-14 15:49:52 | WRN | No store type was specified for the decimal property 'WagIssueHour' on entity type 'HRWage'. This will cause values to be silently truncated if they do not fit in the default precision and scale. Explicitly specify the SQL server column type that can accommodate all the values in 'OnModelCreating' using 'HasColumnType', specify precision and scale using 'HasPrecision', or configure a value converter using 'HasConversion'.
2026-05-14 15:49:52 | WRN | No store type was specified for the decimal property 'WagSubtotal' on entity type 'HRWage'. This will cause values to be silently truncated if they do not fit in the default precision and scale. Explicitly specify the SQL server column type that can accommodate all the values in 'OnModelCreating' using 'HasColumnType', specify precision and scale using 'HasPrecision', or configure a value converter using 'HasConversion'.
2026-05-14 15:49:57 | WRN | The query uses the 'First'/'FirstOrDefault' operator without 'OrderBy' and filter operators. This may lead to unpredictable results.
2026-05-14 15:49:59 | INF | ACTION_TRACE | Acc=admin | Path=/ | IP=::1 | Start=2026-05-14 15:49:51.698 | Elapsed=7313ms | Status=Completed
2026-05-14 15:49:59 | INF | NETWORK_UNSTABLE | Acc=admin | Path=/ | Reason=SlowRequest 7313ms
2026-05-14 15:49:59 | INF | ACTION_TRACE | Acc=admin | Path=/Captcha/Generate | IP=::1 | Start=2026-05-14 15:49:59.218 | Elapsed=36ms | Status=Completed
2026-05-14 15:49:59 | INF | ACTION_TRACE | Acc=admin | Path=/DNTCaptchaImage/Show | IP=::1 | Start=2026-05-14 15:49:59.329 | Elapsed=122ms | Status=Completed
2026-05-14 15:50:11 | INF | ACTION_TRACE | Acc=admin | Path=/Account/Login | IP=::1 | Start=2026-05-14 15:50:04.530 | Elapsed=7415ms | Status=Completed
2026-05-14 15:50:11 | INF | NETWORK_UNSTABLE | Acc=admin | Path=/Account/Login | Reason=SlowRequest 7415ms
2026-05-14 15:50:12 | INF | ACTION_TRACE | Acc=admin | Path=/Home/Index | IP=::1 | Start=2026-05-14 15:50:11.964 | Elapsed=283ms | Status=Completed
2026-05-14 15:50:31 | INF | ACTION_TRACE | Acc=admin | Path=/Home/GetMenu | IP=::1 | Start=2026-05-14 15:50:31.879 | Elapsed=15ms | Status=Completed
2026-05-14 15:50:35 | INF | CONTROLLER_EXEC | Acc= admin | IP=::1 | Path=SYS202100/SYS202100 | Message=GET /SYS202100/SYS202100
2026-05-14 15:50:35 | INF | ACTION_TRACE | Acc=admin | Path=/SYS202100/SYS202100 | IP=::1 | Start=2026-05-14 15:50:35.116 | Elapsed=164ms | Status=Completed
2026-05-14 15:50:35 | INF | CONTROLLER_EXEC | Acc= admin | IP=::1 | Path=SYS202100/GetList | Message=POST /SYS202100/GetList
2026-05-14 15:50:35 | INF | ACTION_TRACE | Acc=admin | Path=/SYS202100/GetList | IP=::1 | Start=2026-05-14 15:50:35.361 | Elapsed=86ms | Status=Completed
2026-05-14 15:50:35 | INF | CONTROLLER_EXEC | Acc= admin | IP=::1 | Path=SYS202100/GetList | Message=POST /SYS202100/GetList
2026-05-14 15:50:35 | INF | ACTION_TRACE | Acc=admin | Path=/SYS202100/GetList | IP=::1 | Start=2026-05-14 15:50:35.493 | Elapsed=7ms | Status=Completed
2026-05-14 15:50:36 | INF | CONTROLLER_EXEC | Acc= admin | IP=::1 | Path=SYS202100/GetList | Message=POST /SYS202100/GetList
2026-05-14 15:50:36 | INF | ACTION_TRACE | Acc=admin | Path=/SYS202100/GetList | IP=::1 | Start=2026-05-14 15:50:36.753 | Elapsed=11ms | Status=Completed
2026-05-14 15:50:39 | INF | CONTROLLER_EXEC | Acc= admin | IP=::1 | Path=SYS202100/GetByVariable | Message=GET /SYS202100/GetByVariable
2026-05-14 15:50:39 | INF | ACTION_TRACE | Acc=admin | Path=/SYS202100/GetByVariable | IP=::1 | Start=2026-05-14 15:50:39.504 | Elapsed=93ms | Status=Completed
2026-05-14 15:50:43 | INF | CONTROLLER_EXEC | Acc= admin | IP=::1 | Path=SYS202100/Update | Message=POST /SYS202100/Update
2026-05-14 15:50:43 | INF | ACTION_TRACE | Acc=admin | Path=/SYS202100/Update | IP=::1 | Start=2026-05-14 15:50:43.977 | Elapsed=19ms | Status=Completed
2026-05-14 15:50:47 | INF | CONTROLLER_EXEC | Acc= admin | IP=::1 | Path=SYS202100/GetList | Message=POST /SYS202100/GetList
2026-05-14 15:50:47 | INF | ACTION_TRACE | Acc=admin | Path=/SYS202100/GetList | IP=::1 | Start=2026-05-14 15:50:47.950 | Elapsed=11ms | Status=Completed
2026-05-14 15:50:48 | INF | ACTION_TRACE | Acc=admin | Path=/.well-known/appspecific/com.chrome.devtools.json | IP=::1 | Start=2026-05-14 15:50:48.114 | Elapsed=0ms | Status=Completed
2026-05-14 15:50:48 | INF | ACTION_TRACE | Acc=admin | Path=/lib/html-to-image/html-to-image.js.map | IP=::1 | Start=2026-05-14 15:50:48.170 | Elapsed=0ms | Status=Completed
2026-05-14 16:32:22 | WRN | No store type was specified for the decimal property 'OveMoney' on entity type 'HROvertime'. This will cause values to be silently truncated if they do not fit in the default precision and scale. Explicitly specify the SQL server column type that can accommodate all the values in 'OnModelCreating' using 'HasColumnType', specify precision and scale using 'HasPrecision', or configure a value converter using 'HasConversion'.
2026-05-14 16:32:22 | WRN | No store type was specified for the decimal property 'Wag1D1Hour' on entity type 'HRWage'. This will cause values to be silently truncated if they do not fit in the default precision and scale. Explicitly specify the SQL server column type that can accommodate all the values in 'OnModelCreating' using 'HasColumnType', specify precision and scale using 'HasPrecision', or configure a value converter using 'HasConversion'.
2026-05-14 16:32:22 | WRN | No store type was specified for the decimal property 'Wag2D1Hour' on entity type 'HRWage'. This will cause values to be silently truncated if they do not fit in the default precision and scale. Explicitly specify the SQL server column type that can accommodate all the values in 'OnModelCreating' using 'HasColumnType', specify precision and scale using 'HasPrecision', or configure a value converter using 'HasConversion'.
2026-05-14 16:32:22 | WRN | No store type was specified for the decimal property 'Wag4D3Hour' on entity type 'HRWage'. This will cause values to be silently truncated if they do not fit in the default precision and scale. Explicitly specify the SQL server column type that can accommodate all the values in 'OnModelCreating' using 'HasColumnType', specify precision and scale using 'HasPrecision', or configure a value converter using 'HasConversion'.
2026-05-14 16:32:22 | WRN | No store type was specified for the decimal property 'Wag5D3Hour' on entity type 'HRWage'. This will cause values to be silently truncated if they do not fit in the default precision and scale. Explicitly specify the SQL server column type that can accommodate all the values in 'OnModelCreating' using 'HasColumnType', specify precision and scale using 'HasPrecision', or configure a value converter using 'HasConversion'.
2026-05-14 16:32:22 | WRN | No store type was specified for the decimal property 'Wag8D3Hour' on entity type 'HRWage'. This will cause values to be silently truncated if they do not fit in the default precision and scale. Explicitly specify the SQL server column type that can accommodate all the values in 'OnModelCreating' using 'HasColumnType', specify precision and scale using 'HasPrecision', or configure a value converter using 'HasConversion'.
2026-05-14 16:32:22 | WRN | No store type was specified for the decimal property 'WagApplyHour' on entity type 'HRWage'. This will cause values to be silently truncated if they do not fit in the default precision and scale. Explicitly specify the SQL server column type that can accommodate all the values in 'OnModelCreating' using 'HasColumnType', specify precision and scale using 'HasPrecision', or configure a value converter using 'HasConversion'.
2026-05-14 16:32:22 | WRN | No store type was specified for the decimal property 'WagIssueHour' on entity type 'HRWage'. This will cause values to be silently truncated if they do not fit in the default precision and scale. Explicitly specify the SQL server column type that can accommodate all the values in 'OnModelCreating' using 'HasColumnType', specify precision and scale using 'HasPrecision', or configure a value converter using 'HasConversion'.
2026-05-14 16:32:22 | WRN | No store type was specified for the decimal property 'WagSubtotal' on entity type 'HRWage'. This will cause values to be silently truncated if they do not fit in the default precision and scale. Explicitly specify the SQL server column type that can accommodate all the values in 'OnModelCreating' using 'HasColumnType', specify precision and scale using 'HasPrecision', or configure a value converter using 'HasConversion'.
2026-05-14 16:32:27 | WRN | The query uses the 'First'/'FirstOrDefault' operator without 'OrderBy' and filter operators. This may lead to unpredictable results.
2026-05-14 16:32:28 | INF | ACTION_TRACE | Acc=admin | Path=/ | IP=::1 | Start=2026-05-14 16:32:21.431 | Elapsed=7231ms | Status=Completed
2026-05-14 16:32:28 | INF | NETWORK_UNSTABLE | Acc=admin | Path=/ | Reason=SlowRequest 7231ms
2026-05-14 16:32:28 | INF | ACTION_TRACE | Acc=admin | Path=/Captcha/Generate | IP=::1 | Start=2026-05-14 16:32:28.870 | Elapsed=40ms | Status=Completed
2026-05-14 16:32:29 | INF | ACTION_TRACE | Acc=admin | Path=/DNTCaptchaImage/Show | IP=::1 | Start=2026-05-14 16:32:28.955 | Elapsed=109ms | Status=Completed
2026-05-14 16:32:43 | INF | ACTION_TRACE | Acc=admin | Path=/Account/Login | IP=::1 | Start=2026-05-14 16:32:34.071 | Elapsed=9747ms | Status=Completed
2026-05-14 16:32:43 | INF | NETWORK_UNSTABLE | Acc=admin | Path=/Account/Login | Reason=SlowRequest 9747ms
2026-05-14 16:32:44 | INF | ACTION_TRACE | Acc=admin | Path=/Home/Index | IP=::1 | Start=2026-05-14 16:32:43.836 | Elapsed=259ms | Status=Completed
2026-05-14 16:32:46 | INF | ACTION_TRACE | Acc=admin | Path=/Home/GetMenu | IP=::1 | Start=2026-05-14 16:32:46.902 | Elapsed=41ms | Status=Completed
2026-05-14 16:32:52 | INF | CONTROLLER_EXEC | Acc= admin | IP=::1 | Path=SYS202100/SYS202100 | Message=GET /SYS202100/SYS202100
2026-05-14 16:32:52 | INF | ACTION_TRACE | Acc=admin | Path=/SYS202100/SYS202100 | IP=::1 | Start=2026-05-14 16:32:52.401 | Elapsed=167ms | Status=Completed
2026-05-14 16:32:52 | INF | CONTROLLER_EXEC | Acc= admin | IP=::1 | Path=SYS202100/GetList | Message=POST /SYS202100/GetList
2026-05-14 16:32:52 | INF | ACTION_TRACE | Acc=admin | Path=/SYS202100/GetList | IP=::1 | Start=2026-05-14 16:32:52.641 | Elapsed=93ms | Status=Completed
2026-05-14 16:32:52 | INF | CONTROLLER_EXEC | Acc= admin | IP=::1 | Path=SYS202100/GetList | Message=POST /SYS202100/GetList
2026-05-14 16:32:52 | INF | ACTION_TRACE | Acc=admin | Path=/SYS202100/GetList | IP=::1 | Start=2026-05-14 16:32:52.775 | Elapsed=8ms | Status=Completed
2026-05-14 16:32:55 | INF | CONTROLLER_EXEC | Acc= admin | IP=::1 | Path=SYS202100/GetList | Message=POST /SYS202100/GetList
2026-05-14 16:32:55 | INF | ACTION_TRACE | Acc=admin | Path=/SYS202100/GetList | IP=::1 | Start=2026-05-14 16:32:55.821 | Elapsed=21ms | Status=Completed
2026-05-14 16:34:08 | INF | ACTION_TRACE | Acc=admin | Path=/Home/Index | IP=::1 | Start=2026-05-14 16:34:08.061 | Elapsed=37ms | Status=Completed
2026-05-14 16:34:09 | INF | ACTION_TRACE | Acc=admin | Path=/Home/GetMenu | IP=::1 | Start=2026-05-14 16:34:09.364 | Elapsed=13ms | Status=Completed
2026-05-14 16:34:12 | INF | CONTROLLER_EXEC | Acc= admin | IP=::1 | Path=SYS202100/SYS202100 | Message=GET /SYS202100/SYS202100
2026-05-14 16:34:12 | INF | ACTION_TRACE | Acc=admin | Path=/SYS202100/SYS202100 | IP=::1 | Start=2026-05-14 16:34:12.103 | Elapsed=66ms | Status=Completed
2026-05-14 16:34:12 | INF | CONTROLLER_EXEC | Acc= admin | IP=::1 | Path=SYS202100/GetList | Message=POST /SYS202100/GetList
2026-05-14 16:34:12 | INF | ACTION_TRACE | Acc=admin | Path=/SYS202100/GetList | IP=::1 | Start=2026-05-14 16:34:12.227 | Elapsed=19ms | Status=Completed
2026-05-14 16:34:12 | INF | CONTROLLER_EXEC | Acc= admin | IP=::1 | Path=SYS202100/GetList | Message=POST /SYS202100/GetList
2026-05-14 16:34:12 | INF | ACTION_TRACE | Acc=admin | Path=/SYS202100/GetList | IP=::1 | Start=2026-05-14 16:34:12.268 | Elapsed=11ms | Status=Completed
2026-05-14 16:34:15 | INF | CONTROLLER_EXEC | Acc= admin | IP=::1 | Path=SYS202100/GetList | Message=POST /SYS202100/GetList
2026-05-14 16:34:15 | INF | ACTION_TRACE | Acc=admin | Path=/SYS202100/GetList | IP=::1 | Start=2026-05-14 16:34:15.116 | Elapsed=15ms | Status=Completed
2026-05-14 16:34:27 | INF | CONTROLLER_EXEC | Acc= admin | IP=::1 | Path=SYS202100/GetList | Message=POST /SYS202100/GetList
2026-05-14 16:34:27 | INF | ACTION_TRACE | Acc=admin | Path=/SYS202100/GetList | IP=::1 | Start=2026-05-14 16:34:27.309 | Elapsed=10ms | Status=Completed
2026-05-14 16:36:10 | INF | CONTROLLER_EXEC | Acc= admin | IP=::1 | Path=SYS202100/GetList | Message=POST /SYS202100/GetList
2026-05-14 16:36:10 | INF | ACTION_TRACE | Acc=admin | Path=/SYS202100/GetList | IP=::1 | Start=2026-05-14 16:36:09.976 | Elapsed=53ms | Status=Completed
2026-05-14 16:36:10 | INF | ACTION_TRACE | Acc=admin | Path=/Home/Index | IP=::1 | Start=2026-05-14 16:36:10.083 | Elapsed=51ms | Status=Completed
2026-05-14 16:36:10 | INF | ACTION_TRACE | Acc=admin | Path=/Home/GetMenu | IP=::1 | Start=2026-05-14 16:36:10.929 | Elapsed=13ms | Status=Completed
2026-05-14 16:36:12 | INF | CONTROLLER_EXEC | Acc= admin | IP=::1 | Path=SYS202100/SYS202100 | Message=GET /SYS202100/SYS202100
2026-05-14 16:36:12 | INF | ACTION_TRACE | Acc=admin | Path=/SYS202100/SYS202100 | IP=::1 | Start=2026-05-14 16:36:12.603 | Elapsed=73ms | Status=Completed
2026-05-14 16:36:12 | INF | CONTROLLER_EXEC | Acc= admin | IP=::1 | Path=SYS202100/GetList | Message=POST /SYS202100/GetList
2026-05-14 16:36:12 | INF | ACTION_TRACE | Acc=admin | Path=/SYS202100/GetList | IP=::1 | Start=2026-05-14 16:36:12.728 | Elapsed=16ms | Status=Completed
2026-05-14 16:36:12 | INF | CONTROLLER_EXEC | Acc= admin | IP=::1 | Path=SYS202100/GetList | Message=POST /SYS202100/GetList
2026-05-14 16:36:12 | INF | ACTION_TRACE | Acc=admin | Path=/SYS202100/GetList | IP=::1 | Start=2026-05-14 16:36:12.782 | Elapsed=13ms | Status=Completed
2026-05-14 16:36:14 | INF | CONTROLLER_EXEC | Acc= admin | IP=::1 | Path=SYS202100/GetList | Message=POST /SYS202100/GetList
2026-05-14 16:36:14 | INF | ACTION_TRACE | Acc=admin | Path=/SYS202100/GetList | IP=::1 | Start=2026-05-14 16:36:09.982 | Elapsed=4599ms | Status=Completed
2026-05-14 16:36:14 | INF | NETWORK_UNSTABLE | Acc=admin | Path=/SYS202100/GetList | Reason=SlowRequest 4599ms
2026-05-14 16:36:32 | INF | ACTION_TRACE | Acc=admin | Path=/Home/Index | IP=::1 | Start=2026-05-14 16:36:31.962 | Elapsed=90ms | Status=Completed
2026-05-14 16:36:35 | INF | ACTION_TRACE | Acc=admin | Path=/Home/Index | IP=::1 | Start=2026-05-14 16:36:35.683 | Elapsed=86ms | Status=Completed
2026-05-14 16:36:36 | INF | ACTION_TRACE | Acc=admin | Path=/Home/GetMenu | IP=::1 | Start=2026-05-14 16:36:36.461 | Elapsed=53ms | Status=Completed
2026-05-14 16:36:38 | INF | CONTROLLER_EXEC | Acc= admin | IP=::1 | Path=SYS202100/SYS202100 | Message=GET /SYS202100/SYS202100
2026-05-14 16:36:38 | INF | ACTION_TRACE | Acc=admin | Path=/SYS202100/SYS202100 | IP=::1 | Start=2026-05-14 16:36:38.370 | Elapsed=82ms | Status=Completed
2026-05-14 16:36:38 | INF | CONTROLLER_EXEC | Acc= admin | IP=::1 | Path=SYS202100/GetList | Message=POST /SYS202100/GetList
2026-05-14 16:36:38 | INF | ACTION_TRACE | Acc=admin | Path=/SYS202100/GetList | IP=::1 | Start=2026-05-14 16:36:38.496 | Elapsed=19ms | Status=Completed
2026-05-14 16:36:38 | INF | CONTROLLER_EXEC | Acc= admin | IP=::1 | Path=SYS202100/GetList | Message=POST /SYS202100/GetList
2026-05-14 16:36:38 | INF | ACTION_TRACE | Acc=admin | Path=/SYS202100/GetList | IP=::1 | Start=2026-05-14 16:36:38.543 | Elapsed=6ms | Status=Completed
2026-05-14 16:36:49 | INF | ACTION_TRACE | Acc=admin | Path=/Home/Index | IP=::1 | Start=2026-05-14 16:36:49.666 | Elapsed=48ms | Status=Completed
2026-05-14 16:36:51 | INF | ACTION_TRACE | Acc=admin | Path=/Home/GetMenu | IP=::1 | Start=2026-05-14 16:36:51.298 | Elapsed=7ms | Status=Completed
2026-05-14 16:36:53 | INF | CONTROLLER_EXEC | Acc= admin | IP=::1 | Path=SYS202100/SYS202100 | Message=GET /SYS202100/SYS202100
2026-05-14 16:36:53 | INF | ACTION_TRACE | Acc=admin | Path=/SYS202100/SYS202100 | IP=::1 | Start=2026-05-14 16:36:53.499 | Elapsed=70ms | Status=Completed
2026-05-14 16:36:53 | INF | CONTROLLER_EXEC | Acc= admin | IP=::1 | Path=SYS202100/GetList | Message=POST /SYS202100/GetList
2026-05-14 16:36:53 | INF | ACTION_TRACE | Acc=admin | Path=/SYS202100/GetList | IP=::1 | Start=2026-05-14 16:36:53.628 | Elapsed=14ms | Status=Completed
2026-05-14 16:36:53 | INF | CONTROLLER_EXEC | Acc= admin | IP=::1 | Path=SYS202100/GetList | Message=POST /SYS202100/GetList
2026-05-14 16:36:53 | INF | ACTION_TRACE | Acc=admin | Path=/SYS202100/GetList | IP=::1 | Start=2026-05-14 16:36:53.667 | Elapsed=17ms | Status=Completed
2026-05-14 16:37:06 | INF | ACTION_TRACE | Acc=admin | Path=/Home/Index | IP=::1 | Start=2026-05-14 16:37:06.805 | Elapsed=50ms | Status=Completed
2026-05-14 16:37:31 | INF | ACTION_TRACE | Acc=admin | Path=/Home/Index | IP=::1 | Start=2026-05-14 16:37:30.987 | Elapsed=49ms | Status=Completed
2026-05-14 16:37:31 | INF | ACTION_TRACE | Acc=admin | Path=/Home/GetMenu | IP=::1 | Start=2026-05-14 16:37:31.551 | Elapsed=7ms | Status=Completed
2026-05-14 16:37:33 | INF | CONTROLLER_EXEC | Acc= admin | IP=::1 | Path=SYS202100/SYS202100 | Message=GET /SYS202100/SYS202100
2026-05-14 16:37:33 | INF | ACTION_TRACE | Acc=admin | Path=/SYS202100/SYS202100 | IP=::1 | Start=2026-05-14 16:37:33.062 | Elapsed=71ms | Status=Completed
2026-05-14 16:37:33 | INF | CONTROLLER_EXEC | Acc= admin | IP=::1 | Path=SYS202100/GetList | Message=POST /SYS202100/GetList
2026-05-14 16:37:33 | INF | ACTION_TRACE | Acc=admin | Path=/SYS202100/GetList | IP=::1 | Start=2026-05-14 16:37:33.194 | Elapsed=20ms | Status=Completed
2026-05-14 16:37:33 | INF | CONTROLLER_EXEC | Acc= admin | IP=::1 | Path=SYS202100/GetList | Message=POST /SYS202100/GetList
2026-05-14 16:37:33 | INF | ACTION_TRACE | Acc=admin | Path=/SYS202100/GetList | IP=::1 | Start=2026-05-14 16:37:33.237 | Elapsed=7ms | Status=Completed
2026-05-14 16:37:48 | INF | CONTROLLER_EXEC | Acc= admin | IP=::1 | Path=SYS202100/GetList | Message=POST /SYS202100/GetList
2026-05-14 16:37:48 | INF | ACTION_TRACE | Acc=admin | Path=/SYS202100/GetList | IP=::1 | Start=2026-05-14 16:37:48.762 | Elapsed=9ms | Status=Completed
2026-05-14 16:37:48 | INF | CONTROLLER_EXEC | Acc= admin | IP=::1 | Path=SYS202100/GetList | Message=POST /SYS202100/GetList
2026-05-14 16:37:48 | INF | ACTION_TRACE | Acc=admin | Path=/SYS202100/GetList | IP=::1 | Start=2026-05-14 16:37:48.952 | Elapsed=7ms | Status=Completed
2026-05-14 16:37:49 | INF | CONTROLLER_EXEC | Acc= admin | IP=::1 | Path=SYS202100/GetList | Message=POST /SYS202100/GetList
2026-05-14 16:37:49 | INF | ACTION_TRACE | Acc=admin | Path=/SYS202100/GetList | IP=::1 | Start=2026-05-14 16:37:49.754 | Elapsed=5ms | Status=Completed
2026-05-14 16:37:49 | INF | CONTROLLER_EXEC | Acc= admin | IP=::1 | Path=SYS202100/GetList | Message=POST /SYS202100/GetList
2026-05-14 16:37:49 | INF | ACTION_TRACE | Acc=admin | Path=/SYS202100/GetList | IP=::1 | Start=2026-05-14 16:37:49.758 | Elapsed=4ms | Status=Completed
2026-05-14 16:37:50 | INF | CONTROLLER_EXEC | Acc= admin | IP=::1 | Path=SYS202100/GetList | Message=POST /SYS202100/GetList
2026-05-14 16:37:50 | INF | ACTION_TRACE | Acc=admin | Path=/SYS202100/GetList | IP=::1 | Start=2026-05-14 16:37:50.328 | Elapsed=5ms | Status=Completed
2026-05-14 16:37:50 | INF | CONTROLLER_EXEC | Acc= admin | IP=::1 | Path=SYS202100/GetList | Message=POST /SYS202100/GetList
2026-05-14 16:37:50 | INF | ACTION_TRACE | Acc=admin | Path=/SYS202100/GetList | IP=::1 | Start=2026-05-14 16:37:50.587 | Elapsed=14ms | Status=Completed
2026-05-14 16:37:51 | INF | CONTROLLER_EXEC | Acc= admin | IP=::1 | Path=SYS202100/GetList | Message=POST /SYS202100/GetList
2026-05-14 16:37:51 | INF | ACTION_TRACE | Acc=admin | Path=/SYS202100/GetList | IP=::1 | Start=2026-05-14 16:37:51.769 | Elapsed=10ms | Status=Completed
2026-05-14 16:37:55 | INF | CONTROLLER_EXEC | Acc= admin | IP=::1 | Path=SYS202100/GetList | Message=POST /SYS202100/GetList
2026-05-14 16:37:55 | INF | ACTION_TRACE | Acc=admin | Path=/SYS202100/GetList | IP=::1 | Start=2026-05-14 16:37:54.989 | Elapsed=13ms | Status=Completed
2026-05-14 16:38:16 | INF | ACTION_TRACE | Acc=admin | Path=/Home/Index | IP=::1 | Start=2026-05-14 16:38:16.685 | Elapsed=53ms | Status=Completed
2026-05-14 16:38:18 | INF | ACTION_TRACE | Acc=admin | Path=/Home/Index | IP=::1 | Start=2026-05-14 16:38:17.969 | Elapsed=68ms | Status=Completed
2026-05-14 16:38:18 | INF | ACTION_TRACE | Acc=admin | Path=/Home/GetMenu | IP=::1 | Start=2026-05-14 16:38:18.802 | Elapsed=14ms | Status=Completed
2026-05-14 16:38:20 | INF | CONTROLLER_EXEC | Acc= admin | IP=::1 | Path=SYS202100/SYS202100 | Message=GET /SYS202100/SYS202100
2026-05-14 16:38:20 | INF | ACTION_TRACE | Acc=admin | Path=/SYS202100/SYS202100 | IP=::1 | Start=2026-05-14 16:38:20.743 | Elapsed=68ms | Status=Completed
2026-05-14 16:38:20 | INF | CONTROLLER_EXEC | Acc= admin | IP=::1 | Path=SYS202100/GetList | Message=POST /SYS202100/GetList
2026-05-14 16:38:20 | INF | ACTION_TRACE | Acc=admin | Path=/SYS202100/GetList | IP=::1 | Start=2026-05-14 16:38:20.862 | Elapsed=122ms | Status=Completed
2026-05-14 16:38:21 | INF | CONTROLLER_EXEC | Acc= admin | IP=::1 | Path=SYS202100/GetList | Message=POST /SYS202100/GetList
2026-05-14 16:38:21 | INF | ACTION_TRACE | Acc=admin | Path=/SYS202100/GetList | IP=::1 | Start=2026-05-14 16:38:21.015 | Elapsed=4ms | Status=Completed
2026-05-14 16:39:08 | INF | ACTION_TRACE | Acc=admin | Path=/Home/Index | IP=::1 | Start=2026-05-14 16:39:08.269 | Elapsed=84ms | Status=Completed
2026-05-14 16:39:09 | INF | ACTION_TRACE | Acc=admin | Path=/Home/GetMenu | IP=::1 | Start=2026-05-14 16:39:09.931 | Elapsed=7ms | Status=Completed
2026-05-14 16:39:12 | INF | CONTROLLER_EXEC | Acc= admin | IP=::1 | Path=SYS202100/SYS202100 | Message=GET /SYS202100/SYS202100
2026-05-14 16:39:12 | INF | ACTION_TRACE | Acc=admin | Path=/SYS202100/SYS202100 | IP=::1 | Start=2026-05-14 16:39:12.720 | Elapsed=76ms | Status=Completed
2026-05-14 16:39:12 | INF | CONTROLLER_EXEC | Acc= admin | IP=::1 | Path=SYS202100/GetList | Message=POST /SYS202100/GetList
2026-05-14 16:39:12 | INF | ACTION_TRACE | Acc=admin | Path=/SYS202100/GetList | IP=::1 | Start=2026-05-14 16:39:12.847 | Elapsed=21ms | Status=Completed
2026-05-14 16:39:12 | INF | CONTROLLER_EXEC | Acc= admin | IP=::1 | Path=SYS202100/GetList | Message=POST /SYS202100/GetList
2026-05-14 16:39:12 | INF | ACTION_TRACE | Acc=admin | Path=/SYS202100/GetList | IP=::1 | Start=2026-05-14 16:39:12.894 | Elapsed=4ms | Status=Completed
2026-05-14 16:39:43 | INF | ACTION_TRACE | Acc=admin | Path=/Home/Index | IP=::1 | Start=2026-05-14 16:39:43.573 | Elapsed=85ms | Status=Completed
2026-05-14 16:40:37 | INF | ACTION_TRACE | Acc=admin | Path=/Home/Index | IP=::1 | Start=2026-05-14 16:40:37.608 | Elapsed=59ms | Status=Completed
2026-05-14 16:44:23 | INF | ACTION_TRACE | Acc=admin | Path=/Home/Index | IP=::1 | Start=2026-05-14 16:44:22.993 | Elapsed=89ms | Status=Completed
2026-05-14 16:44:31 | INF | ACTION_TRACE | Acc=admin | Path=/Home/GetMenu | IP=::1 | Start=2026-05-14 16:44:31.867 | Elapsed=61ms | Status=Completed
2026-05-14 16:44:34 | INF | CONTROLLER_EXEC | Acc= admin | IP=::1 | Path=SYS202100/SYS202100 | Message=GET /SYS202100/SYS202100
2026-05-14 16:44:34 | INF | ACTION_TRACE | Acc=admin | Path=/SYS202100/SYS202100 | IP=::1 | Start=2026-05-14 16:44:34.475 | Elapsed=70ms | Status=Completed
2026-05-14 16:44:34 | INF | CONTROLLER_EXEC | Acc= admin | IP=::1 | Path=SYS202100/GetList | Message=POST /SYS202100/GetList
2026-05-14 16:44:34 | INF | ACTION_TRACE | Acc=admin | Path=/SYS202100/GetList | IP=::1 | Start=2026-05-14 16:44:34.631 | Elapsed=19ms | Status=Completed
2026-05-14 16:44:34 | INF | CONTROLLER_EXEC | Acc= admin | IP=::1 | Path=SYS202100/GetList | Message=POST /SYS202100/GetList
2026-05-14 16:44:34 | INF | ACTION_TRACE | Acc=admin | Path=/SYS202100/GetList | IP=::1 | Start=2026-05-14 16:44:34.690 | Elapsed=5ms | Status=Completed
2026-05-14 16:44:36 | INF | CONTROLLER_EXEC | Acc= admin | IP=::1 | Path=SYS202100/GetByVariable | Message=GET /SYS202100/GetByVariable
2026-05-14 16:44:36 | INF | ACTION_TRACE | Acc=admin | Path=/SYS202100/GetByVariable | IP=::1 | Start=2026-05-14 16:44:36.226 | Elapsed=84ms | Status=Completed
2026-05-14 16:44:39 | INF | CONTROLLER_EXEC | Acc= admin | IP=::1 | Path=SYS202100/GetList | Message=POST /SYS202100/GetList
2026-05-14 16:44:39 | INF | ACTION_TRACE | Acc=admin | Path=/SYS202100/GetList | IP=::1 | Start=2026-05-14 16:44:39.178 | Elapsed=44ms | Status=Completed
2026-05-14 16:44:39 | INF | CONTROLLER_EXEC | Acc= admin | IP=::1 | Path=SYS202100/GetList | Message=POST /SYS202100/GetList
2026-05-14 16:44:39 | INF | ACTION_TRACE | Acc=admin | Path=/SYS202100/GetList | IP=::1 | Start=2026-05-14 16:44:39.182 | Elapsed=46ms | Status=Completed
2026-05-14 16:44:39 | INF | CONTROLLER_EXEC | Acc= admin | IP=::1 | Path=SYS202100/GetByVariable | Message=GET /SYS202100/GetByVariable
2026-05-14 16:44:39 | INF | ACTION_TRACE | Acc=admin | Path=/SYS202100/GetByVariable | IP=::1 | Start=2026-05-14 16:44:39.653 | Elapsed=5ms | Status=Completed
2026-05-14 16:44:40 | INF | CONTROLLER_EXEC | Acc= admin | IP=::1 | Path=SYS202100/GetList | Message=POST /SYS202100/GetList
2026-05-14 16:44:40 | INF | ACTION_TRACE | Acc=admin | Path=/SYS202100/GetList | IP=::1 | Start=2026-05-14 16:44:40.289 | Elapsed=7ms | Status=Completed
2026-05-14 16:44:40 | INF | CONTROLLER_EXEC | Acc= admin | IP=::1 | Path=SYS202100/GetList | Message=POST /SYS202100/GetList
2026-05-14 16:44:40 | INF | ACTION_TRACE | Acc=admin | Path=/SYS202100/GetList | IP=::1 | Start=2026-05-14 16:44:40.295 | Elapsed=6ms | Status=Completed
2026-05-14 16:44:41 | INF | CONTROLLER_EXEC | Acc= admin | IP=::1 | Path=SYS202100/GetByVariable | Message=GET /SYS202100/GetByVariable
2026-05-14 16:44:41 | INF | ACTION_TRACE | Acc=admin | Path=/SYS202100/GetByVariable | IP=::1 | Start=2026-05-14 16:44:41.344 | Elapsed=8ms | Status=Completed
2026-05-14 16:44:41 | INF | CONTROLLER_EXEC | Acc= admin | IP=::1 | Path=SYS202100/GetList | Message=POST /SYS202100/GetList
2026-05-14 16:44:41 | INF | ACTION_TRACE | Acc=admin | Path=/SYS202100/GetList | IP=::1 | Start=2026-05-14 16:44:41.896 | Elapsed=5ms | Status=Completed
2026-05-14 16:44:41 | INF | CONTROLLER_EXEC | Acc= admin | IP=::1 | Path=SYS202100/GetList | Message=POST /SYS202100/GetList
2026-05-14 16:44:41 | INF | ACTION_TRACE | Acc=admin | Path=/SYS202100/GetList | IP=::1 | Start=2026-05-14 16:44:41.900 | Elapsed=11ms | Status=Completed
2026-05-14 16:44:42 | INF | CONTROLLER_EXEC | Acc= admin | IP=::1 | Path=SYS202100/GetByVariable | Message=GET /SYS202100/GetByVariable
2026-05-14 16:44:42 | INF | ACTION_TRACE | Acc=admin | Path=/SYS202100/GetByVariable | IP=::1 | Start=2026-05-14 16:44:42.322 | Elapsed=5ms | Status=Completed
2026-05-14 16:44:42 | INF | CONTROLLER_EXEC | Acc= admin | IP=::1 | Path=SYS202100/GetList | Message=POST /SYS202100/GetList
2026-05-14 16:44:42 | INF | ACTION_TRACE | Acc=admin | Path=/SYS202100/GetList | IP=::1 | Start=2026-05-14 16:44:42.782 | Elapsed=5ms | Status=Completed
2026-05-14 16:44:42 | INF | CONTROLLER_EXEC | Acc= admin | IP=::1 | Path=SYS202100/GetList | Message=POST /SYS202100/GetList
2026-05-14 16:44:42 | INF | ACTION_TRACE | Acc=admin | Path=/SYS202100/GetList | IP=::1 | Start=2026-05-14 16:44:42.787 | Elapsed=6ms | Status=Completed
2026-05-14 16:44:47 | INF | CONTROLLER_EXEC | Acc= admin | IP=::1 | Path=SYS202100/GetByVariable | Message=GET /SYS202100/GetByVariable
2026-05-14 16:44:47 | INF | ACTION_TRACE | Acc=admin | Path=/SYS202100/GetByVariable | IP=::1 | Start=2026-05-14 16:44:47.255 | Elapsed=6ms | Status=Completed
2026-05-14 16:44:56 | INF | CONTROLLER_EXEC | Acc= admin | IP=::1 | Path=SYS202100/Update | Message=POST /SYS202100/Update
2026-05-14 16:44:56 | INF | ACTION_TRACE | Acc=admin | Path=/SYS202100/Update | IP=::1 | Start=2026-05-14 16:44:51.001 | Elapsed=5030ms | Status=Completed
2026-05-14 16:44:56 | INF | NETWORK_UNSTABLE | Acc=admin | Path=/SYS202100/Update | Reason=SlowRequest 5030ms
2026-05-14 16:44:58 | INF | CONTROLLER_EXEC | Acc= admin | IP=::1 | Path=SYS202100/GetList | Message=POST /SYS202100/GetList
2026-05-14 16:44:58 | INF | ACTION_TRACE | Acc=admin | Path=/SYS202100/GetList | IP=::1 | Start=2026-05-14 16:44:58.422 | Elapsed=16ms | Status=Completed
2026-05-14 16:45:02 | INF | CONTROLLER_EXEC | Acc= admin | IP=::1 | Path=SYS202100/GetList | Message=POST /SYS202100/GetList
2026-05-14 16:45:02 | INF | ACTION_TRACE | Acc=admin | Path=/SYS202100/GetList | IP=::1 | Start=2026-05-14 16:44:58.438 | Elapsed=4534ms | Status=Completed
2026-05-14 16:45:02 | INF | NETWORK_UNSTABLE | Acc=admin | Path=/SYS202100/GetList | Reason=SlowRequest 4534ms
2026-05-14 16:45:02 | INF | CONTROLLER_EXEC | Acc= admin | IP=::1 | Path=SYS202100/GetList | Message=POST /SYS202100/GetList
2026-05-14 16:45:02 | INF | ACTION_TRACE | Acc=admin | Path=/SYS202100/GetList | IP=::1 | Start=2026-05-14 16:44:58.426 | Elapsed=4548ms | Status=Completed
2026-05-14 16:45:02 | INF | NETWORK_UNSTABLE | Acc=admin | Path=/SYS202100/GetList | Reason=SlowRequest 4548ms
2026-05-14 16:45:04 | INF | CONTROLLER_EXEC | Acc= admin | IP=::1 | Path=SYS202100/GetByVariable | Message=GET /SYS202100/GetByVariable
2026-05-14 16:45:04 | INF | ACTION_TRACE | Acc=admin | Path=/SYS202100/GetByVariable | IP=::1 | Start=2026-05-14 16:45:04.671 | Elapsed=8ms | Status=Completed
2026-05-14 16:45:09 | INF | CONTROLLER_EXEC | Acc= admin | IP=::1 | Path=SYS202100/GetList | Message=POST /SYS202100/GetList
2026-05-14 16:45:09 | INF | ACTION_TRACE | Acc=admin | Path=/SYS202100/GetList | IP=::1 | Start=2026-05-14 16:45:09.892 | Elapsed=5ms | Status=Completed
2026-05-14 16:45:09 | INF | CONTROLLER_EXEC | Acc= admin | IP=::1 | Path=SYS202100/GetList | Message=POST /SYS202100/GetList
2026-05-14 16:45:09 | INF | ACTION_TRACE | Acc=admin | Path=/SYS202100/GetList | IP=::1 | Start=2026-05-14 16:45:09.895 | Elapsed=5ms | Status=Completed
2026-05-14 16:48:26 | INF | CONTROLLER_EXEC | Acc= admin | IP=::1 | Path=SYS202100/GetList | Message=POST /SYS202100/GetList
2026-05-14 16:48:26 | INF | ACTION_TRACE | Acc=admin | Path=/SYS202100/GetList | IP=::1 | Start=2026-05-14 16:48:26.909 | Elapsed=9ms | Status=Completed
2026-05-14 16:48:30 | INF | CONTROLLER_EXEC | Acc= admin | IP=::1 | Path=SYS202100/GetList | Message=POST /SYS202100/GetList
2026-05-14 16:48:30 | INF | ACTION_TRACE | Acc=admin | Path=/SYS202100/GetList | IP=::1 | Start=2026-05-14 16:48:30.264 | Elapsed=4ms | Status=Completed
2026-05-14 16:51:47 | INF | ACTION_TRACE | Acc=admin | Path=/Home/Index | IP=::1 | Start=2026-05-14 16:51:47.759 | Elapsed=43ms | Status=Completed
2026-05-14 16:51:49 | INF | ACTION_TRACE | Acc=admin | Path=/Home/GetMenu | IP=::1 | Start=2026-05-14 16:51:49.904 | Elapsed=9ms | Status=Completed
2026-05-14 16:51:53 | INF | CONTROLLER_EXEC | Acc= admin | IP=::1 | Path=SYS202100/SYS202100 | Message=GET /SYS202100/SYS202100
2026-05-14 16:51:53 | INF | ACTION_TRACE | Acc=admin | Path=/SYS202100/SYS202100 | IP=::1 | Start=2026-05-14 16:51:53.631 | Elapsed=79ms | Status=Completed
2026-05-14 16:51:53 | INF | CONTROLLER_EXEC | Acc= admin | IP=::1 | Path=SYS202100/GetList | Message=POST /SYS202100/GetList
2026-05-14 16:51:53 | INF | ACTION_TRACE | Acc=admin | Path=/SYS202100/GetList | IP=::1 | Start=2026-05-14 16:51:53.781 | Elapsed=17ms | Status=Completed
2026-05-14 16:51:53 | INF | CONTROLLER_EXEC | Acc= admin | IP=::1 | Path=SYS202100/GetList | Message=POST /SYS202100/GetList
2026-05-14 16:51:53 | INF | ACTION_TRACE | Acc=admin | Path=/SYS202100/GetList | IP=::1 | Start=2026-05-14 16:51:53.836 | Elapsed=5ms | Status=Completed
2026-05-14 16:51:55 | INF | CONTROLLER_EXEC | Acc= admin | IP=::1 | Path=SYS202100/GetByVariable | Message=GET /SYS202100/GetByVariable
2026-05-14 16:51:55 | INF | ACTION_TRACE | Acc=admin | Path=/SYS202100/GetByVariable | IP=::1 | Start=2026-05-14 16:51:55.299 | Elapsed=16ms | Status=Completed
2026-05-14 16:52:38 | INF | ACTION_TRACE | Acc=admin | Path=/Home/Index | IP=::1 | Start=2026-05-14 16:52:38.463 | Elapsed=48ms | Status=Completed
2026-05-14 16:52:39 | INF | ACTION_TRACE | Acc=admin | Path=/Home/GetMenu | IP=::1 | Start=2026-05-14 16:52:39.318 | Elapsed=10ms | Status=Completed
2026-05-14 16:52:42 | INF | CONTROLLER_EXEC | Acc= admin | IP=::1 | Path=SYS202100/SYS202100 | Message=GET /SYS202100/SYS202100
2026-05-14 16:52:42 | INF | ACTION_TRACE | Acc=admin | Path=/SYS202100/SYS202100 | IP=::1 | Start=2026-05-14 16:52:42.594 | Elapsed=69ms | Status=Completed
2026-05-14 16:52:42 | INF | CONTROLLER_EXEC | Acc= admin | IP=::1 | Path=SYS202100/GetList | Message=POST /SYS202100/GetList
2026-05-14 16:52:42 | INF | ACTION_TRACE | Acc=admin | Path=/SYS202100/GetList | IP=::1 | Start=2026-05-14 16:52:42.718 | Elapsed=25ms | Status=Completed
2026-05-14 16:52:42 | INF | CONTROLLER_EXEC | Acc= admin | IP=::1 | Path=SYS202100/GetList | Message=POST /SYS202100/GetList
2026-05-14 16:52:42 | INF | ACTION_TRACE | Acc=admin | Path=/SYS202100/GetList | IP=::1 | Start=2026-05-14 16:52:42.771 | Elapsed=4ms | Status=Completed
2026-05-14 16:52:51 | INF | ACTION_TRACE | Acc=admin | Path=/Home/Index | IP=::1 | Start=2026-05-14 16:52:51.019 | Elapsed=52ms | Status=Completed
2026-05-14 16:52:52 | INF | ACTION_TRACE | Acc=admin | Path=/Home/GetMenu | IP=::1 | Start=2026-05-14 16:52:52.101 | Elapsed=50ms | Status=Completed
2026-05-14 16:52:54 | INF | CONTROLLER_EXEC | Acc= admin | IP=::1 | Path=SYS202100/SYS202100 | Message=GET /SYS202100/SYS202100
2026-05-14 16:52:54 | INF | ACTION_TRACE | Acc=admin | Path=/SYS202100/SYS202100 | IP=::1 | Start=2026-05-14 16:52:54.667 | Elapsed=69ms | Status=Completed
2026-05-14 16:52:54 | INF | CONTROLLER_EXEC | Acc= admin | IP=::1 | Path=SYS202100/GetList | Message=POST /SYS202100/GetList
2026-05-14 16:52:54 | INF | ACTION_TRACE | Acc=admin | Path=/SYS202100/GetList | IP=::1 | Start=2026-05-14 16:52:54.783 | Elapsed=16ms | Status=Completed
2026-05-14 16:52:54 | INF | CONTROLLER_EXEC | Acc= admin | IP=::1 | Path=SYS202100/GetList | Message=POST /SYS202100/GetList
2026-05-14 16:52:54 | INF | ACTION_TRACE | Acc=admin | Path=/SYS202100/GetList | IP=::1 | Start=2026-05-14 16:52:54.820 | Elapsed=7ms | Status=Completed
2026-05-14 16:53:16 | INF | ACTION_TRACE | Acc=admin | Path=/Home/Index | IP=::1 | Start=2026-05-14 16:53:16.286 | Elapsed=46ms | Status=Completed
2026-05-14 16:53:18 | INF | ACTION_TRACE | Acc=admin | Path=/Home/GetMenu | IP=::1 | Start=2026-05-14 16:53:18.102 | Elapsed=9ms | Status=Completed
2026-05-14 16:53:20 | INF | CONTROLLER_EXEC | Acc= admin | IP=::1 | Path=SYS202100/SYS202100 | Message=GET /SYS202100/SYS202100
2026-05-14 16:53:20 | INF | ACTION_TRACE | Acc=admin | Path=/SYS202100/SYS202100 | IP=::1 | Start=2026-05-14 16:53:20.577 | Elapsed=66ms | Status=Completed
2026-05-14 16:53:20 | INF | CONTROLLER_EXEC | Acc= admin | IP=::1 | Path=SYS202100/GetList | Message=POST /SYS202100/GetList
2026-05-14 16:53:20 | INF | ACTION_TRACE | Acc=admin | Path=/SYS202100/GetList | IP=::1 | Start=2026-05-14 16:53:20.698 | Elapsed=16ms | Status=Completed
2026-05-14 16:53:20 | INF | CONTROLLER_EXEC | Acc= admin | IP=::1 | Path=SYS202100/GetList | Message=POST /SYS202100/GetList
2026-05-14 16:53:20 | INF | ACTION_TRACE | Acc=admin | Path=/SYS202100/GetList | IP=::1 | Start=2026-05-14 16:53:20.740 | Elapsed=3ms | Status=Completed
2026-05-14 16:53:22 | INF | CONTROLLER_EXEC | Acc= admin | IP=::1 | Path=SYS202100/GetByVariable | Message=GET /SYS202100/GetByVariable
2026-05-14 16:53:22 | INF | ACTION_TRACE | Acc=admin | Path=/SYS202100/GetByVariable | IP=::1 | Start=2026-05-14 16:53:22.901 | Elapsed=16ms | Status=Completed
2026-05-14 16:54:17 | INF | ACTION_TRACE | Acc=admin | Path=/Home/Index | IP=::1 | Start=2026-05-14 16:54:17.419 | Elapsed=66ms | Status=Completed
2026-05-14 16:54:18 | INF | ACTION_TRACE | Acc=admin | Path=/Home/GetMenu | IP=::1 | Start=2026-05-14 16:54:18.403 | Elapsed=46ms | Status=Completed
2026-05-14 16:55:48 | INF | CONTROLLER_EXEC | Acc= admin | IP=::1 | Path=SYS202100/SYS202100 | Message=GET /SYS202100/SYS202100
2026-05-14 16:55:48 | INF | ACTION_TRACE | Acc=admin | Path=/SYS202100/SYS202100 | IP=::1 | Start=2026-05-14 16:55:48.381 | Elapsed=81ms | Status=Completed
2026-05-14 16:55:48 | INF | CONTROLLER_EXEC | Acc= admin | IP=::1 | Path=SYS202100/GetList | Message=POST /SYS202100/GetList
2026-05-14 16:55:48 | INF | ACTION_TRACE | Acc=admin | Path=/SYS202100/GetList | IP=::1 | Start=2026-05-14 16:55:48.536 | Elapsed=16ms | Status=Completed
2026-05-14 16:55:48 | INF | CONTROLLER_EXEC | Acc= admin | IP=::1 | Path=SYS202100/GetList | Message=POST /SYS202100/GetList
2026-05-14 16:55:48 | INF | ACTION_TRACE | Acc=admin | Path=/SYS202100/GetList | IP=::1 | Start=2026-05-14 16:55:48.589 | Elapsed=40ms | Status=Completed
2026-05-14 16:55:50 | INF | CONTROLLER_EXEC | Acc= admin | IP=::1 | Path=SYS202100/GetByVariable | Message=GET /SYS202100/GetByVariable
2026-05-14 16:55:50 | INF | ACTION_TRACE | Acc=admin | Path=/SYS202100/GetByVariable | IP=::1 | Start=2026-05-14 16:55:50.291 | Elapsed=11ms | Status=Completed
2026-05-14 16:56:03 | INF | CONTROLLER_EXEC | Acc= admin | IP=::1 | Path=SYS202100/GetList | Message=POST /SYS202100/GetList
2026-05-14 16:56:03 | INF | ACTION_TRACE | Acc=admin | Path=/SYS202100/GetList | IP=::1 | Start=2026-05-14 16:56:03.188 | Elapsed=14ms | Status=Completed
2026-05-14 16:56:04 | INF | CONTROLLER_EXEC | Acc= admin | IP=::1 | Path=SYS202100/GetList | Message=POST /SYS202100/GetList
2026-05-14 16:56:04 | INF | ACTION_TRACE | Acc=admin | Path=/SYS202100/GetList | IP=::1 | Start=2026-05-14 16:56:04.633 | Elapsed=4ms | Status=Completed
2026-05-14 16:56:44 | INF | CONTROLLER_EXEC | Acc= admin | IP=::1 | Path=SYS202100/GetList | Message=POST /SYS202100/GetList
2026-05-14 16:56:44 | INF | ACTION_TRACE | Acc=admin | Path=/SYS202100/GetList | IP=::1 | Start=2026-05-14 16:56:44.160 | Elapsed=6ms | Status=Completed
2026-05-14 16:56:48 | INF | CONTROLLER_EXEC | Acc= admin | IP=::1 | Path=SYS202100/GetList | Message=POST /SYS202100/GetList
2026-05-14 16:56:48 | INF | ACTION_TRACE | Acc=admin | Path=/SYS202100/GetList | IP=::1 | Start=2026-05-14 16:56:44.161 | Elapsed=4543ms | Status=Completed
2026-05-14 16:56:48 | INF | NETWORK_UNSTABLE | Acc=admin | Path=/SYS202100/GetList | Reason=SlowRequest 4543ms
2026-05-14 16:57:07 | INF | CONTROLLER_EXEC | Acc= admin | IP=::1 | Path=SYS202100/GetByVariable | Message=GET /SYS202100/GetByVariable
2026-05-14 16:57:07 | INF | ACTION_TRACE | Acc=admin | Path=/SYS202100/GetByVariable | IP=::1 | Start=2026-05-14 16:57:07.513 | Elapsed=13ms | Status=Completed
2026-05-14 16:57:38 | INF | ACTION_TRACE | Acc=admin | Path=/Home/Index | IP=::1 | Start=2026-05-14 16:57:37.983 | Elapsed=85ms | Status=Completed
2026-05-14 16:57:39 | INF | ACTION_TRACE | Acc=admin | Path=/Home/GetMenu | IP=::1 | Start=2026-05-14 16:57:39.012 | Elapsed=56ms | Status=Completed
2026-05-14 16:57:42 | INF | CONTROLLER_EXEC | Acc= admin | IP=::1 | Path=SYS202100/SYS202100 | Message=GET /SYS202100/SYS202100
2026-05-14 16:57:42 | INF | ACTION_TRACE | Acc=admin | Path=/SYS202100/SYS202100 | IP=::1 | Start=2026-05-14 16:57:41.992 | Elapsed=85ms | Status=Completed
2026-05-14 16:57:42 | INF | CONTROLLER_EXEC | Acc= admin | IP=::1 | Path=SYS202100/GetList | Message=POST /SYS202100/GetList
2026-05-14 16:57:42 | INF | ACTION_TRACE | Acc=admin | Path=/SYS202100/GetList | IP=::1 | Start=2026-05-14 16:57:42.143 | Elapsed=21ms | Status=Completed
2026-05-14 16:57:42 | INF | CONTROLLER_EXEC | Acc= admin | IP=::1 | Path=SYS202100/GetList | Message=POST /SYS202100/GetList
2026-05-14 16:57:42 | INF | ACTION_TRACE | Acc=admin | Path=/SYS202100/GetList | IP=::1 | Start=2026-05-14 16:57:42.198 | Elapsed=5ms | Status=Completed
2026-05-14 16:57:43 | INF | CONTROLLER_EXEC | Acc= admin | IP=::1 | Path=SYS202100/GetByVariable | Message=GET /SYS202100/GetByVariable
2026-05-14 16:57:43 | INF | ACTION_TRACE | Acc=admin | Path=/SYS202100/GetByVariable | IP=::1 | Start=2026-05-14 16:57:43.384 | Elapsed=20ms | Status=Completed
2026-05-14 16:58:02 | INF | CONTROLLER_EXEC | Acc= admin | IP=::1 | Path=SYS202100/GetList | Message=POST /SYS202100/GetList
2026-05-14 16:58:02 | INF | ACTION_TRACE | Acc=admin | Path=/SYS202100/GetList | IP=::1 | Start=2026-05-14 16:58:02.293 | Elapsed=4ms | Status=Completed
2026-05-14 16:58:02 | INF | CONTROLLER_EXEC | Acc= admin | IP=::1 | Path=SYS202100/GetList | Message=POST /SYS202100/GetList
2026-05-14 16:58:02 | INF | ACTION_TRACE | Acc=admin | Path=/SYS202100/GetList | IP=::1 | Start=2026-05-14 16:58:02.288 | Elapsed=164ms | Status=Completed
2026-05-14 16:59:02 | INF | ACTION_TRACE | Acc=admin | Path=/Home/Index | IP=::1 | Start=2026-05-14 16:59:02.421 | Elapsed=74ms | Status=Completed
2026-05-14 16:59:06 | INF | ACTION_TRACE | Acc=admin | Path=/Home/Index | IP=::1 | Start=2026-05-14 16:59:06.665 | Elapsed=81ms | Status=Completed
2026-05-14 16:59:34 | INF | ACTION_TRACE | Acc=admin | Path=/Home/Index | IP=::1 | Start=2026-05-14 16:59:34.618 | Elapsed=99ms | Status=Completed
2026-05-14 16:59:35 | INF | ACTION_TRACE | Acc=admin | Path=/Home/GetMenu | IP=::1 | Start=2026-05-14 16:59:35.877 | Elapsed=57ms | Status=Completed
2026-05-14 16:59:38 | INF | CONTROLLER_EXEC | Acc= admin | IP=::1 | Path=SYS202100/SYS202100 | Message=GET /SYS202100/SYS202100
2026-05-14 16:59:38 | INF | ACTION_TRACE | Acc=admin | Path=/SYS202100/SYS202100 | IP=::1 | Start=2026-05-14 16:59:38.286 | Elapsed=68ms | Status=Completed
2026-05-14 16:59:38 | INF | CONTROLLER_EXEC | Acc= admin | IP=::1 | Path=SYS202100/GetList | Message=POST /SYS202100/GetList
2026-05-14 16:59:38 | INF | ACTION_TRACE | Acc=admin | Path=/SYS202100/GetList | IP=::1 | Start=2026-05-14 16:59:38.411 | Elapsed=14ms | Status=Completed
2026-05-14 16:59:38 | INF | CONTROLLER_EXEC | Acc= admin | IP=::1 | Path=SYS202100/GetList | Message=POST /SYS202100/GetList
2026-05-14 16:59:38 | INF | ACTION_TRACE | Acc=admin | Path=/SYS202100/GetList | IP=::1 | Start=2026-05-14 16:59:38.449 | Elapsed=4ms | Status=Completed
2026-05-14 16:59:39 | INF | CONTROLLER_EXEC | Acc= admin | IP=::1 | Path=SYS202100/GetByVariable | Message=GET /SYS202100/GetByVariable
2026-05-14 16:59:39 | INF | ACTION_TRACE | Acc=admin | Path=/SYS202100/GetByVariable | IP=::1 | Start=2026-05-14 16:59:39.355 | Elapsed=17ms | Status=Completed
2026-05-14 17:00:01 | INF | ACTION_TRACE | Acc=admin | Path=/Home/Index | IP=::1 | Start=2026-05-14 17:00:00.996 | Elapsed=50ms | Status=Completed
2026-05-14 17:00:03 | INF | ACTION_TRACE | Acc=admin | Path=/Home/Index | IP=::1 | Start=2026-05-14 17:00:02.786 | Elapsed=433ms | Status=Completed
2026-05-14 17:00:05 | INF | ACTION_TRACE | Acc=admin | Path=/Home/GetMenu | IP=::1 | Start=2026-05-14 17:00:05.565 | Elapsed=245ms | Status=Completed
2026-05-14 17:00:07 | INF | CONTROLLER_EXEC | Acc= admin | IP=::1 | Path=SYS202100/SYS202100 | Message=GET /SYS202100/SYS202100
2026-05-14 17:00:07 | INF | ACTION_TRACE | Acc=admin | Path=/SYS202100/SYS202100 | IP=::1 | Start=2026-05-14 17:00:07.512 | Elapsed=58ms | Status=Completed
2026-05-14 17:00:07 | INF | CONTROLLER_EXEC | Acc= admin | IP=::1 | Path=SYS202100/GetList | Message=POST /SYS202100/GetList
2026-05-14 17:00:07 | INF | ACTION_TRACE | Acc=admin | Path=/SYS202100/GetList | IP=::1 | Start=2026-05-14 17:00:07.611 | Elapsed=15ms | Status=Completed
2026-05-14 17:00:07 | INF | CONTROLLER_EXEC | Acc= admin | IP=::1 | Path=SYS202100/GetList | Message=POST /SYS202100/GetList
2026-05-14 17:00:07 | INF | ACTION_TRACE | Acc=admin | Path=/SYS202100/GetList | IP=::1 | Start=2026-05-14 17:00:07.646 | Elapsed=5ms | Status=Completed
2026-05-14 17:00:08 | INF | CONTROLLER_EXEC | Acc= admin | IP=::1 | Path=SYS202100/GetByVariable | Message=GET /SYS202100/GetByVariable
2026-05-14 17:00:08 | INF | ACTION_TRACE | Acc=admin | Path=/SYS202100/GetByVariable | IP=::1 | Start=2026-05-14 17:00:08.749 | Elapsed=14ms | Status=Completed
2026-05-14 17:01:02 | INF | ACTION_TRACE | Acc=admin | Path=/Home/Index | IP=::1 | Start=2026-05-14 17:01:02.010 | Elapsed=52ms | Status=Completed
2026-05-14 17:01:02 | INF | ACTION_TRACE | Acc=admin | Path=/Home/GetMenu | IP=::1 | Start=2026-05-14 17:01:02.923 | Elapsed=10ms | Status=Completed
2026-05-14 17:01:04 | INF | CONTROLLER_EXEC | Acc= admin | IP=::1 | Path=SYS202100/SYS202100 | Message=GET /SYS202100/SYS202100
2026-05-14 17:01:04 | INF | ACTION_TRACE | Acc=admin | Path=/SYS202100/SYS202100 | IP=::1 | Start=2026-05-14 17:01:04.777 | Elapsed=63ms | Status=Completed
2026-05-14 17:01:04 | INF | CONTROLLER_EXEC | Acc= admin | IP=::1 | Path=SYS202100/GetList | Message=POST /SYS202100/GetList
2026-05-14 17:01:04 | INF | ACTION_TRACE | Acc=admin | Path=/SYS202100/GetList | IP=::1 | Start=2026-05-14 17:01:04.900 | Elapsed=22ms | Status=Completed
2026-05-14 17:01:04 | INF | CONTROLLER_EXEC | Acc= admin | IP=::1 | Path=SYS202100/GetList | Message=POST /SYS202100/GetList
2026-05-14 17:01:04 | INF | ACTION_TRACE | Acc=admin | Path=/SYS202100/GetList | IP=::1 | Start=2026-05-14 17:01:04.962 | Elapsed=4ms | Status=Completed
2026-05-14 17:01:06 | INF | CONTROLLER_EXEC | Acc= admin | IP=::1 | Path=SYS202100/GetByVariable | Message=GET /SYS202100/GetByVariable
2026-05-14 17:01:06 | INF | ACTION_TRACE | Acc=admin | Path=/SYS202100/GetByVariable | IP=::1 | Start=2026-05-14 17:01:06.299 | Elapsed=21ms | Status=Completed
2026-05-14 17:01:47 | INF | ACTION_TRACE | Acc=admin | Path=/Home/Index | IP=::1 | Start=2026-05-14 17:01:47.099 | Elapsed=64ms | Status=Completed
2026-05-14 17:01:58 | INF | ACTION_TRACE | Acc=admin | Path=/Home/Index | IP=::1 | Start=2026-05-14 17:01:58.173 | Elapsed=104ms | Status=Completed
2026-05-14 17:02:01 | INF | ACTION_TRACE | Acc=admin | Path=/Home/GetMenu | IP=::1 | Start=2026-05-14 17:02:01.130 | Elapsed=28ms | Status=Completed
2026-05-14 17:02:04 | INF | CONTROLLER_EXEC | Acc= admin | IP=::1 | Path=SYS202100/SYS202100 | Message=GET /SYS202100/SYS202100
2026-05-14 17:02:04 | INF | ACTION_TRACE | Acc=admin | Path=/SYS202100/SYS202100 | IP=::1 | Start=2026-05-14 17:02:03.702 | Elapsed=721ms | Status=Completed
2026-05-14 17:02:04 | INF | CONTROLLER_EXEC | Acc= admin | IP=::1 | Path=SYS202100/GetList | Message=POST /SYS202100/GetList
2026-05-14 17:02:04 | INF | ACTION_TRACE | Acc=admin | Path=/SYS202100/GetList | IP=::1 | Start=2026-05-14 17:02:04.474 | Elapsed=252ms | Status=Completed
2026-05-14 17:02:04 | INF | CONTROLLER_EXEC | Acc= admin | IP=::1 | Path=SYS202100/GetList | Message=POST /SYS202100/GetList
2026-05-14 17:02:04 | INF | ACTION_TRACE | Acc=admin | Path=/SYS202100/GetList | IP=::1 | Start=2026-05-14 17:02:04.746 | Elapsed=170ms | Status=Completed
2026-05-14 17:02:06 | INF | CONTROLLER_EXEC | Acc= admin | IP=::1 | Path=SYS202100/GetByVariable | Message=GET /SYS202100/GetByVariable
2026-05-14 17:02:06 | INF | ACTION_TRACE | Acc=admin | Path=/SYS202100/GetByVariable | IP=::1 | Start=2026-05-14 17:02:06.549 | Elapsed=17ms | Status=Completed
2026-05-14 17:02:24 | INF | ACTION_TRACE | Acc=admin | Path=/Home/Index | IP=::1 | Start=2026-05-14 17:02:24.502 | Elapsed=67ms | Status=Completed
2026-05-14 17:02:26 | INF | ACTION_TRACE | Acc=admin | Path=/Home/GetMenu | IP=::1 | Start=2026-05-14 17:02:26.249 | Elapsed=68ms | Status=Completed
2026-05-14 17:02:28 | INF | CONTROLLER_EXEC | Acc= admin | IP=::1 | Path=SYS202100/SYS202100 | Message=GET /SYS202100/SYS202100
2026-05-14 17:02:28 | INF | ACTION_TRACE | Acc=admin | Path=/SYS202100/SYS202100 | IP=::1 | Start=2026-05-14 17:02:28.712 | Elapsed=74ms | Status=Completed
2026-05-14 17:02:28 | INF | CONTROLLER_EXEC | Acc= admin | IP=::1 | Path=SYS202100/GetList | Message=POST /SYS202100/GetList
2026-05-14 17:02:28 | INF | ACTION_TRACE | Acc=admin | Path=/SYS202100/GetList | IP=::1 | Start=2026-05-14 17:02:28.832 | Elapsed=17ms | Status=Completed
2026-05-14 17:02:28 | INF | CONTROLLER_EXEC | Acc= admin | IP=::1 | Path=SYS202100/GetList | Message=POST /SYS202100/GetList
2026-05-14 17:02:28 | INF | ACTION_TRACE | Acc=admin | Path=/SYS202100/GetList | IP=::1 | Start=2026-05-14 17:02:28.869 | Elapsed=4ms | Status=Completed
2026-05-14 17:02:30 | INF | CONTROLLER_EXEC | Acc= admin | IP=::1 | Path=SYS202100/GetByVariable | Message=GET /SYS202100/GetByVariable
2026-05-14 17:02:30 | INF | ACTION_TRACE | Acc=admin | Path=/SYS202100/GetByVariable | IP=::1 | Start=2026-05-14 17:02:30.969 | Elapsed=15ms | Status=Completed
2026-05-14 17:02:51 | INF | ACTION_TRACE | Acc=admin | Path=/Home/Index | IP=::1 | Start=2026-05-14 17:02:51.507 | Elapsed=51ms | Status=Completed
2026-05-14 17:02:52 | INF | ACTION_TRACE | Acc=admin | Path=/Home/GetMenu | IP=::1 | Start=2026-05-14 17:02:52.901 | Elapsed=11ms | Status=Completed
2026-05-14 17:02:54 | INF | CONTROLLER_EXEC | Acc= admin | IP=::1 | Path=SYS202100/SYS202100 | Message=GET /SYS202100/SYS202100
2026-05-14 17:02:54 | INF | ACTION_TRACE | Acc=admin | Path=/SYS202100/SYS202100 | IP=::1 | Start=2026-05-14 17:02:54.905 | Elapsed=75ms | Status=Completed
2026-05-14 17:02:55 | INF | CONTROLLER_EXEC | Acc= admin | IP=::1 | Path=SYS202100/GetList | Message=POST /SYS202100/GetList
2026-05-14 17:02:55 | INF | ACTION_TRACE | Acc=admin | Path=/SYS202100/GetList | IP=::1 | Start=2026-05-14 17:02:55.050 | Elapsed=16ms | Status=Completed
2026-05-14 17:02:55 | INF | CONTROLLER_EXEC | Acc= admin | IP=::1 | Path=SYS202100/GetList | Message=POST /SYS202100/GetList
2026-05-14 17:02:55 | INF | ACTION_TRACE | Acc=admin | Path=/SYS202100/GetList | IP=::1 | Start=2026-05-14 17:02:55.098 | Elapsed=7ms | Status=Completed
2026-05-14 17:02:56 | INF | CONTROLLER_EXEC | Acc= admin | IP=::1 | Path=SYS202100/GetByVariable | Message=GET /SYS202100/GetByVariable
2026-05-14 17:02:56 | INF | ACTION_TRACE | Acc=admin | Path=/SYS202100/GetByVariable | IP=::1 | Start=2026-05-14 17:02:56.810 | Elapsed=17ms | Status=Completed
2026-05-14 17:03:07 | INF | CONTROLLER_EXEC | Acc= admin | IP=::1 | Path=SYS202100/GetList | Message=POST /SYS202100/GetList
2026-05-14 17:03:07 | INF | ACTION_TRACE | Acc=admin | Path=/SYS202100/GetList | IP=::1 | Start=2026-05-14 17:03:07.384 | Elapsed=6ms | Status=Completed
2026-05-14 17:03:07 | INF | CONTROLLER_EXEC | Acc= admin | IP=::1 | Path=SYS202100/GetList | Message=POST /SYS202100/GetList
2026-05-14 17:03:07 | INF | ACTION_TRACE | Acc=admin | Path=/SYS202100/GetList | IP=::1 | Start=2026-05-14 17:03:07.393 | Elapsed=5ms | Status=Completed
2026-05-14 17:03:19 | INF | CONTROLLER_EXEC | Acc= admin | IP=::1 | Path=SYS202100/GetByVariable | Message=GET /SYS202100/GetByVariable
2026-05-14 17:03:19 | INF | ACTION_TRACE | Acc=admin | Path=/SYS202100/GetByVariable | IP=::1 | Start=2026-05-14 17:03:19.293 | Elapsed=6ms | Status=Completed
2026-05-14 17:03:30 | INF | CONTROLLER_EXEC | Acc= admin | IP=::1 | Path=SYS202100/GetList | Message=POST /SYS202100/GetList
2026-05-14 17:03:30 | INF | ACTION_TRACE | Acc=admin | Path=/SYS202100/GetList | IP=::1 | Start=2026-05-14 17:03:30.786 | Elapsed=12ms | Status=Completed
2026-05-14 17:03:35 | INF | CONTROLLER_EXEC | Acc= admin | IP=::1 | Path=SYS202100/GetList | Message=POST /SYS202100/GetList
2026-05-14 17:03:35 | INF | ACTION_TRACE | Acc=admin | Path=/SYS202100/GetList | IP=::1 | Start=2026-05-14 17:03:30.790 | Elapsed=4552ms | Status=Completed
2026-05-14 17:03:35 | INF | NETWORK_UNSTABLE | Acc=admin | Path=/SYS202100/GetList | Reason=SlowRequest 4552ms
2026-05-14 17:03:44 | INF | ACTION_TRACE | Acc=admin | Path=/Home/Index | IP=::1 | Start=2026-05-14 17:03:44.569 | Elapsed=87ms | Status=Completed
2026-05-14 17:03:46 | INF | ACTION_TRACE | Acc=admin | Path=/Home/GetMenu | IP=::1 | Start=2026-05-14 17:03:46.171 | Elapsed=65ms | Status=Completed
2026-05-14 17:03:47 | INF | CONTROLLER_EXEC | Acc= admin | IP=::1 | Path=SYS202100/SYS202100 | Message=GET /SYS202100/SYS202100
2026-05-14 17:03:47 | INF | ACTION_TRACE | Acc=admin | Path=/SYS202100/SYS202100 | IP=::1 | Start=2026-05-14 17:03:47.766 | Elapsed=81ms | Status=Completed
2026-05-14 17:03:47 | INF | CONTROLLER_EXEC | Acc= admin | IP=::1 | Path=SYS202100/GetList | Message=POST /SYS202100/GetList
2026-05-14 17:03:47 | INF | ACTION_TRACE | Acc=admin | Path=/SYS202100/GetList | IP=::1 | Start=2026-05-14 17:03:47.915 | Elapsed=24ms | Status=Completed
2026-05-14 17:03:47 | INF | CONTROLLER_EXEC | Acc= admin | IP=::1 | Path=SYS202100/GetList | Message=POST /SYS202100/GetList
2026-05-14 17:03:47 | INF | ACTION_TRACE | Acc=admin | Path=/SYS202100/GetList | IP=::1 | Start=2026-05-14 17:03:47.978 | Elapsed=5ms | Status=Completed
2026-05-14 17:04:22 | INF | ACTION_TRACE | Acc=admin | Path=/Home/Index | IP=::1 | Start=2026-05-14 17:04:22.697 | Elapsed=78ms | Status=Completed
2026-05-14 17:04:26 | INF | ACTION_TRACE | Acc=admin | Path=/Home/GetMenu | IP=::1 | Start=2026-05-14 17:04:26.397 | Elapsed=39ms | Status=Completed
2026-05-14 17:04:26 | INF | ACTION_TRACE | Acc=admin | Path=/Home/GetMenu | IP=::1 | Start=2026-05-14 17:04:26.830 | Elapsed=41ms | Status=Completed
2026-05-14 17:04:28 | INF | CONTROLLER_EXEC | Acc= admin | IP=::1 | Path=SYS202100/SYS202100 | Message=GET /SYS202100/SYS202100
2026-05-14 17:04:28 | INF | ACTION_TRACE | Acc=admin | Path=/SYS202100/SYS202100 | IP=::1 | Start=2026-05-14 17:04:28.693 | Elapsed=90ms | Status=Completed
2026-05-14 17:04:28 | INF | CONTROLLER_EXEC | Acc= admin | IP=::1 | Path=SYS202100/GetList | Message=POST /SYS202100/GetList
2026-05-14 17:04:28 | INF | ACTION_TRACE | Acc=admin | Path=/SYS202100/GetList | IP=::1 | Start=2026-05-14 17:04:28.829 | Elapsed=20ms | Status=Completed
2026-05-14 17:04:28 | INF | CONTROLLER_EXEC | Acc= admin | IP=::1 | Path=SYS202100/GetList | Message=POST /SYS202100/GetList
2026-05-14 17:04:28 | INF | ACTION_TRACE | Acc=admin | Path=/SYS202100/GetList | IP=::1 | Start=2026-05-14 17:04:28.870 | Elapsed=5ms | Status=Completed
2026-05-14 17:04:30 | INF | CONTROLLER_EXEC | Acc= admin | IP=::1 | Path=SYS202100/GetByVariable | Message=GET /SYS202100/GetByVariable
2026-05-14 17:04:30 | INF | ACTION_TRACE | Acc=admin | Path=/SYS202100/GetByVariable | IP=::1 | Start=2026-05-14 17:04:30.486 | Elapsed=17ms | Status=Completed
2026-05-14 17:04:39 | INF | ACTION_TRACE | Acc=admin | Path=/Home/Index | IP=::1 | Start=2026-05-14 17:04:39.610 | Elapsed=54ms | Status=Completed
2026-05-14 17:04:42 | INF | ACTION_TRACE | Acc=admin | Path=/Home/GetMenu | IP=::1 | Start=2026-05-14 17:04:42.180 | Elapsed=6ms | Status=Completed
2026-05-14 17:04:44 | INF | CONTROLLER_EXEC | Acc= admin | IP=::1 | Path=SYS202100/SYS202100 | Message=GET /SYS202100/SYS202100
2026-05-14 17:04:44 | INF | ACTION_TRACE | Acc=admin | Path=/SYS202100/SYS202100 | IP=::1 | Start=2026-05-14 17:04:44.876 | Elapsed=70ms | Status=Completed
2026-05-14 17:04:45 | INF | CONTROLLER_EXEC | Acc= admin | IP=::1 | Path=SYS202100/GetList | Message=POST /SYS202100/GetList
2026-05-14 17:04:45 | INF | ACTION_TRACE | Acc=admin | Path=/SYS202100/GetList | IP=::1 | Start=2026-05-14 17:04:44.993 | Elapsed=16ms | Status=Completed
2026-05-14 17:04:45 | INF | CONTROLLER_EXEC | Acc= admin | IP=::1 | Path=SYS202100/GetList | Message=POST /SYS202100/GetList
2026-05-14 17:04:45 | INF | ACTION_TRACE | Acc=admin | Path=/SYS202100/GetList | IP=::1 | Start=2026-05-14 17:04:45.043 | Elapsed=3ms | Status=Completed
2026-05-14 17:04:47 | INF | CONTROLLER_EXEC | Acc= admin | IP=::1 | Path=SYS202100/GetByVariable | Message=GET /SYS202100/GetByVariable
2026-05-14 17:04:47 | INF | ACTION_TRACE | Acc=admin | Path=/SYS202100/GetByVariable | IP=::1 | Start=2026-05-14 17:04:47.218 | Elapsed=23ms | Status=Completed
2026-05-14 17:05:24 | INF | ACTION_TRACE | Acc=admin | Path=/Home/Index | IP=::1 | Start=2026-05-14 17:05:24.171 | Elapsed=44ms | Status=Completed
2026-05-14 17:05:25 | INF | ACTION_TRACE | Acc=admin | Path=/Home/GetMenu | IP=::1 | Start=2026-05-14 17:05:25.420 | Elapsed=7ms | Status=Completed
2026-05-14 17:05:26 | INF | CONTROLLER_EXEC | Acc= admin | IP=::1 | Path=SYS202100/SYS202100 | Message=GET /SYS202100/SYS202100
2026-05-14 17:05:26 | INF | ACTION_TRACE | Acc=admin | Path=/SYS202100/SYS202100 | IP=::1 | Start=2026-05-14 17:05:26.800 | Elapsed=70ms | Status=Completed
2026-05-14 17:05:26 | INF | CONTROLLER_EXEC | Acc= admin | IP=::1 | Path=SYS202100/GetList | Message=POST /SYS202100/GetList
2026-05-14 17:05:26 | INF | ACTION_TRACE | Acc=admin | Path=/SYS202100/GetList | IP=::1 | Start=2026-05-14 17:05:26.917 | Elapsed=14ms | Status=Completed
2026-05-14 17:05:26 | INF | CONTROLLER_EXEC | Acc= admin | IP=::1 | Path=SYS202100/GetList | Message=POST /SYS202100/GetList
2026-05-14 17:05:26 | INF | ACTION_TRACE | Acc=admin | Path=/SYS202100/GetList | IP=::1 | Start=2026-05-14 17:05:26.958 | Elapsed=4ms | Status=Completed
2026-05-14 17:05:28 | INF | CONTROLLER_EXEC | Acc= admin | IP=::1 | Path=SYS202100/GetByVariable | Message=GET /SYS202100/GetByVariable
2026-05-14 17:05:28 | INF | ACTION_TRACE | Acc=admin | Path=/SYS202100/GetByVariable | IP=::1 | Start=2026-05-14 17:05:28.429 | Elapsed=14ms | Status=Completed
2026-05-14 17:05:56 | INF | ACTION_TRACE | Acc=admin | Path=/Home/Index | IP=::1 | Start=2026-05-14 17:05:56.034 | Elapsed=50ms | Status=Completed
2026-05-14 17:05:58 | INF | ACTION_TRACE | Acc=admin | Path=/Home/GetMenu | IP=::1 | Start=2026-05-14 17:05:58.003 | Elapsed=54ms | Status=Completed
2026-05-14 17:06:00 | INF | CONTROLLER_EXEC | Acc= admin | IP=::1 | Path=SYS202100/SYS202100 | Message=GET /SYS202100/SYS202100
2026-05-14 17:06:00 | INF | ACTION_TRACE | Acc=admin | Path=/SYS202100/SYS202100 | IP=::1 | Start=2026-05-14 17:06:00.076 | Elapsed=70ms | Status=Completed
2026-05-14 17:06:00 | INF | CONTROLLER_EXEC | Acc= admin | IP=::1 | Path=SYS202100/GetList | Message=POST /SYS202100/GetList
2026-05-14 17:06:00 | INF | ACTION_TRACE | Acc=admin | Path=/SYS202100/GetList | IP=::1 | Start=2026-05-14 17:06:00.196 | Elapsed=19ms | Status=Completed
2026-05-14 17:06:00 | INF | CONTROLLER_EXEC | Acc= admin | IP=::1 | Path=SYS202100/GetList | Message=POST /SYS202100/GetList
2026-05-14 17:06:00 | INF | ACTION_TRACE | Acc=admin | Path=/SYS202100/GetList | IP=::1 | Start=2026-05-14 17:06:00.241 | Elapsed=5ms | Status=Completed
2026-05-14 17:06:15 | INF | ACTION_TRACE | Acc=admin | Path=/Home/Index | IP=::1 | Start=2026-05-14 17:06:15.492 | Elapsed=49ms | Status=Completed
2026-05-14 17:06:18 | INF | ACTION_TRACE | Acc=admin | Path=/Home/GetMenu | IP=::1 | Start=2026-05-14 17:06:18.545 | Elapsed=14ms | Status=Completed
2026-05-14 17:06:20 | INF | CONTROLLER_EXEC | Acc= admin | IP=::1 | Path=SYS202100/SYS202100 | Message=GET /SYS202100/SYS202100
2026-05-14 17:06:20 | INF | ACTION_TRACE | Acc=admin | Path=/SYS202100/SYS202100 | IP=::1 | Start=2026-05-14 17:06:20.216 | Elapsed=61ms | Status=Completed
2026-05-14 17:06:20 | INF | CONTROLLER_EXEC | Acc= admin | IP=::1 | Path=SYS202100/GetList | Message=POST /SYS202100/GetList
2026-05-14 17:06:20 | INF | ACTION_TRACE | Acc=admin | Path=/SYS202100/GetList | IP=::1 | Start=2026-05-14 17:06:20.321 | Elapsed=16ms | Status=Completed
2026-05-14 17:06:20 | INF | CONTROLLER_EXEC | Acc= admin | IP=::1 | Path=SYS202100/GetList | Message=POST /SYS202100/GetList
2026-05-14 17:06:20 | INF | ACTION_TRACE | Acc=admin | Path=/SYS202100/GetList | IP=::1 | Start=2026-05-14 17:06:20.364 | Elapsed=5ms | Status=Completed
2026-05-14 17:06:21 | INF | CONTROLLER_EXEC | Acc= admin | IP=::1 | Path=SYS202100/GetByVariable | Message=GET /SYS202100/GetByVariable
2026-05-14 17:06:21 | INF | ACTION_TRACE | Acc=admin | Path=/SYS202100/GetByVariable | IP=::1 | Start=2026-05-14 17:06:21.583 | Elapsed=15ms | Status=Completed
2026-05-14 17:06:33 | INF | CONTROLLER_EXEC | Acc= admin | IP=::1 | Path=SYS202100/GetList | Message=POST /SYS202100/GetList
2026-05-14 17:06:33 | INF | ACTION_TRACE | Acc=admin | Path=/SYS202100/GetList | IP=::1 | Start=2026-05-14 17:06:33.362 | Elapsed=4ms | Status=Completed
2026-05-14 17:06:33 | INF | CONTROLLER_EXEC | Acc= admin | IP=::1 | Path=SYS202100/GetList | Message=POST /SYS202100/GetList
2026-05-14 17:06:33 | INF | ACTION_TRACE | Acc=admin | Path=/SYS202100/GetList | IP=::1 | Start=2026-05-14 17:06:33.368 | Elapsed=6ms | Status=Completed
2026-05-14 17:06:39 | INF | CONTROLLER_EXEC | Acc= admin | IP=::1 | Path=SYS202100/GetList | Message=POST /SYS202100/GetList
2026-05-14 17:06:39 | INF | ACTION_TRACE | Acc=admin | Path=/SYS202100/GetList | IP=::1 | Start=2026-05-14 17:06:39.015 | Elapsed=14ms | Status=Completed
2026-05-14 17:07:01 | INF | ACTION_TRACE | Acc=admin | Path=/Home/Index | IP=::1 | Start=2026-05-14 17:07:01.062 | Elapsed=49ms | Status=Completed
2026-05-14 17:07:02 | INF | ACTION_TRACE | Acc=admin | Path=/Home/GetMenu | IP=::1 | Start=2026-05-14 17:07:02.918 | Elapsed=33ms | Status=Completed
2026-05-14 17:07:05 | INF | CONTROLLER_EXEC | Acc= admin | IP=::1 | Path=SYS202100/SYS202100 | Message=GET /SYS202100/SYS202100
2026-05-14 17:07:05 | INF | ACTION_TRACE | Acc=admin | Path=/SYS202100/SYS202100 | IP=::1 | Start=2026-05-14 17:07:05.110 | Elapsed=72ms | Status=Completed
2026-05-14 17:07:05 | INF | CONTROLLER_EXEC | Acc= admin | IP=::1 | Path=SYS202100/GetList | Message=POST /SYS202100/GetList
2026-05-14 17:07:05 | INF | ACTION_TRACE | Acc=admin | Path=/SYS202100/GetList | IP=::1 | Start=2026-05-14 17:07:05.243 | Elapsed=20ms | Status=Completed
2026-05-14 17:07:05 | INF | CONTROLLER_EXEC | Acc= admin | IP=::1 | Path=SYS202100/GetList | Message=POST /SYS202100/GetList
2026-05-14 17:07:05 | INF | ACTION_TRACE | Acc=admin | Path=/SYS202100/GetList | IP=::1 | Start=2026-05-14 17:07:05.284 | Elapsed=5ms | Status=Completed
2026-05-14 17:07:06 | INF | CONTROLLER_EXEC | Acc= admin | IP=::1 | Path=SYS202100/GetByVariable | Message=GET /SYS202100/GetByVariable
2026-05-14 17:07:06 | INF | ACTION_TRACE | Acc=admin | Path=/SYS202100/GetByVariable | IP=::1 | Start=2026-05-14 17:07:06.585 | Elapsed=81ms | Status=Completed
2026-05-14 17:07:18 | INF | CONTROLLER_EXEC | Acc= admin | IP=::1 | Path=SYS202100/GetList | Message=POST /SYS202100/GetList
2026-05-14 17:07:18 | INF | ACTION_TRACE | Acc=admin | Path=/SYS202100/GetList | IP=::1 | Start=2026-05-14 17:07:18.445 | Elapsed=4ms | Status=Completed
2026-05-14 17:07:18 | INF | CONTROLLER_EXEC | Acc= admin | IP=::1 | Path=SYS202100/GetList | Message=POST /SYS202100/GetList
2026-05-14 17:07:18 | INF | ACTION_TRACE | Acc=admin | Path=/SYS202100/GetList | IP=::1 | Start=2026-05-14 17:07:18.449 | Elapsed=3ms | Status=Completed
