2026-04-28 14:30:13 | INF | ACTION_TRACE | Acc=admin | Path=/AdminPortal/Home/Index | IP=::1 | Start=2026-04-28 14:30:13.150 | Elapsed=161ms | Status=Completed
2026-04-28 14:30:22 | WRN | The query uses the 'First'/'FirstOrDefault' operator without 'OrderBy' and filter operators. This may lead to unpredictable results.
2026-04-28 14:30:22 | ERR | An exception occurred while iterating over the results of a query for context type 'EHRIS.Core.DbContext.ApplicationDbContext'.
System.Data.SqlTypes.SqlNullValueException: Data is Null. This method or property cannot be called on Null values.
   at Microsoft.Data.SqlClient.SqlBuffer.ThrowIfNull()
   at Microsoft.Data.SqlClient.SqlBuffer.get_String()
   at Microsoft.Data.SqlClient.SqlDataReader.GetString(Int32 i)
   at lambda_method462(Closure, DbDataReader, Int32[])
   at Microsoft.EntityFrameworkCore.Query.Internal.BufferedDataReader.BufferedDataRecord.ReadObject(DbDataReader reader, Int32 ordinal, ReaderColumn column)
   at Microsoft.EntityFrameworkCore.Query.Internal.BufferedDataReader.BufferedDataRecord.ReadRow()
   at Microsoft.EntityFrameworkCore.Query.Internal.BufferedDataReader.BufferedDataRecord.InitializeAsync(DbDataReader reader, IReadOnlyList`1 columns, CancellationToken cancellationToken)
   at Microsoft.EntityFrameworkCore.Query.Internal.BufferedDataReader.InitializeAsync(IReadOnlyList`1 columns, CancellationToken cancellationToken)
   at Microsoft.EntityFrameworkCore.Query.Internal.BufferedDataReader.InitializeAsync(IReadOnlyList`1 columns, CancellationToken cancellationToken)
   at Microsoft.EntityFrameworkCore.Storage.RelationalCommand.ExecuteReaderAsync(RelationalCommandParameterObject parameterObject, CancellationToken cancellationToken)
   at Microsoft.EntityFrameworkCore.Storage.RelationalCommand.ExecuteReaderAsync(RelationalCommandParameterObject parameterObject, CancellationToken cancellationToken)
   at Microsoft.EntityFrameworkCore.Query.Internal.SingleQueryingEnumerable`1.AsyncEnumerator.InitializeReaderAsync(AsyncEnumerator enumerator, CancellationToken cancellationToken)
   at Microsoft.EntityFrameworkCore.Storage.ExecutionStrategy.<>c__DisplayClass30_0`2.<<ExecuteAsync>b__0>d.MoveNext()
--- End of stack trace from previous location ---
   at Microsoft.EntityFrameworkCore.Storage.ExecutionStrategy.ExecuteImplementationAsync[TState,TResult](Func`4 operation, Func`4 verifySucceeded, TState state, CancellationToken cancellationToken)
   at Microsoft.EntityFrameworkCore.Storage.ExecutionStrategy.ExecuteImplementationAsync[TState,TResult](Func`4 operation, Func`4 verifySucceeded, TState state, CancellationToken cancellationToken)
   at Microsoft.EntityFrameworkCore.Storage.ExecutionStrategy.ExecuteAsync[TState,TResult](TState state, Func`4 operation, Func`4 verifySucceeded, CancellationToken cancellationToken)
   at Microsoft.EntityFrameworkCore.Query.Internal.SingleQueryingEnumerable`1.AsyncEnumerator.MoveNextAsync()
2026-04-28 14:32:23 | WRN | No store type was specified for the decimal property 'OveMoney' on entity type 'HROvertime'. This will cause values to be silently truncated if they do not fit in the default precision and scale. Explicitly specify the SQL server column type that can accommodate all the values in 'OnModelCreating' using 'HasColumnType', specify precision and scale using 'HasPrecision', or configure a value converter using 'HasConversion'.
2026-04-28 14:32:23 | WRN | No store type was specified for the decimal property 'Wag1D1Hour' on entity type 'HRWage'. This will cause values to be silently truncated if they do not fit in the default precision and scale. Explicitly specify the SQL server column type that can accommodate all the values in 'OnModelCreating' using 'HasColumnType', specify precision and scale using 'HasPrecision', or configure a value converter using 'HasConversion'.
2026-04-28 14:32:23 | WRN | No store type was specified for the decimal property 'Wag2D1Hour' on entity type 'HRWage'. This will cause values to be silently truncated if they do not fit in the default precision and scale. Explicitly specify the SQL server column type that can accommodate all the values in 'OnModelCreating' using 'HasColumnType', specify precision and scale using 'HasPrecision', or configure a value converter using 'HasConversion'.
2026-04-28 14:32:23 | WRN | No store type was specified for the decimal property 'Wag4D3Hour' on entity type 'HRWage'. This will cause values to be silently truncated if they do not fit in the default precision and scale. Explicitly specify the SQL server column type that can accommodate all the values in 'OnModelCreating' using 'HasColumnType', specify precision and scale using 'HasPrecision', or configure a value converter using 'HasConversion'.
2026-04-28 14:32:23 | WRN | No store type was specified for the decimal property 'Wag5D3Hour' on entity type 'HRWage'. This will cause values to be silently truncated if they do not fit in the default precision and scale. Explicitly specify the SQL server column type that can accommodate all the values in 'OnModelCreating' using 'HasColumnType', specify precision and scale using 'HasPrecision', or configure a value converter using 'HasConversion'.
2026-04-28 14:32:23 | WRN | No store type was specified for the decimal property 'Wag8D3Hour' on entity type 'HRWage'. This will cause values to be silently truncated if they do not fit in the default precision and scale. Explicitly specify the SQL server column type that can accommodate all the values in 'OnModelCreating' using 'HasColumnType', specify precision and scale using 'HasPrecision', or configure a value converter using 'HasConversion'.
2026-04-28 14:32:23 | WRN | No store type was specified for the decimal property 'WagApplyHour' on entity type 'HRWage'. This will cause values to be silently truncated if they do not fit in the default precision and scale. Explicitly specify the SQL server column type that can accommodate all the values in 'OnModelCreating' using 'HasColumnType', specify precision and scale using 'HasPrecision', or configure a value converter using 'HasConversion'.
2026-04-28 14:32:23 | WRN | No store type was specified for the decimal property 'WagIssueHour' on entity type 'HRWage'. This will cause values to be silently truncated if they do not fit in the default precision and scale. Explicitly specify the SQL server column type that can accommodate all the values in 'OnModelCreating' using 'HasColumnType', specify precision and scale using 'HasPrecision', or configure a value converter using 'HasConversion'.
2026-04-28 14:32:23 | WRN | No store type was specified for the decimal property 'WagSubtotal' on entity type 'HRWage'. This will cause values to be silently truncated if they do not fit in the default precision and scale. Explicitly specify the SQL server column type that can accommodate all the values in 'OnModelCreating' using 'HasColumnType', specify precision and scale using 'HasPrecision', or configure a value converter using 'HasConversion'.
2026-04-28 14:32:28 | WRN | The query uses the 'First'/'FirstOrDefault' operator without 'OrderBy' and filter operators. This may lead to unpredictable results.
2026-04-28 14:32:29 | INF | ACTION_TRACE | Acc=admin | Path=/ | IP=::1 | Start=2026-04-28 14:32:22.436 | Elapsed=7500ms | Status=Completed
2026-04-28 14:32:29 | INF | NETWORK_UNSTABLE | Acc=admin | Path=/ | Reason=SlowRequest 7500ms
2026-04-28 14:32:30 | INF | ACTION_TRACE | Acc=admin | Path=/Captcha/Generate | IP=::1 | Start=2026-04-28 14:32:30.135 | Elapsed=62ms | Status=Completed
2026-04-28 14:32:30 | INF | ACTION_TRACE | Acc=admin | Path=/DNTCaptchaImage/Show | IP=::1 | Start=2026-04-28 14:32:30.207 | Elapsed=119ms | Status=Completed
2026-04-28 14:32:47 | INF | ACTION_TRACE | Acc=admin | Path=/AdminPortal/Account/Login | IP=::1 | Start=2026-04-28 14:32:47.569 | Elapsed=106ms | Status=Completed
2026-04-28 14:32:47 | INF | ACTION_TRACE | Acc=admin | Path=/Captcha/Generate | IP=::1 | Start=2026-04-28 14:32:47.876 | Elapsed=4ms | Status=Completed
2026-04-28 14:32:47 | INF | ACTION_TRACE | Acc=admin | Path=/DNTCaptchaImage/Show | IP=::1 | Start=2026-04-28 14:32:47.887 | Elapsed=21ms | Status=Completed
2026-04-28 14:33:00 | INF | ACTION_TRACE | Acc=admin | Path=/AdminPortal/Account/Login | IP=::1 | Start=2026-04-28 14:32:51.442 | Elapsed=8890ms | Status=Completed
2026-04-28 14:33:00 | INF | NETWORK_UNSTABLE | Acc=admin | Path=/AdminPortal/Account/Login | Reason=SlowRequest 8890ms
2026-04-28 14:33:00 | INF | ACTION_TRACE | Acc=admin | Path=/AdminPortal/Home/Index | IP=::1 | Start=2026-04-28 14:33:00.351 | Elapsed=168ms | Status=Completed
2026-04-28 14:33:07 | WRN | The query uses the 'First'/'FirstOrDefault' operator without 'OrderBy' and filter operators. This may lead to unpredictable results.
2026-04-28 14:33:07 | INF | CONTROLLER_EXEC | Acc= admin | IP=::1 | Path=ADS999999/ADS999999 | Message=GET /ADS999999/ADS999999
2026-04-28 14:33:07 | INF | ACTION_TRACE | Acc=admin | Path=/ADS999999/ADS999999 | IP=::1 | Start=2026-04-28 14:33:07.021 | Elapsed=80ms | Status=Completed
2026-04-28 14:33:07 | INF | CONTROLLER_EXEC | Acc= admin | IP=::1 | Path=ADS999999/GetLevelData | Message=GET /ADS999999/GetLevelData
2026-04-28 14:33:07 | ERR | The partial view '_LevelDataPartial' was not found. Searched locations: ["/Areas/ADS999000/Views/ADS999999/_LevelDataPartial.cshtml","/Areas/ADS999000/Views/Shared/_LevelDataPartial.cshtml","/Views/Shared/_LevelDataPartial.cshtml","/Views/Shared/Tables/_LevelDataPartial.cshtml"]
2026-04-28 14:33:07 | ERR | REQUEST_EXCEPTION | Path=/ADS999999/GetLevelData | Method=GET
2026-04-28 14:33:08 | INF | CONTROLLER_EXEC | Acc= admin | IP=::1 | Path=ADS999999/GetLevelData | Message=GET /ADS999999/GetLevelData
2026-04-28 14:33:08 | ERR | The partial view '_LevelDataPartial' was not found. Searched locations: ["/Areas/ADS999000/Views/ADS999999/_LevelDataPartial.cshtml","/Areas/ADS999000/Views/Shared/_LevelDataPartial.cshtml","/Views/Shared/_LevelDataPartial.cshtml","/Views/Shared/Tables/_LevelDataPartial.cshtml"]
2026-04-28 14:33:08 | ERR | REQUEST_EXCEPTION | Path=/ADS999999/GetLevelData | Method=GET
2026-04-28 14:35:03 | WRN | The query uses the 'First'/'FirstOrDefault' operator without 'OrderBy' and filter operators. This may lead to unpredictable results.
2026-04-28 14:35:03 | INF | CONTROLLER_EXEC | Acc= admin | IP=::1 | Path=ADS999999/UpdateLevelData | Message=POST /ADS999999/UpdateLevelData
2026-04-28 14:35:03 | INF | ACTION_TRACE | Acc=admin | Path=/ADS999999/UpdateLevelData | IP=::1 | Start=2026-04-28 14:35:03.132 | Elapsed=449ms | Status=Completed
2026-04-28 14:35:03 | INF | CONTROLLER_EXEC | Acc= admin | IP=::1 | Path=ADS999999/GetLevelData | Message=GET /ADS999999/GetLevelData
2026-04-28 14:35:03 | ERR | The partial view '_LevelDataPartial' was not found. Searched locations: ["/Areas/ADS999000/Views/ADS999999/_LevelDataPartial.cshtml","/Areas/ADS999000/Views/Shared/_LevelDataPartial.cshtml","/Views/Shared/_LevelDataPartial.cshtml","/Views/Shared/Tables/_LevelDataPartial.cshtml"]
2026-04-28 14:35:03 | ERR | REQUEST_EXCEPTION | Path=/ADS999999/GetLevelData | Method=GET
2026-04-28 14:35:23 | INF | CONTROLLER_EXEC | Acc= admin | IP=::1 | Path=ADS999999/ADS999999 | Message=GET /ADS999999/ADS999999
2026-04-28 14:35:23 | INF | ACTION_TRACE | Acc=admin | Path=/ADS999999/ADS999999 | IP=::1 | Start=2026-04-28 14:35:23.005 | Elapsed=5ms | Status=Completed
2026-04-28 14:35:23 | INF | CONTROLLER_EXEC | Acc= admin | IP=::1 | Path=ADS999999/GetLevelData | Message=GET /ADS999999/GetLevelData
2026-04-28 14:35:23 | ERR | The partial view '_LevelDataPartial' was not found. Searched locations: ["/Areas/ADS999000/Views/ADS999999/_LevelDataPartial.cshtml","/Areas/ADS999000/Views/Shared/_LevelDataPartial.cshtml","/Views/Shared/_LevelDataPartial.cshtml","/Views/Shared/Tables/_LevelDataPartial.cshtml"]
2026-04-28 14:35:23 | ERR | REQUEST_EXCEPTION | Path=/ADS999999/GetLevelData | Method=GET
2026-04-28 14:50:09 | WRN | No store type was specified for the decimal property 'OveMoney' on entity type 'HROvertime'. This will cause values to be silently truncated if they do not fit in the default precision and scale. Explicitly specify the SQL server column type that can accommodate all the values in 'OnModelCreating' using 'HasColumnType', specify precision and scale using 'HasPrecision', or configure a value converter using 'HasConversion'.
2026-04-28 14:50:09 | WRN | No store type was specified for the decimal property 'Wag1D1Hour' on entity type 'HRWage'. This will cause values to be silently truncated if they do not fit in the default precision and scale. Explicitly specify the SQL server column type that can accommodate all the values in 'OnModelCreating' using 'HasColumnType', specify precision and scale using 'HasPrecision', or configure a value converter using 'HasConversion'.
2026-04-28 14:50:09 | WRN | No store type was specified for the decimal property 'Wag2D1Hour' on entity type 'HRWage'. This will cause values to be silently truncated if they do not fit in the default precision and scale. Explicitly specify the SQL server column type that can accommodate all the values in 'OnModelCreating' using 'HasColumnType', specify precision and scale using 'HasPrecision', or configure a value converter using 'HasConversion'.
2026-04-28 14:50:09 | WRN | No store type was specified for the decimal property 'Wag4D3Hour' on entity type 'HRWage'. This will cause values to be silently truncated if they do not fit in the default precision and scale. Explicitly specify the SQL server column type that can accommodate all the values in 'OnModelCreating' using 'HasColumnType', specify precision and scale using 'HasPrecision', or configure a value converter using 'HasConversion'.
2026-04-28 14:50:09 | WRN | No store type was specified for the decimal property 'Wag5D3Hour' on entity type 'HRWage'. This will cause values to be silently truncated if they do not fit in the default precision and scale. Explicitly specify the SQL server column type that can accommodate all the values in 'OnModelCreating' using 'HasColumnType', specify precision and scale using 'HasPrecision', or configure a value converter using 'HasConversion'.
2026-04-28 14:50:09 | WRN | No store type was specified for the decimal property 'Wag8D3Hour' on entity type 'HRWage'. This will cause values to be silently truncated if they do not fit in the default precision and scale. Explicitly specify the SQL server column type that can accommodate all the values in 'OnModelCreating' using 'HasColumnType', specify precision and scale using 'HasPrecision', or configure a value converter using 'HasConversion'.
2026-04-28 14:50:09 | WRN | No store type was specified for the decimal property 'WagApplyHour' on entity type 'HRWage'. This will cause values to be silently truncated if they do not fit in the default precision and scale. Explicitly specify the SQL server column type that can accommodate all the values in 'OnModelCreating' using 'HasColumnType', specify precision and scale using 'HasPrecision', or configure a value converter using 'HasConversion'.
2026-04-28 14:50:09 | WRN | No store type was specified for the decimal property 'WagIssueHour' on entity type 'HRWage'. This will cause values to be silently truncated if they do not fit in the default precision and scale. Explicitly specify the SQL server column type that can accommodate all the values in 'OnModelCreating' using 'HasColumnType', specify precision and scale using 'HasPrecision', or configure a value converter using 'HasConversion'.
2026-04-28 14:50:09 | WRN | No store type was specified for the decimal property 'WagSubtotal' on entity type 'HRWage'. This will cause values to be silently truncated if they do not fit in the default precision and scale. Explicitly specify the SQL server column type that can accommodate all the values in 'OnModelCreating' using 'HasColumnType', specify precision and scale using 'HasPrecision', or configure a value converter using 'HasConversion'.
2026-04-28 14:50:14 | WRN | The query uses the 'First'/'FirstOrDefault' operator without 'OrderBy' and filter operators. This may lead to unpredictable results.
2026-04-28 14:50:15 | INF | ACTION_TRACE | Acc=admin | Path=/ | IP=::1 | Start=2026-04-28 14:50:08.759 | Elapsed=7189ms | Status=Completed
2026-04-28 14:50:15 | INF | NETWORK_UNSTABLE | Acc=admin | Path=/ | Reason=SlowRequest 7189ms
2026-04-28 14:50:16 | INF | ACTION_TRACE | Acc=admin | Path=/Captcha/Generate | IP=::1 | Start=2026-04-28 14:50:16.117 | Elapsed=36ms | Status=Completed
2026-04-28 14:50:16 | INF | ACTION_TRACE | Acc=admin | Path=/DNTCaptchaImage/Show | IP=::1 | Start=2026-04-28 14:50:16.171 | Elapsed=95ms | Status=Completed
2026-04-28 14:50:19 | INF | ACTION_TRACE | Acc=admin | Path=/AdminPortal/Account/Login | IP=::1 | Start=2026-04-28 14:50:19.829 | Elapsed=121ms | Status=Completed
2026-04-28 14:50:20 | INF | ACTION_TRACE | Acc=admin | Path=/Captcha/Generate | IP=::1 | Start=2026-04-28 14:50:20.158 | Elapsed=4ms | Status=Completed
2026-04-28 14:50:20 | INF | ACTION_TRACE | Acc=admin | Path=/DNTCaptchaImage/Show | IP=::1 | Start=2026-04-28 14:50:20.169 | Elapsed=27ms | Status=Completed
2026-04-28 14:50:30 | INF | ACTION_TRACE | Acc=admin | Path=/AdminPortal/Account/Login | IP=::1 | Start=2026-04-28 14:50:23.488 | Elapsed=6569ms | Status=Completed
2026-04-28 14:50:30 | INF | NETWORK_UNSTABLE | Acc=admin | Path=/AdminPortal/Account/Login | Reason=SlowRequest 6569ms
2026-04-28 14:50:30 | INF | ACTION_TRACE | Acc=admin | Path=/AdminPortal/Home/Index | IP=::1 | Start=2026-04-28 14:50:30.077 | Elapsed=141ms | Status=Completed
2026-04-28 14:50:35 | WRN | The query uses the 'First'/'FirstOrDefault' operator without 'OrderBy' and filter operators. This may lead to unpredictable results.
2026-04-28 14:50:35 | INF | CONTROLLER_EXEC | Acc= admin | IP=::1 | Path=ADS999999/ADS999999 | Message=GET /ADS999999/ADS999999
2026-04-28 14:50:35 | INF | ACTION_TRACE | Acc=admin | Path=/ADS999999/ADS999999 | IP=::1 | Start=2026-04-28 14:50:35.071 | Elapsed=65ms | Status=Completed
2026-04-28 14:50:35 | INF | CONTROLLER_EXEC | Acc= admin | IP=::1 | Path=ADS999999/GetLevelData | Message=GET /ADS999999/GetLevelData
2026-04-28 14:50:35 | INF | ACTION_TRACE | Acc=admin | Path=/ADS999999/GetLevelData | IP=::1 | Start=2026-04-28 14:50:35.175 | Elapsed=24ms | Status=Completed
2026-04-28 14:50:35 | INF | CONTROLLER_EXEC | Acc= admin | IP=::1 | Path=ADS999999/GetLevelData | Message=GET /ADS999999/GetLevelData
2026-04-28 14:50:35 | INF | ACTION_TRACE | Acc=admin | Path=/ADS999999/GetLevelData | IP=::1 | Start=2026-04-28 14:50:35.203 | Elapsed=5ms | Status=Completed
2026-04-28 14:50:55 | WRN | The query uses the 'First'/'FirstOrDefault' operator without 'OrderBy' and filter operators. This may lead to unpredictable results.
2026-04-28 14:50:56 | INF | CONTROLLER_EXEC | Acc= admin | IP=::1 | Path=ADS999999/UpdateLevelData | Message=POST /ADS999999/UpdateLevelData
2026-04-28 14:50:56 | INF | ACTION_TRACE | Acc=admin | Path=/ADS999999/UpdateLevelData | IP=::1 | Start=2026-04-28 14:50:55.797 | Elapsed=337ms | Status=Completed
2026-04-28 14:50:56 | INF | CONTROLLER_EXEC | Acc= admin | IP=::1 | Path=ADS999999/GetLevelData | Message=GET /ADS999999/GetLevelData
2026-04-28 14:50:56 | INF | ACTION_TRACE | Acc=admin | Path=/ADS999999/GetLevelData | IP=::1 | Start=2026-04-28 14:50:56.143 | Elapsed=7ms | Status=Completed
2026-04-28 14:51:01 | INF | CONTROLLER_EXEC | Acc= admin | IP=::1 | Path=ADS999999/ADS999999 | Message=GET /ADS999999/ADS999999
2026-04-28 14:51:01 | INF | ACTION_TRACE | Acc=admin | Path=/ADS999999/ADS999999 | IP=::1 | Start=2026-04-28 14:51:01.652 | Elapsed=5ms | Status=Completed
2026-04-28 14:51:01 | INF | CONTROLLER_EXEC | Acc= admin | IP=::1 | Path=ADS999999/GetLevelData | Message=GET /ADS999999/GetLevelData
2026-04-28 14:51:01 | INF | ACTION_TRACE | Acc=admin | Path=/ADS999999/GetLevelData | IP=::1 | Start=2026-04-28 14:51:01.665 | Elapsed=2ms | Status=Completed
2026-04-28 14:51:20 | INF | CONTROLLER_EXEC | Acc= admin | IP=::1 | Path=ADS999999/UpdateLevelData | Message=POST /ADS999999/UpdateLevelData
2026-04-28 14:51:20 | INF | ACTION_TRACE | Acc=admin | Path=/ADS999999/UpdateLevelData | IP=::1 | Start=2026-04-28 14:51:20.825 | Elapsed=15ms | Status=Completed
2026-04-28 14:51:20 | INF | CONTROLLER_EXEC | Acc= admin | IP=::1 | Path=ADS999999/GetLevelData | Message=GET /ADS999999/GetLevelData
2026-04-28 14:51:20 | INF | ACTION_TRACE | Acc=admin | Path=/ADS999999/GetLevelData | IP=::1 | Start=2026-04-28 14:51:20.854 | Elapsed=3ms | Status=Completed
2026-04-28 14:51:24 | INF | CONTROLLER_EXEC | Acc= admin | IP=::1 | Path=ADS999999/UpdateLevelData | Message=POST /ADS999999/UpdateLevelData
2026-04-28 14:51:24 | INF | ACTION_TRACE | Acc=admin | Path=/ADS999999/UpdateLevelData | IP=::1 | Start=2026-04-28 14:51:24.617 | Elapsed=24ms | Status=Completed
2026-04-28 14:51:24 | INF | CONTROLLER_EXEC | Acc= admin | IP=::1 | Path=ADS999999/GetLevelData | Message=GET /ADS999999/GetLevelData
2026-04-28 14:51:24 | INF | ACTION_TRACE | Acc=admin | Path=/ADS999999/GetLevelData | IP=::1 | Start=2026-04-28 14:51:24.651 | Elapsed=2ms | Status=Completed
2026-04-28 14:51:30 | INF | ACTION_TRACE | Acc=admin | Path=/AdminPortal/Home/Index | IP=::1 | Start=2026-04-28 14:51:30.021 | Elapsed=18ms | Status=Completed
2026-04-28 14:51:34 | INF | CONTROLLER_EXEC | Acc= admin | IP=::1 | Path=ADS999999/ADS999999 | Message=GET /ADS999999/ADS999999
2026-04-28 14:51:34 | INF | ACTION_TRACE | Acc=admin | Path=/ADS999999/ADS999999 | IP=::1 | Start=2026-04-28 14:51:34.043 | Elapsed=8ms | Status=Completed
2026-04-28 14:51:34 | INF | CONTROLLER_EXEC | Acc= admin | IP=::1 | Path=ADS999999/GetLevelData | Message=GET /ADS999999/GetLevelData
2026-04-28 14:51:34 | INF | ACTION_TRACE | Acc=admin | Path=/ADS999999/GetLevelData | IP=::1 | Start=2026-04-28 14:51:34.065 | Elapsed=4ms | Status=Completed
2026-04-28 14:51:34 | INF | CONTROLLER_EXEC | Acc= admin | IP=::1 | Path=ADS999999/GetLevelData | Message=GET /ADS999999/GetLevelData
2026-04-28 14:51:34 | INF | ACTION_TRACE | Acc=admin | Path=/ADS999999/GetLevelData | IP=::1 | Start=2026-04-28 14:51:34.072 | Elapsed=2ms | Status=Completed
2026-04-28 14:51:47 | INF | CONTROLLER_EXEC | Acc= admin | IP=::1 | Path=ADS999999/UpdateLevelData | Message=POST /ADS999999/UpdateLevelData
2026-04-28 14:51:47 | INF | ACTION_TRACE | Acc=admin | Path=/ADS999999/UpdateLevelData | IP=::1 | Start=2026-04-28 14:51:47.439 | Elapsed=15ms | Status=Completed
2026-04-28 14:51:47 | INF | CONTROLLER_EXEC | Acc= admin | IP=::1 | Path=ADS999999/GetLevelData | Message=GET /ADS999999/GetLevelData
2026-04-28 14:51:47 | INF | ACTION_TRACE | Acc=admin | Path=/ADS999999/GetLevelData | IP=::1 | Start=2026-04-28 14:51:47.464 | Elapsed=3ms | Status=Completed
2026-04-28 14:57:10 | WRN | No store type was specified for the decimal property 'OveMoney' on entity type 'HROvertime'. This will cause values to be silently truncated if they do not fit in the default precision and scale. Explicitly specify the SQL server column type that can accommodate all the values in 'OnModelCreating' using 'HasColumnType', specify precision and scale using 'HasPrecision', or configure a value converter using 'HasConversion'.
2026-04-28 14:57:10 | WRN | No store type was specified for the decimal property 'Wag1D1Hour' on entity type 'HRWage'. This will cause values to be silently truncated if they do not fit in the default precision and scale. Explicitly specify the SQL server column type that can accommodate all the values in 'OnModelCreating' using 'HasColumnType', specify precision and scale using 'HasPrecision', or configure a value converter using 'HasConversion'.
2026-04-28 14:57:10 | WRN | No store type was specified for the decimal property 'Wag2D1Hour' on entity type 'HRWage'. This will cause values to be silently truncated if they do not fit in the default precision and scale. Explicitly specify the SQL server column type that can accommodate all the values in 'OnModelCreating' using 'HasColumnType', specify precision and scale using 'HasPrecision', or configure a value converter using 'HasConversion'.
2026-04-28 14:57:10 | WRN | No store type was specified for the decimal property 'Wag4D3Hour' on entity type 'HRWage'. This will cause values to be silently truncated if they do not fit in the default precision and scale. Explicitly specify the SQL server column type that can accommodate all the values in 'OnModelCreating' using 'HasColumnType', specify precision and scale using 'HasPrecision', or configure a value converter using 'HasConversion'.
2026-04-28 14:57:10 | WRN | No store type was specified for the decimal property 'Wag5D3Hour' on entity type 'HRWage'. This will cause values to be silently truncated if they do not fit in the default precision and scale. Explicitly specify the SQL server column type that can accommodate all the values in 'OnModelCreating' using 'HasColumnType', specify precision and scale using 'HasPrecision', or configure a value converter using 'HasConversion'.
2026-04-28 14:57:10 | WRN | No store type was specified for the decimal property 'Wag8D3Hour' on entity type 'HRWage'. This will cause values to be silently truncated if they do not fit in the default precision and scale. Explicitly specify the SQL server column type that can accommodate all the values in 'OnModelCreating' using 'HasColumnType', specify precision and scale using 'HasPrecision', or configure a value converter using 'HasConversion'.
2026-04-28 14:57:10 | WRN | No store type was specified for the decimal property 'WagApplyHour' on entity type 'HRWage'. This will cause values to be silently truncated if they do not fit in the default precision and scale. Explicitly specify the SQL server column type that can accommodate all the values in 'OnModelCreating' using 'HasColumnType', specify precision and scale using 'HasPrecision', or configure a value converter using 'HasConversion'.
2026-04-28 14:57:10 | WRN | No store type was specified for the decimal property 'WagIssueHour' on entity type 'HRWage'. This will cause values to be silently truncated if they do not fit in the default precision and scale. Explicitly specify the SQL server column type that can accommodate all the values in 'OnModelCreating' using 'HasColumnType', specify precision and scale using 'HasPrecision', or configure a value converter using 'HasConversion'.
2026-04-28 14:57:10 | WRN | No store type was specified for the decimal property 'WagSubtotal' on entity type 'HRWage'. This will cause values to be silently truncated if they do not fit in the default precision and scale. Explicitly specify the SQL server column type that can accommodate all the values in 'OnModelCreating' using 'HasColumnType', specify precision and scale using 'HasPrecision', or configure a value converter using 'HasConversion'.
2026-04-28 14:57:15 | WRN | The query uses the 'First'/'FirstOrDefault' operator without 'OrderBy' and filter operators. This may lead to unpredictable results.
2026-04-28 14:57:16 | INF | ACTION_TRACE | Acc=admin | Path=/ | IP=::1 | Start=2026-04-28 14:57:09.684 | Elapsed=6942ms | Status=Completed
2026-04-28 14:57:16 | INF | NETWORK_UNSTABLE | Acc=admin | Path=/ | Reason=SlowRequest 6942ms
2026-04-28 14:57:17 | INF | ACTION_TRACE | Acc=admin | Path=/Captcha/Generate | IP=::1 | Start=2026-04-28 14:57:16.835 | Elapsed=209ms | Status=Completed
2026-04-28 14:57:17 | INF | ACTION_TRACE | Acc=admin | Path=/DNTCaptchaImage/Show | IP=::1 | Start=2026-04-28 14:57:17.111 | Elapsed=118ms | Status=Completed
2026-04-28 14:58:41 | INF | ACTION_TRACE | Acc=admin | Path=/AdminPortal/Account/Login | IP=::1 | Start=2026-04-28 14:58:41.499 | Elapsed=109ms | Status=Completed
2026-04-28 14:58:41 | INF | ACTION_TRACE | Acc=admin | Path=/Captcha/Generate | IP=::1 | Start=2026-04-28 14:58:41.853 | Elapsed=4ms | Status=Completed
2026-04-28 14:58:41 | INF | ACTION_TRACE | Acc=admin | Path=/DNTCaptchaImage/Show | IP=::1 | Start=2026-04-28 14:58:41.867 | Elapsed=14ms | Status=Completed
2026-04-28 14:58:51 | INF | ACTION_TRACE | Acc=admin | Path=/AdminPortal/Account/Login | IP=::1 | Start=2026-04-28 14:58:44.637 | Elapsed=7091ms | Status=Completed
2026-04-28 14:58:51 | INF | NETWORK_UNSTABLE | Acc=admin | Path=/AdminPortal/Account/Login | Reason=SlowRequest 7091ms
2026-04-28 14:58:51 | INF | ACTION_TRACE | Acc=admin | Path=/AdminPortal/Home/Index | IP=::1 | Start=2026-04-28 14:58:51.742 | Elapsed=126ms | Status=Completed
2026-04-28 14:58:57 | WRN | The query uses the 'First'/'FirstOrDefault' operator without 'OrderBy' and filter operators. This may lead to unpredictable results.
2026-04-28 14:58:57 | INF | CONTROLLER_EXEC | Acc= admin | IP=::1 | Path=ADS999999/ADS999999 | Message=GET /ADS999999/ADS999999
2026-04-28 14:58:57 | INF | ACTION_TRACE | Acc=admin | Path=/ADS999999/ADS999999 | IP=::1 | Start=2026-04-28 14:58:57.652 | Elapsed=65ms | Status=Completed
2026-04-28 14:58:57 | INF | CONTROLLER_EXEC | Acc= admin | IP=::1 | Path=ADS999999/GetLevelData | Message=GET /ADS999999/GetLevelData
2026-04-28 14:58:57 | INF | ACTION_TRACE | Acc=admin | Path=/ADS999999/GetLevelData | IP=::1 | Start=2026-04-28 14:58:57.758 | Elapsed=25ms | Status=Completed
2026-04-28 14:58:57 | INF | CONTROLLER_EXEC | Acc= admin | IP=::1 | Path=ADS999999/GetLevelData | Message=GET /ADS999999/GetLevelData
2026-04-28 14:58:57 | INF | ACTION_TRACE | Acc=admin | Path=/ADS999999/GetLevelData | IP=::1 | Start=2026-04-28 14:58:57.787 | Elapsed=5ms | Status=Completed
2026-04-28 14:59:23 | WRN | The query uses the 'First'/'FirstOrDefault' operator without 'OrderBy' and filter operators. This may lead to unpredictable results.
2026-04-28 14:59:24 | INF | CONTROLLER_EXEC | Acc= admin | IP=::1 | Path=ADS999999/UpdateLevelData | Message=POST /ADS999999/UpdateLevelData
2026-04-28 14:59:24 | INF | ACTION_TRACE | Acc=admin | Path=/ADS999999/UpdateLevelData | IP=::1 | Start=2026-04-28 14:59:23.935 | Elapsed=331ms | Status=Completed
2026-04-28 14:59:24 | INF | CONTROLLER_EXEC | Acc= admin | IP=::1 | Path=ADS999999/GetLevelData | Message=GET /ADS999999/GetLevelData
2026-04-28 14:59:24 | INF | ACTION_TRACE | Acc=admin | Path=/ADS999999/GetLevelData | IP=::1 | Start=2026-04-28 14:59:24.276 | Elapsed=27ms | Status=Completed
2026-04-28 15:16:51 | WRN | No store type was specified for the decimal property 'OveMoney' on entity type 'HROvertime'. This will cause values to be silently truncated if they do not fit in the default precision and scale. Explicitly specify the SQL server column type that can accommodate all the values in 'OnModelCreating' using 'HasColumnType', specify precision and scale using 'HasPrecision', or configure a value converter using 'HasConversion'.
2026-04-28 15:16:51 | WRN | No store type was specified for the decimal property 'Wag1D1Hour' on entity type 'HRWage'. This will cause values to be silently truncated if they do not fit in the default precision and scale. Explicitly specify the SQL server column type that can accommodate all the values in 'OnModelCreating' using 'HasColumnType', specify precision and scale using 'HasPrecision', or configure a value converter using 'HasConversion'.
2026-04-28 15:16:51 | WRN | No store type was specified for the decimal property 'Wag2D1Hour' on entity type 'HRWage'. This will cause values to be silently truncated if they do not fit in the default precision and scale. Explicitly specify the SQL server column type that can accommodate all the values in 'OnModelCreating' using 'HasColumnType', specify precision and scale using 'HasPrecision', or configure a value converter using 'HasConversion'.
2026-04-28 15:16:51 | WRN | No store type was specified for the decimal property 'Wag4D3Hour' on entity type 'HRWage'. This will cause values to be silently truncated if they do not fit in the default precision and scale. Explicitly specify the SQL server column type that can accommodate all the values in 'OnModelCreating' using 'HasColumnType', specify precision and scale using 'HasPrecision', or configure a value converter using 'HasConversion'.
2026-04-28 15:16:51 | WRN | No store type was specified for the decimal property 'Wag5D3Hour' on entity type 'HRWage'. This will cause values to be silently truncated if they do not fit in the default precision and scale. Explicitly specify the SQL server column type that can accommodate all the values in 'OnModelCreating' using 'HasColumnType', specify precision and scale using 'HasPrecision', or configure a value converter using 'HasConversion'.
2026-04-28 15:16:51 | WRN | No store type was specified for the decimal property 'Wag8D3Hour' on entity type 'HRWage'. This will cause values to be silently truncated if they do not fit in the default precision and scale. Explicitly specify the SQL server column type that can accommodate all the values in 'OnModelCreating' using 'HasColumnType', specify precision and scale using 'HasPrecision', or configure a value converter using 'HasConversion'.
2026-04-28 15:16:51 | WRN | No store type was specified for the decimal property 'WagApplyHour' on entity type 'HRWage'. This will cause values to be silently truncated if they do not fit in the default precision and scale. Explicitly specify the SQL server column type that can accommodate all the values in 'OnModelCreating' using 'HasColumnType', specify precision and scale using 'HasPrecision', or configure a value converter using 'HasConversion'.
2026-04-28 15:16:51 | WRN | No store type was specified for the decimal property 'WagIssueHour' on entity type 'HRWage'. This will cause values to be silently truncated if they do not fit in the default precision and scale. Explicitly specify the SQL server column type that can accommodate all the values in 'OnModelCreating' using 'HasColumnType', specify precision and scale using 'HasPrecision', or configure a value converter using 'HasConversion'.
2026-04-28 15:16:51 | WRN | No store type was specified for the decimal property 'WagSubtotal' on entity type 'HRWage'. This will cause values to be silently truncated if they do not fit in the default precision and scale. Explicitly specify the SQL server column type that can accommodate all the values in 'OnModelCreating' using 'HasColumnType', specify precision and scale using 'HasPrecision', or configure a value converter using 'HasConversion'.
2026-04-28 15:16:56 | WRN | The query uses the 'First'/'FirstOrDefault' operator without 'OrderBy' and filter operators. This may lead to unpredictable results.
2026-04-28 15:16:57 | INF | ACTION_TRACE | Acc=admin | Path=/ | IP=::1 | Start=2026-04-28 15:16:50.786 | Elapsed=6885ms | Status=Completed
2026-04-28 15:16:57 | INF | NETWORK_UNSTABLE | Acc=admin | Path=/ | Reason=SlowRequest 6885ms
2026-04-28 15:16:57 | INF | ACTION_TRACE | Acc=admin | Path=/Captcha/Generate | IP=::1 | Start=2026-04-28 15:16:57.866 | Elapsed=31ms | Status=Completed
2026-04-28 15:16:58 | INF | ACTION_TRACE | Acc=admin | Path=/DNTCaptchaImage/Show | IP=::1 | Start=2026-04-28 15:16:58.116 | Elapsed=126ms | Status=Completed
2026-04-28 15:17:11 | INF | ACTION_TRACE | Acc=admin | Path=/Account/Login | IP=::1 | Start=2026-04-28 15:17:01.308 | Elapsed=10042ms | Status=Completed
2026-04-28 15:17:11 | INF | NETWORK_UNSTABLE | Acc=admin | Path=/Account/Login | Reason=SlowRequest 10042ms
2026-04-28 15:17:11 | INF | ACTION_TRACE | Acc=admin | Path=/Home/Index | IP=::1 | Start=2026-04-28 15:17:11.365 | Elapsed=231ms | Status=Completed
2026-04-28 15:17:17 | INF | ACTION_TRACE | Acc=admin | Path=/Home/GetMenu | IP=::1 | Start=2026-04-28 15:17:17.418 | Elapsed=55ms | Status=Completed
2026-04-28 15:17:19 | INF | ACTION_TRACE | Acc=admin | Path=/Account/Logout | IP=::1 | Start=2026-04-28 15:17:19.861 | Elapsed=17ms | Status=Completed
2026-04-28 15:17:30 | INF | ACTION_TRACE | Acc=admin | Path=/AdminPortal/Home/Index | IP=::1 | Start=2026-04-28 15:17:30.315 | Elapsed=83ms | Status=Completed
2026-04-28 15:17:33 | WRN | The query uses the 'First'/'FirstOrDefault' operator without 'OrderBy' and filter operators. This may lead to unpredictable results.
2026-04-28 15:17:33 | INF | CONTROLLER_EXEC | Acc= admin | IP=::1 | Path=ADS999999/ADS999999 | Message=GET /ADS999999/ADS999999
2026-04-28 15:17:33 | INF | ACTION_TRACE | Acc=admin | Path=/ADS999999/ADS999999 | IP=::1 | Start=2026-04-28 15:17:33.770 | Elapsed=66ms | Status=Completed
2026-04-28 15:17:37 | INF | CONTROLLER_EXEC | Acc= admin | IP=::1 | Path=ADS999999/GetLevelData | Message=GET /ADS999999/GetLevelData
2026-04-28 15:17:37 | INF | ACTION_TRACE | Acc=admin | Path=/ADS999999/GetLevelData | IP=::1 | Start=2026-04-28 15:17:37.367 | Elapsed=24ms | Status=Completed
2026-04-28 15:18:49 | INF | ACTION_TRACE | Acc=admin | Path=/.well-known/appspecific/com.chrome.devtools.json | IP=::1 | Start=2026-04-28 15:18:49.528 | Elapsed=0ms | Status=Completed
2026-04-28 15:36:47 | WRN | No store type was specified for the decimal property 'OveMoney' on entity type 'HROvertime'. This will cause values to be silently truncated if they do not fit in the default precision and scale. Explicitly specify the SQL server column type that can accommodate all the values in 'OnModelCreating' using 'HasColumnType', specify precision and scale using 'HasPrecision', or configure a value converter using 'HasConversion'.
2026-04-28 15:36:47 | WRN | No store type was specified for the decimal property 'Wag1D1Hour' on entity type 'HRWage'. This will cause values to be silently truncated if they do not fit in the default precision and scale. Explicitly specify the SQL server column type that can accommodate all the values in 'OnModelCreating' using 'HasColumnType', specify precision and scale using 'HasPrecision', or configure a value converter using 'HasConversion'.
2026-04-28 15:36:47 | WRN | No store type was specified for the decimal property 'Wag2D1Hour' on entity type 'HRWage'. This will cause values to be silently truncated if they do not fit in the default precision and scale. Explicitly specify the SQL server column type that can accommodate all the values in 'OnModelCreating' using 'HasColumnType', specify precision and scale using 'HasPrecision', or configure a value converter using 'HasConversion'.
2026-04-28 15:36:47 | WRN | No store type was specified for the decimal property 'Wag4D3Hour' on entity type 'HRWage'. This will cause values to be silently truncated if they do not fit in the default precision and scale. Explicitly specify the SQL server column type that can accommodate all the values in 'OnModelCreating' using 'HasColumnType', specify precision and scale using 'HasPrecision', or configure a value converter using 'HasConversion'.
2026-04-28 15:36:47 | WRN | No store type was specified for the decimal property 'Wag5D3Hour' on entity type 'HRWage'. This will cause values to be silently truncated if they do not fit in the default precision and scale. Explicitly specify the SQL server column type that can accommodate all the values in 'OnModelCreating' using 'HasColumnType', specify precision and scale using 'HasPrecision', or configure a value converter using 'HasConversion'.
2026-04-28 15:36:47 | WRN | No store type was specified for the decimal property 'Wag8D3Hour' on entity type 'HRWage'. This will cause values to be silently truncated if they do not fit in the default precision and scale. Explicitly specify the SQL server column type that can accommodate all the values in 'OnModelCreating' using 'HasColumnType', specify precision and scale using 'HasPrecision', or configure a value converter using 'HasConversion'.
2026-04-28 15:36:47 | WRN | No store type was specified for the decimal property 'WagApplyHour' on entity type 'HRWage'. This will cause values to be silently truncated if they do not fit in the default precision and scale. Explicitly specify the SQL server column type that can accommodate all the values in 'OnModelCreating' using 'HasColumnType', specify precision and scale using 'HasPrecision', or configure a value converter using 'HasConversion'.
2026-04-28 15:36:47 | WRN | No store type was specified for the decimal property 'WagIssueHour' on entity type 'HRWage'. This will cause values to be silently truncated if they do not fit in the default precision and scale. Explicitly specify the SQL server column type that can accommodate all the values in 'OnModelCreating' using 'HasColumnType', specify precision and scale using 'HasPrecision', or configure a value converter using 'HasConversion'.
2026-04-28 15:36:47 | WRN | No store type was specified for the decimal property 'WagSubtotal' on entity type 'HRWage'. This will cause values to be silently truncated if they do not fit in the default precision and scale. Explicitly specify the SQL server column type that can accommodate all the values in 'OnModelCreating' using 'HasColumnType', specify precision and scale using 'HasPrecision', or configure a value converter using 'HasConversion'.
2026-04-28 15:36:53 | WRN | The query uses the 'First'/'FirstOrDefault' operator without 'OrderBy' and filter operators. This may lead to unpredictable results.
2026-04-28 15:36:54 | INF | ACTION_TRACE | Acc=admin | Path=/ | IP=::1 | Start=2026-04-28 15:36:47.128 | Elapsed=6905ms | Status=Completed
2026-04-28 15:36:54 | INF | NETWORK_UNSTABLE | Acc=admin | Path=/ | Reason=SlowRequest 6905ms
2026-04-28 15:36:54 | INF | ACTION_TRACE | Acc=admin | Path=/Captcha/Generate | IP=::1 | Start=2026-04-28 15:36:54.267 | Elapsed=37ms | Status=Completed
2026-04-28 15:36:54 | INF | ACTION_TRACE | Acc=admin | Path=/DNTCaptchaImage/Show | IP=::1 | Start=2026-04-28 15:36:54.535 | Elapsed=110ms | Status=Completed
2026-04-28 15:36:58 | INF | ACTION_TRACE | Acc=admin | Path=/AdminPortal/Account/Login | IP=::1 | Start=2026-04-28 15:36:58.343 | Elapsed=100ms | Status=Completed
2026-04-28 15:36:58 | INF | ACTION_TRACE | Acc=admin | Path=/Captcha/Generate | IP=::1 | Start=2026-04-28 15:36:58.512 | Elapsed=4ms | Status=Completed
2026-04-28 15:36:58 | INF | ACTION_TRACE | Acc=admin | Path=/DNTCaptchaImage/Show | IP=::1 | Start=2026-04-28 15:36:58.524 | Elapsed=14ms | Status=Completed
2026-04-28 15:37:08 | INF | ACTION_TRACE | Acc=admin | Path=/AdminPortal/Account/Login | IP=::1 | Start=2026-04-28 15:37:01.433 | Elapsed=6825ms | Status=Completed
2026-04-28 15:37:08 | INF | NETWORK_UNSTABLE | Acc=admin | Path=/AdminPortal/Account/Login | Reason=SlowRequest 6825ms
2026-04-28 15:37:08 | INF | ACTION_TRACE | Acc=admin | Path=/AdminPortal/Home/Index | IP=::1 | Start=2026-04-28 15:37:08.273 | Elapsed=121ms | Status=Completed
2026-04-28 15:40:00 | WRN | The query uses the 'First'/'FirstOrDefault' operator without 'OrderBy' and filter operators. This may lead to unpredictable results.
2026-04-28 15:40:00 | INF | CONTROLLER_EXEC | Acc= admin | IP=::1 | Path=ADS999999/ADS999999 | Message=GET /ADS999999/ADS999999
2026-04-28 15:40:00 | INF | ACTION_TRACE | Acc=admin | Path=/ADS999999/ADS999999 | IP=::1 | Start=2026-04-28 15:40:00.086 | Elapsed=55ms | Status=Completed
2026-04-28 15:40:08 | INF | ACTION_TRACE | Acc=admin | Path=/.well-known/appspecific/com.chrome.devtools.json | IP=::1 | Start=2026-04-28 15:40:08.721 | Elapsed=0ms | Status=Completed
2026-04-28 15:40:13 | INF | ACTION_TRACE | Acc=admin | Path=/AdminPortal/Home/Index | IP=::1 | Start=2026-04-28 15:40:13.673 | Elapsed=12ms | Status=Completed
2026-04-28 15:40:13 | INF | ACTION_TRACE | Acc=admin | Path=/.well-known/appspecific/com.chrome.devtools.json | IP=::1 | Start=2026-04-28 15:40:13.718 | Elapsed=0ms | Status=Completed
2026-04-28 15:40:20 | INF | CONTROLLER_EXEC | Acc= admin | IP=::1 | Path=ADS999999/ADS999999 | Message=GET /ADS999999/ADS999999
2026-04-28 15:40:20 | INF | ACTION_TRACE | Acc=admin | Path=/ADS999999/ADS999999 | IP=::1 | Start=2026-04-28 15:40:20.183 | Elapsed=8ms | Status=Completed
2026-04-28 15:40:29 | INF | ACTION_TRACE | Acc=admin | Path=/AdminPortal/Home/Index | IP=::1 | Start=2026-04-28 15:40:29.854 | Elapsed=6ms | Status=Completed
2026-04-28 15:40:29 | INF | ACTION_TRACE | Acc=admin | Path=/.well-known/appspecific/com.chrome.devtools.json | IP=::1 | Start=2026-04-28 15:40:29.901 | Elapsed=0ms | Status=Completed
2026-04-28 15:40:34 | INF | CONTROLLER_EXEC | Acc= admin | IP=::1 | Path=ADS999999/ADS999999 | Message=GET /ADS999999/ADS999999
2026-04-28 15:40:34 | INF | ACTION_TRACE | Acc=admin | Path=/ADS999999/ADS999999 | IP=::1 | Start=2026-04-28 15:40:34.402 | Elapsed=10ms | Status=Completed
2026-04-28 15:44:25 | WRN | No store type was specified for the decimal property 'OveMoney' on entity type 'HROvertime'. This will cause values to be silently truncated if they do not fit in the default precision and scale. Explicitly specify the SQL server column type that can accommodate all the values in 'OnModelCreating' using 'HasColumnType', specify precision and scale using 'HasPrecision', or configure a value converter using 'HasConversion'.
2026-04-28 15:44:25 | WRN | No store type was specified for the decimal property 'Wag1D1Hour' on entity type 'HRWage'. This will cause values to be silently truncated if they do not fit in the default precision and scale. Explicitly specify the SQL server column type that can accommodate all the values in 'OnModelCreating' using 'HasColumnType', specify precision and scale using 'HasPrecision', or configure a value converter using 'HasConversion'.
2026-04-28 15:44:25 | WRN | No store type was specified for the decimal property 'Wag2D1Hour' on entity type 'HRWage'. This will cause values to be silently truncated if they do not fit in the default precision and scale. Explicitly specify the SQL server column type that can accommodate all the values in 'OnModelCreating' using 'HasColumnType', specify precision and scale using 'HasPrecision', or configure a value converter using 'HasConversion'.
2026-04-28 15:44:25 | WRN | No store type was specified for the decimal property 'Wag4D3Hour' on entity type 'HRWage'. This will cause values to be silently truncated if they do not fit in the default precision and scale. Explicitly specify the SQL server column type that can accommodate all the values in 'OnModelCreating' using 'HasColumnType', specify precision and scale using 'HasPrecision', or configure a value converter using 'HasConversion'.
2026-04-28 15:44:25 | WRN | No store type was specified for the decimal property 'Wag5D3Hour' on entity type 'HRWage'. This will cause values to be silently truncated if they do not fit in the default precision and scale. Explicitly specify the SQL server column type that can accommodate all the values in 'OnModelCreating' using 'HasColumnType', specify precision and scale using 'HasPrecision', or configure a value converter using 'HasConversion'.
2026-04-28 15:44:25 | WRN | No store type was specified for the decimal property 'Wag8D3Hour' on entity type 'HRWage'. This will cause values to be silently truncated if they do not fit in the default precision and scale. Explicitly specify the SQL server column type that can accommodate all the values in 'OnModelCreating' using 'HasColumnType', specify precision and scale using 'HasPrecision', or configure a value converter using 'HasConversion'.
2026-04-28 15:44:25 | WRN | No store type was specified for the decimal property 'WagApplyHour' on entity type 'HRWage'. This will cause values to be silently truncated if they do not fit in the default precision and scale. Explicitly specify the SQL server column type that can accommodate all the values in 'OnModelCreating' using 'HasColumnType', specify precision and scale using 'HasPrecision', or configure a value converter using 'HasConversion'.
2026-04-28 15:44:25 | WRN | No store type was specified for the decimal property 'WagIssueHour' on entity type 'HRWage'. This will cause values to be silently truncated if they do not fit in the default precision and scale. Explicitly specify the SQL server column type that can accommodate all the values in 'OnModelCreating' using 'HasColumnType', specify precision and scale using 'HasPrecision', or configure a value converter using 'HasConversion'.
2026-04-28 15:44:25 | WRN | No store type was specified for the decimal property 'WagSubtotal' on entity type 'HRWage'. This will cause values to be silently truncated if they do not fit in the default precision and scale. Explicitly specify the SQL server column type that can accommodate all the values in 'OnModelCreating' using 'HasColumnType', specify precision and scale using 'HasPrecision', or configure a value converter using 'HasConversion'.
2026-04-28 15:44:30 | WRN | The query uses the 'First'/'FirstOrDefault' operator without 'OrderBy' and filter operators. This may lead to unpredictable results.
2026-04-28 15:44:31 | INF | ACTION_TRACE | Acc=admin | Path=/ | IP=::1 | Start=2026-04-28 15:44:24.295 | Elapsed=7016ms | Status=Completed
2026-04-28 15:44:31 | INF | NETWORK_UNSTABLE | Acc=admin | Path=/ | Reason=SlowRequest 7016ms
2026-04-28 15:44:31 | INF | ACTION_TRACE | Acc=admin | Path=/Captcha/Generate | IP=::1 | Start=2026-04-28 15:44:31.496 | Elapsed=31ms | Status=Completed
2026-04-28 15:44:31 | INF | ACTION_TRACE | Acc=admin | Path=/DNTCaptchaImage/Show | IP=::1 | Start=2026-04-28 15:44:31.751 | Elapsed=104ms | Status=Completed
2026-04-28 15:46:30 | INF | ACTION_TRACE | Acc=admin | Path=/AdminPortal/Account/Login | IP=::1 | Start=2026-04-28 15:46:30.009 | Elapsed=107ms | Status=Completed
2026-04-28 15:46:30 | INF | ACTION_TRACE | Acc=admin | Path=/Captcha/Generate | IP=::1 | Start=2026-04-28 15:46:30.206 | Elapsed=5ms | Status=Completed
2026-04-28 15:46:30 | INF | ACTION_TRACE | Acc=admin | Path=/DNTCaptchaImage/Show | IP=::1 | Start=2026-04-28 15:46:30.220 | Elapsed=16ms | Status=Completed
2026-04-28 15:46:44 | INF | ACTION_TRACE | Acc=admin | Path=/AdminPortal/Account/Login | IP=::1 | Start=2026-04-28 15:46:35.103 | Elapsed=9526ms | Status=Completed
2026-04-28 15:46:44 | INF | NETWORK_UNSTABLE | Acc=admin | Path=/AdminPortal/Account/Login | Reason=SlowRequest 9526ms
2026-04-28 15:46:44 | INF | ACTION_TRACE | Acc=admin | Path=/AdminPortal/Home/Index | IP=::1 | Start=2026-04-28 15:46:44.643 | Elapsed=130ms | Status=Completed
2026-04-28 15:46:50 | WRN | The query uses the 'First'/'FirstOrDefault' operator without 'OrderBy' and filter operators. This may lead to unpredictable results.
2026-04-28 15:46:50 | INF | CONTROLLER_EXEC | Acc= admin | IP=::1 | Path=ADS999999/ADS999999 | Message=GET /ADS999999/ADS999999
2026-04-28 15:46:50 | INF | ACTION_TRACE | Acc=admin | Path=/ADS999999/ADS999999 | IP=::1 | Start=2026-04-28 15:46:50.234 | Elapsed=59ms | Status=Completed
2026-04-28 15:46:50 | INF | CONTROLLER_EXEC | Acc= admin | IP=::1 | Path=ADS999999/GetLevelData | Message=GET /ADS999999/GetLevelData
2026-04-28 15:46:50 | INF | ACTION_TRACE | Acc=admin | Path=/ADS999999/GetLevelData | IP=::1 | Start=2026-04-28 15:46:50.332 | Elapsed=23ms | Status=Completed
2026-04-28 15:46:50 | INF | CONTROLLER_EXEC | Acc= admin | IP=::1 | Path=ADS999999/GetLevelData | Message=GET /ADS999999/GetLevelData
2026-04-28 15:46:50 | INF | ACTION_TRACE | Acc=admin | Path=/ADS999999/GetLevelData | IP=::1 | Start=2026-04-28 15:46:50.359 | Elapsed=6ms | Status=Completed
2026-04-28 15:46:51 | INF | CONTROLLER_EXEC | Acc= admin | IP=::1 | Path=ADS999999/GetLevelData | Message=GET /ADS999999/GetLevelData
2026-04-28 15:46:51 | INF | ACTION_TRACE | Acc=admin | Path=/ADS999999/GetLevelData | IP=::1 | Start=2026-04-28 15:46:51.611 | Elapsed=4ms | Status=Completed
2026-04-28 15:46:51 | INF | CONTROLLER_EXEC | Acc= admin | IP=::1 | Path=ADS999999/GetLevelData | Message=GET /ADS999999/GetLevelData
2026-04-28 15:46:51 | INF | ACTION_TRACE | Acc=admin | Path=/ADS999999/GetLevelData | IP=::1 | Start=2026-04-28 15:46:51.619 | Elapsed=2ms | Status=Completed
2026-04-28 15:52:21 | WRN | No store type was specified for the decimal property 'OveMoney' on entity type 'HROvertime'. This will cause values to be silently truncated if they do not fit in the default precision and scale. Explicitly specify the SQL server column type that can accommodate all the values in 'OnModelCreating' using 'HasColumnType', specify precision and scale using 'HasPrecision', or configure a value converter using 'HasConversion'.
2026-04-28 15:52:21 | WRN | No store type was specified for the decimal property 'Wag1D1Hour' on entity type 'HRWage'. This will cause values to be silently truncated if they do not fit in the default precision and scale. Explicitly specify the SQL server column type that can accommodate all the values in 'OnModelCreating' using 'HasColumnType', specify precision and scale using 'HasPrecision', or configure a value converter using 'HasConversion'.
2026-04-28 15:52:21 | WRN | No store type was specified for the decimal property 'Wag2D1Hour' on entity type 'HRWage'. This will cause values to be silently truncated if they do not fit in the default precision and scale. Explicitly specify the SQL server column type that can accommodate all the values in 'OnModelCreating' using 'HasColumnType', specify precision and scale using 'HasPrecision', or configure a value converter using 'HasConversion'.
2026-04-28 15:52:21 | WRN | No store type was specified for the decimal property 'Wag4D3Hour' on entity type 'HRWage'. This will cause values to be silently truncated if they do not fit in the default precision and scale. Explicitly specify the SQL server column type that can accommodate all the values in 'OnModelCreating' using 'HasColumnType', specify precision and scale using 'HasPrecision', or configure a value converter using 'HasConversion'.
2026-04-28 15:52:21 | WRN | No store type was specified for the decimal property 'Wag5D3Hour' on entity type 'HRWage'. This will cause values to be silently truncated if they do not fit in the default precision and scale. Explicitly specify the SQL server column type that can accommodate all the values in 'OnModelCreating' using 'HasColumnType', specify precision and scale using 'HasPrecision', or configure a value converter using 'HasConversion'.
2026-04-28 15:52:21 | WRN | No store type was specified for the decimal property 'Wag8D3Hour' on entity type 'HRWage'. This will cause values to be silently truncated if they do not fit in the default precision and scale. Explicitly specify the SQL server column type that can accommodate all the values in 'OnModelCreating' using 'HasColumnType', specify precision and scale using 'HasPrecision', or configure a value converter using 'HasConversion'.
2026-04-28 15:52:21 | WRN | No store type was specified for the decimal property 'WagApplyHour' on entity type 'HRWage'. This will cause values to be silently truncated if they do not fit in the default precision and scale. Explicitly specify the SQL server column type that can accommodate all the values in 'OnModelCreating' using 'HasColumnType', specify precision and scale using 'HasPrecision', or configure a value converter using 'HasConversion'.
2026-04-28 15:52:21 | WRN | No store type was specified for the decimal property 'WagIssueHour' on entity type 'HRWage'. This will cause values to be silently truncated if they do not fit in the default precision and scale. Explicitly specify the SQL server column type that can accommodate all the values in 'OnModelCreating' using 'HasColumnType', specify precision and scale using 'HasPrecision', or configure a value converter using 'HasConversion'.
2026-04-28 15:52:21 | WRN | No store type was specified for the decimal property 'WagSubtotal' on entity type 'HRWage'. This will cause values to be silently truncated if they do not fit in the default precision and scale. Explicitly specify the SQL server column type that can accommodate all the values in 'OnModelCreating' using 'HasColumnType', specify precision and scale using 'HasPrecision', or configure a value converter using 'HasConversion'.
2026-04-28 15:52:26 | WRN | The query uses the 'First'/'FirstOrDefault' operator without 'OrderBy' and filter operators. This may lead to unpredictable results.
2026-04-28 15:52:27 | INF | ACTION_TRACE | Acc=admin | Path=/ | IP=::1 | Start=2026-04-28 15:52:20.268 | Elapsed=6988ms | Status=Completed
2026-04-28 15:52:27 | INF | NETWORK_UNSTABLE | Acc=admin | Path=/ | Reason=SlowRequest 6988ms
2026-04-28 15:52:27 | INF | ACTION_TRACE | Acc=admin | Path=/Captcha/Generate | IP=::1 | Start=2026-04-28 15:52:27.441 | Elapsed=72ms | Status=Completed
2026-04-28 15:52:27 | INF | ACTION_TRACE | Acc=admin | Path=/DNTCaptchaImage/Show | IP=::1 | Start=2026-04-28 15:52:27.699 | Elapsed=136ms | Status=Completed
2026-04-28 15:52:56 | INF | ACTION_TRACE | Acc=admin | Path=/AdminPortal/Account/Login | IP=::1 | Start=2026-04-28 15:52:56.461 | Elapsed=121ms | Status=Completed
2026-04-28 15:52:56 | INF | ACTION_TRACE | Acc=admin | Path=/Captcha/Generate | IP=::1 | Start=2026-04-28 15:52:56.691 | Elapsed=4ms | Status=Completed
2026-04-28 15:52:56 | INF | ACTION_TRACE | Acc=admin | Path=/DNTCaptchaImage/Show | IP=::1 | Start=2026-04-28 15:52:56.704 | Elapsed=16ms | Status=Completed
2026-04-28 15:53:09 | INF | ACTION_TRACE | Acc=admin | Path=/AdminPortal/Account/Login | IP=::1 | Start=2026-04-28 15:52:59.612 | Elapsed=10196ms | Status=Completed
2026-04-28 15:53:09 | INF | NETWORK_UNSTABLE | Acc=admin | Path=/AdminPortal/Account/Login | Reason=SlowRequest 10196ms
2026-04-28 15:53:09 | INF | ACTION_TRACE | Acc=admin | Path=/AdminPortal/Home/Index | IP=::1 | Start=2026-04-28 15:53:09.826 | Elapsed=162ms | Status=Completed
2026-04-28 15:53:12 | WRN | The query uses the 'First'/'FirstOrDefault' operator without 'OrderBy' and filter operators. This may lead to unpredictable results.
2026-04-28 15:53:12 | INF | CONTROLLER_EXEC | Acc= admin | IP=::1 | Path=ADS999999/ADS999999 | Message=GET /ADS999999/ADS999999
2026-04-28 15:53:12 | INF | ACTION_TRACE | Acc=admin | Path=/ADS999999/ADS999999 | IP=::1 | Start=2026-04-28 15:53:12.618 | Elapsed=66ms | Status=Completed
2026-04-28 15:53:14 | INF | CONTROLLER_EXEC | Acc= admin | IP=::1 | Path=ADS999999/GetLevelData | Message=GET /ADS999999/GetLevelData
2026-04-28 15:53:14 | INF | ACTION_TRACE | Acc=admin | Path=/ADS999999/GetLevelData | IP=::1 | Start=2026-04-28 15:53:14.031 | Elapsed=21ms | Status=Completed
2026-04-28 15:53:42 | WRN | The query uses the 'First'/'FirstOrDefault' operator without 'OrderBy' and filter operators. This may lead to unpredictable results.
2026-04-28 15:53:42 | INF | CONTROLLER_EXEC | Acc= admin | IP=::1 | Path=ADS999999/UpdateLevelData | Message=POST /ADS999999/UpdateLevelData
2026-04-28 15:53:42 | INF | ACTION_TRACE | Acc=admin | Path=/ADS999999/UpdateLevelData | IP=::1 | Start=2026-04-28 15:53:42.385 | Elapsed=343ms | Status=Completed
2026-04-28 15:53:45 | INF | CONTROLLER_EXEC | Acc= admin | IP=::1 | Path=ADS999999/GetLevelData | Message=GET /ADS999999/GetLevelData
2026-04-28 15:53:45 | INF | ACTION_TRACE | Acc=admin | Path=/ADS999999/GetLevelData | IP=::1 | Start=2026-04-28 15:53:45.072 | Elapsed=4ms | Status=Completed
2026-04-28 15:54:11 | INF | CONTROLLER_EXEC | Acc= admin | IP=::1 | Path=ADS999999/UpdateLevelData | Message=POST /ADS999999/UpdateLevelData
2026-04-28 15:54:11 | INF | ACTION_TRACE | Acc=admin | Path=/ADS999999/UpdateLevelData | IP=::1 | Start=2026-04-28 15:54:11.155 | Elapsed=28ms | Status=Completed
2026-04-28 15:54:13 | INF | CONTROLLER_EXEC | Acc= admin | IP=::1 | Path=ADS999999/GetLevelData | Message=GET /ADS999999/GetLevelData
2026-04-28 15:54:13 | INF | ACTION_TRACE | Acc=admin | Path=/ADS999999/GetLevelData | IP=::1 | Start=2026-04-28 15:54:13.533 | Elapsed=21ms | Status=Completed
2026-04-28 15:54:19 | INF | CONTROLLER_EXEC | Acc= admin | IP=::1 | Path=ADS999999/UpdateLevelData | Message=POST /ADS999999/UpdateLevelData
2026-04-28 15:54:19 | INF | ACTION_TRACE | Acc=admin | Path=/ADS999999/UpdateLevelData | IP=::1 | Start=2026-04-28 15:54:19.152 | Elapsed=13ms | Status=Completed
2026-04-28 15:54:20 | INF | CONTROLLER_EXEC | Acc= admin | IP=::1 | Path=ADS999999/GetLevelData | Message=GET /ADS999999/GetLevelData
2026-04-28 15:54:20 | INF | ACTION_TRACE | Acc=admin | Path=/ADS999999/GetLevelData | IP=::1 | Start=2026-04-28 15:54:20.994 | Elapsed=5ms | Status=Completed
2026-04-28 15:54:37 | INF | CONTROLLER_EXEC | Acc= admin | IP=::1 | Path=ADS999999/UpdateLevelData | Message=POST /ADS999999/UpdateLevelData
2026-04-28 15:54:37 | INF | ACTION_TRACE | Acc=admin | Path=/ADS999999/UpdateLevelData | IP=::1 | Start=2026-04-28 15:54:37.190 | Elapsed=16ms | Status=Completed
2026-04-28 15:54:39 | INF | CONTROLLER_EXEC | Acc= admin | IP=::1 | Path=ADS999999/GetLevelData | Message=GET /ADS999999/GetLevelData
2026-04-28 15:54:39 | INF | ACTION_TRACE | Acc=admin | Path=/ADS999999/GetLevelData | IP=::1 | Start=2026-04-28 15:54:39.103 | Elapsed=2ms | Status=Completed
2026-04-28 15:57:20 | WRN | No store type was specified for the decimal property 'OveMoney' on entity type 'HROvertime'. This will cause values to be silently truncated if they do not fit in the default precision and scale. Explicitly specify the SQL server column type that can accommodate all the values in 'OnModelCreating' using 'HasColumnType', specify precision and scale using 'HasPrecision', or configure a value converter using 'HasConversion'.
2026-04-28 15:57:20 | WRN | No store type was specified for the decimal property 'Wag1D1Hour' on entity type 'HRWage'. This will cause values to be silently truncated if they do not fit in the default precision and scale. Explicitly specify the SQL server column type that can accommodate all the values in 'OnModelCreating' using 'HasColumnType', specify precision and scale using 'HasPrecision', or configure a value converter using 'HasConversion'.
2026-04-28 15:57:20 | WRN | No store type was specified for the decimal property 'Wag2D1Hour' on entity type 'HRWage'. This will cause values to be silently truncated if they do not fit in the default precision and scale. Explicitly specify the SQL server column type that can accommodate all the values in 'OnModelCreating' using 'HasColumnType', specify precision and scale using 'HasPrecision', or configure a value converter using 'HasConversion'.
2026-04-28 15:57:20 | WRN | No store type was specified for the decimal property 'Wag4D3Hour' on entity type 'HRWage'. This will cause values to be silently truncated if they do not fit in the default precision and scale. Explicitly specify the SQL server column type that can accommodate all the values in 'OnModelCreating' using 'HasColumnType', specify precision and scale using 'HasPrecision', or configure a value converter using 'HasConversion'.
2026-04-28 15:57:20 | WRN | No store type was specified for the decimal property 'Wag5D3Hour' on entity type 'HRWage'. This will cause values to be silently truncated if they do not fit in the default precision and scale. Explicitly specify the SQL server column type that can accommodate all the values in 'OnModelCreating' using 'HasColumnType', specify precision and scale using 'HasPrecision', or configure a value converter using 'HasConversion'.
2026-04-28 15:57:20 | WRN | No store type was specified for the decimal property 'Wag8D3Hour' on entity type 'HRWage'. This will cause values to be silently truncated if they do not fit in the default precision and scale. Explicitly specify the SQL server column type that can accommodate all the values in 'OnModelCreating' using 'HasColumnType', specify precision and scale using 'HasPrecision', or configure a value converter using 'HasConversion'.
2026-04-28 15:57:20 | WRN | No store type was specified for the decimal property 'WagApplyHour' on entity type 'HRWage'. This will cause values to be silently truncated if they do not fit in the default precision and scale. Explicitly specify the SQL server column type that can accommodate all the values in 'OnModelCreating' using 'HasColumnType', specify precision and scale using 'HasPrecision', or configure a value converter using 'HasConversion'.
2026-04-28 15:57:20 | WRN | No store type was specified for the decimal property 'WagIssueHour' on entity type 'HRWage'. This will cause values to be silently truncated if they do not fit in the default precision and scale. Explicitly specify the SQL server column type that can accommodate all the values in 'OnModelCreating' using 'HasColumnType', specify precision and scale using 'HasPrecision', or configure a value converter using 'HasConversion'.
2026-04-28 15:57:20 | WRN | No store type was specified for the decimal property 'WagSubtotal' on entity type 'HRWage'. This will cause values to be silently truncated if they do not fit in the default precision and scale. Explicitly specify the SQL server column type that can accommodate all the values in 'OnModelCreating' using 'HasColumnType', specify precision and scale using 'HasPrecision', or configure a value converter using 'HasConversion'.
2026-04-28 15:57:25 | WRN | The query uses the 'First'/'FirstOrDefault' operator without 'OrderBy' and filter operators. This may lead to unpredictable results.
2026-04-28 15:57:26 | INF | ACTION_TRACE | Acc=admin | Path=/ | IP=::1 | Start=2026-04-28 15:57:19.306 | Elapsed=7076ms | Status=Completed
2026-04-28 15:57:26 | INF | NETWORK_UNSTABLE | Acc=admin | Path=/ | Reason=SlowRequest 7076ms
2026-04-28 15:57:26 | INF | ACTION_TRACE | Acc=admin | Path=/Captcha/Generate | IP=::1 | Start=2026-04-28 15:57:26.600 | Elapsed=38ms | Status=Completed
2026-04-28 15:57:26 | INF | ACTION_TRACE | Acc=admin | Path=/DNTCaptchaImage/Show | IP=::1 | Start=2026-04-28 15:57:26.863 | Elapsed=117ms | Status=Completed
2026-04-28 15:57:32 | INF | ACTION_TRACE | Acc=admin | Path=/AdminPortal/Account/Login | IP=::1 | Start=2026-04-28 15:57:32.630 | Elapsed=111ms | Status=Completed
2026-04-28 15:57:32 | INF | ACTION_TRACE | Acc=admin | Path=/Captcha/Generate | IP=::1 | Start=2026-04-28 15:57:32.958 | Elapsed=5ms | Status=Completed
2026-04-28 15:57:32 | INF | ACTION_TRACE | Acc=admin | Path=/DNTCaptchaImage/Show | IP=::1 | Start=2026-04-28 15:57:32.972 | Elapsed=17ms | Status=Completed
2026-04-28 15:57:45 | INF | ACTION_TRACE | Acc=admin | Path=/AdminPortal/Account/Login | IP=::1 | Start=2026-04-28 15:57:35.924 | Elapsed=9255ms | Status=Completed
2026-04-28 15:57:45 | INF | NETWORK_UNSTABLE | Acc=admin | Path=/AdminPortal/Account/Login | Reason=SlowRequest 9255ms
2026-04-28 15:57:45 | INF | ACTION_TRACE | Acc=admin | Path=/AdminPortal/Home/Index | IP=::1 | Start=2026-04-28 15:57:45.207 | Elapsed=126ms | Status=Completed
2026-04-28 15:57:53 | WRN | The query uses the 'First'/'FirstOrDefault' operator without 'OrderBy' and filter operators. This may lead to unpredictable results.
2026-04-28 15:57:53 | INF | CONTROLLER_EXEC | Acc= admin | IP=::1 | Path=ADS999999/ADS999999 | Message=GET /ADS999999/ADS999999
2026-04-28 15:57:53 | INF | ACTION_TRACE | Acc=admin | Path=/ADS999999/ADS999999 | IP=::1 | Start=2026-04-28 15:57:53.898 | Elapsed=98ms | Status=Completed
2026-04-28 15:58:05 | WRN | The query uses the 'First'/'FirstOrDefault' operator without 'OrderBy' and filter operators. This may lead to unpredictable results.
2026-04-28 15:58:06 | INF | CONTROLLER_EXEC | Acc= admin | IP=::1 | Path=ADS999999/UpdateSystemInfo | Message=POST /ADS999999/UpdateSystemInfo
2026-04-28 15:58:06 | INF | ACTION_TRACE | Acc=admin | Path=/ADS999999/UpdateSystemInfo | IP=::1 | Start=2026-04-28 15:58:05.753 | Elapsed=331ms | Status=Completed
2026-04-28 15:58:13 | INF | ACTION_TRACE | Acc=admin | Path=/AdminPortal/Home/Index | IP=::1 | Start=2026-04-28 15:58:13.535 | Elapsed=7ms | Status=Completed
2026-04-28 15:58:17 | INF | CONTROLLER_EXEC | Acc= admin | IP=::1 | Path=ADS999999/ADS999999 | Message=GET /ADS999999/ADS999999
2026-04-28 15:58:17 | INF | ACTION_TRACE | Acc=admin | Path=/ADS999999/ADS999999 | IP=::1 | Start=2026-04-28 15:58:17.485 | Elapsed=50ms | Status=Completed
2026-04-28 15:58:19 | INF | CONTROLLER_EXEC | Acc= admin | IP=::1 | Path=ADS999999/UpdateSystemInfo | Message=POST /ADS999999/UpdateSystemInfo
2026-04-28 15:58:19 | INF | ACTION_TRACE | Acc=admin | Path=/ADS999999/UpdateSystemInfo | IP=::1 | Start=2026-04-28 15:58:19.941 | Elapsed=17ms | Status=Completed
2026-04-28 16:00:19 | INF | ACTION_TRACE | Acc=admin | Path=/Home/Index | IP=::1 | Start=2026-04-28 16:00:19.390 | Elapsed=205ms | Status=Completed
2026-04-28 16:00:26 | INF | ACTION_TRACE | Acc=admin | Path=/Account/Logout | IP=::1 | Start=2026-04-28 16:00:26.314 | Elapsed=15ms | Status=Completed
2026-04-28 16:00:32 | INF | ACTION_TRACE | Acc=admin | Path=/AdminPortal/Home/Index | IP=::1 | Start=2026-04-28 16:00:32.814 | Elapsed=81ms | Status=Completed
2026-04-28 16:00:35 | WRN | The query uses the 'First'/'FirstOrDefault' operator without 'OrderBy' and filter operators. This may lead to unpredictable results.
2026-04-28 16:00:35 | INF | CONTROLLER_EXEC | Acc= admin | IP=::1 | Path=ADS999999/ADS999999 | Message=GET /ADS999999/ADS999999
2026-04-28 16:00:35 | INF | ACTION_TRACE | Acc=admin | Path=/ADS999999/ADS999999 | IP=::1 | Start=2026-04-28 16:00:35.784 | Elapsed=59ms | Status=Completed
2026-04-28 16:00:44 | INF | CONTROLLER_EXEC | Acc= admin | IP=::1 | Path=ADS999999/UploadBackgroundImage | Message=POST /ADS999999/UploadBackgroundImage
2026-04-28 16:00:44 | INF | ACTION_TRACE | Acc=admin | Path=/ADS999999/UploadBackgroundImage | IP=::1 | Start=2026-04-28 16:00:44.342 | Elapsed=233ms | Status=Completed
2026-04-28 16:00:49 | INF | ACTION_TRACE | Acc=admin | Path=/ | IP=::1 | Start=2026-04-28 16:00:49.093 | Elapsed=233ms | Status=Completed
2026-04-28 16:00:49 | INF | ACTION_TRACE | Acc=admin | Path=/Captcha/Generate | IP=::1 | Start=2026-04-28 16:00:49.550 | Elapsed=1ms | Status=Completed
2026-04-28 16:00:49 | INF | ACTION_TRACE | Acc=admin | Path=/DNTCaptchaImage/Show | IP=::1 | Start=2026-04-28 16:00:49.557 | Elapsed=30ms | Status=Completed
2026-04-28 16:00:52 | INF | ACTION_TRACE | Acc=admin | Path=/ | IP=::1 | Start=2026-04-28 16:00:51.503 | Elapsed=801ms | Status=Completed
2026-04-28 16:00:52 | INF | ACTION_TRACE | Acc=admin | Path=/Captcha/Generate | IP=::1 | Start=2026-04-28 16:00:52.660 | Elapsed=1ms | Status=Completed
2026-04-28 16:00:54 | INF | ACTION_TRACE | Acc=admin | Path=/AdminPortal/Account/Login | IP=::1 | Start=2026-04-28 16:00:54.855 | Elapsed=2ms | Status=Completed
2026-04-28 16:00:55 | INF | ACTION_TRACE | Acc=admin | Path=/Captcha/Generate | IP=::1 | Start=2026-04-28 16:00:55.061 | Elapsed=1ms | Status=Completed
2026-04-28 16:00:55 | INF | ACTION_TRACE | Acc=admin | Path=/DNTCaptchaImage/Show | IP=::1 | Start=2026-04-28 16:00:55.072 | Elapsed=13ms | Status=Completed
2026-04-28 16:00:57 | INF | ACTION_TRACE | Acc=admin | Path=/DNTCaptchaImage/Show | IP=::1 | Start=2026-04-28 16:00:57.200 | Elapsed=14ms | Status=Completed
2026-04-28 16:01:02 | INF | ACTION_TRACE | Acc=admin | Path=/AdminPortal/Account/Login | IP=::1 | Start=2026-04-28 16:00:58.198 | Elapsed=4572ms | Status=Completed
2026-04-28 16:01:02 | INF | NETWORK_UNSTABLE | Acc=admin | Path=/AdminPortal/Account/Login | Reason=SlowRequest 4572ms
2026-04-28 16:01:02 | INF | ACTION_TRACE | Acc=admin | Path=/AdminPortal/Home/Index | IP=::1 | Start=2026-04-28 16:01:02.779 | Elapsed=7ms | Status=Completed
2026-04-28 16:02:11 | INF | ACTION_TRACE | Acc=admin | Path=/AdminPortal/Home/Index | IP=::1 | Start=2026-04-28 16:02:11.638 | Elapsed=29ms | Status=Completed
2026-04-28 16:03:31 | WRN | No store type was specified for the decimal property 'OveMoney' on entity type 'HROvertime'. This will cause values to be silently truncated if they do not fit in the default precision and scale. Explicitly specify the SQL server column type that can accommodate all the values in 'OnModelCreating' using 'HasColumnType', specify precision and scale using 'HasPrecision', or configure a value converter using 'HasConversion'.
2026-04-28 16:03:31 | WRN | No store type was specified for the decimal property 'Wag1D1Hour' on entity type 'HRWage'. This will cause values to be silently truncated if they do not fit in the default precision and scale. Explicitly specify the SQL server column type that can accommodate all the values in 'OnModelCreating' using 'HasColumnType', specify precision and scale using 'HasPrecision', or configure a value converter using 'HasConversion'.
2026-04-28 16:03:31 | WRN | No store type was specified for the decimal property 'Wag2D1Hour' on entity type 'HRWage'. This will cause values to be silently truncated if they do not fit in the default precision and scale. Explicitly specify the SQL server column type that can accommodate all the values in 'OnModelCreating' using 'HasColumnType', specify precision and scale using 'HasPrecision', or configure a value converter using 'HasConversion'.
2026-04-28 16:03:31 | WRN | No store type was specified for the decimal property 'Wag4D3Hour' on entity type 'HRWage'. This will cause values to be silently truncated if they do not fit in the default precision and scale. Explicitly specify the SQL server column type that can accommodate all the values in 'OnModelCreating' using 'HasColumnType', specify precision and scale using 'HasPrecision', or configure a value converter using 'HasConversion'.
2026-04-28 16:03:31 | WRN | No store type was specified for the decimal property 'Wag5D3Hour' on entity type 'HRWage'. This will cause values to be silently truncated if they do not fit in the default precision and scale. Explicitly specify the SQL server column type that can accommodate all the values in 'OnModelCreating' using 'HasColumnType', specify precision and scale using 'HasPrecision', or configure a value converter using 'HasConversion'.
2026-04-28 16:03:31 | WRN | No store type was specified for the decimal property 'Wag8D3Hour' on entity type 'HRWage'. This will cause values to be silently truncated if they do not fit in the default precision and scale. Explicitly specify the SQL server column type that can accommodate all the values in 'OnModelCreating' using 'HasColumnType', specify precision and scale using 'HasPrecision', or configure a value converter using 'HasConversion'.
2026-04-28 16:03:31 | WRN | No store type was specified for the decimal property 'WagApplyHour' on entity type 'HRWage'. This will cause values to be silently truncated if they do not fit in the default precision and scale. Explicitly specify the SQL server column type that can accommodate all the values in 'OnModelCreating' using 'HasColumnType', specify precision and scale using 'HasPrecision', or configure a value converter using 'HasConversion'.
2026-04-28 16:03:31 | WRN | No store type was specified for the decimal property 'WagIssueHour' on entity type 'HRWage'. This will cause values to be silently truncated if they do not fit in the default precision and scale. Explicitly specify the SQL server column type that can accommodate all the values in 'OnModelCreating' using 'HasColumnType', specify precision and scale using 'HasPrecision', or configure a value converter using 'HasConversion'.
2026-04-28 16:03:31 | WRN | No store type was specified for the decimal property 'WagSubtotal' on entity type 'HRWage'. This will cause values to be silently truncated if they do not fit in the default precision and scale. Explicitly specify the SQL server column type that can accommodate all the values in 'OnModelCreating' using 'HasColumnType', specify precision and scale using 'HasPrecision', or configure a value converter using 'HasConversion'.
2026-04-28 16:03:36 | WRN | The query uses the 'First'/'FirstOrDefault' operator without 'OrderBy' and filter operators. This may lead to unpredictable results.
2026-04-28 16:03:37 | INF | ACTION_TRACE | Acc=admin | Path=/ | IP=::1 | Start=2026-04-28 16:03:30.787 | Elapsed=7050ms | Status=Completed
2026-04-28 16:03:37 | INF | NETWORK_UNSTABLE | Acc=admin | Path=/ | Reason=SlowRequest 7050ms
2026-04-28 16:03:38 | INF | ACTION_TRACE | Acc=admin | Path=/Captcha/Generate | IP=::1 | Start=2026-04-28 16:03:38.060 | Elapsed=38ms | Status=Completed
2026-04-28 16:03:38 | INF | ACTION_TRACE | Acc=admin | Path=/DNTCaptchaImage/Show | IP=::1 | Start=2026-04-28 16:03:38.126 | Elapsed=115ms | Status=Completed
2026-04-28 16:07:11 | INF | ACTION_TRACE | Acc=admin | Path=/AdminPortal/Account/Login | IP=::1 | Start=2026-04-28 16:07:11.564 | Elapsed=109ms | Status=Completed
2026-04-28 16:07:11 | INF | ACTION_TRACE | Acc=admin | Path=/Captcha/Generate | IP=::1 | Start=2026-04-28 16:07:11.914 | Elapsed=6ms | Status=Completed
2026-04-28 16:07:11 | INF | ACTION_TRACE | Acc=admin | Path=/DNTCaptchaImage/Show | IP=::1 | Start=2026-04-28 16:07:11.932 | Elapsed=18ms | Status=Completed
2026-04-28 16:07:22 | INF | ACTION_TRACE | Acc=admin | Path=/AdminPortal/Account/Login | IP=::1 | Start=2026-04-28 16:07:15.362 | Elapsed=7314ms | Status=Completed
2026-04-28 16:07:22 | INF | NETWORK_UNSTABLE | Acc=admin | Path=/AdminPortal/Account/Login | Reason=SlowRequest 7314ms
2026-04-28 16:07:22 | INF | ACTION_TRACE | Acc=admin | Path=/AdminPortal/Home/Index | IP=::1 | Start=2026-04-28 16:07:22.689 | Elapsed=128ms | Status=Completed
2026-04-28 16:07:37 | INF | ACTION_TRACE | Acc=admin | Path=/AdminPortal/Home/Index | IP=::1 | Start=2026-04-28 16:07:37.079 | Elapsed=12ms | Status=Completed
2026-04-28 16:07:39 | WRN | The query uses the 'First'/'FirstOrDefault' operator without 'OrderBy' and filter operators. This may lead to unpredictable results.
2026-04-28 16:07:40 | INF | CONTROLLER_EXEC | Acc= admin | IP=::1 | Path=ADS999999/ADS999999 | Message=GET /ADS999999/ADS999999
2026-04-28 16:07:40 | INF | ACTION_TRACE | Acc=admin | Path=/ADS999999/ADS999999 | IP=::1 | Start=2026-04-28 16:07:39.838 | Elapsed=226ms | Status=Completed
2026-04-28 16:08:01 | INF | CONTROLLER_EXEC | Acc= admin | IP=::1 | Path=ADS999999/GetLevelData | Message=GET /ADS999999/GetLevelData
2026-04-28 16:08:01 | ERR | The partial view '_LevelDataPartial' was not found. Searched locations: ["/Areas/ADS999000/Views/ADS999999/_LevelDataPartial.cshtml","/Areas/ADS999000/Views/Shared/_LevelDataPartial.cshtml","/Views/Shared/_LevelDataPartial.cshtml","/Views/Shared/Tables/_LevelDataPartial.cshtml"]
2026-04-28 16:08:01 | ERR | REQUEST_EXCEPTION | Path=/ADS999999/GetLevelData | Method=GET
2026-04-28 16:12:13 | WRN | No store type was specified for the decimal property 'OveMoney' on entity type 'HROvertime'. This will cause values to be silently truncated if they do not fit in the default precision and scale. Explicitly specify the SQL server column type that can accommodate all the values in 'OnModelCreating' using 'HasColumnType', specify precision and scale using 'HasPrecision', or configure a value converter using 'HasConversion'.
2026-04-28 16:12:13 | WRN | No store type was specified for the decimal property 'Wag1D1Hour' on entity type 'HRWage'. This will cause values to be silently truncated if they do not fit in the default precision and scale. Explicitly specify the SQL server column type that can accommodate all the values in 'OnModelCreating' using 'HasColumnType', specify precision and scale using 'HasPrecision', or configure a value converter using 'HasConversion'.
2026-04-28 16:12:13 | WRN | No store type was specified for the decimal property 'Wag2D1Hour' on entity type 'HRWage'. This will cause values to be silently truncated if they do not fit in the default precision and scale. Explicitly specify the SQL server column type that can accommodate all the values in 'OnModelCreating' using 'HasColumnType', specify precision and scale using 'HasPrecision', or configure a value converter using 'HasConversion'.
2026-04-28 16:12:13 | WRN | No store type was specified for the decimal property 'Wag4D3Hour' on entity type 'HRWage'. This will cause values to be silently truncated if they do not fit in the default precision and scale. Explicitly specify the SQL server column type that can accommodate all the values in 'OnModelCreating' using 'HasColumnType', specify precision and scale using 'HasPrecision', or configure a value converter using 'HasConversion'.
2026-04-28 16:12:13 | WRN | No store type was specified for the decimal property 'Wag5D3Hour' on entity type 'HRWage'. This will cause values to be silently truncated if they do not fit in the default precision and scale. Explicitly specify the SQL server column type that can accommodate all the values in 'OnModelCreating' using 'HasColumnType', specify precision and scale using 'HasPrecision', or configure a value converter using 'HasConversion'.
2026-04-28 16:12:13 | WRN | No store type was specified for the decimal property 'Wag8D3Hour' on entity type 'HRWage'. This will cause values to be silently truncated if they do not fit in the default precision and scale. Explicitly specify the SQL server column type that can accommodate all the values in 'OnModelCreating' using 'HasColumnType', specify precision and scale using 'HasPrecision', or configure a value converter using 'HasConversion'.
2026-04-28 16:12:13 | WRN | No store type was specified for the decimal property 'WagApplyHour' on entity type 'HRWage'. This will cause values to be silently truncated if they do not fit in the default precision and scale. Explicitly specify the SQL server column type that can accommodate all the values in 'OnModelCreating' using 'HasColumnType', specify precision and scale using 'HasPrecision', or configure a value converter using 'HasConversion'.
2026-04-28 16:12:13 | WRN | No store type was specified for the decimal property 'WagIssueHour' on entity type 'HRWage'. This will cause values to be silently truncated if they do not fit in the default precision and scale. Explicitly specify the SQL server column type that can accommodate all the values in 'OnModelCreating' using 'HasColumnType', specify precision and scale using 'HasPrecision', or configure a value converter using 'HasConversion'.
2026-04-28 16:12:13 | WRN | No store type was specified for the decimal property 'WagSubtotal' on entity type 'HRWage'. This will cause values to be silently truncated if they do not fit in the default precision and scale. Explicitly specify the SQL server column type that can accommodate all the values in 'OnModelCreating' using 'HasColumnType', specify precision and scale using 'HasPrecision', or configure a value converter using 'HasConversion'.
2026-04-28 16:12:18 | WRN | The query uses the 'First'/'FirstOrDefault' operator without 'OrderBy' and filter operators. This may lead to unpredictable results.
2026-04-28 16:12:19 | INF | ACTION_TRACE | Acc=admin | Path=/ | IP=::1 | Start=2026-04-28 16:12:12.766 | Elapsed=6888ms | Status=Completed
2026-04-28 16:12:19 | INF | NETWORK_UNSTABLE | Acc=admin | Path=/ | Reason=SlowRequest 6888ms
2026-04-28 16:12:20 | INF | ACTION_TRACE | Acc=admin | Path=/Captcha/Generate | IP=::1 | Start=2026-04-28 16:12:19.858 | Elapsed=217ms | Status=Completed
2026-04-28 16:12:20 | INF | ACTION_TRACE | Acc=admin | Path=/DNTCaptchaImage/Show | IP=::1 | Start=2026-04-28 16:12:20.141 | Elapsed=112ms | Status=Completed
2026-04-28 16:12:34 | INF | ACTION_TRACE | Acc=admin | Path=/AdminPortal/Account/Login | IP=::1 | Start=2026-04-28 16:12:34.321 | Elapsed=117ms | Status=Completed
2026-04-28 16:12:34 | INF | ACTION_TRACE | Acc=admin | Path=/Captcha/Generate | IP=::1 | Start=2026-04-28 16:12:34.679 | Elapsed=5ms | Status=Completed
2026-04-28 16:12:34 | INF | ACTION_TRACE | Acc=admin | Path=/DNTCaptchaImage/Show | IP=::1 | Start=2026-04-28 16:12:34.691 | Elapsed=17ms | Status=Completed
2026-04-28 16:12:46 | INF | ACTION_TRACE | Acc=admin | Path=/AdminPortal/Account/Login | IP=::1 | Start=2026-04-28 16:12:37.400 | Elapsed=8773ms | Status=Completed
2026-04-28 16:12:46 | INF | NETWORK_UNSTABLE | Acc=admin | Path=/AdminPortal/Account/Login | Reason=SlowRequest 8773ms
2026-04-28 16:12:46 | INF | ACTION_TRACE | Acc=admin | Path=/AdminPortal/Home/Index | IP=::1 | Start=2026-04-28 16:12:46.188 | Elapsed=136ms | Status=Completed
2026-04-28 16:12:49 | WRN | The query uses the 'First'/'FirstOrDefault' operator without 'OrderBy' and filter operators. This may lead to unpredictable results.
2026-04-28 16:12:49 | INF | CONTROLLER_EXEC | Acc= admin | IP=::1 | Path=ADS999999/ADS999999 | Message=GET /ADS999999/ADS999999
2026-04-28 16:12:49 | INF | ACTION_TRACE | Acc=admin | Path=/ADS999999/ADS999999 | IP=::1 | Start=2026-04-28 16:12:49.455 | Elapsed=122ms | Status=Completed
2026-04-28 16:12:50 | INF | CONTROLLER_EXEC | Acc= admin | IP=::1 | Path=ADS999999/GetLevelData | Message=GET /ADS999999/GetLevelData
2026-04-28 16:12:50 | INF | ACTION_TRACE | Acc=admin | Path=/ADS999999/GetLevelData | IP=::1 | Start=2026-04-28 16:12:50.964 | Elapsed=25ms | Status=Completed
2026-04-28 16:13:21 | INF | ACTION_TRACE | Acc=admin | Path=/AdminPortal/Home/Index | IP=::1 | Start=2026-04-28 16:13:21.701 | Elapsed=28ms | Status=Completed
2026-04-28 16:13:24 | INF | CONTROLLER_EXEC | Acc= admin | IP=::1 | Path=ADS999999/ADS999999 | Message=GET /ADS999999/ADS999999
2026-04-28 16:13:24 | INF | ACTION_TRACE | Acc=admin | Path=/ADS999999/ADS999999 | IP=::1 | Start=2026-04-28 16:13:24.354 | Elapsed=78ms | Status=Completed
2026-04-28 16:13:25 | INF | CONTROLLER_EXEC | Acc= admin | IP=::1 | Path=ADS999999/GetLevelData | Message=GET /ADS999999/GetLevelData
2026-04-28 16:13:25 | INF | ACTION_TRACE | Acc=admin | Path=/ADS999999/GetLevelData | IP=::1 | Start=2026-04-28 16:13:25.909 | Elapsed=16ms | Status=Completed
2026-04-28 16:13:33 | INF | ACTION_TRACE | Acc=admin | Path=/AdminPortal/Home/Index | IP=::1 | Start=2026-04-28 16:13:33.526 | Elapsed=27ms | Status=Completed
2026-04-28 16:13:35 | INF | ACTION_TRACE | Acc=admin | Path=/AdminPortal/Home/Index | IP=::1 | Start=2026-04-28 16:13:35.792 | Elapsed=5ms | Status=Completed
2026-04-28 16:13:38 | INF | CONTROLLER_EXEC | Acc= admin | IP=::1 | Path=ADS999999/ADS999999 | Message=GET /ADS999999/ADS999999
2026-04-28 16:13:38 | INF | ACTION_TRACE | Acc=admin | Path=/ADS999999/ADS999999 | IP=::1 | Start=2026-04-28 16:13:38.340 | Elapsed=20ms | Status=Completed
2026-04-28 16:13:39 | INF | CONTROLLER_EXEC | Acc= admin | IP=::1 | Path=ADS999999/GetLevelData | Message=GET /ADS999999/GetLevelData
2026-04-28 16:13:39 | INF | ACTION_TRACE | Acc=admin | Path=/ADS999999/GetLevelData | IP=::1 | Start=2026-04-28 16:13:39.440 | Elapsed=16ms | Status=Completed
2026-04-28 16:14:15 | INF | ACTION_TRACE | Acc=admin | Path=/AdminPortal/Home/Index | IP=::1 | Start=2026-04-28 16:14:15.712 | Elapsed=24ms | Status=Completed
2026-04-28 16:14:28 | INF | CONTROLLER_EXEC | Acc= admin | IP=::1 | Path=ADS999999/ADS999999 | Message=GET /ADS999999/ADS999999
2026-04-28 16:14:28 | INF | ACTION_TRACE | Acc=admin | Path=/ADS999999/ADS999999 | IP=::1 | Start=2026-04-28 16:14:28.783 | Elapsed=18ms | Status=Completed
2026-04-28 16:14:30 | INF | CONTROLLER_EXEC | Acc= admin | IP=::1 | Path=ADS999999/GetLevelData | Message=GET /ADS999999/GetLevelData
2026-04-28 16:14:30 | INF | ACTION_TRACE | Acc=admin | Path=/ADS999999/GetLevelData | IP=::1 | Start=2026-04-28 16:14:30.001 | Elapsed=21ms | Status=Completed
2026-04-28 16:18:16 | INF | ACTION_TRACE | Acc=admin | Path=/AdminPortal/Home/Index | IP=::1 | Start=2026-04-28 16:18:16.326 | Elapsed=29ms | Status=Completed
2026-04-28 16:18:19 | INF | CONTROLLER_EXEC | Acc= admin | IP=::1 | Path=ADS999999/ADS999999 | Message=GET /ADS999999/ADS999999
2026-04-28 16:18:19 | INF | ACTION_TRACE | Acc=admin | Path=/ADS999999/ADS999999 | IP=::1 | Start=2026-04-28 16:18:19.711 | Elapsed=17ms | Status=Completed
2026-04-28 16:18:20 | INF | ACTION_TRACE | Acc=admin | Path=/AdminPortal/Home/Index | IP=::1 | Start=2026-04-28 16:18:20.869 | Elapsed=11ms | Status=Completed
2026-04-28 16:18:20 | INF | CONTROLLER_EXEC | Acc= admin | IP=::1 | Path=ADS999999/GetLevelData | Message=GET /ADS999999/GetLevelData
2026-04-28 16:18:20 | INF | ACTION_TRACE | Acc=admin | Path=/ADS999999/GetLevelData | IP=::1 | Start=2026-04-28 16:18:20.896 | Elapsed=19ms | Status=Completed
2026-04-28 16:19:42 | INF | ACTION_TRACE | Acc=admin | Path=/AdminPortal/Home/Index | IP=::1 | Start=2026-04-28 16:19:42.939 | Elapsed=30ms | Status=Completed
2026-04-28 16:19:46 | INF | CONTROLLER_EXEC | Acc= admin | IP=::1 | Path=ADS999999/ADS999999 | Message=GET /ADS999999/ADS999999
2026-04-28 16:19:46 | INF | ACTION_TRACE | Acc=admin | Path=/ADS999999/ADS999999 | IP=::1 | Start=2026-04-28 16:19:46.633 | Elapsed=19ms | Status=Completed
2026-04-28 16:19:47 | INF | CONTROLLER_EXEC | Acc= admin | IP=::1 | Path=ADS999999/GetLevelData | Message=GET /ADS999999/GetLevelData
2026-04-28 16:19:47 | INF | ACTION_TRACE | Acc=admin | Path=/ADS999999/GetLevelData | IP=::1 | Start=2026-04-28 16:19:47.674 | Elapsed=19ms | Status=Completed
2026-04-28 16:20:20 | INF | ACTION_TRACE | Acc=admin | Path=/AdminPortal/Home/Index | IP=::1 | Start=2026-04-28 16:20:20.892 | Elapsed=9ms | Status=Completed
2026-04-28 16:20:24 | INF | CONTROLLER_EXEC | Acc= admin | IP=::1 | Path=ADS999999/ADS999999 | Message=GET /ADS999999/ADS999999
2026-04-28 16:20:24 | INF | ACTION_TRACE | Acc=admin | Path=/ADS999999/ADS999999 | IP=::1 | Start=2026-04-28 16:20:24.571 | Elapsed=4ms | Status=Completed
2026-04-28 16:20:25 | INF | CONTROLLER_EXEC | Acc= admin | IP=::1 | Path=ADS999999/GetLevelData | Message=GET /ADS999999/GetLevelData
2026-04-28 16:20:25 | INF | ACTION_TRACE | Acc=admin | Path=/ADS999999/GetLevelData | IP=::1 | Start=2026-04-28 16:20:25.743 | Elapsed=2ms | Status=Completed
2026-04-28 16:20:44 | INF | ACTION_TRACE | Acc=admin | Path=/AdminPortal/Account/Login | IP=::1 | Start=2026-04-28 16:20:44.174 | Elapsed=46ms | Status=Completed
2026-04-28 16:20:44 | INF | ACTION_TRACE | Acc=admin | Path=/Captcha/Generate | IP=::1 | Start=2026-04-28 16:20:44.424 | Elapsed=6ms | Status=Completed
2026-04-28 16:20:44 | INF | ACTION_TRACE | Acc=admin | Path=/DNTCaptchaImage/Show | IP=::1 | Start=2026-04-28 16:20:44.435 | Elapsed=18ms | Status=Completed
2026-04-28 16:20:47 | INF | ACTION_TRACE | Acc=admin | Path=/ | IP=::1 | Start=2026-04-28 16:20:45.979 | Elapsed=1498ms | Status=Completed
2026-04-28 16:20:47 | INF | ACTION_TRACE | Acc=admin | Path=/Captcha/Generate | IP=::1 | Start=2026-04-28 16:20:47.689 | Elapsed=1ms | Status=Completed
2026-04-28 16:20:47 | INF | ACTION_TRACE | Acc=admin | Path=/DNTCaptchaImage/Show | IP=::1 | Start=2026-04-28 16:20:47.702 | Elapsed=25ms | Status=Completed
2026-04-28 16:21:02 | INF | ACTION_TRACE | Acc=admin | Path=/Account/Login | IP=::1 | Start=2026-04-28 16:20:50.730 | Elapsed=11449ms | Status=Completed
2026-04-28 16:21:02 | INF | NETWORK_UNSTABLE | Acc=admin | Path=/Account/Login | Reason=SlowRequest 11449ms
2026-04-28 16:21:02 | INF | ACTION_TRACE | Acc=admin | Path=/Home/Index | IP=::1 | Start=2026-04-28 16:21:02.188 | Elapsed=164ms | Status=Completed
2026-04-28 16:21:04 | INF | ACTION_TRACE | Acc=admin | Path=/Home/GetMenu | IP=::1 | Start=2026-04-28 16:21:04.660 | Elapsed=12ms | Status=Completed
2026-04-28 16:21:07 | INF | CONTROLLER_EXEC | Acc= admin | IP=::1 | Path=SYS201001/SYS201001 | Message=GET /SYS201001/SYS201001
2026-04-28 16:21:07 | INF | ACTION_TRACE | Acc=admin | Path=/SYS201001/SYS201001 | IP=::1 | Start=2026-04-28 16:21:07.384 | Elapsed=203ms | Status=Completed
2026-04-28 16:21:07 | INF | CONTROLLER_EXEC | Acc= admin | IP=::1 | Path=SYS201001/GetAllAdmins | Message=POST /SYS201001/GetAllAdmins
2026-04-28 16:21:07 | INF | ACTION_TRACE | Acc=admin | Path=/SYS201001/GetAllAdmins | IP=::1 | Start=2026-04-28 16:21:07.642 | Elapsed=99ms | Status=Completed
2026-04-28 16:21:07 | INF | CONTROLLER_EXEC | Acc= admin | IP=::1 | Path=SYS201001/GetAllAdmins | Message=POST /SYS201001/GetAllAdmins
2026-04-28 16:21:07 | INF | ACTION_TRACE | Acc=admin | Path=/SYS201001/GetAllAdmins | IP=::1 | Start=2026-04-28 16:21:07.770 | Elapsed=8ms | Status=Completed
2026-04-28 16:21:09 | WRN | The query uses the 'First'/'FirstOrDefault' operator without 'OrderBy' and filter operators. This may lead to unpredictable results.
2026-04-28 16:21:09 | WRN | The query uses the 'First'/'FirstOrDefault' operator without 'OrderBy' and filter operators. This may lead to unpredictable results.
2026-04-28 16:21:09 | INF | CONTROLLER_EXEC | Acc= admin | IP=::1 | Path=SYS201001/GetAdminDetails | Message=GET /SYS201001/GetAdminDetails
2026-04-28 16:21:09 | INF | ACTION_TRACE | Acc=admin | Path=/SYS201001/GetAdminDetails | IP=::1 | Start=2026-04-28 16:21:09.742 | Elapsed=169ms | Status=Completed
2026-04-28 16:21:09 | INF | CONTROLLER_EXEC | Acc= admin | IP=::1 | Path=SYS201001/GetAllRoles | Message=GET /SYS201001/GetAllRoles
2026-04-28 16:21:09 | INF | CONTROLLER_EXEC | Acc= admin | IP=::1 | Path=SYS201001/GetAllPersonnelTypes | Message=GET /SYS201001/GetAllPersonnelTypes
2026-04-28 16:21:09 | INF | ACTION_TRACE | Acc=admin | Path=/SYS201001/GetAllRoles | IP=::1 | Start=2026-04-28 16:21:09.921 | Elapsed=32ms | Status=Completed
2026-04-28 16:21:09 | INF | ACTION_TRACE | Acc=admin | Path=/SYS201001/GetAllPersonnelTypes | IP=::1 | Start=2026-04-28 16:21:09.924 | Elapsed=29ms | Status=Completed
2026-04-28 16:21:13 | INF | CONTROLLER_EXEC | Acc= admin | IP=::1 | Path=SYS201002/SYS201002 | Message=GET /SYS201002/SYS201002
2026-04-28 16:21:13 | INF | ACTION_TRACE | Acc=admin | Path=/SYS201002/SYS201002 | IP=::1 | Start=2026-04-28 16:21:13.705 | Elapsed=52ms | Status=Completed
2026-04-28 16:21:13 | INF | CONTROLLER_EXEC | Acc= admin | IP=::1 | Path=SYS201002/GetAllRoleList | Message=POST /SYS201002/GetAllRoleList
2026-04-28 16:21:13 | INF | ACTION_TRACE | Acc=admin | Path=/SYS201002/GetAllRoleList | IP=::1 | Start=2026-04-28 16:21:13.873 | Elapsed=42ms | Status=Completed
2026-04-28 16:21:14 | INF | CONTROLLER_EXEC | Acc= admin | IP=::1 | Path=SYS201001/GetAllAdmins | Message=POST /SYS201001/GetAllAdmins
2026-04-28 16:21:14 | INF | ACTION_TRACE | Acc=admin | Path=/SYS201001/GetAllAdmins | IP=::1 | Start=2026-04-28 16:21:09.938 | Elapsed=4546ms | Status=Completed
2026-04-28 16:21:14 | INF | NETWORK_UNSTABLE | Acc=admin | Path=/SYS201001/GetAllAdmins | Reason=SlowRequest 4546ms
2026-04-28 16:21:15 | INF | CONTROLLER_EXEC | Acc= admin | IP=::1 | Path=SYS201002/GetPermission | Message=POST /SYS201002/GetPermission
2026-04-28 16:21:15 | INF | ACTION_TRACE | Acc=admin | Path=/SYS201002/GetPermission | IP=::1 | Start=2026-04-28 16:21:15.681 | Elapsed=60ms | Status=Completed
2026-04-28 16:21:21 | INF | ACTION_TRACE | Acc=admin | Path=/Account/Logout | IP=::1 | Start=2026-04-28 16:21:21.045 | Elapsed=14ms | Status=Completed
2026-04-28 16:21:31 | INF | ACTION_TRACE | Acc=admin | Path=/AdminPortal/Home/Index | IP=::1 | Start=2026-04-28 16:21:31.590 | Elapsed=4ms | Status=Completed
2026-04-28 16:21:35 | INF | CONTROLLER_EXEC | Acc= admin | IP=::1 | Path=ADS999999/ADS999999 | Message=GET /ADS999999/ADS999999
2026-04-28 16:21:35 | INF | ACTION_TRACE | Acc=admin | Path=/ADS999999/ADS999999 | IP=::1 | Start=2026-04-28 16:21:35.271 | Elapsed=4ms | Status=Completed
2026-04-28 16:21:37 | INF | CONTROLLER_EXEC | Acc= admin | IP=::1 | Path=ADS999999/GetLevelData | Message=GET /ADS999999/GetLevelData
2026-04-28 16:21:37 | INF | ACTION_TRACE | Acc=admin | Path=/ADS999999/GetLevelData | IP=::1 | Start=2026-04-28 16:21:37.218 | Elapsed=2ms | Status=Completed
2026-04-28 16:21:52 | INF | ACTION_TRACE | Acc=admin | Path=/AdminPortal/Home/Index | IP=::1 | Start=2026-04-28 16:21:52.780 | Elapsed=31ms | Status=Completed
2026-04-28 16:21:55 | INF | ACTION_TRACE | Acc=admin | Path=/AdminPortal/Home/Index | IP=::1 | Start=2026-04-28 16:21:55.042 | Elapsed=26ms | Status=Completed
2026-04-28 16:21:57 | INF | CONTROLLER_EXEC | Acc= admin | IP=::1 | Path=ADS999999/ADS999999 | Message=GET /ADS999999/ADS999999
2026-04-28 16:21:57 | INF | ACTION_TRACE | Acc=admin | Path=/ADS999999/ADS999999 | IP=::1 | Start=2026-04-28 16:21:57.967 | Elapsed=19ms | Status=Completed
2026-04-28 16:21:59 | INF | CONTROLLER_EXEC | Acc= admin | IP=::1 | Path=ADS999999/GetLevelData | Message=GET /ADS999999/GetLevelData
2026-04-28 16:21:59 | INF | ACTION_TRACE | Acc=admin | Path=/ADS999999/GetLevelData | IP=::1 | Start=2026-04-28 16:21:59.073 | Elapsed=19ms | Status=Completed
2026-04-28 16:22:26 | INF | ACTION_TRACE | Acc=admin | Path=/AdminPortal/Home/Index | IP=::1 | Start=2026-04-28 16:22:26.087 | Elapsed=29ms | Status=Completed
2026-04-28 16:22:29 | INF | CONTROLLER_EXEC | Acc= admin | IP=::1 | Path=ADS999999/ADS999999 | Message=GET /ADS999999/ADS999999
2026-04-28 16:22:29 | INF | ACTION_TRACE | Acc=admin | Path=/ADS999999/ADS999999 | IP=::1 | Start=2026-04-28 16:22:29.602 | Elapsed=23ms | Status=Completed
2026-04-28 16:22:30 | INF | CONTROLLER_EXEC | Acc= admin | IP=::1 | Path=ADS999999/GetLevelData | Message=GET /ADS999999/GetLevelData
2026-04-28 16:22:30 | INF | ACTION_TRACE | Acc=admin | Path=/ADS999999/GetLevelData | IP=::1 | Start=2026-04-28 16:22:30.813 | Elapsed=17ms | Status=Completed
2026-04-28 16:22:45 | INF | ACTION_TRACE | Acc=admin | Path=/AdminPortal/Home/Index | IP=::1 | Start=2026-04-28 16:22:45.812 | Elapsed=29ms | Status=Completed
2026-04-28 16:22:48 | INF | CONTROLLER_EXEC | Acc= admin | IP=::1 | Path=ADS999999/ADS999999 | Message=GET /ADS999999/ADS999999
2026-04-28 16:22:48 | INF | ACTION_TRACE | Acc=admin | Path=/ADS999999/ADS999999 | IP=::1 | Start=2026-04-28 16:22:48.590 | Elapsed=27ms | Status=Completed
2026-04-28 16:22:50 | INF | CONTROLLER_EXEC | Acc= admin | IP=::1 | Path=ADS999999/GetLevelData | Message=GET /ADS999999/GetLevelData
2026-04-28 16:22:50 | INF | ACTION_TRACE | Acc=admin | Path=/ADS999999/GetLevelData | IP=::1 | Start=2026-04-28 16:22:50.083 | Elapsed=18ms | Status=Completed
2026-04-28 16:23:02 | INF | ACTION_TRACE | Acc=admin | Path=/AdminPortal/Home/Index | IP=::1 | Start=2026-04-28 16:23:02.438 | Elapsed=30ms | Status=Completed
2026-04-28 16:23:06 | INF | CONTROLLER_EXEC | Acc= admin | IP=::1 | Path=ADS999999/ADS999999 | Message=GET /ADS999999/ADS999999
2026-04-28 16:23:06 | INF | ACTION_TRACE | Acc=admin | Path=/ADS999999/ADS999999 | IP=::1 | Start=2026-04-28 16:23:06.449 | Elapsed=19ms | Status=Completed
2026-04-28 16:23:07 | INF | CONTROLLER_EXEC | Acc= admin | IP=::1 | Path=ADS999999/GetLevelData | Message=GET /ADS999999/GetLevelData
2026-04-28 16:23:07 | INF | ACTION_TRACE | Acc=admin | Path=/ADS999999/GetLevelData | IP=::1 | Start=2026-04-28 16:23:07.647 | Elapsed=30ms | Status=Completed
2026-04-28 16:23:33 | INF | ACTION_TRACE | Acc=admin | Path=/AdminPortal/Home/Index | IP=::1 | Start=2026-04-28 16:23:33.850 | Elapsed=26ms | Status=Completed
2026-04-28 16:23:37 | INF | CONTROLLER_EXEC | Acc= admin | IP=::1 | Path=ADS999999/ADS999999 | Message=GET /ADS999999/ADS999999
2026-04-28 16:23:37 | INF | ACTION_TRACE | Acc=admin | Path=/ADS999999/ADS999999 | IP=::1 | Start=2026-04-28 16:23:37.371 | Elapsed=23ms | Status=Completed
2026-04-28 16:23:38 | INF | CONTROLLER_EXEC | Acc= admin | IP=::1 | Path=ADS999999/GetLevelData | Message=GET /ADS999999/GetLevelData
2026-04-28 16:23:38 | INF | ACTION_TRACE | Acc=admin | Path=/ADS999999/GetLevelData | IP=::1 | Start=2026-04-28 16:23:38.520 | Elapsed=16ms | Status=Completed
2026-04-28 16:23:48 | INF | ACTION_TRACE | Acc=admin | Path=/AdminPortal/Home/Index | IP=::1 | Start=2026-04-28 16:23:48.377 | Elapsed=43ms | Status=Completed
2026-04-28 16:23:54 | INF | ACTION_TRACE | Acc=admin | Path=/AdminPortal/Home/Index | IP=::1 | Start=2026-04-28 16:23:54.152 | Elapsed=29ms | Status=Completed
2026-04-28 16:23:56 | INF | CONTROLLER_EXEC | Acc= admin | IP=::1 | Path=ADS999999/ADS999999 | Message=GET /ADS999999/ADS999999
2026-04-28 16:23:56 | INF | ACTION_TRACE | Acc=admin | Path=/ADS999999/ADS999999 | IP=::1 | Start=2026-04-28 16:23:56.928 | Elapsed=22ms | Status=Completed
2026-04-28 16:23:58 | INF | CONTROLLER_EXEC | Acc= admin | IP=::1 | Path=ADS999999/GetLevelData | Message=GET /ADS999999/GetLevelData
2026-04-28 16:23:58 | INF | ACTION_TRACE | Acc=admin | Path=/ADS999999/GetLevelData | IP=::1 | Start=2026-04-28 16:23:58.071 | Elapsed=12ms | Status=Completed
2026-04-28 16:26:21 | INF | ACTION_TRACE | Acc=admin | Path=/AdminPortal/Home/Index | IP=::1 | Start=2026-04-28 16:26:21.219 | Elapsed=30ms | Status=Completed
2026-04-28 16:26:23 | INF | CONTROLLER_EXEC | Acc= admin | IP=::1 | Path=ADS999999/ADS999999 | Message=GET /ADS999999/ADS999999
2026-04-28 16:26:23 | INF | ACTION_TRACE | Acc=admin | Path=/ADS999999/ADS999999 | IP=::1 | Start=2026-04-28 16:26:23.943 | Elapsed=24ms | Status=Completed
2026-04-28 16:26:34 | INF | CONTROLLER_EXEC | Acc= admin | IP=::1 | Path=ADS999999/GetLevelData | Message=GET /ADS999999/GetLevelData
2026-04-28 16:26:34 | INF | ACTION_TRACE | Acc=admin | Path=/ADS999999/GetLevelData | IP=::1 | Start=2026-04-28 16:26:34.625 | Elapsed=18ms | Status=Completed
2026-04-28 16:27:31 | INF | ACTION_TRACE | Acc=admin | Path=/AdminPortal/Home/Index | IP=::1 | Start=2026-04-28 16:27:31.335 | Elapsed=26ms | Status=Completed
2026-04-28 16:27:36 | INF | CONTROLLER_EXEC | Acc= admin | IP=::1 | Path=ADS999999/ADS999999 | Message=GET /ADS999999/ADS999999
2026-04-28 16:27:36 | INF | ACTION_TRACE | Acc=admin | Path=/ADS999999/ADS999999 | IP=::1 | Start=2026-04-28 16:27:36.610 | Elapsed=18ms | Status=Completed
2026-04-28 16:27:37 | INF | CONTROLLER_EXEC | Acc= admin | IP=::1 | Path=ADS999999/GetLevelData | Message=GET /ADS999999/GetLevelData
2026-04-28 16:27:37 | INF | ACTION_TRACE | Acc=admin | Path=/ADS999999/GetLevelData | IP=::1 | Start=2026-04-28 16:27:37.681 | Elapsed=22ms | Status=Completed
2026-04-28 16:28:50 | INF | ACTION_TRACE | Acc=admin | Path=/AdminPortal/Home/Index | IP=::1 | Start=2026-04-28 16:28:50.026 | Elapsed=50ms | Status=Completed
2026-04-28 16:28:52 | INF | CONTROLLER_EXEC | Acc= admin | IP=::1 | Path=ADS999999/ADS999999 | Message=GET /ADS999999/ADS999999
2026-04-28 16:28:52 | INF | ACTION_TRACE | Acc=admin | Path=/ADS999999/ADS999999 | IP=::1 | Start=2026-04-28 16:28:52.892 | Elapsed=23ms | Status=Completed
2026-04-28 16:28:56 | INF | CONTROLLER_EXEC | Acc= admin | IP=::1 | Path=ADS999999/GetLevelData | Message=GET /ADS999999/GetLevelData
2026-04-28 16:28:56 | INF | ACTION_TRACE | Acc=admin | Path=/ADS999999/GetLevelData | IP=::1 | Start=2026-04-28 16:28:56.254 | Elapsed=17ms | Status=Completed
2026-04-28 16:30:43 | INF | CONTROLLER_EXEC | Acc= admin | IP=::1 | Path=ADS999999/GetLevelData | Message=GET /ADS999999/GetLevelData
2026-04-28 16:30:43 | INF | ACTION_TRACE | Acc=admin | Path=/ADS999999/GetLevelData | IP=::1 | Start=2026-04-28 16:30:43.586 | Elapsed=4ms | Status=Completed
2026-04-28 16:38:06 | INF | ACTION_TRACE | Acc=admin | Path=/AdminPortal/Home/Index | IP=::1 | Start=2026-04-28 16:38:01.905 | Elapsed=4593ms | Status=Completed
2026-04-28 16:38:06 | INF | NETWORK_UNSTABLE | Acc=admin | Path=/AdminPortal/Home/Index | Reason=SlowRequest 4593ms
2026-04-28 16:38:27 | INF | ACTION_TRACE | Acc=admin | Path=/AdminPortal/Home/Index | IP=::1 | Start=2026-04-28 16:38:27.169 | Elapsed=35ms | Status=Completed
2026-04-28 16:38:35 | INF | ACTION_TRACE | Acc=admin | Path=/AdminPortal/Home/Index | IP=::1 | Start=2026-04-28 16:38:35.405 | Elapsed=29ms | Status=Completed
2026-04-28 16:39:55 | INF | CONTROLLER_EXEC | Acc= admin | IP=::1 | Path=ADS999999/ADS999999 | Message=GET /ADS999999/ADS999999
2026-04-28 16:39:55 | INF | ACTION_TRACE | Acc=admin | Path=/ADS999999/ADS999999 | IP=::1 | Start=2026-04-28 16:39:55.842 | Elapsed=45ms | Status=Completed
2026-04-28 16:39:57 | INF | CONTROLLER_EXEC | Acc= admin | IP=::1 | Path=ADS999999/GetLevelData | Message=GET /ADS999999/GetLevelData
2026-04-28 16:39:57 | INF | ACTION_TRACE | Acc=admin | Path=/ADS999999/GetLevelData | IP=::1 | Start=2026-04-28 16:39:57.870 | Elapsed=17ms | Status=Completed
2026-04-28 16:41:35 | INF | ACTION_TRACE | Acc=admin | Path=/AdminPortal/Home/Index | IP=::1 | Start=2026-04-28 16:41:34.996 | Elapsed=5ms | Status=Completed
2026-04-28 16:41:41 | INF | CONTROLLER_EXEC | Acc= admin | IP=::1 | Path=ADS999999/ADS999999 | Message=GET /ADS999999/ADS999999
2026-04-28 16:41:41 | INF | ACTION_TRACE | Acc=admin | Path=/ADS999999/ADS999999 | IP=::1 | Start=2026-04-28 16:41:41.074 | Elapsed=30ms | Status=Completed
2026-04-28 16:41:43 | INF | CONTROLLER_EXEC | Acc= admin | IP=::1 | Path=ADS999999/GetLevelData | Message=GET /ADS999999/GetLevelData
2026-04-28 16:41:43 | INF | ACTION_TRACE | Acc=admin | Path=/ADS999999/GetLevelData | IP=::1 | Start=2026-04-28 16:41:43.025 | Elapsed=2ms | Status=Completed
2026-04-28 16:42:01 | INF | ACTION_TRACE | Acc=admin | Path=/AdminPortal/Home/Index | IP=::1 | Start=2026-04-28 16:42:01.165 | Elapsed=6ms | Status=Completed
2026-04-28 16:42:07 | INF | CONTROLLER_EXEC | Acc= admin | IP=::1 | Path=ADS999999/ADS999999 | Message=GET /ADS999999/ADS999999
2026-04-28 16:42:07 | INF | ACTION_TRACE | Acc=admin | Path=/ADS999999/ADS999999 | IP=::1 | Start=2026-04-28 16:42:07.013 | Elapsed=29ms | Status=Completed
2026-04-28 16:42:08 | INF | CONTROLLER_EXEC | Acc= admin | IP=::1 | Path=ADS999999/GetLevelData | Message=GET /ADS999999/GetLevelData
2026-04-28 16:42:08 | INF | ACTION_TRACE | Acc=admin | Path=/ADS999999/GetLevelData | IP=::1 | Start=2026-04-28 16:42:08.342 | Elapsed=2ms | Status=Completed
2026-04-28 16:42:28 | INF | ACTION_TRACE | Acc=admin | Path=/AdminPortal/Home/Index | IP=::1 | Start=2026-04-28 16:42:28.189 | Elapsed=27ms | Status=Completed
2026-04-28 16:42:30 | INF | CONTROLLER_EXEC | Acc= admin | IP=::1 | Path=ADS999999/ADS999999 | Message=GET /ADS999999/ADS999999
2026-04-28 16:42:30 | INF | ACTION_TRACE | Acc=admin | Path=/ADS999999/ADS999999 | IP=::1 | Start=2026-04-28 16:42:30.707 | Elapsed=52ms | Status=Completed
2026-04-28 16:42:32 | INF | CONTROLLER_EXEC | Acc= admin | IP=::1 | Path=ADS999999/GetLevelData | Message=GET /ADS999999/GetLevelData
2026-04-28 16:42:32 | INF | ACTION_TRACE | Acc=admin | Path=/ADS999999/GetLevelData | IP=::1 | Start=2026-04-28 16:42:32.730 | Elapsed=18ms | Status=Completed
2026-04-28 16:43:00 | INF | ACTION_TRACE | Acc=admin | Path=/AdminPortal/Home/Index | IP=::1 | Start=2026-04-28 16:43:00.405 | Elapsed=4ms | Status=Completed
2026-04-28 16:43:03 | INF | CONTROLLER_EXEC | Acc= admin | IP=::1 | Path=ADS999999/ADS999999 | Message=GET /ADS999999/ADS999999
2026-04-28 16:43:03 | INF | ACTION_TRACE | Acc=admin | Path=/ADS999999/ADS999999 | IP=::1 | Start=2026-04-28 16:43:03.831 | Elapsed=27ms | Status=Completed
2026-04-28 16:43:05 | INF | CONTROLLER_EXEC | Acc= admin | IP=::1 | Path=ADS999999/GetLevelData | Message=GET /ADS999999/GetLevelData
2026-04-28 16:43:05 | INF | ACTION_TRACE | Acc=admin | Path=/ADS999999/GetLevelData | IP=::1 | Start=2026-04-28 16:43:05.170 | Elapsed=2ms | Status=Completed
2026-04-28 16:43:13 | INF | ACTION_TRACE | Acc=admin | Path=/AdminPortal/Home/Index | IP=::1 | Start=2026-04-28 16:43:13.132 | Elapsed=8ms | Status=Completed
2026-04-28 16:43:16 | INF | CONTROLLER_EXEC | Acc= admin | IP=::1 | Path=ADS999999/ADS999999 | Message=GET /ADS999999/ADS999999
2026-04-28 16:43:16 | INF | ACTION_TRACE | Acc=admin | Path=/ADS999999/ADS999999 | IP=::1 | Start=2026-04-28 16:43:16.216 | Elapsed=37ms | Status=Completed
2026-04-28 16:43:17 | INF | CONTROLLER_EXEC | Acc= admin | IP=::1 | Path=ADS999999/GetLevelData | Message=GET /ADS999999/GetLevelData
2026-04-28 16:43:17 | INF | ACTION_TRACE | Acc=admin | Path=/ADS999999/GetLevelData | IP=::1 | Start=2026-04-28 16:43:17.583 | Elapsed=2ms | Status=Completed
2026-04-28 16:43:36 | INF | ACTION_TRACE | Acc=admin | Path=/AdminPortal/Home/Index | IP=::1 | Start=2026-04-28 16:43:36.030 | Elapsed=5ms | Status=Completed
2026-04-28 16:43:58 | INF | ACTION_TRACE | Acc=admin | Path=/AdminPortal/Home/Index | IP=::1 | Start=2026-04-28 16:43:58.621 | Elapsed=10ms | Status=Completed
2026-04-28 16:44:01 | INF | ACTION_TRACE | Acc=admin | Path=/AdminPortal/Home/Index | IP=::1 | Start=2026-04-28 16:44:01.869 | Elapsed=5ms | Status=Completed
2026-04-28 16:44:04 | INF | ACTION_TRACE | Acc=admin | Path=/AdminPortal/Home/Index | IP=::1 | Start=2026-04-28 16:44:04.703 | Elapsed=4ms | Status=Completed
2026-04-28 16:44:09 | INF | CONTROLLER_EXEC | Acc= admin | IP=::1 | Path=ADS999999/ADS999999 | Message=GET /ADS999999/ADS999999
2026-04-28 16:44:09 | INF | ACTION_TRACE | Acc=admin | Path=/ADS999999/ADS999999 | IP=::1 | Start=2026-04-28 16:44:09.395 | Elapsed=27ms | Status=Completed
2026-04-28 16:44:10 | INF | CONTROLLER_EXEC | Acc= admin | IP=::1 | Path=ADS999999/GetLevelData | Message=GET /ADS999999/GetLevelData
2026-04-28 16:44:10 | INF | ACTION_TRACE | Acc=admin | Path=/ADS999999/GetLevelData | IP=::1 | Start=2026-04-28 16:44:10.475 | Elapsed=2ms | Status=Completed
2026-04-28 16:44:21 | INF | ACTION_TRACE | Acc=admin | Path=/.well-known/appspecific/com.chrome.devtools.json | IP=::1 | Start=2026-04-28 16:44:21.121 | Elapsed=0ms | Status=Completed
2026-04-28 16:44:22 | INF | ACTION_TRACE | Acc=admin | Path=/.well-known/appspecific/com.chrome.devtools.json | IP=::1 | Start=2026-04-28 16:44:22.146 | Elapsed=0ms | Status=Completed
2026-04-28 16:44:40 | INF | ACTION_TRACE | Acc=admin | Path=/AdminPortal/Home/Index | IP=::1 | Start=2026-04-28 16:44:40.818 | Elapsed=6ms | Status=Completed
2026-04-28 16:44:40 | INF | ACTION_TRACE | Acc=admin | Path=/.well-known/appspecific/com.chrome.devtools.json | IP=::1 | Start=2026-04-28 16:44:40.858 | Elapsed=0ms | Status=Completed
2026-04-28 16:44:44 | INF | ACTION_TRACE | Acc=admin | Path=/AdminPortal/Account/Login | IP=::1 | Start=2026-04-28 16:44:44.125 | Elapsed=7ms | Status=Completed
2026-04-28 16:44:44 | INF | ACTION_TRACE | Acc=admin | Path=/Captcha/Generate | IP=::1 | Start=2026-04-28 16:44:44.336 | Elapsed=4ms | Status=Completed
2026-04-28 16:44:44 | INF | ACTION_TRACE | Acc=admin | Path=/DNTCaptchaImage/Show | IP=::1 | Start=2026-04-28 16:44:44.348 | Elapsed=12ms | Status=Completed
2026-04-28 16:44:56 | INF | ACTION_TRACE | Acc=admin | Path=/AdminPortal/Account/Login | IP=::1 | Start=2026-04-28 16:44:47.424 | Elapsed=8923ms | Status=Completed
2026-04-28 16:44:56 | INF | NETWORK_UNSTABLE | Acc=admin | Path=/AdminPortal/Account/Login | Reason=SlowRequest 8923ms
2026-04-28 16:44:56 | INF | ACTION_TRACE | Acc=admin | Path=/AdminPortal/Home/Index | IP=::1 | Start=2026-04-28 16:44:56.372 | Elapsed=4ms | Status=Completed
2026-04-28 16:45:04 | INF | CONTROLLER_EXEC | Acc= admin | IP=::1 | Path=ADS999999/ADS999999 | Message=GET /ADS999999/ADS999999
2026-04-28 16:45:04 | INF | ACTION_TRACE | Acc=admin | Path=/ADS999999/ADS999999 | IP=::1 | Start=2026-04-28 16:45:04.869 | Elapsed=44ms | Status=Completed
2026-04-28 16:45:06 | INF | CONTROLLER_EXEC | Acc= admin | IP=::1 | Path=ADS999999/GetLevelData | Message=GET /ADS999999/GetLevelData
2026-04-28 16:45:06 | INF | ACTION_TRACE | Acc=admin | Path=/ADS999999/GetLevelData | IP=::1 | Start=2026-04-28 16:45:06.916 | Elapsed=2ms | Status=Completed
2026-04-28 16:45:56 | INF | ACTION_TRACE | Acc=admin | Path=/AdminPortal/Home/Index | IP=::1 | Start=2026-04-28 16:45:56.637 | Elapsed=4ms | Status=Completed
2026-04-28 16:46:01 | INF | CONTROLLER_EXEC | Acc= admin | IP=::1 | Path=ADS999999/ADS999999 | Message=GET /ADS999999/ADS999999
2026-04-28 16:46:01 | INF | ACTION_TRACE | Acc=admin | Path=/ADS999999/ADS999999 | IP=::1 | Start=2026-04-28 16:46:01.101 | Elapsed=44ms | Status=Completed
2026-04-28 16:46:02 | INF | CONTROLLER_EXEC | Acc= admin | IP=::1 | Path=ADS999999/GetLevelData | Message=GET /ADS999999/GetLevelData
2026-04-28 16:46:02 | INF | ACTION_TRACE | Acc=admin | Path=/ADS999999/GetLevelData | IP=::1 | Start=2026-04-28 16:46:02.275 | Elapsed=1ms | Status=Completed
2026-04-28 16:46:15 | INF | ACTION_TRACE | Acc=admin | Path=/AdminPortal/Home/Index | IP=::1 | Start=2026-04-28 16:46:15.017 | Elapsed=6ms | Status=Completed
2026-04-28 16:46:18 | INF | CONTROLLER_EXEC | Acc= admin | IP=::1 | Path=ADS999999/ADS999999 | Message=GET /ADS999999/ADS999999
2026-04-28 16:46:18 | INF | ACTION_TRACE | Acc=admin | Path=/ADS999999/ADS999999 | IP=::1 | Start=2026-04-28 16:46:18.505 | Elapsed=33ms | Status=Completed
2026-04-28 16:46:19 | INF | CONTROLLER_EXEC | Acc= admin | IP=::1 | Path=ADS999999/GetLevelData | Message=GET /ADS999999/GetLevelData
2026-04-28 16:46:19 | INF | ACTION_TRACE | Acc=admin | Path=/ADS999999/GetLevelData | IP=::1 | Start=2026-04-28 16:46:19.437 | Elapsed=2ms | Status=Completed
2026-04-28 16:46:41 | INF | ACTION_TRACE | Acc=admin | Path=/AdminPortal/Home/Index | IP=::1 | Start=2026-04-28 16:46:41.415 | Elapsed=5ms | Status=Completed
2026-04-28 16:47:45 | INF | ACTION_TRACE | Acc=admin | Path=/AdminPortal/Home/Index | IP=::1 | Start=2026-04-28 16:47:44.978 | Elapsed=29ms | Status=Completed
2026-04-28 16:48:13 | INF | ACTION_TRACE | Acc=admin | Path=/AdminPortal/Home/Index | IP=::1 | Start=2026-04-28 16:48:13.963 | Elapsed=4ms | Status=Completed
2026-04-28 16:48:23 | INF | CONTROLLER_EXEC | Acc= admin | IP=::1 | Path=ADS999999/ADS999999 | Message=GET /ADS999999/ADS999999
2026-04-28 16:48:23 | INF | ACTION_TRACE | Acc=admin | Path=/ADS999999/ADS999999 | IP=::1 | Start=2026-04-28 16:48:23.587 | Elapsed=31ms | Status=Completed
2026-04-28 16:48:25 | INF | CONTROLLER_EXEC | Acc= admin | IP=::1 | Path=ADS999999/GetLevelData | Message=GET /ADS999999/GetLevelData
2026-04-28 16:48:25 | INF | ACTION_TRACE | Acc=admin | Path=/ADS999999/GetLevelData | IP=::1 | Start=2026-04-28 16:48:25.024 | Elapsed=2ms | Status=Completed
2026-04-28 16:49:44 | WRN | No store type was specified for the decimal property 'OveMoney' on entity type 'HROvertime'. This will cause values to be silently truncated if they do not fit in the default precision and scale. Explicitly specify the SQL server column type that can accommodate all the values in 'OnModelCreating' using 'HasColumnType', specify precision and scale using 'HasPrecision', or configure a value converter using 'HasConversion'.
2026-04-28 16:49:44 | WRN | No store type was specified for the decimal property 'Wag1D1Hour' on entity type 'HRWage'. This will cause values to be silently truncated if they do not fit in the default precision and scale. Explicitly specify the SQL server column type that can accommodate all the values in 'OnModelCreating' using 'HasColumnType', specify precision and scale using 'HasPrecision', or configure a value converter using 'HasConversion'.
2026-04-28 16:49:44 | WRN | No store type was specified for the decimal property 'Wag2D1Hour' on entity type 'HRWage'. This will cause values to be silently truncated if they do not fit in the default precision and scale. Explicitly specify the SQL server column type that can accommodate all the values in 'OnModelCreating' using 'HasColumnType', specify precision and scale using 'HasPrecision', or configure a value converter using 'HasConversion'.
2026-04-28 16:49:44 | WRN | No store type was specified for the decimal property 'Wag4D3Hour' on entity type 'HRWage'. This will cause values to be silently truncated if they do not fit in the default precision and scale. Explicitly specify the SQL server column type that can accommodate all the values in 'OnModelCreating' using 'HasColumnType', specify precision and scale using 'HasPrecision', or configure a value converter using 'HasConversion'.
2026-04-28 16:49:44 | WRN | No store type was specified for the decimal property 'Wag5D3Hour' on entity type 'HRWage'. This will cause values to be silently truncated if they do not fit in the default precision and scale. Explicitly specify the SQL server column type that can accommodate all the values in 'OnModelCreating' using 'HasColumnType', specify precision and scale using 'HasPrecision', or configure a value converter using 'HasConversion'.
2026-04-28 16:49:44 | WRN | No store type was specified for the decimal property 'Wag8D3Hour' on entity type 'HRWage'. This will cause values to be silently truncated if they do not fit in the default precision and scale. Explicitly specify the SQL server column type that can accommodate all the values in 'OnModelCreating' using 'HasColumnType', specify precision and scale using 'HasPrecision', or configure a value converter using 'HasConversion'.
2026-04-28 16:49:44 | WRN | No store type was specified for the decimal property 'WagApplyHour' on entity type 'HRWage'. This will cause values to be silently truncated if they do not fit in the default precision and scale. Explicitly specify the SQL server column type that can accommodate all the values in 'OnModelCreating' using 'HasColumnType', specify precision and scale using 'HasPrecision', or configure a value converter using 'HasConversion'.
2026-04-28 16:49:44 | WRN | No store type was specified for the decimal property 'WagIssueHour' on entity type 'HRWage'. This will cause values to be silently truncated if they do not fit in the default precision and scale. Explicitly specify the SQL server column type that can accommodate all the values in 'OnModelCreating' using 'HasColumnType', specify precision and scale using 'HasPrecision', or configure a value converter using 'HasConversion'.
2026-04-28 16:49:44 | WRN | No store type was specified for the decimal property 'WagSubtotal' on entity type 'HRWage'. This will cause values to be silently truncated if they do not fit in the default precision and scale. Explicitly specify the SQL server column type that can accommodate all the values in 'OnModelCreating' using 'HasColumnType', specify precision and scale using 'HasPrecision', or configure a value converter using 'HasConversion'.
2026-04-28 16:49:49 | WRN | The query uses the 'First'/'FirstOrDefault' operator without 'OrderBy' and filter operators. This may lead to unpredictable results.
2026-04-28 16:49:50 | INF | ACTION_TRACE | Acc=admin | Path=/ | IP=::1 | Start=2026-04-28 16:49:43.276 | Elapsed=7084ms | Status=Completed
2026-04-28 16:49:50 | INF | NETWORK_UNSTABLE | Acc=admin | Path=/ | Reason=SlowRequest 7084ms
2026-04-28 16:49:50 | INF | ACTION_TRACE | Acc=admin | Path=/Captcha/Generate | IP=::1 | Start=2026-04-28 16:49:50.626 | Elapsed=36ms | Status=Completed
2026-04-28 16:49:50 | INF | ACTION_TRACE | Acc=admin | Path=/DNTCaptchaImage/Show | IP=::1 | Start=2026-04-28 16:49:50.697 | Elapsed=112ms | Status=Completed
2026-04-28 16:49:54 | INF | ACTION_TRACE | Acc=admin | Path=/AdminPortal/Account/Login | IP=::1 | Start=2026-04-28 16:49:54.247 | Elapsed=115ms | Status=Completed
2026-04-28 16:49:54 | INF | ACTION_TRACE | Acc=admin | Path=/Captcha/Generate | IP=::1 | Start=2026-04-28 16:49:54.575 | Elapsed=5ms | Status=Completed
2026-04-28 16:49:54 | INF | ACTION_TRACE | Acc=admin | Path=/DNTCaptchaImage/Show | IP=::1 | Start=2026-04-28 16:49:54.587 | Elapsed=14ms | Status=Completed
2026-04-28 16:50:04 | INF | ACTION_TRACE | Acc=admin | Path=/AdminPortal/Account/Login | IP=::1 | Start=2026-04-28 16:49:57.202 | Elapsed=7188ms | Status=Completed
2026-04-28 16:50:04 | INF | NETWORK_UNSTABLE | Acc=admin | Path=/AdminPortal/Account/Login | Reason=SlowRequest 7188ms
2026-04-28 16:50:04 | INF | ACTION_TRACE | Acc=admin | Path=/AdminPortal/Home/Index | IP=::1 | Start=2026-04-28 16:50:04.407 | Elapsed=313ms | Status=Completed
2026-04-28 16:50:14 | WRN | The query uses the 'First'/'FirstOrDefault' operator without 'OrderBy' and filter operators. This may lead to unpredictable results.
2026-04-28 16:50:14 | INF | CONTROLLER_EXEC | Acc= admin | IP=::1 | Path=ADS999999/ADS999999 | Message=GET /ADS999999/ADS999999
2026-04-28 16:50:14 | INF | ACTION_TRACE | Acc=admin | Path=/ADS999999/ADS999999 | IP=::1 | Start=2026-04-28 16:50:14.836 | Elapsed=115ms | Status=Completed
2026-04-28 16:50:15 | INF | CONTROLLER_EXEC | Acc= admin | IP=::1 | Path=ADS999999/GetLevelData | Message=GET /ADS999999/GetLevelData
2026-04-28 16:50:15 | INF | ACTION_TRACE | Acc=admin | Path=/ADS999999/GetLevelData | IP=::1 | Start=2026-04-28 16:50:15.972 | Elapsed=25ms | Status=Completed
2026-04-28 16:56:50 | WRN | No store type was specified for the decimal property 'OveMoney' on entity type 'HROvertime'. This will cause values to be silently truncated if they do not fit in the default precision and scale. Explicitly specify the SQL server column type that can accommodate all the values in 'OnModelCreating' using 'HasColumnType', specify precision and scale using 'HasPrecision', or configure a value converter using 'HasConversion'.
2026-04-28 16:56:50 | WRN | No store type was specified for the decimal property 'Wag1D1Hour' on entity type 'HRWage'. This will cause values to be silently truncated if they do not fit in the default precision and scale. Explicitly specify the SQL server column type that can accommodate all the values in 'OnModelCreating' using 'HasColumnType', specify precision and scale using 'HasPrecision', or configure a value converter using 'HasConversion'.
2026-04-28 16:56:50 | WRN | No store type was specified for the decimal property 'Wag2D1Hour' on entity type 'HRWage'. This will cause values to be silently truncated if they do not fit in the default precision and scale. Explicitly specify the SQL server column type that can accommodate all the values in 'OnModelCreating' using 'HasColumnType', specify precision and scale using 'HasPrecision', or configure a value converter using 'HasConversion'.
2026-04-28 16:56:50 | WRN | No store type was specified for the decimal property 'Wag4D3Hour' on entity type 'HRWage'. This will cause values to be silently truncated if they do not fit in the default precision and scale. Explicitly specify the SQL server column type that can accommodate all the values in 'OnModelCreating' using 'HasColumnType', specify precision and scale using 'HasPrecision', or configure a value converter using 'HasConversion'.
2026-04-28 16:56:50 | WRN | No store type was specified for the decimal property 'Wag5D3Hour' on entity type 'HRWage'. This will cause values to be silently truncated if they do not fit in the default precision and scale. Explicitly specify the SQL server column type that can accommodate all the values in 'OnModelCreating' using 'HasColumnType', specify precision and scale using 'HasPrecision', or configure a value converter using 'HasConversion'.
2026-04-28 16:56:50 | WRN | No store type was specified for the decimal property 'Wag8D3Hour' on entity type 'HRWage'. This will cause values to be silently truncated if they do not fit in the default precision and scale. Explicitly specify the SQL server column type that can accommodate all the values in 'OnModelCreating' using 'HasColumnType', specify precision and scale using 'HasPrecision', or configure a value converter using 'HasConversion'.
2026-04-28 16:56:50 | WRN | No store type was specified for the decimal property 'WagApplyHour' on entity type 'HRWage'. This will cause values to be silently truncated if they do not fit in the default precision and scale. Explicitly specify the SQL server column type that can accommodate all the values in 'OnModelCreating' using 'HasColumnType', specify precision and scale using 'HasPrecision', or configure a value converter using 'HasConversion'.
2026-04-28 16:56:50 | WRN | No store type was specified for the decimal property 'WagIssueHour' on entity type 'HRWage'. This will cause values to be silently truncated if they do not fit in the default precision and scale. Explicitly specify the SQL server column type that can accommodate all the values in 'OnModelCreating' using 'HasColumnType', specify precision and scale using 'HasPrecision', or configure a value converter using 'HasConversion'.
2026-04-28 16:56:50 | WRN | No store type was specified for the decimal property 'WagSubtotal' on entity type 'HRWage'. This will cause values to be silently truncated if they do not fit in the default precision and scale. Explicitly specify the SQL server column type that can accommodate all the values in 'OnModelCreating' using 'HasColumnType', specify precision and scale using 'HasPrecision', or configure a value converter using 'HasConversion'.
2026-04-28 16:56:56 | WRN | The query uses the 'First'/'FirstOrDefault' operator without 'OrderBy' and filter operators. This may lead to unpredictable results.
2026-04-28 16:56:57 | INF | ACTION_TRACE | Acc=admin | Path=/ | IP=::1 | Start=2026-04-28 16:56:50.053 | Elapsed=7033ms | Status=Completed
2026-04-28 16:56:57 | INF | NETWORK_UNSTABLE | Acc=admin | Path=/ | Reason=SlowRequest 7033ms
2026-04-28 16:56:57 | INF | ACTION_TRACE | Acc=admin | Path=/Captcha/Generate | IP=::1 | Start=2026-04-28 16:56:57.353 | Elapsed=44ms | Status=Completed
2026-04-28 16:56:57 | INF | ACTION_TRACE | Acc=admin | Path=/DNTCaptchaImage/Show | IP=::1 | Start=2026-04-28 16:56:57.408 | Elapsed=127ms | Status=Completed
2026-04-28 16:57:02 | INF | ACTION_TRACE | Acc=admin | Path=/AdminPortal/Account/Login | IP=::1 | Start=2026-04-28 16:57:01.942 | Elapsed=121ms | Status=Completed
2026-04-28 16:57:02 | INF | ACTION_TRACE | Acc=admin | Path=/Captcha/Generate | IP=::1 | Start=2026-04-28 16:57:02.267 | Elapsed=4ms | Status=Completed
2026-04-28 16:57:02 | INF | ACTION_TRACE | Acc=admin | Path=/DNTCaptchaImage/Show | IP=::1 | Start=2026-04-28 16:57:02.278 | Elapsed=16ms | Status=Completed
2026-04-28 16:57:15 | INF | ACTION_TRACE | Acc=admin | Path=/AdminPortal/Account/Login | IP=::1 | Start=2026-04-28 16:57:05.241 | Elapsed=10305ms | Status=Completed
2026-04-28 16:57:15 | INF | NETWORK_UNSTABLE | Acc=admin | Path=/AdminPortal/Account/Login | Reason=SlowRequest 10305ms
2026-04-28 16:57:15 | INF | ACTION_TRACE | Acc=admin | Path=/AdminPortal/Home/Index | IP=::1 | Start=2026-04-28 16:57:15.561 | Elapsed=181ms | Status=Completed
2026-04-28 16:57:19 | WRN | The query uses the 'First'/'FirstOrDefault' operator without 'OrderBy' and filter operators. This may lead to unpredictable results.
2026-04-28 16:57:19 | INF | CONTROLLER_EXEC | Acc= admin | IP=::1 | Path=ADS999999/ADS999999 | Message=GET /ADS999999/ADS999999
2026-04-28 16:57:19 | INF | ACTION_TRACE | Acc=admin | Path=/ADS999999/ADS999999 | IP=::1 | Start=2026-04-28 16:57:19.006 | Elapsed=104ms | Status=Completed
2026-04-28 16:57:20 | INF | CONTROLLER_EXEC | Acc= admin | IP=::1 | Path=ADS999999/GetLevelData | Message=GET /ADS999999/GetLevelData
2026-04-28 16:57:20 | INF | ACTION_TRACE | Acc=admin | Path=/ADS999999/GetLevelData | IP=::1 | Start=2026-04-28 16:57:20.047 | Elapsed=18ms | Status=Completed
2026-04-28 16:59:04 | INF | ACTION_TRACE | Acc=admin | Path=/AdminPortal/Home/Index | IP=::1 | Start=2026-04-28 16:59:04.210 | Elapsed=35ms | Status=Completed
2026-04-28 16:59:30 | INF | ACTION_TRACE | Acc=admin | Path=/AdminPortal/Home/Index | IP=::1 | Start=2026-04-28 16:59:30.855 | Elapsed=30ms | Status=Completed
2026-04-28 16:59:35 | INF | CONTROLLER_EXEC | Acc= admin | IP=::1 | Path=ADS999999/ADS999999 | Message=GET /ADS999999/ADS999999
2026-04-28 16:59:35 | INF | ACTION_TRACE | Acc=admin | Path=/ADS999999/ADS999999 | IP=::1 | Start=2026-04-28 16:59:35.026 | Elapsed=63ms | Status=Completed
2026-04-28 16:59:36 | INF | CONTROLLER_EXEC | Acc= admin | IP=::1 | Path=ADS999999/GetLevelData | Message=GET /ADS999999/GetLevelData
2026-04-28 16:59:36 | INF | ACTION_TRACE | Acc=admin | Path=/ADS999999/GetLevelData | IP=::1 | Start=2026-04-28 16:59:36.194 | Elapsed=17ms | Status=Completed
2026-04-28 17:02:32 | INF | CONTROLLER_EXEC | Acc= admin | IP=::1 | Path=ADS999999/GetLevelData | Message=GET /ADS999999/GetLevelData
2026-04-28 17:02:32 | INF | ACTION_TRACE | Acc=admin | Path=/ADS999999/GetLevelData | IP=::1 | Start=2026-04-28 17:02:32.261 | Elapsed=4ms | Status=Completed
2026-04-28 17:02:39 | INF | ACTION_TRACE | Acc=admin | Path=/.well-known/appspecific/com.chrome.devtools.json | IP=::1 | Start=2026-04-28 17:02:39.620 | Elapsed=0ms | Status=Completed
