2026-04-27 14:06:45 | INF | ACTION_TRACE | Acc=admin | Path=/AdminPortal/Home/Index | IP=::1 | Start=2026-04-27 14:06:45.509 | Elapsed=125ms | Status=Completed
2026-04-27 14:07:03 | WRN | The query uses the 'First'/'FirstOrDefault' operator without 'OrderBy' and filter operators. This may lead to unpredictable results.
2026-04-27 14:07:03 | INF | CONTROLLER_EXEC | Acc= admin | IP=::1 | Path=ADS999999/ADS999999 | Message=GET /ADS999999/ADS999999
2026-04-27 14:07:03 | INF | ACTION_TRACE | Acc=admin | Path=/ADS999999/ADS999999 | IP=::1 | Start=2026-04-27 14:07:03.099 | Elapsed=77ms | Status=Completed
2026-04-27 14:08:37 | INF | ACTION_TRACE | Acc=admin | Path=/AdminPortal/Home/Index | IP=::1 | Start=2026-04-27 14:08:37.231 | Elapsed=28ms | Status=Completed
2026-04-27 14:10:13 | WRN | No store type was specified for the decimal property 'OveMoney' on entity type 'HROvertime'. This will cause values to be silently truncated if they do not fit in the default precision and scale. Explicitly specify the SQL server column type that can accommodate all the values in 'OnModelCreating' using 'HasColumnType', specify precision and scale using 'HasPrecision', or configure a value converter using 'HasConversion'.
2026-04-27 14:10:13 | WRN | No store type was specified for the decimal property 'Wag1D1Hour' on entity type 'HRWage'. This will cause values to be silently truncated if they do not fit in the default precision and scale. Explicitly specify the SQL server column type that can accommodate all the values in 'OnModelCreating' using 'HasColumnType', specify precision and scale using 'HasPrecision', or configure a value converter using 'HasConversion'.
2026-04-27 14:10:13 | WRN | No store type was specified for the decimal property 'Wag2D1Hour' on entity type 'HRWage'. This will cause values to be silently truncated if they do not fit in the default precision and scale. Explicitly specify the SQL server column type that can accommodate all the values in 'OnModelCreating' using 'HasColumnType', specify precision and scale using 'HasPrecision', or configure a value converter using 'HasConversion'.
2026-04-27 14:10:13 | WRN | No store type was specified for the decimal property 'Wag4D3Hour' on entity type 'HRWage'. This will cause values to be silently truncated if they do not fit in the default precision and scale. Explicitly specify the SQL server column type that can accommodate all the values in 'OnModelCreating' using 'HasColumnType', specify precision and scale using 'HasPrecision', or configure a value converter using 'HasConversion'.
2026-04-27 14:10:13 | WRN | No store type was specified for the decimal property 'Wag5D3Hour' on entity type 'HRWage'. This will cause values to be silently truncated if they do not fit in the default precision and scale. Explicitly specify the SQL server column type that can accommodate all the values in 'OnModelCreating' using 'HasColumnType', specify precision and scale using 'HasPrecision', or configure a value converter using 'HasConversion'.
2026-04-27 14:10:13 | WRN | No store type was specified for the decimal property 'Wag8D3Hour' on entity type 'HRWage'. This will cause values to be silently truncated if they do not fit in the default precision and scale. Explicitly specify the SQL server column type that can accommodate all the values in 'OnModelCreating' using 'HasColumnType', specify precision and scale using 'HasPrecision', or configure a value converter using 'HasConversion'.
2026-04-27 14:10:13 | WRN | No store type was specified for the decimal property 'WagApplyHour' on entity type 'HRWage'. This will cause values to be silently truncated if they do not fit in the default precision and scale. Explicitly specify the SQL server column type that can accommodate all the values in 'OnModelCreating' using 'HasColumnType', specify precision and scale using 'HasPrecision', or configure a value converter using 'HasConversion'.
2026-04-27 14:10:13 | WRN | No store type was specified for the decimal property 'WagIssueHour' on entity type 'HRWage'. This will cause values to be silently truncated if they do not fit in the default precision and scale. Explicitly specify the SQL server column type that can accommodate all the values in 'OnModelCreating' using 'HasColumnType', specify precision and scale using 'HasPrecision', or configure a value converter using 'HasConversion'.
2026-04-27 14:10:13 | WRN | No store type was specified for the decimal property 'WagSubtotal' on entity type 'HRWage'. This will cause values to be silently truncated if they do not fit in the default precision and scale. Explicitly specify the SQL server column type that can accommodate all the values in 'OnModelCreating' using 'HasColumnType', specify precision and scale using 'HasPrecision', or configure a value converter using 'HasConversion'.
2026-04-27 14:10:19 | WRN | The query uses the 'First'/'FirstOrDefault' operator without 'OrderBy' and filter operators. This may lead to unpredictable results.
2026-04-27 14:10:20 | INF | ACTION_TRACE | Acc=admin | Path=/ | IP=::1 | Start=2026-04-27 14:10:13.023 | Elapsed=7058ms | Status=Completed
2026-04-27 14:10:20 | INF | NETWORK_UNSTABLE | Acc=admin | Path=/ | Reason=SlowRequest 7058ms
2026-04-27 14:10:20 | INF | ACTION_TRACE | Acc=admin | Path=/Captcha/Generate | IP=::1 | Start=2026-04-27 14:10:20.228 | Elapsed=29ms | Status=Completed
2026-04-27 14:10:20 | INF | ACTION_TRACE | Acc=admin | Path=/DNTCaptchaImage/Show | IP=::1 | Start=2026-04-27 14:10:20.267 | Elapsed=119ms | Status=Completed
2026-04-27 14:10:25 | INF | ACTION_TRACE | Acc=admin | Path=/AdminPortal/Account/Login | IP=::1 | Start=2026-04-27 14:10:25.026 | Elapsed=110ms | Status=Completed
2026-04-27 14:10:25 | INF | ACTION_TRACE | Acc=admin | Path=/Captcha/Generate | IP=::1 | Start=2026-04-27 14:10:25.316 | Elapsed=4ms | Status=Completed
2026-04-27 14:10:25 | INF | ACTION_TRACE | Acc=admin | Path=/DNTCaptchaImage/Show | IP=::1 | Start=2026-04-27 14:10:25.326 | Elapsed=15ms | Status=Completed
2026-04-27 14:10:36 | INF | ACTION_TRACE | Acc=admin | Path=/AdminPortal/Account/Login | IP=::1 | Start=2026-04-27 14:10:29.624 | Elapsed=6829ms | Status=Completed
2026-04-27 14:10:36 | INF | NETWORK_UNSTABLE | Acc=admin | Path=/AdminPortal/Account/Login | Reason=SlowRequest 6829ms
2026-04-27 14:10:36 | INF | ACTION_TRACE | Acc=admin | Path=/AdminPortal/Home/Index | IP=::1 | Start=2026-04-27 14:10:36.467 | Elapsed=119ms | Status=Completed
2026-04-27 14:10:44 | WRN | The query uses the 'First'/'FirstOrDefault' operator without 'OrderBy' and filter operators. This may lead to unpredictable results.
2026-04-27 14:10:44 | INF | CONTROLLER_EXEC | Acc= admin | IP=::1 | Path=ADS999999/ADS999999 | Message=GET /ADS999999/ADS999999
2026-04-27 14:10:44 | INF | ACTION_TRACE | Acc=admin | Path=/ADS999999/ADS999999 | IP=::1 | Start=2026-04-27 14:10:44.072 | Elapsed=80ms | Status=Completed
2026-04-27 14:11:37 | INF | ACTION_TRACE | Acc=admin | Path=/AdminPortal/Home/Index | IP=::1 | Start=2026-04-27 14:11:37.070 | Elapsed=27ms | Status=Completed
2026-04-27 14:11:40 | INF | CONTROLLER_EXEC | Acc= admin | IP=::1 | Path=ADS999999/ADS999999 | Message=GET /ADS999999/ADS999999
2026-04-27 14:11:40 | INF | ACTION_TRACE | Acc=admin | Path=/ADS999999/ADS999999 | IP=::1 | Start=2026-04-27 14:11:40.432 | Elapsed=23ms | Status=Completed
2026-04-27 14:12:49 | INF | ACTION_TRACE | Acc=admin | Path=/AdminPortal/Home/Index | IP=::1 | Start=2026-04-27 14:12:49.624 | Elapsed=29ms | Status=Completed
2026-04-27 14:13:07 | INF | ACTION_TRACE | Acc=admin | Path=/AdminPortal/Home/Index | IP=::1 | Start=2026-04-27 14:13:07.258 | Elapsed=26ms | Status=Completed
2026-04-27 14:13:10 | INF | CONTROLLER_EXEC | Acc= admin | IP=::1 | Path=ADS999999/ADS999999 | Message=GET /ADS999999/ADS999999
2026-04-27 14:13:10 | INF | ACTION_TRACE | Acc=admin | Path=/ADS999999/ADS999999 | IP=::1 | Start=2026-04-27 14:13:10.668 | Elapsed=22ms | Status=Completed
2026-04-27 14:13:28 | INF | ACTION_TRACE | Acc=admin | Path=/AdminPortal/Home/Index | IP=::1 | Start=2026-04-27 14:13:28.378 | Elapsed=23ms | Status=Completed
2026-04-27 14:13:35 | INF | ACTION_TRACE | Acc=admin | Path=/AdminPortal/Home/Index | IP=::1 | Start=2026-04-27 14:13:35.505 | Elapsed=17ms | Status=Completed
2026-04-27 14:13:39 | INF | CONTROLLER_EXEC | Acc= admin | IP=::1 | Path=ADS999999/ADS999999 | Message=GET /ADS999999/ADS999999
2026-04-27 14:13:39 | INF | ACTION_TRACE | Acc=admin | Path=/ADS999999/ADS999999 | IP=::1 | Start=2026-04-27 14:13:39.940 | Elapsed=21ms | Status=Completed
2026-04-27 14:13:45 | WRN | The query uses the 'First'/'FirstOrDefault' operator without 'OrderBy' and filter operators. This may lead to unpredictable results.
2026-04-27 14:13:46 | INF | CONTROLLER_EXEC | Acc= admin | IP=::1 | Path=ADS999999/UpdateSystemInfo | Message=POST /ADS999999/UpdateSystemInfo
2026-04-27 14:13:46 | INF | ACTION_TRACE | Acc=admin | Path=/ADS999999/UpdateSystemInfo | IP=::1 | Start=2026-04-27 14:13:45.636 | Elapsed=410ms | Status=Completed
2026-04-27 14:13:47 | INF | CONTROLLER_EXEC | Acc= admin | IP=::1 | Path=ADS999999/ADS999999 | Message=GET /ADS999999/ADS999999
2026-04-27 14:13:47 | INF | ACTION_TRACE | Acc=admin | Path=/ADS999999/ADS999999 | IP=::1 | Start=2026-04-27 14:13:47.195 | Elapsed=10ms | Status=Completed
2026-04-27 14:14:49 | INF | CONTROLLER_EXEC | Acc= admin | IP=::1 | Path=ADS999999/ADS999999 | Message=GET /ADS999999/ADS999999
2026-04-27 14:14:49 | INF | ACTION_TRACE | Acc=admin | Path=/ADS999999/ADS999999 | IP=::1 | Start=2026-04-27 14:14:49.826 | Elapsed=18ms | Status=Completed
2026-04-27 14:14:52 | INF | ACTION_TRACE | Acc=admin | Path=/AdminPortal/Account/Login | IP=::1 | Start=2026-04-27 14:14:52.517 | Elapsed=10ms | Status=Completed
2026-04-27 14:14:52 | INF | ACTION_TRACE | Acc=admin | Path=/Captcha/Generate | IP=::1 | Start=2026-04-27 14:14:52.711 | Elapsed=7ms | Status=Completed
2026-04-27 14:14:52 | INF | ACTION_TRACE | Acc=admin | Path=/DNTCaptchaImage/Show | IP=::1 | Start=2026-04-27 14:14:52.724 | Elapsed=18ms | Status=Completed
2026-04-27 14:14:57 | INF | ACTION_TRACE | Acc=admin | Path=/AdminPortal/Account/Login | IP=::1 | Start=2026-04-27 14:14:55.578 | Elapsed=1559ms | Status=Completed
2026-04-27 14:14:57 | INF | ACTION_TRACE | Acc=admin | Path=/AdminPortal/Home/Index | IP=::1 | Start=2026-04-27 14:14:57.144 | Elapsed=4ms | Status=Completed
2026-04-27 14:15:00 | INF | CONTROLLER_EXEC | Acc= admin | IP=::1 | Path=ADS999999/ADS999999 | Message=GET /ADS999999/ADS999999
2026-04-27 14:15:00 | INF | ACTION_TRACE | Acc=admin | Path=/ADS999999/ADS999999 | IP=::1 | Start=2026-04-27 14:15:00.256 | Elapsed=4ms | Status=Completed
2026-04-27 14:15:08 | INF | CONTROLLER_EXEC | Acc= admin | IP=::1 | Path=ADS999999/UpdateSystemInfo | Message=POST /ADS999999/UpdateSystemInfo
2026-04-27 14:15:08 | INF | ACTION_TRACE | Acc=admin | Path=/ADS999999/UpdateSystemInfo | IP=::1 | Start=2026-04-27 14:15:08.763 | Elapsed=14ms | Status=Completed
2026-04-27 14:15:09 | INF | CONTROLLER_EXEC | Acc= admin | IP=::1 | Path=ADS999999/ADS999999 | Message=GET /ADS999999/ADS999999
2026-04-27 14:15:09 | INF | ACTION_TRACE | Acc=admin | Path=/ADS999999/ADS999999 | IP=::1 | Start=2026-04-27 14:15:09.713 | Elapsed=7ms | Status=Completed
2026-04-27 14:15:20 | INF | ACTION_TRACE | Acc=admin | Path=/AdminPortal/Account/Login | IP=::1 | Start=2026-04-27 14:15:20.207 | Elapsed=1ms | Status=Completed
2026-04-27 14:15:20 | INF | ACTION_TRACE | Acc=admin | Path=/Captcha/Generate | IP=::1 | Start=2026-04-27 14:15:20.389 | Elapsed=1ms | Status=Completed
2026-04-27 14:15:20 | INF | ACTION_TRACE | Acc=admin | Path=/DNTCaptchaImage/Show | IP=::1 | Start=2026-04-27 14:15:20.397 | Elapsed=33ms | Status=Completed
2026-04-27 14:15:27 | INF | ACTION_TRACE | Acc=admin | Path=/AdminPortal/Account/Login | IP=::1 | Start=2026-04-27 14:15:23.764 | Elapsed=3550ms | Status=Completed
2026-04-27 14:15:27 | INF | NETWORK_UNSTABLE | Acc=admin | Path=/AdminPortal/Account/Login | Reason=SlowRequest 3550ms
2026-04-27 14:15:27 | INF | ACTION_TRACE | Acc=admin | Path=/AdminPortal/Home/Index | IP=::1 | Start=2026-04-27 14:15:27.322 | Elapsed=10ms | Status=Completed
2026-04-27 14:15:30 | INF | CONTROLLER_EXEC | Acc= admin | IP=::1 | Path=ADS999999/ADS999999 | Message=GET /ADS999999/ADS999999
2026-04-27 14:15:30 | INF | ACTION_TRACE | Acc=admin | Path=/ADS999999/ADS999999 | IP=::1 | Start=2026-04-27 14:15:30.960 | Elapsed=4ms | Status=Completed
2026-04-27 14:15:33 | INF | CONTROLLER_EXEC | Acc= admin | IP=::1 | Path=ADS999999/UpdateSystemInfo | Message=POST /ADS999999/UpdateSystemInfo
2026-04-27 14:15:33 | INF | ACTION_TRACE | Acc=admin | Path=/ADS999999/UpdateSystemInfo | IP=::1 | Start=2026-04-27 14:15:33.602 | Elapsed=10ms | Status=Completed
2026-04-27 14:15:34 | INF | CONTROLLER_EXEC | Acc= admin | IP=::1 | Path=ADS999999/ADS999999 | Message=GET /ADS999999/ADS999999
2026-04-27 14:15:34 | INF | ACTION_TRACE | Acc=admin | Path=/ADS999999/ADS999999 | IP=::1 | Start=2026-04-27 14:15:34.356 | Elapsed=7ms | Status=Completed
2026-04-27 14:15:41 | INF | ACTION_TRACE | Acc=admin | Path=/.well-known/appspecific/com.chrome.devtools.json | IP=::1 | Start=2026-04-27 14:15:41.876 | Elapsed=0ms | Status=Completed
2026-04-27 14:16:30 | WRN | No store type was specified for the decimal property 'OveMoney' on entity type 'HROvertime'. This will cause values to be silently truncated if they do not fit in the default precision and scale. Explicitly specify the SQL server column type that can accommodate all the values in 'OnModelCreating' using 'HasColumnType', specify precision and scale using 'HasPrecision', or configure a value converter using 'HasConversion'.
2026-04-27 14:16:30 | WRN | No store type was specified for the decimal property 'Wag1D1Hour' on entity type 'HRWage'. This will cause values to be silently truncated if they do not fit in the default precision and scale. Explicitly specify the SQL server column type that can accommodate all the values in 'OnModelCreating' using 'HasColumnType', specify precision and scale using 'HasPrecision', or configure a value converter using 'HasConversion'.
2026-04-27 14:16:30 | WRN | No store type was specified for the decimal property 'Wag2D1Hour' on entity type 'HRWage'. This will cause values to be silently truncated if they do not fit in the default precision and scale. Explicitly specify the SQL server column type that can accommodate all the values in 'OnModelCreating' using 'HasColumnType', specify precision and scale using 'HasPrecision', or configure a value converter using 'HasConversion'.
2026-04-27 14:16:30 | WRN | No store type was specified for the decimal property 'Wag4D3Hour' on entity type 'HRWage'. This will cause values to be silently truncated if they do not fit in the default precision and scale. Explicitly specify the SQL server column type that can accommodate all the values in 'OnModelCreating' using 'HasColumnType', specify precision and scale using 'HasPrecision', or configure a value converter using 'HasConversion'.
2026-04-27 14:16:30 | WRN | No store type was specified for the decimal property 'Wag5D3Hour' on entity type 'HRWage'. This will cause values to be silently truncated if they do not fit in the default precision and scale. Explicitly specify the SQL server column type that can accommodate all the values in 'OnModelCreating' using 'HasColumnType', specify precision and scale using 'HasPrecision', or configure a value converter using 'HasConversion'.
2026-04-27 14:16:30 | WRN | No store type was specified for the decimal property 'Wag8D3Hour' on entity type 'HRWage'. This will cause values to be silently truncated if they do not fit in the default precision and scale. Explicitly specify the SQL server column type that can accommodate all the values in 'OnModelCreating' using 'HasColumnType', specify precision and scale using 'HasPrecision', or configure a value converter using 'HasConversion'.
2026-04-27 14:16:30 | WRN | No store type was specified for the decimal property 'WagApplyHour' on entity type 'HRWage'. This will cause values to be silently truncated if they do not fit in the default precision and scale. Explicitly specify the SQL server column type that can accommodate all the values in 'OnModelCreating' using 'HasColumnType', specify precision and scale using 'HasPrecision', or configure a value converter using 'HasConversion'.
2026-04-27 14:16:30 | WRN | No store type was specified for the decimal property 'WagIssueHour' on entity type 'HRWage'. This will cause values to be silently truncated if they do not fit in the default precision and scale. Explicitly specify the SQL server column type that can accommodate all the values in 'OnModelCreating' using 'HasColumnType', specify precision and scale using 'HasPrecision', or configure a value converter using 'HasConversion'.
2026-04-27 14:16:30 | WRN | No store type was specified for the decimal property 'WagSubtotal' on entity type 'HRWage'. This will cause values to be silently truncated if they do not fit in the default precision and scale. Explicitly specify the SQL server column type that can accommodate all the values in 'OnModelCreating' using 'HasColumnType', specify precision and scale using 'HasPrecision', or configure a value converter using 'HasConversion'.
2026-04-27 14:16:35 | WRN | The query uses the 'First'/'FirstOrDefault' operator without 'OrderBy' and filter operators. This may lead to unpredictable results.
2026-04-27 14:16:36 | INF | ACTION_TRACE | Acc=admin | Path=/ | IP=::1 | Start=2026-04-27 14:16:29.818 | Elapsed=6863ms | Status=Completed
2026-04-27 14:16:36 | INF | NETWORK_UNSTABLE | Acc=admin | Path=/ | Reason=SlowRequest 6863ms
2026-04-27 14:16:36 | INF | ACTION_TRACE | Acc=admin | Path=/Captcha/Generate | IP=::1 | Start=2026-04-27 14:16:36.841 | Elapsed=36ms | Status=Completed
2026-04-27 14:16:37 | INF | ACTION_TRACE | Acc=admin | Path=/DNTCaptchaImage/Show | IP=::1 | Start=2026-04-27 14:16:36.904 | Elapsed=118ms | Status=Completed
2026-04-27 14:16:46 | INF | ACTION_TRACE | Acc=admin | Path=/ | IP=::1 | Start=2026-04-27 14:16:45.842 | Elapsed=325ms | Status=Completed
2026-04-27 14:16:46 | INF | ACTION_TRACE | Acc=admin | Path=/Captcha/Generate | IP=::1 | Start=2026-04-27 14:16:46.356 | Elapsed=1ms | Status=Completed
2026-04-27 14:16:46 | INF | ACTION_TRACE | Acc=admin | Path=/DNTCaptchaImage/Show | IP=::1 | Start=2026-04-27 14:16:46.364 | Elapsed=24ms | Status=Completed
2026-04-27 14:16:47 | INF | ACTION_TRACE | Acc=admin | Path=/Account/Login | IP=::1 | Start=2026-04-27 14:16:41.343 | Elapsed=6192ms | Status=Completed
2026-04-27 14:16:47 | INF | NETWORK_UNSTABLE | Acc=admin | Path=/Account/Login | Reason=SlowRequest 6192ms
2026-04-27 14:16:48 | INF | ACTION_TRACE | Acc=admin | Path=/AdminPortal/Account/Login | IP=::1 | Start=2026-04-27 14:16:48.236 | Elapsed=16ms | Status=Completed
2026-04-27 14:16:48 | INF | ACTION_TRACE | Acc=admin | Path=/Captcha/Generate | IP=::1 | Start=2026-04-27 14:16:48.418 | Elapsed=1ms | Status=Completed
2026-04-27 14:16:48 | INF | ACTION_TRACE | Acc=admin | Path=/DNTCaptchaImage/Show | IP=::1 | Start=2026-04-27 14:16:48.425 | Elapsed=17ms | Status=Completed
2026-04-27 14:18:47 | WRN | No store type was specified for the decimal property 'OveMoney' on entity type 'HROvertime'. This will cause values to be silently truncated if they do not fit in the default precision and scale. Explicitly specify the SQL server column type that can accommodate all the values in 'OnModelCreating' using 'HasColumnType', specify precision and scale using 'HasPrecision', or configure a value converter using 'HasConversion'.
2026-04-27 14:18:47 | WRN | No store type was specified for the decimal property 'Wag1D1Hour' on entity type 'HRWage'. This will cause values to be silently truncated if they do not fit in the default precision and scale. Explicitly specify the SQL server column type that can accommodate all the values in 'OnModelCreating' using 'HasColumnType', specify precision and scale using 'HasPrecision', or configure a value converter using 'HasConversion'.
2026-04-27 14:18:47 | WRN | No store type was specified for the decimal property 'Wag2D1Hour' on entity type 'HRWage'. This will cause values to be silently truncated if they do not fit in the default precision and scale. Explicitly specify the SQL server column type that can accommodate all the values in 'OnModelCreating' using 'HasColumnType', specify precision and scale using 'HasPrecision', or configure a value converter using 'HasConversion'.
2026-04-27 14:18:47 | WRN | No store type was specified for the decimal property 'Wag4D3Hour' on entity type 'HRWage'. This will cause values to be silently truncated if they do not fit in the default precision and scale. Explicitly specify the SQL server column type that can accommodate all the values in 'OnModelCreating' using 'HasColumnType', specify precision and scale using 'HasPrecision', or configure a value converter using 'HasConversion'.
2026-04-27 14:18:47 | WRN | No store type was specified for the decimal property 'Wag5D3Hour' on entity type 'HRWage'. This will cause values to be silently truncated if they do not fit in the default precision and scale. Explicitly specify the SQL server column type that can accommodate all the values in 'OnModelCreating' using 'HasColumnType', specify precision and scale using 'HasPrecision', or configure a value converter using 'HasConversion'.
2026-04-27 14:18:47 | WRN | No store type was specified for the decimal property 'Wag8D3Hour' on entity type 'HRWage'. This will cause values to be silently truncated if they do not fit in the default precision and scale. Explicitly specify the SQL server column type that can accommodate all the values in 'OnModelCreating' using 'HasColumnType', specify precision and scale using 'HasPrecision', or configure a value converter using 'HasConversion'.
2026-04-27 14:18:47 | WRN | No store type was specified for the decimal property 'WagApplyHour' on entity type 'HRWage'. This will cause values to be silently truncated if they do not fit in the default precision and scale. Explicitly specify the SQL server column type that can accommodate all the values in 'OnModelCreating' using 'HasColumnType', specify precision and scale using 'HasPrecision', or configure a value converter using 'HasConversion'.
2026-04-27 14:18:47 | WRN | No store type was specified for the decimal property 'WagIssueHour' on entity type 'HRWage'. This will cause values to be silently truncated if they do not fit in the default precision and scale. Explicitly specify the SQL server column type that can accommodate all the values in 'OnModelCreating' using 'HasColumnType', specify precision and scale using 'HasPrecision', or configure a value converter using 'HasConversion'.
2026-04-27 14:18:47 | WRN | No store type was specified for the decimal property 'WagSubtotal' on entity type 'HRWage'. This will cause values to be silently truncated if they do not fit in the default precision and scale. Explicitly specify the SQL server column type that can accommodate all the values in 'OnModelCreating' using 'HasColumnType', specify precision and scale using 'HasPrecision', or configure a value converter using 'HasConversion'.
2026-04-27 14:18:52 | WRN | The query uses the 'First'/'FirstOrDefault' operator without 'OrderBy' and filter operators. This may lead to unpredictable results.
2026-04-27 14:18:53 | INF | ACTION_TRACE | Acc=admin | Path=/ | IP=::1 | Start=2026-04-27 14:18:46.870 | Elapsed=6929ms | Status=Completed
2026-04-27 14:18:53 | INF | NETWORK_UNSTABLE | Acc=admin | Path=/ | Reason=SlowRequest 6929ms
2026-04-27 14:18:54 | INF | ACTION_TRACE | Acc=admin | Path=/Captcha/Generate | IP=::1 | Start=2026-04-27 14:18:53.962 | Elapsed=43ms | Status=Completed
2026-04-27 14:18:54 | INF | ACTION_TRACE | Acc=admin | Path=/DNTCaptchaImage/Show | IP=::1 | Start=2026-04-27 14:18:54.021 | Elapsed=102ms | Status=Completed
2026-04-27 14:18:58 | INF | ACTION_TRACE | Acc=admin | Path=/AdminPortal/Account/Login | IP=::1 | Start=2026-04-27 14:18:58.034 | Elapsed=98ms | Status=Completed
2026-04-27 14:18:58 | INF | ACTION_TRACE | Acc=admin | Path=/Captcha/Generate | IP=::1 | Start=2026-04-27 14:18:58.313 | Elapsed=2ms | Status=Completed
2026-04-27 14:18:58 | INF | ACTION_TRACE | Acc=admin | Path=/DNTCaptchaImage/Show | IP=::1 | Start=2026-04-27 14:18:58.323 | Elapsed=14ms | Status=Completed
2026-04-27 14:19:08 | INF | ACTION_TRACE | Acc=admin | Path=/AdminPortal/Account/Login | IP=::1 | Start=2026-04-27 14:19:01.350 | Elapsed=6774ms | Status=Completed
2026-04-27 14:19:08 | INF | NETWORK_UNSTABLE | Acc=admin | Path=/AdminPortal/Account/Login | Reason=SlowRequest 6774ms
2026-04-27 14:19:08 | INF | ACTION_TRACE | Acc=admin | Path=/AdminPortal/Home/Index | IP=::1 | Start=2026-04-27 14:19:08.138 | Elapsed=127ms | Status=Completed
2026-04-27 14:19:11 | WRN | The query uses the 'First'/'FirstOrDefault' operator without 'OrderBy' and filter operators. This may lead to unpredictable results.
2026-04-27 14:19:11 | INF | CONTROLLER_EXEC | Acc= admin | IP=::1 | Path=ADS999999/ADS999999 | Message=GET /ADS999999/ADS999999
2026-04-27 14:19:11 | INF | ACTION_TRACE | Acc=admin | Path=/ADS999999/ADS999999 | IP=::1 | Start=2026-04-27 14:19:11.673 | Elapsed=68ms | Status=Completed
2026-04-27 14:19:16 | WRN | The query uses the 'First'/'FirstOrDefault' operator without 'OrderBy' and filter operators. This may lead to unpredictable results.
2026-04-27 14:19:16 | INF | CONTROLLER_EXEC | Acc= admin | IP=::1 | Path=ADS999999/UpdateSystemInfo | Message=POST /ADS999999/UpdateSystemInfo
2026-04-27 14:19:16 | INF | ACTION_TRACE | Acc=admin | Path=/ADS999999/UpdateSystemInfo | IP=::1 | Start=2026-04-27 14:19:16.160 | Elapsed=380ms | Status=Completed
2026-04-27 14:19:17 | INF | CONTROLLER_EXEC | Acc= admin | IP=::1 | Path=ADS999999/ADS999999 | Message=GET /ADS999999/ADS999999
2026-04-27 14:19:17 | INF | ACTION_TRACE | Acc=admin | Path=/ADS999999/ADS999999 | IP=::1 | Start=2026-04-27 14:19:17.774 | Elapsed=22ms | Status=Completed
2026-04-27 14:19:28 | INF | ACTION_TRACE | Acc=admin | Path=/AdminPortal/Account/Login | IP=::1 | Start=2026-04-27 14:19:28.761 | Elapsed=2ms | Status=Completed
2026-04-27 14:19:28 | INF | ACTION_TRACE | Acc=admin | Path=/Captcha/Generate | IP=::1 | Start=2026-04-27 14:19:28.957 | Elapsed=1ms | Status=Completed
2026-04-27 14:19:28 | INF | ACTION_TRACE | Acc=admin | Path=/DNTCaptchaImage/Show | IP=::1 | Start=2026-04-27 14:19:28.966 | Elapsed=14ms | Status=Completed
2026-04-27 14:19:33 | INF | ACTION_TRACE | Acc=admin | Path=/AdminPortal/Account/Login | IP=::1 | Start=2026-04-27 14:19:32.053 | Elapsed=1772ms | Status=Completed
2026-04-27 14:19:33 | INF | ACTION_TRACE | Acc=admin | Path=/AdminPortal/Home/Index | IP=::1 | Start=2026-04-27 14:19:33.835 | Elapsed=6ms | Status=Completed
2026-04-27 14:19:37 | INF | CONTROLLER_EXEC | Acc= admin | IP=::1 | Path=ADS999999/ADS999999 | Message=GET /ADS999999/ADS999999
2026-04-27 14:19:37 | INF | ACTION_TRACE | Acc=admin | Path=/ADS999999/ADS999999 | IP=::1 | Start=2026-04-27 14:19:37.195 | Elapsed=10ms | Status=Completed
2026-04-27 14:19:41 | INF | CONTROLLER_EXEC | Acc= admin | IP=::1 | Path=ADS999999/UpdateSystemInfo | Message=POST /ADS999999/UpdateSystemInfo
2026-04-27 14:19:41 | INF | ACTION_TRACE | Acc=admin | Path=/ADS999999/UpdateSystemInfo | IP=::1 | Start=2026-04-27 14:19:41.137 | Elapsed=13ms | Status=Completed
2026-04-27 14:19:41 | INF | CONTROLLER_EXEC | Acc= admin | IP=::1 | Path=ADS999999/ADS999999 | Message=GET /ADS999999/ADS999999
2026-04-27 14:19:41 | INF | ACTION_TRACE | Acc=admin | Path=/ADS999999/ADS999999 | IP=::1 | Start=2026-04-27 14:19:41.848 | Elapsed=10ms | Status=Completed
2026-04-27 14:19:42 | INF | ACTION_TRACE | Acc=admin | Path=/AdminPortal/Account/Login | IP=::1 | Start=2026-04-27 14:19:42.811 | Elapsed=1ms | Status=Completed
2026-04-27 14:19:42 | INF | ACTION_TRACE | Acc=admin | Path=/Captcha/Generate | IP=::1 | Start=2026-04-27 14:19:42.996 | Elapsed=1ms | Status=Completed
2026-04-27 14:19:43 | INF | ACTION_TRACE | Acc=admin | Path=/DNTCaptchaImage/Show | IP=::1 | Start=2026-04-27 14:19:43.003 | Elapsed=33ms | Status=Completed
2026-04-27 14:19:46 | INF | ACTION_TRACE | Acc=admin | Path=/AdminPortal/Account/Login | IP=::1 | Start=2026-04-27 14:19:45.855 | Elapsed=675ms | Status=Completed
2026-04-27 14:19:46 | INF | ACTION_TRACE | Acc=admin | Path=/AdminPortal/Home/Index | IP=::1 | Start=2026-04-27 14:19:46.538 | Elapsed=5ms | Status=Completed
2026-04-27 14:19:50 | INF | CONTROLLER_EXEC | Acc= admin | IP=::1 | Path=ADS999999/ADS999999 | Message=GET /ADS999999/ADS999999
2026-04-27 14:19:50 | INF | ACTION_TRACE | Acc=admin | Path=/ADS999999/ADS999999 | IP=::1 | Start=2026-04-27 14:19:50.322 | Elapsed=6ms | Status=Completed
2026-04-27 14:19:57 | INF | CONTROLLER_EXEC | Acc= admin | IP=::1 | Path=ADS999999/UpdateSystemInfo | Message=POST /ADS999999/UpdateSystemInfo
2026-04-27 14:19:57 | INF | ACTION_TRACE | Acc=admin | Path=/ADS999999/UpdateSystemInfo | IP=::1 | Start=2026-04-27 14:19:57.432 | Elapsed=10ms | Status=Completed
2026-04-27 14:19:58 | INF | CONTROLLER_EXEC | Acc= admin | IP=::1 | Path=ADS999999/ADS999999 | Message=GET /ADS999999/ADS999999
2026-04-27 14:19:58 | INF | ACTION_TRACE | Acc=admin | Path=/ADS999999/ADS999999 | IP=::1 | Start=2026-04-27 14:19:58.478 | Elapsed=10ms | Status=Completed
2026-04-27 14:20:02 | INF | ACTION_TRACE | Acc=admin | Path=/ | IP=::1 | Start=2026-04-27 14:20:01.995 | Elapsed=272ms | Status=Completed
2026-04-27 14:20:02 | INF | ACTION_TRACE | Acc=admin | Path=/Captcha/Generate | IP=::1 | Start=2026-04-27 14:20:02.441 | Elapsed=1ms | Status=Completed
2026-04-27 14:20:02 | INF | ACTION_TRACE | Acc=admin | Path=/DNTCaptchaImage/Show | IP=::1 | Start=2026-04-27 14:20:02.454 | Elapsed=8ms | Status=Completed
2026-04-27 14:20:03 | INF | ACTION_TRACE | Acc=admin | Path=/AdminPortal/Account/Login | IP=::1 | Start=2026-04-27 14:20:03.988 | Elapsed=0ms | Status=Completed
2026-04-27 14:20:04 | INF | ACTION_TRACE | Acc=admin | Path=/Captcha/Generate | IP=::1 | Start=2026-04-27 14:20:04.170 | Elapsed=1ms | Status=Completed
2026-04-27 14:20:04 | INF | ACTION_TRACE | Acc=admin | Path=/DNTCaptchaImage/Show | IP=::1 | Start=2026-04-27 14:20:04.178 | Elapsed=10ms | Status=Completed
2026-04-27 14:20:11 | INF | ACTION_TRACE | Acc=admin | Path=/AdminPortal/Account/Login | IP=::1 | Start=2026-04-27 14:20:07.459 | Elapsed=4072ms | Status=Completed
2026-04-27 14:20:11 | INF | NETWORK_UNSTABLE | Acc=admin | Path=/AdminPortal/Account/Login | Reason=SlowRequest 4072ms
2026-04-27 14:20:11 | INF | ACTION_TRACE | Acc=admin | Path=/AdminPortal/Home/Index | IP=::1 | Start=2026-04-27 14:20:11.541 | Elapsed=4ms | Status=Completed
2026-04-27 14:20:18 | INF | CONTROLLER_EXEC | Acc= admin | IP=::1 | Path=ADS999999/ADS999999 | Message=GET /ADS999999/ADS999999
2026-04-27 14:20:18 | INF | ACTION_TRACE | Acc=admin | Path=/ADS999999/ADS999999 | IP=::1 | Start=2026-04-27 14:20:18.070 | Elapsed=19ms | Status=Completed
2026-04-27 14:26:40 | WRN | No store type was specified for the decimal property 'OveMoney' on entity type 'HROvertime'. This will cause values to be silently truncated if they do not fit in the default precision and scale. Explicitly specify the SQL server column type that can accommodate all the values in 'OnModelCreating' using 'HasColumnType', specify precision and scale using 'HasPrecision', or configure a value converter using 'HasConversion'.
2026-04-27 14:26:40 | WRN | No store type was specified for the decimal property 'Wag1D1Hour' on entity type 'HRWage'. This will cause values to be silently truncated if they do not fit in the default precision and scale. Explicitly specify the SQL server column type that can accommodate all the values in 'OnModelCreating' using 'HasColumnType', specify precision and scale using 'HasPrecision', or configure a value converter using 'HasConversion'.
2026-04-27 14:26:40 | WRN | No store type was specified for the decimal property 'Wag2D1Hour' on entity type 'HRWage'. This will cause values to be silently truncated if they do not fit in the default precision and scale. Explicitly specify the SQL server column type that can accommodate all the values in 'OnModelCreating' using 'HasColumnType', specify precision and scale using 'HasPrecision', or configure a value converter using 'HasConversion'.
2026-04-27 14:26:40 | WRN | No store type was specified for the decimal property 'Wag4D3Hour' on entity type 'HRWage'. This will cause values to be silently truncated if they do not fit in the default precision and scale. Explicitly specify the SQL server column type that can accommodate all the values in 'OnModelCreating' using 'HasColumnType', specify precision and scale using 'HasPrecision', or configure a value converter using 'HasConversion'.
2026-04-27 14:26:40 | WRN | No store type was specified for the decimal property 'Wag5D3Hour' on entity type 'HRWage'. This will cause values to be silently truncated if they do not fit in the default precision and scale. Explicitly specify the SQL server column type that can accommodate all the values in 'OnModelCreating' using 'HasColumnType', specify precision and scale using 'HasPrecision', or configure a value converter using 'HasConversion'.
2026-04-27 14:26:40 | WRN | No store type was specified for the decimal property 'Wag8D3Hour' on entity type 'HRWage'. This will cause values to be silently truncated if they do not fit in the default precision and scale. Explicitly specify the SQL server column type that can accommodate all the values in 'OnModelCreating' using 'HasColumnType', specify precision and scale using 'HasPrecision', or configure a value converter using 'HasConversion'.
2026-04-27 14:26:40 | WRN | No store type was specified for the decimal property 'WagApplyHour' on entity type 'HRWage'. This will cause values to be silently truncated if they do not fit in the default precision and scale. Explicitly specify the SQL server column type that can accommodate all the values in 'OnModelCreating' using 'HasColumnType', specify precision and scale using 'HasPrecision', or configure a value converter using 'HasConversion'.
2026-04-27 14:26:40 | WRN | No store type was specified for the decimal property 'WagIssueHour' on entity type 'HRWage'. This will cause values to be silently truncated if they do not fit in the default precision and scale. Explicitly specify the SQL server column type that can accommodate all the values in 'OnModelCreating' using 'HasColumnType', specify precision and scale using 'HasPrecision', or configure a value converter using 'HasConversion'.
2026-04-27 14:26:40 | WRN | No store type was specified for the decimal property 'WagSubtotal' on entity type 'HRWage'. This will cause values to be silently truncated if they do not fit in the default precision and scale. Explicitly specify the SQL server column type that can accommodate all the values in 'OnModelCreating' using 'HasColumnType', specify precision and scale using 'HasPrecision', or configure a value converter using 'HasConversion'.
2026-04-27 14:26:45 | WRN | The query uses the 'First'/'FirstOrDefault' operator without 'OrderBy' and filter operators. This may lead to unpredictable results.
2026-04-27 14:26:46 | INF | ACTION_TRACE | Acc=admin | Path=/ | IP=::1 | Start=2026-04-27 14:26:39.186 | Elapsed=6956ms | Status=Completed
2026-04-27 14:26:46 | INF | NETWORK_UNSTABLE | Acc=admin | Path=/ | Reason=SlowRequest 6956ms
2026-04-27 14:26:46 | INF | ACTION_TRACE | Acc=admin | Path=/Captcha/Generate | IP=::1 | Start=2026-04-27 14:26:46.302 | Elapsed=37ms | Status=Completed
2026-04-27 14:26:46 | INF | ACTION_TRACE | Acc=admin | Path=/DNTCaptchaImage/Show | IP=::1 | Start=2026-04-27 14:26:46.360 | Elapsed=102ms | Status=Completed
2026-04-27 14:26:49 | INF | ACTION_TRACE | Acc=admin | Path=/AdminPortal/Account/Login | IP=::1 | Start=2026-04-27 14:26:49.274 | Elapsed=99ms | Status=Completed
2026-04-27 14:26:49 | INF | ACTION_TRACE | Acc=admin | Path=/Captcha/Generate | IP=::1 | Start=2026-04-27 14:26:49.577 | Elapsed=4ms | Status=Completed
2026-04-27 14:26:49 | INF | ACTION_TRACE | Acc=admin | Path=/DNTCaptchaImage/Show | IP=::1 | Start=2026-04-27 14:26:49.588 | Elapsed=17ms | Status=Completed
2026-04-27 14:27:07 | INF | ACTION_TRACE | Acc=admin | Path=/AdminPortal/Account/Login | IP=::1 | Start=2026-04-27 14:26:57.657 | Elapsed=9749ms | Status=Completed
2026-04-27 14:27:07 | INF | NETWORK_UNSTABLE | Acc=admin | Path=/AdminPortal/Account/Login | Reason=SlowRequest 9749ms
2026-04-27 14:27:07 | INF | ACTION_TRACE | Acc=admin | Path=/AdminPortal/Home/Index | IP=::1 | Start=2026-04-27 14:27:07.423 | Elapsed=131ms | Status=Completed
2026-04-27 14:27:11 | WRN | The query uses the 'First'/'FirstOrDefault' operator without 'OrderBy' and filter operators. This may lead to unpredictable results.
2026-04-27 14:27:11 | INF | CONTROLLER_EXEC | Acc= admin | IP=::1 | Path=ADS999999/ADS999999 | Message=GET /ADS999999/ADS999999
2026-04-27 14:27:11 | INF | ACTION_TRACE | Acc=admin | Path=/ADS999999/ADS999999 | IP=::1 | Start=2026-04-27 14:27:10.980 | Elapsed=66ms | Status=Completed
2026-04-27 14:27:17 | INF | ACTION_TRACE | Acc=admin | Path=/AdminPortal/Account/Login | IP=::1 | Start=2026-04-27 14:27:17.493 | Elapsed=2ms | Status=Completed
2026-04-27 14:27:17 | INF | ACTION_TRACE | Acc=admin | Path=/Captcha/Generate | IP=::1 | Start=2026-04-27 14:27:17.677 | Elapsed=2ms | Status=Completed
2026-04-27 14:27:17 | INF | ACTION_TRACE | Acc=admin | Path=/DNTCaptchaImage/Show | IP=::1 | Start=2026-04-27 14:27:17.687 | Elapsed=16ms | Status=Completed
2026-04-27 14:29:11 | WRN | No store type was specified for the decimal property 'OveMoney' on entity type 'HROvertime'. This will cause values to be silently truncated if they do not fit in the default precision and scale. Explicitly specify the SQL server column type that can accommodate all the values in 'OnModelCreating' using 'HasColumnType', specify precision and scale using 'HasPrecision', or configure a value converter using 'HasConversion'.
2026-04-27 14:29:11 | WRN | No store type was specified for the decimal property 'Wag1D1Hour' on entity type 'HRWage'. This will cause values to be silently truncated if they do not fit in the default precision and scale. Explicitly specify the SQL server column type that can accommodate all the values in 'OnModelCreating' using 'HasColumnType', specify precision and scale using 'HasPrecision', or configure a value converter using 'HasConversion'.
2026-04-27 14:29:11 | WRN | No store type was specified for the decimal property 'Wag2D1Hour' on entity type 'HRWage'. This will cause values to be silently truncated if they do not fit in the default precision and scale. Explicitly specify the SQL server column type that can accommodate all the values in 'OnModelCreating' using 'HasColumnType', specify precision and scale using 'HasPrecision', or configure a value converter using 'HasConversion'.
2026-04-27 14:29:11 | WRN | No store type was specified for the decimal property 'Wag4D3Hour' on entity type 'HRWage'. This will cause values to be silently truncated if they do not fit in the default precision and scale. Explicitly specify the SQL server column type that can accommodate all the values in 'OnModelCreating' using 'HasColumnType', specify precision and scale using 'HasPrecision', or configure a value converter using 'HasConversion'.
2026-04-27 14:29:11 | WRN | No store type was specified for the decimal property 'Wag5D3Hour' on entity type 'HRWage'. This will cause values to be silently truncated if they do not fit in the default precision and scale. Explicitly specify the SQL server column type that can accommodate all the values in 'OnModelCreating' using 'HasColumnType', specify precision and scale using 'HasPrecision', or configure a value converter using 'HasConversion'.
2026-04-27 14:29:11 | WRN | No store type was specified for the decimal property 'Wag8D3Hour' on entity type 'HRWage'. This will cause values to be silently truncated if they do not fit in the default precision and scale. Explicitly specify the SQL server column type that can accommodate all the values in 'OnModelCreating' using 'HasColumnType', specify precision and scale using 'HasPrecision', or configure a value converter using 'HasConversion'.
2026-04-27 14:29:11 | WRN | No store type was specified for the decimal property 'WagApplyHour' on entity type 'HRWage'. This will cause values to be silently truncated if they do not fit in the default precision and scale. Explicitly specify the SQL server column type that can accommodate all the values in 'OnModelCreating' using 'HasColumnType', specify precision and scale using 'HasPrecision', or configure a value converter using 'HasConversion'.
2026-04-27 14:29:11 | WRN | No store type was specified for the decimal property 'WagIssueHour' on entity type 'HRWage'. This will cause values to be silently truncated if they do not fit in the default precision and scale. Explicitly specify the SQL server column type that can accommodate all the values in 'OnModelCreating' using 'HasColumnType', specify precision and scale using 'HasPrecision', or configure a value converter using 'HasConversion'.
2026-04-27 14:29:11 | WRN | No store type was specified for the decimal property 'WagSubtotal' on entity type 'HRWage'. This will cause values to be silently truncated if they do not fit in the default precision and scale. Explicitly specify the SQL server column type that can accommodate all the values in 'OnModelCreating' using 'HasColumnType', specify precision and scale using 'HasPrecision', or configure a value converter using 'HasConversion'.
2026-04-27 14:29:17 | WRN | The query uses the 'First'/'FirstOrDefault' operator without 'OrderBy' and filter operators. This may lead to unpredictable results.
2026-04-27 14:29:18 | INF | ACTION_TRACE | Acc=admin | Path=/ | IP=::1 | Start=2026-04-27 14:29:11.075 | Elapsed=7148ms | Status=Completed
2026-04-27 14:29:18 | INF | NETWORK_UNSTABLE | Acc=admin | Path=/ | Reason=SlowRequest 7148ms
2026-04-27 14:29:18 | INF | ACTION_TRACE | Acc=admin | Path=/Captcha/Generate | IP=::1 | Start=2026-04-27 14:29:18.399 | Elapsed=41ms | Status=Completed
2026-04-27 14:29:18 | INF | ACTION_TRACE | Acc=admin | Path=/DNTCaptchaImage/Show | IP=::1 | Start=2026-04-27 14:29:18.459 | Elapsed=106ms | Status=Completed
2026-04-27 14:29:20 | INF | ACTION_TRACE | Acc=admin | Path=/AdminPortal/Account/Login | IP=::1 | Start=2026-04-27 14:29:20.533 | Elapsed=104ms | Status=Completed
2026-04-27 14:29:20 | INF | ACTION_TRACE | Acc=admin | Path=/Captcha/Generate | IP=::1 | Start=2026-04-27 14:29:20.811 | Elapsed=4ms | Status=Completed
2026-04-27 14:29:20 | INF | ACTION_TRACE | Acc=admin | Path=/DNTCaptchaImage/Show | IP=::1 | Start=2026-04-27 14:29:20.823 | Elapsed=13ms | Status=Completed
2026-04-27 14:29:31 | INF | ACTION_TRACE | Acc=admin | Path=/AdminPortal/Account/Login | IP=::1 | Start=2026-04-27 14:29:24.746 | Elapsed=6772ms | Status=Completed
2026-04-27 14:29:31 | INF | NETWORK_UNSTABLE | Acc=admin | Path=/AdminPortal/Account/Login | Reason=SlowRequest 6772ms
2026-04-27 14:29:31 | INF | ACTION_TRACE | Acc=admin | Path=/AdminPortal/Home/Index | IP=::1 | Start=2026-04-27 14:29:31.532 | Elapsed=124ms | Status=Completed
2026-04-27 14:29:35 | WRN | The query uses the 'First'/'FirstOrDefault' operator without 'OrderBy' and filter operators. This may lead to unpredictable results.
2026-04-27 14:29:35 | INF | CONTROLLER_EXEC | Acc= admin | IP=::1 | Path=ADS999999/ADS999999 | Message=GET /ADS999999/ADS999999
2026-04-27 14:29:35 | INF | ACTION_TRACE | Acc=admin | Path=/ADS999999/ADS999999 | IP=::1 | Start=2026-04-27 14:29:35.185 | Elapsed=69ms | Status=Completed
2026-04-27 14:29:38 | WRN | The query uses the 'First'/'FirstOrDefault' operator without 'OrderBy' and filter operators. This may lead to unpredictable results.
2026-04-27 14:29:38 | INF | CONTROLLER_EXEC | Acc= admin | IP=::1 | Path=ADS999999/UpdateSystemInfo | Message=POST /ADS999999/UpdateSystemInfo
2026-04-27 14:29:38 | INF | ACTION_TRACE | Acc=admin | Path=/ADS999999/UpdateSystemInfo | IP=::1 | Start=2026-04-27 14:29:38.579 | Elapsed=334ms | Status=Completed
2026-04-27 14:30:55 | INF | ACTION_TRACE | Acc=admin | Path=/Home/Index | IP=::1 | Start=2026-04-27 14:30:55.108 | Elapsed=300ms | Status=Completed
2026-04-27 14:30:57 | INF | ACTION_TRACE | Acc=admin | Path=/Home/GetMenu | IP=::1 | Start=2026-04-27 14:30:57.682 | Elapsed=41ms | Status=Completed
2026-04-27 14:30:59 | INF | CONTROLLER_EXEC | Acc= admin | IP=::1 | Path=SYS201001/SYS201001 | Message=GET /SYS201001/SYS201001
2026-04-27 14:30:59 | INF | ACTION_TRACE | Acc=admin | Path=/SYS201001/SYS201001 | IP=::1 | Start=2026-04-27 14:30:59.020 | Elapsed=274ms | Status=Completed
2026-04-27 14:30:59 | INF | CONTROLLER_EXEC | Acc= admin | IP=::1 | Path=SYS201001/GetAllAdmins | Message=POST /SYS201001/GetAllAdmins
2026-04-27 14:30:59 | INF | ACTION_TRACE | Acc=admin | Path=/SYS201001/GetAllAdmins | IP=::1 | Start=2026-04-27 14:30:59.380 | Elapsed=91ms | Status=Completed
2026-04-27 14:30:59 | INF | CONTROLLER_EXEC | Acc= admin | IP=::1 | Path=SYS201001/GetAllAdmins | Message=POST /SYS201001/GetAllAdmins
2026-04-27 14:30:59 | INF | ACTION_TRACE | Acc=admin | Path=/SYS201001/GetAllAdmins | IP=::1 | Start=2026-04-27 14:30:59.501 | Elapsed=8ms | Status=Completed
2026-04-27 14:31:02 | INF | ACTION_TRACE | Acc=admin | Path=/Account/Logout | IP=::1 | Start=2026-04-27 14:31:02.141 | Elapsed=15ms | Status=Completed
2026-04-27 14:31:09 | INF | ACTION_TRACE | Acc=admin | Path=/AdminPortal/Home/Index | IP=::1 | Start=2026-04-27 14:31:09.249 | Elapsed=76ms | Status=Completed
2026-04-27 14:31:12 | WRN | The query uses the 'First'/'FirstOrDefault' operator without 'OrderBy' and filter operators. This may lead to unpredictable results.
2026-04-27 14:31:12 | INF | CONTROLLER_EXEC | Acc= admin | IP=::1 | Path=ADS999999/ADS999999 | Message=GET /ADS999999/ADS999999
2026-04-27 14:31:12 | INF | ACTION_TRACE | Acc=admin | Path=/ADS999999/ADS999999 | IP=::1 | Start=2026-04-27 14:31:12.194 | Elapsed=51ms | Status=Completed
2026-04-27 14:31:16 | WRN | The query uses the 'First'/'FirstOrDefault' operator without 'OrderBy' and filter operators. This may lead to unpredictable results.
2026-04-27 14:31:16 | INF | CONTROLLER_EXEC | Acc= admin | IP=::1 | Path=ADS999999/UpdateSystemInfo | Message=POST /ADS999999/UpdateSystemInfo
2026-04-27 14:31:16 | INF | ACTION_TRACE | Acc=admin | Path=/ADS999999/UpdateSystemInfo | IP=::1 | Start=2026-04-27 14:31:16.532 | Elapsed=354ms | Status=Completed
2026-04-27 14:46:05 | INF | ACTION_TRACE | Acc=admin | Path=/AdminPortal/Home/Index | IP=::1 | Start=2026-04-27 14:46:05.294 | Elapsed=130ms | Status=Completed
2026-04-27 14:47:06 | INF | ACTION_TRACE | Acc=admin | Path=/AdminPortal/Account/Login | IP=::1 | Start=2026-04-27 14:47:06.167 | Elapsed=30ms | Status=Completed
2026-04-27 14:47:06 | INF | ACTION_TRACE | Acc=admin | Path=/Captcha/Generate | IP=::1 | Start=2026-04-27 14:47:06.283 | Elapsed=2ms | Status=Completed
2026-04-27 14:47:06 | INF | ACTION_TRACE | Acc=admin | Path=/DNTCaptchaImage/Show | IP=::1 | Start=2026-04-27 14:47:06.291 | Elapsed=31ms | Status=Completed
2026-04-27 14:47:25 | INF | ACTION_TRACE | Acc=admin | Path=/AdminPortal/Account/Login | IP=::1 | Start=2026-04-27 14:47:21.762 | Elapsed=4041ms | Status=Completed
2026-04-27 14:47:25 | INF | NETWORK_UNSTABLE | Acc=admin | Path=/AdminPortal/Account/Login | Reason=SlowRequest 4041ms
2026-04-27 14:47:25 | INF | ACTION_TRACE | Acc=admin | Path=/AdminPortal/Home/Index | IP=::1 | Start=2026-04-27 14:47:25.812 | Elapsed=7ms | Status=Completed
2026-04-27 14:48:06 | INF | ACTION_TRACE | Acc=admin | Path=/AdminPortal/Account/Login | IP=::1 | Start=2026-04-27 14:48:06.154 | Elapsed=1ms | Status=Completed
2026-04-27 14:48:06 | INF | ACTION_TRACE | Acc=admin | Path=/Captcha/Generate | IP=::1 | Start=2026-04-27 14:48:06.257 | Elapsed=1ms | Status=Completed
2026-04-27 14:48:06 | INF | ACTION_TRACE | Acc=admin | Path=/DNTCaptchaImage/Show | IP=::1 | Start=2026-04-27 14:48:06.265 | Elapsed=28ms | Status=Completed
2026-04-27 14:49:08 | WRN | No store type was specified for the decimal property 'OveMoney' on entity type 'HROvertime'. This will cause values to be silently truncated if they do not fit in the default precision and scale. Explicitly specify the SQL server column type that can accommodate all the values in 'OnModelCreating' using 'HasColumnType', specify precision and scale using 'HasPrecision', or configure a value converter using 'HasConversion'.
2026-04-27 14:49:08 | WRN | No store type was specified for the decimal property 'Wag1D1Hour' on entity type 'HRWage'. This will cause values to be silently truncated if they do not fit in the default precision and scale. Explicitly specify the SQL server column type that can accommodate all the values in 'OnModelCreating' using 'HasColumnType', specify precision and scale using 'HasPrecision', or configure a value converter using 'HasConversion'.
2026-04-27 14:49:08 | WRN | No store type was specified for the decimal property 'Wag2D1Hour' on entity type 'HRWage'. This will cause values to be silently truncated if they do not fit in the default precision and scale. Explicitly specify the SQL server column type that can accommodate all the values in 'OnModelCreating' using 'HasColumnType', specify precision and scale using 'HasPrecision', or configure a value converter using 'HasConversion'.
2026-04-27 14:49:08 | WRN | No store type was specified for the decimal property 'Wag4D3Hour' on entity type 'HRWage'. This will cause values to be silently truncated if they do not fit in the default precision and scale. Explicitly specify the SQL server column type that can accommodate all the values in 'OnModelCreating' using 'HasColumnType', specify precision and scale using 'HasPrecision', or configure a value converter using 'HasConversion'.
2026-04-27 14:49:08 | WRN | No store type was specified for the decimal property 'Wag5D3Hour' on entity type 'HRWage'. This will cause values to be silently truncated if they do not fit in the default precision and scale. Explicitly specify the SQL server column type that can accommodate all the values in 'OnModelCreating' using 'HasColumnType', specify precision and scale using 'HasPrecision', or configure a value converter using 'HasConversion'.
2026-04-27 14:49:08 | WRN | No store type was specified for the decimal property 'Wag8D3Hour' on entity type 'HRWage'. This will cause values to be silently truncated if they do not fit in the default precision and scale. Explicitly specify the SQL server column type that can accommodate all the values in 'OnModelCreating' using 'HasColumnType', specify precision and scale using 'HasPrecision', or configure a value converter using 'HasConversion'.
2026-04-27 14:49:08 | WRN | No store type was specified for the decimal property 'WagApplyHour' on entity type 'HRWage'. This will cause values to be silently truncated if they do not fit in the default precision and scale. Explicitly specify the SQL server column type that can accommodate all the values in 'OnModelCreating' using 'HasColumnType', specify precision and scale using 'HasPrecision', or configure a value converter using 'HasConversion'.
2026-04-27 14:49:08 | WRN | No store type was specified for the decimal property 'WagIssueHour' on entity type 'HRWage'. This will cause values to be silently truncated if they do not fit in the default precision and scale. Explicitly specify the SQL server column type that can accommodate all the values in 'OnModelCreating' using 'HasColumnType', specify precision and scale using 'HasPrecision', or configure a value converter using 'HasConversion'.
2026-04-27 14:49:08 | WRN | No store type was specified for the decimal property 'WagSubtotal' on entity type 'HRWage'. This will cause values to be silently truncated if they do not fit in the default precision and scale. Explicitly specify the SQL server column type that can accommodate all the values in 'OnModelCreating' using 'HasColumnType', specify precision and scale using 'HasPrecision', or configure a value converter using 'HasConversion'.
2026-04-27 14:49:13 | WRN | The query uses the 'First'/'FirstOrDefault' operator without 'OrderBy' and filter operators. This may lead to unpredictable results.
2026-04-27 14:49:14 | INF | ACTION_TRACE | Acc=admin | Path=/ | IP=::1 | Start=2026-04-27 14:49:07.254 | Elapsed=6998ms | Status=Completed
2026-04-27 14:49:14 | INF | NETWORK_UNSTABLE | Acc=admin | Path=/ | Reason=SlowRequest 6998ms
2026-04-27 14:49:14 | INF | ACTION_TRACE | Acc=admin | Path=/Captcha/Generate | IP=::1 | Start=2026-04-27 14:49:14.412 | Elapsed=59ms | Status=Completed
2026-04-27 14:49:14 | INF | ACTION_TRACE | Acc=admin | Path=/DNTCaptchaImage/Show | IP=::1 | Start=2026-04-27 14:49:14.503 | Elapsed=104ms | Status=Completed
2026-04-27 14:49:25 | INF | ACTION_TRACE | Acc=admin | Path=/Account/Login | IP=::1 | Start=2026-04-27 14:49:19.391 | Elapsed=6581ms | Status=Completed
2026-04-27 14:49:25 | INF | NETWORK_UNSTABLE | Acc=admin | Path=/Account/Login | Reason=SlowRequest 6581ms
2026-04-27 14:49:26 | INF | ACTION_TRACE | Acc=admin | Path=/Home/Index | IP=::1 | Start=2026-04-27 14:49:25.995 | Elapsed=298ms | Status=Completed
2026-04-27 14:50:10 | INF | ACTION_TRACE | Acc=admin | Path=/Account/Logout | IP=::1 | Start=2026-04-27 14:50:10.553 | Elapsed=15ms | Status=Completed
2026-04-27 14:50:19 | INF | ACTION_TRACE | Acc=admin | Path=/AdminPortal/Home/Index | IP=::1 | Start=2026-04-27 14:50:19.683 | Elapsed=78ms | Status=Completed
2026-04-27 14:50:25 | WRN | The query uses the 'First'/'FirstOrDefault' operator without 'OrderBy' and filter operators. This may lead to unpredictable results.
2026-04-27 14:50:25 | INF | CONTROLLER_EXEC | Acc= admin | IP=::1 | Path=ADS999999/ADS999999 | Message=GET /ADS999999/ADS999999
2026-04-27 14:50:25 | INF | ACTION_TRACE | Acc=admin | Path=/ADS999999/ADS999999 | IP=::1 | Start=2026-04-27 14:50:25.514 | Elapsed=64ms | Status=Completed
2026-04-27 14:50:28 | WRN | The query uses the 'First'/'FirstOrDefault' operator without 'OrderBy' and filter operators. This may lead to unpredictable results.
2026-04-27 14:50:28 | INF | CONTROLLER_EXEC | Acc= admin | IP=::1 | Path=ADS999999/UpdateSystemInfo | Message=POST /ADS999999/UpdateSystemInfo
2026-04-27 14:50:28 | INF | ACTION_TRACE | Acc=admin | Path=/ADS999999/UpdateSystemInfo | IP=::1 | Start=2026-04-27 14:50:28.573 | Elapsed=353ms | Status=Completed
2026-04-27 14:50:37 | INF | ACTION_TRACE | Acc=admin | Path=/AdminPortal/Home/Index | IP=::1 | Start=2026-04-27 14:50:37.687 | Elapsed=5ms | Status=Completed
2026-04-27 15:02:11 | WRN | No store type was specified for the decimal property 'OveMoney' on entity type 'HROvertime'. This will cause values to be silently truncated if they do not fit in the default precision and scale. Explicitly specify the SQL server column type that can accommodate all the values in 'OnModelCreating' using 'HasColumnType', specify precision and scale using 'HasPrecision', or configure a value converter using 'HasConversion'.
2026-04-27 15:02:11 | WRN | No store type was specified for the decimal property 'Wag1D1Hour' on entity type 'HRWage'. This will cause values to be silently truncated if they do not fit in the default precision and scale. Explicitly specify the SQL server column type that can accommodate all the values in 'OnModelCreating' using 'HasColumnType', specify precision and scale using 'HasPrecision', or configure a value converter using 'HasConversion'.
2026-04-27 15:02:11 | WRN | No store type was specified for the decimal property 'Wag2D1Hour' on entity type 'HRWage'. This will cause values to be silently truncated if they do not fit in the default precision and scale. Explicitly specify the SQL server column type that can accommodate all the values in 'OnModelCreating' using 'HasColumnType', specify precision and scale using 'HasPrecision', or configure a value converter using 'HasConversion'.
2026-04-27 15:02:11 | WRN | No store type was specified for the decimal property 'Wag4D3Hour' on entity type 'HRWage'. This will cause values to be silently truncated if they do not fit in the default precision and scale. Explicitly specify the SQL server column type that can accommodate all the values in 'OnModelCreating' using 'HasColumnType', specify precision and scale using 'HasPrecision', or configure a value converter using 'HasConversion'.
2026-04-27 15:02:11 | WRN | No store type was specified for the decimal property 'Wag5D3Hour' on entity type 'HRWage'. This will cause values to be silently truncated if they do not fit in the default precision and scale. Explicitly specify the SQL server column type that can accommodate all the values in 'OnModelCreating' using 'HasColumnType', specify precision and scale using 'HasPrecision', or configure a value converter using 'HasConversion'.
2026-04-27 15:02:11 | WRN | No store type was specified for the decimal property 'Wag8D3Hour' on entity type 'HRWage'. This will cause values to be silently truncated if they do not fit in the default precision and scale. Explicitly specify the SQL server column type that can accommodate all the values in 'OnModelCreating' using 'HasColumnType', specify precision and scale using 'HasPrecision', or configure a value converter using 'HasConversion'.
2026-04-27 15:02:11 | WRN | No store type was specified for the decimal property 'WagApplyHour' on entity type 'HRWage'. This will cause values to be silently truncated if they do not fit in the default precision and scale. Explicitly specify the SQL server column type that can accommodate all the values in 'OnModelCreating' using 'HasColumnType', specify precision and scale using 'HasPrecision', or configure a value converter using 'HasConversion'.
2026-04-27 15:02:11 | WRN | No store type was specified for the decimal property 'WagIssueHour' on entity type 'HRWage'. This will cause values to be silently truncated if they do not fit in the default precision and scale. Explicitly specify the SQL server column type that can accommodate all the values in 'OnModelCreating' using 'HasColumnType', specify precision and scale using 'HasPrecision', or configure a value converter using 'HasConversion'.
2026-04-27 15:02:11 | WRN | No store type was specified for the decimal property 'WagSubtotal' on entity type 'HRWage'. This will cause values to be silently truncated if they do not fit in the default precision and scale. Explicitly specify the SQL server column type that can accommodate all the values in 'OnModelCreating' using 'HasColumnType', specify precision and scale using 'HasPrecision', or configure a value converter using 'HasConversion'.
2026-04-27 15:02:16 | WRN | The query uses the 'First'/'FirstOrDefault' operator without 'OrderBy' and filter operators. This may lead to unpredictable results.
2026-04-27 15:02:17 | INF | ACTION_TRACE | Acc=admin | Path=/ | IP=::1 | Start=2026-04-27 15:02:10.794 | Elapsed=7079ms | Status=Completed
2026-04-27 15:02:17 | INF | NETWORK_UNSTABLE | Acc=admin | Path=/ | Reason=SlowRequest 7079ms
2026-04-27 15:02:18 | INF | ACTION_TRACE | Acc=admin | Path=/Captcha/Generate | IP=::1 | Start=2026-04-27 15:02:18.030 | Elapsed=41ms | Status=Completed
2026-04-27 15:02:18 | INF | ACTION_TRACE | Acc=admin | Path=/DNTCaptchaImage/Show | IP=::1 | Start=2026-04-27 15:02:18.082 | Elapsed=158ms | Status=Completed
2026-04-27 15:02:22 | INF | ACTION_TRACE | Acc=admin | Path=/AdminPortal/Account/Login | IP=::1 | Start=2026-04-27 15:02:22.577 | Elapsed=116ms | Status=Completed
2026-04-27 15:02:22 | INF | ACTION_TRACE | Acc=admin | Path=/Captcha/Generate | IP=::1 | Start=2026-04-27 15:02:22.772 | Elapsed=4ms | Status=Completed
2026-04-27 15:02:22 | INF | ACTION_TRACE | Acc=admin | Path=/DNTCaptchaImage/Show | IP=::1 | Start=2026-04-27 15:02:22.786 | Elapsed=14ms | Status=Completed
2026-04-27 15:02:28 | INF | ACTION_TRACE | Acc=admin | Path=/ | IP=::1 | Start=2026-04-27 15:02:26.157 | Elapsed=2396ms | Status=Completed
2026-04-27 15:02:29 | INF | ACTION_TRACE | Acc=admin | Path=/AdminPortal/Account/Login | IP=::1 | Start=2026-04-27 15:02:29.868 | Elapsed=1ms | Status=Completed
2026-04-27 15:02:30 | INF | ACTION_TRACE | Acc=admin | Path=/Captcha/Generate | IP=::1 | Start=2026-04-27 15:02:30.289 | Elapsed=1ms | Status=Completed
2026-04-27 15:02:30 | INF | ACTION_TRACE | Acc=admin | Path=/DNTCaptchaImage/Show | IP=::1 | Start=2026-04-27 15:02:30.378 | Elapsed=368ms | Status=Completed
2026-04-27 15:02:30 | INF | ACTION_TRACE | Acc=admin | Path=/ | IP=::1 | Start=2026-04-27 15:02:27.679 | Elapsed=3287ms | Status=Completed
2026-04-27 15:02:30 | INF | NETWORK_UNSTABLE | Acc=admin | Path=/ | Reason=SlowRequest 3287ms
2026-04-27 15:02:33 | INF | ACTION_TRACE | Acc=admin | Path=/ | IP=::1 | Start=2026-04-27 15:02:30.753 | Elapsed=2810ms | Status=Completed
2026-04-27 15:02:33 | INF | ACTION_TRACE | Acc=admin | Path=/Captcha/Generate | IP=::1 | Start=2026-04-27 15:02:33.650 | Elapsed=1ms | Status=Completed
2026-04-27 15:02:33 | INF | ACTION_TRACE | Acc=admin | Path=/DNTCaptchaImage/Show | IP=::1 | Start=2026-04-27 15:02:33.659 | Elapsed=46ms | Status=Completed
2026-04-27 15:02:41 | INF | ACTION_TRACE | Acc=admin | Path=/AdminPortal/Account/Login | IP=::1 | Start=2026-04-27 15:02:41.406 | Elapsed=1ms | Status=Completed
2026-04-27 15:02:41 | INF | ACTION_TRACE | Acc=admin | Path=/Captcha/Generate | IP=::1 | Start=2026-04-27 15:02:41.479 | Elapsed=1ms | Status=Completed
2026-04-27 15:02:41 | INF | ACTION_TRACE | Acc=admin | Path=/DNTCaptchaImage/Show | IP=::1 | Start=2026-04-27 15:02:41.488 | Elapsed=17ms | Status=Completed
2026-04-27 15:07:54 | WRN | No store type was specified for the decimal property 'OveMoney' on entity type 'HROvertime'. This will cause values to be silently truncated if they do not fit in the default precision and scale. Explicitly specify the SQL server column type that can accommodate all the values in 'OnModelCreating' using 'HasColumnType', specify precision and scale using 'HasPrecision', or configure a value converter using 'HasConversion'.
2026-04-27 15:07:54 | WRN | No store type was specified for the decimal property 'Wag1D1Hour' on entity type 'HRWage'. This will cause values to be silently truncated if they do not fit in the default precision and scale. Explicitly specify the SQL server column type that can accommodate all the values in 'OnModelCreating' using 'HasColumnType', specify precision and scale using 'HasPrecision', or configure a value converter using 'HasConversion'.
2026-04-27 15:07:54 | WRN | No store type was specified for the decimal property 'Wag2D1Hour' on entity type 'HRWage'. This will cause values to be silently truncated if they do not fit in the default precision and scale. Explicitly specify the SQL server column type that can accommodate all the values in 'OnModelCreating' using 'HasColumnType', specify precision and scale using 'HasPrecision', or configure a value converter using 'HasConversion'.
2026-04-27 15:07:54 | WRN | No store type was specified for the decimal property 'Wag4D3Hour' on entity type 'HRWage'. This will cause values to be silently truncated if they do not fit in the default precision and scale. Explicitly specify the SQL server column type that can accommodate all the values in 'OnModelCreating' using 'HasColumnType', specify precision and scale using 'HasPrecision', or configure a value converter using 'HasConversion'.
2026-04-27 15:07:54 | WRN | No store type was specified for the decimal property 'Wag5D3Hour' on entity type 'HRWage'. This will cause values to be silently truncated if they do not fit in the default precision and scale. Explicitly specify the SQL server column type that can accommodate all the values in 'OnModelCreating' using 'HasColumnType', specify precision and scale using 'HasPrecision', or configure a value converter using 'HasConversion'.
2026-04-27 15:07:54 | WRN | No store type was specified for the decimal property 'Wag8D3Hour' on entity type 'HRWage'. This will cause values to be silently truncated if they do not fit in the default precision and scale. Explicitly specify the SQL server column type that can accommodate all the values in 'OnModelCreating' using 'HasColumnType', specify precision and scale using 'HasPrecision', or configure a value converter using 'HasConversion'.
2026-04-27 15:07:54 | WRN | No store type was specified for the decimal property 'WagApplyHour' on entity type 'HRWage'. This will cause values to be silently truncated if they do not fit in the default precision and scale. Explicitly specify the SQL server column type that can accommodate all the values in 'OnModelCreating' using 'HasColumnType', specify precision and scale using 'HasPrecision', or configure a value converter using 'HasConversion'.
2026-04-27 15:07:54 | WRN | No store type was specified for the decimal property 'WagIssueHour' on entity type 'HRWage'. This will cause values to be silently truncated if they do not fit in the default precision and scale. Explicitly specify the SQL server column type that can accommodate all the values in 'OnModelCreating' using 'HasColumnType', specify precision and scale using 'HasPrecision', or configure a value converter using 'HasConversion'.
2026-04-27 15:07:54 | WRN | No store type was specified for the decimal property 'WagSubtotal' on entity type 'HRWage'. This will cause values to be silently truncated if they do not fit in the default precision and scale. Explicitly specify the SQL server column type that can accommodate all the values in 'OnModelCreating' using 'HasColumnType', specify precision and scale using 'HasPrecision', or configure a value converter using 'HasConversion'.
2026-04-27 15:07:59 | WRN | The query uses the 'First'/'FirstOrDefault' operator without 'OrderBy' and filter operators. This may lead to unpredictable results.
2026-04-27 15:08:00 | INF | ACTION_TRACE | Acc=admin | Path=/ | IP=::1 | Start=2026-04-27 15:07:53.274 | Elapsed=7114ms | Status=Completed
2026-04-27 15:08:00 | INF | NETWORK_UNSTABLE | Acc=admin | Path=/ | Reason=SlowRequest 7114ms
2026-04-27 15:08:00 | INF | ACTION_TRACE | Acc=admin | Path=/Captcha/Generate | IP=::1 | Start=2026-04-27 15:08:00.604 | Elapsed=43ms | Status=Completed
2026-04-27 15:08:00 | INF | ACTION_TRACE | Acc=admin | Path=/DNTCaptchaImage/Show | IP=::1 | Start=2026-04-27 15:08:00.677 | Elapsed=146ms | Status=Completed
2026-04-27 15:09:25 | WRN | No store type was specified for the decimal property 'OveMoney' on entity type 'HROvertime'. This will cause values to be silently truncated if they do not fit in the default precision and scale. Explicitly specify the SQL server column type that can accommodate all the values in 'OnModelCreating' using 'HasColumnType', specify precision and scale using 'HasPrecision', or configure a value converter using 'HasConversion'.
2026-04-27 15:09:25 | WRN | No store type was specified for the decimal property 'Wag1D1Hour' on entity type 'HRWage'. This will cause values to be silently truncated if they do not fit in the default precision and scale. Explicitly specify the SQL server column type that can accommodate all the values in 'OnModelCreating' using 'HasColumnType', specify precision and scale using 'HasPrecision', or configure a value converter using 'HasConversion'.
2026-04-27 15:09:25 | WRN | No store type was specified for the decimal property 'Wag2D1Hour' on entity type 'HRWage'. This will cause values to be silently truncated if they do not fit in the default precision and scale. Explicitly specify the SQL server column type that can accommodate all the values in 'OnModelCreating' using 'HasColumnType', specify precision and scale using 'HasPrecision', or configure a value converter using 'HasConversion'.
2026-04-27 15:09:25 | WRN | No store type was specified for the decimal property 'Wag4D3Hour' on entity type 'HRWage'. This will cause values to be silently truncated if they do not fit in the default precision and scale. Explicitly specify the SQL server column type that can accommodate all the values in 'OnModelCreating' using 'HasColumnType', specify precision and scale using 'HasPrecision', or configure a value converter using 'HasConversion'.
2026-04-27 15:09:25 | WRN | No store type was specified for the decimal property 'Wag5D3Hour' on entity type 'HRWage'. This will cause values to be silently truncated if they do not fit in the default precision and scale. Explicitly specify the SQL server column type that can accommodate all the values in 'OnModelCreating' using 'HasColumnType', specify precision and scale using 'HasPrecision', or configure a value converter using 'HasConversion'.
2026-04-27 15:09:25 | WRN | No store type was specified for the decimal property 'Wag8D3Hour' on entity type 'HRWage'. This will cause values to be silently truncated if they do not fit in the default precision and scale. Explicitly specify the SQL server column type that can accommodate all the values in 'OnModelCreating' using 'HasColumnType', specify precision and scale using 'HasPrecision', or configure a value converter using 'HasConversion'.
2026-04-27 15:09:25 | WRN | No store type was specified for the decimal property 'WagApplyHour' on entity type 'HRWage'. This will cause values to be silently truncated if they do not fit in the default precision and scale. Explicitly specify the SQL server column type that can accommodate all the values in 'OnModelCreating' using 'HasColumnType', specify precision and scale using 'HasPrecision', or configure a value converter using 'HasConversion'.
2026-04-27 15:09:25 | WRN | No store type was specified for the decimal property 'WagIssueHour' on entity type 'HRWage'. This will cause values to be silently truncated if they do not fit in the default precision and scale. Explicitly specify the SQL server column type that can accommodate all the values in 'OnModelCreating' using 'HasColumnType', specify precision and scale using 'HasPrecision', or configure a value converter using 'HasConversion'.
2026-04-27 15:09:25 | WRN | No store type was specified for the decimal property 'WagSubtotal' on entity type 'HRWage'. This will cause values to be silently truncated if they do not fit in the default precision and scale. Explicitly specify the SQL server column type that can accommodate all the values in 'OnModelCreating' using 'HasColumnType', specify precision and scale using 'HasPrecision', or configure a value converter using 'HasConversion'.
2026-04-27 15:09:30 | WRN | The query uses the 'First'/'FirstOrDefault' operator without 'OrderBy' and filter operators. This may lead to unpredictable results.
2026-04-27 15:09:31 | INF | ACTION_TRACE | Acc=admin | Path=/ | IP=::1 | Start=2026-04-27 15:09:24.248 | Elapsed=7156ms | Status=Completed
2026-04-27 15:09:31 | INF | NETWORK_UNSTABLE | Acc=admin | Path=/ | Reason=SlowRequest 7156ms
2026-04-27 15:09:31 | INF | ACTION_TRACE | Acc=admin | Path=/Captcha/Generate | IP=::1 | Start=2026-04-27 15:09:31.566 | Elapsed=39ms | Status=Completed
2026-04-27 15:09:31 | INF | ACTION_TRACE | Acc=admin | Path=/DNTCaptchaImage/Show | IP=::1 | Start=2026-04-27 15:09:31.629 | Elapsed=115ms | Status=Completed
2026-04-27 15:09:46 | INF | ACTION_TRACE | Acc=admin | Path=/AdminPortal/Account/Login | IP=::1 | Start=2026-04-27 15:09:46.488 | Elapsed=107ms | Status=Completed
2026-04-27 15:09:46 | INF | ACTION_TRACE | Acc=admin | Path=/Captcha/Generate | IP=::1 | Start=2026-04-27 15:09:46.681 | Elapsed=6ms | Status=Completed
2026-04-27 15:09:46 | INF | ACTION_TRACE | Acc=admin | Path=/DNTCaptchaImage/Show | IP=::1 | Start=2026-04-27 15:09:46.694 | Elapsed=14ms | Status=Completed
2026-04-27 15:09:57 | INF | ACTION_TRACE | Acc=admin | Path=/AdminPortal/Account/Login | IP=::1 | Start=2026-04-27 15:09:49.596 | Elapsed=7460ms | Status=Completed
2026-04-27 15:09:57 | INF | NETWORK_UNSTABLE | Acc=admin | Path=/AdminPortal/Account/Login | Reason=SlowRequest 7460ms
2026-04-27 15:09:57 | INF | ACTION_TRACE | Acc=admin | Path=/AdminPortal/Home/Index | IP=::1 | Start=2026-04-27 15:09:57.071 | Elapsed=290ms | Status=Completed
2026-04-27 15:10:04 | WRN | The query uses the 'First'/'FirstOrDefault' operator without 'OrderBy' and filter operators. This may lead to unpredictable results.
2026-04-27 15:10:04 | INF | CONTROLLER_EXEC | Acc= admin | IP=::1 | Path=ADS999999/ADS999999 | Message=GET /ADS999999/ADS999999
2026-04-27 15:10:04 | INF | ACTION_TRACE | Acc=admin | Path=/ADS999999/ADS999999 | IP=::1 | Start=2026-04-27 15:10:04.376 | Elapsed=70ms | Status=Completed
2026-04-27 15:10:08 | INF | ACTION_TRACE | Acc=admin | Path=/AdminPortal/Account/Login | IP=::1 | Start=2026-04-27 15:10:08.885 | Elapsed=2ms | Status=Completed
2026-04-27 15:10:08 | INF | ACTION_TRACE | Acc=admin | Path=/Captcha/Generate | IP=::1 | Start=2026-04-27 15:10:08.954 | Elapsed=1ms | Status=Completed
2026-04-27 15:10:08 | INF | ACTION_TRACE | Acc=admin | Path=/DNTCaptchaImage/Show | IP=::1 | Start=2026-04-27 15:10:08.964 | Elapsed=14ms | Status=Completed
2026-04-27 15:10:11 | INF | ACTION_TRACE | Acc=admin | Path=/ | IP=::1 | Start=2026-04-27 15:10:10.298 | Elapsed=905ms | Status=Completed
2026-04-27 15:10:11 | INF | ACTION_TRACE | Acc=admin | Path=/Captcha/Generate | IP=::1 | Start=2026-04-27 15:10:11.279 | Elapsed=3ms | Status=Completed
2026-04-27 15:10:11 | INF | ACTION_TRACE | Acc=admin | Path=/DNTCaptchaImage/Show | IP=::1 | Start=2026-04-27 15:10:11.297 | Elapsed=41ms | Status=Completed
2026-04-27 15:10:11 | INF | ACTION_TRACE | Acc=admin | Path=/.well-known/appspecific/com.chrome.devtools.json | IP=::1 | Start=2026-04-27 15:10:11.842 | Elapsed=0ms | Status=Completed
2026-04-27 15:15:20 | WRN | No store type was specified for the decimal property 'OveMoney' on entity type 'HROvertime'. This will cause values to be silently truncated if they do not fit in the default precision and scale. Explicitly specify the SQL server column type that can accommodate all the values in 'OnModelCreating' using 'HasColumnType', specify precision and scale using 'HasPrecision', or configure a value converter using 'HasConversion'.
2026-04-27 15:15:20 | WRN | No store type was specified for the decimal property 'Wag1D1Hour' on entity type 'HRWage'. This will cause values to be silently truncated if they do not fit in the default precision and scale. Explicitly specify the SQL server column type that can accommodate all the values in 'OnModelCreating' using 'HasColumnType', specify precision and scale using 'HasPrecision', or configure a value converter using 'HasConversion'.
2026-04-27 15:15:20 | WRN | No store type was specified for the decimal property 'Wag2D1Hour' on entity type 'HRWage'. This will cause values to be silently truncated if they do not fit in the default precision and scale. Explicitly specify the SQL server column type that can accommodate all the values in 'OnModelCreating' using 'HasColumnType', specify precision and scale using 'HasPrecision', or configure a value converter using 'HasConversion'.
2026-04-27 15:15:20 | WRN | No store type was specified for the decimal property 'Wag4D3Hour' on entity type 'HRWage'. This will cause values to be silently truncated if they do not fit in the default precision and scale. Explicitly specify the SQL server column type that can accommodate all the values in 'OnModelCreating' using 'HasColumnType', specify precision and scale using 'HasPrecision', or configure a value converter using 'HasConversion'.
2026-04-27 15:15:20 | WRN | No store type was specified for the decimal property 'Wag5D3Hour' on entity type 'HRWage'. This will cause values to be silently truncated if they do not fit in the default precision and scale. Explicitly specify the SQL server column type that can accommodate all the values in 'OnModelCreating' using 'HasColumnType', specify precision and scale using 'HasPrecision', or configure a value converter using 'HasConversion'.
2026-04-27 15:15:20 | WRN | No store type was specified for the decimal property 'Wag8D3Hour' on entity type 'HRWage'. This will cause values to be silently truncated if they do not fit in the default precision and scale. Explicitly specify the SQL server column type that can accommodate all the values in 'OnModelCreating' using 'HasColumnType', specify precision and scale using 'HasPrecision', or configure a value converter using 'HasConversion'.
2026-04-27 15:15:20 | WRN | No store type was specified for the decimal property 'WagApplyHour' on entity type 'HRWage'. This will cause values to be silently truncated if they do not fit in the default precision and scale. Explicitly specify the SQL server column type that can accommodate all the values in 'OnModelCreating' using 'HasColumnType', specify precision and scale using 'HasPrecision', or configure a value converter using 'HasConversion'.
2026-04-27 15:15:20 | WRN | No store type was specified for the decimal property 'WagIssueHour' on entity type 'HRWage'. This will cause values to be silently truncated if they do not fit in the default precision and scale. Explicitly specify the SQL server column type that can accommodate all the values in 'OnModelCreating' using 'HasColumnType', specify precision and scale using 'HasPrecision', or configure a value converter using 'HasConversion'.
2026-04-27 15:15:20 | WRN | No store type was specified for the decimal property 'WagSubtotal' on entity type 'HRWage'. This will cause values to be silently truncated if they do not fit in the default precision and scale. Explicitly specify the SQL server column type that can accommodate all the values in 'OnModelCreating' using 'HasColumnType', specify precision and scale using 'HasPrecision', or configure a value converter using 'HasConversion'.
2026-04-27 15:15:25 | WRN | The query uses the 'First'/'FirstOrDefault' operator without 'OrderBy' and filter operators. This may lead to unpredictable results.
2026-04-27 15:15:26 | INF | ACTION_TRACE | Acc=admin | Path=/ | IP=::1 | Start=2026-04-27 15:15:19.484 | Elapsed=7093ms | Status=Completed
2026-04-27 15:15:26 | INF | NETWORK_UNSTABLE | Acc=admin | Path=/ | Reason=SlowRequest 7093ms
2026-04-27 15:15:27 | INF | ACTION_TRACE | Acc=admin | Path=/Captcha/Generate | IP=::1 | Start=2026-04-27 15:15:27.179 | Elapsed=48ms | Status=Completed
2026-04-27 15:15:27 | INF | ACTION_TRACE | Acc=admin | Path=/DNTCaptchaImage/Show | IP=::1 | Start=2026-04-27 15:15:27.260 | Elapsed=141ms | Status=Completed
2026-04-27 15:29:48 | WRN | No store type was specified for the decimal property 'OveMoney' on entity type 'HROvertime'. This will cause values to be silently truncated if they do not fit in the default precision and scale. Explicitly specify the SQL server column type that can accommodate all the values in 'OnModelCreating' using 'HasColumnType', specify precision and scale using 'HasPrecision', or configure a value converter using 'HasConversion'.
2026-04-27 15:29:48 | WRN | No store type was specified for the decimal property 'Wag1D1Hour' on entity type 'HRWage'. This will cause values to be silently truncated if they do not fit in the default precision and scale. Explicitly specify the SQL server column type that can accommodate all the values in 'OnModelCreating' using 'HasColumnType', specify precision and scale using 'HasPrecision', or configure a value converter using 'HasConversion'.
2026-04-27 15:29:48 | WRN | No store type was specified for the decimal property 'Wag2D1Hour' on entity type 'HRWage'. This will cause values to be silently truncated if they do not fit in the default precision and scale. Explicitly specify the SQL server column type that can accommodate all the values in 'OnModelCreating' using 'HasColumnType', specify precision and scale using 'HasPrecision', or configure a value converter using 'HasConversion'.
2026-04-27 15:29:48 | WRN | No store type was specified for the decimal property 'Wag4D3Hour' on entity type 'HRWage'. This will cause values to be silently truncated if they do not fit in the default precision and scale. Explicitly specify the SQL server column type that can accommodate all the values in 'OnModelCreating' using 'HasColumnType', specify precision and scale using 'HasPrecision', or configure a value converter using 'HasConversion'.
2026-04-27 15:29:48 | WRN | No store type was specified for the decimal property 'Wag5D3Hour' on entity type 'HRWage'. This will cause values to be silently truncated if they do not fit in the default precision and scale. Explicitly specify the SQL server column type that can accommodate all the values in 'OnModelCreating' using 'HasColumnType', specify precision and scale using 'HasPrecision', or configure a value converter using 'HasConversion'.
2026-04-27 15:29:48 | WRN | No store type was specified for the decimal property 'Wag8D3Hour' on entity type 'HRWage'. This will cause values to be silently truncated if they do not fit in the default precision and scale. Explicitly specify the SQL server column type that can accommodate all the values in 'OnModelCreating' using 'HasColumnType', specify precision and scale using 'HasPrecision', or configure a value converter using 'HasConversion'.
2026-04-27 15:29:48 | WRN | No store type was specified for the decimal property 'WagApplyHour' on entity type 'HRWage'. This will cause values to be silently truncated if they do not fit in the default precision and scale. Explicitly specify the SQL server column type that can accommodate all the values in 'OnModelCreating' using 'HasColumnType', specify precision and scale using 'HasPrecision', or configure a value converter using 'HasConversion'.
2026-04-27 15:29:48 | WRN | No store type was specified for the decimal property 'WagIssueHour' on entity type 'HRWage'. This will cause values to be silently truncated if they do not fit in the default precision and scale. Explicitly specify the SQL server column type that can accommodate all the values in 'OnModelCreating' using 'HasColumnType', specify precision and scale using 'HasPrecision', or configure a value converter using 'HasConversion'.
2026-04-27 15:29:48 | WRN | No store type was specified for the decimal property 'WagSubtotal' on entity type 'HRWage'. This will cause values to be silently truncated if they do not fit in the default precision and scale. Explicitly specify the SQL server column type that can accommodate all the values in 'OnModelCreating' using 'HasColumnType', specify precision and scale using 'HasPrecision', or configure a value converter using 'HasConversion'.
2026-04-27 15:29:54 | WRN | The query uses the 'First'/'FirstOrDefault' operator without 'OrderBy' and filter operators. This may lead to unpredictable results.
2026-04-27 15:29:55 | INF | ACTION_TRACE | Acc=admin | Path=/ | IP=::1 | Start=2026-04-27 15:29:48.069 | Elapsed=6976ms | Status=Completed
2026-04-27 15:29:55 | INF | NETWORK_UNSTABLE | Acc=admin | Path=/ | Reason=SlowRequest 6976ms
2026-04-27 15:29:55 | INF | ACTION_TRACE | Acc=admin | Path=/.well-known/appspecific/com.chrome.devtools.json | IP=::1 | Start=2026-04-27 15:29:55.113 | Elapsed=0ms | Status=Completed
2026-04-27 15:29:55 | INF | ACTION_TRACE | Acc=admin | Path=/Captcha/Generate | IP=::1 | Start=2026-04-27 15:29:55.360 | Elapsed=54ms | Status=Completed
2026-04-27 15:29:55 | INF | ACTION_TRACE | Acc=admin | Path=/DNTCaptchaImage/Show | IP=::1 | Start=2026-04-27 15:29:55.427 | Elapsed=165ms | Status=Completed
2026-04-27 15:30:39 | INF | ACTION_TRACE | Acc=admin | Path=/ | IP=::1 | Start=2026-04-27 15:30:36.334 | Elapsed=2935ms | Status=Completed
2026-04-27 15:30:39 | INF | ACTION_TRACE | Acc=admin | Path=/.well-known/appspecific/com.chrome.devtools.json | IP=::1 | Start=2026-04-27 15:30:39.431 | Elapsed=0ms | Status=Completed
2026-04-27 15:30:39 | INF | ACTION_TRACE | Acc=admin | Path=/Captcha/Generate | IP=::1 | Start=2026-04-27 15:30:39.674 | Elapsed=2ms | Status=Completed
2026-04-27 15:30:39 | INF | ACTION_TRACE | Acc=admin | Path=/DNTCaptchaImage/Show | IP=::1 | Start=2026-04-27 15:30:39.713 | Elapsed=18ms | Status=Completed
2026-04-27 15:33:20 | WRN | No store type was specified for the decimal property 'OveMoney' on entity type 'HROvertime'. This will cause values to be silently truncated if they do not fit in the default precision and scale. Explicitly specify the SQL server column type that can accommodate all the values in 'OnModelCreating' using 'HasColumnType', specify precision and scale using 'HasPrecision', or configure a value converter using 'HasConversion'.
2026-04-27 15:33:20 | WRN | No store type was specified for the decimal property 'Wag1D1Hour' on entity type 'HRWage'. This will cause values to be silently truncated if they do not fit in the default precision and scale. Explicitly specify the SQL server column type that can accommodate all the values in 'OnModelCreating' using 'HasColumnType', specify precision and scale using 'HasPrecision', or configure a value converter using 'HasConversion'.
2026-04-27 15:33:20 | WRN | No store type was specified for the decimal property 'Wag2D1Hour' on entity type 'HRWage'. This will cause values to be silently truncated if they do not fit in the default precision and scale. Explicitly specify the SQL server column type that can accommodate all the values in 'OnModelCreating' using 'HasColumnType', specify precision and scale using 'HasPrecision', or configure a value converter using 'HasConversion'.
2026-04-27 15:33:20 | WRN | No store type was specified for the decimal property 'Wag4D3Hour' on entity type 'HRWage'. This will cause values to be silently truncated if they do not fit in the default precision and scale. Explicitly specify the SQL server column type that can accommodate all the values in 'OnModelCreating' using 'HasColumnType', specify precision and scale using 'HasPrecision', or configure a value converter using 'HasConversion'.
2026-04-27 15:33:20 | WRN | No store type was specified for the decimal property 'Wag5D3Hour' on entity type 'HRWage'. This will cause values to be silently truncated if they do not fit in the default precision and scale. Explicitly specify the SQL server column type that can accommodate all the values in 'OnModelCreating' using 'HasColumnType', specify precision and scale using 'HasPrecision', or configure a value converter using 'HasConversion'.
2026-04-27 15:33:20 | WRN | No store type was specified for the decimal property 'Wag8D3Hour' on entity type 'HRWage'. This will cause values to be silently truncated if they do not fit in the default precision and scale. Explicitly specify the SQL server column type that can accommodate all the values in 'OnModelCreating' using 'HasColumnType', specify precision and scale using 'HasPrecision', or configure a value converter using 'HasConversion'.
2026-04-27 15:33:20 | WRN | No store type was specified for the decimal property 'WagApplyHour' on entity type 'HRWage'. This will cause values to be silently truncated if they do not fit in the default precision and scale. Explicitly specify the SQL server column type that can accommodate all the values in 'OnModelCreating' using 'HasColumnType', specify precision and scale using 'HasPrecision', or configure a value converter using 'HasConversion'.
2026-04-27 15:33:20 | WRN | No store type was specified for the decimal property 'WagIssueHour' on entity type 'HRWage'. This will cause values to be silently truncated if they do not fit in the default precision and scale. Explicitly specify the SQL server column type that can accommodate all the values in 'OnModelCreating' using 'HasColumnType', specify precision and scale using 'HasPrecision', or configure a value converter using 'HasConversion'.
2026-04-27 15:33:20 | WRN | No store type was specified for the decimal property 'WagSubtotal' on entity type 'HRWage'. This will cause values to be silently truncated if they do not fit in the default precision and scale. Explicitly specify the SQL server column type that can accommodate all the values in 'OnModelCreating' using 'HasColumnType', specify precision and scale using 'HasPrecision', or configure a value converter using 'HasConversion'.
2026-04-27 15:33:25 | WRN | The query uses the 'First'/'FirstOrDefault' operator without 'OrderBy' and filter operators. This may lead to unpredictable results.
2026-04-27 15:33:26 | INF | ACTION_TRACE | Acc=admin | Path=/ | IP=::1 | Start=2026-04-27 15:33:19.844 | Elapsed=6989ms | Status=Completed
2026-04-27 15:33:26 | INF | NETWORK_UNSTABLE | Acc=admin | Path=/ | Reason=SlowRequest 6989ms
2026-04-27 15:33:27 | INF | ACTION_TRACE | Acc=admin | Path=/Captcha/Generate | IP=::1 | Start=2026-04-27 15:33:27.017 | Elapsed=47ms | Status=Completed
2026-04-27 15:33:27 | INF | ACTION_TRACE | Acc=admin | Path=/DNTCaptchaImage/Show | IP=::1 | Start=2026-04-27 15:33:27.088 | Elapsed=122ms | Status=Completed
2026-04-27 15:34:17 | INF | ACTION_TRACE | Acc=admin | Path=/AdminPortal/Account/Login | IP=::1 | Start=2026-04-27 15:34:17.274 | Elapsed=120ms | Status=Completed
2026-04-27 15:34:17 | INF | ACTION_TRACE | Acc=admin | Path=/Captcha/Generate | IP=::1 | Start=2026-04-27 15:34:17.630 | Elapsed=4ms | Status=Completed
2026-04-27 15:34:17 | INF | ACTION_TRACE | Acc=admin | Path=/DNTCaptchaImage/Show | IP=::1 | Start=2026-04-27 15:34:17.643 | Elapsed=29ms | Status=Completed
2026-04-27 15:34:38 | INF | ACTION_TRACE | Acc=admin | Path=/AdminPortal/Account/Login | IP=::1 | Start=2026-04-27 15:34:31.501 | Elapsed=7321ms | Status=Completed
2026-04-27 15:34:38 | INF | NETWORK_UNSTABLE | Acc=admin | Path=/AdminPortal/Account/Login | Reason=SlowRequest 7321ms
2026-04-27 15:34:38 | INF | ACTION_TRACE | Acc=admin | Path=/AdminPortal/Home/Index | IP=::1 | Start=2026-04-27 15:34:38.837 | Elapsed=130ms | Status=Completed
2026-04-27 15:34:42 | WRN | The query uses the 'First'/'FirstOrDefault' operator without 'OrderBy' and filter operators. This may lead to unpredictable results.
2026-04-27 15:34:42 | INF | CONTROLLER_EXEC | Acc= admin | IP=::1 | Path=ADS999999/ADS999999 | Message=GET /ADS999999/ADS999999
2026-04-27 15:34:42 | INF | ACTION_TRACE | Acc=admin | Path=/ADS999999/ADS999999 | IP=::1 | Start=2026-04-27 15:34:42.880 | Elapsed=57ms | Status=Completed
2026-04-27 15:35:34 | INF | ACTION_TRACE | Acc=admin | Path=/AdminPortal/Home/Index | IP=::1 | Start=2026-04-27 15:35:34.847 | Elapsed=32ms | Status=Completed
2026-04-27 15:35:36 | INF | CONTROLLER_EXEC | Acc= admin | IP=::1 | Path=ADS999003/ADS999003 | Message=GET /ADS999003/ADS999003
2026-04-27 15:35:36 | INF | ACTION_TRACE | Acc=admin | Path=/ADS999003/ADS999003 | IP=::1 | Start=2026-04-27 15:35:36.576 | Elapsed=42ms | Status=Completed
2026-04-27 15:35:36 | INF | CONTROLLER_EXEC | Acc= admin | IP=::1 | Path=ADS999003/GetAllUserList | Message=POST /ADS999003/GetAllUserList
2026-04-27 15:35:36 | INF | ACTION_TRACE | Acc=admin | Path=/ADS999003/GetAllUserList | IP=::1 | Start=2026-04-27 15:35:36.673 | Elapsed=78ms | Status=Completed
2026-04-27 15:35:39 | INF | CONTROLLER_EXEC | Acc= admin | IP=::1 | Path=ADS999999/ADS999999 | Message=GET /ADS999999/ADS999999
2026-04-27 15:35:39 | INF | ACTION_TRACE | Acc=admin | Path=/ADS999999/ADS999999 | IP=::1 | Start=2026-04-27 15:35:39.707 | Elapsed=20ms | Status=Completed
2026-04-27 15:38:11 | INF | ACTION_TRACE | Acc=admin | Path=/AdminPortal/Home/Index | IP=::1 | Start=2026-04-27 15:38:11.181 | Elapsed=31ms | Status=Completed
2026-04-27 15:38:13 | INF | CONTROLLER_EXEC | Acc= admin | IP=::1 | Path=ADS999999/ADS999999 | Message=GET /ADS999999/ADS999999
2026-04-27 15:38:13 | INF | ACTION_TRACE | Acc=admin | Path=/ADS999999/ADS999999 | IP=::1 | Start=2026-04-27 15:38:13.727 | Elapsed=28ms | Status=Completed
2026-04-27 15:38:33 | INF | ACTION_TRACE | Acc=admin | Path=/AdminPortal/Home/Index | IP=::1 | Start=2026-04-27 15:38:33.344 | Elapsed=24ms | Status=Completed
2026-04-27 15:38:36 | INF | CONTROLLER_EXEC | Acc= admin | IP=::1 | Path=ADS999999/ADS999999 | Message=GET /ADS999999/ADS999999
2026-04-27 15:38:36 | INF | ACTION_TRACE | Acc=admin | Path=/ADS999999/ADS999999 | IP=::1 | Start=2026-04-27 15:38:36.243 | Elapsed=24ms | Status=Completed
2026-04-27 15:38:42 | INF | ACTION_TRACE | Acc=admin | Path=/AdminPortal/Home/Index | IP=::1 | Start=2026-04-27 15:38:42.517 | Elapsed=24ms | Status=Completed
2026-04-27 15:38:45 | INF | CONTROLLER_EXEC | Acc= admin | IP=::1 | Path=ADS999999/ADS999999 | Message=GET /ADS999999/ADS999999
2026-04-27 15:38:45 | INF | ACTION_TRACE | Acc=admin | Path=/ADS999999/ADS999999 | IP=::1 | Start=2026-04-27 15:38:45.519 | Elapsed=23ms | Status=Completed
2026-04-27 15:40:27 | INF | ACTION_TRACE | Acc=admin | Path=/AdminPortal/Home/Index | IP=::1 | Start=2026-04-27 15:40:27.845 | Elapsed=30ms | Status=Completed
2026-04-27 15:40:31 | INF | CONTROLLER_EXEC | Acc= admin | IP=::1 | Path=ADS999999/ADS999999 | Message=GET /ADS999999/ADS999999
2026-04-27 15:40:31 | INF | ACTION_TRACE | Acc=admin | Path=/ADS999999/ADS999999 | IP=::1 | Start=2026-04-27 15:40:31.386 | Elapsed=20ms | Status=Completed
2026-04-27 15:40:52 | INF | ACTION_TRACE | Acc=admin | Path=/AdminPortal/Home/Index | IP=::1 | Start=2026-04-27 15:40:52.536 | Elapsed=34ms | Status=Completed
2026-04-27 15:40:54 | INF | CONTROLLER_EXEC | Acc= admin | IP=::1 | Path=ADS999999/ADS999999 | Message=GET /ADS999999/ADS999999
2026-04-27 15:40:54 | INF | ACTION_TRACE | Acc=admin | Path=/ADS999999/ADS999999 | IP=::1 | Start=2026-04-27 15:40:54.888 | Elapsed=20ms | Status=Completed
2026-04-27 15:40:58 | INF | ACTION_TRACE | Acc=admin | Path=/AdminPortal/Home/Index | IP=::1 | Start=2026-04-27 15:40:58.826 | Elapsed=36ms | Status=Completed
2026-04-27 15:41:00 | INF | CONTROLLER_EXEC | Acc= admin | IP=::1 | Path=ADS999999/ADS999999 | Message=GET /ADS999999/ADS999999
2026-04-27 15:41:00 | INF | ACTION_TRACE | Acc=admin | Path=/ADS999999/ADS999999 | IP=::1 | Start=2026-04-27 15:41:00.734 | Elapsed=23ms | Status=Completed
2026-04-27 15:41:13 | INF | ACTION_TRACE | Acc=admin | Path=/AdminPortal/Home/Index | IP=::1 | Start=2026-04-27 15:41:13.513 | Elapsed=48ms | Status=Completed
2026-04-27 15:41:19 | INF | CONTROLLER_EXEC | Acc= admin | IP=::1 | Path=ADS999999/ADS999999 | Message=GET /ADS999999/ADS999999
2026-04-27 15:41:19 | INF | ACTION_TRACE | Acc=admin | Path=/ADS999999/ADS999999 | IP=::1 | Start=2026-04-27 15:41:19.735 | Elapsed=25ms | Status=Completed
2026-04-27 15:41:34 | INF | ACTION_TRACE | Acc=admin | Path=/AdminPortal/Home/Index | IP=::1 | Start=2026-04-27 15:41:34.418 | Elapsed=36ms | Status=Completed
2026-04-27 15:41:37 | INF | CONTROLLER_EXEC | Acc= admin | IP=::1 | Path=ADS999999/ADS999999 | Message=GET /ADS999999/ADS999999
2026-04-27 15:41:37 | INF | ACTION_TRACE | Acc=admin | Path=/ADS999999/ADS999999 | IP=::1 | Start=2026-04-27 15:41:37.088 | Elapsed=24ms | Status=Completed
2026-04-27 15:45:56 | WRN | No store type was specified for the decimal property 'OveMoney' on entity type 'HROvertime'. This will cause values to be silently truncated if they do not fit in the default precision and scale. Explicitly specify the SQL server column type that can accommodate all the values in 'OnModelCreating' using 'HasColumnType', specify precision and scale using 'HasPrecision', or configure a value converter using 'HasConversion'.
2026-04-27 15:45:56 | WRN | No store type was specified for the decimal property 'Wag1D1Hour' on entity type 'HRWage'. This will cause values to be silently truncated if they do not fit in the default precision and scale. Explicitly specify the SQL server column type that can accommodate all the values in 'OnModelCreating' using 'HasColumnType', specify precision and scale using 'HasPrecision', or configure a value converter using 'HasConversion'.
2026-04-27 15:45:56 | WRN | No store type was specified for the decimal property 'Wag2D1Hour' on entity type 'HRWage'. This will cause values to be silently truncated if they do not fit in the default precision and scale. Explicitly specify the SQL server column type that can accommodate all the values in 'OnModelCreating' using 'HasColumnType', specify precision and scale using 'HasPrecision', or configure a value converter using 'HasConversion'.
2026-04-27 15:45:56 | WRN | No store type was specified for the decimal property 'Wag4D3Hour' on entity type 'HRWage'. This will cause values to be silently truncated if they do not fit in the default precision and scale. Explicitly specify the SQL server column type that can accommodate all the values in 'OnModelCreating' using 'HasColumnType', specify precision and scale using 'HasPrecision', or configure a value converter using 'HasConversion'.
2026-04-27 15:45:56 | WRN | No store type was specified for the decimal property 'Wag5D3Hour' on entity type 'HRWage'. This will cause values to be silently truncated if they do not fit in the default precision and scale. Explicitly specify the SQL server column type that can accommodate all the values in 'OnModelCreating' using 'HasColumnType', specify precision and scale using 'HasPrecision', or configure a value converter using 'HasConversion'.
2026-04-27 15:45:56 | WRN | No store type was specified for the decimal property 'Wag8D3Hour' on entity type 'HRWage'. This will cause values to be silently truncated if they do not fit in the default precision and scale. Explicitly specify the SQL server column type that can accommodate all the values in 'OnModelCreating' using 'HasColumnType', specify precision and scale using 'HasPrecision', or configure a value converter using 'HasConversion'.
2026-04-27 15:45:56 | WRN | No store type was specified for the decimal property 'WagApplyHour' on entity type 'HRWage'. This will cause values to be silently truncated if they do not fit in the default precision and scale. Explicitly specify the SQL server column type that can accommodate all the values in 'OnModelCreating' using 'HasColumnType', specify precision and scale using 'HasPrecision', or configure a value converter using 'HasConversion'.
2026-04-27 15:45:56 | WRN | No store type was specified for the decimal property 'WagIssueHour' on entity type 'HRWage'. This will cause values to be silently truncated if they do not fit in the default precision and scale. Explicitly specify the SQL server column type that can accommodate all the values in 'OnModelCreating' using 'HasColumnType', specify precision and scale using 'HasPrecision', or configure a value converter using 'HasConversion'.
2026-04-27 15:45:56 | WRN | No store type was specified for the decimal property 'WagSubtotal' on entity type 'HRWage'. This will cause values to be silently truncated if they do not fit in the default precision and scale. Explicitly specify the SQL server column type that can accommodate all the values in 'OnModelCreating' using 'HasColumnType', specify precision and scale using 'HasPrecision', or configure a value converter using 'HasConversion'.
2026-04-27 15:46:02 | WRN | The query uses the 'First'/'FirstOrDefault' operator without 'OrderBy' and filter operators. This may lead to unpredictable results.
2026-04-27 15:46:03 | INF | ACTION_TRACE | Acc=admin | Path=/ | IP=::1 | Start=2026-04-27 15:45:55.787 | Elapsed=7303ms | Status=Completed
2026-04-27 15:46:03 | INF | NETWORK_UNSTABLE | Acc=admin | Path=/ | Reason=SlowRequest 7303ms
2026-04-27 15:46:03 | INF | ACTION_TRACE | Acc=admin | Path=/Captcha/Generate | IP=::1 | Start=2026-04-27 15:46:03.269 | Elapsed=59ms | Status=Completed
2026-04-27 15:46:03 | INF | ACTION_TRACE | Acc=admin | Path=/DNTCaptchaImage/Show | IP=::1 | Start=2026-04-27 15:46:03.343 | Elapsed=139ms | Status=Completed
2026-04-27 15:46:07 | INF | ACTION_TRACE | Acc=admin | Path=/AdminPortal/Account/Login | IP=::1 | Start=2026-04-27 15:46:07.359 | Elapsed=112ms | Status=Completed
2026-04-27 15:46:07 | INF | ACTION_TRACE | Acc=admin | Path=/Captcha/Generate | IP=::1 | Start=2026-04-27 15:46:07.667 | Elapsed=4ms | Status=Completed
2026-04-27 15:46:07 | INF | ACTION_TRACE | Acc=admin | Path=/DNTCaptchaImage/Show | IP=::1 | Start=2026-04-27 15:46:07.680 | Elapsed=22ms | Status=Completed
2026-04-27 15:46:17 | INF | ACTION_TRACE | Acc=admin | Path=/AdminPortal/Account/Login | IP=::1 | Start=2026-04-27 15:46:10.284 | Elapsed=6885ms | Status=Completed
2026-04-27 15:46:17 | INF | NETWORK_UNSTABLE | Acc=admin | Path=/AdminPortal/Account/Login | Reason=SlowRequest 6885ms
2026-04-27 15:46:17 | INF | ACTION_TRACE | Acc=admin | Path=/AdminPortal/Home/Index | IP=::1 | Start=2026-04-27 15:46:17.183 | Elapsed=131ms | Status=Completed
2026-04-27 15:46:21 | WRN | The query uses the 'First'/'FirstOrDefault' operator without 'OrderBy' and filter operators. This may lead to unpredictable results.
2026-04-27 15:46:21 | INF | CONTROLLER_EXEC | Acc= admin | IP=::1 | Path=ADS999999/ADS999999 | Message=GET /ADS999999/ADS999999
2026-04-27 15:46:21 | INF | ACTION_TRACE | Acc=admin | Path=/ADS999999/ADS999999 | IP=::1 | Start=2026-04-27 15:46:21.593 | Elapsed=62ms | Status=Completed
2026-04-27 15:46:53 | INF | ACTION_TRACE | Acc=admin | Path=/AdminPortal/Home/Index | IP=::1 | Start=2026-04-27 15:46:53.270 | Elapsed=30ms | Status=Completed
2026-04-27 15:46:56 | INF | CONTROLLER_EXEC | Acc= admin | IP=::1 | Path=ADS999999/ADS999999 | Message=GET /ADS999999/ADS999999
2026-04-27 15:46:56 | INF | ACTION_TRACE | Acc=admin | Path=/ADS999999/ADS999999 | IP=::1 | Start=2026-04-27 15:46:56.683 | Elapsed=22ms | Status=Completed
2026-04-27 15:47:23 | INF | ACTION_TRACE | Acc=admin | Path=/AdminPortal/Home/Index | IP=::1 | Start=2026-04-27 15:47:23.516 | Elapsed=25ms | Status=Completed
2026-04-27 15:47:26 | INF | CONTROLLER_EXEC | Acc= admin | IP=::1 | Path=ADS999999/ADS999999 | Message=GET /ADS999999/ADS999999
2026-04-27 15:47:26 | INF | ACTION_TRACE | Acc=admin | Path=/ADS999999/ADS999999 | IP=::1 | Start=2026-04-27 15:47:26.810 | Elapsed=22ms | Status=Completed
2026-04-27 15:47:37 | INF | ACTION_TRACE | Acc=admin | Path=/AdminPortal/Home/Index | IP=::1 | Start=2026-04-27 15:47:37.821 | Elapsed=24ms | Status=Completed
2026-04-27 15:47:41 | INF | CONTROLLER_EXEC | Acc= admin | IP=::1 | Path=ADS999999/ADS999999 | Message=GET /ADS999999/ADS999999
2026-04-27 15:47:41 | INF | ACTION_TRACE | Acc=admin | Path=/ADS999999/ADS999999 | IP=::1 | Start=2026-04-27 15:47:41.269 | Elapsed=45ms | Status=Completed
2026-04-27 15:47:58 | INF | ACTION_TRACE | Acc=admin | Path=/AdminPortal/Home/Index | IP=::1 | Start=2026-04-27 15:47:58.339 | Elapsed=23ms | Status=Completed
2026-04-27 15:48:02 | INF | CONTROLLER_EXEC | Acc= admin | IP=::1 | Path=ADS999999/ADS999999 | Message=GET /ADS999999/ADS999999
2026-04-27 15:48:02 | INF | ACTION_TRACE | Acc=admin | Path=/ADS999999/ADS999999 | IP=::1 | Start=2026-04-27 15:48:02.677 | Elapsed=22ms | Status=Completed
2026-04-27 15:48:12 | INF | ACTION_TRACE | Acc=admin | Path=/AdminPortal/Home/Index | IP=::1 | Start=2026-04-27 15:48:11.989 | Elapsed=24ms | Status=Completed
2026-04-27 15:48:15 | INF | CONTROLLER_EXEC | Acc= admin | IP=::1 | Path=ADS999999/ADS999999 | Message=GET /ADS999999/ADS999999
2026-04-27 15:48:15 | INF | ACTION_TRACE | Acc=admin | Path=/ADS999999/ADS999999 | IP=::1 | Start=2026-04-27 15:48:15.803 | Elapsed=22ms | Status=Completed
2026-04-27 15:48:30 | INF | ACTION_TRACE | Acc=admin | Path=/AdminPortal/Home/Index | IP=::1 | Start=2026-04-27 15:48:30.414 | Elapsed=32ms | Status=Completed
2026-04-27 15:48:33 | INF | CONTROLLER_EXEC | Acc= admin | IP=::1 | Path=ADS999999/ADS999999 | Message=GET /ADS999999/ADS999999
2026-04-27 15:48:33 | INF | ACTION_TRACE | Acc=admin | Path=/ADS999999/ADS999999 | IP=::1 | Start=2026-04-27 15:48:33.415 | Elapsed=25ms | Status=Completed
2026-04-27 15:48:45 | INF | ACTION_TRACE | Acc=admin | Path=/AdminPortal/Home/Index | IP=::1 | Start=2026-04-27 15:48:45.213 | Elapsed=35ms | Status=Completed
2026-04-27 15:48:48 | INF | CONTROLLER_EXEC | Acc= admin | IP=::1 | Path=ADS999999/ADS999999 | Message=GET /ADS999999/ADS999999
2026-04-27 15:48:48 | INF | ACTION_TRACE | Acc=admin | Path=/ADS999999/ADS999999 | IP=::1 | Start=2026-04-27 15:48:48.210 | Elapsed=27ms | Status=Completed
2026-04-27 15:49:35 | INF | ACTION_TRACE | Acc=admin | Path=/AdminPortal/Home/Index | IP=::1 | Start=2026-04-27 15:49:35.133 | Elapsed=33ms | Status=Completed
2026-04-27 15:49:38 | INF | CONTROLLER_EXEC | Acc= admin | IP=::1 | Path=ADS999999/ADS999999 | Message=GET /ADS999999/ADS999999
2026-04-27 15:49:38 | INF | ACTION_TRACE | Acc=admin | Path=/ADS999999/ADS999999 | IP=::1 | Start=2026-04-27 15:49:38.579 | Elapsed=26ms | Status=Completed
2026-04-27 15:50:04 | INF | ACTION_TRACE | Acc=admin | Path=/AdminPortal/Home/Index | IP=::1 | Start=2026-04-27 15:50:03.900 | Elapsed=194ms | Status=Completed
2026-04-27 15:50:07 | INF | CONTROLLER_EXEC | Acc= admin | IP=::1 | Path=ADS999999/ADS999999 | Message=GET /ADS999999/ADS999999
2026-04-27 15:50:07 | INF | ACTION_TRACE | Acc=admin | Path=/ADS999999/ADS999999 | IP=::1 | Start=2026-04-27 15:50:07.323 | Elapsed=92ms | Status=Completed
2026-04-27 15:51:05 | INF | ACTION_TRACE | Acc=admin | Path=/AdminPortal/Home/Index | IP=::1 | Start=2026-04-27 15:51:05.696 | Elapsed=42ms | Status=Completed
2026-04-27 15:51:09 | INF | CONTROLLER_EXEC | Acc= admin | IP=::1 | Path=ADS999999/ADS999999 | Message=GET /ADS999999/ADS999999
2026-04-27 15:51:09 | INF | ACTION_TRACE | Acc=admin | Path=/ADS999999/ADS999999 | IP=::1 | Start=2026-04-27 15:51:09.877 | Elapsed=24ms | Status=Completed
2026-04-27 15:53:44 | WRN | No store type was specified for the decimal property 'OveMoney' on entity type 'HROvertime'. This will cause values to be silently truncated if they do not fit in the default precision and scale. Explicitly specify the SQL server column type that can accommodate all the values in 'OnModelCreating' using 'HasColumnType', specify precision and scale using 'HasPrecision', or configure a value converter using 'HasConversion'.
2026-04-27 15:53:44 | WRN | No store type was specified for the decimal property 'Wag1D1Hour' on entity type 'HRWage'. This will cause values to be silently truncated if they do not fit in the default precision and scale. Explicitly specify the SQL server column type that can accommodate all the values in 'OnModelCreating' using 'HasColumnType', specify precision and scale using 'HasPrecision', or configure a value converter using 'HasConversion'.
2026-04-27 15:53:44 | WRN | No store type was specified for the decimal property 'Wag2D1Hour' on entity type 'HRWage'. This will cause values to be silently truncated if they do not fit in the default precision and scale. Explicitly specify the SQL server column type that can accommodate all the values in 'OnModelCreating' using 'HasColumnType', specify precision and scale using 'HasPrecision', or configure a value converter using 'HasConversion'.
2026-04-27 15:53:44 | WRN | No store type was specified for the decimal property 'Wag4D3Hour' on entity type 'HRWage'. This will cause values to be silently truncated if they do not fit in the default precision and scale. Explicitly specify the SQL server column type that can accommodate all the values in 'OnModelCreating' using 'HasColumnType', specify precision and scale using 'HasPrecision', or configure a value converter using 'HasConversion'.
2026-04-27 15:53:44 | WRN | No store type was specified for the decimal property 'Wag5D3Hour' on entity type 'HRWage'. This will cause values to be silently truncated if they do not fit in the default precision and scale. Explicitly specify the SQL server column type that can accommodate all the values in 'OnModelCreating' using 'HasColumnType', specify precision and scale using 'HasPrecision', or configure a value converter using 'HasConversion'.
2026-04-27 15:53:44 | WRN | No store type was specified for the decimal property 'Wag8D3Hour' on entity type 'HRWage'. This will cause values to be silently truncated if they do not fit in the default precision and scale. Explicitly specify the SQL server column type that can accommodate all the values in 'OnModelCreating' using 'HasColumnType', specify precision and scale using 'HasPrecision', or configure a value converter using 'HasConversion'.
2026-04-27 15:53:44 | WRN | No store type was specified for the decimal property 'WagApplyHour' on entity type 'HRWage'. This will cause values to be silently truncated if they do not fit in the default precision and scale. Explicitly specify the SQL server column type that can accommodate all the values in 'OnModelCreating' using 'HasColumnType', specify precision and scale using 'HasPrecision', or configure a value converter using 'HasConversion'.
2026-04-27 15:53:44 | WRN | No store type was specified for the decimal property 'WagIssueHour' on entity type 'HRWage'. This will cause values to be silently truncated if they do not fit in the default precision and scale. Explicitly specify the SQL server column type that can accommodate all the values in 'OnModelCreating' using 'HasColumnType', specify precision and scale using 'HasPrecision', or configure a value converter using 'HasConversion'.
2026-04-27 15:53:44 | WRN | No store type was specified for the decimal property 'WagSubtotal' on entity type 'HRWage'. This will cause values to be silently truncated if they do not fit in the default precision and scale. Explicitly specify the SQL server column type that can accommodate all the values in 'OnModelCreating' using 'HasColumnType', specify precision and scale using 'HasPrecision', or configure a value converter using 'HasConversion'.
2026-04-27 15:53:49 | WRN | The query uses the 'First'/'FirstOrDefault' operator without 'OrderBy' and filter operators. This may lead to unpredictable results.
2026-04-27 15:53:50 | INF | ACTION_TRACE | Acc=admin | Path=/ | IP=::1 | Start=2026-04-27 15:53:43.964 | Elapsed=6878ms | Status=Completed
2026-04-27 15:53:50 | INF | NETWORK_UNSTABLE | Acc=admin | Path=/ | Reason=SlowRequest 6878ms
2026-04-27 15:53:51 | INF | ACTION_TRACE | Acc=admin | Path=/Captcha/Generate | IP=::1 | Start=2026-04-27 15:53:51.001 | Elapsed=40ms | Status=Completed
2026-04-27 15:53:51 | INF | ACTION_TRACE | Acc=admin | Path=/DNTCaptchaImage/Show | IP=::1 | Start=2026-04-27 15:53:51.065 | Elapsed=100ms | Status=Completed
2026-04-27 15:54:03 | INF | ACTION_TRACE | Acc=admin | Path=/Account/Login | IP=::1 | Start=2026-04-27 15:53:57.146 | Elapsed=6380ms | Status=Completed
2026-04-27 15:54:03 | INF | NETWORK_UNSTABLE | Acc=admin | Path=/Account/Login | Reason=SlowRequest 6380ms
2026-04-27 15:54:03 | INF | ACTION_TRACE | Acc=admin | Path=/Home/Index | IP=::1 | Start=2026-04-27 15:54:03.542 | Elapsed=259ms | Status=Completed
2026-04-27 15:54:26 | INF | ACTION_TRACE | Acc=admin | Path=/Home/GetMenu | IP=::1 | Start=2026-04-27 15:54:26.457 | Elapsed=53ms | Status=Completed
2026-04-27 15:54:29 | INF | ACTION_TRACE | Acc=admin | Path=/Account/Logout | IP=::1 | Start=2026-04-27 15:54:29.961 | Elapsed=15ms | Status=Completed
2026-04-27 15:54:39 | INF | ACTION_TRACE | Acc=admin | Path=/Home/Index | IP=::1 | Start=2026-04-27 15:54:39.462 | Elapsed=17ms | Status=Completed
2026-04-27 15:55:06 | INF | ACTION_TRACE | Acc=admin | Path=/Account/Logout | IP=::1 | Start=2026-04-27 15:55:06.265 | Elapsed=3ms | Status=Completed
2026-04-27 15:55:16 | INF | ACTION_TRACE | Acc=admin | Path=/AdminPortal/Home/Index | IP=::1 | Start=2026-04-27 15:55:16.457 | Elapsed=85ms | Status=Completed
2026-04-27 15:55:25 | WRN | The query uses the 'First'/'FirstOrDefault' operator without 'OrderBy' and filter operators. This may lead to unpredictable results.
2026-04-27 15:55:25 | INF | CONTROLLER_EXEC | Acc= admin | IP=::1 | Path=ADS999999/ADS999999 | Message=GET /ADS999999/ADS999999
2026-04-27 15:55:25 | INF | ACTION_TRACE | Acc=admin | Path=/ADS999999/ADS999999 | IP=::1 | Start=2026-04-27 15:55:25.082 | Elapsed=59ms | Status=Completed
2026-04-27 15:55:37 | INF | ACTION_TRACE | Acc=admin | Path=/.well-known/appspecific/com.chrome.devtools.json | IP=::1 | Start=2026-04-27 15:55:37.616 | Elapsed=0ms | Status=Completed
2026-04-27 15:59:10 | WRN | No store type was specified for the decimal property 'OveMoney' on entity type 'HROvertime'. This will cause values to be silently truncated if they do not fit in the default precision and scale. Explicitly specify the SQL server column type that can accommodate all the values in 'OnModelCreating' using 'HasColumnType', specify precision and scale using 'HasPrecision', or configure a value converter using 'HasConversion'.
2026-04-27 15:59:10 | WRN | No store type was specified for the decimal property 'Wag1D1Hour' on entity type 'HRWage'. This will cause values to be silently truncated if they do not fit in the default precision and scale. Explicitly specify the SQL server column type that can accommodate all the values in 'OnModelCreating' using 'HasColumnType', specify precision and scale using 'HasPrecision', or configure a value converter using 'HasConversion'.
2026-04-27 15:59:10 | WRN | No store type was specified for the decimal property 'Wag2D1Hour' on entity type 'HRWage'. This will cause values to be silently truncated if they do not fit in the default precision and scale. Explicitly specify the SQL server column type that can accommodate all the values in 'OnModelCreating' using 'HasColumnType', specify precision and scale using 'HasPrecision', or configure a value converter using 'HasConversion'.
2026-04-27 15:59:10 | WRN | No store type was specified for the decimal property 'Wag4D3Hour' on entity type 'HRWage'. This will cause values to be silently truncated if they do not fit in the default precision and scale. Explicitly specify the SQL server column type that can accommodate all the values in 'OnModelCreating' using 'HasColumnType', specify precision and scale using 'HasPrecision', or configure a value converter using 'HasConversion'.
2026-04-27 15:59:10 | WRN | No store type was specified for the decimal property 'Wag5D3Hour' on entity type 'HRWage'. This will cause values to be silently truncated if they do not fit in the default precision and scale. Explicitly specify the SQL server column type that can accommodate all the values in 'OnModelCreating' using 'HasColumnType', specify precision and scale using 'HasPrecision', or configure a value converter using 'HasConversion'.
2026-04-27 15:59:10 | WRN | No store type was specified for the decimal property 'Wag8D3Hour' on entity type 'HRWage'. This will cause values to be silently truncated if they do not fit in the default precision and scale. Explicitly specify the SQL server column type that can accommodate all the values in 'OnModelCreating' using 'HasColumnType', specify precision and scale using 'HasPrecision', or configure a value converter using 'HasConversion'.
2026-04-27 15:59:10 | WRN | No store type was specified for the decimal property 'WagApplyHour' on entity type 'HRWage'. This will cause values to be silently truncated if they do not fit in the default precision and scale. Explicitly specify the SQL server column type that can accommodate all the values in 'OnModelCreating' using 'HasColumnType', specify precision and scale using 'HasPrecision', or configure a value converter using 'HasConversion'.
2026-04-27 15:59:10 | WRN | No store type was specified for the decimal property 'WagIssueHour' on entity type 'HRWage'. This will cause values to be silently truncated if they do not fit in the default precision and scale. Explicitly specify the SQL server column type that can accommodate all the values in 'OnModelCreating' using 'HasColumnType', specify precision and scale using 'HasPrecision', or configure a value converter using 'HasConversion'.
2026-04-27 15:59:10 | WRN | No store type was specified for the decimal property 'WagSubtotal' on entity type 'HRWage'. This will cause values to be silently truncated if they do not fit in the default precision and scale. Explicitly specify the SQL server column type that can accommodate all the values in 'OnModelCreating' using 'HasColumnType', specify precision and scale using 'HasPrecision', or configure a value converter using 'HasConversion'.
2026-04-27 15:59:15 | WRN | The query uses the 'First'/'FirstOrDefault' operator without 'OrderBy' and filter operators. This may lead to unpredictable results.
2026-04-27 15:59:16 | INF | ACTION_TRACE | Acc=admin | Path=/ | IP=::1 | Start=2026-04-27 15:59:09.688 | Elapsed=6938ms | Status=Completed
2026-04-27 15:59:16 | INF | NETWORK_UNSTABLE | Acc=admin | Path=/ | Reason=SlowRequest 6938ms
2026-04-27 15:59:16 | INF | ACTION_TRACE | Acc=admin | Path=/Captcha/Generate | IP=::1 | Start=2026-04-27 15:59:16.815 | Elapsed=55ms | Status=Completed
2026-04-27 15:59:17 | INF | ACTION_TRACE | Acc=admin | Path=/DNTCaptchaImage/Show | IP=::1 | Start=2026-04-27 15:59:16.889 | Elapsed=123ms | Status=Completed
2026-04-27 15:59:25 | INF | ACTION_TRACE | Acc=admin | Path=/AdminPortal/Account/Login | IP=::1 | Start=2026-04-27 15:59:24.915 | Elapsed=108ms | Status=Completed
2026-04-27 15:59:25 | INF | ACTION_TRACE | Acc=admin | Path=/Captcha/Generate | IP=::1 | Start=2026-04-27 15:59:25.232 | Elapsed=5ms | Status=Completed
2026-04-27 15:59:25 | INF | ACTION_TRACE | Acc=admin | Path=/DNTCaptchaImage/Show | IP=::1 | Start=2026-04-27 15:59:25.247 | Elapsed=15ms | Status=Completed
2026-04-27 15:59:40 | INF | ACTION_TRACE | Acc=admin | Path=/AdminPortal/Account/Login | IP=::1 | Start=2026-04-27 15:59:31.924 | Elapsed=9031ms | Status=Completed
2026-04-27 15:59:40 | INF | NETWORK_UNSTABLE | Acc=admin | Path=/AdminPortal/Account/Login | Reason=SlowRequest 9031ms
2026-04-27 15:59:41 | INF | ACTION_TRACE | Acc=admin | Path=/AdminPortal/Home/Index | IP=::1 | Start=2026-04-27 15:59:40.980 | Elapsed=130ms | Status=Completed
2026-04-27 15:59:44 | WRN | The query uses the 'First'/'FirstOrDefault' operator without 'OrderBy' and filter operators. This may lead to unpredictable results.
2026-04-27 15:59:44 | INF | CONTROLLER_EXEC | Acc= admin | IP=::1 | Path=ADS999999/ADS999999 | Message=GET /ADS999999/ADS999999
2026-04-27 15:59:44 | INF | ACTION_TRACE | Acc=admin | Path=/ADS999999/ADS999999 | IP=::1 | Start=2026-04-27 15:59:44.299 | Elapsed=60ms | Status=Completed
2026-04-27 16:00:29 | INF | ACTION_TRACE | Acc=admin | Path=/AdminPortal/Home/Index | IP=::1 | Start=2026-04-27 16:00:29.441 | Elapsed=18ms | Status=Completed
2026-04-27 16:00:33 | INF | ACTION_TRACE | Acc=admin | Path=/AdminPortal/Home/Index | IP=::1 | Start=2026-04-27 16:00:33.807 | Elapsed=6ms | Status=Completed
2026-04-27 16:00:40 | INF | ACTION_TRACE | Acc=admin | Path=/AdminPortal/Home/Index | IP=::1 | Start=2026-04-27 16:00:40.026 | Elapsed=10ms | Status=Completed
2026-04-27 16:00:42 | INF | CONTROLLER_EXEC | Acc= admin | IP=::1 | Path=ADS999999/ADS999999 | Message=GET /ADS999999/ADS999999
2026-04-27 16:00:42 | INF | ACTION_TRACE | Acc=admin | Path=/ADS999999/ADS999999 | IP=::1 | Start=2026-04-27 16:00:42.083 | Elapsed=8ms | Status=Completed
2026-04-27 16:00:59 | INF | CONTROLLER_EXEC | Acc= admin | IP=::1 | Path=ADS999999/UploadBackgroundImage | Message=POST /ADS999999/UploadBackgroundImage
2026-04-27 16:00:59 | INF | ACTION_TRACE | Acc=admin | Path=/ADS999999/UploadBackgroundImage | IP=::1 | Start=2026-04-27 16:00:59.509 | Elapsed=56ms | Status=Completed
2026-04-27 16:01:00 | INF | CONTROLLER_EXEC | Acc= admin | IP=::1 | Path=ADS999999/ADS999999 | Message=GET /ADS999999/ADS999999
2026-04-27 16:01:00 | INF | ACTION_TRACE | Acc=admin | Path=/ADS999999/ADS999999 | IP=::1 | Start=2026-04-27 16:01:00.561 | Elapsed=17ms | Status=Completed
2026-04-27 16:01:44 | INF | ACTION_TRACE | Acc=admin | Path=/.well-known/appspecific/com.chrome.devtools.json | IP=::1 | Start=2026-04-27 16:01:44.535 | Elapsed=0ms | Status=Completed
2026-04-27 16:01:56 | INF | CONTROLLER_EXEC | Acc= admin | IP=::1 | Path=ADS999999/ADS999999 | Message=GET /ADS999999/ADS999999
2026-04-27 16:01:56 | INF | ACTION_TRACE | Acc=admin | Path=/ADS999999/ADS999999 | IP=::1 | Start=2026-04-27 16:01:56.314 | Elapsed=12ms | Status=Completed
2026-04-27 16:01:56 | INF | ACTION_TRACE | Acc=admin | Path=/.well-known/appspecific/com.chrome.devtools.json | IP=::1 | Start=2026-04-27 16:01:56.476 | Elapsed=0ms | Status=Completed
2026-04-27 16:01:58 | INF | ACTION_TRACE | Acc=admin | Path=/AdminPortal/Account/Login | IP=::1 | Start=2026-04-27 16:01:58.538 | Elapsed=2ms | Status=Completed
2026-04-27 16:01:58 | INF | ACTION_TRACE | Acc=admin | Path=/Captcha/Generate | IP=::1 | Start=2026-04-27 16:01:58.728 | Elapsed=1ms | Status=Completed
2026-04-27 16:01:58 | INF | ACTION_TRACE | Acc=admin | Path=/DNTCaptchaImage/Show | IP=::1 | Start=2026-04-27 16:01:58.741 | Elapsed=13ms | Status=Completed
2026-04-27 16:02:07 | INF | ACTION_TRACE | Acc=admin | Path=/AdminPortal/Account/Login | IP=::1 | Start=2026-04-27 16:02:02.154 | Elapsed=5812ms | Status=Completed
2026-04-27 16:02:07 | INF | NETWORK_UNSTABLE | Acc=admin | Path=/AdminPortal/Account/Login | Reason=SlowRequest 5812ms
2026-04-27 16:02:07 | INF | ACTION_TRACE | Acc=admin | Path=/AdminPortal/Home/Index | IP=::1 | Start=2026-04-27 16:02:07.975 | Elapsed=5ms | Status=Completed
2026-04-27 16:02:11 | INF | CONTROLLER_EXEC | Acc= admin | IP=::1 | Path=ADS999002/ADS999002 | Message=GET /ADS999002/ADS999002
2026-04-27 16:02:11 | INF | ACTION_TRACE | Acc=admin | Path=/ADS999002/ADS999002 | IP=::1 | Start=2026-04-27 16:02:11.886 | Elapsed=78ms | Status=Completed
2026-04-27 16:02:12 | INF | CONTROLLER_EXEC | Acc= admin | IP=::1 | Path=ADS999002/GetAllRoleList | Message=POST /ADS999002/GetAllRoleList
2026-04-27 16:02:12 | INF | ACTION_TRACE | Acc=admin | Path=/ADS999002/GetAllRoleList | IP=::1 | Start=2026-04-27 16:02:12.017 | Elapsed=77ms | Status=Completed
2026-04-27 16:02:13 | INF | CONTROLLER_EXEC | Acc= admin | IP=::1 | Path=ADS999002/GetRoleByNo | Message=GET /ADS999002/GetRoleByNo
2026-04-27 16:02:13 | INF | ACTION_TRACE | Acc=admin | Path=/ADS999002/GetRoleByNo | IP=::1 | Start=2026-04-27 16:02:13.493 | Elapsed=40ms | Status=Completed
2026-04-27 16:02:14 | INF | CONTROLLER_EXEC | Acc= admin | IP=::1 | Path=ADS999002/UpdateRole | Message=POST /ADS999002/UpdateRole
2026-04-27 16:02:14 | INF | ACTION_TRACE | Acc=admin | Path=/ADS999002/UpdateRole | IP=::1 | Start=2026-04-27 16:02:14.636 | Elapsed=122ms | Status=Completed
2026-04-27 16:02:14 | INF | CONTROLLER_EXEC | Acc= admin | IP=::1 | Path=ADS999002/GetAllRoleList | Message=POST /ADS999002/GetAllRoleList
2026-04-27 16:02:14 | INF | ACTION_TRACE | Acc=admin | Path=/ADS999002/GetAllRoleList | IP=::1 | Start=2026-04-27 16:02:14.763 | Elapsed=144ms | Status=Completed
2026-04-27 16:02:17 | INF | ACTION_TRACE | Acc=admin | Path=/ADS999001/ADS999001 | IP=::1 | Start=2026-04-27 16:02:17.232 | Elapsed=0ms | Status=Completed
2026-04-27 16:02:18 | INF | CONTROLLER_EXEC | Acc= admin | IP=::1 | Path=ADS999003/ADS999003 | Message=GET /ADS999003/ADS999003
2026-04-27 16:02:18 | INF | ACTION_TRACE | Acc=admin | Path=/ADS999003/ADS999003 | IP=::1 | Start=2026-04-27 16:02:18.229 | Elapsed=30ms | Status=Completed
2026-04-27 16:02:18 | INF | CONTROLLER_EXEC | Acc= admin | IP=::1 | Path=ADS999003/GetAllUserList | Message=POST /ADS999003/GetAllUserList
2026-04-27 16:02:18 | INF | ACTION_TRACE | Acc=admin | Path=/ADS999003/GetAllUserList | IP=::1 | Start=2026-04-27 16:02:18.284 | Elapsed=49ms | Status=Completed
2026-04-27 16:02:20 | INF | CONTROLLER_EXEC | Acc= admin | IP=::1 | Path=ADS999999/ADS999999 | Message=GET /ADS999999/ADS999999
2026-04-27 16:02:20 | INF | ACTION_TRACE | Acc=admin | Path=/ADS999999/ADS999999 | IP=::1 | Start=2026-04-27 16:02:20.479 | Elapsed=4ms | Status=Completed
2026-04-27 16:02:26 | INF | CONTROLLER_EXEC | Acc= admin | IP=::1 | Path=ADS999999/UploadBackgroundImage | Message=POST /ADS999999/UploadBackgroundImage
2026-04-27 16:02:26 | INF | ACTION_TRACE | Acc=admin | Path=/ADS999999/UploadBackgroundImage | IP=::1 | Start=2026-04-27 16:02:26.660 | Elapsed=163ms | Status=Completed
2026-04-27 16:02:28 | INF | CONTROLLER_EXEC | Acc= admin | IP=::1 | Path=ADS999999/ADS999999 | Message=GET /ADS999999/ADS999999
2026-04-27 16:02:28 | INF | ACTION_TRACE | Acc=admin | Path=/ADS999999/ADS999999 | IP=::1 | Start=2026-04-27 16:02:28.060 | Elapsed=9ms | Status=Completed
2026-04-27 16:02:34 | INF | CONTROLLER_EXEC | Acc= admin | IP=::1 | Path=ADS999003/ADS999003 | Message=GET /ADS999003/ADS999003
2026-04-27 16:02:34 | INF | ACTION_TRACE | Acc=admin | Path=/ADS999003/ADS999003 | IP=::1 | Start=2026-04-27 16:02:33.996 | Elapsed=5ms | Status=Completed
2026-04-27 16:02:34 | INF | CONTROLLER_EXEC | Acc= admin | IP=::1 | Path=ADS999003/GetAllUserList | Message=POST /ADS999003/GetAllUserList
2026-04-27 16:02:34 | INF | ACTION_TRACE | Acc=admin | Path=/ADS999003/GetAllUserList | IP=::1 | Start=2026-04-27 16:02:34.023 | Elapsed=4ms | Status=Completed
2026-04-27 16:02:36 | INF | ACTION_TRACE | Acc=admin | Path=/AdminPortal/Account/Login | IP=::1 | Start=2026-04-27 16:02:36.835 | Elapsed=1ms | Status=Completed
2026-04-27 16:02:37 | INF | ACTION_TRACE | Acc=admin | Path=/Captcha/Generate | IP=::1 | Start=2026-04-27 16:02:37.022 | Elapsed=1ms | Status=Completed
2026-04-27 16:02:37 | INF | ACTION_TRACE | Acc=admin | Path=/DNTCaptchaImage/Show | IP=::1 | Start=2026-04-27 16:02:37.029 | Elapsed=32ms | Status=Completed
2026-04-27 16:02:45 | INF | ACTION_TRACE | Acc=admin | Path=/AdminPortal/Account/Login | IP=::1 | Start=2026-04-27 16:02:40.185 | Elapsed=5585ms | Status=Completed
2026-04-27 16:02:45 | INF | NETWORK_UNSTABLE | Acc=admin | Path=/AdminPortal/Account/Login | Reason=SlowRequest 5585ms
2026-04-27 16:02:45 | INF | ACTION_TRACE | Acc=admin | Path=/AdminPortal/Home/Index | IP=::1 | Start=2026-04-27 16:02:45.779 | Elapsed=6ms | Status=Completed
2026-04-27 16:02:52 | INF | CONTROLLER_EXEC | Acc= admin | IP=::1 | Path=ADS999999/ADS999999 | Message=GET /ADS999999/ADS999999
2026-04-27 16:02:52 | INF | ACTION_TRACE | Acc=admin | Path=/ADS999999/ADS999999 | IP=::1 | Start=2026-04-27 16:02:52.048 | Elapsed=7ms | Status=Completed
2026-04-27 16:02:53 | INF | CONTROLLER_EXEC | Acc= admin | IP=::1 | Path=ADS999003/ADS999003 | Message=GET /ADS999003/ADS999003
2026-04-27 16:02:53 | INF | ACTION_TRACE | Acc=admin | Path=/ADS999003/ADS999003 | IP=::1 | Start=2026-04-27 16:02:53.355 | Elapsed=2ms | Status=Completed
2026-04-27 16:02:53 | INF | CONTROLLER_EXEC | Acc= admin | IP=::1 | Path=ADS999003/GetAllUserList | Message=POST /ADS999003/GetAllUserList
2026-04-27 16:02:53 | INF | ACTION_TRACE | Acc=admin | Path=/ADS999003/GetAllUserList | IP=::1 | Start=2026-04-27 16:02:53.376 | Elapsed=3ms | Status=Completed
2026-04-27 16:02:54 | INF | CONTROLLER_EXEC | Acc= admin | IP=::1 | Path=ADS999003/GetUserData | Message=GET /ADS999003/GetUserData
2026-04-27 16:02:54 | INF | ACTION_TRACE | Acc=admin | Path=/ADS999003/GetUserData | IP=::1 | Start=2026-04-27 16:02:54.830 | Elapsed=72ms | Status=Completed
2026-04-27 16:03:02 | INF | CONTROLLER_EXEC | Acc= admin | IP=::1 | Path=ADS999003/GetUserData | Message=GET /ADS999003/GetUserData
2026-04-27 16:03:02 | INF | ACTION_TRACE | Acc=admin | Path=/ADS999003/GetUserData | IP=::1 | Start=2026-04-27 16:03:02.599 | Elapsed=250ms | Status=Completed
2026-04-27 16:03:04 | INF | CONTROLLER_EXEC | Acc= admin | IP=::1 | Path=ADS999003/SaveUser | Message=POST /ADS999003/SaveUser
2026-04-27 16:03:04 | INF | ACTION_TRACE | Acc=admin | Path=/ADS999003/SaveUser | IP=::1 | Start=2026-04-27 16:03:04.311 | Elapsed=455ms | Status=Completed
2026-04-27 16:03:04 | INF | CONTROLLER_EXEC | Acc= admin | IP=::1 | Path=ADS999003/GetAllUserList | Message=POST /ADS999003/GetAllUserList
2026-04-27 16:03:04 | INF | ACTION_TRACE | Acc=admin | Path=/ADS999003/GetAllUserList | IP=::1 | Start=2026-04-27 16:03:04.774 | Elapsed=3ms | Status=Completed
2026-04-27 16:03:07 | INF | CONTROLLER_EXEC | Acc= admin | IP=::1 | Path=ADS999999/ADS999999 | Message=GET /ADS999999/ADS999999
2026-04-27 16:03:07 | INF | ACTION_TRACE | Acc=admin | Path=/ADS999999/ADS999999 | IP=::1 | Start=2026-04-27 16:03:07.525 | Elapsed=4ms | Status=Completed
2026-04-27 16:10:55 | WRN | No store type was specified for the decimal property 'OveMoney' on entity type 'HROvertime'. This will cause values to be silently truncated if they do not fit in the default precision and scale. Explicitly specify the SQL server column type that can accommodate all the values in 'OnModelCreating' using 'HasColumnType', specify precision and scale using 'HasPrecision', or configure a value converter using 'HasConversion'.
2026-04-27 16:10:55 | WRN | No store type was specified for the decimal property 'Wag1D1Hour' on entity type 'HRWage'. This will cause values to be silently truncated if they do not fit in the default precision and scale. Explicitly specify the SQL server column type that can accommodate all the values in 'OnModelCreating' using 'HasColumnType', specify precision and scale using 'HasPrecision', or configure a value converter using 'HasConversion'.
2026-04-27 16:10:55 | WRN | No store type was specified for the decimal property 'Wag2D1Hour' on entity type 'HRWage'. This will cause values to be silently truncated if they do not fit in the default precision and scale. Explicitly specify the SQL server column type that can accommodate all the values in 'OnModelCreating' using 'HasColumnType', specify precision and scale using 'HasPrecision', or configure a value converter using 'HasConversion'.
2026-04-27 16:10:55 | WRN | No store type was specified for the decimal property 'Wag4D3Hour' on entity type 'HRWage'. This will cause values to be silently truncated if they do not fit in the default precision and scale. Explicitly specify the SQL server column type that can accommodate all the values in 'OnModelCreating' using 'HasColumnType', specify precision and scale using 'HasPrecision', or configure a value converter using 'HasConversion'.
2026-04-27 16:10:55 | WRN | No store type was specified for the decimal property 'Wag5D3Hour' on entity type 'HRWage'. This will cause values to be silently truncated if they do not fit in the default precision and scale. Explicitly specify the SQL server column type that can accommodate all the values in 'OnModelCreating' using 'HasColumnType', specify precision and scale using 'HasPrecision', or configure a value converter using 'HasConversion'.
2026-04-27 16:10:55 | WRN | No store type was specified for the decimal property 'Wag8D3Hour' on entity type 'HRWage'. This will cause values to be silently truncated if they do not fit in the default precision and scale. Explicitly specify the SQL server column type that can accommodate all the values in 'OnModelCreating' using 'HasColumnType', specify precision and scale using 'HasPrecision', or configure a value converter using 'HasConversion'.
2026-04-27 16:10:55 | WRN | No store type was specified for the decimal property 'WagApplyHour' on entity type 'HRWage'. This will cause values to be silently truncated if they do not fit in the default precision and scale. Explicitly specify the SQL server column type that can accommodate all the values in 'OnModelCreating' using 'HasColumnType', specify precision and scale using 'HasPrecision', or configure a value converter using 'HasConversion'.
2026-04-27 16:10:55 | WRN | No store type was specified for the decimal property 'WagIssueHour' on entity type 'HRWage'. This will cause values to be silently truncated if they do not fit in the default precision and scale. Explicitly specify the SQL server column type that can accommodate all the values in 'OnModelCreating' using 'HasColumnType', specify precision and scale using 'HasPrecision', or configure a value converter using 'HasConversion'.
2026-04-27 16:10:55 | WRN | No store type was specified for the decimal property 'WagSubtotal' on entity type 'HRWage'. This will cause values to be silently truncated if they do not fit in the default precision and scale. Explicitly specify the SQL server column type that can accommodate all the values in 'OnModelCreating' using 'HasColumnType', specify precision and scale using 'HasPrecision', or configure a value converter using 'HasConversion'.
2026-04-27 16:11:00 | WRN | The query uses the 'First'/'FirstOrDefault' operator without 'OrderBy' and filter operators. This may lead to unpredictable results.
2026-04-27 16:11:01 | INF | ACTION_TRACE | Acc=admin | Path=/ | IP=::1 | Start=2026-04-27 16:10:54.535 | Elapsed=6768ms | Status=Completed
2026-04-27 16:11:01 | INF | NETWORK_UNSTABLE | Acc=admin | Path=/ | Reason=SlowRequest 6768ms
2026-04-27 16:11:01 | INF | ACTION_TRACE | Acc=admin | Path=/Captcha/Generate | IP=::1 | Start=2026-04-27 16:11:01.494 | Elapsed=49ms | Status=Completed
2026-04-27 16:11:01 | INF | ACTION_TRACE | Acc=admin | Path=/DNTCaptchaImage/Show | IP=::1 | Start=2026-04-27 16:11:01.559 | Elapsed=100ms | Status=Completed
2026-04-27 16:11:03 | INF | ACTION_TRACE | Acc=admin | Path=/AdminPortal/Account/Login | IP=::1 | Start=2026-04-27 16:11:03.630 | Elapsed=101ms | Status=Completed
2026-04-27 16:11:03 | INF | ACTION_TRACE | Acc=admin | Path=/Captcha/Generate | IP=::1 | Start=2026-04-27 16:11:03.918 | Elapsed=5ms | Status=Completed
2026-04-27 16:11:03 | INF | ACTION_TRACE | Acc=admin | Path=/DNTCaptchaImage/Show | IP=::1 | Start=2026-04-27 16:11:03.931 | Elapsed=15ms | Status=Completed
2026-04-27 16:11:13 | INF | ACTION_TRACE | Acc=admin | Path=/AdminPortal/Account/Login | IP=::1 | Start=2026-04-27 16:11:07.075 | Elapsed=6915ms | Status=Completed
2026-04-27 16:11:13 | INF | NETWORK_UNSTABLE | Acc=admin | Path=/AdminPortal/Account/Login | Reason=SlowRequest 6915ms
2026-04-27 16:11:14 | INF | ACTION_TRACE | Acc=admin | Path=/AdminPortal/Home/Index | IP=::1 | Start=2026-04-27 16:11:14.006 | Elapsed=120ms | Status=Completed
2026-04-27 16:11:17 | WRN | The query uses the 'First'/'FirstOrDefault' operator without 'OrderBy' and filter operators. This may lead to unpredictable results.
2026-04-27 16:11:17 | INF | CONTROLLER_EXEC | Acc= admin | IP=::1 | Path=ADS999999/ADS999999 | Message=GET /ADS999999/ADS999999
2026-04-27 16:11:17 | INF | ACTION_TRACE | Acc=admin | Path=/ADS999999/ADS999999 | IP=::1 | Start=2026-04-27 16:11:17.505 | Elapsed=60ms | Status=Completed
2026-04-27 16:11:18 | INF | CONTROLLER_EXEC | Acc= admin | IP=::1 | Path=ADS999999/ADS999999 | Message=GET /ADS999999/ADS999999
2026-04-27 16:11:18 | INF | CONTROLLER_EXEC | Acc= admin | IP=::1 | Path=ADS999999/ADS999999 | Message=GET /ADS999999/ADS999999
2026-04-27 16:11:18 | INF | ACTION_TRACE | Acc=admin | Path=/ADS999999/ADS999999 | IP=::1 | Start=2026-04-27 16:11:18.845 | Elapsed=20ms | Status=Completed
2026-04-27 16:11:19 | INF | CONTROLLER_EXEC | Acc= admin | IP=::1 | Path=ADS999999/ADS999999 | Message=GET /ADS999999/ADS999999
2026-04-27 16:11:19 | INF | ACTION_TRACE | Acc=admin | Path=/ADS999999/ADS999999 | IP=::1 | Start=2026-04-27 16:11:19.367 | Elapsed=9ms | Status=Completed
2026-04-27 16:11:23 | INF | CONTROLLER_EXEC | Acc= admin | IP=::1 | Path=ADS999999/ADS999999 | Message=GET /ADS999999/ADS999999
2026-04-27 16:11:23 | INF | ACTION_TRACE | Acc=admin | Path=/ADS999999/ADS999999 | IP=::1 | Start=2026-04-27 16:11:18.846 | Elapsed=4557ms | Status=Completed
2026-04-27 16:11:23 | INF | NETWORK_UNSTABLE | Acc=admin | Path=/ADS999999/ADS999999 | Reason=SlowRequest 4557ms
2026-04-27 16:11:23 | INF | ACTION_TRACE | Acc=admin | Path=/ADS999999/ADS999999 | IP=::1 | Start=2026-04-27 16:11:19.365 | Elapsed=4040ms | Status=Completed
2026-04-27 16:11:23 | INF | NETWORK_UNSTABLE | Acc=admin | Path=/ADS999999/ADS999999 | Reason=SlowRequest 4040ms
2026-04-27 16:11:25 | INF | CONTROLLER_EXEC | Acc= admin | IP=::1 | Path=ADS999999/ADS999999 | Message=GET /ADS999999/ADS999999
2026-04-27 16:11:25 | INF | ACTION_TRACE | Acc=admin | Path=/ADS999999/ADS999999 | IP=::1 | Start=2026-04-27 16:11:25.799 | Elapsed=5ms | Status=Completed
2026-04-27 16:11:26 | INF | CONTROLLER_EXEC | Acc= admin | IP=::1 | Path=ADS999999/ADS999999 | Message=GET /ADS999999/ADS999999
2026-04-27 16:11:26 | INF | CONTROLLER_EXEC | Acc= admin | IP=::1 | Path=ADS999999/ADS999999 | Message=GET /ADS999999/ADS999999
2026-04-27 16:11:26 | INF | ACTION_TRACE | Acc=admin | Path=/ADS999999/ADS999999 | IP=::1 | Start=2026-04-27 16:11:26.911 | Elapsed=9ms | Status=Completed
2026-04-27 16:11:26 | INF | ACTION_TRACE | Acc=admin | Path=/ADS999999/ADS999999 | IP=::1 | Start=2026-04-27 16:11:26.914 | Elapsed=7ms | Status=Completed
2026-04-27 16:11:31 | INF | ACTION_TRACE | Acc=admin | Path=/.well-known/appspecific/com.chrome.devtools.json | IP=::1 | Start=2026-04-27 16:11:31.273 | Elapsed=0ms | Status=Completed
2026-04-27 16:11:32 | INF | CONTROLLER_EXEC | Acc= admin | IP=::1 | Path=ADS999999/ADS999999 | Message=GET /ADS999999/ADS999999
2026-04-27 16:11:32 | INF | ACTION_TRACE | Acc=admin | Path=/ADS999999/ADS999999 | IP=::1 | Start=2026-04-27 16:11:32.928 | Elapsed=6ms | Status=Completed
2026-04-27 16:11:34 | INF | CONTROLLER_EXEC | Acc= admin | IP=::1 | Path=ADS999999/ADS999999 | Message=GET /ADS999999/ADS999999
2026-04-27 16:11:34 | INF | CONTROLLER_EXEC | Acc= admin | IP=::1 | Path=ADS999999/ADS999999 | Message=GET /ADS999999/ADS999999
2026-04-27 16:11:34 | INF | ACTION_TRACE | Acc=admin | Path=/ADS999999/ADS999999 | IP=::1 | Start=2026-04-27 16:11:34.045 | Elapsed=14ms | Status=Completed
2026-04-27 16:11:34 | INF | ACTION_TRACE | Acc=admin | Path=/ADS999999/ADS999999 | IP=::1 | Start=2026-04-27 16:11:34.049 | Elapsed=13ms | Status=Completed
2026-04-27 16:11:34 | INF | ACTION_TRACE | Acc=admin | Path=/.well-known/appspecific/com.chrome.devtools.json | IP=::1 | Start=2026-04-27 16:11:34.236 | Elapsed=0ms | Status=Completed
2026-04-27 16:12:06 | INF | ACTION_TRACE | Acc=admin | Path=/AdminPortal/Home/Index | IP=::1 | Start=2026-04-27 16:12:06.169 | Elapsed=9ms | Status=Completed
2026-04-27 16:12:06 | INF | ACTION_TRACE | Acc=admin | Path=/.well-known/appspecific/com.chrome.devtools.json | IP=::1 | Start=2026-04-27 16:12:06.336 | Elapsed=0ms | Status=Completed
2026-04-27 16:12:12 | INF | CONTROLLER_EXEC | Acc= admin | IP=::1 | Path=ADS999999/ADS999999 | Message=GET /ADS999999/ADS999999
2026-04-27 16:12:12 | INF | ACTION_TRACE | Acc=admin | Path=/ADS999999/ADS999999 | IP=::1 | Start=2026-04-27 16:12:12.288 | Elapsed=5ms | Status=Completed
2026-04-27 16:12:48 | INF | CONTROLLER_EXEC | Acc= admin | IP=::1 | Path=ADS999999/ADS999999 | Message=GET /ADS999999/ADS999999
2026-04-27 16:12:48 | INF | CONTROLLER_EXEC | Acc= admin | IP=::1 | Path=ADS999999/ADS999999 | Message=GET /ADS999999/ADS999999
2026-04-27 16:12:48 | INF | ACTION_TRACE | Acc=admin | Path=/ADS999999/ADS999999 | IP=::1 | Start=2026-04-27 16:12:48.065 | Elapsed=10ms | Status=Completed
2026-04-27 16:12:48 | INF | ACTION_TRACE | Acc=admin | Path=/ADS999999/ADS999999 | IP=::1 | Start=2026-04-27 16:12:48.067 | Elapsed=9ms | Status=Completed
2026-04-27 16:12:48 | INF | ACTION_TRACE | Acc=admin | Path=/.well-known/appspecific/com.chrome.devtools.json | IP=::1 | Start=2026-04-27 16:12:48.227 | Elapsed=0ms | Status=Completed
2026-04-27 16:12:51 | INF | ACTION_TRACE | Acc=admin | Path=/AdminPortal/Home/Index | IP=::1 | Start=2026-04-27 16:12:51.215 | Elapsed=7ms | Status=Completed
2026-04-27 16:12:51 | INF | ACTION_TRACE | Acc=admin | Path=/.well-known/appspecific/com.chrome.devtools.json | IP=::1 | Start=2026-04-27 16:12:51.373 | Elapsed=0ms | Status=Completed
2026-04-27 16:12:55 | INF | CONTROLLER_EXEC | Acc= admin | IP=::1 | Path=ADS999999/ADS999999 | Message=GET /ADS999999/ADS999999
2026-04-27 16:12:55 | INF | ACTION_TRACE | Acc=admin | Path=/ADS999999/ADS999999 | IP=::1 | Start=2026-04-27 16:12:55.325 | Elapsed=4ms | Status=Completed
2026-04-27 16:13:03 | INF | CONTROLLER_EXEC | Acc= admin | IP=::1 | Path=ADS999999/UploadBackgroundImage | Message=POST /ADS999999/UploadBackgroundImage
2026-04-27 16:13:03 | INF | ACTION_TRACE | Acc=admin | Path=/ADS999999/UploadBackgroundImage | IP=::1 | Start=2026-04-27 16:13:03.174 | Elapsed=200ms | Status=Completed
2026-04-27 16:13:04 | INF | CONTROLLER_EXEC | Acc= admin | IP=::1 | Path=ADS999999/ADS999999 | Message=GET /ADS999999/ADS999999
2026-04-27 16:13:04 | INF | ACTION_TRACE | Acc=admin | Path=/ADS999999/ADS999999 | IP=::1 | Start=2026-04-27 16:13:04.386 | Elapsed=7ms | Status=Completed
2026-04-27 16:14:00 | WRN | No store type was specified for the decimal property 'OveMoney' on entity type 'HROvertime'. This will cause values to be silently truncated if they do not fit in the default precision and scale. Explicitly specify the SQL server column type that can accommodate all the values in 'OnModelCreating' using 'HasColumnType', specify precision and scale using 'HasPrecision', or configure a value converter using 'HasConversion'.
2026-04-27 16:14:00 | WRN | No store type was specified for the decimal property 'Wag1D1Hour' on entity type 'HRWage'. This will cause values to be silently truncated if they do not fit in the default precision and scale. Explicitly specify the SQL server column type that can accommodate all the values in 'OnModelCreating' using 'HasColumnType', specify precision and scale using 'HasPrecision', or configure a value converter using 'HasConversion'.
2026-04-27 16:14:00 | WRN | No store type was specified for the decimal property 'Wag2D1Hour' on entity type 'HRWage'. This will cause values to be silently truncated if they do not fit in the default precision and scale. Explicitly specify the SQL server column type that can accommodate all the values in 'OnModelCreating' using 'HasColumnType', specify precision and scale using 'HasPrecision', or configure a value converter using 'HasConversion'.
2026-04-27 16:14:00 | WRN | No store type was specified for the decimal property 'Wag4D3Hour' on entity type 'HRWage'. This will cause values to be silently truncated if they do not fit in the default precision and scale. Explicitly specify the SQL server column type that can accommodate all the values in 'OnModelCreating' using 'HasColumnType', specify precision and scale using 'HasPrecision', or configure a value converter using 'HasConversion'.
2026-04-27 16:14:00 | WRN | No store type was specified for the decimal property 'Wag5D3Hour' on entity type 'HRWage'. This will cause values to be silently truncated if they do not fit in the default precision and scale. Explicitly specify the SQL server column type that can accommodate all the values in 'OnModelCreating' using 'HasColumnType', specify precision and scale using 'HasPrecision', or configure a value converter using 'HasConversion'.
2026-04-27 16:14:00 | WRN | No store type was specified for the decimal property 'Wag8D3Hour' on entity type 'HRWage'. This will cause values to be silently truncated if they do not fit in the default precision and scale. Explicitly specify the SQL server column type that can accommodate all the values in 'OnModelCreating' using 'HasColumnType', specify precision and scale using 'HasPrecision', or configure a value converter using 'HasConversion'.
2026-04-27 16:14:00 | WRN | No store type was specified for the decimal property 'WagApplyHour' on entity type 'HRWage'. This will cause values to be silently truncated if they do not fit in the default precision and scale. Explicitly specify the SQL server column type that can accommodate all the values in 'OnModelCreating' using 'HasColumnType', specify precision and scale using 'HasPrecision', or configure a value converter using 'HasConversion'.
2026-04-27 16:14:00 | WRN | No store type was specified for the decimal property 'WagIssueHour' on entity type 'HRWage'. This will cause values to be silently truncated if they do not fit in the default precision and scale. Explicitly specify the SQL server column type that can accommodate all the values in 'OnModelCreating' using 'HasColumnType', specify precision and scale using 'HasPrecision', or configure a value converter using 'HasConversion'.
2026-04-27 16:14:00 | WRN | No store type was specified for the decimal property 'WagSubtotal' on entity type 'HRWage'. This will cause values to be silently truncated if they do not fit in the default precision and scale. Explicitly specify the SQL server column type that can accommodate all the values in 'OnModelCreating' using 'HasColumnType', specify precision and scale using 'HasPrecision', or configure a value converter using 'HasConversion'.
2026-04-27 16:14:06 | WRN | The query uses the 'First'/'FirstOrDefault' operator without 'OrderBy' and filter operators. This may lead to unpredictable results.
2026-04-27 16:14:07 | INF | ACTION_TRACE | Acc=admin | Path=/ | IP=::1 | Start=2026-04-27 16:14:00.088 | Elapsed=6983ms | Status=Completed
2026-04-27 16:14:07 | INF | NETWORK_UNSTABLE | Acc=admin | Path=/ | Reason=SlowRequest 6983ms
2026-04-27 16:14:07 | INF | ACTION_TRACE | Acc=admin | Path=/Captcha/Generate | IP=::1 | Start=2026-04-27 16:14:07.230 | Elapsed=46ms | Status=Completed
2026-04-27 16:14:07 | INF | ACTION_TRACE | Acc=admin | Path=/DNTCaptchaImage/Show | IP=::1 | Start=2026-04-27 16:14:07.310 | Elapsed=101ms | Status=Completed
2026-04-27 16:14:09 | INF | ACTION_TRACE | Acc=admin | Path=/AdminPortal/Account/Login | IP=::1 | Start=2026-04-27 16:14:09.689 | Elapsed=112ms | Status=Completed
2026-04-27 16:14:09 | INF | ACTION_TRACE | Acc=admin | Path=/Captcha/Generate | IP=::1 | Start=2026-04-27 16:14:09.994 | Elapsed=4ms | Status=Completed
2026-04-27 16:14:10 | INF | ACTION_TRACE | Acc=admin | Path=/DNTCaptchaImage/Show | IP=::1 | Start=2026-04-27 16:14:10.007 | Elapsed=34ms | Status=Completed
2026-04-27 16:14:20 | INF | ACTION_TRACE | Acc=admin | Path=/AdminPortal/Account/Login | IP=::1 | Start=2026-04-27 16:14:12.647 | Elapsed=8185ms | Status=Completed
2026-04-27 16:14:20 | INF | NETWORK_UNSTABLE | Acc=admin | Path=/AdminPortal/Account/Login | Reason=SlowRequest 8185ms
2026-04-27 16:14:20 | INF | ACTION_TRACE | Acc=admin | Path=/AdminPortal/Home/Index | IP=::1 | Start=2026-04-27 16:14:20.845 | Elapsed=139ms | Status=Completed
2026-04-27 16:14:24 | WRN | The query uses the 'First'/'FirstOrDefault' operator without 'OrderBy' and filter operators. This may lead to unpredictable results.
2026-04-27 16:14:24 | INF | CONTROLLER_EXEC | Acc= admin | IP=::1 | Path=ADS999999/ADS999999 | Message=GET /ADS999999/ADS999999
2026-04-27 16:14:24 | INF | ACTION_TRACE | Acc=admin | Path=/ADS999999/ADS999999 | IP=::1 | Start=2026-04-27 16:14:24.858 | Elapsed=63ms | Status=Completed
2026-04-27 16:19:11 | WRN | No store type was specified for the decimal property 'OveMoney' on entity type 'HROvertime'. This will cause values to be silently truncated if they do not fit in the default precision and scale. Explicitly specify the SQL server column type that can accommodate all the values in 'OnModelCreating' using 'HasColumnType', specify precision and scale using 'HasPrecision', or configure a value converter using 'HasConversion'.
2026-04-27 16:19:11 | WRN | No store type was specified for the decimal property 'Wag1D1Hour' on entity type 'HRWage'. This will cause values to be silently truncated if they do not fit in the default precision and scale. Explicitly specify the SQL server column type that can accommodate all the values in 'OnModelCreating' using 'HasColumnType', specify precision and scale using 'HasPrecision', or configure a value converter using 'HasConversion'.
2026-04-27 16:19:11 | WRN | No store type was specified for the decimal property 'Wag2D1Hour' on entity type 'HRWage'. This will cause values to be silently truncated if they do not fit in the default precision and scale. Explicitly specify the SQL server column type that can accommodate all the values in 'OnModelCreating' using 'HasColumnType', specify precision and scale using 'HasPrecision', or configure a value converter using 'HasConversion'.
2026-04-27 16:19:11 | WRN | No store type was specified for the decimal property 'Wag4D3Hour' on entity type 'HRWage'. This will cause values to be silently truncated if they do not fit in the default precision and scale. Explicitly specify the SQL server column type that can accommodate all the values in 'OnModelCreating' using 'HasColumnType', specify precision and scale using 'HasPrecision', or configure a value converter using 'HasConversion'.
2026-04-27 16:19:11 | WRN | No store type was specified for the decimal property 'Wag5D3Hour' on entity type 'HRWage'. This will cause values to be silently truncated if they do not fit in the default precision and scale. Explicitly specify the SQL server column type that can accommodate all the values in 'OnModelCreating' using 'HasColumnType', specify precision and scale using 'HasPrecision', or configure a value converter using 'HasConversion'.
2026-04-27 16:19:11 | WRN | No store type was specified for the decimal property 'Wag8D3Hour' on entity type 'HRWage'. This will cause values to be silently truncated if they do not fit in the default precision and scale. Explicitly specify the SQL server column type that can accommodate all the values in 'OnModelCreating' using 'HasColumnType', specify precision and scale using 'HasPrecision', or configure a value converter using 'HasConversion'.
2026-04-27 16:19:11 | WRN | No store type was specified for the decimal property 'WagApplyHour' on entity type 'HRWage'. This will cause values to be silently truncated if they do not fit in the default precision and scale. Explicitly specify the SQL server column type that can accommodate all the values in 'OnModelCreating' using 'HasColumnType', specify precision and scale using 'HasPrecision', or configure a value converter using 'HasConversion'.
2026-04-27 16:19:11 | WRN | No store type was specified for the decimal property 'WagIssueHour' on entity type 'HRWage'. This will cause values to be silently truncated if they do not fit in the default precision and scale. Explicitly specify the SQL server column type that can accommodate all the values in 'OnModelCreating' using 'HasColumnType', specify precision and scale using 'HasPrecision', or configure a value converter using 'HasConversion'.
2026-04-27 16:19:11 | WRN | No store type was specified for the decimal property 'WagSubtotal' on entity type 'HRWage'. This will cause values to be silently truncated if they do not fit in the default precision and scale. Explicitly specify the SQL server column type that can accommodate all the values in 'OnModelCreating' using 'HasColumnType', specify precision and scale using 'HasPrecision', or configure a value converter using 'HasConversion'.
2026-04-27 16:19:16 | WRN | The query uses the 'First'/'FirstOrDefault' operator without 'OrderBy' and filter operators. This may lead to unpredictable results.
2026-04-27 16:19:17 | INF | ACTION_TRACE | Acc=admin | Path=/ | IP=::1 | Start=2026-04-27 16:19:10.229 | Elapsed=6884ms | Status=Completed
2026-04-27 16:19:17 | INF | NETWORK_UNSTABLE | Acc=admin | Path=/ | Reason=SlowRequest 6884ms
2026-04-27 16:19:17 | INF | ACTION_TRACE | Acc=admin | Path=/Captcha/Generate | IP=::1 | Start=2026-04-27 16:19:17.267 | Elapsed=37ms | Status=Completed
2026-04-27 16:19:17 | INF | ACTION_TRACE | Acc=admin | Path=/DNTCaptchaImage/Show | IP=::1 | Start=2026-04-27 16:19:17.325 | Elapsed=101ms | Status=Completed
2026-04-27 16:19:29 | INF | ACTION_TRACE | Acc=admin | Path=/Account/Login | IP=::1 | Start=2026-04-27 16:19:22.889 | Elapsed=6245ms | Status=Completed
2026-04-27 16:19:29 | INF | NETWORK_UNSTABLE | Acc=admin | Path=/Account/Login | Reason=SlowRequest 6245ms
2026-04-27 16:19:29 | INF | ACTION_TRACE | Acc=admin | Path=/Home/Index | IP=::1 | Start=2026-04-27 16:19:29.150 | Elapsed=221ms | Status=Completed
2026-04-27 16:19:32 | INF | ACTION_TRACE | Acc=admin | Path=/Account/Logout | IP=::1 | Start=2026-04-27 16:19:32.491 | Elapsed=12ms | Status=Completed
2026-04-27 16:19:39 | INF | ACTION_TRACE | Acc=admin | Path=/AdminPortal/Home/Index | IP=::1 | Start=2026-04-27 16:19:39.836 | Elapsed=81ms | Status=Completed
2026-04-27 16:19:43 | WRN | The query uses the 'First'/'FirstOrDefault' operator without 'OrderBy' and filter operators. This may lead to unpredictable results.
2026-04-27 16:19:43 | INF | CONTROLLER_EXEC | Acc= admin | IP=::1 | Path=ADS999999/ADS999999 | Message=GET /ADS999999/ADS999999
2026-04-27 16:19:43 | INF | ACTION_TRACE | Acc=admin | Path=/ADS999999/ADS999999 | IP=::1 | Start=2026-04-27 16:19:43.620 | Elapsed=63ms | Status=Completed
2026-04-27 16:19:53 | INF | CONTROLLER_EXEC | Acc= admin | IP=::1 | Path=ADS999999/UploadBackgroundImage | Message=POST /ADS999999/UploadBackgroundImage
2026-04-27 16:19:53 | INF | ACTION_TRACE | Acc=admin | Path=/ADS999999/UploadBackgroundImage | IP=::1 | Start=2026-04-27 16:19:53.361 | Elapsed=177ms | Status=Completed
2026-04-27 16:24:07 | WRN | No store type was specified for the decimal property 'OveMoney' on entity type 'HROvertime'. This will cause values to be silently truncated if they do not fit in the default precision and scale. Explicitly specify the SQL server column type that can accommodate all the values in 'OnModelCreating' using 'HasColumnType', specify precision and scale using 'HasPrecision', or configure a value converter using 'HasConversion'.
2026-04-27 16:24:07 | WRN | No store type was specified for the decimal property 'Wag1D1Hour' on entity type 'HRWage'. This will cause values to be silently truncated if they do not fit in the default precision and scale. Explicitly specify the SQL server column type that can accommodate all the values in 'OnModelCreating' using 'HasColumnType', specify precision and scale using 'HasPrecision', or configure a value converter using 'HasConversion'.
2026-04-27 16:24:07 | WRN | No store type was specified for the decimal property 'Wag2D1Hour' on entity type 'HRWage'. This will cause values to be silently truncated if they do not fit in the default precision and scale. Explicitly specify the SQL server column type that can accommodate all the values in 'OnModelCreating' using 'HasColumnType', specify precision and scale using 'HasPrecision', or configure a value converter using 'HasConversion'.
2026-04-27 16:24:07 | WRN | No store type was specified for the decimal property 'Wag4D3Hour' on entity type 'HRWage'. This will cause values to be silently truncated if they do not fit in the default precision and scale. Explicitly specify the SQL server column type that can accommodate all the values in 'OnModelCreating' using 'HasColumnType', specify precision and scale using 'HasPrecision', or configure a value converter using 'HasConversion'.
2026-04-27 16:24:07 | WRN | No store type was specified for the decimal property 'Wag5D3Hour' on entity type 'HRWage'. This will cause values to be silently truncated if they do not fit in the default precision and scale. Explicitly specify the SQL server column type that can accommodate all the values in 'OnModelCreating' using 'HasColumnType', specify precision and scale using 'HasPrecision', or configure a value converter using 'HasConversion'.
2026-04-27 16:24:07 | WRN | No store type was specified for the decimal property 'Wag8D3Hour' on entity type 'HRWage'. This will cause values to be silently truncated if they do not fit in the default precision and scale. Explicitly specify the SQL server column type that can accommodate all the values in 'OnModelCreating' using 'HasColumnType', specify precision and scale using 'HasPrecision', or configure a value converter using 'HasConversion'.
2026-04-27 16:24:07 | WRN | No store type was specified for the decimal property 'WagApplyHour' on entity type 'HRWage'. This will cause values to be silently truncated if they do not fit in the default precision and scale. Explicitly specify the SQL server column type that can accommodate all the values in 'OnModelCreating' using 'HasColumnType', specify precision and scale using 'HasPrecision', or configure a value converter using 'HasConversion'.
2026-04-27 16:24:07 | WRN | No store type was specified for the decimal property 'WagIssueHour' on entity type 'HRWage'. This will cause values to be silently truncated if they do not fit in the default precision and scale. Explicitly specify the SQL server column type that can accommodate all the values in 'OnModelCreating' using 'HasColumnType', specify precision and scale using 'HasPrecision', or configure a value converter using 'HasConversion'.
2026-04-27 16:24:07 | WRN | No store type was specified for the decimal property 'WagSubtotal' on entity type 'HRWage'. This will cause values to be silently truncated if they do not fit in the default precision and scale. Explicitly specify the SQL server column type that can accommodate all the values in 'OnModelCreating' using 'HasColumnType', specify precision and scale using 'HasPrecision', or configure a value converter using 'HasConversion'.
2026-04-27 16:24:12 | WRN | The query uses the 'First'/'FirstOrDefault' operator without 'OrderBy' and filter operators. This may lead to unpredictable results.
2026-04-27 16:24:13 | INF | ACTION_TRACE | Acc=admin | Path=/ | IP=::1 | Start=2026-04-27 16:24:06.266 | Elapsed=6938ms | Status=Completed
2026-04-27 16:24:13 | INF | NETWORK_UNSTABLE | Acc=admin | Path=/ | Reason=SlowRequest 6938ms
2026-04-27 16:24:13 | INF | ACTION_TRACE | Acc=admin | Path=/Captcha/Generate | IP=::1 | Start=2026-04-27 16:24:13.546 | Elapsed=46ms | Status=Completed
2026-04-27 16:24:13 | INF | ACTION_TRACE | Acc=admin | Path=/DNTCaptchaImage/Show | IP=::1 | Start=2026-04-27 16:24:13.616 | Elapsed=114ms | Status=Completed
2026-04-27 16:25:09 | INF | ACTION_TRACE | Acc=admin | Path=/ | IP=::1 | Start=2026-04-27 16:25:08.090 | Elapsed=1092ms | Status=Completed
2026-04-27 16:25:09 | INF | ACTION_TRACE | Acc=admin | Path=/Captcha/Generate | IP=::1 | Start=2026-04-27 16:25:09.383 | Elapsed=11ms | Status=Completed
2026-04-27 16:25:09 | INF | ACTION_TRACE | Acc=admin | Path=/DNTCaptchaImage/Show | IP=::1 | Start=2026-04-27 16:25:09.413 | Elapsed=17ms | Status=Completed
2026-04-27 16:26:07 | WRN | No store type was specified for the decimal property 'OveMoney' on entity type 'HROvertime'. This will cause values to be silently truncated if they do not fit in the default precision and scale. Explicitly specify the SQL server column type that can accommodate all the values in 'OnModelCreating' using 'HasColumnType', specify precision and scale using 'HasPrecision', or configure a value converter using 'HasConversion'.
2026-04-27 16:26:07 | WRN | No store type was specified for the decimal property 'Wag1D1Hour' on entity type 'HRWage'. This will cause values to be silently truncated if they do not fit in the default precision and scale. Explicitly specify the SQL server column type that can accommodate all the values in 'OnModelCreating' using 'HasColumnType', specify precision and scale using 'HasPrecision', or configure a value converter using 'HasConversion'.
2026-04-27 16:26:07 | WRN | No store type was specified for the decimal property 'Wag2D1Hour' on entity type 'HRWage'. This will cause values to be silently truncated if they do not fit in the default precision and scale. Explicitly specify the SQL server column type that can accommodate all the values in 'OnModelCreating' using 'HasColumnType', specify precision and scale using 'HasPrecision', or configure a value converter using 'HasConversion'.
2026-04-27 16:26:07 | WRN | No store type was specified for the decimal property 'Wag4D3Hour' on entity type 'HRWage'. This will cause values to be silently truncated if they do not fit in the default precision and scale. Explicitly specify the SQL server column type that can accommodate all the values in 'OnModelCreating' using 'HasColumnType', specify precision and scale using 'HasPrecision', or configure a value converter using 'HasConversion'.
2026-04-27 16:26:07 | WRN | No store type was specified for the decimal property 'Wag5D3Hour' on entity type 'HRWage'. This will cause values to be silently truncated if they do not fit in the default precision and scale. Explicitly specify the SQL server column type that can accommodate all the values in 'OnModelCreating' using 'HasColumnType', specify precision and scale using 'HasPrecision', or configure a value converter using 'HasConversion'.
2026-04-27 16:26:07 | WRN | No store type was specified for the decimal property 'Wag8D3Hour' on entity type 'HRWage'. This will cause values to be silently truncated if they do not fit in the default precision and scale. Explicitly specify the SQL server column type that can accommodate all the values in 'OnModelCreating' using 'HasColumnType', specify precision and scale using 'HasPrecision', or configure a value converter using 'HasConversion'.
2026-04-27 16:26:07 | WRN | No store type was specified for the decimal property 'WagApplyHour' on entity type 'HRWage'. This will cause values to be silently truncated if they do not fit in the default precision and scale. Explicitly specify the SQL server column type that can accommodate all the values in 'OnModelCreating' using 'HasColumnType', specify precision and scale using 'HasPrecision', or configure a value converter using 'HasConversion'.
2026-04-27 16:26:07 | WRN | No store type was specified for the decimal property 'WagIssueHour' on entity type 'HRWage'. This will cause values to be silently truncated if they do not fit in the default precision and scale. Explicitly specify the SQL server column type that can accommodate all the values in 'OnModelCreating' using 'HasColumnType', specify precision and scale using 'HasPrecision', or configure a value converter using 'HasConversion'.
2026-04-27 16:26:07 | WRN | No store type was specified for the decimal property 'WagSubtotal' on entity type 'HRWage'. This will cause values to be silently truncated if they do not fit in the default precision and scale. Explicitly specify the SQL server column type that can accommodate all the values in 'OnModelCreating' using 'HasColumnType', specify precision and scale using 'HasPrecision', or configure a value converter using 'HasConversion'.
2026-04-27 16:26:13 | WRN | The query uses the 'First'/'FirstOrDefault' operator without 'OrderBy' and filter operators. This may lead to unpredictable results.
2026-04-27 16:26:13 | INF | ACTION_TRACE | Acc=admin | Path=/ | IP=::1 | Start=2026-04-27 16:26:07.013 | Elapsed=6983ms | Status=Completed
2026-04-27 16:26:14 | INF | NETWORK_UNSTABLE | Acc=admin | Path=/ | Reason=SlowRequest 6983ms
2026-04-27 16:26:14 | INF | ACTION_TRACE | Acc=admin | Path=/Captcha/Generate | IP=::1 | Start=2026-04-27 16:26:14.206 | Elapsed=42ms | Status=Completed
2026-04-27 16:26:14 | INF | ACTION_TRACE | Acc=admin | Path=/DNTCaptchaImage/Show | IP=::1 | Start=2026-04-27 16:26:14.261 | Elapsed=195ms | Status=Completed
2026-04-27 16:26:17 | INF | ACTION_TRACE | Acc=admin | Path=/AdminPortal/Account/Login | IP=::1 | Start=2026-04-27 16:26:16.976 | Elapsed=114ms | Status=Completed
2026-04-27 16:26:17 | INF | ACTION_TRACE | Acc=admin | Path=/Captcha/Generate | IP=::1 | Start=2026-04-27 16:26:17.308 | Elapsed=6ms | Status=Completed
2026-04-27 16:26:17 | INF | ACTION_TRACE | Acc=admin | Path=/DNTCaptchaImage/Show | IP=::1 | Start=2026-04-27 16:26:17.332 | Elapsed=16ms | Status=Completed
2026-04-27 16:26:30 | INF | ACTION_TRACE | Acc=admin | Path=/AdminPortal/Account/Login | IP=::1 | Start=2026-04-27 16:26:20.908 | Elapsed=9174ms | Status=Completed
2026-04-27 16:26:30 | INF | NETWORK_UNSTABLE | Acc=admin | Path=/AdminPortal/Account/Login | Reason=SlowRequest 9174ms
2026-04-27 16:26:30 | INF | ACTION_TRACE | Acc=admin | Path=/AdminPortal/Home/Index | IP=::1 | Start=2026-04-27 16:26:30.096 | Elapsed=130ms | Status=Completed
2026-04-27 16:26:34 | WRN | The query uses the 'First'/'FirstOrDefault' operator without 'OrderBy' and filter operators. This may lead to unpredictable results.
2026-04-27 16:26:34 | INF | CONTROLLER_EXEC | Acc= admin | IP=::1 | Path=ADS999999/ADS999999 | Message=GET /ADS999999/ADS999999
2026-04-27 16:26:34 | INF | ACTION_TRACE | Acc=admin | Path=/ADS999999/ADS999999 | IP=::1 | Start=2026-04-27 16:26:34.651 | Elapsed=57ms | Status=Completed
2026-04-27 16:26:44 | INF | CONTROLLER_EXEC | Acc= admin | IP=::1 | Path=ADS999999/UploadBackgroundImage | Message=POST /ADS999999/UploadBackgroundImage
2026-04-27 16:26:44 | INF | ACTION_TRACE | Acc=admin | Path=/ADS999999/UploadBackgroundImage | IP=::1 | Start=2026-04-27 16:26:44.694 | Elapsed=159ms | Status=Completed
2026-04-27 16:26:48 | INF | ACTION_TRACE | Acc=admin | Path=/ | IP=::1 | Start=2026-04-27 16:26:48.311 | Elapsed=213ms | Status=Completed
2026-04-27 16:26:48 | INF | ACTION_TRACE | Acc=admin | Path=/Captcha/Generate | IP=::1 | Start=2026-04-27 16:26:48.732 | Elapsed=1ms | Status=Completed
2026-04-27 16:26:48 | INF | ACTION_TRACE | Acc=admin | Path=/DNTCaptchaImage/Show | IP=::1 | Start=2026-04-27 16:26:48.785 | Elapsed=17ms | Status=Completed
2026-04-27 16:26:55 | INF | ACTION_TRACE | Acc=admin | Path=/ | IP=::1 | Start=2026-04-27 16:26:52.632 | Elapsed=3051ms | Status=Completed
2026-04-27 16:26:55 | INF | NETWORK_UNSTABLE | Acc=admin | Path=/ | Reason=SlowRequest 3051ms
2026-04-27 16:26:56 | INF | ACTION_TRACE | Acc=admin | Path=/Captcha/Generate | IP=::1 | Start=2026-04-27 16:26:56.307 | Elapsed=1ms | Status=Completed
2026-04-27 16:26:56 | INF | ACTION_TRACE | Acc=admin | Path=/DNTCaptchaImage/Show | IP=::1 | Start=2026-04-27 16:26:56.317 | Elapsed=33ms | Status=Completed
