2026-04-16 08:03:38 | INF | ACTION_TRACE | Acc=admin | Path=/AdminPortal/Home/Index | IP=::1 | Start=2026-04-16 08:03:38.324 | Elapsed=124ms | Status=Completed
2026-04-16 08:03:41 | INF | ACTION_TRACE | Acc=admin | Path=/.well-known/appspecific/com.chrome.devtools.json | IP=::1 | Start=2026-04-16 08:03:41.044 | Elapsed=0ms | Status=Completed
2026-04-16 08:03:48 | INF | ACTION_TRACE | Acc=admin | Path=/ | IP=::1 | Start=2026-04-16 08:03:47.908 | Elapsed=232ms | Status=Completed
2026-04-16 08:03:50 | INF | CONTROLLER_EXEC | Acc= admin | IP=::1 | Path=ADS999002/ADS999002 | Message=GET /ADS999002/ADS999002
2026-04-16 08:03:50 | INF | ACTION_TRACE | Acc=admin | Path=/ADS999002/ADS999002 | IP=::1 | Start=2026-04-16 08:03:50.315 | Elapsed=132ms | Status=Completed
2026-04-16 08:04:07 | INF | ACTION_TRACE | Acc=admin | Path=/AdminPortal/Account/Login | IP=::1 | Start=2026-04-16 08:04:07.522 | Elapsed=4ms | Status=Completed
2026-04-16 08:04:07 | INF | ACTION_TRACE | Acc=admin | Path=/.well-known/appspecific/com.chrome.devtools.json | IP=::1 | Start=2026-04-16 08:04:07.555 | Elapsed=0ms | Status=Completed
2026-04-16 08:04:07 | INF | ACTION_TRACE | Acc=admin | Path=/Captcha/Generate | IP=::1 | Start=2026-04-16 08:04:07.710 | Elapsed=3ms | Status=Completed
2026-04-16 08:04:07 | INF | ACTION_TRACE | Acc=admin | Path=/DNTCaptchaImage/Show | IP=::1 | Start=2026-04-16 08:04:07.723 | Elapsed=16ms | Status=Completed
2026-04-16 08:04:09 | INF | ACTION_TRACE | Acc=admin | Path=/AdminPortal/Home/Index | IP=::1 | Start=2026-04-16 08:04:09.106 | Elapsed=8ms | Status=Completed
2026-04-16 08:04:09 | INF | ACTION_TRACE | Acc=admin | Path=/.well-known/appspecific/com.chrome.devtools.json | IP=::1 | Start=2026-04-16 08:04:09.151 | Elapsed=0ms | Status=Completed
2026-04-16 08:04:10 | INF | ACTION_TRACE | Acc=admin | Path=/AdminPortal/Account/Login | IP=::1 | Start=2026-04-16 08:04:10.600 | Elapsed=1ms | Status=Completed
2026-04-16 08:04:10 | INF | ACTION_TRACE | Acc=admin | Path=/.well-known/appspecific/com.chrome.devtools.json | IP=::1 | Start=2026-04-16 08:04:10.637 | Elapsed=0ms | Status=Completed
2026-04-16 08:04:10 | INF | ACTION_TRACE | Acc=admin | Path=/Captcha/Generate | IP=::1 | Start=2026-04-16 08:04:10.749 | Elapsed=5ms | Status=Completed
2026-04-16 08:04:10 | INF | ACTION_TRACE | Acc=admin | Path=/DNTCaptchaImage/Show | IP=::1 | Start=2026-04-16 08:04:10.770 | Elapsed=33ms | Status=Completed
2026-04-16 08:04:14 | INF | ACTION_TRACE | Acc=admin | Path=/ | IP=::1 | Start=2026-04-16 08:04:12.379 | Elapsed=2130ms | Status=Completed
2026-04-16 08:04:14 | INF | ACTION_TRACE | Acc=admin | Path=/.well-known/appspecific/com.chrome.devtools.json | IP=::1 | Start=2026-04-16 08:04:14.550 | Elapsed=0ms | Status=Completed
2026-04-16 08:04:14 | INF | ACTION_TRACE | Acc=admin | Path=/Captcha/Generate | IP=::1 | Start=2026-04-16 08:04:14.708 | Elapsed=2ms | Status=Completed
2026-04-16 08:04:14 | INF | ACTION_TRACE | Acc=admin | Path=/DNTCaptchaImage/Show | IP=::1 | Start=2026-04-16 08:04:14.723 | Elapsed=11ms | Status=Completed
2026-04-16 08:04:19 | INF | ACTION_TRACE | Acc=admin | Path=/AdminPortal/Account/Login | IP=::1 | Start=2026-04-16 08:04:19.027 | Elapsed=1ms | Status=Completed
2026-04-16 08:04:19 | INF | ACTION_TRACE | Acc=admin | Path=/.well-known/appspecific/com.chrome.devtools.json | IP=::1 | Start=2026-04-16 08:04:19.078 | Elapsed=0ms | Status=Completed
2026-04-16 08:04:19 | INF | ACTION_TRACE | Acc=admin | Path=/Captcha/Generate | IP=::1 | Start=2026-04-16 08:04:19.183 | Elapsed=1ms | Status=Completed
2026-04-16 08:04:19 | INF | ACTION_TRACE | Acc=admin | Path=/DNTCaptchaImage/Show | IP=::1 | Start=2026-04-16 08:04:19.196 | Elapsed=9ms | Status=Completed
2026-04-16 08:04:27 | INF | ACTION_TRACE | Acc=admin | Path=/AdminPortal/Account/Login | IP=::1 | Start=2026-04-16 08:04:22.507 | Elapsed=5310ms | Status=Completed
2026-04-16 08:04:27 | INF | NETWORK_UNSTABLE | Acc=admin | Path=/AdminPortal/Account/Login | Reason=SlowRequest 5310ms
2026-04-16 08:04:27 | INF | ACTION_TRACE | Acc=admin | Path=/AdminPortal/Home/Index | IP=::1 | Start=2026-04-16 08:04:27.826 | Elapsed=8ms | Status=Completed
2026-04-16 08:04:27 | INF | ACTION_TRACE | Acc=admin | Path=/.well-known/appspecific/com.chrome.devtools.json | IP=::1 | Start=2026-04-16 08:04:27.870 | Elapsed=0ms | Status=Completed
2026-04-16 08:04:31 | INF | ACTION_TRACE | Acc=admin | Path=/AdminPortal/Home/Index | IP=::1 | Start=2026-04-16 08:04:31.295 | Elapsed=10ms | Status=Completed
2026-04-16 08:04:31 | INF | ACTION_TRACE | Acc=admin | Path=/.well-known/appspecific/com.chrome.devtools.json | IP=::1 | Start=2026-04-16 08:04:31.334 | Elapsed=0ms | Status=Completed
2026-04-16 08:04:34 | INF | CONTROLLER_EXEC | Acc= admin | IP=::1 | Path=ADS999002/ADS999002 | Message=GET /ADS999002/ADS999002
2026-04-16 08:04:34 | INF | ACTION_TRACE | Acc=admin | Path=/ADS999002/ADS999002 | IP=::1 | Start=2026-04-16 08:04:34.601 | Elapsed=15ms | Status=Completed
2026-04-16 08:05:42 | INF | ACTION_TRACE | Acc=admin | Path=/AdminPortal/Home/Index | IP=::1 | Start=2026-04-16 08:05:42.239 | Elapsed=8ms | Status=Completed
2026-04-16 08:05:46 | INF | ACTION_TRACE | Acc=admin | Path=/.well-known/appspecific/com.chrome.devtools.json | IP=::1 | Start=2026-04-16 08:05:46.882 | Elapsed=0ms | Status=Completed
2026-04-16 08:05:54 | INF | CONTROLLER_EXEC | Acc= admin | IP=::1 | Path=ADS999002/ADS999002 | Message=GET /ADS999002/ADS999002
2026-04-16 08:05:54 | INF | ACTION_TRACE | Acc=admin | Path=/ADS999002/ADS999002 | IP=::1 | Start=2026-04-16 08:05:54.356 | Elapsed=33ms | Status=Completed
2026-04-16 08:06:05 | INF | ACTION_TRACE | Acc=admin | Path=/AdminPortal/Account/Login | IP=::1 | Start=2026-04-16 08:06:05.453 | Elapsed=1ms | Status=Completed
2026-04-16 08:06:05 | INF | ACTION_TRACE | Acc=admin | Path=/.well-known/appspecific/com.chrome.devtools.json | IP=::1 | Start=2026-04-16 08:06:05.501 | Elapsed=0ms | Status=Completed
2026-04-16 08:06:05 | INF | ACTION_TRACE | Acc=admin | Path=/Captcha/Generate | IP=::1 | Start=2026-04-16 08:06:05.633 | Elapsed=3ms | Status=Completed
2026-04-16 08:06:05 | INF | ACTION_TRACE | Acc=admin | Path=/DNTCaptchaImage/Show | IP=::1 | Start=2026-04-16 08:06:05.645 | Elapsed=12ms | Status=Completed
2026-04-16 08:06:09 | INF | ACTION_TRACE | Acc=admin | Path=/ | IP=::1 | Start=2026-04-16 08:06:07.081 | Elapsed=1963ms | Status=Completed
2026-04-16 08:06:09 | INF | ACTION_TRACE | Acc=admin | Path=/.well-known/appspecific/com.chrome.devtools.json | IP=::1 | Start=2026-04-16 08:06:09.108 | Elapsed=0ms | Status=Completed
2026-04-16 08:06:09 | INF | ACTION_TRACE | Acc=admin | Path=/Captcha/Generate | IP=::1 | Start=2026-04-16 08:06:09.303 | Elapsed=3ms | Status=Completed
2026-04-16 08:06:09 | INF | ACTION_TRACE | Acc=admin | Path=/DNTCaptchaImage/Show | IP=::1 | Start=2026-04-16 08:06:09.352 | Elapsed=9ms | Status=Completed
2026-04-16 08:06:15 | INF | ACTION_TRACE | Acc=admin | Path=/Account/Login | IP=::1 | Start=2026-04-16 08:06:14.987 | Elapsed=893ms | Status=Completed
2026-04-16 08:06:16 | INF | ACTION_TRACE | Acc=admin | Path=/Home/Index | IP=::1 | Start=2026-04-16 08:06:15.891 | Elapsed=164ms | Status=Completed
2026-04-16 08:06:16 | INF | ACTION_TRACE | Acc=admin | Path=/.well-known/appspecific/com.chrome.devtools.json | IP=::1 | Start=2026-04-16 08:06:16.180 | Elapsed=0ms | Status=Completed
2026-04-16 08:06:16 | INF | ACTION_TRACE | Acc=admin | Path=/lib/html-to-image/html-to-image.js.map | IP=::1 | Start=2026-04-16 08:06:16.348 | Elapsed=0ms | Status=Completed
2026-04-16 08:06:21 | INF | ACTION_TRACE | Acc=admin | Path=/Home/GetMenu | IP=::1 | Start=2026-04-16 08:06:21.493 | Elapsed=14ms | Status=Completed
2026-04-16 08:06:24 | INF | CONTROLLER_EXEC | Acc= admin | IP=::1 | Path=SYS201002/SYS201002 | Message=GET /SYS201002/SYS201002
2026-04-16 08:06:24 | INF | ACTION_TRACE | Acc=admin | Path=/SYS201002/SYS201002 | IP=::1 | Start=2026-04-16 08:06:24.873 | Elapsed=63ms | Status=Completed
2026-04-16 08:06:24 | INF | ACTION_TRACE | Acc=admin | Path=/sm/6cf3a2be173716d0e4726c68ef6634f00cefa4e7428560c2debae6f24389d3c1.map | IP=::1 | Start=2026-04-16 08:06:24.977 | Elapsed=0ms | Status=Completed
2026-04-16 08:06:25 | INF | CONTROLLER_EXEC | Acc= admin | IP=::1 | Path=SYS201002/GetAllRoleList | Message=POST /SYS201002/GetAllRoleList
2026-04-16 08:06:25 | INF | ACTION_TRACE | Acc=admin | Path=/SYS201002/GetAllRoleList | IP=::1 | Start=2026-04-16 08:06:25.117 | Elapsed=103ms | Status=Completed
2026-04-16 08:06:38 | INF | ACTION_TRACE | Acc=admin | Path=/Account/Logout | IP=::1 | Start=2026-04-16 08:06:38.610 | Elapsed=64ms | Status=Completed
2026-04-16 08:06:46 | INF | ACTION_TRACE | Acc=admin | Path=/Home/Index | IP=::1 | Start=2026-04-16 08:06:46.874 | Elapsed=16ms | Status=Completed
2026-04-16 08:06:46 | INF | ACTION_TRACE | Acc=admin | Path=/.well-known/appspecific/com.chrome.devtools.json | IP=::1 | Start=2026-04-16 08:06:46.989 | Elapsed=0ms | Status=Completed
2026-04-16 08:06:47 | INF | ACTION_TRACE | Acc=admin | Path=/lib/html-to-image/html-to-image.js.map | IP=::1 | Start=2026-04-16 08:06:47.139 | Elapsed=0ms | Status=Completed
2026-04-16 08:07:08 | INF | ACTION_TRACE | Acc=admin | Path=/Home/GetMenu | IP=::1 | Start=2026-04-16 08:07:08.200 | Elapsed=7ms | Status=Completed
2026-04-16 08:07:11 | INF | CONTROLLER_EXEC | Acc= admin | IP=::1 | Path=SYS201002/SYS201002 | Message=GET /SYS201002/SYS201002
2026-04-16 08:07:11 | INF | ACTION_TRACE | Acc=admin | Path=/SYS201002/SYS201002 | IP=::1 | Start=2026-04-16 08:07:11.247 | Elapsed=7ms | Status=Completed
2026-04-16 08:07:11 | INF | ACTION_TRACE | Acc=admin | Path=/sm/6cf3a2be173716d0e4726c68ef6634f00cefa4e7428560c2debae6f24389d3c1.map | IP=::1 | Start=2026-04-16 08:07:11.401 | Elapsed=0ms | Status=Completed
2026-04-16 08:07:11 | INF | CONTROLLER_EXEC | Acc= admin | IP=::1 | Path=SYS201002/GetAllRoleList | Message=POST /SYS201002/GetAllRoleList
2026-04-16 08:07:11 | INF | ACTION_TRACE | Acc=admin | Path=/SYS201002/GetAllRoleList | IP=::1 | Start=2026-04-16 08:07:11.448 | Elapsed=4ms | Status=Completed
2026-04-16 08:07:17 | INF | ACTION_TRACE | Acc=admin | Path=/Account/Logout | IP=::1 | Start=2026-04-16 08:07:17.507 | Elapsed=9ms | Status=Completed
2026-04-16 08:08:05 | INF | ACTION_TRACE | Acc=admin | Path=/AdminPortal/Home/Index | IP=::1 | Start=2026-04-16 08:08:05.706 | Elapsed=6ms | Status=Completed
2026-04-16 08:08:30 | INF | ACTION_TRACE | Acc=admin | Path=/.well-known/appspecific/com.chrome.devtools.json | IP=::1 | Start=2026-04-16 08:08:30.598 | Elapsed=0ms | Status=Completed
2026-04-16 08:11:31 | WRN | No store type was specified for the decimal property 'OveMoney' on entity type 'HROvertime'. This will cause values to be silently truncated if they do not fit in the default precision and scale. Explicitly specify the SQL server column type that can accommodate all the values in 'OnModelCreating' using 'HasColumnType', specify precision and scale using 'HasPrecision', or configure a value converter using 'HasConversion'.
2026-04-16 08:11:31 | WRN | No store type was specified for the decimal property 'Wag1D1Hour' on entity type 'HRWage'. This will cause values to be silently truncated if they do not fit in the default precision and scale. Explicitly specify the SQL server column type that can accommodate all the values in 'OnModelCreating' using 'HasColumnType', specify precision and scale using 'HasPrecision', or configure a value converter using 'HasConversion'.
2026-04-16 08:11:31 | WRN | No store type was specified for the decimal property 'Wag2D1Hour' on entity type 'HRWage'. This will cause values to be silently truncated if they do not fit in the default precision and scale. Explicitly specify the SQL server column type that can accommodate all the values in 'OnModelCreating' using 'HasColumnType', specify precision and scale using 'HasPrecision', or configure a value converter using 'HasConversion'.
2026-04-16 08:11:31 | WRN | No store type was specified for the decimal property 'Wag4D3Hour' on entity type 'HRWage'. This will cause values to be silently truncated if they do not fit in the default precision and scale. Explicitly specify the SQL server column type that can accommodate all the values in 'OnModelCreating' using 'HasColumnType', specify precision and scale using 'HasPrecision', or configure a value converter using 'HasConversion'.
2026-04-16 08:11:31 | WRN | No store type was specified for the decimal property 'Wag5D3Hour' on entity type 'HRWage'. This will cause values to be silently truncated if they do not fit in the default precision and scale. Explicitly specify the SQL server column type that can accommodate all the values in 'OnModelCreating' using 'HasColumnType', specify precision and scale using 'HasPrecision', or configure a value converter using 'HasConversion'.
2026-04-16 08:11:31 | WRN | No store type was specified for the decimal property 'Wag8D3Hour' on entity type 'HRWage'. This will cause values to be silently truncated if they do not fit in the default precision and scale. Explicitly specify the SQL server column type that can accommodate all the values in 'OnModelCreating' using 'HasColumnType', specify precision and scale using 'HasPrecision', or configure a value converter using 'HasConversion'.
2026-04-16 08:11:31 | WRN | No store type was specified for the decimal property 'WagApplyHour' on entity type 'HRWage'. This will cause values to be silently truncated if they do not fit in the default precision and scale. Explicitly specify the SQL server column type that can accommodate all the values in 'OnModelCreating' using 'HasColumnType', specify precision and scale using 'HasPrecision', or configure a value converter using 'HasConversion'.
2026-04-16 08:11:31 | WRN | No store type was specified for the decimal property 'WagIssueHour' on entity type 'HRWage'. This will cause values to be silently truncated if they do not fit in the default precision and scale. Explicitly specify the SQL server column type that can accommodate all the values in 'OnModelCreating' using 'HasColumnType', specify precision and scale using 'HasPrecision', or configure a value converter using 'HasConversion'.
2026-04-16 08:11:31 | WRN | No store type was specified for the decimal property 'WagSubtotal' on entity type 'HRWage'. This will cause values to be silently truncated if they do not fit in the default precision and scale. Explicitly specify the SQL server column type that can accommodate all the values in 'OnModelCreating' using 'HasColumnType', specify precision and scale using 'HasPrecision', or configure a value converter using 'HasConversion'.
2026-04-16 08:11:36 | WRN | The query uses the 'First'/'FirstOrDefault' operator without 'OrderBy' and filter operators. This may lead to unpredictable results.
2026-04-16 08:11:37 | INF | ACTION_TRACE | Acc=admin | Path=/ | IP=::1 | Start=2026-04-16 08:11:30.675 | Elapsed=6889ms | Status=Completed
2026-04-16 08:11:37 | INF | NETWORK_UNSTABLE | Acc=admin | Path=/ | Reason=SlowRequest 6889ms
2026-04-16 08:11:37 | INF | ACTION_TRACE | Acc=admin | Path=/Captcha/Generate | IP=::1 | Start=2026-04-16 08:11:37.726 | Elapsed=46ms | Status=Completed
2026-04-16 08:11:37 | INF | ACTION_TRACE | Acc=admin | Path=/DNTCaptchaImage/Show | IP=::1 | Start=2026-04-16 08:11:37.785 | Elapsed=117ms | Status=Completed
2026-04-16 08:11:43 | INF | ACTION_TRACE | Acc=admin | Path=/AdminPortal/Account/Login | IP=::1 | Start=2026-04-16 08:11:43.743 | Elapsed=108ms | Status=Completed
2026-04-16 08:11:43 | INF | ACTION_TRACE | Acc=admin | Path=/Captcha/Generate | IP=::1 | Start=2026-04-16 08:11:43.916 | Elapsed=4ms | Status=Completed
2026-04-16 08:11:43 | INF | ACTION_TRACE | Acc=admin | Path=/DNTCaptchaImage/Show | IP=::1 | Start=2026-04-16 08:11:43.929 | Elapsed=46ms | Status=Completed
2026-04-16 08:11:52 | INF | ACTION_TRACE | Acc=admin | Path=/AdminPortal/Account/Login | IP=::1 | Start=2026-04-16 08:11:46.432 | Elapsed=6526ms | Status=Completed
2026-04-16 08:11:52 | INF | NETWORK_UNSTABLE | Acc=admin | Path=/AdminPortal/Account/Login | Reason=SlowRequest 6526ms
2026-04-16 08:11:53 | INF | ACTION_TRACE | Acc=admin | Path=/AdminPortal/Home/Index | IP=::1 | Start=2026-04-16 08:11:52.972 | Elapsed=115ms | Status=Completed
2026-04-16 08:11:59 | INF | ACTION_TRACE | Acc=admin | Path=/.well-known/appspecific/com.chrome.devtools.json | IP=::1 | Start=2026-04-16 08:11:59.901 | Elapsed=0ms | Status=Completed
2026-04-16 08:12:08 | INF | CONTROLLER_EXEC | Acc= admin | IP=::1 | Path=ADS999002/ADS999002 | Message=GET /ADS999002/ADS999002
2026-04-16 08:12:08 | INF | ACTION_TRACE | Acc=admin | Path=/ADS999002/ADS999002 | IP=::1 | Start=2026-04-16 08:12:08.080 | Elapsed=157ms | Status=Completed
2026-04-16 08:13:40 | INF | CONTROLLER_EXEC | Acc= admin | IP=::1 | Path=ADS999002/ADS999002 | Message=GET /ADS999002/ADS999002
2026-04-16 08:13:40 | INF | ACTION_TRACE | Acc=admin | Path=/ADS999002/ADS999002 | IP=::1 | Start=2026-04-16 08:13:40.278 | Elapsed=14ms | Status=Completed
2026-04-16 08:13:41 | INF | CONTROLLER_EXEC | Acc= admin | IP=::1 | Path=ADS999002/ADS999002 | Message=GET /ADS999002/ADS999002
2026-04-16 08:13:41 | INF | ACTION_TRACE | Acc=admin | Path=/ADS999002/ADS999002 | IP=::1 | Start=2026-04-16 08:13:41.721 | Elapsed=20ms | Status=Completed
2026-04-16 08:13:42 | INF | CONTROLLER_EXEC | Acc= admin | IP=::1 | Path=ADS999002/ADS999002 | Message=GET /ADS999002/ADS999002
2026-04-16 08:13:42 | INF | ACTION_TRACE | Acc=admin | Path=/ADS999002/ADS999002 | IP=::1 | Start=2026-04-16 08:13:42.224 | Elapsed=12ms | Status=Completed
2026-04-16 08:23:14 | WRN | No store type was specified for the decimal property 'OveMoney' on entity type 'HROvertime'. This will cause values to be silently truncated if they do not fit in the default precision and scale. Explicitly specify the SQL server column type that can accommodate all the values in 'OnModelCreating' using 'HasColumnType', specify precision and scale using 'HasPrecision', or configure a value converter using 'HasConversion'.
2026-04-16 08:23:14 | WRN | No store type was specified for the decimal property 'Wag1D1Hour' on entity type 'HRWage'. This will cause values to be silently truncated if they do not fit in the default precision and scale. Explicitly specify the SQL server column type that can accommodate all the values in 'OnModelCreating' using 'HasColumnType', specify precision and scale using 'HasPrecision', or configure a value converter using 'HasConversion'.
2026-04-16 08:23:14 | WRN | No store type was specified for the decimal property 'Wag2D1Hour' on entity type 'HRWage'. This will cause values to be silently truncated if they do not fit in the default precision and scale. Explicitly specify the SQL server column type that can accommodate all the values in 'OnModelCreating' using 'HasColumnType', specify precision and scale using 'HasPrecision', or configure a value converter using 'HasConversion'.
2026-04-16 08:23:14 | WRN | No store type was specified for the decimal property 'Wag4D3Hour' on entity type 'HRWage'. This will cause values to be silently truncated if they do not fit in the default precision and scale. Explicitly specify the SQL server column type that can accommodate all the values in 'OnModelCreating' using 'HasColumnType', specify precision and scale using 'HasPrecision', or configure a value converter using 'HasConversion'.
2026-04-16 08:23:14 | WRN | No store type was specified for the decimal property 'Wag5D3Hour' on entity type 'HRWage'. This will cause values to be silently truncated if they do not fit in the default precision and scale. Explicitly specify the SQL server column type that can accommodate all the values in 'OnModelCreating' using 'HasColumnType', specify precision and scale using 'HasPrecision', or configure a value converter using 'HasConversion'.
2026-04-16 08:23:14 | WRN | No store type was specified for the decimal property 'Wag8D3Hour' on entity type 'HRWage'. This will cause values to be silently truncated if they do not fit in the default precision and scale. Explicitly specify the SQL server column type that can accommodate all the values in 'OnModelCreating' using 'HasColumnType', specify precision and scale using 'HasPrecision', or configure a value converter using 'HasConversion'.
2026-04-16 08:23:14 | WRN | No store type was specified for the decimal property 'WagApplyHour' on entity type 'HRWage'. This will cause values to be silently truncated if they do not fit in the default precision and scale. Explicitly specify the SQL server column type that can accommodate all the values in 'OnModelCreating' using 'HasColumnType', specify precision and scale using 'HasPrecision', or configure a value converter using 'HasConversion'.
2026-04-16 08:23:14 | WRN | No store type was specified for the decimal property 'WagIssueHour' on entity type 'HRWage'. This will cause values to be silently truncated if they do not fit in the default precision and scale. Explicitly specify the SQL server column type that can accommodate all the values in 'OnModelCreating' using 'HasColumnType', specify precision and scale using 'HasPrecision', or configure a value converter using 'HasConversion'.
2026-04-16 08:23:14 | WRN | No store type was specified for the decimal property 'WagSubtotal' on entity type 'HRWage'. This will cause values to be silently truncated if they do not fit in the default precision and scale. Explicitly specify the SQL server column type that can accommodate all the values in 'OnModelCreating' using 'HasColumnType', specify precision and scale using 'HasPrecision', or configure a value converter using 'HasConversion'.
2026-04-16 08:23:19 | WRN | The query uses the 'First'/'FirstOrDefault' operator without 'OrderBy' and filter operators. This may lead to unpredictable results.
2026-04-16 08:23:20 | INF | ACTION_TRACE | Acc=admin | Path=/ | IP=::1 | Start=2026-04-16 08:23:13.326 | Elapsed=6793ms | Status=Completed
2026-04-16 08:23:20 | INF | NETWORK_UNSTABLE | Acc=admin | Path=/ | Reason=SlowRequest 6793ms
2026-04-16 08:23:20 | INF | ACTION_TRACE | Acc=admin | Path=/Captcha/Generate | IP=::1 | Start=2026-04-16 08:23:20.299 | Elapsed=40ms | Status=Completed
2026-04-16 08:23:20 | INF | ACTION_TRACE | Acc=admin | Path=/DNTCaptchaImage/Show | IP=::1 | Start=2026-04-16 08:23:20.351 | Elapsed=107ms | Status=Completed
2026-04-16 08:23:29 | INF | ACTION_TRACE | Acc=admin | Path=/AdminPortal/Account/Login | IP=::1 | Start=2026-04-16 08:23:29.784 | Elapsed=124ms | Status=Completed
2026-04-16 08:23:29 | INF | ACTION_TRACE | Acc=admin | Path=/Captcha/Generate | IP=::1 | Start=2026-04-16 08:23:29.976 | Elapsed=4ms | Status=Completed
2026-04-16 08:23:30 | INF | ACTION_TRACE | Acc=admin | Path=/DNTCaptchaImage/Show | IP=::1 | Start=2026-04-16 08:23:29.990 | Elapsed=13ms | Status=Completed
2026-04-16 08:23:44 | INF | ACTION_TRACE | Acc=admin | Path=/AdminPortal/Account/Login | IP=::1 | Start=2026-04-16 08:23:36.326 | Elapsed=8498ms | Status=Completed
2026-04-16 08:23:44 | INF | NETWORK_UNSTABLE | Acc=admin | Path=/AdminPortal/Account/Login | Reason=SlowRequest 8498ms
2026-04-16 08:23:44 | INF | ACTION_TRACE | Acc=admin | Path=/AdminPortal/Home/Index | IP=::1 | Start=2026-04-16 08:23:44.840 | Elapsed=109ms | Status=Completed
2026-04-16 08:23:49 | INF | CONTROLLER_EXEC | Acc= admin | IP=::1 | Path=ADS999002/ADS999002 | Message=GET /ADS999002/ADS999002
2026-04-16 08:23:49 | INF | ACTION_TRACE | Acc=admin | Path=/ADS999002/ADS999002 | IP=::1 | Start=2026-04-16 08:23:49.336 | Elapsed=107ms | Status=Completed
2026-04-16 08:23:50 | INF | ACTION_TRACE | Acc=admin | Path=/.well-known/appspecific/com.chrome.devtools.json | IP=::1 | Start=2026-04-16 08:23:50.454 | Elapsed=0ms | Status=Completed
2026-04-16 08:26:32 | INF | ACTION_TRACE | Acc=admin | Path=/.well-known/appspecific/com.chrome.devtools.json | IP=::1 | Start=2026-04-16 08:26:32.468 | Elapsed=0ms | Status=Completed
2026-04-16 08:27:21 | INF | CONTROLLER_EXEC | Acc= admin | IP=::1 | Path=ADS999002/ADS999002 | Message=GET /ADS999002/ADS999002
2026-04-16 08:27:21 | INF | ACTION_TRACE | Acc=admin | Path=/ADS999002/ADS999002 | IP=::1 | Start=2026-04-16 08:27:21.857 | Elapsed=23ms | Status=Completed
2026-04-16 08:30:43 | INF | ACTION_TRACE | Acc=admin | Path=/.well-known/appspecific/com.chrome.devtools.json | IP=::1 | Start=2026-04-16 08:30:43.277 | Elapsed=0ms | Status=Completed
2026-04-16 08:31:01 | INF | CONTROLLER_EXEC | Acc= admin | IP=::1 | Path=ADS999002/ADS999002 | Message=GET /ADS999002/ADS999002
2026-04-16 08:31:01 | INF | ACTION_TRACE | Acc=admin | Path=/ADS999002/ADS999002 | IP=::1 | Start=2026-04-16 08:31:01.286 | Elapsed=14ms | Status=Completed
2026-04-16 08:31:02 | INF | ACTION_TRACE | Acc=admin | Path=/.well-known/appspecific/com.chrome.devtools.json | IP=::1 | Start=2026-04-16 08:31:02.579 | Elapsed=0ms | Status=Completed
2026-04-16 08:31:04 | INF | CONTROLLER_EXEC | Acc= admin | IP=::1 | Path=ADS999002/ADS999002 | Message=GET /ADS999002/ADS999002
2026-04-16 08:31:04 | INF | ACTION_TRACE | Acc=admin | Path=/ADS999002/ADS999002 | IP=::1 | Start=2026-04-16 08:31:04.394 | Elapsed=14ms | Status=Completed
2026-04-16 08:32:11 | WRN | No store type was specified for the decimal property 'OveMoney' on entity type 'HROvertime'. This will cause values to be silently truncated if they do not fit in the default precision and scale. Explicitly specify the SQL server column type that can accommodate all the values in 'OnModelCreating' using 'HasColumnType', specify precision and scale using 'HasPrecision', or configure a value converter using 'HasConversion'.
2026-04-16 08:32:11 | WRN | No store type was specified for the decimal property 'Wag1D1Hour' on entity type 'HRWage'. This will cause values to be silently truncated if they do not fit in the default precision and scale. Explicitly specify the SQL server column type that can accommodate all the values in 'OnModelCreating' using 'HasColumnType', specify precision and scale using 'HasPrecision', or configure a value converter using 'HasConversion'.
2026-04-16 08:32:11 | WRN | No store type was specified for the decimal property 'Wag2D1Hour' on entity type 'HRWage'. This will cause values to be silently truncated if they do not fit in the default precision and scale. Explicitly specify the SQL server column type that can accommodate all the values in 'OnModelCreating' using 'HasColumnType', specify precision and scale using 'HasPrecision', or configure a value converter using 'HasConversion'.
2026-04-16 08:32:11 | WRN | No store type was specified for the decimal property 'Wag4D3Hour' on entity type 'HRWage'. This will cause values to be silently truncated if they do not fit in the default precision and scale. Explicitly specify the SQL server column type that can accommodate all the values in 'OnModelCreating' using 'HasColumnType', specify precision and scale using 'HasPrecision', or configure a value converter using 'HasConversion'.
2026-04-16 08:32:11 | WRN | No store type was specified for the decimal property 'Wag5D3Hour' on entity type 'HRWage'. This will cause values to be silently truncated if they do not fit in the default precision and scale. Explicitly specify the SQL server column type that can accommodate all the values in 'OnModelCreating' using 'HasColumnType', specify precision and scale using 'HasPrecision', or configure a value converter using 'HasConversion'.
2026-04-16 08:32:11 | WRN | No store type was specified for the decimal property 'Wag8D3Hour' on entity type 'HRWage'. This will cause values to be silently truncated if they do not fit in the default precision and scale. Explicitly specify the SQL server column type that can accommodate all the values in 'OnModelCreating' using 'HasColumnType', specify precision and scale using 'HasPrecision', or configure a value converter using 'HasConversion'.
2026-04-16 08:32:11 | WRN | No store type was specified for the decimal property 'WagApplyHour' on entity type 'HRWage'. This will cause values to be silently truncated if they do not fit in the default precision and scale. Explicitly specify the SQL server column type that can accommodate all the values in 'OnModelCreating' using 'HasColumnType', specify precision and scale using 'HasPrecision', or configure a value converter using 'HasConversion'.
2026-04-16 08:32:11 | WRN | No store type was specified for the decimal property 'WagIssueHour' on entity type 'HRWage'. This will cause values to be silently truncated if they do not fit in the default precision and scale. Explicitly specify the SQL server column type that can accommodate all the values in 'OnModelCreating' using 'HasColumnType', specify precision and scale using 'HasPrecision', or configure a value converter using 'HasConversion'.
2026-04-16 08:32:11 | WRN | No store type was specified for the decimal property 'WagSubtotal' on entity type 'HRWage'. This will cause values to be silently truncated if they do not fit in the default precision and scale. Explicitly specify the SQL server column type that can accommodate all the values in 'OnModelCreating' using 'HasColumnType', specify precision and scale using 'HasPrecision', or configure a value converter using 'HasConversion'.
2026-04-16 08:32:16 | WRN | The query uses the 'First'/'FirstOrDefault' operator without 'OrderBy' and filter operators. This may lead to unpredictable results.
2026-04-16 08:32:17 | INF | ACTION_TRACE | Acc=admin | Path=/ | IP=::1 | Start=2026-04-16 08:32:10.930 | Elapsed=6848ms | Status=Completed
2026-04-16 08:32:17 | INF | NETWORK_UNSTABLE | Acc=admin | Path=/ | Reason=SlowRequest 6848ms
2026-04-16 08:32:17 | INF | ACTION_TRACE | Acc=admin | Path=/Captcha/Generate | IP=::1 | Start=2026-04-16 08:32:17.926 | Elapsed=43ms | Status=Completed
2026-04-16 08:32:18 | INF | ACTION_TRACE | Acc=admin | Path=/DNTCaptchaImage/Show | IP=::1 | Start=2026-04-16 08:32:17.991 | Elapsed=97ms | Status=Completed
2026-04-16 08:32:19 | INF | ACTION_TRACE | Acc=admin | Path=/AdminPortal/Account/Login | IP=::1 | Start=2026-04-16 08:32:19.784 | Elapsed=101ms | Status=Completed
2026-04-16 08:32:19 | INF | ACTION_TRACE | Acc=admin | Path=/Captcha/Generate | IP=::1 | Start=2026-04-16 08:32:19.946 | Elapsed=4ms | Status=Completed
2026-04-16 08:32:19 | INF | ACTION_TRACE | Acc=admin | Path=/DNTCaptchaImage/Show | IP=::1 | Start=2026-04-16 08:32:19.959 | Elapsed=17ms | Status=Completed
2026-04-16 08:32:29 | INF | ACTION_TRACE | Acc=admin | Path=/AdminPortal/Account/Login | IP=::1 | Start=2026-04-16 08:32:22.943 | Elapsed=6429ms | Status=Completed
2026-04-16 08:32:29 | INF | NETWORK_UNSTABLE | Acc=admin | Path=/AdminPortal/Account/Login | Reason=SlowRequest 6429ms
2026-04-16 08:32:29 | INF | ACTION_TRACE | Acc=admin | Path=/AdminPortal/Home/Index | IP=::1 | Start=2026-04-16 08:32:29.386 | Elapsed=122ms | Status=Completed
2026-04-16 08:32:37 | INF | ACTION_TRACE | Acc=admin | Path=/.well-known/appspecific/com.chrome.devtools.json | IP=::1 | Start=2026-04-16 08:32:37.095 | Elapsed=0ms | Status=Completed
2026-04-16 08:32:40 | INF | CONTROLLER_EXEC | Acc= admin | IP=::1 | Path=ADS999002/ADS999002 | Message=GET /ADS999002/ADS999002
2026-04-16 08:32:41 | INF | ACTION_TRACE | Acc=admin | Path=/ADS999002/ADS999002 | IP=::1 | Start=2026-04-16 08:32:40.899 | Elapsed=114ms | Status=Completed
2026-04-16 08:32:53 | INF | ACTION_TRACE | Acc=admin | Path=/AdminPortal/Home/Index | IP=::1 | Start=2026-04-16 08:32:53.909 | Elapsed=29ms | Status=Completed
2026-04-16 08:32:54 | INF | ACTION_TRACE | Acc=admin | Path=/.well-known/appspecific/com.chrome.devtools.json | IP=::1 | Start=2026-04-16 08:32:54.002 | Elapsed=0ms | Status=Completed
2026-04-16 08:32:56 | INF | CONTROLLER_EXEC | Acc= admin | IP=::1 | Path=ADS999002/ADS999002 | Message=GET /ADS999002/ADS999002
2026-04-16 08:32:56 | INF | ACTION_TRACE | Acc=admin | Path=/ADS999002/ADS999002 | IP=::1 | Start=2026-04-16 08:32:56.534 | Elapsed=10ms | Status=Completed
2026-04-16 08:38:12 | WRN | No store type was specified for the decimal property 'OveMoney' on entity type 'HROvertime'. This will cause values to be silently truncated if they do not fit in the default precision and scale. Explicitly specify the SQL server column type that can accommodate all the values in 'OnModelCreating' using 'HasColumnType', specify precision and scale using 'HasPrecision', or configure a value converter using 'HasConversion'.
2026-04-16 08:38:12 | WRN | No store type was specified for the decimal property 'Wag1D1Hour' on entity type 'HRWage'. This will cause values to be silently truncated if they do not fit in the default precision and scale. Explicitly specify the SQL server column type that can accommodate all the values in 'OnModelCreating' using 'HasColumnType', specify precision and scale using 'HasPrecision', or configure a value converter using 'HasConversion'.
2026-04-16 08:38:12 | WRN | No store type was specified for the decimal property 'Wag2D1Hour' on entity type 'HRWage'. This will cause values to be silently truncated if they do not fit in the default precision and scale. Explicitly specify the SQL server column type that can accommodate all the values in 'OnModelCreating' using 'HasColumnType', specify precision and scale using 'HasPrecision', or configure a value converter using 'HasConversion'.
2026-04-16 08:38:12 | WRN | No store type was specified for the decimal property 'Wag4D3Hour' on entity type 'HRWage'. This will cause values to be silently truncated if they do not fit in the default precision and scale. Explicitly specify the SQL server column type that can accommodate all the values in 'OnModelCreating' using 'HasColumnType', specify precision and scale using 'HasPrecision', or configure a value converter using 'HasConversion'.
2026-04-16 08:38:12 | WRN | No store type was specified for the decimal property 'Wag5D3Hour' on entity type 'HRWage'. This will cause values to be silently truncated if they do not fit in the default precision and scale. Explicitly specify the SQL server column type that can accommodate all the values in 'OnModelCreating' using 'HasColumnType', specify precision and scale using 'HasPrecision', or configure a value converter using 'HasConversion'.
2026-04-16 08:38:12 | WRN | No store type was specified for the decimal property 'Wag8D3Hour' on entity type 'HRWage'. This will cause values to be silently truncated if they do not fit in the default precision and scale. Explicitly specify the SQL server column type that can accommodate all the values in 'OnModelCreating' using 'HasColumnType', specify precision and scale using 'HasPrecision', or configure a value converter using 'HasConversion'.
2026-04-16 08:38:12 | WRN | No store type was specified for the decimal property 'WagApplyHour' on entity type 'HRWage'. This will cause values to be silently truncated if they do not fit in the default precision and scale. Explicitly specify the SQL server column type that can accommodate all the values in 'OnModelCreating' using 'HasColumnType', specify precision and scale using 'HasPrecision', or configure a value converter using 'HasConversion'.
2026-04-16 08:38:12 | WRN | No store type was specified for the decimal property 'WagIssueHour' on entity type 'HRWage'. This will cause values to be silently truncated if they do not fit in the default precision and scale. Explicitly specify the SQL server column type that can accommodate all the values in 'OnModelCreating' using 'HasColumnType', specify precision and scale using 'HasPrecision', or configure a value converter using 'HasConversion'.
2026-04-16 08:38:12 | WRN | No store type was specified for the decimal property 'WagSubtotal' on entity type 'HRWage'. This will cause values to be silently truncated if they do not fit in the default precision and scale. Explicitly specify the SQL server column type that can accommodate all the values in 'OnModelCreating' using 'HasColumnType', specify precision and scale using 'HasPrecision', or configure a value converter using 'HasConversion'.
2026-04-16 08:38:17 | WRN | The query uses the 'First'/'FirstOrDefault' operator without 'OrderBy' and filter operators. This may lead to unpredictable results.
2026-04-16 08:38:18 | INF | ACTION_TRACE | Acc=admin | Path=/ | IP=::1 | Start=2026-04-16 08:38:11.753 | Elapsed=6838ms | Status=Completed
2026-04-16 08:38:18 | INF | NETWORK_UNSTABLE | Acc=admin | Path=/ | Reason=SlowRequest 6838ms
2026-04-16 08:38:18 | INF | ACTION_TRACE | Acc=admin | Path=/Captcha/Generate | IP=::1 | Start=2026-04-16 08:38:18.742 | Elapsed=57ms | Status=Completed
2026-04-16 08:38:18 | INF | ACTION_TRACE | Acc=admin | Path=/DNTCaptchaImage/Show | IP=::1 | Start=2026-04-16 08:38:18.814 | Elapsed=95ms | Status=Completed
2026-04-16 08:38:25 | INF | ACTION_TRACE | Acc=admin | Path=/AdminPortal/Account/Login | IP=::1 | Start=2026-04-16 08:38:25.310 | Elapsed=100ms | Status=Completed
2026-04-16 08:38:25 | INF | ACTION_TRACE | Acc=admin | Path=/Captcha/Generate | IP=::1 | Start=2026-04-16 08:38:25.473 | Elapsed=4ms | Status=Completed
2026-04-16 08:38:25 | INF | ACTION_TRACE | Acc=admin | Path=/DNTCaptchaImage/Show | IP=::1 | Start=2026-04-16 08:38:25.484 | Elapsed=15ms | Status=Completed
2026-04-16 08:38:30 | INF | ACTION_TRACE | Acc=admin | Path=/AdminPortal/Account/Login | IP=::1 | Start=2026-04-16 08:38:28.827 | Elapsed=1236ms | Status=Completed
2026-04-16 08:38:30 | INF | ACTION_TRACE | Acc=admin | Path=/Captcha/Generate | IP=::1 | Start=2026-04-16 08:38:30.131 | Elapsed=1ms | Status=Completed
2026-04-16 08:38:30 | INF | ACTION_TRACE | Acc=admin | Path=/DNTCaptchaImage/Show | IP=::1 | Start=2026-04-16 08:38:30.139 | Elapsed=14ms | Status=Completed
2026-04-16 08:38:45 | INF | ACTION_TRACE | Acc=admin | Path=/AdminPortal/Account/Login | IP=::1 | Start=2026-04-16 08:38:39.200 | Elapsed=6217ms | Status=Completed
2026-04-16 08:38:45 | INF | NETWORK_UNSTABLE | Acc=admin | Path=/AdminPortal/Account/Login | Reason=SlowRequest 6217ms
2026-04-16 08:38:45 | INF | ACTION_TRACE | Acc=admin | Path=/AdminPortal/Home/Index | IP=::1 | Start=2026-04-16 08:38:45.429 | Elapsed=111ms | Status=Completed
2026-04-16 08:39:11 | INF | ACTION_TRACE | Acc=admin | Path=/.well-known/appspecific/com.chrome.devtools.json | IP=::1 | Start=2026-04-16 08:39:11.512 | Elapsed=0ms | Status=Completed
2026-04-16 08:39:21 | INF | CONTROLLER_EXEC | Acc= admin | IP=::1 | Path=ADS999002/ADS999002 | Message=GET /ADS999002/ADS999002
2026-04-16 08:39:21 | INF | ACTION_TRACE | Acc=admin | Path=/ADS999002/ADS999002 | IP=::1 | Start=2026-04-16 08:39:20.970 | Elapsed=105ms | Status=Completed
2026-04-16 08:41:51 | WRN | No store type was specified for the decimal property 'OveMoney' on entity type 'HROvertime'. This will cause values to be silently truncated if they do not fit in the default precision and scale. Explicitly specify the SQL server column type that can accommodate all the values in 'OnModelCreating' using 'HasColumnType', specify precision and scale using 'HasPrecision', or configure a value converter using 'HasConversion'.
2026-04-16 08:41:51 | WRN | No store type was specified for the decimal property 'Wag1D1Hour' on entity type 'HRWage'. This will cause values to be silently truncated if they do not fit in the default precision and scale. Explicitly specify the SQL server column type that can accommodate all the values in 'OnModelCreating' using 'HasColumnType', specify precision and scale using 'HasPrecision', or configure a value converter using 'HasConversion'.
2026-04-16 08:41:51 | WRN | No store type was specified for the decimal property 'Wag2D1Hour' on entity type 'HRWage'. This will cause values to be silently truncated if they do not fit in the default precision and scale. Explicitly specify the SQL server column type that can accommodate all the values in 'OnModelCreating' using 'HasColumnType', specify precision and scale using 'HasPrecision', or configure a value converter using 'HasConversion'.
2026-04-16 08:41:51 | WRN | No store type was specified for the decimal property 'Wag4D3Hour' on entity type 'HRWage'. This will cause values to be silently truncated if they do not fit in the default precision and scale. Explicitly specify the SQL server column type that can accommodate all the values in 'OnModelCreating' using 'HasColumnType', specify precision and scale using 'HasPrecision', or configure a value converter using 'HasConversion'.
2026-04-16 08:41:51 | WRN | No store type was specified for the decimal property 'Wag5D3Hour' on entity type 'HRWage'. This will cause values to be silently truncated if they do not fit in the default precision and scale. Explicitly specify the SQL server column type that can accommodate all the values in 'OnModelCreating' using 'HasColumnType', specify precision and scale using 'HasPrecision', or configure a value converter using 'HasConversion'.
2026-04-16 08:41:51 | WRN | No store type was specified for the decimal property 'Wag8D3Hour' on entity type 'HRWage'. This will cause values to be silently truncated if they do not fit in the default precision and scale. Explicitly specify the SQL server column type that can accommodate all the values in 'OnModelCreating' using 'HasColumnType', specify precision and scale using 'HasPrecision', or configure a value converter using 'HasConversion'.
2026-04-16 08:41:51 | WRN | No store type was specified for the decimal property 'WagApplyHour' on entity type 'HRWage'. This will cause values to be silently truncated if they do not fit in the default precision and scale. Explicitly specify the SQL server column type that can accommodate all the values in 'OnModelCreating' using 'HasColumnType', specify precision and scale using 'HasPrecision', or configure a value converter using 'HasConversion'.
2026-04-16 08:41:51 | WRN | No store type was specified for the decimal property 'WagIssueHour' on entity type 'HRWage'. This will cause values to be silently truncated if they do not fit in the default precision and scale. Explicitly specify the SQL server column type that can accommodate all the values in 'OnModelCreating' using 'HasColumnType', specify precision and scale using 'HasPrecision', or configure a value converter using 'HasConversion'.
2026-04-16 08:41:51 | WRN | No store type was specified for the decimal property 'WagSubtotal' on entity type 'HRWage'. This will cause values to be silently truncated if they do not fit in the default precision and scale. Explicitly specify the SQL server column type that can accommodate all the values in 'OnModelCreating' using 'HasColumnType', specify precision and scale using 'HasPrecision', or configure a value converter using 'HasConversion'.
2026-04-16 08:41:56 | WRN | The query uses the 'First'/'FirstOrDefault' operator without 'OrderBy' and filter operators. This may lead to unpredictable results.
2026-04-16 08:41:57 | INF | ACTION_TRACE | Acc=admin | Path=/ | IP=::1 | Start=2026-04-16 08:41:50.738 | Elapsed=6818ms | Status=Completed
2026-04-16 08:41:57 | INF | NETWORK_UNSTABLE | Acc=admin | Path=/ | Reason=SlowRequest 6818ms
2026-04-16 08:41:57 | INF | ACTION_TRACE | Acc=admin | Path=/Captcha/Generate | IP=::1 | Start=2026-04-16 08:41:57.703 | Elapsed=38ms | Status=Completed
2026-04-16 08:41:57 | INF | ACTION_TRACE | Acc=admin | Path=/DNTCaptchaImage/Show | IP=::1 | Start=2026-04-16 08:41:57.758 | Elapsed=100ms | Status=Completed
2026-04-16 08:41:59 | INF | ACTION_TRACE | Acc=admin | Path=/AdminPortal/Account/Login | IP=::1 | Start=2026-04-16 08:41:59.332 | Elapsed=98ms | Status=Completed
2026-04-16 08:41:59 | INF | ACTION_TRACE | Acc=admin | Path=/Captcha/Generate | IP=::1 | Start=2026-04-16 08:41:59.502 | Elapsed=5ms | Status=Completed
2026-04-16 08:41:59 | INF | ACTION_TRACE | Acc=admin | Path=/DNTCaptchaImage/Show | IP=::1 | Start=2026-04-16 08:41:59.516 | Elapsed=18ms | Status=Completed
2026-04-16 08:42:10 | INF | ACTION_TRACE | Acc=admin | Path=/AdminPortal/Account/Login | IP=::1 | Start=2026-04-16 08:42:02.094 | Elapsed=7960ms | Status=Completed
2026-04-16 08:42:10 | INF | NETWORK_UNSTABLE | Acc=admin | Path=/AdminPortal/Account/Login | Reason=SlowRequest 7960ms
2026-04-16 08:42:10 | INF | ACTION_TRACE | Acc=admin | Path=/AdminPortal/Home/Index | IP=::1 | Start=2026-04-16 08:42:10.074 | Elapsed=110ms | Status=Completed
2026-04-16 08:42:15 | INF | ACTION_TRACE | Acc=admin | Path=/.well-known/appspecific/com.chrome.devtools.json | IP=::1 | Start=2026-04-16 08:42:15.341 | Elapsed=0ms | Status=Completed
2026-04-16 08:42:22 | INF | CONTROLLER_EXEC | Acc= admin | IP=::1 | Path=ADS999002/ADS999002 | Message=GET /ADS999002/ADS999002
2026-04-16 08:42:22 | INF | ACTION_TRACE | Acc=admin | Path=/ADS999002/ADS999002 | IP=::1 | Start=2026-04-16 08:42:22.455 | Elapsed=112ms | Status=Completed
2026-04-16 08:48:18 | WRN | No store type was specified for the decimal property 'OveMoney' on entity type 'HROvertime'. This will cause values to be silently truncated if they do not fit in the default precision and scale. Explicitly specify the SQL server column type that can accommodate all the values in 'OnModelCreating' using 'HasColumnType', specify precision and scale using 'HasPrecision', or configure a value converter using 'HasConversion'.
2026-04-16 08:48:18 | WRN | No store type was specified for the decimal property 'Wag1D1Hour' on entity type 'HRWage'. This will cause values to be silently truncated if they do not fit in the default precision and scale. Explicitly specify the SQL server column type that can accommodate all the values in 'OnModelCreating' using 'HasColumnType', specify precision and scale using 'HasPrecision', or configure a value converter using 'HasConversion'.
2026-04-16 08:48:18 | WRN | No store type was specified for the decimal property 'Wag2D1Hour' on entity type 'HRWage'. This will cause values to be silently truncated if they do not fit in the default precision and scale. Explicitly specify the SQL server column type that can accommodate all the values in 'OnModelCreating' using 'HasColumnType', specify precision and scale using 'HasPrecision', or configure a value converter using 'HasConversion'.
2026-04-16 08:48:18 | WRN | No store type was specified for the decimal property 'Wag4D3Hour' on entity type 'HRWage'. This will cause values to be silently truncated if they do not fit in the default precision and scale. Explicitly specify the SQL server column type that can accommodate all the values in 'OnModelCreating' using 'HasColumnType', specify precision and scale using 'HasPrecision', or configure a value converter using 'HasConversion'.
2026-04-16 08:48:18 | WRN | No store type was specified for the decimal property 'Wag5D3Hour' on entity type 'HRWage'. This will cause values to be silently truncated if they do not fit in the default precision and scale. Explicitly specify the SQL server column type that can accommodate all the values in 'OnModelCreating' using 'HasColumnType', specify precision and scale using 'HasPrecision', or configure a value converter using 'HasConversion'.
2026-04-16 08:48:18 | WRN | No store type was specified for the decimal property 'Wag8D3Hour' on entity type 'HRWage'. This will cause values to be silently truncated if they do not fit in the default precision and scale. Explicitly specify the SQL server column type that can accommodate all the values in 'OnModelCreating' using 'HasColumnType', specify precision and scale using 'HasPrecision', or configure a value converter using 'HasConversion'.
2026-04-16 08:48:18 | WRN | No store type was specified for the decimal property 'WagApplyHour' on entity type 'HRWage'. This will cause values to be silently truncated if they do not fit in the default precision and scale. Explicitly specify the SQL server column type that can accommodate all the values in 'OnModelCreating' using 'HasColumnType', specify precision and scale using 'HasPrecision', or configure a value converter using 'HasConversion'.
2026-04-16 08:48:18 | WRN | No store type was specified for the decimal property 'WagIssueHour' on entity type 'HRWage'. This will cause values to be silently truncated if they do not fit in the default precision and scale. Explicitly specify the SQL server column type that can accommodate all the values in 'OnModelCreating' using 'HasColumnType', specify precision and scale using 'HasPrecision', or configure a value converter using 'HasConversion'.
2026-04-16 08:48:18 | WRN | No store type was specified for the decimal property 'WagSubtotal' on entity type 'HRWage'. This will cause values to be silently truncated if they do not fit in the default precision and scale. Explicitly specify the SQL server column type that can accommodate all the values in 'OnModelCreating' using 'HasColumnType', specify precision and scale using 'HasPrecision', or configure a value converter using 'HasConversion'.
2026-04-16 08:48:23 | WRN | The query uses the 'First'/'FirstOrDefault' operator without 'OrderBy' and filter operators. This may lead to unpredictable results.
2026-04-16 08:48:24 | INF | ACTION_TRACE | Acc=admin | Path=/ | IP=::1 | Start=2026-04-16 08:48:17.750 | Elapsed=7157ms | Status=Completed
2026-04-16 08:48:24 | INF | NETWORK_UNSTABLE | Acc=admin | Path=/ | Reason=SlowRequest 7157ms
2026-04-16 08:48:25 | INF | ACTION_TRACE | Acc=admin | Path=/Captcha/Generate | IP=::1 | Start=2026-04-16 08:48:25.087 | Elapsed=51ms | Status=Completed
2026-04-16 08:48:25 | INF | ACTION_TRACE | Acc=admin | Path=/DNTCaptchaImage/Show | IP=::1 | Start=2026-04-16 08:48:25.163 | Elapsed=105ms | Status=Completed
2026-04-16 08:49:16 | WRN | No store type was specified for the decimal property 'OveMoney' on entity type 'HROvertime'. This will cause values to be silently truncated if they do not fit in the default precision and scale. Explicitly specify the SQL server column type that can accommodate all the values in 'OnModelCreating' using 'HasColumnType', specify precision and scale using 'HasPrecision', or configure a value converter using 'HasConversion'.
2026-04-16 08:49:16 | WRN | No store type was specified for the decimal property 'Wag1D1Hour' on entity type 'HRWage'. This will cause values to be silently truncated if they do not fit in the default precision and scale. Explicitly specify the SQL server column type that can accommodate all the values in 'OnModelCreating' using 'HasColumnType', specify precision and scale using 'HasPrecision', or configure a value converter using 'HasConversion'.
2026-04-16 08:49:16 | WRN | No store type was specified for the decimal property 'Wag2D1Hour' on entity type 'HRWage'. This will cause values to be silently truncated if they do not fit in the default precision and scale. Explicitly specify the SQL server column type that can accommodate all the values in 'OnModelCreating' using 'HasColumnType', specify precision and scale using 'HasPrecision', or configure a value converter using 'HasConversion'.
2026-04-16 08:49:16 | WRN | No store type was specified for the decimal property 'Wag4D3Hour' on entity type 'HRWage'. This will cause values to be silently truncated if they do not fit in the default precision and scale. Explicitly specify the SQL server column type that can accommodate all the values in 'OnModelCreating' using 'HasColumnType', specify precision and scale using 'HasPrecision', or configure a value converter using 'HasConversion'.
2026-04-16 08:49:16 | WRN | No store type was specified for the decimal property 'Wag5D3Hour' on entity type 'HRWage'. This will cause values to be silently truncated if they do not fit in the default precision and scale. Explicitly specify the SQL server column type that can accommodate all the values in 'OnModelCreating' using 'HasColumnType', specify precision and scale using 'HasPrecision', or configure a value converter using 'HasConversion'.
2026-04-16 08:49:16 | WRN | No store type was specified for the decimal property 'Wag8D3Hour' on entity type 'HRWage'. This will cause values to be silently truncated if they do not fit in the default precision and scale. Explicitly specify the SQL server column type that can accommodate all the values in 'OnModelCreating' using 'HasColumnType', specify precision and scale using 'HasPrecision', or configure a value converter using 'HasConversion'.
2026-04-16 08:49:16 | WRN | No store type was specified for the decimal property 'WagApplyHour' on entity type 'HRWage'. This will cause values to be silently truncated if they do not fit in the default precision and scale. Explicitly specify the SQL server column type that can accommodate all the values in 'OnModelCreating' using 'HasColumnType', specify precision and scale using 'HasPrecision', or configure a value converter using 'HasConversion'.
2026-04-16 08:49:16 | WRN | No store type was specified for the decimal property 'WagIssueHour' on entity type 'HRWage'. This will cause values to be silently truncated if they do not fit in the default precision and scale. Explicitly specify the SQL server column type that can accommodate all the values in 'OnModelCreating' using 'HasColumnType', specify precision and scale using 'HasPrecision', or configure a value converter using 'HasConversion'.
2026-04-16 08:49:16 | WRN | No store type was specified for the decimal property 'WagSubtotal' on entity type 'HRWage'. This will cause values to be silently truncated if they do not fit in the default precision and scale. Explicitly specify the SQL server column type that can accommodate all the values in 'OnModelCreating' using 'HasColumnType', specify precision and scale using 'HasPrecision', or configure a value converter using 'HasConversion'.
2026-04-16 08:49:21 | WRN | The query uses the 'First'/'FirstOrDefault' operator without 'OrderBy' and filter operators. This may lead to unpredictable results.
2026-04-16 08:49:22 | INF | ACTION_TRACE | Acc=admin | Path=/ | IP=::1 | Start=2026-04-16 08:49:15.514 | Elapsed=6949ms | Status=Completed
2026-04-16 08:49:22 | INF | NETWORK_UNSTABLE | Acc=admin | Path=/ | Reason=SlowRequest 6949ms
2026-04-16 08:49:22 | INF | ACTION_TRACE | Acc=admin | Path=/Captcha/Generate | IP=::1 | Start=2026-04-16 08:49:22.634 | Elapsed=52ms | Status=Completed
2026-04-16 08:49:22 | INF | ACTION_TRACE | Acc=admin | Path=/DNTCaptchaImage/Show | IP=::1 | Start=2026-04-16 08:49:22.696 | Elapsed=118ms | Status=Completed
2026-04-16 08:49:28 | INF | ACTION_TRACE | Acc=admin | Path=/AdminPortal/Account/Login | IP=::1 | Start=2026-04-16 08:49:28.778 | Elapsed=100ms | Status=Completed
2026-04-16 08:49:28 | INF | ACTION_TRACE | Acc=admin | Path=/Captcha/Generate | IP=::1 | Start=2026-04-16 08:49:28.960 | Elapsed=4ms | Status=Completed
2026-04-16 08:49:28 | INF | ACTION_TRACE | Acc=admin | Path=/DNTCaptchaImage/Show | IP=::1 | Start=2026-04-16 08:49:28.971 | Elapsed=15ms | Status=Completed
2026-04-16 08:49:40 | INF | ACTION_TRACE | Acc=admin | Path=/AdminPortal/Account/Login | IP=::1 | Start=2026-04-16 08:49:32.483 | Elapsed=7758ms | Status=Completed
2026-04-16 08:49:40 | INF | NETWORK_UNSTABLE | Acc=admin | Path=/AdminPortal/Account/Login | Reason=SlowRequest 7758ms
2026-04-16 08:49:40 | INF | ACTION_TRACE | Acc=admin | Path=/AdminPortal/Home/Index | IP=::1 | Start=2026-04-16 08:49:40.255 | Elapsed=117ms | Status=Completed
2026-04-16 08:49:43 | INF | CONTROLLER_EXEC | Acc= admin | IP=::1 | Path=ADS999002/ADS999002 | Message=GET /ADS999002/ADS999002
2026-04-16 08:49:43 | INF | ACTION_TRACE | Acc=admin | Path=/ADS999002/ADS999002 | IP=::1 | Start=2026-04-16 08:49:43.748 | Elapsed=93ms | Status=Completed
2026-04-16 08:49:45 | INF | ACTION_TRACE | Acc=admin | Path=/.well-known/appspecific/com.chrome.devtools.json | IP=::1 | Start=2026-04-16 08:49:45.800 | Elapsed=0ms | Status=Completed
2026-04-16 08:49:53 | INF | ACTION_TRACE | Acc=admin | Path=/AdminPortal/Home/Index | IP=::1 | Start=2026-04-16 08:49:53.314 | Elapsed=20ms | Status=Completed
2026-04-16 08:49:53 | INF | ACTION_TRACE | Acc=admin | Path=/.well-known/appspecific/com.chrome.devtools.json | IP=::1 | Start=2026-04-16 08:49:53.404 | Elapsed=0ms | Status=Completed
2026-04-16 08:50:08 | INF | CONTROLLER_EXEC | Acc= admin | IP=::1 | Path=ADS999002/ADS999002 | Message=GET /ADS999002/ADS999002
2026-04-16 08:50:08 | INF | ACTION_TRACE | Acc=admin | Path=/ADS999002/ADS999002 | IP=::1 | Start=2026-04-16 08:50:08.718 | Elapsed=6ms | Status=Completed
2026-04-16 08:51:04 | INF | ACTION_TRACE | Acc=admin | Path=/AdminPortal/Home/Index | IP=::1 | Start=2026-04-16 08:51:04.965 | Elapsed=24ms | Status=Completed
2026-04-16 08:51:05 | INF | ACTION_TRACE | Acc=admin | Path=/.well-known/appspecific/com.chrome.devtools.json | IP=::1 | Start=2026-04-16 08:51:05.056 | Elapsed=0ms | Status=Completed
2026-04-16 08:51:05 | INF | ACTION_TRACE | Acc=admin | Path=/AdminPortal/Home/Index | IP=::1 | Start=2026-04-16 08:51:05.718 | Elapsed=5ms | Status=Completed
2026-04-16 08:51:05 | INF | ACTION_TRACE | Acc=admin | Path=/.well-known/appspecific/com.chrome.devtools.json | IP=::1 | Start=2026-04-16 08:51:05.758 | Elapsed=0ms | Status=Completed
2026-04-16 08:51:12 | INF | CONTROLLER_EXEC | Acc= admin | IP=::1 | Path=ADS999002/ADS999002 | Message=GET /ADS999002/ADS999002
2026-04-16 08:51:12 | INF | ACTION_TRACE | Acc=admin | Path=/ADS999002/ADS999002 | IP=::1 | Start=2026-04-16 08:51:12.337 | Elapsed=40ms | Status=Completed
2026-04-16 08:52:24 | INF | CONTROLLER_EXEC | Acc= admin | IP=::1 | Path=ADS999002/ADS999002 | Message=GET /ADS999002/ADS999002
2026-04-16 08:52:24 | INF | ACTION_TRACE | Acc=admin | Path=/ADS999002/ADS999002 | IP=::1 | Start=2026-04-16 08:52:24.341 | Elapsed=8ms | Status=Completed
2026-04-16 08:52:25 | INF | CONTROLLER_EXEC | Acc= admin | IP=::1 | Path=ADS999002/ADS999002 | Message=GET /ADS999002/ADS999002
2026-04-16 08:52:25 | INF | ACTION_TRACE | Acc=admin | Path=/ADS999002/ADS999002 | IP=::1 | Start=2026-04-16 08:52:25.512 | Elapsed=5ms | Status=Completed
2026-04-16 08:52:26 | INF | CONTROLLER_EXEC | Acc= admin | IP=::1 | Path=ADS999002/ADS999002 | Message=GET /ADS999002/ADS999002
2026-04-16 08:52:26 | INF | ACTION_TRACE | Acc=admin | Path=/ADS999002/ADS999002 | IP=::1 | Start=2026-04-16 08:52:26.446 | Elapsed=13ms | Status=Completed
2026-04-16 08:52:27 | INF | CONTROLLER_EXEC | Acc= admin | IP=::1 | Path=ADS999002/ADS999002 | Message=GET /ADS999002/ADS999002
2026-04-16 08:52:27 | INF | ACTION_TRACE | Acc=admin | Path=/ADS999002/ADS999002 | IP=::1 | Start=2026-04-16 08:52:27.228 | Elapsed=5ms | Status=Completed
2026-04-16 08:58:05 | WRN | No store type was specified for the decimal property 'OveMoney' on entity type 'HROvertime'. This will cause values to be silently truncated if they do not fit in the default precision and scale. Explicitly specify the SQL server column type that can accommodate all the values in 'OnModelCreating' using 'HasColumnType', specify precision and scale using 'HasPrecision', or configure a value converter using 'HasConversion'.
2026-04-16 08:58:05 | WRN | No store type was specified for the decimal property 'Wag1D1Hour' on entity type 'HRWage'. This will cause values to be silently truncated if they do not fit in the default precision and scale. Explicitly specify the SQL server column type that can accommodate all the values in 'OnModelCreating' using 'HasColumnType', specify precision and scale using 'HasPrecision', or configure a value converter using 'HasConversion'.
2026-04-16 08:58:05 | WRN | No store type was specified for the decimal property 'Wag2D1Hour' on entity type 'HRWage'. This will cause values to be silently truncated if they do not fit in the default precision and scale. Explicitly specify the SQL server column type that can accommodate all the values in 'OnModelCreating' using 'HasColumnType', specify precision and scale using 'HasPrecision', or configure a value converter using 'HasConversion'.
2026-04-16 08:58:05 | WRN | No store type was specified for the decimal property 'Wag4D3Hour' on entity type 'HRWage'. This will cause values to be silently truncated if they do not fit in the default precision and scale. Explicitly specify the SQL server column type that can accommodate all the values in 'OnModelCreating' using 'HasColumnType', specify precision and scale using 'HasPrecision', or configure a value converter using 'HasConversion'.
2026-04-16 08:58:05 | WRN | No store type was specified for the decimal property 'Wag5D3Hour' on entity type 'HRWage'. This will cause values to be silently truncated if they do not fit in the default precision and scale. Explicitly specify the SQL server column type that can accommodate all the values in 'OnModelCreating' using 'HasColumnType', specify precision and scale using 'HasPrecision', or configure a value converter using 'HasConversion'.
2026-04-16 08:58:05 | WRN | No store type was specified for the decimal property 'Wag8D3Hour' on entity type 'HRWage'. This will cause values to be silently truncated if they do not fit in the default precision and scale. Explicitly specify the SQL server column type that can accommodate all the values in 'OnModelCreating' using 'HasColumnType', specify precision and scale using 'HasPrecision', or configure a value converter using 'HasConversion'.
2026-04-16 08:58:05 | WRN | No store type was specified for the decimal property 'WagApplyHour' on entity type 'HRWage'. This will cause values to be silently truncated if they do not fit in the default precision and scale. Explicitly specify the SQL server column type that can accommodate all the values in 'OnModelCreating' using 'HasColumnType', specify precision and scale using 'HasPrecision', or configure a value converter using 'HasConversion'.
2026-04-16 08:58:05 | WRN | No store type was specified for the decimal property 'WagIssueHour' on entity type 'HRWage'. This will cause values to be silently truncated if they do not fit in the default precision and scale. Explicitly specify the SQL server column type that can accommodate all the values in 'OnModelCreating' using 'HasColumnType', specify precision and scale using 'HasPrecision', or configure a value converter using 'HasConversion'.
2026-04-16 08:58:05 | WRN | No store type was specified for the decimal property 'WagSubtotal' on entity type 'HRWage'. This will cause values to be silently truncated if they do not fit in the default precision and scale. Explicitly specify the SQL server column type that can accommodate all the values in 'OnModelCreating' using 'HasColumnType', specify precision and scale using 'HasPrecision', or configure a value converter using 'HasConversion'.
2026-04-16 08:58:10 | WRN | The query uses the 'First'/'FirstOrDefault' operator without 'OrderBy' and filter operators. This may lead to unpredictable results.
2026-04-16 08:58:11 | INF | ACTION_TRACE | Acc=admin | Path=/ | IP=::1 | Start=2026-04-16 08:58:04.172 | Elapsed=6842ms | Status=Completed
2026-04-16 08:58:11 | INF | NETWORK_UNSTABLE | Acc=admin | Path=/ | Reason=SlowRequest 6842ms
2026-04-16 08:58:11 | INF | ACTION_TRACE | Acc=admin | Path=/Captcha/Generate | IP=::1 | Start=2026-04-16 08:58:11.172 | Elapsed=37ms | Status=Completed
2026-04-16 08:58:11 | INF | ACTION_TRACE | Acc=admin | Path=/DNTCaptchaImage/Show | IP=::1 | Start=2026-04-16 08:58:11.228 | Elapsed=99ms | Status=Completed
2026-04-16 08:58:20 | INF | ACTION_TRACE | Acc=admin | Path=/Account/Login | IP=::1 | Start=2026-04-16 08:58:14.714 | Elapsed=6271ms | Status=Completed
2026-04-16 08:58:20 | INF | NETWORK_UNSTABLE | Acc=admin | Path=/Account/Login | Reason=SlowRequest 6271ms
2026-04-16 08:58:21 | INF | ACTION_TRACE | Acc=admin | Path=/Home/Index | IP=::1 | Start=2026-04-16 08:58:20.998 | Elapsed=358ms | Status=Completed
2026-04-16 08:58:26 | INF | ACTION_TRACE | Acc=admin | Path=/Report/Query | IP=::1 | Start=2026-04-16 08:58:26.906 | Elapsed=0ms | Status=Completed
2026-04-16 08:58:27 | INF | ACTION_TRACE | Acc=admin | Path=/Report/Query | IP=::1 | Start=2026-04-16 08:58:27.741 | Elapsed=0ms | Status=Completed
2026-04-16 08:58:28 | INF | ACTION_TRACE | Acc=admin | Path=/Report/Query | IP=::1 | Start=2026-04-16 08:58:28.459 | Elapsed=0ms | Status=Completed
2026-04-16 08:58:29 | INF | ACTION_TRACE | Acc=admin | Path=/Report/Query | IP=::1 | Start=2026-04-16 08:58:29.173 | Elapsed=0ms | Status=Completed
2026-04-16 08:58:29 | INF | ACTION_TRACE | Acc=admin | Path=/Report/Query | IP=::1 | Start=2026-04-16 08:58:29.773 | Elapsed=0ms | Status=Completed
2026-04-16 08:58:30 | INF | ACTION_TRACE | Acc=admin | Path=/Report/Query | IP=::1 | Start=2026-04-16 08:58:30.128 | Elapsed=0ms | Status=Completed
2026-04-16 08:58:30 | INF | ACTION_TRACE | Acc=admin | Path=/Report/Query | IP=::1 | Start=2026-04-16 08:58:30.682 | Elapsed=0ms | Status=Completed
2026-04-16 08:58:34 | INF | ACTION_TRACE | Acc=admin | Path=/Account/Logout | IP=::1 | Start=2026-04-16 08:58:34.005 | Elapsed=13ms | Status=Completed
2026-04-16 08:58:44 | INF | ACTION_TRACE | Acc=admin | Path=/AdminPortal/Home/Index | IP=::1 | Start=2026-04-16 08:58:44.720 | Elapsed=74ms | Status=Completed
2026-04-16 08:58:48 | INF | CONTROLLER_EXEC | Acc= admin | IP=::1 | Path=ADS999002/ADS999002 | Message=GET /ADS999002/ADS999002
2026-04-16 08:58:48 | INF | ACTION_TRACE | Acc=admin | Path=/ADS999002/ADS999002 | IP=::1 | Start=2026-04-16 08:58:48.277 | Elapsed=87ms | Status=Completed
2026-04-16 08:58:49 | INF | CONTROLLER_EXEC | Acc= admin | IP=::1 | Path=ADS999002/ADS999002 | Message=GET /ADS999002/ADS999002
2026-04-16 08:58:49 | INF | ACTION_TRACE | Acc=admin | Path=/ADS999002/ADS999002 | IP=::1 | Start=2026-04-16 08:58:49.484 | Elapsed=6ms | Status=Completed
2026-04-16 08:58:53 | INF | ACTION_TRACE | Acc=admin | Path=/AdminPortal/Home/Index | IP=::1 | Start=2026-04-16 08:58:53.042 | Elapsed=5ms | Status=Completed
2026-04-16 08:58:55 | INF | CONTROLLER_EXEC | Acc= admin | IP=::1 | Path=ADS999002/ADS999002 | Message=GET /ADS999002/ADS999002
2026-04-16 08:58:55 | INF | ACTION_TRACE | Acc=admin | Path=/ADS999002/ADS999002 | IP=::1 | Start=2026-04-16 08:58:55.073 | Elapsed=8ms | Status=Completed
2026-04-16 08:58:56 | INF | ACTION_TRACE | Acc=admin | Path=/AdminPortal/Account/Login | IP=::1 | Start=2026-04-16 08:58:56.157 | Elapsed=1ms | Status=Completed
2026-04-16 08:58:56 | INF | ACTION_TRACE | Acc=admin | Path=/Captcha/Generate | IP=::1 | Start=2026-04-16 08:58:56.233 | Elapsed=2ms | Status=Completed
2026-04-16 08:58:56 | INF | ACTION_TRACE | Acc=admin | Path=/DNTCaptchaImage/Show | IP=::1 | Start=2026-04-16 08:58:56.241 | Elapsed=33ms | Status=Completed
2026-04-16 08:59:00 | INF | ACTION_TRACE | Acc=admin | Path=/ | IP=::1 | Start=2026-04-16 08:58:58.151 | Elapsed=2507ms | Status=Completed
2026-04-16 08:59:00 | INF | ACTION_TRACE | Acc=admin | Path=/Captcha/Generate | IP=::1 | Start=2026-04-16 08:59:00.749 | Elapsed=2ms | Status=Completed
2026-04-16 08:59:00 | INF | ACTION_TRACE | Acc=admin | Path=/DNTCaptchaImage/Show | IP=::1 | Start=2026-04-16 08:59:00.760 | Elapsed=9ms | Status=Completed
2026-04-16 08:59:06 | INF | ACTION_TRACE | Acc=admin | Path=/Account/Login | IP=::1 | Start=2026-04-16 08:59:05.437 | Elapsed=847ms | Status=Completed
2026-04-16 08:59:06 | INF | ACTION_TRACE | Acc=admin | Path=/Home/Index | IP=::1 | Start=2026-04-16 08:59:06.295 | Elapsed=21ms | Status=Completed
2026-04-16 08:59:09 | INF | ACTION_TRACE | Acc=admin | Path=/Home/GetMenu | IP=::1 | Start=2026-04-16 08:59:09.113 | Elapsed=12ms | Status=Completed
2026-04-16 08:59:10 | INF | CONTROLLER_EXEC | Acc= admin | IP=::1 | Path=SYS201002/SYS201002 | Message=GET /SYS201002/SYS201002
2026-04-16 08:59:11 | INF | ACTION_TRACE | Acc=admin | Path=/SYS201002/SYS201002 | IP=::1 | Start=2026-04-16 08:59:10.951 | Elapsed=58ms | Status=Completed
2026-04-16 08:59:11 | INF | CONTROLLER_EXEC | Acc= admin | IP=::1 | Path=SYS201002/GetAllRoleList | Message=POST /SYS201002/GetAllRoleList
2026-04-16 08:59:11 | INF | ACTION_TRACE | Acc=admin | Path=/SYS201002/GetAllRoleList | IP=::1 | Start=2026-04-16 08:59:11.071 | Elapsed=63ms | Status=Completed
2026-04-16 09:03:09 | WRN | No store type was specified for the decimal property 'OveMoney' on entity type 'HROvertime'. This will cause values to be silently truncated if they do not fit in the default precision and scale. Explicitly specify the SQL server column type that can accommodate all the values in 'OnModelCreating' using 'HasColumnType', specify precision and scale using 'HasPrecision', or configure a value converter using 'HasConversion'.
2026-04-16 09:03:09 | WRN | No store type was specified for the decimal property 'Wag1D1Hour' on entity type 'HRWage'. This will cause values to be silently truncated if they do not fit in the default precision and scale. Explicitly specify the SQL server column type that can accommodate all the values in 'OnModelCreating' using 'HasColumnType', specify precision and scale using 'HasPrecision', or configure a value converter using 'HasConversion'.
2026-04-16 09:03:09 | WRN | No store type was specified for the decimal property 'Wag2D1Hour' on entity type 'HRWage'. This will cause values to be silently truncated if they do not fit in the default precision and scale. Explicitly specify the SQL server column type that can accommodate all the values in 'OnModelCreating' using 'HasColumnType', specify precision and scale using 'HasPrecision', or configure a value converter using 'HasConversion'.
2026-04-16 09:03:09 | WRN | No store type was specified for the decimal property 'Wag4D3Hour' on entity type 'HRWage'. This will cause values to be silently truncated if they do not fit in the default precision and scale. Explicitly specify the SQL server column type that can accommodate all the values in 'OnModelCreating' using 'HasColumnType', specify precision and scale using 'HasPrecision', or configure a value converter using 'HasConversion'.
2026-04-16 09:03:09 | WRN | No store type was specified for the decimal property 'Wag5D3Hour' on entity type 'HRWage'. This will cause values to be silently truncated if they do not fit in the default precision and scale. Explicitly specify the SQL server column type that can accommodate all the values in 'OnModelCreating' using 'HasColumnType', specify precision and scale using 'HasPrecision', or configure a value converter using 'HasConversion'.
2026-04-16 09:03:09 | WRN | No store type was specified for the decimal property 'Wag8D3Hour' on entity type 'HRWage'. This will cause values to be silently truncated if they do not fit in the default precision and scale. Explicitly specify the SQL server column type that can accommodate all the values in 'OnModelCreating' using 'HasColumnType', specify precision and scale using 'HasPrecision', or configure a value converter using 'HasConversion'.
2026-04-16 09:03:09 | WRN | No store type was specified for the decimal property 'WagApplyHour' on entity type 'HRWage'. This will cause values to be silently truncated if they do not fit in the default precision and scale. Explicitly specify the SQL server column type that can accommodate all the values in 'OnModelCreating' using 'HasColumnType', specify precision and scale using 'HasPrecision', or configure a value converter using 'HasConversion'.
2026-04-16 09:03:09 | WRN | No store type was specified for the decimal property 'WagIssueHour' on entity type 'HRWage'. This will cause values to be silently truncated if they do not fit in the default precision and scale. Explicitly specify the SQL server column type that can accommodate all the values in 'OnModelCreating' using 'HasColumnType', specify precision and scale using 'HasPrecision', or configure a value converter using 'HasConversion'.
2026-04-16 09:03:09 | WRN | No store type was specified for the decimal property 'WagSubtotal' on entity type 'HRWage'. This will cause values to be silently truncated if they do not fit in the default precision and scale. Explicitly specify the SQL server column type that can accommodate all the values in 'OnModelCreating' using 'HasColumnType', specify precision and scale using 'HasPrecision', or configure a value converter using 'HasConversion'.
2026-04-16 09:03:14 | WRN | The query uses the 'First'/'FirstOrDefault' operator without 'OrderBy' and filter operators. This may lead to unpredictable results.
2026-04-16 09:03:15 | INF | ACTION_TRACE | Acc=admin | Path=/ | IP=::1 | Start=2026-04-16 09:03:08.731 | Elapsed=7075ms | Status=Completed
2026-04-16 09:03:15 | INF | NETWORK_UNSTABLE | Acc=admin | Path=/ | Reason=SlowRequest 7075ms
2026-04-16 09:03:16 | INF | ACTION_TRACE | Acc=admin | Path=/Captcha/Generate | IP=::1 | Start=2026-04-16 09:03:15.972 | Elapsed=52ms | Status=Completed
2026-04-16 09:03:16 | INF | ACTION_TRACE | Acc=admin | Path=/DNTCaptchaImage/Show | IP=::1 | Start=2026-04-16 09:03:16.040 | Elapsed=106ms | Status=Completed
2026-04-16 09:03:40 | INF | ACTION_TRACE | Acc=admin | Path=/AdminPortal/Account/Login | IP=::1 | Start=2026-04-16 09:03:40.637 | Elapsed=93ms | Status=Completed
2026-04-16 09:03:40 | INF | ACTION_TRACE | Acc=admin | Path=/Captcha/Generate | IP=::1 | Start=2026-04-16 09:03:40.816 | Elapsed=5ms | Status=Completed
2026-04-16 09:03:40 | INF | ACTION_TRACE | Acc=admin | Path=/DNTCaptchaImage/Show | IP=::1 | Start=2026-04-16 09:03:40.832 | Elapsed=15ms | Status=Completed
2026-04-16 09:03:51 | INF | ACTION_TRACE | Acc=admin | Path=/AdminPortal/Account/Login | IP=::1 | Start=2026-04-16 09:03:44.067 | Elapsed=7631ms | Status=Completed
2026-04-16 09:03:51 | INF | NETWORK_UNSTABLE | Acc=admin | Path=/AdminPortal/Account/Login | Reason=SlowRequest 7631ms
2026-04-16 09:03:51 | INF | ACTION_TRACE | Acc=admin | Path=/AdminPortal/Home/Index | IP=::1 | Start=2026-04-16 09:03:51.717 | Elapsed=111ms | Status=Completed
2026-04-16 09:03:54 | INF | ACTION_TRACE | Acc=admin | Path=/.well-known/appspecific/com.chrome.devtools.json | IP=::1 | Start=2026-04-16 09:03:54.348 | Elapsed=0ms | Status=Completed
2026-04-16 09:03:58 | INF | ACTION_TRACE | Acc=admin | Path=/ | IP=::1 | Start=2026-04-16 09:03:57.896 | Elapsed=211ms | Status=Completed
2026-04-16 09:03:59 | INF | CONTROLLER_EXEC | Acc= admin | IP=::1 | Path=ADS999002/ADS999002 | Message=GET /ADS999002/ADS999002
2026-04-16 09:03:59 | INF | ACTION_TRACE | Acc=admin | Path=/ADS999002/ADS999002 | IP=::1 | Start=2026-04-16 09:03:59.571 | Elapsed=88ms | Status=Completed
2026-04-16 09:04:01 | INF | ACTION_TRACE | Acc=admin | Path=/.well-known/appspecific/com.chrome.devtools.json | IP=::1 | Start=2026-04-16 09:04:01.192 | Elapsed=0ms | Status=Completed
2026-04-16 09:05:49 | INF | CONTROLLER_EXEC | Acc= admin | IP=::1 | Path=ADS999002/ADS999002 | Message=GET /ADS999002/ADS999002
2026-04-16 09:05:49 | INF | ACTION_TRACE | Acc=admin | Path=/ADS999002/ADS999002 | IP=::1 | Start=2026-04-16 09:05:49.728 | Elapsed=7ms | Status=Completed
2026-04-16 09:05:50 | INF | ACTION_TRACE | Acc=admin | Path=/.well-known/appspecific/com.chrome.devtools.json | IP=::1 | Start=2026-04-16 09:05:50.574 | Elapsed=0ms | Status=Completed
2026-04-16 09:05:52 | INF | CONTROLLER_EXEC | Acc= admin | IP=::1 | Path=ADS999002/ADS999002 | Message=GET /ADS999002/ADS999002
2026-04-16 09:05:52 | INF | ACTION_TRACE | Acc=admin | Path=/ADS999002/ADS999002 | IP=::1 | Start=2026-04-16 09:05:52.740 | Elapsed=6ms | Status=Completed
2026-04-16 09:05:55 | INF | CONTROLLER_EXEC | Acc= admin | IP=::1 | Path=ADS999002/ADS999002 | Message=GET /ADS999002/ADS999002
2026-04-16 09:05:55 | INF | ACTION_TRACE | Acc=admin | Path=/ADS999002/ADS999002 | IP=::1 | Start=2026-04-16 09:05:55.416 | Elapsed=6ms | Status=Completed
2026-04-16 09:05:56 | INF | CONTROLLER_EXEC | Acc= admin | IP=::1 | Path=ADS999002/ADS999002 | Message=GET /ADS999002/ADS999002
2026-04-16 09:05:56 | INF | ACTION_TRACE | Acc=admin | Path=/ADS999002/ADS999002 | IP=::1 | Start=2026-04-16 09:05:56.944 | Elapsed=4ms | Status=Completed
2026-04-16 09:05:57 | INF | CONTROLLER_EXEC | Acc= admin | IP=::1 | Path=ADS999002/ADS999002 | Message=GET /ADS999002/ADS999002
2026-04-16 09:05:57 | INF | ACTION_TRACE | Acc=admin | Path=/ADS999002/ADS999002 | IP=::1 | Start=2026-04-16 09:05:57.470 | Elapsed=5ms | Status=Completed
2026-04-16 09:05:57 | INF | CONTROLLER_EXEC | Acc= admin | IP=::1 | Path=ADS999002/ADS999002 | Message=GET /ADS999002/ADS999002
2026-04-16 09:05:57 | INF | ACTION_TRACE | Acc=admin | Path=/ADS999002/ADS999002 | IP=::1 | Start=2026-04-16 09:05:57.918 | Elapsed=6ms | Status=Completed
2026-04-16 09:05:58 | INF | CONTROLLER_EXEC | Acc= admin | IP=::1 | Path=ADS999002/ADS999002 | Message=GET /ADS999002/ADS999002
2026-04-16 09:05:58 | INF | ACTION_TRACE | Acc=admin | Path=/ADS999002/ADS999002 | IP=::1 | Start=2026-04-16 09:05:58.322 | Elapsed=6ms | Status=Completed
2026-04-16 09:06:19 | INF | CONTROLLER_EXEC | Acc= admin | IP=::1 | Path=ADS999002/ADS999002 | Message=GET /ADS999002/ADS999002
2026-04-16 09:06:19 | INF | ACTION_TRACE | Acc=admin | Path=/ADS999002/ADS999002 | IP=::1 | Start=2026-04-16 09:06:19.802 | Elapsed=4ms | Status=Completed
2026-04-16 09:06:20 | INF | CONTROLLER_EXEC | Acc= admin | IP=::1 | Path=ADS999002/ADS999002 | Message=GET /ADS999002/ADS999002
2026-04-16 09:06:20 | INF | ACTION_TRACE | Acc=admin | Path=/ADS999002/ADS999002 | IP=::1 | Start=2026-04-16 09:06:20.627 | Elapsed=4ms | Status=Completed
2026-04-16 09:06:50 | INF | ACTION_TRACE | Acc=admin | Path=/ADS999003/ADS999003 | IP=::1 | Start=2026-04-16 09:06:50.968 | Elapsed=0ms | Status=Completed
2026-04-16 09:06:51 | INF | CONTROLLER_EXEC | Acc= admin | IP=::1 | Path=ADS999002/ADS999002 | Message=GET /ADS999002/ADS999002
2026-04-16 09:06:51 | INF | ACTION_TRACE | Acc=admin | Path=/ADS999002/ADS999002 | IP=::1 | Start=2026-04-16 09:06:51.698 | Elapsed=8ms | Status=Completed
2026-04-16 09:06:52 | INF | CONTROLLER_EXEC | Acc= admin | IP=::1 | Path=ADS999002/ADS999002 | Message=GET /ADS999002/ADS999002
2026-04-16 09:06:52 | INF | ACTION_TRACE | Acc=admin | Path=/ADS999002/ADS999002 | IP=::1 | Start=2026-04-16 09:06:52.127 | Elapsed=4ms | Status=Completed
2026-04-16 09:06:57 | INF | CONTROLLER_EXEC | Acc= admin | IP=::1 | Path=ADS999002/ADS999002 | Message=GET /ADS999002/ADS999002
2026-04-16 09:06:57 | INF | ACTION_TRACE | Acc=admin | Path=/ADS999002/ADS999002 | IP=::1 | Start=2026-04-16 09:06:57.026 | Elapsed=4ms | Status=Completed
2026-04-16 09:07:17 | INF | CONTROLLER_EXEC | Acc= admin | IP=::1 | Path=ADS999002/ADS999002 | Message=GET /ADS999002/ADS999002
2026-04-16 09:07:17 | INF | ACTION_TRACE | Acc=admin | Path=/ADS999002/ADS999002 | IP=::1 | Start=2026-04-16 09:07:17.775 | Elapsed=5ms | Status=Completed
2026-04-16 09:12:51 | INF | CONTROLLER_EXEC | Acc= admin | IP=::1 | Path=ADS999002/ADS999002 | Message=GET /ADS999002/ADS999002
2026-04-16 09:12:51 | INF | ACTION_TRACE | Acc=admin | Path=/ADS999002/ADS999002 | IP=::1 | Start=2026-04-16 09:12:51.813 | Elapsed=21ms | Status=Completed
2026-04-16 09:14:28 | WRN | No store type was specified for the decimal property 'OveMoney' on entity type 'HROvertime'. This will cause values to be silently truncated if they do not fit in the default precision and scale. Explicitly specify the SQL server column type that can accommodate all the values in 'OnModelCreating' using 'HasColumnType', specify precision and scale using 'HasPrecision', or configure a value converter using 'HasConversion'.
2026-04-16 09:14:28 | WRN | No store type was specified for the decimal property 'Wag1D1Hour' on entity type 'HRWage'. This will cause values to be silently truncated if they do not fit in the default precision and scale. Explicitly specify the SQL server column type that can accommodate all the values in 'OnModelCreating' using 'HasColumnType', specify precision and scale using 'HasPrecision', or configure a value converter using 'HasConversion'.
2026-04-16 09:14:28 | WRN | No store type was specified for the decimal property 'Wag2D1Hour' on entity type 'HRWage'. This will cause values to be silently truncated if they do not fit in the default precision and scale. Explicitly specify the SQL server column type that can accommodate all the values in 'OnModelCreating' using 'HasColumnType', specify precision and scale using 'HasPrecision', or configure a value converter using 'HasConversion'.
2026-04-16 09:14:28 | WRN | No store type was specified for the decimal property 'Wag4D3Hour' on entity type 'HRWage'. This will cause values to be silently truncated if they do not fit in the default precision and scale. Explicitly specify the SQL server column type that can accommodate all the values in 'OnModelCreating' using 'HasColumnType', specify precision and scale using 'HasPrecision', or configure a value converter using 'HasConversion'.
2026-04-16 09:14:28 | WRN | No store type was specified for the decimal property 'Wag5D3Hour' on entity type 'HRWage'. This will cause values to be silently truncated if they do not fit in the default precision and scale. Explicitly specify the SQL server column type that can accommodate all the values in 'OnModelCreating' using 'HasColumnType', specify precision and scale using 'HasPrecision', or configure a value converter using 'HasConversion'.
2026-04-16 09:14:28 | WRN | No store type was specified for the decimal property 'Wag8D3Hour' on entity type 'HRWage'. This will cause values to be silently truncated if they do not fit in the default precision and scale. Explicitly specify the SQL server column type that can accommodate all the values in 'OnModelCreating' using 'HasColumnType', specify precision and scale using 'HasPrecision', or configure a value converter using 'HasConversion'.
2026-04-16 09:14:28 | WRN | No store type was specified for the decimal property 'WagApplyHour' on entity type 'HRWage'. This will cause values to be silently truncated if they do not fit in the default precision and scale. Explicitly specify the SQL server column type that can accommodate all the values in 'OnModelCreating' using 'HasColumnType', specify precision and scale using 'HasPrecision', or configure a value converter using 'HasConversion'.
2026-04-16 09:14:28 | WRN | No store type was specified for the decimal property 'WagIssueHour' on entity type 'HRWage'. This will cause values to be silently truncated if they do not fit in the default precision and scale. Explicitly specify the SQL server column type that can accommodate all the values in 'OnModelCreating' using 'HasColumnType', specify precision and scale using 'HasPrecision', or configure a value converter using 'HasConversion'.
2026-04-16 09:14:28 | WRN | No store type was specified for the decimal property 'WagSubtotal' on entity type 'HRWage'. This will cause values to be silently truncated if they do not fit in the default precision and scale. Explicitly specify the SQL server column type that can accommodate all the values in 'OnModelCreating' using 'HasColumnType', specify precision and scale using 'HasPrecision', or configure a value converter using 'HasConversion'.
2026-04-16 09:14:33 | WRN | The query uses the 'First'/'FirstOrDefault' operator without 'OrderBy' and filter operators. This may lead to unpredictable results.
2026-04-16 09:14:34 | INF | ACTION_TRACE | Acc=admin | Path=/ | IP=::1 | Start=2026-04-16 09:14:27.823 | Elapsed=6916ms | Status=Completed
2026-04-16 09:14:34 | INF | NETWORK_UNSTABLE | Acc=admin | Path=/ | Reason=SlowRequest 6916ms
2026-04-16 09:14:34 | INF | ACTION_TRACE | Acc=admin | Path=/Captcha/Generate | IP=::1 | Start=2026-04-16 09:14:34.891 | Elapsed=37ms | Status=Completed
2026-04-16 09:14:35 | INF | ACTION_TRACE | Acc=admin | Path=/DNTCaptchaImage/Show | IP=::1 | Start=2026-04-16 09:14:34.948 | Elapsed=100ms | Status=Completed
2026-04-16 09:14:49 | INF | ACTION_TRACE | Acc=admin | Path=/Account/Login | IP=::1 | Start=2026-04-16 09:14:42.893 | Elapsed=6271ms | Status=Completed
2026-04-16 09:14:49 | INF | NETWORK_UNSTABLE | Acc=admin | Path=/Account/Login | Reason=SlowRequest 6271ms
2026-04-16 09:14:49 | INF | ACTION_TRACE | Acc=admin | Path=/Home/Index | IP=::1 | Start=2026-04-16 09:14:49.178 | Elapsed=202ms | Status=Completed
2026-04-16 09:14:51 | INF | ACTION_TRACE | Acc=admin | Path=/ | IP=::1 | Start=2026-04-16 09:14:51.151 | Elapsed=225ms | Status=Completed
2026-04-16 09:14:51 | INF | ACTION_TRACE | Acc=admin | Path=/Captcha/Generate | IP=::1 | Start=2026-04-16 09:14:51.429 | Elapsed=1ms | Status=Completed
2026-04-16 09:14:51 | INF | ACTION_TRACE | Acc=admin | Path=/DNTCaptchaImage/Show | IP=::1 | Start=2026-04-16 09:14:51.441 | Elapsed=15ms | Status=Completed
2026-04-16 09:14:52 | INF | ACTION_TRACE | Acc=admin | Path=/AdminPortal/Account/Login | IP=::1 | Start=2026-04-16 09:14:52.560 | Elapsed=14ms | Status=Completed
2026-04-16 09:14:52 | INF | ACTION_TRACE | Acc=admin | Path=/Captcha/Generate | IP=::1 | Start=2026-04-16 09:14:52.634 | Elapsed=1ms | Status=Completed
2026-04-16 09:14:52 | INF | ACTION_TRACE | Acc=admin | Path=/DNTCaptchaImage/Show | IP=::1 | Start=2026-04-16 09:14:52.644 | Elapsed=15ms | Status=Completed
2026-04-16 09:15:01 | INF | ACTION_TRACE | Acc=admin | Path=/AdminPortal/Account/Login | IP=::1 | Start=2026-04-16 09:14:57.916 | Elapsed=3088ms | Status=Completed
2026-04-16 09:15:01 | INF | NETWORK_UNSTABLE | Acc=admin | Path=/AdminPortal/Account/Login | Reason=SlowRequest 3088ms
2026-04-16 09:15:01 | INF | ACTION_TRACE | Acc=admin | Path=/AdminPortal/Home/Index | IP=::1 | Start=2026-04-16 09:15:01.012 | Elapsed=83ms | Status=Completed
2026-04-16 09:15:05 | INF | CONTROLLER_EXEC | Acc= admin | IP=::1 | Path=ADS999002/ADS999002 | Message=GET /ADS999002/ADS999002
2026-04-16 09:15:05 | INF | ACTION_TRACE | Acc=admin | Path=/ADS999002/ADS999002 | IP=::1 | Start=2026-04-16 09:15:05.561 | Elapsed=96ms | Status=Completed
2026-04-16 09:15:06 | INF | ACTION_TRACE | Acc=admin | Path=/.well-known/appspecific/com.chrome.devtools.json | IP=::1 | Start=2026-04-16 09:15:06.430 | Elapsed=0ms | Status=Completed
2026-04-16 09:15:12 | INF | CONTROLLER_EXEC | Acc= admin | IP=::1 | Path=ADS999002/ADS999002 | Message=GET /ADS999002/ADS999002
2026-04-16 09:15:12 | INF | ACTION_TRACE | Acc=admin | Path=/ADS999002/ADS999002 | IP=::1 | Start=2026-04-16 09:15:12.603 | Elapsed=6ms | Status=Completed
2026-04-16 09:15:43 | INF | CONTROLLER_EXEC | Acc= admin | IP=::1 | Path=ADS999002/ADS999002 | Message=GET /ADS999002/ADS999002
2026-04-16 09:15:43 | INF | ACTION_TRACE | Acc=admin | Path=/ADS999002/ADS999002 | IP=::1 | Start=2026-04-16 09:15:43.981 | Elapsed=9ms | Status=Completed
2026-04-16 09:15:51 | INF | ACTION_TRACE | Acc=admin | Path=/AdminPortal/Home/Index | IP=::1 | Start=2026-04-16 09:15:51.832 | Elapsed=7ms | Status=Completed
2026-04-16 09:15:51 | INF | ACTION_TRACE | Acc=admin | Path=/.well-known/appspecific/com.chrome.devtools.json | IP=::1 | Start=2026-04-16 09:15:51.912 | Elapsed=0ms | Status=Completed
2026-04-16 09:16:03 | INF | CONTROLLER_EXEC | Acc= admin | IP=::1 | Path=ADS999002/ADS999002 | Message=GET /ADS999002/ADS999002
2026-04-16 09:16:03 | INF | ACTION_TRACE | Acc=admin | Path=/ADS999002/ADS999002 | IP=::1 | Start=2026-04-16 09:16:03.412 | Elapsed=41ms | Status=Completed
2026-04-16 09:16:10 | INF | ACTION_TRACE | Acc=admin | Path=/AdminPortal/Home/Index | IP=::1 | Start=2026-04-16 09:16:10.505 | Elapsed=11ms | Status=Completed
2026-04-16 09:16:10 | INF | ACTION_TRACE | Acc=admin | Path=/.well-known/appspecific/com.chrome.devtools.json | IP=::1 | Start=2026-04-16 09:16:10.568 | Elapsed=0ms | Status=Completed
2026-04-16 09:16:17 | INF | CONTROLLER_EXEC | Acc= admin | IP=::1 | Path=ADS999002/ADS999002 | Message=GET /ADS999002/ADS999002
2026-04-16 09:16:17 | INF | ACTION_TRACE | Acc=admin | Path=/ADS999002/ADS999002 | IP=::1 | Start=2026-04-16 09:16:17.589 | Elapsed=5ms | Status=Completed
2026-04-16 09:16:22 | INF | CONTROLLER_EXEC | Acc= admin | IP=::1 | Path=ADS999002/ADS999002 | Message=GET /ADS999002/ADS999002
2026-04-16 09:16:22 | INF | ACTION_TRACE | Acc=admin | Path=/ADS999002/ADS999002 | IP=::1 | Start=2026-04-16 09:16:22.098 | Elapsed=5ms | Status=Completed
2026-04-16 09:16:24 | INF | ACTION_TRACE | Acc=admin | Path=/AdminPortal/Home/Index | IP=::1 | Start=2026-04-16 09:16:24.664 | Elapsed=5ms | Status=Completed
2026-04-16 09:16:24 | INF | ACTION_TRACE | Acc=admin | Path=/.well-known/appspecific/com.chrome.devtools.json | IP=::1 | Start=2026-04-16 09:16:24.710 | Elapsed=0ms | Status=Completed
2026-04-16 09:16:27 | INF | CONTROLLER_EXEC | Acc= admin | IP=::1 | Path=ADS999002/ADS999002 | Message=GET /ADS999002/ADS999002
2026-04-16 09:16:27 | INF | ACTION_TRACE | Acc=admin | Path=/ADS999002/ADS999002 | IP=::1 | Start=2026-04-16 09:16:27.469 | Elapsed=4ms | Status=Completed
2026-04-16 09:26:58 | INF | ACTION_TRACE | Acc=admin | Path=/AdminPortal/Home/Index | IP=::1 | Start=2026-04-16 09:26:49.890 | Elapsed=9108ms | Status=Completed
2026-04-16 09:26:58 | INF | NETWORK_UNSTABLE | Acc=admin | Path=/AdminPortal/Home/Index | Reason=SlowRequest 9108ms
2026-04-16 09:26:59 | INF | ACTION_TRACE | Acc=admin | Path=/.well-known/appspecific/com.chrome.devtools.json | IP=::1 | Start=2026-04-16 09:26:59.086 | Elapsed=0ms | Status=Completed
2026-04-16 09:27:12 | INF | ACTION_TRACE | Acc=admin | Path=/AdminPortal/Home/Index | IP=::1 | Start=2026-04-16 09:27:12.802 | Elapsed=7ms | Status=Completed
2026-04-16 09:27:12 | INF | ACTION_TRACE | Acc=admin | Path=/.well-known/appspecific/com.chrome.devtools.json | IP=::1 | Start=2026-04-16 09:27:12.871 | Elapsed=0ms | Status=Completed
2026-04-16 09:27:16 | INF | ACTION_TRACE | Acc=admin | Path=/AdminPortal/Home/Index | IP=::1 | Start=2026-04-16 09:27:16.938 | Elapsed=8ms | Status=Completed
2026-04-16 09:27:17 | INF | ACTION_TRACE | Acc=admin | Path=/.well-known/appspecific/com.chrome.devtools.json | IP=::1 | Start=2026-04-16 09:27:17.012 | Elapsed=0ms | Status=Completed
2026-04-16 09:27:20 | INF | CONTROLLER_EXEC | Acc= admin | IP=::1 | Path=ADS999002/ADS999002 | Message=GET /ADS999002/ADS999002
2026-04-16 09:27:20 | INF | ACTION_TRACE | Acc=admin | Path=/ADS999002/ADS999002 | IP=::1 | Start=2026-04-16 09:27:20.022 | Elapsed=15ms | Status=Completed
2026-04-16 09:27:20 | INF | ACTION_TRACE | Acc=admin | Path=/sm/6cf3a2be173716d0e4726c68ef6634f00cefa4e7428560c2debae6f24389d3c1.map | IP=::1 | Start=2026-04-16 09:27:20.092 | Elapsed=0ms | Status=Completed
2026-04-16 09:27:38 | INF | ACTION_TRACE | Acc=admin | Path=/AdminPortal/Home/Index | IP=::1 | Start=2026-04-16 09:27:38.308 | Elapsed=8ms | Status=Completed
2026-04-16 09:27:38 | INF | ACTION_TRACE | Acc=admin | Path=/.well-known/appspecific/com.chrome.devtools.json | IP=::1 | Start=2026-04-16 09:27:38.370 | Elapsed=0ms | Status=Completed
2026-04-16 09:27:40 | INF | CONTROLLER_EXEC | Acc= admin | IP=::1 | Path=ADS999002/ADS999002 | Message=GET /ADS999002/ADS999002
2026-04-16 09:27:40 | INF | ACTION_TRACE | Acc=admin | Path=/ADS999002/ADS999002 | IP=::1 | Start=2026-04-16 09:27:40.601 | Elapsed=6ms | Status=Completed
2026-04-16 09:27:40 | INF | ACTION_TRACE | Acc=admin | Path=/sm/6cf3a2be173716d0e4726c68ef6634f00cefa4e7428560c2debae6f24389d3c1.map | IP=::1 | Start=2026-04-16 09:27:40.671 | Elapsed=0ms | Status=Completed
2026-04-16 09:28:31 | INF | ACTION_TRACE | Acc=admin | Path=/AdminPortal/Home/Index | IP=::1 | Start=2026-04-16 09:28:31.981 | Elapsed=8ms | Status=Completed
2026-04-16 09:28:32 | INF | ACTION_TRACE | Acc=admin | Path=/.well-known/appspecific/com.chrome.devtools.json | IP=::1 | Start=2026-04-16 09:28:32.072 | Elapsed=0ms | Status=Completed
2026-04-16 09:28:36 | INF | CONTROLLER_EXEC | Acc= admin | IP=::1 | Path=ADS999002/ADS999002 | Message=GET /ADS999002/ADS999002
2026-04-16 09:28:36 | INF | ACTION_TRACE | Acc=admin | Path=/ADS999002/ADS999002 | IP=::1 | Start=2026-04-16 09:28:36.472 | Elapsed=4ms | Status=Completed
2026-04-16 09:28:36 | INF | ACTION_TRACE | Acc=admin | Path=/sm/6cf3a2be173716d0e4726c68ef6634f00cefa4e7428560c2debae6f24389d3c1.map | IP=::1 | Start=2026-04-16 09:28:36.539 | Elapsed=0ms | Status=Completed
2026-04-16 09:33:32 | WRN | No store type was specified for the decimal property 'OveMoney' on entity type 'HROvertime'. This will cause values to be silently truncated if they do not fit in the default precision and scale. Explicitly specify the SQL server column type that can accommodate all the values in 'OnModelCreating' using 'HasColumnType', specify precision and scale using 'HasPrecision', or configure a value converter using 'HasConversion'.
2026-04-16 09:33:32 | WRN | No store type was specified for the decimal property 'Wag1D1Hour' on entity type 'HRWage'. This will cause values to be silently truncated if they do not fit in the default precision and scale. Explicitly specify the SQL server column type that can accommodate all the values in 'OnModelCreating' using 'HasColumnType', specify precision and scale using 'HasPrecision', or configure a value converter using 'HasConversion'.
2026-04-16 09:33:32 | WRN | No store type was specified for the decimal property 'Wag2D1Hour' on entity type 'HRWage'. This will cause values to be silently truncated if they do not fit in the default precision and scale. Explicitly specify the SQL server column type that can accommodate all the values in 'OnModelCreating' using 'HasColumnType', specify precision and scale using 'HasPrecision', or configure a value converter using 'HasConversion'.
2026-04-16 09:33:32 | WRN | No store type was specified for the decimal property 'Wag4D3Hour' on entity type 'HRWage'. This will cause values to be silently truncated if they do not fit in the default precision and scale. Explicitly specify the SQL server column type that can accommodate all the values in 'OnModelCreating' using 'HasColumnType', specify precision and scale using 'HasPrecision', or configure a value converter using 'HasConversion'.
2026-04-16 09:33:32 | WRN | No store type was specified for the decimal property 'Wag5D3Hour' on entity type 'HRWage'. This will cause values to be silently truncated if they do not fit in the default precision and scale. Explicitly specify the SQL server column type that can accommodate all the values in 'OnModelCreating' using 'HasColumnType', specify precision and scale using 'HasPrecision', or configure a value converter using 'HasConversion'.
2026-04-16 09:33:32 | WRN | No store type was specified for the decimal property 'Wag8D3Hour' on entity type 'HRWage'. This will cause values to be silently truncated if they do not fit in the default precision and scale. Explicitly specify the SQL server column type that can accommodate all the values in 'OnModelCreating' using 'HasColumnType', specify precision and scale using 'HasPrecision', or configure a value converter using 'HasConversion'.
2026-04-16 09:33:32 | WRN | No store type was specified for the decimal property 'WagApplyHour' on entity type 'HRWage'. This will cause values to be silently truncated if they do not fit in the default precision and scale. Explicitly specify the SQL server column type that can accommodate all the values in 'OnModelCreating' using 'HasColumnType', specify precision and scale using 'HasPrecision', or configure a value converter using 'HasConversion'.
2026-04-16 09:33:32 | WRN | No store type was specified for the decimal property 'WagIssueHour' on entity type 'HRWage'. This will cause values to be silently truncated if they do not fit in the default precision and scale. Explicitly specify the SQL server column type that can accommodate all the values in 'OnModelCreating' using 'HasColumnType', specify precision and scale using 'HasPrecision', or configure a value converter using 'HasConversion'.
2026-04-16 09:33:32 | WRN | No store type was specified for the decimal property 'WagSubtotal' on entity type 'HRWage'. This will cause values to be silently truncated if they do not fit in the default precision and scale. Explicitly specify the SQL server column type that can accommodate all the values in 'OnModelCreating' using 'HasColumnType', specify precision and scale using 'HasPrecision', or configure a value converter using 'HasConversion'.
2026-04-16 09:33:37 | WRN | The query uses the 'First'/'FirstOrDefault' operator without 'OrderBy' and filter operators. This may lead to unpredictable results.
2026-04-16 09:33:38 | INF | ACTION_TRACE | Acc=admin | Path=/ | IP=::1 | Start=2026-04-16 09:33:31.561 | Elapsed=6807ms | Status=Completed
2026-04-16 09:33:38 | INF | NETWORK_UNSTABLE | Acc=admin | Path=/ | Reason=SlowRequest 6807ms
2026-04-16 09:33:38 | INF | ACTION_TRACE | Acc=admin | Path=/Captcha/Generate | IP=::1 | Start=2026-04-16 09:33:38.522 | Elapsed=38ms | Status=Completed
2026-04-16 09:33:38 | INF | ACTION_TRACE | Acc=admin | Path=/DNTCaptchaImage/Show | IP=::1 | Start=2026-04-16 09:33:38.587 | Elapsed=97ms | Status=Completed
2026-04-16 09:33:41 | INF | ACTION_TRACE | Acc=admin | Path=/AdminPortal/Account/Login | IP=::1 | Start=2026-04-16 09:33:40.992 | Elapsed=107ms | Status=Completed
2026-04-16 09:33:41 | INF | ACTION_TRACE | Acc=admin | Path=/Captcha/Generate | IP=::1 | Start=2026-04-16 09:33:41.168 | Elapsed=5ms | Status=Completed
2026-04-16 09:33:41 | INF | ACTION_TRACE | Acc=admin | Path=/DNTCaptchaImage/Show | IP=::1 | Start=2026-04-16 09:33:41.182 | Elapsed=16ms | Status=Completed
2026-04-16 09:33:52 | INF | ACTION_TRACE | Acc=admin | Path=/AdminPortal/Account/Login | IP=::1 | Start=2026-04-16 09:33:44.451 | Elapsed=8145ms | Status=Completed
2026-04-16 09:33:52 | INF | NETWORK_UNSTABLE | Acc=admin | Path=/AdminPortal/Account/Login | Reason=SlowRequest 8145ms
2026-04-16 09:33:52 | INF | ACTION_TRACE | Acc=admin | Path=/AdminPortal/Home/Index | IP=::1 | Start=2026-04-16 09:33:52.611 | Elapsed=112ms | Status=Completed
2026-04-16 09:33:56 | INF | CONTROLLER_EXEC | Acc= admin | IP=::1 | Path=ADS999002/ADS999002 | Message=GET /ADS999002/ADS999002
2026-04-16 09:33:56 | INF | ACTION_TRACE | Acc=admin | Path=/ADS999002/ADS999002 | IP=::1 | Start=2026-04-16 09:33:56.109 | Elapsed=89ms | Status=Completed
2026-04-16 09:33:58 | INF | ACTION_TRACE | Acc=admin | Path=/.well-known/appspecific/com.chrome.devtools.json | IP=::1 | Start=2026-04-16 09:33:58.460 | Elapsed=0ms | Status=Completed
2026-04-16 09:33:58 | INF | ACTION_TRACE | Acc=admin | Path=/sm/6cf3a2be173716d0e4726c68ef6634f00cefa4e7428560c2debae6f24389d3c1.map | IP=::1 | Start=2026-04-16 09:33:58.544 | Elapsed=0ms | Status=Completed
2026-04-16 09:36:12 | WRN | No store type was specified for the decimal property 'OveMoney' on entity type 'HROvertime'. This will cause values to be silently truncated if they do not fit in the default precision and scale. Explicitly specify the SQL server column type that can accommodate all the values in 'OnModelCreating' using 'HasColumnType', specify precision and scale using 'HasPrecision', or configure a value converter using 'HasConversion'.
2026-04-16 09:36:12 | WRN | No store type was specified for the decimal property 'Wag1D1Hour' on entity type 'HRWage'. This will cause values to be silently truncated if they do not fit in the default precision and scale. Explicitly specify the SQL server column type that can accommodate all the values in 'OnModelCreating' using 'HasColumnType', specify precision and scale using 'HasPrecision', or configure a value converter using 'HasConversion'.
2026-04-16 09:36:12 | WRN | No store type was specified for the decimal property 'Wag2D1Hour' on entity type 'HRWage'. This will cause values to be silently truncated if they do not fit in the default precision and scale. Explicitly specify the SQL server column type that can accommodate all the values in 'OnModelCreating' using 'HasColumnType', specify precision and scale using 'HasPrecision', or configure a value converter using 'HasConversion'.
2026-04-16 09:36:12 | WRN | No store type was specified for the decimal property 'Wag4D3Hour' on entity type 'HRWage'. This will cause values to be silently truncated if they do not fit in the default precision and scale. Explicitly specify the SQL server column type that can accommodate all the values in 'OnModelCreating' using 'HasColumnType', specify precision and scale using 'HasPrecision', or configure a value converter using 'HasConversion'.
2026-04-16 09:36:12 | WRN | No store type was specified for the decimal property 'Wag5D3Hour' on entity type 'HRWage'. This will cause values to be silently truncated if they do not fit in the default precision and scale. Explicitly specify the SQL server column type that can accommodate all the values in 'OnModelCreating' using 'HasColumnType', specify precision and scale using 'HasPrecision', or configure a value converter using 'HasConversion'.
2026-04-16 09:36:12 | WRN | No store type was specified for the decimal property 'Wag8D3Hour' on entity type 'HRWage'. This will cause values to be silently truncated if they do not fit in the default precision and scale. Explicitly specify the SQL server column type that can accommodate all the values in 'OnModelCreating' using 'HasColumnType', specify precision and scale using 'HasPrecision', or configure a value converter using 'HasConversion'.
2026-04-16 09:36:12 | WRN | No store type was specified for the decimal property 'WagApplyHour' on entity type 'HRWage'. This will cause values to be silently truncated if they do not fit in the default precision and scale. Explicitly specify the SQL server column type that can accommodate all the values in 'OnModelCreating' using 'HasColumnType', specify precision and scale using 'HasPrecision', or configure a value converter using 'HasConversion'.
2026-04-16 09:36:12 | WRN | No store type was specified for the decimal property 'WagIssueHour' on entity type 'HRWage'. This will cause values to be silently truncated if they do not fit in the default precision and scale. Explicitly specify the SQL server column type that can accommodate all the values in 'OnModelCreating' using 'HasColumnType', specify precision and scale using 'HasPrecision', or configure a value converter using 'HasConversion'.
2026-04-16 09:36:12 | WRN | No store type was specified for the decimal property 'WagSubtotal' on entity type 'HRWage'. This will cause values to be silently truncated if they do not fit in the default precision and scale. Explicitly specify the SQL server column type that can accommodate all the values in 'OnModelCreating' using 'HasColumnType', specify precision and scale using 'HasPrecision', or configure a value converter using 'HasConversion'.
2026-04-16 09:36:17 | WRN | The query uses the 'First'/'FirstOrDefault' operator without 'OrderBy' and filter operators. This may lead to unpredictable results.
2026-04-16 09:36:18 | INF | ACTION_TRACE | Acc=admin | Path=/ | IP=::1 | Start=2026-04-16 09:36:11.849 | Elapsed=6886ms | Status=Completed
2026-04-16 09:36:18 | INF | NETWORK_UNSTABLE | Acc=admin | Path=/ | Reason=SlowRequest 6886ms
2026-04-16 09:36:18 | INF | ACTION_TRACE | Acc=admin | Path=/Captcha/Generate | IP=::1 | Start=2026-04-16 09:36:18.894 | Elapsed=38ms | Status=Completed
2026-04-16 09:36:19 | INF | ACTION_TRACE | Acc=admin | Path=/DNTCaptchaImage/Show | IP=::1 | Start=2026-04-16 09:36:18.962 | Elapsed=101ms | Status=Completed
2026-04-16 09:36:29 | INF | ACTION_TRACE | Acc=admin | Path=/AdminPortal/Account/Login | IP=::1 | Start=2026-04-16 09:36:29.731 | Elapsed=105ms | Status=Completed
2026-04-16 09:36:29 | INF | ACTION_TRACE | Acc=admin | Path=/Captcha/Generate | IP=::1 | Start=2026-04-16 09:36:29.901 | Elapsed=4ms | Status=Completed
2026-04-16 09:36:29 | INF | ACTION_TRACE | Acc=admin | Path=/DNTCaptchaImage/Show | IP=::1 | Start=2026-04-16 09:36:29.914 | Elapsed=19ms | Status=Completed
2026-04-16 09:36:41 | INF | ACTION_TRACE | Acc=admin | Path=/AdminPortal/Account/Login | IP=::1 | Start=2026-04-16 09:36:32.722 | Elapsed=8974ms | Status=Completed
2026-04-16 09:36:41 | INF | NETWORK_UNSTABLE | Acc=admin | Path=/AdminPortal/Account/Login | Reason=SlowRequest 8974ms
2026-04-16 09:36:41 | INF | ACTION_TRACE | Acc=admin | Path=/AdminPortal/Home/Index | IP=::1 | Start=2026-04-16 09:36:41.708 | Elapsed=158ms | Status=Completed
2026-04-16 09:36:41 | INF | ACTION_TRACE | Acc=admin | Path=/lib/datatables.net/jquery.dataTables.min.js | IP=::1 | Start=2026-04-16 09:36:41.897 | Elapsed=0ms | Status=Completed
2026-04-16 09:36:41 | INF | ACTION_TRACE | Acc=admin | Path=/lib/datatables.net-bs5/dataTables.bootstrap5.min.css | IP=::1 | Start=2026-04-16 09:36:41.898 | Elapsed=0ms | Status=Completed
2026-04-16 09:36:41 | INF | ACTION_TRACE | Acc=admin | Path=/lib/datatables.net-bs5/dataTables.bootstrap5.min.js | IP=::1 | Start=2026-04-16 09:36:41.898 | Elapsed=0ms | Status=Completed
2026-04-16 09:36:44 | INF | CONTROLLER_EXEC | Acc= admin | IP=::1 | Path=ADS999002/ADS999002 | Message=GET /ADS999002/ADS999002
2026-04-16 09:36:44 | INF | ACTION_TRACE | Acc=admin | Path=/ADS999002/ADS999002 | IP=::1 | Start=2026-04-16 09:36:44.717 | Elapsed=93ms | Status=Completed
2026-04-16 09:36:46 | INF | ACTION_TRACE | Acc=admin | Path=/lib/datatables.net-bs5/dataTables.bootstrap5.min.css | IP=::1 | Start=2026-04-16 09:36:46.259 | Elapsed=0ms | Status=Completed
2026-04-16 09:36:46 | INF | ACTION_TRACE | Acc=admin | Path=/.well-known/appspecific/com.chrome.devtools.json | IP=::1 | Start=2026-04-16 09:36:46.273 | Elapsed=0ms | Status=Completed
2026-04-16 09:36:46 | INF | ACTION_TRACE | Acc=admin | Path=/sm/6cf3a2be173716d0e4726c68ef6634f00cefa4e7428560c2debae6f24389d3c1.map | IP=::1 | Start=2026-04-16 09:36:46.383 | Elapsed=0ms | Status=Completed
2026-04-16 10:10:35 | WRN | No store type was specified for the decimal property 'OveMoney' on entity type 'HROvertime'. This will cause values to be silently truncated if they do not fit in the default precision and scale. Explicitly specify the SQL server column type that can accommodate all the values in 'OnModelCreating' using 'HasColumnType', specify precision and scale using 'HasPrecision', or configure a value converter using 'HasConversion'.
2026-04-16 10:10:35 | WRN | No store type was specified for the decimal property 'Wag1D1Hour' on entity type 'HRWage'. This will cause values to be silently truncated if they do not fit in the default precision and scale. Explicitly specify the SQL server column type that can accommodate all the values in 'OnModelCreating' using 'HasColumnType', specify precision and scale using 'HasPrecision', or configure a value converter using 'HasConversion'.
2026-04-16 10:10:35 | WRN | No store type was specified for the decimal property 'Wag2D1Hour' on entity type 'HRWage'. This will cause values to be silently truncated if they do not fit in the default precision and scale. Explicitly specify the SQL server column type that can accommodate all the values in 'OnModelCreating' using 'HasColumnType', specify precision and scale using 'HasPrecision', or configure a value converter using 'HasConversion'.
2026-04-16 10:10:35 | WRN | No store type was specified for the decimal property 'Wag4D3Hour' on entity type 'HRWage'. This will cause values to be silently truncated if they do not fit in the default precision and scale. Explicitly specify the SQL server column type that can accommodate all the values in 'OnModelCreating' using 'HasColumnType', specify precision and scale using 'HasPrecision', or configure a value converter using 'HasConversion'.
2026-04-16 10:10:35 | WRN | No store type was specified for the decimal property 'Wag5D3Hour' on entity type 'HRWage'. This will cause values to be silently truncated if they do not fit in the default precision and scale. Explicitly specify the SQL server column type that can accommodate all the values in 'OnModelCreating' using 'HasColumnType', specify precision and scale using 'HasPrecision', or configure a value converter using 'HasConversion'.
2026-04-16 10:10:35 | WRN | No store type was specified for the decimal property 'Wag8D3Hour' on entity type 'HRWage'. This will cause values to be silently truncated if they do not fit in the default precision and scale. Explicitly specify the SQL server column type that can accommodate all the values in 'OnModelCreating' using 'HasColumnType', specify precision and scale using 'HasPrecision', or configure a value converter using 'HasConversion'.
2026-04-16 10:10:35 | WRN | No store type was specified for the decimal property 'WagApplyHour' on entity type 'HRWage'. This will cause values to be silently truncated if they do not fit in the default precision and scale. Explicitly specify the SQL server column type that can accommodate all the values in 'OnModelCreating' using 'HasColumnType', specify precision and scale using 'HasPrecision', or configure a value converter using 'HasConversion'.
2026-04-16 10:10:35 | WRN | No store type was specified for the decimal property 'WagIssueHour' on entity type 'HRWage'. This will cause values to be silently truncated if they do not fit in the default precision and scale. Explicitly specify the SQL server column type that can accommodate all the values in 'OnModelCreating' using 'HasColumnType', specify precision and scale using 'HasPrecision', or configure a value converter using 'HasConversion'.
2026-04-16 10:10:35 | WRN | No store type was specified for the decimal property 'WagSubtotal' on entity type 'HRWage'. This will cause values to be silently truncated if they do not fit in the default precision and scale. Explicitly specify the SQL server column type that can accommodate all the values in 'OnModelCreating' using 'HasColumnType', specify precision and scale using 'HasPrecision', or configure a value converter using 'HasConversion'.
2026-04-16 10:10:40 | WRN | The query uses the 'First'/'FirstOrDefault' operator without 'OrderBy' and filter operators. This may lead to unpredictable results.
2026-04-16 10:10:41 | INF | ACTION_TRACE | Acc=admin | Path=/ | IP=::1 | Start=2026-04-16 10:10:35.043 | Elapsed=6793ms | Status=Completed
2026-04-16 10:10:41 | INF | NETWORK_UNSTABLE | Acc=admin | Path=/ | Reason=SlowRequest 6793ms
2026-04-16 10:10:42 | INF | ACTION_TRACE | Acc=admin | Path=/Captcha/Generate | IP=::1 | Start=2026-04-16 10:10:41.976 | Elapsed=38ms | Status=Completed
2026-04-16 10:10:42 | INF | ACTION_TRACE | Acc=admin | Path=/DNTCaptchaImage/Show | IP=::1 | Start=2026-04-16 10:10:42.029 | Elapsed=110ms | Status=Completed
2026-04-16 10:11:03 | INF | ACTION_TRACE | Acc=admin | Path=/AdminPortal/Account/Login | IP=::1 | Start=2026-04-16 10:11:03.087 | Elapsed=102ms | Status=Completed
2026-04-16 10:11:03 | INF | ACTION_TRACE | Acc=admin | Path=/Captcha/Generate | IP=::1 | Start=2026-04-16 10:11:03.285 | Elapsed=3ms | Status=Completed
2026-04-16 10:11:03 | INF | ACTION_TRACE | Acc=admin | Path=/DNTCaptchaImage/Show | IP=::1 | Start=2026-04-16 10:11:03.295 | Elapsed=14ms | Status=Completed
2026-04-16 10:11:08 | INF | ACTION_TRACE | Acc=admin | Path=/.well-known/appspecific/com.chrome.devtools.json | IP=::1 | Start=2026-04-16 10:11:08.393 | Elapsed=2ms | Status=Completed
2026-04-16 10:11:08 | INF | ACTION_TRACE | Acc=admin | Path=/AdminPortal/Account/Login | IP=::1 | Start=2026-04-16 10:11:06.505 | Elapsed=2287ms | Status=Completed
2026-04-16 10:11:08 | INF | ACTION_TRACE | Acc=admin | Path=/.well-known/appspecific/com.chrome.devtools.json | IP=::1 | Start=2026-04-16 10:11:08.833 | Elapsed=0ms | Status=Completed
2026-04-16 10:11:08 | INF | ACTION_TRACE | Acc=admin | Path=/Captcha/Generate | IP=::1 | Start=2026-04-16 10:11:08.936 | Elapsed=2ms | Status=Completed
2026-04-16 10:11:08 | INF | ACTION_TRACE | Acc=admin | Path=/DNTCaptchaImage/Show | IP=::1 | Start=2026-04-16 10:11:08.953 | Elapsed=16ms | Status=Completed
2026-04-16 10:11:25 | INF | ACTION_TRACE | Acc=admin | Path=/AdminPortal/Account/Login | IP=::1 | Start=2026-04-16 10:11:13.942 | Elapsed=11583ms | Status=Completed
2026-04-16 10:11:25 | INF | NETWORK_UNSTABLE | Acc=admin | Path=/AdminPortal/Account/Login | Reason=SlowRequest 11583ms
2026-04-16 10:11:25 | INF | ACTION_TRACE | Acc=admin | Path=/AdminPortal/Home/Index | IP=::1 | Start=2026-04-16 10:11:25.539 | Elapsed=113ms | Status=Completed
2026-04-16 10:11:25 | INF | ACTION_TRACE | Acc=admin | Path=/.well-known/appspecific/com.chrome.devtools.json | IP=::1 | Start=2026-04-16 10:11:25.684 | Elapsed=0ms | Status=Completed
2026-04-16 10:11:25 | INF | ACTION_TRACE | Acc=admin | Path=/lib/datatables.net-bs5/dataTables.bootstrap5.min.css | IP=::1 | Start=2026-04-16 10:11:25.701 | Elapsed=0ms | Status=Completed
2026-04-16 10:11:25 | INF | ACTION_TRACE | Acc=admin | Path=/lib/datatables.net/jquery.dataTables.min.js | IP=::1 | Start=2026-04-16 10:11:25.707 | Elapsed=0ms | Status=Completed
2026-04-16 10:11:25 | INF | ACTION_TRACE | Acc=admin | Path=/lib/datatables.net-bs5/dataTables.bootstrap5.min.js | IP=::1 | Start=2026-04-16 10:11:25.707 | Elapsed=0ms | Status=Completed
2026-04-16 10:11:31 | INF | ACTION_TRACE | Acc=admin | Path=/AdminPortal/Home/Index | IP=::1 | Start=2026-04-16 10:11:31.375 | Elapsed=18ms | Status=Completed
2026-04-16 10:11:31 | INF | ACTION_TRACE | Acc=admin | Path=/.well-known/appspecific/com.chrome.devtools.json | IP=::1 | Start=2026-04-16 10:11:31.419 | Elapsed=0ms | Status=Completed
2026-04-16 10:11:31 | INF | ACTION_TRACE | Acc=admin | Path=/lib/datatables.net-bs5/dataTables.bootstrap5.min.css | IP=::1 | Start=2026-04-16 10:11:31.434 | Elapsed=0ms | Status=Completed
2026-04-16 10:11:31 | INF | ACTION_TRACE | Acc=admin | Path=/lib/datatables.net/jquery.dataTables.min.js | IP=::1 | Start=2026-04-16 10:11:31.440 | Elapsed=0ms | Status=Completed
2026-04-16 10:11:31 | INF | ACTION_TRACE | Acc=admin | Path=/lib/datatables.net-bs5/dataTables.bootstrap5.min.js | IP=::1 | Start=2026-04-16 10:11:31.442 | Elapsed=0ms | Status=Completed
2026-04-16 10:11:41 | INF | ACTION_TRACE | Acc=admin | Path=/lib/datatables.net-bs5/dataTables.bootstrap5.min.css | IP=::1 | Start=2026-04-16 10:11:41.868 | Elapsed=0ms | Status=Completed
2026-04-16 10:11:41 | INF | ACTION_TRACE | Acc=admin | Path=/.well-known/appspecific/com.chrome.devtools.json | IP=::1 | Start=2026-04-16 10:11:41.881 | Elapsed=0ms | Status=Completed
2026-04-16 10:11:44 | INF | ACTION_TRACE | Acc=admin | Path=/AdminPortal/Home/Index | IP=::1 | Start=2026-04-16 10:11:44.570 | Elapsed=11ms | Status=Completed
2026-04-16 10:11:44 | INF | ACTION_TRACE | Acc=admin | Path=/.well-known/appspecific/com.chrome.devtools.json | IP=::1 | Start=2026-04-16 10:11:44.624 | Elapsed=0ms | Status=Completed
2026-04-16 10:11:44 | INF | ACTION_TRACE | Acc=admin | Path=/lib/datatables.net-bs5/dataTables.bootstrap5.min.css | IP=::1 | Start=2026-04-16 10:11:44.634 | Elapsed=0ms | Status=Completed
2026-04-16 10:11:44 | INF | ACTION_TRACE | Acc=admin | Path=/lib/datatables.net/jquery.dataTables.min.js | IP=::1 | Start=2026-04-16 10:11:44.646 | Elapsed=0ms | Status=Completed
2026-04-16 10:11:44 | INF | ACTION_TRACE | Acc=admin | Path=/lib/datatables.net-bs5/dataTables.bootstrap5.min.js | IP=::1 | Start=2026-04-16 10:11:44.646 | Elapsed=0ms | Status=Completed
2026-04-16 10:12:13 | INF | ACTION_TRACE | Acc=admin | Path=/AdminPortal/Home/Index | IP=::1 | Start=2026-04-16 10:12:13.740 | Elapsed=9ms | Status=Completed
2026-04-16 10:12:13 | INF | ACTION_TRACE | Acc=admin | Path=/lib/datatables.net-bs5/dataTables.bootstrap5.min.css | IP=::1 | Start=2026-04-16 10:12:13.783 | Elapsed=0ms | Status=Completed
2026-04-16 10:12:13 | INF | ACTION_TRACE | Acc=admin | Path=/lib/datatables.net/jquery.dataTables.min.js | IP=::1 | Start=2026-04-16 10:12:13.788 | Elapsed=0ms | Status=Completed
2026-04-16 10:12:13 | INF | ACTION_TRACE | Acc=admin | Path=/lib/datatables.net-bs5/dataTables.bootstrap5.min.js | IP=::1 | Start=2026-04-16 10:12:13.822 | Elapsed=0ms | Status=Completed
2026-04-16 10:12:13 | INF | ACTION_TRACE | Acc=admin | Path=/.well-known/appspecific/com.chrome.devtools.json | IP=::1 | Start=2026-04-16 10:12:13.822 | Elapsed=0ms | Status=Completed
2026-04-16 10:12:15 | INF | ACTION_TRACE | Acc=admin | Path=/AdminPortal/Home/Index | IP=::1 | Start=2026-04-16 10:12:15.424 | Elapsed=22ms | Status=Completed
2026-04-16 10:12:15 | INF | ACTION_TRACE | Acc=admin | Path=/.well-known/appspecific/com.chrome.devtools.json | IP=::1 | Start=2026-04-16 10:12:15.474 | Elapsed=0ms | Status=Completed
2026-04-16 10:12:15 | INF | ACTION_TRACE | Acc=admin | Path=/lib/datatables.net-bs5/dataTables.bootstrap5.min.css | IP=::1 | Start=2026-04-16 10:12:15.482 | Elapsed=0ms | Status=Completed
2026-04-16 10:12:15 | INF | ACTION_TRACE | Acc=admin | Path=/lib/datatables.net/jquery.dataTables.min.js | IP=::1 | Start=2026-04-16 10:12:15.517 | Elapsed=0ms | Status=Completed
2026-04-16 10:12:15 | INF | ACTION_TRACE | Acc=admin | Path=/lib/datatables.net-bs5/dataTables.bootstrap5.min.js | IP=::1 | Start=2026-04-16 10:12:15.517 | Elapsed=0ms | Status=Completed
2026-04-16 10:12:16 | INF | ACTION_TRACE | Acc=admin | Path=/AdminPortal/Home/Index | IP=::1 | Start=2026-04-16 10:12:16.709 | Elapsed=13ms | Status=Completed
2026-04-16 10:12:16 | INF | ACTION_TRACE | Acc=admin | Path=/lib/datatables.net-bs5/dataTables.bootstrap5.min.css | IP=::1 | Start=2026-04-16 10:12:16.761 | Elapsed=0ms | Status=Completed
2026-04-16 10:12:16 | INF | ACTION_TRACE | Acc=admin | Path=/lib/datatables.net/jquery.dataTables.min.js | IP=::1 | Start=2026-04-16 10:12:16.766 | Elapsed=0ms | Status=Completed
2026-04-16 10:12:16 | INF | ACTION_TRACE | Acc=admin | Path=/lib/datatables.net-bs5/dataTables.bootstrap5.min.js | IP=::1 | Start=2026-04-16 10:12:16.767 | Elapsed=0ms | Status=Completed
2026-04-16 10:12:16 | INF | ACTION_TRACE | Acc=admin | Path=/.well-known/appspecific/com.chrome.devtools.json | IP=::1 | Start=2026-04-16 10:12:16.797 | Elapsed=0ms | Status=Completed
2026-04-16 10:15:02 | WRN | No store type was specified for the decimal property 'OveMoney' on entity type 'HROvertime'. This will cause values to be silently truncated if they do not fit in the default precision and scale. Explicitly specify the SQL server column type that can accommodate all the values in 'OnModelCreating' using 'HasColumnType', specify precision and scale using 'HasPrecision', or configure a value converter using 'HasConversion'.
2026-04-16 10:15:02 | WRN | No store type was specified for the decimal property 'Wag1D1Hour' on entity type 'HRWage'. This will cause values to be silently truncated if they do not fit in the default precision and scale. Explicitly specify the SQL server column type that can accommodate all the values in 'OnModelCreating' using 'HasColumnType', specify precision and scale using 'HasPrecision', or configure a value converter using 'HasConversion'.
2026-04-16 10:15:02 | WRN | No store type was specified for the decimal property 'Wag2D1Hour' on entity type 'HRWage'. This will cause values to be silently truncated if they do not fit in the default precision and scale. Explicitly specify the SQL server column type that can accommodate all the values in 'OnModelCreating' using 'HasColumnType', specify precision and scale using 'HasPrecision', or configure a value converter using 'HasConversion'.
2026-04-16 10:15:02 | WRN | No store type was specified for the decimal property 'Wag4D3Hour' on entity type 'HRWage'. This will cause values to be silently truncated if they do not fit in the default precision and scale. Explicitly specify the SQL server column type that can accommodate all the values in 'OnModelCreating' using 'HasColumnType', specify precision and scale using 'HasPrecision', or configure a value converter using 'HasConversion'.
2026-04-16 10:15:02 | WRN | No store type was specified for the decimal property 'Wag5D3Hour' on entity type 'HRWage'. This will cause values to be silently truncated if they do not fit in the default precision and scale. Explicitly specify the SQL server column type that can accommodate all the values in 'OnModelCreating' using 'HasColumnType', specify precision and scale using 'HasPrecision', or configure a value converter using 'HasConversion'.
2026-04-16 10:15:02 | WRN | No store type was specified for the decimal property 'Wag8D3Hour' on entity type 'HRWage'. This will cause values to be silently truncated if they do not fit in the default precision and scale. Explicitly specify the SQL server column type that can accommodate all the values in 'OnModelCreating' using 'HasColumnType', specify precision and scale using 'HasPrecision', or configure a value converter using 'HasConversion'.
2026-04-16 10:15:02 | WRN | No store type was specified for the decimal property 'WagApplyHour' on entity type 'HRWage'. This will cause values to be silently truncated if they do not fit in the default precision and scale. Explicitly specify the SQL server column type that can accommodate all the values in 'OnModelCreating' using 'HasColumnType', specify precision and scale using 'HasPrecision', or configure a value converter using 'HasConversion'.
2026-04-16 10:15:02 | WRN | No store type was specified for the decimal property 'WagIssueHour' on entity type 'HRWage'. This will cause values to be silently truncated if they do not fit in the default precision and scale. Explicitly specify the SQL server column type that can accommodate all the values in 'OnModelCreating' using 'HasColumnType', specify precision and scale using 'HasPrecision', or configure a value converter using 'HasConversion'.
2026-04-16 10:15:02 | WRN | No store type was specified for the decimal property 'WagSubtotal' on entity type 'HRWage'. This will cause values to be silently truncated if they do not fit in the default precision and scale. Explicitly specify the SQL server column type that can accommodate all the values in 'OnModelCreating' using 'HasColumnType', specify precision and scale using 'HasPrecision', or configure a value converter using 'HasConversion'.
2026-04-16 10:15:07 | WRN | The query uses the 'First'/'FirstOrDefault' operator without 'OrderBy' and filter operators. This may lead to unpredictable results.
2026-04-16 10:15:08 | INF | ACTION_TRACE | Acc=admin | Path=/ | IP=::1 | Start=2026-04-16 10:15:01.543 | Elapsed=7045ms | Status=Completed
2026-04-16 10:15:08 | INF | NETWORK_UNSTABLE | Acc=admin | Path=/ | Reason=SlowRequest 7045ms
2026-04-16 10:15:08 | INF | ACTION_TRACE | Acc=admin | Path=/Captcha/Generate | IP=::1 | Start=2026-04-16 10:15:08.781 | Elapsed=43ms | Status=Completed
2026-04-16 10:15:08 | INF | ACTION_TRACE | Acc=admin | Path=/DNTCaptchaImage/Show | IP=::1 | Start=2026-04-16 10:15:08.850 | Elapsed=100ms | Status=Completed
2026-04-16 10:15:26 | INF | ACTION_TRACE | Acc=admin | Path=/AdminPortal/Account/Login | IP=::1 | Start=2026-04-16 10:15:26.851 | Elapsed=113ms | Status=Completed
2026-04-16 10:15:27 | INF | ACTION_TRACE | Acc=admin | Path=/Captcha/Generate | IP=::1 | Start=2026-04-16 10:15:27.037 | Elapsed=5ms | Status=Completed
2026-04-16 10:15:27 | INF | ACTION_TRACE | Acc=admin | Path=/DNTCaptchaImage/Show | IP=::1 | Start=2026-04-16 10:15:27.053 | Elapsed=17ms | Status=Completed
2026-04-16 10:15:36 | INF | ACTION_TRACE | Acc=admin | Path=/AdminPortal/Account/Login | IP=::1 | Start=2026-04-16 10:15:30.066 | Elapsed=6625ms | Status=Completed
2026-04-16 10:15:36 | INF | NETWORK_UNSTABLE | Acc=admin | Path=/AdminPortal/Account/Login | Reason=SlowRequest 6625ms
2026-04-16 10:15:36 | INF | ACTION_TRACE | Acc=admin | Path=/AdminPortal/Home/Index | IP=::1 | Start=2026-04-16 10:15:36.703 | Elapsed=123ms | Status=Completed
2026-04-16 10:15:36 | INF | ACTION_TRACE | Acc=admin | Path=/lib/datatables.net/jquery.dataTables.min.js | IP=::1 | Start=2026-04-16 10:15:36.853 | Elapsed=0ms | Status=Completed
2026-04-16 10:15:36 | INF | ACTION_TRACE | Acc=admin | Path=/lib/datatables.net-bs5/dataTables.bootstrap5.min.css | IP=::1 | Start=2026-04-16 10:15:36.853 | Elapsed=0ms | Status=Completed
2026-04-16 10:15:36 | INF | ACTION_TRACE | Acc=admin | Path=/lib/datatables.net-bs5/dataTables.bootstrap5.min.js | IP=::1 | Start=2026-04-16 10:15:36.854 | Elapsed=0ms | Status=Completed
2026-04-16 10:15:40 | INF | ACTION_TRACE | Acc=admin | Path=/lib/datatables.net-bs5/dataTables.bootstrap5.min.css | IP=::1 | Start=2026-04-16 10:15:40.435 | Elapsed=0ms | Status=Completed
2026-04-16 10:15:40 | INF | ACTION_TRACE | Acc=admin | Path=/.well-known/appspecific/com.chrome.devtools.json | IP=::1 | Start=2026-04-16 10:15:40.447 | Elapsed=0ms | Status=Completed
2026-04-16 10:15:43 | INF | ACTION_TRACE | Acc=admin | Path=/AdminPortal/Home/Index | IP=::1 | Start=2026-04-16 10:15:43.175 | Elapsed=20ms | Status=Completed
2026-04-16 10:15:43 | INF | ACTION_TRACE | Acc=admin | Path=/.well-known/appspecific/com.chrome.devtools.json | IP=::1 | Start=2026-04-16 10:15:43.229 | Elapsed=0ms | Status=Completed
2026-04-16 10:15:43 | INF | ACTION_TRACE | Acc=admin | Path=/lib/datatables.net-bs5/dataTables.bootstrap5.min.css | IP=::1 | Start=2026-04-16 10:15:43.234 | Elapsed=0ms | Status=Completed
2026-04-16 10:15:43 | INF | ACTION_TRACE | Acc=admin | Path=/lib/datatables.net/jquery.dataTables.min.js | IP=::1 | Start=2026-04-16 10:15:43.237 | Elapsed=0ms | Status=Completed
2026-04-16 10:15:43 | INF | ACTION_TRACE | Acc=admin | Path=/lib/datatables.net-bs5/dataTables.bootstrap5.min.js | IP=::1 | Start=2026-04-16 10:15:43.240 | Elapsed=0ms | Status=Completed
2026-04-16 10:18:30 | WRN | No store type was specified for the decimal property 'OveMoney' on entity type 'HROvertime'. This will cause values to be silently truncated if they do not fit in the default precision and scale. Explicitly specify the SQL server column type that can accommodate all the values in 'OnModelCreating' using 'HasColumnType', specify precision and scale using 'HasPrecision', or configure a value converter using 'HasConversion'.
2026-04-16 10:18:30 | WRN | No store type was specified for the decimal property 'Wag1D1Hour' on entity type 'HRWage'. This will cause values to be silently truncated if they do not fit in the default precision and scale. Explicitly specify the SQL server column type that can accommodate all the values in 'OnModelCreating' using 'HasColumnType', specify precision and scale using 'HasPrecision', or configure a value converter using 'HasConversion'.
2026-04-16 10:18:30 | WRN | No store type was specified for the decimal property 'Wag2D1Hour' on entity type 'HRWage'. This will cause values to be silently truncated if they do not fit in the default precision and scale. Explicitly specify the SQL server column type that can accommodate all the values in 'OnModelCreating' using 'HasColumnType', specify precision and scale using 'HasPrecision', or configure a value converter using 'HasConversion'.
2026-04-16 10:18:30 | WRN | No store type was specified for the decimal property 'Wag4D3Hour' on entity type 'HRWage'. This will cause values to be silently truncated if they do not fit in the default precision and scale. Explicitly specify the SQL server column type that can accommodate all the values in 'OnModelCreating' using 'HasColumnType', specify precision and scale using 'HasPrecision', or configure a value converter using 'HasConversion'.
2026-04-16 10:18:30 | WRN | No store type was specified for the decimal property 'Wag5D3Hour' on entity type 'HRWage'. This will cause values to be silently truncated if they do not fit in the default precision and scale. Explicitly specify the SQL server column type that can accommodate all the values in 'OnModelCreating' using 'HasColumnType', specify precision and scale using 'HasPrecision', or configure a value converter using 'HasConversion'.
2026-04-16 10:18:30 | WRN | No store type was specified for the decimal property 'Wag8D3Hour' on entity type 'HRWage'. This will cause values to be silently truncated if they do not fit in the default precision and scale. Explicitly specify the SQL server column type that can accommodate all the values in 'OnModelCreating' using 'HasColumnType', specify precision and scale using 'HasPrecision', or configure a value converter using 'HasConversion'.
2026-04-16 10:18:30 | WRN | No store type was specified for the decimal property 'WagApplyHour' on entity type 'HRWage'. This will cause values to be silently truncated if they do not fit in the default precision and scale. Explicitly specify the SQL server column type that can accommodate all the values in 'OnModelCreating' using 'HasColumnType', specify precision and scale using 'HasPrecision', or configure a value converter using 'HasConversion'.
2026-04-16 10:18:30 | WRN | No store type was specified for the decimal property 'WagIssueHour' on entity type 'HRWage'. This will cause values to be silently truncated if they do not fit in the default precision and scale. Explicitly specify the SQL server column type that can accommodate all the values in 'OnModelCreating' using 'HasColumnType', specify precision and scale using 'HasPrecision', or configure a value converter using 'HasConversion'.
2026-04-16 10:18:30 | WRN | No store type was specified for the decimal property 'WagSubtotal' on entity type 'HRWage'. This will cause values to be silently truncated if they do not fit in the default precision and scale. Explicitly specify the SQL server column type that can accommodate all the values in 'OnModelCreating' using 'HasColumnType', specify precision and scale using 'HasPrecision', or configure a value converter using 'HasConversion'.
2026-04-16 10:18:35 | WRN | The query uses the 'First'/'FirstOrDefault' operator without 'OrderBy' and filter operators. This may lead to unpredictable results.
2026-04-16 10:18:36 | INF | ACTION_TRACE | Acc=admin | Path=/ | IP=::1 | Start=2026-04-16 10:18:29.722 | Elapsed=6842ms | Status=Completed
2026-04-16 10:18:36 | INF | NETWORK_UNSTABLE | Acc=admin | Path=/ | Reason=SlowRequest 6842ms
2026-04-16 10:18:36 | INF | ACTION_TRACE | Acc=admin | Path=/Captcha/Generate | IP=::1 | Start=2026-04-16 10:18:36.725 | Elapsed=38ms | Status=Completed
2026-04-16 10:18:36 | INF | ACTION_TRACE | Acc=admin | Path=/DNTCaptchaImage/Show | IP=::1 | Start=2026-04-16 10:18:36.789 | Elapsed=116ms | Status=Completed
2026-04-16 10:18:47 | INF | ACTION_TRACE | Acc=admin | Path=/Account/Login | IP=::1 | Start=2026-04-16 10:18:40.869 | Elapsed=6268ms | Status=Completed
2026-04-16 10:18:47 | INF | NETWORK_UNSTABLE | Acc=admin | Path=/Account/Login | Reason=SlowRequest 6268ms
2026-04-16 10:18:47 | INF | ACTION_TRACE | Acc=admin | Path=/Home/Index | IP=::1 | Start=2026-04-16 10:18:47.151 | Elapsed=231ms | Status=Completed
2026-04-16 10:22:13 | INF | ACTION_TRACE | Acc=admin | Path=/ | IP=::1 | Start=2026-04-16 10:22:13.408 | Elapsed=320ms | Status=Completed
2026-04-16 10:22:13 | INF | ACTION_TRACE | Acc=admin | Path=/Captcha/Generate | IP=::1 | Start=2026-04-16 10:22:13.781 | Elapsed=2ms | Status=Completed
2026-04-16 10:22:13 | INF | ACTION_TRACE | Acc=admin | Path=/DNTCaptchaImage/Show | IP=::1 | Start=2026-04-16 10:22:13.794 | Elapsed=14ms | Status=Completed
2026-04-16 10:22:15 | INF | ACTION_TRACE | Acc=admin | Path=/AdminPortal/Account/Login | IP=::1 | Start=2026-04-16 10:22:15.734 | Elapsed=49ms | Status=Completed
2026-04-16 10:22:15 | INF | ACTION_TRACE | Acc=admin | Path=/Captcha/Generate | IP=::1 | Start=2026-04-16 10:22:15.844 | Elapsed=1ms | Status=Completed
2026-04-16 10:22:15 | INF | ACTION_TRACE | Acc=admin | Path=/DNTCaptchaImage/Show | IP=::1 | Start=2026-04-16 10:22:15.854 | Elapsed=18ms | Status=Completed
2026-04-16 10:22:17 | INF | ACTION_TRACE | Acc=admin | Path=/.well-known/appspecific/com.chrome.devtools.json | IP=::1 | Start=2026-04-16 10:22:17.031 | Elapsed=0ms | Status=Completed
2026-04-16 10:22:19 | INF | ACTION_TRACE | Acc=admin | Path=/.well-known/appspecific/com.chrome.devtools.json | IP=::1 | Start=2026-04-16 10:22:19.669 | Elapsed=0ms | Status=Completed
2026-04-16 10:22:29 | INF | ACTION_TRACE | Acc=admin | Path=/AdminPortal/Account/Login | IP=::1 | Start=2026-04-16 10:22:23.175 | Elapsed=6060ms | Status=Completed
2026-04-16 10:22:29 | INF | NETWORK_UNSTABLE | Acc=admin | Path=/AdminPortal/Account/Login | Reason=SlowRequest 6060ms
2026-04-16 10:22:29 | INF | ACTION_TRACE | Acc=admin | Path=/AdminPortal/Home/Index | IP=::1 | Start=2026-04-16 10:22:29.244 | Elapsed=79ms | Status=Completed
2026-04-16 10:22:29 | INF | ACTION_TRACE | Acc=admin | Path=/.well-known/appspecific/com.chrome.devtools.json | IP=::1 | Start=2026-04-16 10:22:29.355 | Elapsed=0ms | Status=Completed
2026-04-16 10:22:29 | INF | ACTION_TRACE | Acc=admin | Path=/lib/datatables.net-bs5/dataTables.bootstrap5.min.css | IP=::1 | Start=2026-04-16 10:22:29.364 | Elapsed=0ms | Status=Completed
2026-04-16 10:22:29 | INF | ACTION_TRACE | Acc=admin | Path=/lib/datatables.net-bs5/dataTables.bootstrap5.min.js | IP=::1 | Start=2026-04-16 10:22:29.376 | Elapsed=0ms | Status=Completed
2026-04-16 10:22:29 | INF | ACTION_TRACE | Acc=admin | Path=/lib/datatables.net/jquery.dataTables.min.js | IP=::1 | Start=2026-04-16 10:22:29.377 | Elapsed=0ms | Status=Completed
2026-04-16 10:22:37 | INF | ACTION_TRACE | Acc=admin | Path=/lib/datatables.net-bs5/dataTables.bootstrap5.min.css | IP=::1 | Start=2026-04-16 10:22:37.188 | Elapsed=0ms | Status=Completed
2026-04-16 10:22:37 | INF | ACTION_TRACE | Acc=admin | Path=/.well-known/appspecific/com.chrome.devtools.json | IP=::1 | Start=2026-04-16 10:22:37.202 | Elapsed=0ms | Status=Completed
2026-04-16 10:22:37 | INF | ACTION_TRACE | Acc=admin | Path=/AdminPortal/Home/Index | IP=::1 | Start=2026-04-16 10:22:37.713 | Elapsed=5ms | Status=Completed
2026-04-16 10:22:37 | INF | ACTION_TRACE | Acc=admin | Path=/lib/datatables.net-bs5/dataTables.bootstrap5.min.css | IP=::1 | Start=2026-04-16 10:22:37.760 | Elapsed=0ms | Status=Completed
2026-04-16 10:22:37 | INF | ACTION_TRACE | Acc=admin | Path=/lib/datatables.net/jquery.dataTables.min.js | IP=::1 | Start=2026-04-16 10:22:37.766 | Elapsed=0ms | Status=Completed
2026-04-16 10:22:37 | INF | ACTION_TRACE | Acc=admin | Path=/lib/datatables.net-bs5/dataTables.bootstrap5.min.js | IP=::1 | Start=2026-04-16 10:22:37.766 | Elapsed=0ms | Status=Completed
2026-04-16 10:22:37 | INF | ACTION_TRACE | Acc=admin | Path=/.well-known/appspecific/com.chrome.devtools.json | IP=::1 | Start=2026-04-16 10:22:37.772 | Elapsed=0ms | Status=Completed
2026-04-16 10:22:38 | INF | ACTION_TRACE | Acc=admin | Path=/AdminPortal/Home/Index | IP=::1 | Start=2026-04-16 10:22:38.569 | Elapsed=5ms | Status=Completed
2026-04-16 10:22:38 | INF | ACTION_TRACE | Acc=admin | Path=/.well-known/appspecific/com.chrome.devtools.json | IP=::1 | Start=2026-04-16 10:22:38.604 | Elapsed=0ms | Status=Completed
2026-04-16 10:22:38 | INF | ACTION_TRACE | Acc=admin | Path=/lib/datatables.net-bs5/dataTables.bootstrap5.min.css | IP=::1 | Start=2026-04-16 10:22:38.619 | Elapsed=0ms | Status=Completed
2026-04-16 10:22:38 | INF | ACTION_TRACE | Acc=admin | Path=/lib/datatables.net-bs5/dataTables.bootstrap5.min.js | IP=::1 | Start=2026-04-16 10:22:38.622 | Elapsed=0ms | Status=Completed
2026-04-16 10:22:38 | INF | ACTION_TRACE | Acc=admin | Path=/lib/datatables.net/jquery.dataTables.min.js | IP=::1 | Start=2026-04-16 10:22:38.622 | Elapsed=0ms | Status=Completed
2026-04-16 10:22:44 | INF | ACTION_TRACE | Acc=admin | Path=/AdminPortal/Home/Index | IP=::1 | Start=2026-04-16 10:22:44.275 | Elapsed=5ms | Status=Completed
2026-04-16 10:22:44 | INF | ACTION_TRACE | Acc=admin | Path=/lib/datatables.net-bs5/dataTables.bootstrap5.min.css | IP=::1 | Start=2026-04-16 10:22:44.313 | Elapsed=0ms | Status=Completed
2026-04-16 10:22:44 | INF | ACTION_TRACE | Acc=admin | Path=/lib/datatables.net-bs5/dataTables.bootstrap5.min.js | IP=::1 | Start=2026-04-16 10:22:44.319 | Elapsed=0ms | Status=Completed
2026-04-16 10:22:44 | INF | ACTION_TRACE | Acc=admin | Path=/lib/datatables.net/jquery.dataTables.min.js | IP=::1 | Start=2026-04-16 10:22:44.319 | Elapsed=0ms | Status=Completed
2026-04-16 10:22:44 | INF | ACTION_TRACE | Acc=admin | Path=/.well-known/appspecific/com.chrome.devtools.json | IP=::1 | Start=2026-04-16 10:22:44.341 | Elapsed=0ms | Status=Completed
2026-04-16 10:22:45 | INF | ACTION_TRACE | Acc=admin | Path=/AdminPortal/Home/Index | IP=::1 | Start=2026-04-16 10:22:45.474 | Elapsed=17ms | Status=Completed
2026-04-16 10:22:45 | INF | ACTION_TRACE | Acc=admin | Path=/lib/datatables.net-bs5/dataTables.bootstrap5.min.css | IP=::1 | Start=2026-04-16 10:22:45.541 | Elapsed=0ms | Status=Completed
2026-04-16 10:22:45 | INF | ACTION_TRACE | Acc=admin | Path=/.well-known/appspecific/com.chrome.devtools.json | IP=::1 | Start=2026-04-16 10:22:45.549 | Elapsed=0ms | Status=Completed
2026-04-16 10:22:45 | INF | ACTION_TRACE | Acc=admin | Path=/lib/datatables.net-bs5/dataTables.bootstrap5.min.js | IP=::1 | Start=2026-04-16 10:22:45.551 | Elapsed=0ms | Status=Completed
2026-04-16 10:22:45 | INF | ACTION_TRACE | Acc=admin | Path=/lib/datatables.net/jquery.dataTables.min.js | IP=::1 | Start=2026-04-16 10:22:45.553 | Elapsed=0ms | Status=Completed
2026-04-16 10:22:46 | INF | ACTION_TRACE | Acc=admin | Path=/AdminPortal/Home/Index | IP=::1 | Start=2026-04-16 10:22:46.216 | Elapsed=6ms | Status=Completed
2026-04-16 10:22:46 | INF | ACTION_TRACE | Acc=admin | Path=/lib/datatables.net-bs5/dataTables.bootstrap5.min.css | IP=::1 | Start=2026-04-16 10:22:46.259 | Elapsed=0ms | Status=Completed
2026-04-16 10:22:46 | INF | ACTION_TRACE | Acc=admin | Path=/lib/datatables.net-bs5/dataTables.bootstrap5.min.js | IP=::1 | Start=2026-04-16 10:22:46.267 | Elapsed=0ms | Status=Completed
2026-04-16 10:22:46 | INF | ACTION_TRACE | Acc=admin | Path=/lib/datatables.net/jquery.dataTables.min.js | IP=::1 | Start=2026-04-16 10:22:46.267 | Elapsed=0ms | Status=Completed
2026-04-16 10:22:46 | INF | ACTION_TRACE | Acc=admin | Path=/.well-known/appspecific/com.chrome.devtools.json | IP=::1 | Start=2026-04-16 10:22:46.292 | Elapsed=0ms | Status=Completed
2026-04-16 10:27:37 | WRN | No store type was specified for the decimal property 'OveMoney' on entity type 'HROvertime'. This will cause values to be silently truncated if they do not fit in the default precision and scale. Explicitly specify the SQL server column type that can accommodate all the values in 'OnModelCreating' using 'HasColumnType', specify precision and scale using 'HasPrecision', or configure a value converter using 'HasConversion'.
2026-04-16 10:27:37 | WRN | No store type was specified for the decimal property 'Wag1D1Hour' on entity type 'HRWage'. This will cause values to be silently truncated if they do not fit in the default precision and scale. Explicitly specify the SQL server column type that can accommodate all the values in 'OnModelCreating' using 'HasColumnType', specify precision and scale using 'HasPrecision', or configure a value converter using 'HasConversion'.
2026-04-16 10:27:37 | WRN | No store type was specified for the decimal property 'Wag2D1Hour' on entity type 'HRWage'. This will cause values to be silently truncated if they do not fit in the default precision and scale. Explicitly specify the SQL server column type that can accommodate all the values in 'OnModelCreating' using 'HasColumnType', specify precision and scale using 'HasPrecision', or configure a value converter using 'HasConversion'.
2026-04-16 10:27:37 | WRN | No store type was specified for the decimal property 'Wag4D3Hour' on entity type 'HRWage'. This will cause values to be silently truncated if they do not fit in the default precision and scale. Explicitly specify the SQL server column type that can accommodate all the values in 'OnModelCreating' using 'HasColumnType', specify precision and scale using 'HasPrecision', or configure a value converter using 'HasConversion'.
2026-04-16 10:27:37 | WRN | No store type was specified for the decimal property 'Wag5D3Hour' on entity type 'HRWage'. This will cause values to be silently truncated if they do not fit in the default precision and scale. Explicitly specify the SQL server column type that can accommodate all the values in 'OnModelCreating' using 'HasColumnType', specify precision and scale using 'HasPrecision', or configure a value converter using 'HasConversion'.
2026-04-16 10:27:37 | WRN | No store type was specified for the decimal property 'Wag8D3Hour' on entity type 'HRWage'. This will cause values to be silently truncated if they do not fit in the default precision and scale. Explicitly specify the SQL server column type that can accommodate all the values in 'OnModelCreating' using 'HasColumnType', specify precision and scale using 'HasPrecision', or configure a value converter using 'HasConversion'.
2026-04-16 10:27:37 | WRN | No store type was specified for the decimal property 'WagApplyHour' on entity type 'HRWage'. This will cause values to be silently truncated if they do not fit in the default precision and scale. Explicitly specify the SQL server column type that can accommodate all the values in 'OnModelCreating' using 'HasColumnType', specify precision and scale using 'HasPrecision', or configure a value converter using 'HasConversion'.
2026-04-16 10:27:37 | WRN | No store type was specified for the decimal property 'WagIssueHour' on entity type 'HRWage'. This will cause values to be silently truncated if they do not fit in the default precision and scale. Explicitly specify the SQL server column type that can accommodate all the values in 'OnModelCreating' using 'HasColumnType', specify precision and scale using 'HasPrecision', or configure a value converter using 'HasConversion'.
2026-04-16 10:27:37 | WRN | No store type was specified for the decimal property 'WagSubtotal' on entity type 'HRWage'. This will cause values to be silently truncated if they do not fit in the default precision and scale. Explicitly specify the SQL server column type that can accommodate all the values in 'OnModelCreating' using 'HasColumnType', specify precision and scale using 'HasPrecision', or configure a value converter using 'HasConversion'.
2026-04-16 10:27:42 | WRN | The query uses the 'First'/'FirstOrDefault' operator without 'OrderBy' and filter operators. This may lead to unpredictable results.
2026-04-16 10:27:43 | INF | ACTION_TRACE | Acc=admin | Path=/ | IP=::1 | Start=2026-04-16 10:27:36.821 | Elapsed=6827ms | Status=Completed
2026-04-16 10:27:43 | INF | NETWORK_UNSTABLE | Acc=admin | Path=/ | Reason=SlowRequest 6827ms
2026-04-16 10:27:43 | INF | ACTION_TRACE | Acc=admin | Path=/Captcha/Generate | IP=::1 | Start=2026-04-16 10:27:43.813 | Elapsed=39ms | Status=Completed
2026-04-16 10:27:44 | INF | ACTION_TRACE | Acc=admin | Path=/DNTCaptchaImage/Show | IP=::1 | Start=2026-04-16 10:27:43.882 | Elapsed=118ms | Status=Completed
2026-04-16 10:27:47 | INF | ACTION_TRACE | Acc=admin | Path=/AdminPortal/Account/Login | IP=::1 | Start=2026-04-16 10:27:47.703 | Elapsed=106ms | Status=Completed
2026-04-16 10:27:47 | INF | ACTION_TRACE | Acc=admin | Path=/Captcha/Generate | IP=::1 | Start=2026-04-16 10:27:47.876 | Elapsed=5ms | Status=Completed
2026-04-16 10:27:47 | INF | ACTION_TRACE | Acc=admin | Path=/DNTCaptchaImage/Show | IP=::1 | Start=2026-04-16 10:27:47.894 | Elapsed=13ms | Status=Completed
2026-04-16 10:27:57 | INF | ACTION_TRACE | Acc=admin | Path=/AdminPortal/Account/Login | IP=::1 | Start=2026-04-16 10:27:50.819 | Elapsed=6663ms | Status=Completed
2026-04-16 10:27:57 | INF | NETWORK_UNSTABLE | Acc=admin | Path=/AdminPortal/Account/Login | Reason=SlowRequest 6663ms
2026-04-16 10:27:57 | INF | ACTION_TRACE | Acc=admin | Path=/AdminPortal/Home/Index | IP=::1 | Start=2026-04-16 10:27:57.502 | Elapsed=118ms | Status=Completed
2026-04-16 10:35:39 | INF | ACTION_TRACE | Acc=admin | Path=/.well-known/appspecific/com.chrome.devtools.json | IP=::1 | Start=2026-04-16 10:35:39.284 | Elapsed=0ms | Status=Completed
2026-04-16 10:35:48 | INF | CONTROLLER_EXEC | Acc= admin | IP=::1 | Path=ADS999002/ADS999002 | Message=GET /ADS999002/ADS999002
2026-04-16 10:35:48 | INF | ACTION_TRACE | Acc=admin | Path=/ADS999002/ADS999002 | IP=::1 | Start=2026-04-16 10:35:43.830 | Elapsed=4692ms | Status=Completed
2026-04-16 10:35:48 | INF | NETWORK_UNSTABLE | Acc=admin | Path=/ADS999002/ADS999002 | Reason=SlowRequest 4692ms
2026-04-16 10:35:48 | INF | ACTION_TRACE | Acc=admin | Path=/sm/6cf3a2be173716d0e4726c68ef6634f00cefa4e7428560c2debae6f24389d3c1.map | IP=::1 | Start=2026-04-16 10:35:48.569 | Elapsed=0ms | Status=Completed
2026-04-16 10:35:48 | INF | CONTROLLER_EXEC | Acc= admin | IP=::1 | Path=ADS999002/GetAllRoleList | Message=POST /ADS999002/GetAllRoleList
2026-04-16 10:35:48 | INF | ACTION_TRACE | Acc=admin | Path=/ADS999002/GetAllRoleList | IP=::1 | Start=2026-04-16 10:35:48.630 | Elapsed=49ms | Status=Completed
2026-04-16 10:35:56 | INF | CONTROLLER_EXEC | Acc= admin | IP=::1 | Path=ADS999002/GetPermission | Message=POST /ADS999002/GetPermission
2026-04-16 10:35:56 | INF | ACTION_TRACE | Acc=admin | Path=/ADS999002/GetPermission | IP=::1 | Start=2026-04-16 10:35:55.965 | Elapsed=98ms | Status=Completed
2026-04-16 10:36:10 | INF | CONTROLLER_EXEC | Acc= admin | IP=::1 | Path=ADS999002/GetPermission | Message=POST /ADS999002/GetPermission
2026-04-16 10:36:10 | INF | ACTION_TRACE | Acc=admin | Path=/ADS999002/GetPermission | IP=::1 | Start=2026-04-16 10:36:10.388 | Elapsed=12ms | Status=Completed
2026-04-16 10:36:13 | INF | CONTROLLER_EXEC | Acc= admin | IP=::1 | Path=ADS999002/GetPermission | Message=POST /ADS999002/GetPermission
2026-04-16 10:36:13 | INF | ACTION_TRACE | Acc=admin | Path=/ADS999002/GetPermission | IP=::1 | Start=2026-04-16 10:36:13.079 | Elapsed=10ms | Status=Completed
2026-04-16 10:36:16 | INF | CONTROLLER_EXEC | Acc= admin | IP=::1 | Path=ADS999002/GetRoleByNo | Message=GET /ADS999002/GetRoleByNo
2026-04-16 10:36:16 | INF | ACTION_TRACE | Acc=admin | Path=/ADS999002/GetRoleByNo | IP=::1 | Start=2026-04-16 10:36:15.877 | Elapsed=298ms | Status=Completed
2026-04-16 10:36:17 | INF | CONTROLLER_EXEC | Acc= admin | IP=::1 | Path=ADS999002/GetRoleByNo | Message=GET /ADS999002/GetRoleByNo
2026-04-16 10:36:17 | INF | ACTION_TRACE | Acc=admin | Path=/ADS999002/GetRoleByNo | IP=::1 | Start=2026-04-16 10:36:17.591 | Elapsed=3ms | Status=Completed
2026-04-16 10:37:30 | INF | CONTROLLER_EXEC | Acc= admin | IP=::1 | Path=ADS999002/GetAllRoleList | Message=POST /ADS999002/GetAllRoleList
2026-04-16 10:37:30 | INF | ACTION_TRACE | Acc=admin | Path=/ADS999002/GetAllRoleList | IP=::1 | Start=2026-04-16 10:37:30.221 | Elapsed=3ms | Status=Completed
2026-04-16 10:37:30 | INF | CONTROLLER_EXEC | Acc= admin | IP=::1 | Path=ADS999002/GetAllRoleList | Message=POST /ADS999002/GetAllRoleList
2026-04-16 10:37:30 | INF | ACTION_TRACE | Acc=admin | Path=/ADS999002/GetAllRoleList | IP=::1 | Start=2026-04-16 10:37:30.610 | Elapsed=2ms | Status=Completed
2026-04-16 10:37:31 | INF | CONTROLLER_EXEC | Acc= admin | IP=::1 | Path=ADS999002/GetAllRoleList | Message=POST /ADS999002/GetAllRoleList
2026-04-16 10:37:31 | INF | ACTION_TRACE | Acc=admin | Path=/ADS999002/GetAllRoleList | IP=::1 | Start=2026-04-16 10:37:31.573 | Elapsed=4ms | Status=Completed
2026-04-16 10:37:31 | INF | CONTROLLER_EXEC | Acc= admin | IP=::1 | Path=ADS999002/GetAllRoleList | Message=POST /ADS999002/GetAllRoleList
2026-04-16 10:37:31 | INF | ACTION_TRACE | Acc=admin | Path=/ADS999002/GetAllRoleList | IP=::1 | Start=2026-04-16 10:37:31.912 | Elapsed=3ms | Status=Completed
2026-04-16 10:37:32 | INF | CONTROLLER_EXEC | Acc= admin | IP=::1 | Path=ADS999002/GetAllRoleList | Message=POST /ADS999002/GetAllRoleList
2026-04-16 10:37:32 | INF | ACTION_TRACE | Acc=admin | Path=/ADS999002/GetAllRoleList | IP=::1 | Start=2026-04-16 10:37:32.319 | Elapsed=3ms | Status=Completed
2026-04-16 10:37:32 | INF | CONTROLLER_EXEC | Acc= admin | IP=::1 | Path=ADS999002/GetAllRoleList | Message=POST /ADS999002/GetAllRoleList
2026-04-16 10:37:32 | INF | ACTION_TRACE | Acc=admin | Path=/ADS999002/GetAllRoleList | IP=::1 | Start=2026-04-16 10:37:32.736 | Elapsed=2ms | Status=Completed
2026-04-16 10:37:32 | INF | CONTROLLER_EXEC | Acc= admin | IP=::1 | Path=ADS999002/GetAllRoleList | Message=POST /ADS999002/GetAllRoleList
2026-04-16 10:37:32 | INF | ACTION_TRACE | Acc=admin | Path=/ADS999002/GetAllRoleList | IP=::1 | Start=2026-04-16 10:37:32.979 | Elapsed=4ms | Status=Completed
2026-04-16 10:37:33 | INF | CONTROLLER_EXEC | Acc= admin | IP=::1 | Path=ADS999002/GetAllRoleList | Message=POST /ADS999002/GetAllRoleList
2026-04-16 10:37:33 | INF | ACTION_TRACE | Acc=admin | Path=/ADS999002/GetAllRoleList | IP=::1 | Start=2026-04-16 10:37:33.203 | Elapsed=2ms | Status=Completed
2026-04-16 10:37:34 | INF | CONTROLLER_EXEC | Acc= admin | IP=::1 | Path=ADS999002/GetRoleByNo | Message=GET /ADS999002/GetRoleByNo
2026-04-16 10:37:34 | INF | ACTION_TRACE | Acc=admin | Path=/ADS999002/GetRoleByNo | IP=::1 | Start=2026-04-16 10:37:34.235 | Elapsed=2ms | Status=Completed
2026-04-16 10:40:12 | WRN | No store type was specified for the decimal property 'OveMoney' on entity type 'HROvertime'. This will cause values to be silently truncated if they do not fit in the default precision and scale. Explicitly specify the SQL server column type that can accommodate all the values in 'OnModelCreating' using 'HasColumnType', specify precision and scale using 'HasPrecision', or configure a value converter using 'HasConversion'.
2026-04-16 10:40:12 | WRN | No store type was specified for the decimal property 'Wag1D1Hour' on entity type 'HRWage'. This will cause values to be silently truncated if they do not fit in the default precision and scale. Explicitly specify the SQL server column type that can accommodate all the values in 'OnModelCreating' using 'HasColumnType', specify precision and scale using 'HasPrecision', or configure a value converter using 'HasConversion'.
2026-04-16 10:40:12 | WRN | No store type was specified for the decimal property 'Wag2D1Hour' on entity type 'HRWage'. This will cause values to be silently truncated if they do not fit in the default precision and scale. Explicitly specify the SQL server column type that can accommodate all the values in 'OnModelCreating' using 'HasColumnType', specify precision and scale using 'HasPrecision', or configure a value converter using 'HasConversion'.
2026-04-16 10:40:12 | WRN | No store type was specified for the decimal property 'Wag4D3Hour' on entity type 'HRWage'. This will cause values to be silently truncated if they do not fit in the default precision and scale. Explicitly specify the SQL server column type that can accommodate all the values in 'OnModelCreating' using 'HasColumnType', specify precision and scale using 'HasPrecision', or configure a value converter using 'HasConversion'.
2026-04-16 10:40:12 | WRN | No store type was specified for the decimal property 'Wag5D3Hour' on entity type 'HRWage'. This will cause values to be silently truncated if they do not fit in the default precision and scale. Explicitly specify the SQL server column type that can accommodate all the values in 'OnModelCreating' using 'HasColumnType', specify precision and scale using 'HasPrecision', or configure a value converter using 'HasConversion'.
2026-04-16 10:40:12 | WRN | No store type was specified for the decimal property 'Wag8D3Hour' on entity type 'HRWage'. This will cause values to be silently truncated if they do not fit in the default precision and scale. Explicitly specify the SQL server column type that can accommodate all the values in 'OnModelCreating' using 'HasColumnType', specify precision and scale using 'HasPrecision', or configure a value converter using 'HasConversion'.
2026-04-16 10:40:12 | WRN | No store type was specified for the decimal property 'WagApplyHour' on entity type 'HRWage'. This will cause values to be silently truncated if they do not fit in the default precision and scale. Explicitly specify the SQL server column type that can accommodate all the values in 'OnModelCreating' using 'HasColumnType', specify precision and scale using 'HasPrecision', or configure a value converter using 'HasConversion'.
2026-04-16 10:40:12 | WRN | No store type was specified for the decimal property 'WagIssueHour' on entity type 'HRWage'. This will cause values to be silently truncated if they do not fit in the default precision and scale. Explicitly specify the SQL server column type that can accommodate all the values in 'OnModelCreating' using 'HasColumnType', specify precision and scale using 'HasPrecision', or configure a value converter using 'HasConversion'.
2026-04-16 10:40:12 | WRN | No store type was specified for the decimal property 'WagSubtotal' on entity type 'HRWage'. This will cause values to be silently truncated if they do not fit in the default precision and scale. Explicitly specify the SQL server column type that can accommodate all the values in 'OnModelCreating' using 'HasColumnType', specify precision and scale using 'HasPrecision', or configure a value converter using 'HasConversion'.
2026-04-16 10:40:17 | WRN | The query uses the 'First'/'FirstOrDefault' operator without 'OrderBy' and filter operators. This may lead to unpredictable results.
2026-04-16 10:40:18 | INF | ACTION_TRACE | Acc=admin | Path=/ | IP=::1 | Start=2026-04-16 10:40:11.685 | Elapsed=6954ms | Status=Completed
2026-04-16 10:40:18 | INF | NETWORK_UNSTABLE | Acc=admin | Path=/ | Reason=SlowRequest 6954ms
2026-04-16 10:40:18 | INF | ACTION_TRACE | Acc=admin | Path=/Captcha/Generate | IP=::1 | Start=2026-04-16 10:40:18.805 | Elapsed=36ms | Status=Completed
2026-04-16 10:40:18 | INF | ACTION_TRACE | Acc=admin | Path=/DNTCaptchaImage/Show | IP=::1 | Start=2026-04-16 10:40:18.858 | Elapsed=134ms | Status=Completed
2026-04-16 10:40:20 | INF | ACTION_TRACE | Acc=admin | Path=/AdminPortal/Account/Login | IP=::1 | Start=2026-04-16 10:40:20.576 | Elapsed=109ms | Status=Completed
2026-04-16 10:40:20 | INF | ACTION_TRACE | Acc=admin | Path=/Captcha/Generate | IP=::1 | Start=2026-04-16 10:40:20.749 | Elapsed=3ms | Status=Completed
2026-04-16 10:40:20 | INF | ACTION_TRACE | Acc=admin | Path=/DNTCaptchaImage/Show | IP=::1 | Start=2026-04-16 10:40:20.760 | Elapsed=15ms | Status=Completed
2026-04-16 10:40:30 | INF | ACTION_TRACE | Acc=admin | Path=/AdminPortal/Account/Login | IP=::1 | Start=2026-04-16 10:40:24.397 | Elapsed=6065ms | Status=Completed
2026-04-16 10:40:30 | INF | NETWORK_UNSTABLE | Acc=admin | Path=/AdminPortal/Account/Login | Reason=SlowRequest 6065ms
2026-04-16 10:40:30 | INF | ACTION_TRACE | Acc=admin | Path=/AdminPortal/Home/Index | IP=::1 | Start=2026-04-16 10:40:30.473 | Elapsed=116ms | Status=Completed
2026-04-16 10:40:33 | INF | CONTROLLER_EXEC | Acc= admin | IP=::1 | Path=ADS999002/ADS999002 | Message=GET /ADS999002/ADS999002
2026-04-16 10:40:33 | INF | ACTION_TRACE | Acc=admin | Path=/ADS999002/ADS999002 | IP=::1 | Start=2026-04-16 10:40:33.159 | Elapsed=92ms | Status=Completed
2026-04-16 10:40:33 | INF | CONTROLLER_EXEC | Acc= admin | IP=::1 | Path=ADS999002/GetAllRoleList | Message=POST /ADS999002/GetAllRoleList
2026-04-16 10:40:33 | INF | ACTION_TRACE | Acc=admin | Path=/ADS999002/GetAllRoleList | IP=::1 | Start=2026-04-16 10:40:33.308 | Elapsed=39ms | Status=Completed
2026-04-16 10:40:36 | INF | ACTION_TRACE | Acc=admin | Path=/.well-known/appspecific/com.chrome.devtools.json | IP=::1 | Start=2026-04-16 10:40:36.865 | Elapsed=0ms | Status=Completed
2026-04-16 10:40:36 | INF | ACTION_TRACE | Acc=admin | Path=/sm/6cf3a2be173716d0e4726c68ef6634f00cefa4e7428560c2debae6f24389d3c1.map | IP=::1 | Start=2026-04-16 10:40:36.960 | Elapsed=0ms | Status=Completed
2026-04-16 10:40:37 | INF | ACTION_TRACE | Acc=admin | Path=/AdminPortal/Home/Index | IP=::1 | Start=2026-04-16 10:40:37.066 | Elapsed=7ms | Status=Completed
2026-04-16 10:40:37 | INF | ACTION_TRACE | Acc=admin | Path=/.well-known/appspecific/com.chrome.devtools.json | IP=::1 | Start=2026-04-16 10:40:37.125 | Elapsed=0ms | Status=Completed
2026-04-16 10:40:39 | INF | CONTROLLER_EXEC | Acc= admin | IP=::1 | Path=ADS999002/ADS999002 | Message=GET /ADS999002/ADS999002
2026-04-16 10:40:39 | INF | ACTION_TRACE | Acc=admin | Path=/ADS999002/ADS999002 | IP=::1 | Start=2026-04-16 10:40:39.517 | Elapsed=7ms | Status=Completed
2026-04-16 10:40:39 | INF | ACTION_TRACE | Acc=admin | Path=/sm/6cf3a2be173716d0e4726c68ef6634f00cefa4e7428560c2debae6f24389d3c1.map | IP=::1 | Start=2026-04-16 10:40:39.575 | Elapsed=0ms | Status=Completed
2026-04-16 10:40:39 | INF | CONTROLLER_EXEC | Acc= admin | IP=::1 | Path=ADS999002/GetAllRoleList | Message=POST /ADS999002/GetAllRoleList
2026-04-16 10:40:39 | INF | ACTION_TRACE | Acc=admin | Path=/ADS999002/GetAllRoleList | IP=::1 | Start=2026-04-16 10:40:39.644 | Elapsed=3ms | Status=Completed
2026-04-16 10:40:43 | INF | CONTROLLER_EXEC | Acc= admin | IP=::1 | Path=ADS999002/GetPermission | Message=POST /ADS999002/GetPermission
2026-04-16 10:40:43 | INF | ACTION_TRACE | Acc=admin | Path=/ADS999002/GetPermission | IP=::1 | Start=2026-04-16 10:40:43.292 | Elapsed=29ms | Status=Completed
2026-04-16 10:40:44 | INF | CONTROLLER_EXEC | Acc= admin | IP=::1 | Path=ADS999002/GetRoleByNo | Message=GET /ADS999002/GetRoleByNo
2026-04-16 10:40:44 | INF | ACTION_TRACE | Acc=admin | Path=/ADS999002/GetRoleByNo | IP=::1 | Start=2026-04-16 10:40:44.764 | Elapsed=22ms | Status=Completed
2026-04-16 10:47:37 | WRN | No store type was specified for the decimal property 'OveMoney' on entity type 'HROvertime'. This will cause values to be silently truncated if they do not fit in the default precision and scale. Explicitly specify the SQL server column type that can accommodate all the values in 'OnModelCreating' using 'HasColumnType', specify precision and scale using 'HasPrecision', or configure a value converter using 'HasConversion'.
2026-04-16 10:47:37 | WRN | No store type was specified for the decimal property 'Wag1D1Hour' on entity type 'HRWage'. This will cause values to be silently truncated if they do not fit in the default precision and scale. Explicitly specify the SQL server column type that can accommodate all the values in 'OnModelCreating' using 'HasColumnType', specify precision and scale using 'HasPrecision', or configure a value converter using 'HasConversion'.
2026-04-16 10:47:37 | WRN | No store type was specified for the decimal property 'Wag2D1Hour' on entity type 'HRWage'. This will cause values to be silently truncated if they do not fit in the default precision and scale. Explicitly specify the SQL server column type that can accommodate all the values in 'OnModelCreating' using 'HasColumnType', specify precision and scale using 'HasPrecision', or configure a value converter using 'HasConversion'.
2026-04-16 10:47:37 | WRN | No store type was specified for the decimal property 'Wag4D3Hour' on entity type 'HRWage'. This will cause values to be silently truncated if they do not fit in the default precision and scale. Explicitly specify the SQL server column type that can accommodate all the values in 'OnModelCreating' using 'HasColumnType', specify precision and scale using 'HasPrecision', or configure a value converter using 'HasConversion'.
2026-04-16 10:47:37 | WRN | No store type was specified for the decimal property 'Wag5D3Hour' on entity type 'HRWage'. This will cause values to be silently truncated if they do not fit in the default precision and scale. Explicitly specify the SQL server column type that can accommodate all the values in 'OnModelCreating' using 'HasColumnType', specify precision and scale using 'HasPrecision', or configure a value converter using 'HasConversion'.
2026-04-16 10:47:37 | WRN | No store type was specified for the decimal property 'Wag8D3Hour' on entity type 'HRWage'. This will cause values to be silently truncated if they do not fit in the default precision and scale. Explicitly specify the SQL server column type that can accommodate all the values in 'OnModelCreating' using 'HasColumnType', specify precision and scale using 'HasPrecision', or configure a value converter using 'HasConversion'.
2026-04-16 10:47:37 | WRN | No store type was specified for the decimal property 'WagApplyHour' on entity type 'HRWage'. This will cause values to be silently truncated if they do not fit in the default precision and scale. Explicitly specify the SQL server column type that can accommodate all the values in 'OnModelCreating' using 'HasColumnType', specify precision and scale using 'HasPrecision', or configure a value converter using 'HasConversion'.
2026-04-16 10:47:37 | WRN | No store type was specified for the decimal property 'WagIssueHour' on entity type 'HRWage'. This will cause values to be silently truncated if they do not fit in the default precision and scale. Explicitly specify the SQL server column type that can accommodate all the values in 'OnModelCreating' using 'HasColumnType', specify precision and scale using 'HasPrecision', or configure a value converter using 'HasConversion'.
2026-04-16 10:47:37 | WRN | No store type was specified for the decimal property 'WagSubtotal' on entity type 'HRWage'. This will cause values to be silently truncated if they do not fit in the default precision and scale. Explicitly specify the SQL server column type that can accommodate all the values in 'OnModelCreating' using 'HasColumnType', specify precision and scale using 'HasPrecision', or configure a value converter using 'HasConversion'.
2026-04-16 10:47:42 | WRN | The query uses the 'First'/'FirstOrDefault' operator without 'OrderBy' and filter operators. This may lead to unpredictable results.
2026-04-16 10:47:43 | INF | ACTION_TRACE | Acc=admin | Path=/ | IP=::1 | Start=2026-04-16 10:47:36.597 | Elapsed=6886ms | Status=Completed
2026-04-16 10:47:43 | INF | NETWORK_UNSTABLE | Acc=admin | Path=/ | Reason=SlowRequest 6886ms
2026-04-16 10:47:43 | INF | ACTION_TRACE | Acc=admin | Path=/Captcha/Generate | IP=::1 | Start=2026-04-16 10:47:43.643 | Elapsed=37ms | Status=Completed
2026-04-16 10:47:43 | INF | ACTION_TRACE | Acc=admin | Path=/DNTCaptchaImage/Show | IP=::1 | Start=2026-04-16 10:47:43.706 | Elapsed=97ms | Status=Completed
2026-04-16 10:47:53 | INF | ACTION_TRACE | Acc=admin | Path=/Account/Login | IP=::1 | Start=2026-04-16 10:47:46.981 | Elapsed=6226ms | Status=Completed
2026-04-16 10:47:53 | INF | NETWORK_UNSTABLE | Acc=admin | Path=/Account/Login | Reason=SlowRequest 6226ms
2026-04-16 10:47:53 | INF | ACTION_TRACE | Acc=admin | Path=/Home/Index | IP=::1 | Start=2026-04-16 10:47:53.221 | Elapsed=218ms | Status=Completed
2026-04-16 10:47:55 | INF | ACTION_TRACE | Acc=admin | Path=/ | IP=::1 | Start=2026-04-16 10:47:55.067 | Elapsed=240ms | Status=Completed
2026-04-16 10:47:55 | INF | ACTION_TRACE | Acc=admin | Path=/Captcha/Generate | IP=::1 | Start=2026-04-16 10:47:55.371 | Elapsed=2ms | Status=Completed
2026-04-16 10:47:55 | INF | ACTION_TRACE | Acc=admin | Path=/DNTCaptchaImage/Show | IP=::1 | Start=2026-04-16 10:47:55.387 | Elapsed=16ms | Status=Completed
2026-04-16 10:47:59 | INF | ACTION_TRACE | Acc=admin | Path=/AdminPortal/Account/Login | IP=::1 | Start=2026-04-16 10:47:59.020 | Elapsed=20ms | Status=Completed
2026-04-16 10:47:59 | INF | ACTION_TRACE | Acc=admin | Path=/Captcha/Generate | IP=::1 | Start=2026-04-16 10:47:59.114 | Elapsed=1ms | Status=Completed
2026-04-16 10:47:59 | INF | ACTION_TRACE | Acc=admin | Path=/DNTCaptchaImage/Show | IP=::1 | Start=2026-04-16 10:47:59.127 | Elapsed=14ms | Status=Completed
2026-04-16 10:48:06 | INF | ACTION_TRACE | Acc=admin | Path=/AdminPortal/Account/Login | IP=::1 | Start=2026-04-16 10:48:02.721 | Elapsed=3924ms | Status=Completed
2026-04-16 10:48:06 | INF | NETWORK_UNSTABLE | Acc=admin | Path=/AdminPortal/Account/Login | Reason=SlowRequest 3924ms
2026-04-16 10:48:06 | INF | ACTION_TRACE | Acc=admin | Path=/AdminPortal/Home/Index | IP=::1 | Start=2026-04-16 10:48:06.654 | Elapsed=77ms | Status=Completed
2026-04-16 10:48:10 | INF | CONTROLLER_EXEC | Acc= admin | IP=::1 | Path=ADS999002/ADS999002 | Message=GET /ADS999002/ADS999002
2026-04-16 10:48:10 | INF | ACTION_TRACE | Acc=admin | Path=/ADS999002/ADS999002 | IP=::1 | Start=2026-04-16 10:48:10.048 | Elapsed=91ms | Status=Completed
2026-04-16 10:48:10 | INF | CONTROLLER_EXEC | Acc= admin | IP=::1 | Path=ADS999002/GetAllRoleList | Message=POST /ADS999002/GetAllRoleList
2026-04-16 10:48:10 | INF | ACTION_TRACE | Acc=admin | Path=/ADS999002/GetAllRoleList | IP=::1 | Start=2026-04-16 10:48:10.197 | Elapsed=35ms | Status=Completed
2026-04-16 10:48:14 | INF | CONTROLLER_EXEC | Acc= admin | IP=::1 | Path=ADS999002/GetPermission | Message=POST /ADS999002/GetPermission
2026-04-16 10:48:14 | INF | ACTION_TRACE | Acc=admin | Path=/ADS999002/GetPermission | IP=::1 | Start=2026-04-16 10:48:14.669 | Elapsed=32ms | Status=Completed
2026-04-16 10:48:16 | INF | ACTION_TRACE | Acc=admin | Path=/.well-known/appspecific/com.chrome.devtools.json | IP=::1 | Start=2026-04-16 10:48:16.084 | Elapsed=0ms | Status=Completed
2026-04-16 10:48:16 | INF | ACTION_TRACE | Acc=admin | Path=/sm/6cf3a2be173716d0e4726c68ef6634f00cefa4e7428560c2debae6f24389d3c1.map | IP=::1 | Start=2026-04-16 10:48:16.191 | Elapsed=0ms | Status=Completed
2026-04-16 10:48:16 | INF | ACTION_TRACE | Acc=admin | Path=/AdminPortal/Home/Index | IP=::1 | Start=2026-04-16 10:48:16.346 | Elapsed=7ms | Status=Completed
2026-04-16 10:48:16 | INF | ACTION_TRACE | Acc=admin | Path=/.well-known/appspecific/com.chrome.devtools.json | IP=::1 | Start=2026-04-16 10:48:16.381 | Elapsed=0ms | Status=Completed
2026-04-16 10:48:17 | INF | ACTION_TRACE | Acc=admin | Path=/AdminPortal/Home/Index | IP=::1 | Start=2026-04-16 10:48:17.462 | Elapsed=10ms | Status=Completed
2026-04-16 10:48:17 | INF | ACTION_TRACE | Acc=admin | Path=/.well-known/appspecific/com.chrome.devtools.json | IP=::1 | Start=2026-04-16 10:48:17.515 | Elapsed=0ms | Status=Completed
2026-04-16 10:48:20 | INF | CONTROLLER_EXEC | Acc= admin | IP=::1 | Path=ADS999002/ADS999002 | Message=GET /ADS999002/ADS999002
2026-04-16 10:48:20 | INF | ACTION_TRACE | Acc=admin | Path=/ADS999002/ADS999002 | IP=::1 | Start=2026-04-16 10:48:20.363 | Elapsed=6ms | Status=Completed
2026-04-16 10:48:20 | INF | ACTION_TRACE | Acc=admin | Path=/sm/6cf3a2be173716d0e4726c68ef6634f00cefa4e7428560c2debae6f24389d3c1.map | IP=::1 | Start=2026-04-16 10:48:20.427 | Elapsed=0ms | Status=Completed
2026-04-16 10:48:20 | INF | CONTROLLER_EXEC | Acc= admin | IP=::1 | Path=ADS999002/GetAllRoleList | Message=POST /ADS999002/GetAllRoleList
2026-04-16 10:48:20 | INF | ACTION_TRACE | Acc=admin | Path=/ADS999002/GetAllRoleList | IP=::1 | Start=2026-04-16 10:48:20.488 | Elapsed=3ms | Status=Completed
2026-04-16 10:48:23 | INF | CONTROLLER_EXEC | Acc= admin | IP=::1 | Path=ADS999002/GetRoleByNo | Message=GET /ADS999002/GetRoleByNo
2026-04-16 10:48:23 | INF | ACTION_TRACE | Acc=admin | Path=/ADS999002/GetRoleByNo | IP=::1 | Start=2026-04-16 10:48:23.110 | Elapsed=21ms | Status=Completed
2026-04-16 10:48:25 | INF | CONTROLLER_EXEC | Acc= admin | IP=::1 | Path=ADS999002/GetPermission | Message=POST /ADS999002/GetPermission
2026-04-16 10:48:25 | INF | ACTION_TRACE | Acc=admin | Path=/ADS999002/GetPermission | IP=::1 | Start=2026-04-16 10:48:25.825 | Elapsed=3ms | Status=Completed
2026-04-16 10:49:19 | INF | ACTION_TRACE | Acc=admin | Path=/AdminPortal/Home/Index | IP=::1 | Start=2026-04-16 10:49:19.908 | Elapsed=17ms | Status=Completed
2026-04-16 10:49:19 | INF | ACTION_TRACE | Acc=admin | Path=/.well-known/appspecific/com.chrome.devtools.json | IP=::1 | Start=2026-04-16 10:49:19.981 | Elapsed=0ms | Status=Completed
2026-04-16 10:49:25 | INF | CONTROLLER_EXEC | Acc= admin | IP=::1 | Path=ADS999002/ADS999002 | Message=GET /ADS999002/ADS999002
2026-04-16 10:49:25 | INF | ACTION_TRACE | Acc=admin | Path=/ADS999002/ADS999002 | IP=::1 | Start=2026-04-16 10:49:25.942 | Elapsed=6ms | Status=Completed
2026-04-16 10:49:26 | INF | ACTION_TRACE | Acc=admin | Path=/sm/6cf3a2be173716d0e4726c68ef6634f00cefa4e7428560c2debae6f24389d3c1.map | IP=::1 | Start=2026-04-16 10:49:26.032 | Elapsed=0ms | Status=Completed
2026-04-16 10:49:26 | INF | CONTROLLER_EXEC | Acc= admin | IP=::1 | Path=ADS999002/GetAllRoleList | Message=POST /ADS999002/GetAllRoleList
2026-04-16 10:49:26 | INF | ACTION_TRACE | Acc=admin | Path=/ADS999002/GetAllRoleList | IP=::1 | Start=2026-04-16 10:49:26.090 | Elapsed=4ms | Status=Completed
2026-04-16 10:49:54 | INF | CONTROLLER_EXEC | Acc= admin | IP=::1 | Path=ADS999002/GetRoleByNo | Message=GET /ADS999002/GetRoleByNo
2026-04-16 10:49:54 | INF | ACTION_TRACE | Acc=admin | Path=/ADS999002/GetRoleByNo | IP=::1 | Start=2026-04-16 10:49:54.143 | Elapsed=2ms | Status=Completed
2026-04-16 10:49:55 | INF | CONTROLLER_EXEC | Acc= admin | IP=::1 | Path=ADS999002/UpdateRole | Message=POST /ADS999002/UpdateRole
2026-04-16 10:49:55 | INF | ACTION_TRACE | Acc=admin | Path=/ADS999002/UpdateRole | IP=::1 | Start=2026-04-16 10:49:55.229 | Elapsed=127ms | Status=Completed
2026-04-16 10:49:59 | INF | CONTROLLER_EXEC | Acc= admin | IP=::1 | Path=ADS999002/GetPermission | Message=POST /ADS999002/GetPermission
2026-04-16 10:49:59 | INF | ACTION_TRACE | Acc=admin | Path=/ADS999002/GetPermission | IP=::1 | Start=2026-04-16 10:49:59.157 | Elapsed=10ms | Status=Completed
2026-04-16 10:50:00 | ERR | An exception occurred while iterating over the results of a query for context type 'EHRIS.Core.DbContext.ApplicationDbContext'.
System.InvalidOperationException: The configured execution strategy 'SqlServerRetryingExecutionStrategy' does not support user-initiated transactions. Use the execution strategy returned by 'DbContext.Database.CreateExecutionStrategy()' to execute all the operations in the transaction as a retriable unit.
   at Microsoft.EntityFrameworkCore.Storage.ExecutionStrategy.OnFirstExecution()
   at Microsoft.EntityFrameworkCore.Storage.ExecutionStrategy.ExecuteAsync[TState,TResult](TState state, Func`4 operation, Func`4 verifySucceeded, CancellationToken cancellationToken)
   at Microsoft.EntityFrameworkCore.Query.Internal.SingleQueryingEnumerable`1.AsyncEnumerator.MoveNextAsync()
2026-04-16 10:50:00 | INF | CONTROLLER_EXEC | Acc= admin | IP=::1 | Path=ADS999002/UpdatePermission | Message=POST /ADS999002/UpdatePermission
2026-04-16 10:50:00 | INF | ACTION_TRACE | Acc=admin | Path=/ADS999002/UpdatePermission | IP=::1 | Start=2026-04-16 10:49:59.966 | Elapsed=191ms | Status=Completed
2026-04-16 10:51:41 | INF | CONTROLLER_EXEC | Acc= admin | IP=::1 | Path=ADS999002/GetRoleByNo | Message=GET /ADS999002/GetRoleByNo
2026-04-16 10:51:41 | INF | ACTION_TRACE | Acc=admin | Path=/ADS999002/GetRoleByNo | IP=::1 | Start=2026-04-16 10:51:41.470 | Elapsed=2ms | Status=Completed
2026-04-16 10:52:09 | INF | ACTION_TRACE | Acc=admin | Path=/AdminPortal/Home/Index | IP=::1 | Start=2026-04-16 10:52:09.758 | Elapsed=6ms | Status=Completed
2026-04-16 10:52:11 | INF | ACTION_TRACE | Acc=admin | Path=/AdminPortal/Account/Login | IP=::1 | Start=2026-04-16 10:52:11.323 | Elapsed=1ms | Status=Completed
2026-04-16 10:52:11 | INF | ACTION_TRACE | Acc=admin | Path=/Captcha/Generate | IP=::1 | Start=2026-04-16 10:52:11.399 | Elapsed=1ms | Status=Completed
2026-04-16 10:52:11 | INF | ACTION_TRACE | Acc=admin | Path=/DNTCaptchaImage/Show | IP=::1 | Start=2026-04-16 10:52:11.406 | Elapsed=27ms | Status=Completed
2026-04-16 10:52:14 | INF | ACTION_TRACE | Acc=admin | Path=/ | IP=::1 | Start=2026-04-16 10:52:13.211 | Elapsed=1548ms | Status=Completed
2026-04-16 10:52:14 | INF | ACTION_TRACE | Acc=admin | Path=/Captcha/Generate | IP=::1 | Start=2026-04-16 10:52:14.873 | Elapsed=1ms | Status=Completed
2026-04-16 10:52:14 | INF | ACTION_TRACE | Acc=admin | Path=/DNTCaptchaImage/Show | IP=::1 | Start=2026-04-16 10:52:14.888 | Elapsed=10ms | Status=Completed
2026-04-16 10:52:18 | INF | ACTION_TRACE | Acc=admin | Path=/Account/Login | IP=::1 | Start=2026-04-16 10:52:18.005 | Elapsed=552ms | Status=Completed
2026-04-16 10:52:18 | INF | ACTION_TRACE | Acc=admin | Path=/Home/Index | IP=::1 | Start=2026-04-16 10:52:18.565 | Elapsed=14ms | Status=Completed
2026-04-16 10:52:20 | INF | ACTION_TRACE | Acc=admin | Path=/Home/GetMenu | IP=::1 | Start=2026-04-16 10:52:20.411 | Elapsed=14ms | Status=Completed
2026-04-16 10:52:22 | INF | CONTROLLER_EXEC | Acc= admin | IP=::1 | Path=SYS201002/SYS201002 | Message=GET /SYS201002/SYS201002
2026-04-16 10:52:22 | INF | ACTION_TRACE | Acc=admin | Path=/SYS201002/SYS201002 | IP=::1 | Start=2026-04-16 10:52:22.852 | Elapsed=55ms | Status=Completed
2026-04-16 10:52:23 | INF | CONTROLLER_EXEC | Acc= admin | IP=::1 | Path=SYS201002/GetAllRoleList | Message=POST /SYS201002/GetAllRoleList
2026-04-16 10:52:23 | INF | ACTION_TRACE | Acc=admin | Path=/SYS201002/GetAllRoleList | IP=::1 | Start=2026-04-16 10:52:22.971 | Elapsed=38ms | Status=Completed
2026-04-16 10:52:35 | INF | CONTROLLER_EXEC | Acc= admin | IP=::1 | Path=SYS201002/GetPeople | Message=POST /SYS201002/GetPeople
2026-04-16 10:52:35 | INF | ACTION_TRACE | Acc=admin | Path=/SYS201002/GetPeople | IP=::1 | Start=2026-04-16 10:52:35.290 | Elapsed=33ms | Status=Completed
2026-04-16 10:52:37 | INF | CONTROLLER_EXEC | Acc= admin | IP=::1 | Path=SYS201002/GetAllRoleList | Message=POST /SYS201002/GetAllRoleList
2026-04-16 10:52:37 | INF | ACTION_TRACE | Acc=admin | Path=/SYS201002/GetAllRoleList | IP=::1 | Start=2026-04-16 10:52:37.840 | Elapsed=2ms | Status=Completed
2026-04-16 10:52:40 | INF | CONTROLLER_EXEC | Acc= admin | IP=::1 | Path=SYS201002/GetPeople | Message=POST /SYS201002/GetPeople
2026-04-16 10:52:40 | INF | ACTION_TRACE | Acc=admin | Path=/SYS201002/GetPeople | IP=::1 | Start=2026-04-16 10:52:40.486 | Elapsed=60ms | Status=Completed
2026-04-16 10:54:05 | INF | CONTROLLER_EXEC | Acc= admin | IP=::1 | Path=SYS201002/GetRoleByNo | Message=GET /SYS201002/GetRoleByNo
2026-04-16 10:54:05 | INF | ACTION_TRACE | Acc=admin | Path=/SYS201002/GetRoleByNo | IP=::1 | Start=2026-04-16 10:54:05.316 | Elapsed=28ms | Status=Completed
2026-04-16 10:58:02 | WRN | No store type was specified for the decimal property 'OveMoney' on entity type 'HROvertime'. This will cause values to be silently truncated if they do not fit in the default precision and scale. Explicitly specify the SQL server column type that can accommodate all the values in 'OnModelCreating' using 'HasColumnType', specify precision and scale using 'HasPrecision', or configure a value converter using 'HasConversion'.
2026-04-16 10:58:02 | WRN | No store type was specified for the decimal property 'Wag1D1Hour' on entity type 'HRWage'. This will cause values to be silently truncated if they do not fit in the default precision and scale. Explicitly specify the SQL server column type that can accommodate all the values in 'OnModelCreating' using 'HasColumnType', specify precision and scale using 'HasPrecision', or configure a value converter using 'HasConversion'.
2026-04-16 10:58:02 | WRN | No store type was specified for the decimal property 'Wag2D1Hour' on entity type 'HRWage'. This will cause values to be silently truncated if they do not fit in the default precision and scale. Explicitly specify the SQL server column type that can accommodate all the values in 'OnModelCreating' using 'HasColumnType', specify precision and scale using 'HasPrecision', or configure a value converter using 'HasConversion'.
2026-04-16 10:58:02 | WRN | No store type was specified for the decimal property 'Wag4D3Hour' on entity type 'HRWage'. This will cause values to be silently truncated if they do not fit in the default precision and scale. Explicitly specify the SQL server column type that can accommodate all the values in 'OnModelCreating' using 'HasColumnType', specify precision and scale using 'HasPrecision', or configure a value converter using 'HasConversion'.
2026-04-16 10:58:02 | WRN | No store type was specified for the decimal property 'Wag5D3Hour' on entity type 'HRWage'. This will cause values to be silently truncated if they do not fit in the default precision and scale. Explicitly specify the SQL server column type that can accommodate all the values in 'OnModelCreating' using 'HasColumnType', specify precision and scale using 'HasPrecision', or configure a value converter using 'HasConversion'.
2026-04-16 10:58:02 | WRN | No store type was specified for the decimal property 'Wag8D3Hour' on entity type 'HRWage'. This will cause values to be silently truncated if they do not fit in the default precision and scale. Explicitly specify the SQL server column type that can accommodate all the values in 'OnModelCreating' using 'HasColumnType', specify precision and scale using 'HasPrecision', or configure a value converter using 'HasConversion'.
2026-04-16 10:58:02 | WRN | No store type was specified for the decimal property 'WagApplyHour' on entity type 'HRWage'. This will cause values to be silently truncated if they do not fit in the default precision and scale. Explicitly specify the SQL server column type that can accommodate all the values in 'OnModelCreating' using 'HasColumnType', specify precision and scale using 'HasPrecision', or configure a value converter using 'HasConversion'.
2026-04-16 10:58:02 | WRN | No store type was specified for the decimal property 'WagIssueHour' on entity type 'HRWage'. This will cause values to be silently truncated if they do not fit in the default precision and scale. Explicitly specify the SQL server column type that can accommodate all the values in 'OnModelCreating' using 'HasColumnType', specify precision and scale using 'HasPrecision', or configure a value converter using 'HasConversion'.
2026-04-16 10:58:02 | WRN | No store type was specified for the decimal property 'WagSubtotal' on entity type 'HRWage'. This will cause values to be silently truncated if they do not fit in the default precision and scale. Explicitly specify the SQL server column type that can accommodate all the values in 'OnModelCreating' using 'HasColumnType', specify precision and scale using 'HasPrecision', or configure a value converter using 'HasConversion'.
2026-04-16 10:58:08 | WRN | The query uses the 'First'/'FirstOrDefault' operator without 'OrderBy' and filter operators. This may lead to unpredictable results.
2026-04-16 10:58:08 | INF | ACTION_TRACE | Acc=admin | Path=/ | IP=::1 | Start=2026-04-16 10:58:02.090 | Elapsed=6818ms | Status=Completed
2026-04-16 10:58:08 | INF | NETWORK_UNSTABLE | Acc=admin | Path=/ | Reason=SlowRequest 6818ms
2026-04-16 10:58:09 | INF | ACTION_TRACE | Acc=admin | Path=/Captcha/Generate | IP=::1 | Start=2026-04-16 10:58:09.060 | Elapsed=36ms | Status=Completed
2026-04-16 10:58:09 | INF | ACTION_TRACE | Acc=admin | Path=/DNTCaptchaImage/Show | IP=::1 | Start=2026-04-16 10:58:09.109 | Elapsed=99ms | Status=Completed
2026-04-16 10:59:52 | INF | ACTION_TRACE | Acc=admin | Path=/AdminPortal/Account/Login | IP=::1 | Start=2026-04-16 10:59:52.834 | Elapsed=99ms | Status=Completed
2026-04-16 10:59:53 | INF | ACTION_TRACE | Acc=admin | Path=/Captcha/Generate | IP=::1 | Start=2026-04-16 10:59:53.025 | Elapsed=4ms | Status=Completed
2026-04-16 10:59:53 | INF | ACTION_TRACE | Acc=admin | Path=/DNTCaptchaImage/Show | IP=::1 | Start=2026-04-16 10:59:53.038 | Elapsed=89ms | Status=Completed
2026-04-16 11:00:15 | INF | ACTION_TRACE | Acc=admin | Path=/AdminPortal/Account/Login | IP=::1 | Start=2026-04-16 11:00:09.280 | Elapsed=6451ms | Status=Completed
2026-04-16 11:00:15 | INF | NETWORK_UNSTABLE | Acc=admin | Path=/AdminPortal/Account/Login | Reason=SlowRequest 6451ms
2026-04-16 11:00:15 | INF | ACTION_TRACE | Acc=admin | Path=/AdminPortal/Home/Index | IP=::1 | Start=2026-04-16 11:00:15.744 | Elapsed=113ms | Status=Completed
2026-04-16 11:02:25 | INF | ACTION_TRACE | Acc=admin | Path=/ | IP=::1 | Start=2026-04-16 11:02:25.042 | Elapsed=370ms | Status=Completed
2026-04-16 11:02:28 | INF | ACTION_TRACE | Acc=admin | Path=/AdminPortal/Account/Login | IP=::1 | Start=2026-04-16 11:02:28.259 | Elapsed=1ms | Status=Completed
2026-04-16 11:02:28 | INF | ACTION_TRACE | Acc=admin | Path=/Captcha/Generate | IP=::1 | Start=2026-04-16 11:02:28.313 | Elapsed=1ms | Status=Completed
2026-04-16 11:02:28 | INF | ACTION_TRACE | Acc=admin | Path=/DNTCaptchaImage/Show | IP=::1 | Start=2026-04-16 11:02:28.323 | Elapsed=14ms | Status=Completed
2026-04-16 11:02:32 | INF | ACTION_TRACE | Acc=admin | Path=/AdminPortal/Account/Login | IP=::1 | Start=2026-04-16 11:02:31.578 | Elapsed=1332ms | Status=Completed
2026-04-16 11:02:32 | INF | ACTION_TRACE | Acc=admin | Path=/AdminPortal/Home/Index | IP=::1 | Start=2026-04-16 11:02:32.918 | Elapsed=6ms | Status=Completed
2026-04-16 11:02:35 | INF | CONTROLLER_EXEC | Acc= admin | IP=::1 | Path=ADS999002/ADS999002 | Message=GET /ADS999002/ADS999002
2026-04-16 11:02:35 | INF | ACTION_TRACE | Acc=admin | Path=/ADS999002/ADS999002 | IP=::1 | Start=2026-04-16 11:02:35.799 | Elapsed=87ms | Status=Completed
2026-04-16 11:02:35 | INF | CONTROLLER_EXEC | Acc= admin | IP=::1 | Path=ADS999002/GetAllRoleList | Message=POST /ADS999002/GetAllRoleList
2026-04-16 11:02:35 | INF | ACTION_TRACE | Acc=admin | Path=/ADS999002/GetAllRoleList | IP=::1 | Start=2026-04-16 11:02:35.939 | Elapsed=32ms | Status=Completed
2026-04-16 11:02:40 | INF | CONTROLLER_EXEC | Acc= admin | IP=::1 | Path=ADS999002/GetPermission | Message=POST /ADS999002/GetPermission
2026-04-16 11:02:40 | INF | ACTION_TRACE | Acc=admin | Path=/ADS999002/GetPermission | IP=::1 | Start=2026-04-16 11:02:40.488 | Elapsed=33ms | Status=Completed
2026-04-16 11:02:42 | ERR | An exception occurred while iterating over the results of a query for context type 'EHRIS.Core.DbContext.ApplicationDbContext'.
System.InvalidOperationException: The configured execution strategy 'SqlServerRetryingExecutionStrategy' does not support user-initiated transactions. Use the execution strategy returned by 'DbContext.Database.CreateExecutionStrategy()' to execute all the operations in the transaction as a retriable unit.
   at Microsoft.EntityFrameworkCore.Storage.ExecutionStrategy.OnFirstExecution()
   at Microsoft.EntityFrameworkCore.Storage.ExecutionStrategy.ExecuteAsync[TState,TResult](TState state, Func`4 operation, Func`4 verifySucceeded, CancellationToken cancellationToken)
   at Microsoft.EntityFrameworkCore.Query.Internal.SingleQueryingEnumerable`1.AsyncEnumerator.MoveNextAsync()
2026-04-16 11:02:42 | INF | CONTROLLER_EXEC | Acc= admin | IP=::1 | Path=ADS999002/UpdatePermission | Message=POST /ADS999002/UpdatePermission
2026-04-16 11:02:42 | INF | ACTION_TRACE | Acc=admin | Path=/ADS999002/UpdatePermission | IP=::1 | Start=2026-04-16 11:02:42.559 | Elapsed=94ms | Status=Completed
2026-04-16 11:02:43 | ERR | An exception occurred while iterating over the results of a query for context type 'EHRIS.Core.DbContext.ApplicationDbContext'.
System.InvalidOperationException: The configured execution strategy 'SqlServerRetryingExecutionStrategy' does not support user-initiated transactions. Use the execution strategy returned by 'DbContext.Database.CreateExecutionStrategy()' to execute all the operations in the transaction as a retriable unit.
   at Microsoft.EntityFrameworkCore.Storage.ExecutionStrategy.OnFirstExecution()
   at Microsoft.EntityFrameworkCore.Storage.ExecutionStrategy.ExecuteAsync[TState,TResult](TState state, Func`4 operation, Func`4 verifySucceeded, CancellationToken cancellationToken)
   at Microsoft.EntityFrameworkCore.Query.Internal.SingleQueryingEnumerable`1.AsyncEnumerator.MoveNextAsync()
2026-04-16 11:02:43 | INF | CONTROLLER_EXEC | Acc= admin | IP=::1 | Path=ADS999002/UpdatePermission | Message=POST /ADS999002/UpdatePermission
2026-04-16 11:02:43 | INF | ACTION_TRACE | Acc=admin | Path=/ADS999002/UpdatePermission | IP=::1 | Start=2026-04-16 11:02:43.281 | Elapsed=31ms | Status=Completed
2026-04-16 11:02:43 | ERR | An exception occurred while iterating over the results of a query for context type 'EHRIS.Core.DbContext.ApplicationDbContext'.
System.InvalidOperationException: The configured execution strategy 'SqlServerRetryingExecutionStrategy' does not support user-initiated transactions. Use the execution strategy returned by 'DbContext.Database.CreateExecutionStrategy()' to execute all the operations in the transaction as a retriable unit.
   at Microsoft.EntityFrameworkCore.Storage.ExecutionStrategy.OnFirstExecution()
   at Microsoft.EntityFrameworkCore.Storage.ExecutionStrategy.ExecuteAsync[TState,TResult](TState state, Func`4 operation, Func`4 verifySucceeded, CancellationToken cancellationToken)
   at Microsoft.EntityFrameworkCore.Query.Internal.SingleQueryingEnumerable`1.AsyncEnumerator.MoveNextAsync()
2026-04-16 11:02:43 | INF | CONTROLLER_EXEC | Acc= admin | IP=::1 | Path=ADS999002/UpdatePermission | Message=POST /ADS999002/UpdatePermission
2026-04-16 11:02:43 | INF | ACTION_TRACE | Acc=admin | Path=/ADS999002/UpdatePermission | IP=::1 | Start=2026-04-16 11:02:43.617 | Elapsed=30ms | Status=Completed
2026-04-16 11:02:46 | INF | CONTROLLER_EXEC | Acc= admin | IP=::1 | Path=ADS999002/GetRoleByNo | Message=GET /ADS999002/GetRoleByNo
2026-04-16 11:02:46 | INF | ACTION_TRACE | Acc=admin | Path=/ADS999002/GetRoleByNo | IP=::1 | Start=2026-04-16 11:02:45.989 | Elapsed=20ms | Status=Completed
2026-04-16 11:02:47 | INF | CONTROLLER_EXEC | Acc= admin | IP=::1 | Path=ADS999002/UpdateRole | Message=POST /ADS999002/UpdateRole
2026-04-16 11:02:47 | INF | ACTION_TRACE | Acc=admin | Path=/ADS999002/UpdateRole | IP=::1 | Start=2026-04-16 11:02:47.414 | Elapsed=97ms | Status=Completed
2026-04-16 11:02:51 | INF | ACTION_TRACE | Acc=admin | Path=/.well-known/appspecific/com.chrome.devtools.json | IP=::1 | Start=2026-04-16 11:02:51.362 | Elapsed=0ms | Status=Completed
2026-04-16 11:02:51 | INF | ACTION_TRACE | Acc=admin | Path=/sm/6cf3a2be173716d0e4726c68ef6634f00cefa4e7428560c2debae6f24389d3c1.map | IP=::1 | Start=2026-04-16 11:02:51.474 | Elapsed=0ms | Status=Completed
2026-04-16 11:02:55 | INF | ACTION_TRACE | Acc=admin | Path=/AdminPortal/Home/Index | IP=::1 | Start=2026-04-16 11:02:55.226 | Elapsed=10ms | Status=Completed
2026-04-16 11:02:55 | INF | ACTION_TRACE | Acc=admin | Path=/.well-known/appspecific/com.chrome.devtools.json | IP=::1 | Start=2026-04-16 11:02:55.289 | Elapsed=0ms | Status=Completed
2026-04-16 11:02:57 | INF | CONTROLLER_EXEC | Acc= admin | IP=::1 | Path=ADS999002/ADS999002 | Message=GET /ADS999002/ADS999002
2026-04-16 11:02:57 | INF | ACTION_TRACE | Acc=admin | Path=/ADS999002/ADS999002 | IP=::1 | Start=2026-04-16 11:02:57.448 | Elapsed=5ms | Status=Completed
2026-04-16 11:02:57 | INF | ACTION_TRACE | Acc=admin | Path=/sm/6cf3a2be173716d0e4726c68ef6634f00cefa4e7428560c2debae6f24389d3c1.map | IP=::1 | Start=2026-04-16 11:02:57.515 | Elapsed=0ms | Status=Completed
2026-04-16 11:02:57 | INF | CONTROLLER_EXEC | Acc= admin | IP=::1 | Path=ADS999002/GetAllRoleList | Message=POST /ADS999002/GetAllRoleList
2026-04-16 11:02:57 | INF | ACTION_TRACE | Acc=admin | Path=/ADS999002/GetAllRoleList | IP=::1 | Start=2026-04-16 11:02:57.575 | Elapsed=3ms | Status=Completed
2026-04-16 11:03:08 | INF | ACTION_TRACE | Acc=admin | Path=/.well-known/appspecific/com.chrome.devtools.json | IP=::1 | Start=2026-04-16 11:03:08.834 | Elapsed=0ms | Status=Completed
2026-04-16 11:03:08 | INF | ACTION_TRACE | Acc=admin | Path=/sm/6cf3a2be173716d0e4726c68ef6634f00cefa4e7428560c2debae6f24389d3c1.map | IP=::1 | Start=2026-04-16 11:03:08.865 | Elapsed=0ms | Status=Completed
2026-04-16 11:03:12 | INF | CONTROLLER_EXEC | Acc= admin | IP=::1 | Path=ADS999002/GetPermission | Message=POST /ADS999002/GetPermission
2026-04-16 11:03:12 | INF | ACTION_TRACE | Acc=admin | Path=/ADS999002/GetPermission | IP=::1 | Start=2026-04-16 11:03:12.775 | Elapsed=3ms | Status=Completed
2026-04-16 11:03:15 | INF | CONTROLLER_EXEC | Acc= admin | IP=::1 | Path=ADS999002/ADS999002 | Message=GET /ADS999002/ADS999002
2026-04-16 11:03:15 | INF | ACTION_TRACE | Acc=admin | Path=/ADS999002/ADS999002 | IP=::1 | Start=2026-04-16 11:03:15.239 | Elapsed=14ms | Status=Completed
2026-04-16 11:03:15 | INF | ACTION_TRACE | Acc=admin | Path=/sm/6cf3a2be173716d0e4726c68ef6634f00cefa4e7428560c2debae6f24389d3c1.map | IP=::1 | Start=2026-04-16 11:03:15.314 | Elapsed=0ms | Status=Completed
2026-04-16 11:03:15 | INF | CONTROLLER_EXEC | Acc= admin | IP=::1 | Path=ADS999002/GetAllRoleList | Message=POST /ADS999002/GetAllRoleList
2026-04-16 11:03:15 | INF | ACTION_TRACE | Acc=admin | Path=/ADS999002/GetAllRoleList | IP=::1 | Start=2026-04-16 11:03:15.320 | Elapsed=3ms | Status=Completed
2026-04-16 11:03:17 | INF | CONTROLLER_EXEC | Acc= admin | IP=::1 | Path=ADS999002/ADS999002 | Message=GET /ADS999002/ADS999002
2026-04-16 11:03:17 | INF | ACTION_TRACE | Acc=admin | Path=/ADS999002/ADS999002 | IP=::1 | Start=2026-04-16 11:03:17.905 | Elapsed=21ms | Status=Completed
2026-04-16 11:03:17 | INF | CONTROLLER_EXEC | Acc= admin | IP=::1 | Path=ADS999002/GetAllRoleList | Message=POST /ADS999002/GetAllRoleList
2026-04-16 11:03:17 | INF | ACTION_TRACE | Acc=admin | Path=/ADS999002/GetAllRoleList | IP=::1 | Start=2026-04-16 11:03:17.977 | Elapsed=3ms | Status=Completed
2026-04-16 11:03:17 | INF | ACTION_TRACE | Acc=admin | Path=/sm/6cf3a2be173716d0e4726c68ef6634f00cefa4e7428560c2debae6f24389d3c1.map | IP=::1 | Start=2026-04-16 11:03:17.983 | Elapsed=0ms | Status=Completed
2026-04-16 11:03:19 | INF | CONTROLLER_EXEC | Acc= admin | IP=::1 | Path=ADS999002/GetPermission | Message=POST /ADS999002/GetPermission
2026-04-16 11:03:19 | INF | ACTION_TRACE | Acc=admin | Path=/ADS999002/GetPermission | IP=::1 | Start=2026-04-16 11:03:19.160 | Elapsed=7ms | Status=Completed
2026-04-16 11:03:20 | ERR | An exception occurred while iterating over the results of a query for context type 'EHRIS.Core.DbContext.ApplicationDbContext'.
System.InvalidOperationException: The configured execution strategy 'SqlServerRetryingExecutionStrategy' does not support user-initiated transactions. Use the execution strategy returned by 'DbContext.Database.CreateExecutionStrategy()' to execute all the operations in the transaction as a retriable unit.
   at Microsoft.EntityFrameworkCore.Storage.ExecutionStrategy.OnFirstExecution()
   at Microsoft.EntityFrameworkCore.Storage.ExecutionStrategy.ExecuteAsync[TState,TResult](TState state, Func`4 operation, Func`4 verifySucceeded, CancellationToken cancellationToken)
   at Microsoft.EntityFrameworkCore.Query.Internal.SingleQueryingEnumerable`1.AsyncEnumerator.MoveNextAsync()
2026-04-16 11:03:20 | INF | CONTROLLER_EXEC | Acc= admin | IP=::1 | Path=ADS999002/UpdatePermission | Message=POST /ADS999002/UpdatePermission
2026-04-16 11:03:20 | INF | ACTION_TRACE | Acc=admin | Path=/ADS999002/UpdatePermission | IP=::1 | Start=2026-04-16 11:03:20.768 | Elapsed=45ms | Status=Completed
2026-04-16 11:08:00 | INF | ACTION_TRACE | Acc=admin | Path=/.well-known/appspecific/com.chrome.devtools.json | IP=::1 | Start=2026-04-16 11:08:00.363 | Elapsed=0ms | Status=Completed
2026-04-16 11:08:04 | INF | ACTION_TRACE | Acc=admin | Path=/sm/6cf3a2be173716d0e4726c68ef6634f00cefa4e7428560c2debae6f24389d3c1.map | IP=::1 | Start=2026-04-16 11:08:04.907 | Elapsed=0ms | Status=Completed
2026-04-16 11:08:06 | INF | ACTION_TRACE | Acc=admin | Path=/AdminPortal/Home/Index | IP=::1 | Start=2026-04-16 11:08:06.777 | Elapsed=5ms | Status=Completed
2026-04-16 11:08:06 | INF | ACTION_TRACE | Acc=admin | Path=/.well-known/appspecific/com.chrome.devtools.json | IP=::1 | Start=2026-04-16 11:08:06.821 | Elapsed=0ms | Status=Completed
2026-04-16 11:08:09 | INF | CONTROLLER_EXEC | Acc= admin | IP=::1 | Path=ADS999002/ADS999002 | Message=GET /ADS999002/ADS999002
2026-04-16 11:08:09 | INF | ACTION_TRACE | Acc=admin | Path=/ADS999002/ADS999002 | IP=::1 | Start=2026-04-16 11:08:09.739 | Elapsed=5ms | Status=Completed
2026-04-16 11:08:09 | INF | ACTION_TRACE | Acc=admin | Path=/sm/6cf3a2be173716d0e4726c68ef6634f00cefa4e7428560c2debae6f24389d3c1.map | IP=::1 | Start=2026-04-16 11:08:09.812 | Elapsed=0ms | Status=Completed
2026-04-16 11:08:09 | INF | CONTROLLER_EXEC | Acc= admin | IP=::1 | Path=ADS999002/GetAllRoleList | Message=POST /ADS999002/GetAllRoleList
2026-04-16 11:08:09 | INF | ACTION_TRACE | Acc=admin | Path=/ADS999002/GetAllRoleList | IP=::1 | Start=2026-04-16 11:08:09.883 | Elapsed=3ms | Status=Completed
2026-04-16 11:09:44 | WRN | No store type was specified for the decimal property 'OveMoney' on entity type 'HROvertime'. This will cause values to be silently truncated if they do not fit in the default precision and scale. Explicitly specify the SQL server column type that can accommodate all the values in 'OnModelCreating' using 'HasColumnType', specify precision and scale using 'HasPrecision', or configure a value converter using 'HasConversion'.
2026-04-16 11:09:44 | WRN | No store type was specified for the decimal property 'Wag1D1Hour' on entity type 'HRWage'. This will cause values to be silently truncated if they do not fit in the default precision and scale. Explicitly specify the SQL server column type that can accommodate all the values in 'OnModelCreating' using 'HasColumnType', specify precision and scale using 'HasPrecision', or configure a value converter using 'HasConversion'.
2026-04-16 11:09:44 | WRN | No store type was specified for the decimal property 'Wag2D1Hour' on entity type 'HRWage'. This will cause values to be silently truncated if they do not fit in the default precision and scale. Explicitly specify the SQL server column type that can accommodate all the values in 'OnModelCreating' using 'HasColumnType', specify precision and scale using 'HasPrecision', or configure a value converter using 'HasConversion'.
2026-04-16 11:09:44 | WRN | No store type was specified for the decimal property 'Wag4D3Hour' on entity type 'HRWage'. This will cause values to be silently truncated if they do not fit in the default precision and scale. Explicitly specify the SQL server column type that can accommodate all the values in 'OnModelCreating' using 'HasColumnType', specify precision and scale using 'HasPrecision', or configure a value converter using 'HasConversion'.
2026-04-16 11:09:44 | WRN | No store type was specified for the decimal property 'Wag5D3Hour' on entity type 'HRWage'. This will cause values to be silently truncated if they do not fit in the default precision and scale. Explicitly specify the SQL server column type that can accommodate all the values in 'OnModelCreating' using 'HasColumnType', specify precision and scale using 'HasPrecision', or configure a value converter using 'HasConversion'.
2026-04-16 11:09:44 | WRN | No store type was specified for the decimal property 'Wag8D3Hour' on entity type 'HRWage'. This will cause values to be silently truncated if they do not fit in the default precision and scale. Explicitly specify the SQL server column type that can accommodate all the values in 'OnModelCreating' using 'HasColumnType', specify precision and scale using 'HasPrecision', or configure a value converter using 'HasConversion'.
2026-04-16 11:09:44 | WRN | No store type was specified for the decimal property 'WagApplyHour' on entity type 'HRWage'. This will cause values to be silently truncated if they do not fit in the default precision and scale. Explicitly specify the SQL server column type that can accommodate all the values in 'OnModelCreating' using 'HasColumnType', specify precision and scale using 'HasPrecision', or configure a value converter using 'HasConversion'.
2026-04-16 11:09:44 | WRN | No store type was specified for the decimal property 'WagIssueHour' on entity type 'HRWage'. This will cause values to be silently truncated if they do not fit in the default precision and scale. Explicitly specify the SQL server column type that can accommodate all the values in 'OnModelCreating' using 'HasColumnType', specify precision and scale using 'HasPrecision', or configure a value converter using 'HasConversion'.
2026-04-16 11:09:44 | WRN | No store type was specified for the decimal property 'WagSubtotal' on entity type 'HRWage'. This will cause values to be silently truncated if they do not fit in the default precision and scale. Explicitly specify the SQL server column type that can accommodate all the values in 'OnModelCreating' using 'HasColumnType', specify precision and scale using 'HasPrecision', or configure a value converter using 'HasConversion'.
2026-04-16 11:09:49 | WRN | The query uses the 'First'/'FirstOrDefault' operator without 'OrderBy' and filter operators. This may lead to unpredictable results.
2026-04-16 11:09:50 | INF | ACTION_TRACE | Acc=admin | Path=/ | IP=::1 | Start=2026-04-16 11:09:43.249 | Elapsed=6856ms | Status=Completed
2026-04-16 11:09:50 | INF | NETWORK_UNSTABLE | Acc=admin | Path=/ | Reason=SlowRequest 6856ms
2026-04-16 11:09:50 | INF | ACTION_TRACE | Acc=admin | Path=/Captcha/Generate | IP=::1 | Start=2026-04-16 11:09:50.279 | Elapsed=64ms | Status=Completed
2026-04-16 11:09:50 | INF | ACTION_TRACE | Acc=admin | Path=/DNTCaptchaImage/Show | IP=::1 | Start=2026-04-16 11:09:50.364 | Elapsed=120ms | Status=Completed
2026-04-16 11:10:03 | INF | ACTION_TRACE | Acc=admin | Path=/Account/Login | IP=::1 | Start=2026-04-16 11:09:57.437 | Elapsed=6229ms | Status=Completed
2026-04-16 11:10:03 | INF | NETWORK_UNSTABLE | Acc=admin | Path=/Account/Login | Reason=SlowRequest 6229ms
2026-04-16 11:10:04 | INF | ACTION_TRACE | Acc=admin | Path=/Home/Index | IP=::1 | Start=2026-04-16 11:10:03.680 | Elapsed=941ms | Status=Completed
2026-04-16 11:10:06 | INF | ACTION_TRACE | Acc=admin | Path=/ | IP=::1 | Start=2026-04-16 11:10:06.689 | Elapsed=240ms | Status=Completed
2026-04-16 11:10:06 | INF | ACTION_TRACE | Acc=admin | Path=/Captcha/Generate | IP=::1 | Start=2026-04-16 11:10:06.987 | Elapsed=2ms | Status=Completed
2026-04-16 11:10:07 | INF | ACTION_TRACE | Acc=admin | Path=/DNTCaptchaImage/Show | IP=::1 | Start=2026-04-16 11:10:07.003 | Elapsed=14ms | Status=Completed
2026-04-16 11:10:07 | INF | ACTION_TRACE | Acc=admin | Path=/AdminPortal/Account/Login | IP=::1 | Start=2026-04-16 11:10:07.910 | Elapsed=17ms | Status=Completed
2026-04-16 11:10:08 | INF | ACTION_TRACE | Acc=admin | Path=/Captcha/Generate | IP=::1 | Start=2026-04-16 11:10:08.008 | Elapsed=2ms | Status=Completed
2026-04-16 11:10:08 | INF | ACTION_TRACE | Acc=admin | Path=/DNTCaptchaImage/Show | IP=::1 | Start=2026-04-16 11:10:08.018 | Elapsed=15ms | Status=Completed
2026-04-16 11:10:13 | INF | ACTION_TRACE | Acc=admin | Path=/AdminPortal/Account/Login | IP=::1 | Start=2026-04-16 11:10:12.021 | Elapsed=1421ms | Status=Completed
2026-04-16 11:10:13 | INF | ACTION_TRACE | Acc=admin | Path=/AdminPortal/Home/Index | IP=::1 | Start=2026-04-16 11:10:13.451 | Elapsed=78ms | Status=Completed
2026-04-16 11:10:16 | INF | CONTROLLER_EXEC | Acc= admin | IP=::1 | Path=ADS999002/ADS999002 | Message=GET /ADS999002/ADS999002
2026-04-16 11:10:16 | INF | ACTION_TRACE | Acc=admin | Path=/ADS999002/ADS999002 | IP=::1 | Start=2026-04-16 11:10:16.735 | Elapsed=83ms | Status=Completed
2026-04-16 11:10:16 | INF | CONTROLLER_EXEC | Acc= admin | IP=::1 | Path=ADS999002/GetAllRoleList | Message=POST /ADS999002/GetAllRoleList
2026-04-16 11:10:16 | INF | ACTION_TRACE | Acc=admin | Path=/ADS999002/GetAllRoleList | IP=::1 | Start=2026-04-16 11:10:16.877 | Elapsed=36ms | Status=Completed
2026-04-16 11:10:20 | INF | ACTION_TRACE | Acc=admin | Path=/.well-known/appspecific/com.chrome.devtools.json | IP=::1 | Start=2026-04-16 11:10:20.485 | Elapsed=0ms | Status=Completed
2026-04-16 11:10:20 | INF | ACTION_TRACE | Acc=admin | Path=/sm/6cf3a2be173716d0e4726c68ef6634f00cefa4e7428560c2debae6f24389d3c1.map | IP=::1 | Start=2026-04-16 11:10:20.592 | Elapsed=0ms | Status=Completed
2026-04-16 11:10:22 | INF | CONTROLLER_EXEC | Acc= admin | IP=::1 | Path=ADS999002/GetPermission | Message=POST /ADS999002/GetPermission
2026-04-16 11:10:22 | INF | ACTION_TRACE | Acc=admin | Path=/ADS999002/GetPermission | IP=::1 | Start=2026-04-16 11:10:22.479 | Elapsed=36ms | Status=Completed
2026-04-16 11:10:24 | ERR | An exception occurred while iterating over the results of a query for context type 'EHRIS.Core.DbContext.ApplicationDbContext'.
System.InvalidOperationException: The configured execution strategy 'SqlServerRetryingExecutionStrategy' does not support user-initiated transactions. Use the execution strategy returned by 'DbContext.Database.CreateExecutionStrategy()' to execute all the operations in the transaction as a retriable unit.
   at Microsoft.EntityFrameworkCore.Storage.ExecutionStrategy.OnFirstExecution()
   at Microsoft.EntityFrameworkCore.Storage.ExecutionStrategy.ExecuteAsync[TState,TResult](TState state, Func`4 operation, Func`4 verifySucceeded, CancellationToken cancellationToken)
   at Microsoft.EntityFrameworkCore.Query.Internal.SingleQueryingEnumerable`1.AsyncEnumerator.MoveNextAsync()
2026-04-16 11:10:24 | INF | CONTROLLER_EXEC | Acc= admin | IP=::1 | Path=ADS999002/UpdatePermission | Message=POST /ADS999002/UpdatePermission
2026-04-16 11:10:24 | INF | ACTION_TRACE | Acc=admin | Path=/ADS999002/UpdatePermission | IP=::1 | Start=2026-04-16 11:10:24.001 | Elapsed=106ms | Status=Completed
2026-04-16 11:10:27 | INF | CONTROLLER_EXEC | Acc= admin | IP=::1 | Path=ADS999002/GetRoleByNo | Message=GET /ADS999002/GetRoleByNo
2026-04-16 11:10:27 | INF | ACTION_TRACE | Acc=admin | Path=/ADS999002/GetRoleByNo | IP=::1 | Start=2026-04-16 11:10:27.007 | Elapsed=15ms | Status=Completed
2026-04-16 11:10:28 | INF | CONTROLLER_EXEC | Acc= admin | IP=::1 | Path=ADS999002/UpdateRole | Message=POST /ADS999002/UpdateRole
2026-04-16 11:10:28 | INF | ACTION_TRACE | Acc=admin | Path=/ADS999002/UpdateRole | IP=::1 | Start=2026-04-16 11:10:28.114 | Elapsed=92ms | Status=Completed
2026-04-16 11:10:46 | INF | CONTROLLER_EXEC | Acc= admin | IP=::1 | Path=ADS999002/GetAllRoleList | Message=POST /ADS999002/GetAllRoleList
2026-04-16 11:10:46 | INF | ACTION_TRACE | Acc=admin | Path=/ADS999002/GetAllRoleList | IP=::1 | Start=2026-04-16 11:10:46.644 | Elapsed=3ms | Status=Completed
2026-04-16 11:10:51 | INF | CONTROLLER_EXEC | Acc= admin | IP=::1 | Path=ADS999002/GetAllRoleList | Message=POST /ADS999002/GetAllRoleList
2026-04-16 11:10:51 | INF | ACTION_TRACE | Acc=admin | Path=/ADS999002/GetAllRoleList | IP=::1 | Start=2026-04-16 11:10:51.416 | Elapsed=3ms | Status=Completed
2026-04-16 11:10:51 | INF | CONTROLLER_EXEC | Acc= admin | IP=::1 | Path=ADS999002/GetAllRoleList | Message=POST /ADS999002/GetAllRoleList
2026-04-16 11:10:51 | INF | ACTION_TRACE | Acc=admin | Path=/ADS999002/GetAllRoleList | IP=::1 | Start=2026-04-16 11:10:51.788 | Elapsed=8ms | Status=Completed
2026-04-16 11:10:52 | INF | CONTROLLER_EXEC | Acc= admin | IP=::1 | Path=ADS999002/GetAllRoleList | Message=POST /ADS999002/GetAllRoleList
2026-04-16 11:10:52 | INF | ACTION_TRACE | Acc=admin | Path=/ADS999002/GetAllRoleList | IP=::1 | Start=2026-04-16 11:10:52.062 | Elapsed=12ms | Status=Completed
2026-04-16 11:10:55 | INF | CONTROLLER_EXEC | Acc= admin | IP=::1 | Path=ADS999002/GetAllRoleList | Message=POST /ADS999002/GetAllRoleList
2026-04-16 11:10:55 | INF | ACTION_TRACE | Acc=admin | Path=/ADS999002/GetAllRoleList | IP=::1 | Start=2026-04-16 11:10:55.991 | Elapsed=3ms | Status=Completed
2026-04-16 11:11:13 | INF | ACTION_TRACE | Acc=admin | Path=/AdminPortal/Home/Index | IP=::1 | Start=2026-04-16 11:11:13.234 | Elapsed=6ms | Status=Completed
2026-04-16 11:11:13 | INF | ACTION_TRACE | Acc=admin | Path=/.well-known/appspecific/com.chrome.devtools.json | IP=::1 | Start=2026-04-16 11:11:13.289 | Elapsed=0ms | Status=Completed
2026-04-16 11:11:15 | INF | CONTROLLER_EXEC | Acc= admin | IP=::1 | Path=ADS999002/ADS999002 | Message=GET /ADS999002/ADS999002
2026-04-16 11:11:15 | INF | ACTION_TRACE | Acc=admin | Path=/ADS999002/ADS999002 | IP=::1 | Start=2026-04-16 11:11:15.190 | Elapsed=6ms | Status=Completed
2026-04-16 11:11:15 | INF | ACTION_TRACE | Acc=admin | Path=/sm/6cf3a2be173716d0e4726c68ef6634f00cefa4e7428560c2debae6f24389d3c1.map | IP=::1 | Start=2026-04-16 11:11:15.281 | Elapsed=0ms | Status=Completed
2026-04-16 11:11:15 | INF | CONTROLLER_EXEC | Acc= admin | IP=::1 | Path=ADS999002/GetAllRoleList | Message=POST /ADS999002/GetAllRoleList
2026-04-16 11:11:15 | INF | ACTION_TRACE | Acc=admin | Path=/ADS999002/GetAllRoleList | IP=::1 | Start=2026-04-16 11:11:15.386 | Elapsed=4ms | Status=Completed
2026-04-16 11:12:14 | INF | ACTION_TRACE | Acc=admin | Path=/AdminPortal/Home/Index | IP=::1 | Start=2026-04-16 11:12:14.826 | Elapsed=5ms | Status=Completed
2026-04-16 11:12:14 | INF | ACTION_TRACE | Acc=admin | Path=/.well-known/appspecific/com.chrome.devtools.json | IP=::1 | Start=2026-04-16 11:12:14.854 | Elapsed=0ms | Status=Completed
2026-04-16 11:13:19 | WRN | No store type was specified for the decimal property 'OveMoney' on entity type 'HROvertime'. This will cause values to be silently truncated if they do not fit in the default precision and scale. Explicitly specify the SQL server column type that can accommodate all the values in 'OnModelCreating' using 'HasColumnType', specify precision and scale using 'HasPrecision', or configure a value converter using 'HasConversion'.
2026-04-16 11:13:19 | WRN | No store type was specified for the decimal property 'Wag1D1Hour' on entity type 'HRWage'. This will cause values to be silently truncated if they do not fit in the default precision and scale. Explicitly specify the SQL server column type that can accommodate all the values in 'OnModelCreating' using 'HasColumnType', specify precision and scale using 'HasPrecision', or configure a value converter using 'HasConversion'.
2026-04-16 11:13:19 | WRN | No store type was specified for the decimal property 'Wag2D1Hour' on entity type 'HRWage'. This will cause values to be silently truncated if they do not fit in the default precision and scale. Explicitly specify the SQL server column type that can accommodate all the values in 'OnModelCreating' using 'HasColumnType', specify precision and scale using 'HasPrecision', or configure a value converter using 'HasConversion'.
2026-04-16 11:13:19 | WRN | No store type was specified for the decimal property 'Wag4D3Hour' on entity type 'HRWage'. This will cause values to be silently truncated if they do not fit in the default precision and scale. Explicitly specify the SQL server column type that can accommodate all the values in 'OnModelCreating' using 'HasColumnType', specify precision and scale using 'HasPrecision', or configure a value converter using 'HasConversion'.
2026-04-16 11:13:19 | WRN | No store type was specified for the decimal property 'Wag5D3Hour' on entity type 'HRWage'. This will cause values to be silently truncated if they do not fit in the default precision and scale. Explicitly specify the SQL server column type that can accommodate all the values in 'OnModelCreating' using 'HasColumnType', specify precision and scale using 'HasPrecision', or configure a value converter using 'HasConversion'.
2026-04-16 11:13:19 | WRN | No store type was specified for the decimal property 'Wag8D3Hour' on entity type 'HRWage'. This will cause values to be silently truncated if they do not fit in the default precision and scale. Explicitly specify the SQL server column type that can accommodate all the values in 'OnModelCreating' using 'HasColumnType', specify precision and scale using 'HasPrecision', or configure a value converter using 'HasConversion'.
2026-04-16 11:13:19 | WRN | No store type was specified for the decimal property 'WagApplyHour' on entity type 'HRWage'. This will cause values to be silently truncated if they do not fit in the default precision and scale. Explicitly specify the SQL server column type that can accommodate all the values in 'OnModelCreating' using 'HasColumnType', specify precision and scale using 'HasPrecision', or configure a value converter using 'HasConversion'.
2026-04-16 11:13:19 | WRN | No store type was specified for the decimal property 'WagIssueHour' on entity type 'HRWage'. This will cause values to be silently truncated if they do not fit in the default precision and scale. Explicitly specify the SQL server column type that can accommodate all the values in 'OnModelCreating' using 'HasColumnType', specify precision and scale using 'HasPrecision', or configure a value converter using 'HasConversion'.
2026-04-16 11:13:19 | WRN | No store type was specified for the decimal property 'WagSubtotal' on entity type 'HRWage'. This will cause values to be silently truncated if they do not fit in the default precision and scale. Explicitly specify the SQL server column type that can accommodate all the values in 'OnModelCreating' using 'HasColumnType', specify precision and scale using 'HasPrecision', or configure a value converter using 'HasConversion'.
2026-04-16 11:13:25 | WRN | The query uses the 'First'/'FirstOrDefault' operator without 'OrderBy' and filter operators. This may lead to unpredictable results.
2026-04-16 11:13:25 | INF | ACTION_TRACE | Acc=admin | Path=/ | IP=::1 | Start=2026-04-16 11:13:18.993 | Elapsed=6965ms | Status=Completed
2026-04-16 11:13:25 | INF | NETWORK_UNSTABLE | Acc=admin | Path=/ | Reason=SlowRequest 6965ms
2026-04-16 11:13:26 | INF | ACTION_TRACE | Acc=admin | Path=/Captcha/Generate | IP=::1 | Start=2026-04-16 11:13:26.121 | Elapsed=50ms | Status=Completed
2026-04-16 11:13:26 | INF | ACTION_TRACE | Acc=admin | Path=/DNTCaptchaImage/Show | IP=::1 | Start=2026-04-16 11:13:26.189 | Elapsed=104ms | Status=Completed
2026-04-16 11:13:32 | INF | ACTION_TRACE | Acc=admin | Path=/AdminPortal/Account/Login | IP=::1 | Start=2026-04-16 11:13:31.906 | Elapsed=98ms | Status=Completed
2026-04-16 11:13:32 | INF | ACTION_TRACE | Acc=admin | Path=/Captcha/Generate | IP=::1 | Start=2026-04-16 11:13:32.089 | Elapsed=3ms | Status=Completed
2026-04-16 11:13:32 | INF | ACTION_TRACE | Acc=admin | Path=/DNTCaptchaImage/Show | IP=::1 | Start=2026-04-16 11:13:32.099 | Elapsed=15ms | Status=Completed
2026-04-16 11:13:42 | INF | ACTION_TRACE | Acc=admin | Path=/AdminPortal/Account/Login | IP=::1 | Start=2026-04-16 11:13:35.771 | Elapsed=7200ms | Status=Completed
2026-04-16 11:13:42 | INF | NETWORK_UNSTABLE | Acc=admin | Path=/AdminPortal/Account/Login | Reason=SlowRequest 7200ms
2026-04-16 11:13:43 | INF | ACTION_TRACE | Acc=admin | Path=/AdminPortal/Home/Index | IP=::1 | Start=2026-04-16 11:13:42.984 | Elapsed=258ms | Status=Completed
2026-04-16 11:13:50 | INF | CONTROLLER_EXEC | Acc= admin | IP=::1 | Path=ADS999002/ADS999002 | Message=GET /ADS999002/ADS999002
2026-04-16 11:13:50 | INF | ACTION_TRACE | Acc=admin | Path=/ADS999002/ADS999002 | IP=::1 | Start=2026-04-16 11:13:50.300 | Elapsed=96ms | Status=Completed
2026-04-16 11:13:50 | INF | CONTROLLER_EXEC | Acc= admin | IP=::1 | Path=ADS999002/GetAllRoleList | Message=POST /ADS999002/GetAllRoleList
2026-04-16 11:13:50 | INF | ACTION_TRACE | Acc=admin | Path=/ADS999002/GetAllRoleList | IP=::1 | Start=2026-04-16 11:13:50.465 | Elapsed=66ms | Status=Completed
2026-04-16 11:13:57 | INF | ACTION_TRACE | Acc=admin | Path=/.well-known/appspecific/com.chrome.devtools.json | IP=::1 | Start=2026-04-16 11:13:57.170 | Elapsed=0ms | Status=Completed
2026-04-16 11:13:57 | INF | ACTION_TRACE | Acc=admin | Path=/sm/6cf3a2be173716d0e4726c68ef6634f00cefa4e7428560c2debae6f24389d3c1.map | IP=::1 | Start=2026-04-16 11:13:57.268 | Elapsed=0ms | Status=Completed
2026-04-16 11:14:01 | INF | CONTROLLER_EXEC | Acc= admin | IP=::1 | Path=ADS999002/GetPermission | Message=POST /ADS999002/GetPermission
2026-04-16 11:14:01 | INF | ACTION_TRACE | Acc=admin | Path=/ADS999002/GetPermission | IP=::1 | Start=2026-04-16 11:14:01.902 | Elapsed=32ms | Status=Completed
2026-04-16 11:14:03 | ERR | An exception occurred while iterating over the results of a query for context type 'EHRIS.Core.DbContext.ApplicationDbContext'.
System.InvalidOperationException: The configured execution strategy 'SqlServerRetryingExecutionStrategy' does not support user-initiated transactions. Use the execution strategy returned by 'DbContext.Database.CreateExecutionStrategy()' to execute all the operations in the transaction as a retriable unit.
   at Microsoft.EntityFrameworkCore.Storage.ExecutionStrategy.OnFirstExecution()
   at Microsoft.EntityFrameworkCore.Storage.ExecutionStrategy.ExecuteAsync[TState,TResult](TState state, Func`4 operation, Func`4 verifySucceeded, CancellationToken cancellationToken)
   at Microsoft.EntityFrameworkCore.Query.Internal.SingleQueryingEnumerable`1.AsyncEnumerator.MoveNextAsync()
2026-04-16 11:14:03 | INF | CONTROLLER_EXEC | Acc= admin | IP=::1 | Path=ADS999002/UpdatePermission | Message=POST /ADS999002/UpdatePermission
2026-04-16 11:14:03 | INF | ACTION_TRACE | Acc=admin | Path=/ADS999002/UpdatePermission | IP=::1 | Start=2026-04-16 11:14:02.984 | Elapsed=100ms | Status=Completed
2026-04-16 11:14:03 | ERR | An exception occurred while iterating over the results of a query for context type 'EHRIS.Core.DbContext.ApplicationDbContext'.
System.InvalidOperationException: The configured execution strategy 'SqlServerRetryingExecutionStrategy' does not support user-initiated transactions. Use the execution strategy returned by 'DbContext.Database.CreateExecutionStrategy()' to execute all the operations in the transaction as a retriable unit.
   at Microsoft.EntityFrameworkCore.Storage.ExecutionStrategy.OnFirstExecution()
   at Microsoft.EntityFrameworkCore.Storage.ExecutionStrategy.ExecuteAsync[TState,TResult](TState state, Func`4 operation, Func`4 verifySucceeded, CancellationToken cancellationToken)
   at Microsoft.EntityFrameworkCore.Query.Internal.SingleQueryingEnumerable`1.AsyncEnumerator.MoveNextAsync()
2026-04-16 11:14:04 | INF | CONTROLLER_EXEC | Acc= admin | IP=::1 | Path=ADS999002/UpdatePermission | Message=POST /ADS999002/UpdatePermission
2026-04-16 11:14:04 | INF | ACTION_TRACE | Acc=admin | Path=/ADS999002/UpdatePermission | IP=::1 | Start=2026-04-16 11:14:03.973 | Elapsed=31ms | Status=Completed
2026-04-16 11:14:05 | INF | CONTROLLER_EXEC | Acc= admin | IP=::1 | Path=ADS999002/GetRoleByNo | Message=GET /ADS999002/GetRoleByNo
2026-04-16 11:14:05 | INF | ACTION_TRACE | Acc=admin | Path=/ADS999002/GetRoleByNo | IP=::1 | Start=2026-04-16 11:14:05.493 | Elapsed=22ms | Status=Completed
2026-04-16 11:14:08 | INF | ACTION_TRACE | Acc=admin | Path=/AdminPortal/Home/Index | IP=::1 | Start=2026-04-16 11:14:08.331 | Elapsed=13ms | Status=Completed
2026-04-16 11:14:08 | INF | ACTION_TRACE | Acc=admin | Path=/.well-known/appspecific/com.chrome.devtools.json | IP=::1 | Start=2026-04-16 11:14:08.399 | Elapsed=0ms | Status=Completed
2026-04-16 11:14:10 | INF | CONTROLLER_EXEC | Acc= admin | IP=::1 | Path=ADS999002/ADS999002 | Message=GET /ADS999002/ADS999002
2026-04-16 11:14:10 | INF | ACTION_TRACE | Acc=admin | Path=/ADS999002/ADS999002 | IP=::1 | Start=2026-04-16 11:14:10.431 | Elapsed=7ms | Status=Completed
2026-04-16 11:14:10 | INF | ACTION_TRACE | Acc=admin | Path=/sm/6cf3a2be173716d0e4726c68ef6634f00cefa4e7428560c2debae6f24389d3c1.map | IP=::1 | Start=2026-04-16 11:14:10.518 | Elapsed=0ms | Status=Completed
2026-04-16 11:14:10 | INF | CONTROLLER_EXEC | Acc= admin | IP=::1 | Path=ADS999002/GetAllRoleList | Message=POST /ADS999002/GetAllRoleList
2026-04-16 11:14:10 | INF | ACTION_TRACE | Acc=admin | Path=/ADS999002/GetAllRoleList | IP=::1 | Start=2026-04-16 11:14:10.560 | Elapsed=3ms | Status=Completed
2026-04-16 11:14:14 | INF | CONTROLLER_EXEC | Acc= admin | IP=::1 | Path=ADS999002/GetPermission | Message=POST /ADS999002/GetPermission
2026-04-16 11:14:14 | INF | ACTION_TRACE | Acc=admin | Path=/ADS999002/GetPermission | IP=::1 | Start=2026-04-16 11:14:14.892 | Elapsed=9ms | Status=Completed
2026-04-16 11:17:33 | INF | ACTION_TRACE | Acc=admin | Path=/AdminPortal/Home/Index | IP=::1 | Start=2026-04-16 11:17:33.803 | Elapsed=32ms | Status=Completed
2026-04-16 11:17:33 | INF | ACTION_TRACE | Acc=admin | Path=/.well-known/appspecific/com.chrome.devtools.json | IP=::1 | Start=2026-04-16 11:17:33.895 | Elapsed=0ms | Status=Completed
2026-04-16 11:18:09 | INF | ACTION_TRACE | Acc=admin | Path=/AdminPortal/Home/Index | IP=::1 | Start=2026-04-16 11:18:09.132 | Elapsed=8ms | Status=Completed
2026-04-16 11:18:09 | INF | ACTION_TRACE | Acc=admin | Path=/.well-known/appspecific/com.chrome.devtools.json | IP=::1 | Start=2026-04-16 11:18:09.228 | Elapsed=0ms | Status=Completed
2026-04-16 11:18:13 | INF | CONTROLLER_EXEC | Acc= admin | IP=::1 | Path=ADS999002/ADS999002 | Message=GET /ADS999002/ADS999002
2026-04-16 11:18:13 | INF | ACTION_TRACE | Acc=admin | Path=/ADS999002/ADS999002 | IP=::1 | Start=2026-04-16 11:18:13.582 | Elapsed=9ms | Status=Completed
2026-04-16 11:18:13 | INF | ACTION_TRACE | Acc=admin | Path=/sm/6cf3a2be173716d0e4726c68ef6634f00cefa4e7428560c2debae6f24389d3c1.map | IP=::1 | Start=2026-04-16 11:18:13.648 | Elapsed=0ms | Status=Completed
2026-04-16 11:18:13 | INF | CONTROLLER_EXEC | Acc= admin | IP=::1 | Path=ADS999002/GetAllRoleList | Message=POST /ADS999002/GetAllRoleList
2026-04-16 11:18:13 | INF | ACTION_TRACE | Acc=admin | Path=/ADS999002/GetAllRoleList | IP=::1 | Start=2026-04-16 11:18:13.712 | Elapsed=99ms | Status=Completed
2026-04-16 11:18:38 | INF | CONTROLLER_EXEC | Acc= admin | IP=::1 | Path=ADS999002/ADS999002 | Message=GET /ADS999002/ADS999002
2026-04-16 11:18:38 | INF | ACTION_TRACE | Acc=admin | Path=/ADS999002/ADS999002 | IP=::1 | Start=2026-04-16 11:18:38.867 | Elapsed=5ms | Status=Completed
2026-04-16 11:18:38 | INF | ACTION_TRACE | Acc=admin | Path=/sm/6cf3a2be173716d0e4726c68ef6634f00cefa4e7428560c2debae6f24389d3c1.map | IP=::1 | Start=2026-04-16 11:18:38.958 | Elapsed=0ms | Status=Completed
2026-04-16 11:18:38 | INF | CONTROLLER_EXEC | Acc= admin | IP=::1 | Path=ADS999002/GetAllRoleList | Message=POST /ADS999002/GetAllRoleList
2026-04-16 11:18:38 | INF | ACTION_TRACE | Acc=admin | Path=/ADS999002/GetAllRoleList | IP=::1 | Start=2026-04-16 11:18:38.969 | Elapsed=5ms | Status=Completed
2026-04-16 11:18:41 | INF | ACTION_TRACE | Acc=admin | Path=/AdminPortal/Home/Index | IP=::1 | Start=2026-04-16 11:18:41.875 | Elapsed=14ms | Status=Completed
2026-04-16 11:18:41 | INF | ACTION_TRACE | Acc=admin | Path=/.well-known/appspecific/com.chrome.devtools.json | IP=::1 | Start=2026-04-16 11:18:41.944 | Elapsed=0ms | Status=Completed
2026-04-16 11:18:44 | INF | CONTROLLER_EXEC | Acc= admin | IP=::1 | Path=ADS999002/ADS999002 | Message=GET /ADS999002/ADS999002
2026-04-16 11:18:44 | INF | ACTION_TRACE | Acc=admin | Path=/ADS999002/ADS999002 | IP=::1 | Start=2026-04-16 11:18:44.331 | Elapsed=5ms | Status=Completed
2026-04-16 11:18:44 | INF | ACTION_TRACE | Acc=admin | Path=/sm/6cf3a2be173716d0e4726c68ef6634f00cefa4e7428560c2debae6f24389d3c1.map | IP=::1 | Start=2026-04-16 11:18:44.398 | Elapsed=0ms | Status=Completed
2026-04-16 11:18:44 | INF | CONTROLLER_EXEC | Acc= admin | IP=::1 | Path=ADS999002/GetAllRoleList | Message=POST /ADS999002/GetAllRoleList
2026-04-16 11:18:44 | INF | ACTION_TRACE | Acc=admin | Path=/ADS999002/GetAllRoleList | IP=::1 | Start=2026-04-16 11:18:44.452 | Elapsed=3ms | Status=Completed
2026-04-16 11:18:47 | INF | CONTROLLER_EXEC | Acc= admin | IP=::1 | Path=ADS999002/GetPermission | Message=POST /ADS999002/GetPermission
2026-04-16 11:18:47 | INF | ACTION_TRACE | Acc=admin | Path=/ADS999002/GetPermission | IP=::1 | Start=2026-04-16 11:18:47.706 | Elapsed=2ms | Status=Completed
2026-04-16 11:21:31 | INF | ACTION_TRACE | Acc=admin | Path=/AdminPortal/Home/Index | IP=::1 | Start=2026-04-16 11:21:31.015 | Elapsed=10ms | Status=Completed
2026-04-16 11:21:31 | INF | ACTION_TRACE | Acc=admin | Path=/.well-known/appspecific/com.chrome.devtools.json | IP=::1 | Start=2026-04-16 11:21:31.203 | Elapsed=0ms | Status=Completed
2026-04-16 11:21:41 | INF | CONTROLLER_EXEC | Acc= admin | IP=::1 | Path=ADS999002/ADS999002 | Message=GET /ADS999002/ADS999002
2026-04-16 11:21:41 | INF | ACTION_TRACE | Acc=admin | Path=/ADS999002/ADS999002 | IP=::1 | Start=2026-04-16 11:21:41.774 | Elapsed=5ms | Status=Completed
2026-04-16 11:21:41 | INF | CONTROLLER_EXEC | Acc= admin | IP=::1 | Path=ADS999002/GetAllRoleList | Message=POST /ADS999002/GetAllRoleList
2026-04-16 11:21:41 | INF | ACTION_TRACE | Acc=admin | Path=/ADS999002/GetAllRoleList | IP=::1 | Start=2026-04-16 11:21:41.837 | Elapsed=3ms | Status=Completed
2026-04-16 11:21:44 | INF | CONTROLLER_EXEC | Acc= admin | IP=::1 | Path=ADS999002/GetPermission | Message=POST /ADS999002/GetPermission
2026-04-16 11:21:44 | INF | ACTION_TRACE | Acc=admin | Path=/ADS999002/GetPermission | IP=::1 | Start=2026-04-16 11:21:44.835 | Elapsed=2ms | Status=Completed
2026-04-16 11:21:47 | INF | CONTROLLER_EXEC | Acc= admin | IP=::1 | Path=ADS999002/GetRoleByNo | Message=GET /ADS999002/GetRoleByNo
2026-04-16 11:21:47 | INF | ACTION_TRACE | Acc=admin | Path=/ADS999002/GetRoleByNo | IP=::1 | Start=2026-04-16 11:21:47.287 | Elapsed=3ms | Status=Completed
2026-04-16 11:21:50 | INF | ACTION_TRACE | Acc=admin | Path=/.well-known/appspecific/com.chrome.devtools.json | IP=::1 | Start=2026-04-16 11:21:50.942 | Elapsed=0ms | Status=Completed
2026-04-16 11:21:51 | INF | ACTION_TRACE | Acc=admin | Path=/sm/6cf3a2be173716d0e4726c68ef6634f00cefa4e7428560c2debae6f24389d3c1.map | IP=::1 | Start=2026-04-16 11:21:51.013 | Elapsed=0ms | Status=Completed
2026-04-16 11:25:50 | INF | ACTION_TRACE | Acc=admin | Path=/AdminPortal/Home/Index | IP=::1 | Start=2026-04-16 11:25:50.456 | Elapsed=8ms | Status=Completed
2026-04-16 11:27:48 | INF | ACTION_TRACE | Acc=admin | Path=/AdminPortal/Home/Index | IP=::1 | Start=2026-04-16 11:27:48.785 | Elapsed=7ms | Status=Completed
2026-04-16 11:34:25 | INF | ACTION_TRACE | Acc=admin | Path=/AdminPortal/Home/Index | IP=::1 | Start=2026-04-16 11:34:20.823 | Elapsed=4622ms | Status=Completed
2026-04-16 11:34:25 | INF | NETWORK_UNSTABLE | Acc=admin | Path=/AdminPortal/Home/Index | Reason=SlowRequest 4622ms
2026-04-16 11:34:25 | INF | ACTION_TRACE | Acc=admin | Path=/.well-known/appspecific/com.chrome.devtools.json | IP=::1 | Start=2026-04-16 11:34:25.542 | Elapsed=0ms | Status=Completed
2026-04-16 11:34:29 | INF | CONTROLLER_EXEC | Acc= admin | IP=::1 | Path=ADS999002/ADS999002 | Message=GET /ADS999002/ADS999002
2026-04-16 11:34:29 | INF | ACTION_TRACE | Acc=admin | Path=/ADS999002/ADS999002 | IP=::1 | Start=2026-04-16 11:34:25.358 | Elapsed=4631ms | Status=Completed
2026-04-16 11:34:29 | INF | NETWORK_UNSTABLE | Acc=admin | Path=/ADS999002/ADS999002 | Reason=SlowRequest 4631ms
2026-04-16 11:34:30 | INF | CONTROLLER_EXEC | Acc= admin | IP=::1 | Path=ADS999002/ADS999002 | Message=GET /ADS999002/ADS999002
2026-04-16 11:34:30 | INF | ACTION_TRACE | Acc=admin | Path=/ADS999002/ADS999002 | IP=::1 | Start=2026-04-16 11:34:30.464 | Elapsed=6ms | Status=Completed
2026-04-16 11:34:30 | INF | ACTION_TRACE | Acc=admin | Path=/sm/6cf3a2be173716d0e4726c68ef6634f00cefa4e7428560c2debae6f24389d3c1.map | IP=::1 | Start=2026-04-16 11:34:30.517 | Elapsed=0ms | Status=Completed
2026-04-16 11:34:30 | INF | CONTROLLER_EXEC | Acc= admin | IP=::1 | Path=ADS999002/GetAllRoleList | Message=POST /ADS999002/GetAllRoleList
2026-04-16 11:34:30 | INF | ACTION_TRACE | Acc=admin | Path=/ADS999002/GetAllRoleList | IP=::1 | Start=2026-04-16 11:34:30.588 | Elapsed=4ms | Status=Completed
2026-04-16 11:34:34 | INF | CONTROLLER_EXEC | Acc= admin | IP=::1 | Path=ADS999002/GetPermission | Message=POST /ADS999002/GetPermission
2026-04-16 11:34:34 | INF | ACTION_TRACE | Acc=admin | Path=/ADS999002/GetPermission | IP=::1 | Start=2026-04-16 11:34:34.017 | Elapsed=3ms | Status=Completed
2026-04-16 11:34:37 | INF | CONTROLLER_EXEC | Acc= admin | IP=::1 | Path=ADS999002/GetRoleByNo | Message=GET /ADS999002/GetRoleByNo
2026-04-16 11:34:37 | INF | ACTION_TRACE | Acc=admin | Path=/ADS999002/GetRoleByNo | IP=::1 | Start=2026-04-16 11:34:37.061 | Elapsed=2ms | Status=Completed
2026-04-16 11:37:39 | INF | ACTION_TRACE | Acc=admin | Path=/AdminPortal/Account/Login | IP=::1 | Start=2026-04-16 11:37:39.176 | Elapsed=6ms | Status=Completed
2026-04-16 11:37:39 | INF | ACTION_TRACE | Acc=admin | Path=/.well-known/appspecific/com.chrome.devtools.json | IP=::1 | Start=2026-04-16 11:37:39.271 | Elapsed=0ms | Status=Completed
2026-04-16 11:37:39 | INF | ACTION_TRACE | Acc=admin | Path=/Captcha/Generate | IP=::1 | Start=2026-04-16 11:37:39.368 | Elapsed=3ms | Status=Completed
2026-04-16 11:37:39 | INF | ACTION_TRACE | Acc=admin | Path=/DNTCaptchaImage/Show | IP=::1 | Start=2026-04-16 11:37:39.387 | Elapsed=40ms | Status=Completed
2026-04-16 11:37:41 | INF | ACTION_TRACE | Acc=admin | Path=/ | IP=::1 | Start=2026-04-16 11:37:40.747 | Elapsed=866ms | Status=Completed
2026-04-16 11:37:41 | INF | ACTION_TRACE | Acc=admin | Path=/.well-known/appspecific/com.chrome.devtools.json | IP=::1 | Start=2026-04-16 11:37:41.670 | Elapsed=0ms | Status=Completed
2026-04-16 11:37:41 | INF | ACTION_TRACE | Acc=admin | Path=/Captcha/Generate | IP=::1 | Start=2026-04-16 11:37:41.862 | Elapsed=1ms | Status=Completed
2026-04-16 11:37:41 | INF | ACTION_TRACE | Acc=admin | Path=/DNTCaptchaImage/Show | IP=::1 | Start=2026-04-16 11:37:41.883 | Elapsed=44ms | Status=Completed
2026-04-16 11:37:51 | INF | ACTION_TRACE | Acc=admin | Path=/Account/Login | IP=::1 | Start=2026-04-16 11:37:46.338 | Elapsed=5293ms | Status=Completed
2026-04-16 11:37:51 | INF | NETWORK_UNSTABLE | Acc=admin | Path=/Account/Login | Reason=SlowRequest 5293ms
2026-04-16 11:37:51 | INF | ACTION_TRACE | Acc=admin | Path=/Home/Index | IP=::1 | Start=2026-04-16 11:37:51.643 | Elapsed=241ms | Status=Completed
2026-04-16 11:37:51 | INF | ACTION_TRACE | Acc=admin | Path=/.well-known/appspecific/com.chrome.devtools.json | IP=::1 | Start=2026-04-16 11:37:51.977 | Elapsed=0ms | Status=Completed
2026-04-16 11:37:52 | INF | ACTION_TRACE | Acc=admin | Path=/lib/html-to-image/html-to-image.js.map | IP=::1 | Start=2026-04-16 11:37:52.197 | Elapsed=0ms | Status=Completed
2026-04-16 11:38:04 | INF | ACTION_TRACE | Acc=admin | Path=/Home/GetMenu | IP=::1 | Start=2026-04-16 11:38:04.120 | Elapsed=17ms | Status=Completed
2026-04-16 11:38:06 | INF | CONTROLLER_EXEC | Acc= admin | IP=::1 | Path=SYS201002/SYS201002 | Message=GET /SYS201002/SYS201002
2026-04-16 11:38:06 | INF | ACTION_TRACE | Acc=admin | Path=/SYS201002/SYS201002 | IP=::1 | Start=2026-04-16 11:38:06.373 | Elapsed=69ms | Status=Completed
2026-04-16 11:38:06 | INF | ACTION_TRACE | Acc=admin | Path=/sm/6cf3a2be173716d0e4726c68ef6634f00cefa4e7428560c2debae6f24389d3c1.map | IP=::1 | Start=2026-04-16 11:38:06.505 | Elapsed=0ms | Status=Completed
2026-04-16 11:38:06 | INF | CONTROLLER_EXEC | Acc= admin | IP=::1 | Path=SYS201002/GetAllRoleList | Message=POST /SYS201002/GetAllRoleList
2026-04-16 11:38:06 | INF | ACTION_TRACE | Acc=admin | Path=/SYS201002/GetAllRoleList | IP=::1 | Start=2026-04-16 11:38:06.595 | Elapsed=61ms | Status=Completed
2026-04-16 11:38:30 | INF | ACTION_TRACE | Acc=admin | Path=/Account/Logout | IP=::1 | Start=2026-04-16 11:38:30.005 | Elapsed=14ms | Status=Completed
2026-04-16 11:38:37 | INF | ACTION_TRACE | Acc=admin | Path=/AdminPortal/Home/Index | IP=::1 | Start=2026-04-16 11:38:37.030 | Elapsed=6ms | Status=Completed
2026-04-16 11:38:37 | INF | ACTION_TRACE | Acc=admin | Path=/.well-known/appspecific/com.chrome.devtools.json | IP=::1 | Start=2026-04-16 11:38:37.066 | Elapsed=0ms | Status=Completed
2026-04-16 11:38:39 | INF | CONTROLLER_EXEC | Acc= admin | IP=::1 | Path=ADS999002/ADS999002 | Message=GET /ADS999002/ADS999002
2026-04-16 11:38:39 | INF | ACTION_TRACE | Acc=admin | Path=/ADS999002/ADS999002 | IP=::1 | Start=2026-04-16 11:38:39.306 | Elapsed=6ms | Status=Completed
2026-04-16 11:38:39 | INF | ACTION_TRACE | Acc=admin | Path=/sm/6cf3a2be173716d0e4726c68ef6634f00cefa4e7428560c2debae6f24389d3c1.map | IP=::1 | Start=2026-04-16 11:38:39.371 | Elapsed=0ms | Status=Completed
2026-04-16 11:38:39 | INF | CONTROLLER_EXEC | Acc= admin | IP=::1 | Path=ADS999002/GetAllRoleList | Message=POST /ADS999002/GetAllRoleList
2026-04-16 11:38:39 | INF | ACTION_TRACE | Acc=admin | Path=/ADS999002/GetAllRoleList | IP=::1 | Start=2026-04-16 11:38:39.447 | Elapsed=2ms | Status=Completed
2026-04-16 11:39:59 | INF | ACTION_TRACE | Acc=admin | Path=/AdminPortal/Account/Login | IP=::1 | Start=2026-04-16 11:39:59.113 | Elapsed=1ms | Status=Completed
2026-04-16 11:39:59 | INF | ACTION_TRACE | Acc=admin | Path=/.well-known/appspecific/com.chrome.devtools.json | IP=::1 | Start=2026-04-16 11:39:59.147 | Elapsed=0ms | Status=Completed
2026-04-16 11:39:59 | INF | ACTION_TRACE | Acc=admin | Path=/Captcha/Generate | IP=::1 | Start=2026-04-16 11:39:59.285 | Elapsed=1ms | Status=Completed
2026-04-16 11:39:59 | INF | ACTION_TRACE | Acc=admin | Path=/DNTCaptchaImage/Show | IP=::1 | Start=2026-04-16 11:39:59.294 | Elapsed=10ms | Status=Completed
2026-04-16 11:40:02 | INF | ACTION_TRACE | Acc=admin | Path=/ | IP=::1 | Start=2026-04-16 11:40:01.187 | Elapsed=1175ms | Status=Completed
2026-04-16 11:40:02 | INF | ACTION_TRACE | Acc=admin | Path=/.well-known/appspecific/com.chrome.devtools.json | IP=::1 | Start=2026-04-16 11:40:02.415 | Elapsed=0ms | Status=Completed
2026-04-16 11:40:02 | INF | ACTION_TRACE | Acc=admin | Path=/Captcha/Generate | IP=::1 | Start=2026-04-16 11:40:02.607 | Elapsed=1ms | Status=Completed
2026-04-16 11:40:02 | INF | ACTION_TRACE | Acc=admin | Path=/DNTCaptchaImage/Show | IP=::1 | Start=2026-04-16 11:40:02.648 | Elapsed=10ms | Status=Completed
2026-04-16 11:43:56 | WRN | No store type was specified for the decimal property 'OveMoney' on entity type 'HROvertime'. This will cause values to be silently truncated if they do not fit in the default precision and scale. Explicitly specify the SQL server column type that can accommodate all the values in 'OnModelCreating' using 'HasColumnType', specify precision and scale using 'HasPrecision', or configure a value converter using 'HasConversion'.
2026-04-16 11:43:56 | WRN | No store type was specified for the decimal property 'Wag1D1Hour' on entity type 'HRWage'. This will cause values to be silently truncated if they do not fit in the default precision and scale. Explicitly specify the SQL server column type that can accommodate all the values in 'OnModelCreating' using 'HasColumnType', specify precision and scale using 'HasPrecision', or configure a value converter using 'HasConversion'.
2026-04-16 11:43:56 | WRN | No store type was specified for the decimal property 'Wag2D1Hour' on entity type 'HRWage'. This will cause values to be silently truncated if they do not fit in the default precision and scale. Explicitly specify the SQL server column type that can accommodate all the values in 'OnModelCreating' using 'HasColumnType', specify precision and scale using 'HasPrecision', or configure a value converter using 'HasConversion'.
2026-04-16 11:43:56 | WRN | No store type was specified for the decimal property 'Wag4D3Hour' on entity type 'HRWage'. This will cause values to be silently truncated if they do not fit in the default precision and scale. Explicitly specify the SQL server column type that can accommodate all the values in 'OnModelCreating' using 'HasColumnType', specify precision and scale using 'HasPrecision', or configure a value converter using 'HasConversion'.
2026-04-16 11:43:56 | WRN | No store type was specified for the decimal property 'Wag5D3Hour' on entity type 'HRWage'. This will cause values to be silently truncated if they do not fit in the default precision and scale. Explicitly specify the SQL server column type that can accommodate all the values in 'OnModelCreating' using 'HasColumnType', specify precision and scale using 'HasPrecision', or configure a value converter using 'HasConversion'.
2026-04-16 11:43:56 | WRN | No store type was specified for the decimal property 'Wag8D3Hour' on entity type 'HRWage'. This will cause values to be silently truncated if they do not fit in the default precision and scale. Explicitly specify the SQL server column type that can accommodate all the values in 'OnModelCreating' using 'HasColumnType', specify precision and scale using 'HasPrecision', or configure a value converter using 'HasConversion'.
2026-04-16 11:43:56 | WRN | No store type was specified for the decimal property 'WagApplyHour' on entity type 'HRWage'. This will cause values to be silently truncated if they do not fit in the default precision and scale. Explicitly specify the SQL server column type that can accommodate all the values in 'OnModelCreating' using 'HasColumnType', specify precision and scale using 'HasPrecision', or configure a value converter using 'HasConversion'.
2026-04-16 11:43:56 | WRN | No store type was specified for the decimal property 'WagIssueHour' on entity type 'HRWage'. This will cause values to be silently truncated if they do not fit in the default precision and scale. Explicitly specify the SQL server column type that can accommodate all the values in 'OnModelCreating' using 'HasColumnType', specify precision and scale using 'HasPrecision', or configure a value converter using 'HasConversion'.
2026-04-16 11:43:56 | WRN | No store type was specified for the decimal property 'WagSubtotal' on entity type 'HRWage'. This will cause values to be silently truncated if they do not fit in the default precision and scale. Explicitly specify the SQL server column type that can accommodate all the values in 'OnModelCreating' using 'HasColumnType', specify precision and scale using 'HasPrecision', or configure a value converter using 'HasConversion'.
2026-04-16 11:44:02 | WRN | The query uses the 'First'/'FirstOrDefault' operator without 'OrderBy' and filter operators. This may lead to unpredictable results.
2026-04-16 11:44:03 | INF | ACTION_TRACE | Acc=admin | Path=/ | IP=::1 | Start=2026-04-16 11:43:56.117 | Elapsed=6944ms | Status=Completed
2026-04-16 11:44:03 | INF | NETWORK_UNSTABLE | Acc=admin | Path=/ | Reason=SlowRequest 6944ms
2026-04-16 11:44:03 | INF | ACTION_TRACE | Acc=admin | Path=/Captcha/Generate | IP=::1 | Start=2026-04-16 11:44:03.264 | Elapsed=40ms | Status=Completed
2026-04-16 11:44:03 | INF | ACTION_TRACE | Acc=admin | Path=/DNTCaptchaImage/Show | IP=::1 | Start=2026-04-16 11:44:03.319 | Elapsed=119ms | Status=Completed
2026-04-16 11:44:13 | INF | ACTION_TRACE | Acc=admin | Path=/Account/Login | IP=::1 | Start=2026-04-16 11:44:06.932 | Elapsed=6170ms | Status=Completed
2026-04-16 11:44:13 | INF | NETWORK_UNSTABLE | Acc=admin | Path=/Account/Login | Reason=SlowRequest 6170ms
2026-04-16 11:44:13 | INF | ACTION_TRACE | Acc=admin | Path=/Home/Index | IP=::1 | Start=2026-04-16 11:44:13.117 | Elapsed=265ms | Status=Completed
2026-04-16 11:44:15 | INF | ACTION_TRACE | Acc=admin | Path=/ | IP=::1 | Start=2026-04-16 11:44:14.826 | Elapsed=215ms | Status=Completed
2026-04-16 11:44:15 | INF | ACTION_TRACE | Acc=admin | Path=/Captcha/Generate | IP=::1 | Start=2026-04-16 11:44:15.094 | Elapsed=2ms | Status=Completed
2026-04-16 11:44:15 | INF | ACTION_TRACE | Acc=admin | Path=/DNTCaptchaImage/Show | IP=::1 | Start=2026-04-16 11:44:15.106 | Elapsed=14ms | Status=Completed
2026-04-16 11:44:16 | INF | ACTION_TRACE | Acc=admin | Path=/AdminPortal/Account/Login | IP=::1 | Start=2026-04-16 11:44:16.195 | Elapsed=20ms | Status=Completed
2026-04-16 11:44:16 | INF | ACTION_TRACE | Acc=admin | Path=/Captcha/Generate | IP=::1 | Start=2026-04-16 11:44:16.272 | Elapsed=1ms | Status=Completed
2026-04-16 11:44:16 | INF | ACTION_TRACE | Acc=admin | Path=/DNTCaptchaImage/Show | IP=::1 | Start=2026-04-16 11:44:16.280 | Elapsed=18ms | Status=Completed
2026-04-16 11:44:23 | INF | ACTION_TRACE | Acc=admin | Path=/AdminPortal/Account/Login | IP=::1 | Start=2026-04-16 11:44:19.456 | Elapsed=3594ms | Status=Completed
2026-04-16 11:44:23 | INF | NETWORK_UNSTABLE | Acc=admin | Path=/AdminPortal/Account/Login | Reason=SlowRequest 3594ms
2026-04-16 11:44:23 | INF | ACTION_TRACE | Acc=admin | Path=/AdminPortal/Home/Index | IP=::1 | Start=2026-04-16 11:44:23.058 | Elapsed=78ms | Status=Completed
2026-04-16 11:44:26 | INF | CONTROLLER_EXEC | Acc= admin | IP=::1 | Path=ADS999002/ADS999002 | Message=GET /ADS999002/ADS999002
2026-04-16 11:44:26 | INF | ACTION_TRACE | Acc=admin | Path=/ADS999002/ADS999002 | IP=::1 | Start=2026-04-16 11:44:26.551 | Elapsed=104ms | Status=Completed
2026-04-16 11:44:26 | INF | CONTROLLER_EXEC | Acc= admin | IP=::1 | Path=ADS999002/GetAllRoleList | Message=POST /ADS999002/GetAllRoleList
2026-04-16 11:44:26 | INF | ACTION_TRACE | Acc=admin | Path=/ADS999002/GetAllRoleList | IP=::1 | Start=2026-04-16 11:44:26.729 | Elapsed=35ms | Status=Completed
2026-04-16 11:44:29 | INF | CONTROLLER_EXEC | Acc= admin | IP=::1 | Path=ADS999002/GetPermission | Message=POST /ADS999002/GetPermission
2026-04-16 11:44:29 | INF | ACTION_TRACE | Acc=admin | Path=/ADS999002/GetPermission | IP=::1 | Start=2026-04-16 11:44:29.234 | Elapsed=35ms | Status=Completed
2026-04-16 11:44:32 | INF | CONTROLLER_EXEC | Acc= admin | IP=::1 | Path=ADS999002/GetPeople | Message=POST /ADS999002/GetPeople
2026-04-16 11:44:32 | INF | ACTION_TRACE | Acc=admin | Path=/ADS999002/GetPeople | IP=::1 | Start=2026-04-16 11:44:32.888 | Elapsed=35ms | Status=Completed
2026-04-16 11:44:35 | INF | CONTROLLER_EXEC | Acc= admin | IP=::1 | Path=ADS999002/GetPeople | Message=POST /ADS999002/GetPeople
2026-04-16 11:44:35 | INF | ACTION_TRACE | Acc=admin | Path=/ADS999002/GetPeople | IP=::1 | Start=2026-04-16 11:44:35.231 | Elapsed=3ms | Status=Completed
2026-04-16 11:44:39 | INF | CONTROLLER_EXEC | Acc= admin | IP=::1 | Path=ADS999002/GetPeople | Message=POST /ADS999002/GetPeople
2026-04-16 11:44:39 | INF | ACTION_TRACE | Acc=admin | Path=/ADS999002/GetPeople | IP=::1 | Start=2026-04-16 11:44:39.126 | Elapsed=5ms | Status=Completed
2026-04-16 11:44:40 | INF | ACTION_TRACE | Acc=admin | Path=/.well-known/appspecific/com.chrome.devtools.json | IP=::1 | Start=2026-04-16 11:44:40.800 | Elapsed=0ms | Status=Completed
2026-04-16 11:44:40 | INF | ACTION_TRACE | Acc=admin | Path=/sm/6cf3a2be173716d0e4726c68ef6634f00cefa4e7428560c2debae6f24389d3c1.map | IP=::1 | Start=2026-04-16 11:44:40.908 | Elapsed=0ms | Status=Completed
2026-04-16 11:44:41 | INF | CONTROLLER_EXEC | Acc= admin | IP=::1 | Path=ADS999002/GetPeople | Message=POST /ADS999002/GetPeople
2026-04-16 11:44:41 | INF | ACTION_TRACE | Acc=admin | Path=/ADS999002/GetPeople | IP=::1 | Start=2026-04-16 11:44:41.919 | Elapsed=3ms | Status=Completed
2026-04-16 11:44:47 | INF | CONTROLLER_EXEC | Acc= admin | IP=::1 | Path=ADS999002/GetPermission | Message=POST /ADS999002/GetPermission
2026-04-16 11:44:47 | INF | ACTION_TRACE | Acc=admin | Path=/ADS999002/GetPermission | IP=::1 | Start=2026-04-16 11:44:47.055 | Elapsed=3ms | Status=Completed
2026-04-16 11:44:48 | ERR | An exception occurred while iterating over the results of a query for context type 'EHRIS.Core.DbContext.ApplicationDbContext'.
System.InvalidOperationException: The configured execution strategy 'SqlServerRetryingExecutionStrategy' does not support user-initiated transactions. Use the execution strategy returned by 'DbContext.Database.CreateExecutionStrategy()' to execute all the operations in the transaction as a retriable unit.
   at Microsoft.EntityFrameworkCore.Storage.ExecutionStrategy.OnFirstExecution()
   at Microsoft.EntityFrameworkCore.Storage.ExecutionStrategy.ExecuteAsync[TState,TResult](TState state, Func`4 operation, Func`4 verifySucceeded, CancellationToken cancellationToken)
   at Microsoft.EntityFrameworkCore.Query.Internal.SingleQueryingEnumerable`1.AsyncEnumerator.MoveNextAsync()
2026-04-16 11:44:48 | INF | CONTROLLER_EXEC | Acc= admin | IP=::1 | Path=ADS999002/UpdatePermission | Message=POST /ADS999002/UpdatePermission
2026-04-16 11:44:48 | INF | ACTION_TRACE | Acc=admin | Path=/ADS999002/UpdatePermission | IP=::1 | Start=2026-04-16 11:44:48.192 | Elapsed=106ms | Status=Completed
2026-04-16 11:44:53 | INF | CONTROLLER_EXEC | Acc= admin | IP=::1 | Path=ADS999002/GetRoleByNo | Message=GET /ADS999002/GetRoleByNo
2026-04-16 11:44:53 | INF | ACTION_TRACE | Acc=admin | Path=/ADS999002/GetRoleByNo | IP=::1 | Start=2026-04-16 11:44:53.959 | Elapsed=20ms | Status=Completed
2026-04-16 11:44:55 | INF | CONTROLLER_EXEC | Acc= admin | IP=::1 | Path=ADS999002/UpdateRole | Message=POST /ADS999002/UpdateRole
2026-04-16 11:44:55 | INF | ACTION_TRACE | Acc=admin | Path=/ADS999002/UpdateRole | IP=::1 | Start=2026-04-16 11:44:55.247 | Elapsed=90ms | Status=Completed
2026-04-16 11:45:10 | INF | CONTROLLER_EXEC | Acc= admin | IP=::1 | Path=ADS999002/GetPeople | Message=POST /ADS999002/GetPeople
2026-04-16 11:45:10 | INF | ACTION_TRACE | Acc=admin | Path=/ADS999002/GetPeople | IP=::1 | Start=2026-04-16 11:45:10.201 | Elapsed=3ms | Status=Completed
2026-04-16 11:56:24 | WRN | No store type was specified for the decimal property 'OveMoney' on entity type 'HROvertime'. This will cause values to be silently truncated if they do not fit in the default precision and scale. Explicitly specify the SQL server column type that can accommodate all the values in 'OnModelCreating' using 'HasColumnType', specify precision and scale using 'HasPrecision', or configure a value converter using 'HasConversion'.
2026-04-16 11:56:24 | WRN | No store type was specified for the decimal property 'Wag1D1Hour' on entity type 'HRWage'. This will cause values to be silently truncated if they do not fit in the default precision and scale. Explicitly specify the SQL server column type that can accommodate all the values in 'OnModelCreating' using 'HasColumnType', specify precision and scale using 'HasPrecision', or configure a value converter using 'HasConversion'.
2026-04-16 11:56:24 | WRN | No store type was specified for the decimal property 'Wag2D1Hour' on entity type 'HRWage'. This will cause values to be silently truncated if they do not fit in the default precision and scale. Explicitly specify the SQL server column type that can accommodate all the values in 'OnModelCreating' using 'HasColumnType', specify precision and scale using 'HasPrecision', or configure a value converter using 'HasConversion'.
2026-04-16 11:56:24 | WRN | No store type was specified for the decimal property 'Wag4D3Hour' on entity type 'HRWage'. This will cause values to be silently truncated if they do not fit in the default precision and scale. Explicitly specify the SQL server column type that can accommodate all the values in 'OnModelCreating' using 'HasColumnType', specify precision and scale using 'HasPrecision', or configure a value converter using 'HasConversion'.
2026-04-16 11:56:24 | WRN | No store type was specified for the decimal property 'Wag5D3Hour' on entity type 'HRWage'. This will cause values to be silently truncated if they do not fit in the default precision and scale. Explicitly specify the SQL server column type that can accommodate all the values in 'OnModelCreating' using 'HasColumnType', specify precision and scale using 'HasPrecision', or configure a value converter using 'HasConversion'.
2026-04-16 11:56:24 | WRN | No store type was specified for the decimal property 'Wag8D3Hour' on entity type 'HRWage'. This will cause values to be silently truncated if they do not fit in the default precision and scale. Explicitly specify the SQL server column type that can accommodate all the values in 'OnModelCreating' using 'HasColumnType', specify precision and scale using 'HasPrecision', or configure a value converter using 'HasConversion'.
2026-04-16 11:56:24 | WRN | No store type was specified for the decimal property 'WagApplyHour' on entity type 'HRWage'. This will cause values to be silently truncated if they do not fit in the default precision and scale. Explicitly specify the SQL server column type that can accommodate all the values in 'OnModelCreating' using 'HasColumnType', specify precision and scale using 'HasPrecision', or configure a value converter using 'HasConversion'.
2026-04-16 11:56:24 | WRN | No store type was specified for the decimal property 'WagIssueHour' on entity type 'HRWage'. This will cause values to be silently truncated if they do not fit in the default precision and scale. Explicitly specify the SQL server column type that can accommodate all the values in 'OnModelCreating' using 'HasColumnType', specify precision and scale using 'HasPrecision', or configure a value converter using 'HasConversion'.
2026-04-16 11:56:24 | WRN | No store type was specified for the decimal property 'WagSubtotal' on entity type 'HRWage'. This will cause values to be silently truncated if they do not fit in the default precision and scale. Explicitly specify the SQL server column type that can accommodate all the values in 'OnModelCreating' using 'HasColumnType', specify precision and scale using 'HasPrecision', or configure a value converter using 'HasConversion'.
2026-04-16 11:56:29 | WRN | The query uses the 'First'/'FirstOrDefault' operator without 'OrderBy' and filter operators. This may lead to unpredictable results.
2026-04-16 11:56:30 | INF | ACTION_TRACE | Acc=admin | Path=/ | IP=::1 | Start=2026-04-16 11:56:23.438 | Elapsed=6879ms | Status=Completed
2026-04-16 11:56:30 | INF | NETWORK_UNSTABLE | Acc=admin | Path=/ | Reason=SlowRequest 6879ms
2026-04-16 11:56:30 | INF | ACTION_TRACE | Acc=admin | Path=/Captcha/Generate | IP=::1 | Start=2026-04-16 11:56:30.457 | Elapsed=43ms | Status=Completed
2026-04-16 11:56:30 | INF | ACTION_TRACE | Acc=admin | Path=/DNTCaptchaImage/Show | IP=::1 | Start=2026-04-16 11:56:30.516 | Elapsed=94ms | Status=Completed
2026-04-16 11:56:41 | INF | ACTION_TRACE | Acc=admin | Path=/Account/Login | IP=::1 | Start=2026-04-16 11:56:34.984 | Elapsed=6302ms | Status=Completed
2026-04-16 11:56:41 | INF | NETWORK_UNSTABLE | Acc=admin | Path=/Account/Login | Reason=SlowRequest 6302ms
2026-04-16 11:56:41 | INF | ACTION_TRACE | Acc=admin | Path=/Home/Index | IP=::1 | Start=2026-04-16 11:56:41.303 | Elapsed=258ms | Status=Completed
2026-04-16 11:56:43 | INF | ACTION_TRACE | Acc=admin | Path=/ | IP=::1 | Start=2026-04-16 11:56:42.981 | Elapsed=230ms | Status=Completed
2026-04-16 11:56:43 | INF | ACTION_TRACE | Acc=admin | Path=/Captcha/Generate | IP=::1 | Start=2026-04-16 11:56:43.263 | Elapsed=1ms | Status=Completed
2026-04-16 11:56:43 | INF | ACTION_TRACE | Acc=admin | Path=/DNTCaptchaImage/Show | IP=::1 | Start=2026-04-16 11:56:43.275 | Elapsed=14ms | Status=Completed
2026-04-16 11:56:44 | INF | ACTION_TRACE | Acc=admin | Path=/AdminPortal/Account/Login | IP=::1 | Start=2026-04-16 11:56:44.069 | Elapsed=15ms | Status=Completed
2026-04-16 11:56:44 | INF | ACTION_TRACE | Acc=admin | Path=/Captcha/Generate | IP=::1 | Start=2026-04-16 11:56:44.144 | Elapsed=1ms | Status=Completed
2026-04-16 11:56:44 | INF | ACTION_TRACE | Acc=admin | Path=/DNTCaptchaImage/Show | IP=::1 | Start=2026-04-16 11:56:44.155 | Elapsed=13ms | Status=Completed
2026-04-16 11:56:50 | INF | ACTION_TRACE | Acc=admin | Path=/AdminPortal/Account/Login | IP=::1 | Start=2026-04-16 11:56:48.310 | Elapsed=1857ms | Status=Completed
2026-04-16 11:56:50 | INF | ACTION_TRACE | Acc=admin | Path=/Captcha/Generate | IP=::1 | Start=2026-04-16 11:56:50.227 | Elapsed=1ms | Status=Completed
2026-04-16 11:56:50 | INF | ACTION_TRACE | Acc=admin | Path=/DNTCaptchaImage/Show | IP=::1 | Start=2026-04-16 11:56:50.236 | Elapsed=27ms | Status=Completed
2026-04-16 11:56:56 | INF | ACTION_TRACE | Acc=admin | Path=/AdminPortal/Account/Login | IP=::1 | Start=2026-04-16 11:56:53.256 | Elapsed=3630ms | Status=Completed
2026-04-16 11:56:56 | INF | NETWORK_UNSTABLE | Acc=admin | Path=/AdminPortal/Account/Login | Reason=SlowRequest 3630ms
2026-04-16 11:56:56 | INF | ACTION_TRACE | Acc=admin | Path=/AdminPortal/Home/Index | IP=::1 | Start=2026-04-16 11:56:56.895 | Elapsed=82ms | Status=Completed
2026-04-16 11:56:59 | INF | ACTION_TRACE | Acc=admin | Path=/ | IP=::1 | Start=2026-04-16 11:56:59.400 | Elapsed=371ms | Status=Completed
2026-04-16 11:57:05 | INF | ACTION_TRACE | Acc=admin | Path=/ADS999999/ADS999999 | IP=::1 | Start=2026-04-16 11:57:05.030 | Elapsed=0ms | Status=Completed
2026-04-16 11:57:06 | INF | ACTION_TRACE | Acc=admin | Path=/ADS999003/ADS999003 | IP=::1 | Start=2026-04-16 11:57:06.363 | Elapsed=0ms | Status=Completed
2026-04-16 11:57:06 | INF | CONTROLLER_EXEC | Acc= admin | IP=::1 | Path=ADS999002/ADS999002 | Message=GET /ADS999002/ADS999002
2026-04-16 11:57:06 | INF | ACTION_TRACE | Acc=admin | Path=/ADS999002/ADS999002 | IP=::1 | Start=2026-04-16 11:57:06.821 | Elapsed=86ms | Status=Completed
2026-04-16 11:57:06 | INF | CONTROLLER_EXEC | Acc= admin | IP=::1 | Path=ADS999002/GetAllRoleList | Message=POST /ADS999002/GetAllRoleList
2026-04-16 11:57:06 | INF | ACTION_TRACE | Acc=admin | Path=/ADS999002/GetAllRoleList | IP=::1 | Start=2026-04-16 11:57:06.948 | Elapsed=35ms | Status=Completed
2026-04-16 11:57:08 | INF | CONTROLLER_EXEC | Acc= admin | IP=::1 | Path=ADS999002/GetPeople | Message=POST /ADS999002/GetPeople
2026-04-16 11:57:08 | INF | ACTION_TRACE | Acc=admin | Path=/ADS999002/GetPeople | IP=::1 | Start=2026-04-16 11:57:08.659 | Elapsed=27ms | Status=Completed
2026-04-16 11:57:17 | INF | ACTION_TRACE | Acc=admin | Path=/AdminPortal/Account/Login | IP=::1 | Start=2026-04-16 11:57:17.625 | Elapsed=1ms | Status=Completed
2026-04-16 11:57:17 | INF | ACTION_TRACE | Acc=admin | Path=/Captcha/Generate | IP=::1 | Start=2026-04-16 11:57:17.719 | Elapsed=1ms | Status=Completed
2026-04-16 11:57:17 | INF | ACTION_TRACE | Acc=admin | Path=/DNTCaptchaImage/Show | IP=::1 | Start=2026-04-16 11:57:17.733 | Elapsed=7ms | Status=Completed
2026-04-16 11:57:20 | INF | ACTION_TRACE | Acc=admin | Path=/ | IP=::1 | Start=2026-04-16 11:57:19.061 | Elapsed=1341ms | Status=Completed
2026-04-16 11:57:20 | INF | ACTION_TRACE | Acc=admin | Path=/Captcha/Generate | IP=::1 | Start=2026-04-16 11:57:20.502 | Elapsed=1ms | Status=Completed
2026-04-16 11:57:20 | INF | ACTION_TRACE | Acc=admin | Path=/DNTCaptchaImage/Show | IP=::1 | Start=2026-04-16 11:57:20.518 | Elapsed=10ms | Status=Completed
2026-04-16 11:57:26 | INF | ACTION_TRACE | Acc=admin | Path=/Account/Login | IP=::1 | Start=2026-04-16 11:57:26.166 | Elapsed=718ms | Status=Completed
2026-04-16 11:57:26 | INF | ACTION_TRACE | Acc=admin | Path=/Home/Index | IP=::1 | Start=2026-04-16 11:57:26.892 | Elapsed=34ms | Status=Completed
2026-04-16 11:57:29 | INF | ACTION_TRACE | Acc=admin | Path=/Home/GetMenu | IP=::1 | Start=2026-04-16 11:57:29.493 | Elapsed=13ms | Status=Completed
2026-04-16 11:57:32 | INF | CONTROLLER_EXEC | Acc= admin | IP=::1 | Path=SYS201002/SYS201002 | Message=GET /SYS201002/SYS201002
2026-04-16 11:57:32 | INF | ACTION_TRACE | Acc=admin | Path=/SYS201002/SYS201002 | IP=::1 | Start=2026-04-16 11:57:32.727 | Elapsed=60ms | Status=Completed
2026-04-16 11:57:32 | INF | CONTROLLER_EXEC | Acc= admin | IP=::1 | Path=SYS201002/GetAllRoleList | Message=POST /SYS201002/GetAllRoleList
2026-04-16 11:57:32 | INF | ACTION_TRACE | Acc=admin | Path=/SYS201002/GetAllRoleList | IP=::1 | Start=2026-04-16 11:57:32.835 | Elapsed=49ms | Status=Completed
2026-04-16 11:57:34 | INF | CONTROLLER_EXEC | Acc= admin | IP=::1 | Path=SYS201002/GetPeople | Message=POST /SYS201002/GetPeople
2026-04-16 11:57:34 | INF | ACTION_TRACE | Acc=admin | Path=/SYS201002/GetPeople | IP=::1 | Start=2026-04-16 11:57:33.970 | Elapsed=32ms | Status=Completed
2026-04-16 11:57:35 | INF | CONTROLLER_EXEC | Acc= admin | IP=::1 | Path=SYS201002/GetAllRoleList | Message=POST /SYS201002/GetAllRoleList
2026-04-16 11:57:35 | INF | ACTION_TRACE | Acc=admin | Path=/SYS201002/GetAllRoleList | IP=::1 | Start=2026-04-16 11:57:35.626 | Elapsed=3ms | Status=Completed
2026-04-16 11:57:37 | INF | CONTROLLER_EXEC | Acc= admin | IP=::1 | Path=SYS201002/GetPeople | Message=POST /SYS201002/GetPeople
2026-04-16 11:57:37 | INF | ACTION_TRACE | Acc=admin | Path=/SYS201002/GetPeople | IP=::1 | Start=2026-04-16 11:57:37.103 | Elapsed=13ms | Status=Completed
2026-04-16 11:57:45 | INF | ACTION_TRACE | Acc=admin | Path=/Account/Logout | IP=::1 | Start=2026-04-16 11:57:45.314 | Elapsed=49ms | Status=Completed
2026-04-16 11:57:54 | INF | ACTION_TRACE | Acc=admin | Path=/AdminPortal/Home/Index | IP=::1 | Start=2026-04-16 11:57:54.033 | Elapsed=5ms | Status=Completed
2026-04-16 11:58:39 | INF | ACTION_TRACE | Acc=admin | Path=/ | IP=::1 | Start=2026-04-16 11:58:39.396 | Elapsed=313ms | Status=Completed
2026-04-16 11:58:40 | INF | ACTION_TRACE | Acc=admin | Path=/AdminPortal/Account/Login | IP=::1 | Start=2026-04-16 11:58:40.804 | Elapsed=0ms | Status=Completed
2026-04-16 11:58:40 | INF | ACTION_TRACE | Acc=admin | Path=/Captcha/Generate | IP=::1 | Start=2026-04-16 11:58:40.841 | Elapsed=1ms | Status=Completed
2026-04-16 11:58:40 | INF | ACTION_TRACE | Acc=admin | Path=/DNTCaptchaImage/Show | IP=::1 | Start=2026-04-16 11:58:40.851 | Elapsed=11ms | Status=Completed
2026-04-16 11:58:47 | INF | ACTION_TRACE | Acc=admin | Path=/AdminPortal/Account/Login | IP=::1 | Start=2026-04-16 11:58:44.204 | Elapsed=3758ms | Status=Completed
2026-04-16 11:58:47 | INF | NETWORK_UNSTABLE | Acc=admin | Path=/AdminPortal/Account/Login | Reason=SlowRequest 3758ms
2026-04-16 11:58:47 | INF | ACTION_TRACE | Acc=admin | Path=/AdminPortal/Home/Index | IP=::1 | Start=2026-04-16 11:58:47.971 | Elapsed=4ms | Status=Completed
2026-04-16 11:58:51 | INF | CONTROLLER_EXEC | Acc= admin | IP=::1 | Path=ADS999002/ADS999002 | Message=GET /ADS999002/ADS999002
2026-04-16 11:58:51 | INF | ACTION_TRACE | Acc=admin | Path=/ADS999002/ADS999002 | IP=::1 | Start=2026-04-16 11:58:51.200 | Elapsed=4ms | Status=Completed
2026-04-16 11:58:51 | INF | CONTROLLER_EXEC | Acc= admin | IP=::1 | Path=ADS999002/GetAllRoleList | Message=POST /ADS999002/GetAllRoleList
2026-04-16 11:58:51 | INF | ACTION_TRACE | Acc=admin | Path=/ADS999002/GetAllRoleList | IP=::1 | Start=2026-04-16 11:58:51.237 | Elapsed=3ms | Status=Completed
2026-04-16 11:58:53 | INF | CONTROLLER_EXEC | Acc= admin | IP=::1 | Path=ADS999002/GetPeople | Message=POST /ADS999002/GetPeople
2026-04-16 11:58:53 | INF | ACTION_TRACE | Acc=admin | Path=/ADS999002/GetPeople | IP=::1 | Start=2026-04-16 11:58:53.877 | Elapsed=3ms | Status=Completed
2026-04-16 11:59:07 | INF | CONTROLLER_EXEC | Acc= admin | IP=::1 | Path=ADS999002/GetPeople | Message=POST /ADS999002/GetPeople
2026-04-16 11:59:07 | INF | ACTION_TRACE | Acc=admin | Path=/ADS999002/GetPeople | IP=::1 | Start=2026-04-16 11:59:07.820 | Elapsed=2ms | Status=Completed
2026-04-16 12:02:15 | WRN | No store type was specified for the decimal property 'OveMoney' on entity type 'HROvertime'. This will cause values to be silently truncated if they do not fit in the default precision and scale. Explicitly specify the SQL server column type that can accommodate all the values in 'OnModelCreating' using 'HasColumnType', specify precision and scale using 'HasPrecision', or configure a value converter using 'HasConversion'.
2026-04-16 12:02:15 | WRN | No store type was specified for the decimal property 'Wag1D1Hour' on entity type 'HRWage'. This will cause values to be silently truncated if they do not fit in the default precision and scale. Explicitly specify the SQL server column type that can accommodate all the values in 'OnModelCreating' using 'HasColumnType', specify precision and scale using 'HasPrecision', or configure a value converter using 'HasConversion'.
2026-04-16 12:02:15 | WRN | No store type was specified for the decimal property 'Wag2D1Hour' on entity type 'HRWage'. This will cause values to be silently truncated if they do not fit in the default precision and scale. Explicitly specify the SQL server column type that can accommodate all the values in 'OnModelCreating' using 'HasColumnType', specify precision and scale using 'HasPrecision', or configure a value converter using 'HasConversion'.
2026-04-16 12:02:15 | WRN | No store type was specified for the decimal property 'Wag4D3Hour' on entity type 'HRWage'. This will cause values to be silently truncated if they do not fit in the default precision and scale. Explicitly specify the SQL server column type that can accommodate all the values in 'OnModelCreating' using 'HasColumnType', specify precision and scale using 'HasPrecision', or configure a value converter using 'HasConversion'.
2026-04-16 12:02:15 | WRN | No store type was specified for the decimal property 'Wag5D3Hour' on entity type 'HRWage'. This will cause values to be silently truncated if they do not fit in the default precision and scale. Explicitly specify the SQL server column type that can accommodate all the values in 'OnModelCreating' using 'HasColumnType', specify precision and scale using 'HasPrecision', or configure a value converter using 'HasConversion'.
2026-04-16 12:02:15 | WRN | No store type was specified for the decimal property 'Wag8D3Hour' on entity type 'HRWage'. This will cause values to be silently truncated if they do not fit in the default precision and scale. Explicitly specify the SQL server column type that can accommodate all the values in 'OnModelCreating' using 'HasColumnType', specify precision and scale using 'HasPrecision', or configure a value converter using 'HasConversion'.
2026-04-16 12:02:15 | WRN | No store type was specified for the decimal property 'WagApplyHour' on entity type 'HRWage'. This will cause values to be silently truncated if they do not fit in the default precision and scale. Explicitly specify the SQL server column type that can accommodate all the values in 'OnModelCreating' using 'HasColumnType', specify precision and scale using 'HasPrecision', or configure a value converter using 'HasConversion'.
2026-04-16 12:02:15 | WRN | No store type was specified for the decimal property 'WagIssueHour' on entity type 'HRWage'. This will cause values to be silently truncated if they do not fit in the default precision and scale. Explicitly specify the SQL server column type that can accommodate all the values in 'OnModelCreating' using 'HasColumnType', specify precision and scale using 'HasPrecision', or configure a value converter using 'HasConversion'.
2026-04-16 12:02:15 | WRN | No store type was specified for the decimal property 'WagSubtotal' on entity type 'HRWage'. This will cause values to be silently truncated if they do not fit in the default precision and scale. Explicitly specify the SQL server column type that can accommodate all the values in 'OnModelCreating' using 'HasColumnType', specify precision and scale using 'HasPrecision', or configure a value converter using 'HasConversion'.
2026-04-16 12:02:21 | WRN | The query uses the 'First'/'FirstOrDefault' operator without 'OrderBy' and filter operators. This may lead to unpredictable results.
2026-04-16 12:02:22 | INF | ACTION_TRACE | Acc=admin | Path=/ | IP=::1 | Start=2026-04-16 12:02:14.944 | Elapsed=7120ms | Status=Completed
2026-04-16 12:02:22 | INF | NETWORK_UNSTABLE | Acc=admin | Path=/ | Reason=SlowRequest 7120ms
2026-04-16 12:02:22 | INF | ACTION_TRACE | Acc=admin | Path=/Captcha/Generate | IP=::1 | Start=2026-04-16 12:02:22.258 | Elapsed=49ms | Status=Completed
2026-04-16 12:02:22 | INF | ACTION_TRACE | Acc=admin | Path=/DNTCaptchaImage/Show | IP=::1 | Start=2026-04-16 12:02:22.328 | Elapsed=132ms | Status=Completed
2026-04-16 13:42:51 | INF | ACTION_TRACE | Acc=admin | Path=/AdminPortal/Home/Index | IP=::1 | Start=2026-04-16 13:42:51.753 | Elapsed=117ms | Status=Completed
2026-04-16 13:42:58 | INF | CONTROLLER_EXEC | Acc= admin | IP=::1 | Path=ADS999002/ADS999002 | Message=GET /ADS999002/ADS999002
2026-04-16 13:42:58 | INF | ACTION_TRACE | Acc=admin | Path=/ADS999002/ADS999002 | IP=::1 | Start=2026-04-16 13:42:58.067 | Elapsed=96ms | Status=Completed
2026-04-16 13:42:58 | INF | CONTROLLER_EXEC | Acc= admin | IP=::1 | Path=ADS999002/GetAllRoleList | Message=POST /ADS999002/GetAllRoleList
2026-04-16 13:42:58 | INF | ACTION_TRACE | Acc=admin | Path=/ADS999002/GetAllRoleList | IP=::1 | Start=2026-04-16 13:42:58.247 | Elapsed=34ms | Status=Completed
2026-04-16 13:43:00 | INF | CONTROLLER_EXEC | Acc= admin | IP=::1 | Path=ADS999002/GetPeople | Message=POST /ADS999002/GetPeople
2026-04-16 13:43:00 | INF | ACTION_TRACE | Acc=admin | Path=/ADS999002/GetPeople | IP=::1 | Start=2026-04-16 13:43:00.445 | Elapsed=31ms | Status=Completed
2026-04-16 13:43:02 | INF | CONTROLLER_EXEC | Acc= admin | IP=::1 | Path=ADS999002/GetPeople | Message=POST /ADS999002/GetPeople
2026-04-16 13:43:02 | INF | ACTION_TRACE | Acc=admin | Path=/ADS999002/GetPeople | IP=::1 | Start=2026-04-16 13:43:02.070 | Elapsed=3ms | Status=Completed
2026-04-16 13:43:08 | INF | CONTROLLER_EXEC | Acc= admin | IP=::1 | Path=ADS999002/GetPeople | Message=POST /ADS999002/GetPeople
2026-04-16 13:43:08 | INF | ACTION_TRACE | Acc=admin | Path=/ADS999002/GetPeople | IP=::1 | Start=2026-04-16 13:43:08.842 | Elapsed=3ms | Status=Completed
2026-04-16 13:43:59 | INF | CONTROLLER_EXEC | Acc= admin | IP=::1 | Path=ADS999002/GetPeople | Message=POST /ADS999002/GetPeople
2026-04-16 13:43:59 | INF | ACTION_TRACE | Acc=admin | Path=/ADS999002/GetPeople | IP=::1 | Start=2026-04-16 13:43:59.099 | Elapsed=3ms | Status=Completed
2026-04-16 13:48:42 | WRN | No store type was specified for the decimal property 'OveMoney' on entity type 'HROvertime'. This will cause values to be silently truncated if they do not fit in the default precision and scale. Explicitly specify the SQL server column type that can accommodate all the values in 'OnModelCreating' using 'HasColumnType', specify precision and scale using 'HasPrecision', or configure a value converter using 'HasConversion'.
2026-04-16 13:48:42 | WRN | No store type was specified for the decimal property 'Wag1D1Hour' on entity type 'HRWage'. This will cause values to be silently truncated if they do not fit in the default precision and scale. Explicitly specify the SQL server column type that can accommodate all the values in 'OnModelCreating' using 'HasColumnType', specify precision and scale using 'HasPrecision', or configure a value converter using 'HasConversion'.
2026-04-16 13:48:42 | WRN | No store type was specified for the decimal property 'Wag2D1Hour' on entity type 'HRWage'. This will cause values to be silently truncated if they do not fit in the default precision and scale. Explicitly specify the SQL server column type that can accommodate all the values in 'OnModelCreating' using 'HasColumnType', specify precision and scale using 'HasPrecision', or configure a value converter using 'HasConversion'.
2026-04-16 13:48:42 | WRN | No store type was specified for the decimal property 'Wag4D3Hour' on entity type 'HRWage'. This will cause values to be silently truncated if they do not fit in the default precision and scale. Explicitly specify the SQL server column type that can accommodate all the values in 'OnModelCreating' using 'HasColumnType', specify precision and scale using 'HasPrecision', or configure a value converter using 'HasConversion'.
2026-04-16 13:48:42 | WRN | No store type was specified for the decimal property 'Wag5D3Hour' on entity type 'HRWage'. This will cause values to be silently truncated if they do not fit in the default precision and scale. Explicitly specify the SQL server column type that can accommodate all the values in 'OnModelCreating' using 'HasColumnType', specify precision and scale using 'HasPrecision', or configure a value converter using 'HasConversion'.
2026-04-16 13:48:42 | WRN | No store type was specified for the decimal property 'Wag8D3Hour' on entity type 'HRWage'. This will cause values to be silently truncated if they do not fit in the default precision and scale. Explicitly specify the SQL server column type that can accommodate all the values in 'OnModelCreating' using 'HasColumnType', specify precision and scale using 'HasPrecision', or configure a value converter using 'HasConversion'.
2026-04-16 13:48:42 | WRN | No store type was specified for the decimal property 'WagApplyHour' on entity type 'HRWage'. This will cause values to be silently truncated if they do not fit in the default precision and scale. Explicitly specify the SQL server column type that can accommodate all the values in 'OnModelCreating' using 'HasColumnType', specify precision and scale using 'HasPrecision', or configure a value converter using 'HasConversion'.
2026-04-16 13:48:42 | WRN | No store type was specified for the decimal property 'WagIssueHour' on entity type 'HRWage'. This will cause values to be silently truncated if they do not fit in the default precision and scale. Explicitly specify the SQL server column type that can accommodate all the values in 'OnModelCreating' using 'HasColumnType', specify precision and scale using 'HasPrecision', or configure a value converter using 'HasConversion'.
2026-04-16 13:48:42 | WRN | No store type was specified for the decimal property 'WagSubtotal' on entity type 'HRWage'. This will cause values to be silently truncated if they do not fit in the default precision and scale. Explicitly specify the SQL server column type that can accommodate all the values in 'OnModelCreating' using 'HasColumnType', specify precision and scale using 'HasPrecision', or configure a value converter using 'HasConversion'.
2026-04-16 13:48:47 | WRN | The query uses the 'First'/'FirstOrDefault' operator without 'OrderBy' and filter operators. This may lead to unpredictable results.
2026-04-16 13:48:48 | INF | ACTION_TRACE | Acc=admin | Path=/ | IP=::1 | Start=2026-04-16 13:48:41.703 | Elapsed=6787ms | Status=Completed
2026-04-16 13:48:48 | INF | NETWORK_UNSTABLE | Acc=admin | Path=/ | Reason=SlowRequest 6787ms
2026-04-16 13:48:48 | INF | ACTION_TRACE | Acc=admin | Path=/Captcha/Generate | IP=::1 | Start=2026-04-16 13:48:48.660 | Elapsed=49ms | Status=Completed
2026-04-16 13:48:48 | INF | ACTION_TRACE | Acc=admin | Path=/DNTCaptchaImage/Show | IP=::1 | Start=2026-04-16 13:48:48.732 | Elapsed=119ms | Status=Completed
2026-04-16 13:49:02 | INF | ACTION_TRACE | Acc=admin | Path=/Account/Login | IP=::1 | Start=2026-04-16 13:48:56.151 | Elapsed=6283ms | Status=Completed
2026-04-16 13:49:02 | INF | NETWORK_UNSTABLE | Acc=admin | Path=/Account/Login | Reason=SlowRequest 6283ms
2026-04-16 13:49:02 | INF | ACTION_TRACE | Acc=admin | Path=/Home/Index | IP=::1 | Start=2026-04-16 13:49:02.452 | Elapsed=301ms | Status=Completed
2026-04-16 13:49:08 | INF | ACTION_TRACE | Acc=admin | Path=/ | IP=::1 | Start=2026-04-16 13:49:08.254 | Elapsed=210ms | Status=Completed
2026-04-16 13:49:08 | INF | ACTION_TRACE | Acc=admin | Path=/Captcha/Generate | IP=::1 | Start=2026-04-16 13:49:08.522 | Elapsed=1ms | Status=Completed
2026-04-16 13:49:08 | INF | ACTION_TRACE | Acc=admin | Path=/DNTCaptchaImage/Show | IP=::1 | Start=2026-04-16 13:49:08.533 | Elapsed=28ms | Status=Completed
2026-04-16 13:49:09 | INF | ACTION_TRACE | Acc=admin | Path=/AdminPortal/Account/Login | IP=::1 | Start=2026-04-16 13:49:09.651 | Elapsed=19ms | Status=Completed
2026-04-16 13:49:09 | INF | ACTION_TRACE | Acc=admin | Path=/Captcha/Generate | IP=::1 | Start=2026-04-16 13:49:09.740 | Elapsed=1ms | Status=Completed
2026-04-16 13:49:09 | INF | ACTION_TRACE | Acc=admin | Path=/DNTCaptchaImage/Show | IP=::1 | Start=2026-04-16 13:49:09.753 | Elapsed=13ms | Status=Completed
2026-04-16 13:49:13 | INF | ACTION_TRACE | Acc=admin | Path=/AdminPortal/Account/Login | IP=::1 | Start=2026-04-16 13:49:12.657 | Elapsed=1133ms | Status=Completed
2026-04-16 13:49:13 | INF | ACTION_TRACE | Acc=admin | Path=/AdminPortal/Home/Index | IP=::1 | Start=2026-04-16 13:49:13.799 | Elapsed=76ms | Status=Completed
2026-04-16 13:49:18 | INF | CONTROLLER_EXEC | Acc= admin | IP=::1 | Path=ADS999002/ADS999002 | Message=GET /ADS999002/ADS999002
2026-04-16 13:49:18 | INF | ACTION_TRACE | Acc=admin | Path=/ADS999002/ADS999002 | IP=::1 | Start=2026-04-16 13:49:18.122 | Elapsed=84ms | Status=Completed
2026-04-16 13:49:18 | INF | CONTROLLER_EXEC | Acc= admin | IP=::1 | Path=ADS999002/GetAllRoleList | Message=POST /ADS999002/GetAllRoleList
2026-04-16 13:49:18 | INF | ACTION_TRACE | Acc=admin | Path=/ADS999002/GetAllRoleList | IP=::1 | Start=2026-04-16 13:49:18.245 | Elapsed=35ms | Status=Completed
2026-04-16 13:49:20 | INF | CONTROLLER_EXEC | Acc= admin | IP=::1 | Path=ADS999002/GetPeople | Message=POST /ADS999002/GetPeople
2026-04-16 13:49:20 | INF | ACTION_TRACE | Acc=admin | Path=/ADS999002/GetPeople | IP=::1 | Start=2026-04-16 13:49:20.320 | Elapsed=37ms | Status=Completed
2026-04-16 13:49:27 | INF | ACTION_TRACE | Acc=admin | Path=/AdminPortal/Home/Index | IP=::1 | Start=2026-04-16 13:49:27.329 | Elapsed=26ms | Status=Completed
2026-04-16 13:49:28 | INF | ACTION_TRACE | Acc=admin | Path=/AdminPortal/Home/Index | IP=::1 | Start=2026-04-16 13:49:28.627 | Elapsed=6ms | Status=Completed
2026-04-16 13:49:32 | INF | CONTROLLER_EXEC | Acc= admin | IP=::1 | Path=ADS999002/ADS999002 | Message=GET /ADS999002/ADS999002
2026-04-16 13:49:32 | INF | ACTION_TRACE | Acc=admin | Path=/ADS999002/ADS999002 | IP=::1 | Start=2026-04-16 13:49:32.765 | Elapsed=33ms | Status=Completed
2026-04-16 13:49:32 | INF | CONTROLLER_EXEC | Acc= admin | IP=::1 | Path=ADS999002/GetAllRoleList | Message=POST /ADS999002/GetAllRoleList
2026-04-16 13:49:32 | INF | ACTION_TRACE | Acc=admin | Path=/ADS999002/GetAllRoleList | IP=::1 | Start=2026-04-16 13:49:32.820 | Elapsed=12ms | Status=Completed
2026-04-16 13:49:33 | INF | CONTROLLER_EXEC | Acc= admin | IP=::1 | Path=ADS999002/GetPeople | Message=POST /ADS999002/GetPeople
2026-04-16 13:49:33 | INF | ACTION_TRACE | Acc=admin | Path=/ADS999002/GetPeople | IP=::1 | Start=2026-04-16 13:49:33.952 | Elapsed=8ms | Status=Completed
2026-04-16 13:50:42 | INF | ACTION_TRACE | Acc=admin | Path=/AdminPortal/Home/Index | IP=::1 | Start=2026-04-16 13:50:42.949 | Elapsed=28ms | Status=Completed
2026-04-16 13:51:09 | INF | ACTION_TRACE | Acc=admin | Path=/AdminPortal/Home/Index | IP=::1 | Start=2026-04-16 13:51:09.772 | Elapsed=37ms | Status=Completed
2026-04-16 13:51:13 | INF | CONTROLLER_EXEC | Acc= admin | IP=::1 | Path=ADS999002/ADS999002 | Message=GET /ADS999002/ADS999002
2026-04-16 13:51:13 | INF | ACTION_TRACE | Acc=admin | Path=/ADS999002/ADS999002 | IP=::1 | Start=2026-04-16 13:51:13.239 | Elapsed=36ms | Status=Completed
2026-04-16 13:51:13 | INF | CONTROLLER_EXEC | Acc= admin | IP=::1 | Path=ADS999002/GetAllRoleList | Message=POST /ADS999002/GetAllRoleList
2026-04-16 13:51:13 | INF | ACTION_TRACE | Acc=admin | Path=/ADS999002/GetAllRoleList | IP=::1 | Start=2026-04-16 13:51:13.295 | Elapsed=11ms | Status=Completed
2026-04-16 13:51:14 | INF | CONTROLLER_EXEC | Acc= admin | IP=::1 | Path=ADS999002/GetPeople | Message=POST /ADS999002/GetPeople
2026-04-16 13:51:14 | INF | ACTION_TRACE | Acc=admin | Path=/ADS999002/GetPeople | IP=::1 | Start=2026-04-16 13:51:14.915 | Elapsed=10ms | Status=Completed
2026-04-16 13:51:21 | INF | ACTION_TRACE | Acc=admin | Path=/AdminPortal/Home/Index | IP=::1 | Start=2026-04-16 13:51:21.490 | Elapsed=29ms | Status=Completed
2026-04-16 13:51:24 | INF | CONTROLLER_EXEC | Acc= admin | IP=::1 | Path=ADS999002/ADS999002 | Message=GET /ADS999002/ADS999002
2026-04-16 13:51:25 | INF | ACTION_TRACE | Acc=admin | Path=/ADS999002/ADS999002 | IP=::1 | Start=2026-04-16 13:51:24.978 | Elapsed=34ms | Status=Completed
2026-04-16 13:51:25 | INF | CONTROLLER_EXEC | Acc= admin | IP=::1 | Path=ADS999002/GetAllRoleList | Message=POST /ADS999002/GetAllRoleList
2026-04-16 13:51:25 | INF | ACTION_TRACE | Acc=admin | Path=/ADS999002/GetAllRoleList | IP=::1 | Start=2026-04-16 13:51:25.033 | Elapsed=11ms | Status=Completed
2026-04-16 13:51:26 | INF | CONTROLLER_EXEC | Acc= admin | IP=::1 | Path=ADS999002/GetPeople | Message=POST /ADS999002/GetPeople
2026-04-16 13:51:26 | INF | ACTION_TRACE | Acc=admin | Path=/ADS999002/GetPeople | IP=::1 | Start=2026-04-16 13:51:26.416 | Elapsed=10ms | Status=Completed
2026-04-16 13:51:54 | INF | ACTION_TRACE | Acc=admin | Path=/AdminPortal/Home/Index | IP=::1 | Start=2026-04-16 13:51:54.114 | Elapsed=33ms | Status=Completed
2026-04-16 13:51:57 | INF | ACTION_TRACE | Acc=admin | Path=/ | IP=::1 | Start=2026-04-16 13:51:57.233 | Elapsed=336ms | Status=Completed
2026-04-16 13:51:58 | INF | ACTION_TRACE | Acc=admin | Path=/AdminPortal/Account/Login | IP=::1 | Start=2026-04-16 13:51:58.550 | Elapsed=6ms | Status=Completed
2026-04-16 13:51:58 | INF | ACTION_TRACE | Acc=admin | Path=/Captcha/Generate | IP=::1 | Start=2026-04-16 13:51:58.593 | Elapsed=8ms | Status=Completed
2026-04-16 13:51:58 | INF | ACTION_TRACE | Acc=admin | Path=/DNTCaptchaImage/Show | IP=::1 | Start=2026-04-16 13:51:58.609 | Elapsed=30ms | Status=Completed
2026-04-16 13:52:06 | INF | ACTION_TRACE | Acc=admin | Path=/AdminPortal/Account/Login | IP=::1 | Start=2026-04-16 13:52:05.156 | Elapsed=1314ms | Status=Completed
2026-04-16 13:52:06 | INF | ACTION_TRACE | Acc=admin | Path=/AdminPortal/Home/Index | IP=::1 | Start=2026-04-16 13:52:06.479 | Elapsed=4ms | Status=Completed
2026-04-16 13:52:09 | INF | CONTROLLER_EXEC | Acc= admin | IP=::1 | Path=ADS999002/ADS999002 | Message=GET /ADS999002/ADS999002
2026-04-16 13:52:09 | INF | ACTION_TRACE | Acc=admin | Path=/ADS999002/ADS999002 | IP=::1 | Start=2026-04-16 13:52:09.628 | Elapsed=32ms | Status=Completed
2026-04-16 13:52:09 | INF | CONTROLLER_EXEC | Acc= admin | IP=::1 | Path=ADS999002/GetAllRoleList | Message=POST /ADS999002/GetAllRoleList
2026-04-16 13:52:09 | INF | ACTION_TRACE | Acc=admin | Path=/ADS999002/GetAllRoleList | IP=::1 | Start=2026-04-16 13:52:09.682 | Elapsed=12ms | Status=Completed
2026-04-16 13:52:12 | INF | CONTROLLER_EXEC | Acc= admin | IP=::1 | Path=ADS999002/GetPeople | Message=POST /ADS999002/GetPeople
2026-04-16 13:52:12 | INF | ACTION_TRACE | Acc=admin | Path=/ADS999002/GetPeople | IP=::1 | Start=2026-04-16 13:52:12.831 | Elapsed=10ms | Status=Completed
2026-04-16 13:52:23 | INF | ACTION_TRACE | Acc=admin | Path=/AdminPortal/Home/Index | IP=::1 | Start=2026-04-16 13:52:23.063 | Elapsed=35ms | Status=Completed
2026-04-16 13:52:25 | INF | CONTROLLER_EXEC | Acc= admin | IP=::1 | Path=ADS999002/ADS999002 | Message=GET /ADS999002/ADS999002
2026-04-16 13:52:25 | INF | ACTION_TRACE | Acc=admin | Path=/ADS999002/ADS999002 | IP=::1 | Start=2026-04-16 13:52:25.210 | Elapsed=38ms | Status=Completed
2026-04-16 13:52:25 | INF | CONTROLLER_EXEC | Acc= admin | IP=::1 | Path=ADS999002/GetAllRoleList | Message=POST /ADS999002/GetAllRoleList
2026-04-16 13:52:25 | INF | ACTION_TRACE | Acc=admin | Path=/ADS999002/GetAllRoleList | IP=::1 | Start=2026-04-16 13:52:25.272 | Elapsed=14ms | Status=Completed
2026-04-16 13:52:26 | INF | CONTROLLER_EXEC | Acc= admin | IP=::1 | Path=ADS999002/GetPeople | Message=POST /ADS999002/GetPeople
2026-04-16 13:52:26 | INF | ACTION_TRACE | Acc=admin | Path=/ADS999002/GetPeople | IP=::1 | Start=2026-04-16 13:52:26.485 | Elapsed=7ms | Status=Completed
2026-04-16 13:52:36 | INF | ACTION_TRACE | Acc=admin | Path=/AdminPortal/Home/Index | IP=::1 | Start=2026-04-16 13:52:36.842 | Elapsed=26ms | Status=Completed
2026-04-16 13:52:39 | INF | CONTROLLER_EXEC | Acc= admin | IP=::1 | Path=ADS999002/ADS999002 | Message=GET /ADS999002/ADS999002
2026-04-16 13:52:39 | INF | ACTION_TRACE | Acc=admin | Path=/ADS999002/ADS999002 | IP=::1 | Start=2026-04-16 13:52:39.365 | Elapsed=38ms | Status=Completed
2026-04-16 13:52:39 | INF | CONTROLLER_EXEC | Acc= admin | IP=::1 | Path=ADS999002/GetAllRoleList | Message=POST /ADS999002/GetAllRoleList
2026-04-16 13:52:39 | INF | ACTION_TRACE | Acc=admin | Path=/ADS999002/GetAllRoleList | IP=::1 | Start=2026-04-16 13:52:39.428 | Elapsed=12ms | Status=Completed
2026-04-16 13:52:40 | INF | CONTROLLER_EXEC | Acc= admin | IP=::1 | Path=ADS999002/GetPeople | Message=POST /ADS999002/GetPeople
2026-04-16 13:52:40 | INF | ACTION_TRACE | Acc=admin | Path=/ADS999002/GetPeople | IP=::1 | Start=2026-04-16 13:52:40.602 | Elapsed=8ms | Status=Completed
2026-04-16 13:54:04 | INF | ACTION_TRACE | Acc=admin | Path=/AdminPortal/Home/Index | IP=::1 | Start=2026-04-16 13:54:04.532 | Elapsed=26ms | Status=Completed
2026-04-16 13:54:06 | INF | CONTROLLER_EXEC | Acc= admin | IP=::1 | Path=ADS999002/ADS999002 | Message=GET /ADS999002/ADS999002
2026-04-16 13:54:06 | INF | ACTION_TRACE | Acc=admin | Path=/ADS999002/ADS999002 | IP=::1 | Start=2026-04-16 13:54:06.790 | Elapsed=38ms | Status=Completed
2026-04-16 13:54:06 | INF | CONTROLLER_EXEC | Acc= admin | IP=::1 | Path=ADS999002/GetAllRoleList | Message=POST /ADS999002/GetAllRoleList
2026-04-16 13:54:06 | INF | ACTION_TRACE | Acc=admin | Path=/ADS999002/GetAllRoleList | IP=::1 | Start=2026-04-16 13:54:06.857 | Elapsed=11ms | Status=Completed
2026-04-16 13:54:08 | INF | CONTROLLER_EXEC | Acc= admin | IP=::1 | Path=ADS999002/GetPeople | Message=POST /ADS999002/GetPeople
2026-04-16 13:54:08 | INF | ACTION_TRACE | Acc=admin | Path=/ADS999002/GetPeople | IP=::1 | Start=2026-04-16 13:54:08.260 | Elapsed=10ms | Status=Completed
2026-04-16 13:54:21 | INF | ACTION_TRACE | Acc=admin | Path=/AdminPortal/Home/Index | IP=::1 | Start=2026-04-16 13:54:21.156 | Elapsed=27ms | Status=Completed
2026-04-16 13:54:26 | INF | CONTROLLER_EXEC | Acc= admin | IP=::1 | Path=ADS999002/ADS999002 | Message=GET /ADS999002/ADS999002
2026-04-16 13:54:26 | INF | ACTION_TRACE | Acc=admin | Path=/ADS999002/ADS999002 | IP=::1 | Start=2026-04-16 13:54:26.111 | Elapsed=28ms | Status=Completed
2026-04-16 13:54:26 | INF | CONTROLLER_EXEC | Acc= admin | IP=::1 | Path=ADS999002/GetAllRoleList | Message=POST /ADS999002/GetAllRoleList
2026-04-16 13:54:26 | INF | ACTION_TRACE | Acc=admin | Path=/ADS999002/GetAllRoleList | IP=::1 | Start=2026-04-16 13:54:26.162 | Elapsed=11ms | Status=Completed
2026-04-16 13:54:27 | INF | CONTROLLER_EXEC | Acc= admin | IP=::1 | Path=ADS999002/GetPeople | Message=POST /ADS999002/GetPeople
2026-04-16 13:54:27 | INF | ACTION_TRACE | Acc=admin | Path=/ADS999002/GetPeople | IP=::1 | Start=2026-04-16 13:54:27.506 | Elapsed=10ms | Status=Completed
2026-04-16 13:54:41 | INF | ACTION_TRACE | Acc=admin | Path=/AdminPortal/Home/Index | IP=::1 | Start=2026-04-16 13:54:41.134 | Elapsed=32ms | Status=Completed
2026-04-16 13:54:41 | INF | ACTION_TRACE | Acc=admin | Path=/AdminPortal/Home/Index | IP=::1 | Start=2026-04-16 13:54:41.526 | Elapsed=7ms | Status=Completed
2026-04-16 13:54:43 | INF | ACTION_TRACE | Acc=admin | Path=/ | IP=::1 | Start=2026-04-16 13:54:43.468 | Elapsed=336ms | Status=Completed
2026-04-16 13:54:44 | INF | ACTION_TRACE | Acc=admin | Path=/AdminPortal/Account/Login | IP=::1 | Start=2026-04-16 13:54:44.500 | Elapsed=10ms | Status=Completed
2026-04-16 13:54:44 | INF | ACTION_TRACE | Acc=admin | Path=/Captcha/Generate | IP=::1 | Start=2026-04-16 13:54:44.553 | Elapsed=10ms | Status=Completed
2026-04-16 13:54:44 | INF | ACTION_TRACE | Acc=admin | Path=/DNTCaptchaImage/Show | IP=::1 | Start=2026-04-16 13:54:44.569 | Elapsed=14ms | Status=Completed
2026-04-16 13:54:48 | INF | ACTION_TRACE | Acc=admin | Path=/AdminPortal/Account/Login | IP=::1 | Start=2026-04-16 13:54:47.799 | Elapsed=746ms | Status=Completed
2026-04-16 13:54:48 | INF | ACTION_TRACE | Acc=admin | Path=/AdminPortal/Home/Index | IP=::1 | Start=2026-04-16 13:54:48.551 | Elapsed=4ms | Status=Completed
2026-04-16 13:54:50 | INF | ACTION_TRACE | Acc=admin | Path=/ | IP=::1 | Start=2026-04-16 13:54:49.776 | Elapsed=265ms | Status=Completed
2026-04-16 13:54:50 | INF | ACTION_TRACE | Acc=admin | Path=/AdminPortal/Account/Login | IP=::1 | Start=2026-04-16 13:54:50.856 | Elapsed=0ms | Status=Completed
2026-04-16 13:54:50 | INF | ACTION_TRACE | Acc=admin | Path=/Captcha/Generate | IP=::1 | Start=2026-04-16 13:54:50.907 | Elapsed=1ms | Status=Completed
2026-04-16 13:54:50 | INF | ACTION_TRACE | Acc=admin | Path=/DNTCaptchaImage/Show | IP=::1 | Start=2026-04-16 13:54:50.917 | Elapsed=12ms | Status=Completed
2026-04-16 13:54:55 | INF | ACTION_TRACE | Acc=admin | Path=/AdminPortal/Account/Login | IP=::1 | Start=2026-04-16 13:54:54.573 | Elapsed=1374ms | Status=Completed
2026-04-16 13:54:55 | INF | ACTION_TRACE | Acc=admin | Path=/AdminPortal/Home/Index | IP=::1 | Start=2026-04-16 13:54:55.958 | Elapsed=5ms | Status=Completed
2026-04-16 13:54:59 | INF | CONTROLLER_EXEC | Acc= admin | IP=::1 | Path=ADS999002/ADS999002 | Message=GET /ADS999002/ADS999002
2026-04-16 13:55:00 | INF | ACTION_TRACE | Acc=admin | Path=/ADS999002/ADS999002 | IP=::1 | Start=2026-04-16 13:54:59.965 | Elapsed=35ms | Status=Completed
2026-04-16 13:55:00 | INF | CONTROLLER_EXEC | Acc= admin | IP=::1 | Path=ADS999002/GetAllRoleList | Message=POST /ADS999002/GetAllRoleList
2026-04-16 13:55:00 | INF | ACTION_TRACE | Acc=admin | Path=/ADS999002/GetAllRoleList | IP=::1 | Start=2026-04-16 13:55:00.025 | Elapsed=13ms | Status=Completed
2026-04-16 13:55:01 | INF | CONTROLLER_EXEC | Acc= admin | IP=::1 | Path=ADS999002/GetPeople | Message=POST /ADS999002/GetPeople
2026-04-16 13:55:01 | INF | ACTION_TRACE | Acc=admin | Path=/ADS999002/GetPeople | IP=::1 | Start=2026-04-16 13:55:01.418 | Elapsed=9ms | Status=Completed
2026-04-16 13:56:35 | WRN | No store type was specified for the decimal property 'OveMoney' on entity type 'HROvertime'. This will cause values to be silently truncated if they do not fit in the default precision and scale. Explicitly specify the SQL server column type that can accommodate all the values in 'OnModelCreating' using 'HasColumnType', specify precision and scale using 'HasPrecision', or configure a value converter using 'HasConversion'.
2026-04-16 13:56:35 | WRN | No store type was specified for the decimal property 'Wag1D1Hour' on entity type 'HRWage'. This will cause values to be silently truncated if they do not fit in the default precision and scale. Explicitly specify the SQL server column type that can accommodate all the values in 'OnModelCreating' using 'HasColumnType', specify precision and scale using 'HasPrecision', or configure a value converter using 'HasConversion'.
2026-04-16 13:56:35 | WRN | No store type was specified for the decimal property 'Wag2D1Hour' on entity type 'HRWage'. This will cause values to be silently truncated if they do not fit in the default precision and scale. Explicitly specify the SQL server column type that can accommodate all the values in 'OnModelCreating' using 'HasColumnType', specify precision and scale using 'HasPrecision', or configure a value converter using 'HasConversion'.
2026-04-16 13:56:35 | WRN | No store type was specified for the decimal property 'Wag4D3Hour' on entity type 'HRWage'. This will cause values to be silently truncated if they do not fit in the default precision and scale. Explicitly specify the SQL server column type that can accommodate all the values in 'OnModelCreating' using 'HasColumnType', specify precision and scale using 'HasPrecision', or configure a value converter using 'HasConversion'.
2026-04-16 13:56:35 | WRN | No store type was specified for the decimal property 'Wag5D3Hour' on entity type 'HRWage'. This will cause values to be silently truncated if they do not fit in the default precision and scale. Explicitly specify the SQL server column type that can accommodate all the values in 'OnModelCreating' using 'HasColumnType', specify precision and scale using 'HasPrecision', or configure a value converter using 'HasConversion'.
2026-04-16 13:56:35 | WRN | No store type was specified for the decimal property 'Wag8D3Hour' on entity type 'HRWage'. This will cause values to be silently truncated if they do not fit in the default precision and scale. Explicitly specify the SQL server column type that can accommodate all the values in 'OnModelCreating' using 'HasColumnType', specify precision and scale using 'HasPrecision', or configure a value converter using 'HasConversion'.
2026-04-16 13:56:35 | WRN | No store type was specified for the decimal property 'WagApplyHour' on entity type 'HRWage'. This will cause values to be silently truncated if they do not fit in the default precision and scale. Explicitly specify the SQL server column type that can accommodate all the values in 'OnModelCreating' using 'HasColumnType', specify precision and scale using 'HasPrecision', or configure a value converter using 'HasConversion'.
2026-04-16 13:56:35 | WRN | No store type was specified for the decimal property 'WagIssueHour' on entity type 'HRWage'. This will cause values to be silently truncated if they do not fit in the default precision and scale. Explicitly specify the SQL server column type that can accommodate all the values in 'OnModelCreating' using 'HasColumnType', specify precision and scale using 'HasPrecision', or configure a value converter using 'HasConversion'.
2026-04-16 13:56:35 | WRN | No store type was specified for the decimal property 'WagSubtotal' on entity type 'HRWage'. This will cause values to be silently truncated if they do not fit in the default precision and scale. Explicitly specify the SQL server column type that can accommodate all the values in 'OnModelCreating' using 'HasColumnType', specify precision and scale using 'HasPrecision', or configure a value converter using 'HasConversion'.
2026-04-16 13:56:40 | WRN | The query uses the 'First'/'FirstOrDefault' operator without 'OrderBy' and filter operators. This may lead to unpredictable results.
2026-04-16 13:56:41 | INF | ACTION_TRACE | Acc=admin | Path=/ | IP=::1 | Start=2026-04-16 13:56:34.550 | Elapsed=6945ms | Status=Completed
2026-04-16 13:56:41 | INF | NETWORK_UNSTABLE | Acc=admin | Path=/ | Reason=SlowRequest 6945ms
2026-04-16 13:56:41 | INF | ACTION_TRACE | Acc=admin | Path=/Captcha/Generate | IP=::1 | Start=2026-04-16 13:56:41.650 | Elapsed=36ms | Status=Completed
2026-04-16 13:56:41 | INF | ACTION_TRACE | Acc=admin | Path=/DNTCaptchaImage/Show | IP=::1 | Start=2026-04-16 13:56:41.708 | Elapsed=98ms | Status=Completed
2026-04-16 13:56:52 | INF | ACTION_TRACE | Acc=admin | Path=/Account/Login | IP=::1 | Start=2026-04-16 13:56:46.788 | Elapsed=6204ms | Status=Completed
2026-04-16 13:56:52 | INF | NETWORK_UNSTABLE | Acc=admin | Path=/Account/Login | Reason=SlowRequest 6204ms
2026-04-16 13:56:53 | INF | ACTION_TRACE | Acc=admin | Path=/Home/Index | IP=::1 | Start=2026-04-16 13:56:53.007 | Elapsed=233ms | Status=Completed
2026-04-16 13:56:53 | INF | ACTION_TRACE | Acc=admin | Path=/ | IP=::1 | Start=2026-04-16 13:56:53.305 | Elapsed=268ms | Status=Completed
2026-04-16 13:56:53 | INF | ACTION_TRACE | Acc=admin | Path=/Captcha/Generate | IP=::1 | Start=2026-04-16 13:56:53.627 | Elapsed=2ms | Status=Completed
2026-04-16 13:56:53 | INF | ACTION_TRACE | Acc=admin | Path=/DNTCaptchaImage/Show | IP=::1 | Start=2026-04-16 13:56:53.639 | Elapsed=15ms | Status=Completed
2026-04-16 13:56:56 | INF | ACTION_TRACE | Acc=admin | Path=/AdminPortal/Account/Login | IP=::1 | Start=2026-04-16 13:56:56.034 | Elapsed=22ms | Status=Completed
2026-04-16 13:56:56 | INF | ACTION_TRACE | Acc=admin | Path=/Captcha/Generate | IP=::1 | Start=2026-04-16 13:56:56.117 | Elapsed=1ms | Status=Completed
2026-04-16 13:56:56 | INF | ACTION_TRACE | Acc=admin | Path=/DNTCaptchaImage/Show | IP=::1 | Start=2026-04-16 13:56:56.125 | Elapsed=14ms | Status=Completed
2026-04-16 13:57:02 | INF | ACTION_TRACE | Acc=admin | Path=/AdminPortal/Account/Login | IP=::1 | Start=2026-04-16 13:57:00.873 | Elapsed=1168ms | Status=Completed
2026-04-16 13:57:02 | INF | ACTION_TRACE | Acc=admin | Path=/AdminPortal/Home/Index | IP=::1 | Start=2026-04-16 13:57:02.050 | Elapsed=78ms | Status=Completed
2026-04-16 13:57:05 | INF | ACTION_TRACE | Acc=admin | Path=/ | IP=::1 | Start=2026-04-16 13:57:05.651 | Elapsed=207ms | Status=Completed
2026-04-16 13:57:06 | INF | ACTION_TRACE | Acc=admin | Path=/AdminPortal/Account/Login | IP=::1 | Start=2026-04-16 13:57:06.981 | Elapsed=1ms | Status=Completed
2026-04-16 13:57:07 | INF | ACTION_TRACE | Acc=admin | Path=/Captcha/Generate | IP=::1 | Start=2026-04-16 13:57:07.022 | Elapsed=1ms | Status=Completed
2026-04-16 13:57:07 | INF | ACTION_TRACE | Acc=admin | Path=/DNTCaptchaImage/Show | IP=::1 | Start=2026-04-16 13:57:07.033 | Elapsed=29ms | Status=Completed
2026-04-16 13:57:11 | INF | ACTION_TRACE | Acc=admin | Path=/AdminPortal/Account/Login | IP=::1 | Start=2026-04-16 13:57:10.340 | Elapsed=1309ms | Status=Completed
2026-04-16 13:57:11 | INF | ACTION_TRACE | Acc=admin | Path=/AdminPortal/Home/Index | IP=::1 | Start=2026-04-16 13:57:11.662 | Elapsed=6ms | Status=Completed
2026-04-16 13:57:14 | INF | CONTROLLER_EXEC | Acc= admin | IP=::1 | Path=ADS999002/ADS999002 | Message=GET /ADS999002/ADS999002
2026-04-16 13:57:14 | INF | ACTION_TRACE | Acc=admin | Path=/ADS999002/ADS999002 | IP=::1 | Start=2026-04-16 13:57:14.785 | Elapsed=82ms | Status=Completed
2026-04-16 13:57:14 | INF | CONTROLLER_EXEC | Acc= admin | IP=::1 | Path=ADS999002/GetAllRoleList | Message=POST /ADS999002/GetAllRoleList
2026-04-16 13:57:14 | INF | ACTION_TRACE | Acc=admin | Path=/ADS999002/GetAllRoleList | IP=::1 | Start=2026-04-16 13:57:14.904 | Elapsed=33ms | Status=Completed
2026-04-16 13:57:16 | INF | CONTROLLER_EXEC | Acc= admin | IP=::1 | Path=ADS999002/GetPeople | Message=POST /ADS999002/GetPeople
2026-04-16 13:57:16 | INF | ACTION_TRACE | Acc=admin | Path=/ADS999002/GetPeople | IP=::1 | Start=2026-04-16 13:57:16.302 | Elapsed=27ms | Status=Completed
2026-04-16 13:58:36 | WRN | No store type was specified for the decimal property 'OveMoney' on entity type 'HROvertime'. This will cause values to be silently truncated if they do not fit in the default precision and scale. Explicitly specify the SQL server column type that can accommodate all the values in 'OnModelCreating' using 'HasColumnType', specify precision and scale using 'HasPrecision', or configure a value converter using 'HasConversion'.
2026-04-16 13:58:36 | WRN | No store type was specified for the decimal property 'Wag1D1Hour' on entity type 'HRWage'. This will cause values to be silently truncated if they do not fit in the default precision and scale. Explicitly specify the SQL server column type that can accommodate all the values in 'OnModelCreating' using 'HasColumnType', specify precision and scale using 'HasPrecision', or configure a value converter using 'HasConversion'.
2026-04-16 13:58:36 | WRN | No store type was specified for the decimal property 'Wag2D1Hour' on entity type 'HRWage'. This will cause values to be silently truncated if they do not fit in the default precision and scale. Explicitly specify the SQL server column type that can accommodate all the values in 'OnModelCreating' using 'HasColumnType', specify precision and scale using 'HasPrecision', or configure a value converter using 'HasConversion'.
2026-04-16 13:58:36 | WRN | No store type was specified for the decimal property 'Wag4D3Hour' on entity type 'HRWage'. This will cause values to be silently truncated if they do not fit in the default precision and scale. Explicitly specify the SQL server column type that can accommodate all the values in 'OnModelCreating' using 'HasColumnType', specify precision and scale using 'HasPrecision', or configure a value converter using 'HasConversion'.
2026-04-16 13:58:36 | WRN | No store type was specified for the decimal property 'Wag5D3Hour' on entity type 'HRWage'. This will cause values to be silently truncated if they do not fit in the default precision and scale. Explicitly specify the SQL server column type that can accommodate all the values in 'OnModelCreating' using 'HasColumnType', specify precision and scale using 'HasPrecision', or configure a value converter using 'HasConversion'.
2026-04-16 13:58:36 | WRN | No store type was specified for the decimal property 'Wag8D3Hour' on entity type 'HRWage'. This will cause values to be silently truncated if they do not fit in the default precision and scale. Explicitly specify the SQL server column type that can accommodate all the values in 'OnModelCreating' using 'HasColumnType', specify precision and scale using 'HasPrecision', or configure a value converter using 'HasConversion'.
2026-04-16 13:58:36 | WRN | No store type was specified for the decimal property 'WagApplyHour' on entity type 'HRWage'. This will cause values to be silently truncated if they do not fit in the default precision and scale. Explicitly specify the SQL server column type that can accommodate all the values in 'OnModelCreating' using 'HasColumnType', specify precision and scale using 'HasPrecision', or configure a value converter using 'HasConversion'.
2026-04-16 13:58:36 | WRN | No store type was specified for the decimal property 'WagIssueHour' on entity type 'HRWage'. This will cause values to be silently truncated if they do not fit in the default precision and scale. Explicitly specify the SQL server column type that can accommodate all the values in 'OnModelCreating' using 'HasColumnType', specify precision and scale using 'HasPrecision', or configure a value converter using 'HasConversion'.
2026-04-16 13:58:36 | WRN | No store type was specified for the decimal property 'WagSubtotal' on entity type 'HRWage'. This will cause values to be silently truncated if they do not fit in the default precision and scale. Explicitly specify the SQL server column type that can accommodate all the values in 'OnModelCreating' using 'HasColumnType', specify precision and scale using 'HasPrecision', or configure a value converter using 'HasConversion'.
2026-04-16 13:58:41 | WRN | The query uses the 'First'/'FirstOrDefault' operator without 'OrderBy' and filter operators. This may lead to unpredictable results.
2026-04-16 13:58:42 | INF | ACTION_TRACE | Acc=admin | Path=/ | IP=::1 | Start=2026-04-16 13:58:35.718 | Elapsed=6748ms | Status=Completed
2026-04-16 13:58:42 | INF | NETWORK_UNSTABLE | Acc=admin | Path=/ | Reason=SlowRequest 6748ms
2026-04-16 13:58:42 | INF | ACTION_TRACE | Acc=admin | Path=/Captcha/Generate | IP=::1 | Start=2026-04-16 13:58:42.620 | Elapsed=35ms | Status=Completed
2026-04-16 13:58:42 | INF | ACTION_TRACE | Acc=admin | Path=/DNTCaptchaImage/Show | IP=::1 | Start=2026-04-16 13:58:42.669 | Elapsed=104ms | Status=Completed
2026-04-16 14:00:10 | INF | ACTION_TRACE | Acc=admin | Path=/AdminPortal/Account/Login | IP=::1 | Start=2026-04-16 14:00:10.620 | Elapsed=102ms | Status=Completed
2026-04-16 14:00:10 | INF | ACTION_TRACE | Acc=admin | Path=/Captcha/Generate | IP=::1 | Start=2026-04-16 14:00:10.855 | Elapsed=4ms | Status=Completed
2026-04-16 14:00:10 | INF | ACTION_TRACE | Acc=admin | Path=/DNTCaptchaImage/Show | IP=::1 | Start=2026-04-16 14:00:10.867 | Elapsed=16ms | Status=Completed
2026-04-16 14:00:30 | INF | ACTION_TRACE | Acc=admin | Path=/AdminPortal/Account/Login | IP=::1 | Start=2026-04-16 14:00:23.862 | Elapsed=6740ms | Status=Completed
2026-04-16 14:00:30 | INF | NETWORK_UNSTABLE | Acc=admin | Path=/AdminPortal/Account/Login | Reason=SlowRequest 6740ms
2026-04-16 14:00:30 | INF | ACTION_TRACE | Acc=admin | Path=/AdminPortal/Home/Index | IP=::1 | Start=2026-04-16 14:00:30.615 | Elapsed=121ms | Status=Completed
2026-04-16 14:00:34 | INF | CONTROLLER_EXEC | Acc= admin | IP=::1 | Path=ADS999002/ADS999002 | Message=GET /ADS999002/ADS999002
2026-04-16 14:00:34 | INF | ACTION_TRACE | Acc=admin | Path=/ADS999002/ADS999002 | IP=::1 | Start=2026-04-16 14:00:34.281 | Elapsed=90ms | Status=Completed
2026-04-16 14:00:34 | INF | CONTROLLER_EXEC | Acc= admin | IP=::1 | Path=ADS999002/GetAllRoleList | Message=POST /ADS999002/GetAllRoleList
2026-04-16 14:00:34 | INF | ACTION_TRACE | Acc=admin | Path=/ADS999002/GetAllRoleList | IP=::1 | Start=2026-04-16 14:00:34.416 | Elapsed=39ms | Status=Completed
2026-04-16 14:00:36 | INF | CONTROLLER_EXEC | Acc= admin | IP=::1 | Path=ADS999002/GetPeople | Message=POST /ADS999002/GetPeople
2026-04-16 14:00:36 | INF | ACTION_TRACE | Acc=admin | Path=/ADS999002/GetPeople | IP=::1 | Start=2026-04-16 14:00:36.095 | Elapsed=36ms | Status=Completed
2026-04-16 14:00:45 | INF | CONTROLLER_EXEC | Acc= admin | IP=::1 | Path=ADS999002/GetPermission | Message=POST /ADS999002/GetPermission
2026-04-16 14:00:45 | INF | ACTION_TRACE | Acc=admin | Path=/ADS999002/GetPermission | IP=::1 | Start=2026-04-16 14:00:45.426 | Elapsed=29ms | Status=Completed
2026-04-16 14:00:46 | ERR | An exception occurred while iterating over the results of a query for context type 'EHRIS.Core.DbContext.ApplicationDbContext'.
System.InvalidOperationException: The configured execution strategy 'SqlServerRetryingExecutionStrategy' does not support user-initiated transactions. Use the execution strategy returned by 'DbContext.Database.CreateExecutionStrategy()' to execute all the operations in the transaction as a retriable unit.
   at Microsoft.EntityFrameworkCore.Storage.ExecutionStrategy.OnFirstExecution()
   at Microsoft.EntityFrameworkCore.Storage.ExecutionStrategy.ExecuteAsync[TState,TResult](TState state, Func`4 operation, Func`4 verifySucceeded, CancellationToken cancellationToken)
   at Microsoft.EntityFrameworkCore.Query.Internal.SingleQueryingEnumerable`1.AsyncEnumerator.MoveNextAsync()
2026-04-16 14:00:46 | INF | CONTROLLER_EXEC | Acc= admin | IP=::1 | Path=ADS999002/UpdatePermission | Message=POST /ADS999002/UpdatePermission
2026-04-16 14:00:46 | INF | ACTION_TRACE | Acc=admin | Path=/ADS999002/UpdatePermission | IP=::1 | Start=2026-04-16 14:00:46.737 | Elapsed=183ms | Status=Completed
2026-04-16 14:00:47 | ERR | An exception occurred while iterating over the results of a query for context type 'EHRIS.Core.DbContext.ApplicationDbContext'.
System.InvalidOperationException: The configured execution strategy 'SqlServerRetryingExecutionStrategy' does not support user-initiated transactions. Use the execution strategy returned by 'DbContext.Database.CreateExecutionStrategy()' to execute all the operations in the transaction as a retriable unit.
   at Microsoft.EntityFrameworkCore.Storage.ExecutionStrategy.OnFirstExecution()
   at Microsoft.EntityFrameworkCore.Storage.ExecutionStrategy.ExecuteAsync[TState,TResult](TState state, Func`4 operation, Func`4 verifySucceeded, CancellationToken cancellationToken)
   at Microsoft.EntityFrameworkCore.Query.Internal.SingleQueryingEnumerable`1.AsyncEnumerator.MoveNextAsync()
2026-04-16 14:00:47 | INF | CONTROLLER_EXEC | Acc= admin | IP=::1 | Path=ADS999002/UpdatePermission | Message=POST /ADS999002/UpdatePermission
2026-04-16 14:00:47 | INF | ACTION_TRACE | Acc=admin | Path=/ADS999002/UpdatePermission | IP=::1 | Start=2026-04-16 14:00:47.592 | Elapsed=30ms | Status=Completed
2026-04-16 14:00:49 | INF | CONTROLLER_EXEC | Acc= admin | IP=::1 | Path=ADS999002/GetRoleByNo | Message=GET /ADS999002/GetRoleByNo
2026-04-16 14:00:49 | INF | ACTION_TRACE | Acc=admin | Path=/ADS999002/GetRoleByNo | IP=::1 | Start=2026-04-16 14:00:49.715 | Elapsed=20ms | Status=Completed
2026-04-16 14:00:51 | INF | CONTROLLER_EXEC | Acc= admin | IP=::1 | Path=ADS999002/UpdateRole | Message=POST /ADS999002/UpdateRole
2026-04-16 14:00:51 | INF | ACTION_TRACE | Acc=admin | Path=/ADS999002/UpdateRole | IP=::1 | Start=2026-04-16 14:00:51.134 | Elapsed=97ms | Status=Completed
2026-04-16 14:21:51 | WRN | No store type was specified for the decimal property 'OveMoney' on entity type 'HROvertime'. This will cause values to be silently truncated if they do not fit in the default precision and scale. Explicitly specify the SQL server column type that can accommodate all the values in 'OnModelCreating' using 'HasColumnType', specify precision and scale using 'HasPrecision', or configure a value converter using 'HasConversion'.
2026-04-16 14:21:51 | WRN | No store type was specified for the decimal property 'Wag1D1Hour' on entity type 'HRWage'. This will cause values to be silently truncated if they do not fit in the default precision and scale. Explicitly specify the SQL server column type that can accommodate all the values in 'OnModelCreating' using 'HasColumnType', specify precision and scale using 'HasPrecision', or configure a value converter using 'HasConversion'.
2026-04-16 14:21:51 | WRN | No store type was specified for the decimal property 'Wag2D1Hour' on entity type 'HRWage'. This will cause values to be silently truncated if they do not fit in the default precision and scale. Explicitly specify the SQL server column type that can accommodate all the values in 'OnModelCreating' using 'HasColumnType', specify precision and scale using 'HasPrecision', or configure a value converter using 'HasConversion'.
2026-04-16 14:21:51 | WRN | No store type was specified for the decimal property 'Wag4D3Hour' on entity type 'HRWage'. This will cause values to be silently truncated if they do not fit in the default precision and scale. Explicitly specify the SQL server column type that can accommodate all the values in 'OnModelCreating' using 'HasColumnType', specify precision and scale using 'HasPrecision', or configure a value converter using 'HasConversion'.
2026-04-16 14:21:51 | WRN | No store type was specified for the decimal property 'Wag5D3Hour' on entity type 'HRWage'. This will cause values to be silently truncated if they do not fit in the default precision and scale. Explicitly specify the SQL server column type that can accommodate all the values in 'OnModelCreating' using 'HasColumnType', specify precision and scale using 'HasPrecision', or configure a value converter using 'HasConversion'.
2026-04-16 14:21:51 | WRN | No store type was specified for the decimal property 'Wag8D3Hour' on entity type 'HRWage'. This will cause values to be silently truncated if they do not fit in the default precision and scale. Explicitly specify the SQL server column type that can accommodate all the values in 'OnModelCreating' using 'HasColumnType', specify precision and scale using 'HasPrecision', or configure a value converter using 'HasConversion'.
2026-04-16 14:21:51 | WRN | No store type was specified for the decimal property 'WagApplyHour' on entity type 'HRWage'. This will cause values to be silently truncated if they do not fit in the default precision and scale. Explicitly specify the SQL server column type that can accommodate all the values in 'OnModelCreating' using 'HasColumnType', specify precision and scale using 'HasPrecision', or configure a value converter using 'HasConversion'.
2026-04-16 14:21:51 | WRN | No store type was specified for the decimal property 'WagIssueHour' on entity type 'HRWage'. This will cause values to be silently truncated if they do not fit in the default precision and scale. Explicitly specify the SQL server column type that can accommodate all the values in 'OnModelCreating' using 'HasColumnType', specify precision and scale using 'HasPrecision', or configure a value converter using 'HasConversion'.
2026-04-16 14:21:51 | WRN | No store type was specified for the decimal property 'WagSubtotal' on entity type 'HRWage'. This will cause values to be silently truncated if they do not fit in the default precision and scale. Explicitly specify the SQL server column type that can accommodate all the values in 'OnModelCreating' using 'HasColumnType', specify precision and scale using 'HasPrecision', or configure a value converter using 'HasConversion'.
2026-04-16 14:21:56 | WRN | The query uses the 'First'/'FirstOrDefault' operator without 'OrderBy' and filter operators. This may lead to unpredictable results.
2026-04-16 14:21:57 | INF | ACTION_TRACE | Acc=admin | Path=/ | IP=::1 | Start=2026-04-16 14:21:50.797 | Elapsed=6967ms | Status=Completed
2026-04-16 14:21:57 | INF | NETWORK_UNSTABLE | Acc=admin | Path=/ | Reason=SlowRequest 6967ms
2026-04-16 14:21:57 | INF | ACTION_TRACE | Acc=admin | Path=/Captcha/Generate | IP=::1 | Start=2026-04-16 14:21:57.928 | Elapsed=42ms | Status=Completed
2026-04-16 14:21:58 | INF | ACTION_TRACE | Acc=admin | Path=/DNTCaptchaImage/Show | IP=::1 | Start=2026-04-16 14:21:57.989 | Elapsed=132ms | Status=Completed
2026-04-16 14:25:45 | INF | ACTION_TRACE | Acc=admin | Path=/AdminPortal/Account/Login | IP=::1 | Start=2026-04-16 14:25:45.125 | Elapsed=124ms | Status=Completed
2026-04-16 14:25:45 | INF | ACTION_TRACE | Acc=admin | Path=/Captcha/Generate | IP=::1 | Start=2026-04-16 14:25:45.367 | Elapsed=4ms | Status=Completed
2026-04-16 14:25:45 | INF | ACTION_TRACE | Acc=admin | Path=/DNTCaptchaImage/Show | IP=::1 | Start=2026-04-16 14:25:45.382 | Elapsed=14ms | Status=Completed
2026-04-16 14:26:00 | INF | ACTION_TRACE | Acc=admin | Path=/AdminPortal/Account/Login | IP=::1 | Start=2026-04-16 14:25:54.265 | Elapsed=6406ms | Status=Completed
2026-04-16 14:26:00 | INF | NETWORK_UNSTABLE | Acc=admin | Path=/AdminPortal/Account/Login | Reason=SlowRequest 6406ms
2026-04-16 14:26:00 | INF | ACTION_TRACE | Acc=admin | Path=/AdminPortal/Home/Index | IP=::1 | Start=2026-04-16 14:26:00.685 | Elapsed=124ms | Status=Completed
2026-04-16 14:26:08 | INF | CONTROLLER_EXEC | Acc= admin | IP=::1 | Path=ADS999002/ADS999002 | Message=GET /ADS999002/ADS999002
2026-04-16 14:26:08 | INF | ACTION_TRACE | Acc=admin | Path=/ADS999002/ADS999002 | IP=::1 | Start=2026-04-16 14:26:08.809 | Elapsed=122ms | Status=Completed
2026-04-16 14:26:09 | INF | CONTROLLER_EXEC | Acc= admin | IP=::1 | Path=ADS999002/GetAllRoleList | Message=POST /ADS999002/GetAllRoleList
2026-04-16 14:26:09 | INF | ACTION_TRACE | Acc=admin | Path=/ADS999002/GetAllRoleList | IP=::1 | Start=2026-04-16 14:26:08.976 | Elapsed=44ms | Status=Completed
2026-04-16 14:26:10 | INF | CONTROLLER_EXEC | Acc= admin | IP=::1 | Path=ADS999002/GetPeople | Message=POST /ADS999002/GetPeople
2026-04-16 14:26:10 | INF | ACTION_TRACE | Acc=admin | Path=/ADS999002/GetPeople | IP=::1 | Start=2026-04-16 14:26:10.470 | Elapsed=37ms | Status=Completed
2026-04-16 14:26:14 | INF | ACTION_TRACE | Acc=admin | Path=/.well-known/appspecific/com.chrome.devtools.json | IP=::1 | Start=2026-04-16 14:26:14.320 | Elapsed=0ms | Status=Completed
2026-04-16 14:26:14 | INF | ACTION_TRACE | Acc=admin | Path=/sm/6cf3a2be173716d0e4726c68ef6634f00cefa4e7428560c2debae6f24389d3c1.map | IP=::1 | Start=2026-04-16 14:26:14.420 | Elapsed=0ms | Status=Completed
2026-04-16 14:26:15 | INF | ACTION_TRACE | Acc=admin | Path=/AdminPortal/Home/Index | IP=::1 | Start=2026-04-16 14:26:15.230 | Elapsed=13ms | Status=Completed
2026-04-16 14:26:15 | INF | ACTION_TRACE | Acc=admin | Path=/.well-known/appspecific/com.chrome.devtools.json | IP=::1 | Start=2026-04-16 14:26:15.289 | Elapsed=0ms | Status=Completed
2026-04-16 14:26:18 | INF | CONTROLLER_EXEC | Acc= admin | IP=::1 | Path=ADS999002/ADS999002 | Message=GET /ADS999002/ADS999002
2026-04-16 14:26:18 | INF | ACTION_TRACE | Acc=admin | Path=/ADS999002/ADS999002 | IP=::1 | Start=2026-04-16 14:26:18.395 | Elapsed=6ms | Status=Completed
2026-04-16 14:26:18 | INF | ACTION_TRACE | Acc=admin | Path=/sm/6cf3a2be173716d0e4726c68ef6634f00cefa4e7428560c2debae6f24389d3c1.map | IP=::1 | Start=2026-04-16 14:26:18.473 | Elapsed=0ms | Status=Completed
2026-04-16 14:26:18 | INF | CONTROLLER_EXEC | Acc= admin | IP=::1 | Path=ADS999002/GetAllRoleList | Message=POST /ADS999002/GetAllRoleList
2026-04-16 14:26:18 | INF | ACTION_TRACE | Acc=admin | Path=/ADS999002/GetAllRoleList | IP=::1 | Start=2026-04-16 14:26:18.558 | Elapsed=3ms | Status=Completed
2026-04-16 14:26:19 | INF | CONTROLLER_EXEC | Acc= admin | IP=::1 | Path=ADS999002/GetPeople | Message=POST /ADS999002/GetPeople
2026-04-16 14:26:19 | INF | ACTION_TRACE | Acc=admin | Path=/ADS999002/GetPeople | IP=::1 | Start=2026-04-16 14:26:19.530 | Elapsed=4ms | Status=Completed
2026-04-16 14:26:21 | INF | CONTROLLER_EXEC | Acc= admin | IP=::1 | Path=ADS999002/GetPermission | Message=POST /ADS999002/GetPermission
2026-04-16 14:26:21 | INF | ACTION_TRACE | Acc=admin | Path=/ADS999002/GetPermission | IP=::1 | Start=2026-04-16 14:26:21.665 | Elapsed=36ms | Status=Completed
2026-04-16 14:26:25 | INF | CONTROLLER_EXEC | Acc= admin | IP=::1 | Path=ADS999002/GetRoleByNo | Message=GET /ADS999002/GetRoleByNo
2026-04-16 14:26:25 | INF | ACTION_TRACE | Acc=admin | Path=/ADS999002/GetRoleByNo | IP=::1 | Start=2026-04-16 14:26:25.396 | Elapsed=22ms | Status=Completed
2026-04-16 14:26:26 | INF | CONTROLLER_EXEC | Acc= admin | IP=::1 | Path=ADS999002/UpdateRole | Message=POST /ADS999002/UpdateRole
2026-04-16 14:26:26 | INF | ACTION_TRACE | Acc=admin | Path=/ADS999002/UpdateRole | IP=::1 | Start=2026-04-16 14:26:26.722 | Elapsed=78ms | Status=Completed
2026-04-16 14:26:26 | INF | CONTROLLER_EXEC | Acc= admin | IP=::1 | Path=ADS999002/GetAllRoleList | Message=POST /ADS999002/GetAllRoleList
2026-04-16 14:26:26 | INF | ACTION_TRACE | Acc=admin | Path=/ADS999002/GetAllRoleList | IP=::1 | Start=2026-04-16 14:26:26.807 | Elapsed=2ms | Status=Completed
2026-04-16 14:26:29 | INF | CONTROLLER_EXEC | Acc= admin | IP=::1 | Path=ADS999002/GetRoleByNo | Message=GET /ADS999002/GetRoleByNo
2026-04-16 14:26:29 | INF | ACTION_TRACE | Acc=admin | Path=/ADS999002/GetRoleByNo | IP=::1 | Start=2026-04-16 14:26:29.310 | Elapsed=2ms | Status=Completed
2026-04-16 14:26:37 | INF | CONTROLLER_EXEC | Acc= admin | IP=::1 | Path=ADS999002/UpdateRole | Message=POST /ADS999002/UpdateRole
2026-04-16 14:26:37 | INF | ACTION_TRACE | Acc=admin | Path=/ADS999002/UpdateRole | IP=::1 | Start=2026-04-16 14:26:37.365 | Elapsed=506ms | Status=Completed
2026-04-16 14:26:37 | INF | CONTROLLER_EXEC | Acc= admin | IP=::1 | Path=ADS999002/GetAllRoleList | Message=POST /ADS999002/GetAllRoleList
2026-04-16 14:26:37 | INF | ACTION_TRACE | Acc=admin | Path=/ADS999002/GetAllRoleList | IP=::1 | Start=2026-04-16 14:26:37.881 | Elapsed=4ms | Status=Completed
2026-04-16 14:26:40 | INF | CONTROLLER_EXEC | Acc= admin | IP=::1 | Path=ADS999002/GetRoleByNo | Message=GET /ADS999002/GetRoleByNo
2026-04-16 14:26:40 | INF | ACTION_TRACE | Acc=admin | Path=/ADS999002/GetRoleByNo | IP=::1 | Start=2026-04-16 14:26:40.071 | Elapsed=2ms | Status=Completed
2026-04-16 14:26:41 | INF | CONTROLLER_EXEC | Acc= admin | IP=::1 | Path=ADS999002/UpdateRole | Message=POST /ADS999002/UpdateRole
2026-04-16 14:26:41 | INF | ACTION_TRACE | Acc=admin | Path=/ADS999002/UpdateRole | IP=::1 | Start=2026-04-16 14:26:41.770 | Elapsed=17ms | Status=Completed
2026-04-16 14:26:41 | INF | CONTROLLER_EXEC | Acc= admin | IP=::1 | Path=ADS999002/GetAllRoleList | Message=POST /ADS999002/GetAllRoleList
2026-04-16 14:26:41 | INF | ACTION_TRACE | Acc=admin | Path=/ADS999002/GetAllRoleList | IP=::1 | Start=2026-04-16 14:26:41.793 | Elapsed=2ms | Status=Completed
2026-04-16 14:26:45 | INF | CONTROLLER_EXEC | Acc= admin | IP=::1 | Path=ADS999002/GetPermission | Message=POST /ADS999002/GetPermission
2026-04-16 14:26:45 | INF | ACTION_TRACE | Acc=admin | Path=/ADS999002/GetPermission | IP=::1 | Start=2026-04-16 14:26:45.180 | Elapsed=3ms | Status=Completed
2026-04-16 14:26:50 | INF | CONTROLLER_EXEC | Acc= admin | IP=::1 | Path=ADS999002/GetPermission | Message=POST /ADS999002/GetPermission
2026-04-16 14:26:50 | INF | ACTION_TRACE | Acc=admin | Path=/ADS999002/GetPermission | IP=::1 | Start=2026-04-16 14:26:50.989 | Elapsed=2ms | Status=Completed
2026-04-16 14:26:53 | INF | CONTROLLER_EXEC | Acc= admin | IP=::1 | Path=ADS999002/GetRoleByNo | Message=GET /ADS999002/GetRoleByNo
2026-04-16 14:26:53 | INF | ACTION_TRACE | Acc=admin | Path=/ADS999002/GetRoleByNo | IP=::1 | Start=2026-04-16 14:26:53.517 | Elapsed=2ms | Status=Completed
2026-04-16 14:26:54 | INF | CONTROLLER_EXEC | Acc= admin | IP=::1 | Path=ADS999002/UpdateRole | Message=POST /ADS999002/UpdateRole
2026-04-16 14:26:54 | INF | ACTION_TRACE | Acc=admin | Path=/ADS999002/UpdateRole | IP=::1 | Start=2026-04-16 14:26:54.444 | Elapsed=5ms | Status=Completed
2026-04-16 14:26:54 | INF | CONTROLLER_EXEC | Acc= admin | IP=::1 | Path=ADS999002/GetAllRoleList | Message=POST /ADS999002/GetAllRoleList
2026-04-16 14:26:54 | INF | ACTION_TRACE | Acc=admin | Path=/ADS999002/GetAllRoleList | IP=::1 | Start=2026-04-16 14:26:54.455 | Elapsed=3ms | Status=Completed
2026-04-16 14:27:12 | INF | ACTION_TRACE | Acc=admin | Path=/AdminPortal/Home/Index | IP=::1 | Start=2026-04-16 14:27:12.103 | Elapsed=8ms | Status=Completed
2026-04-16 14:27:14 | INF | ACTION_TRACE | Acc=admin | Path=/AdminPortal/Account/Login | IP=::1 | Start=2026-04-16 14:27:14.633 | Elapsed=2ms | Status=Completed
2026-04-16 14:27:14 | INF | ACTION_TRACE | Acc=admin | Path=/Captcha/Generate | IP=::1 | Start=2026-04-16 14:27:14.691 | Elapsed=1ms | Status=Completed
2026-04-16 14:27:14 | INF | ACTION_TRACE | Acc=admin | Path=/DNTCaptchaImage/Show | IP=::1 | Start=2026-04-16 14:27:14.709 | Elapsed=12ms | Status=Completed
2026-04-16 14:27:16 | INF | ACTION_TRACE | Acc=admin | Path=/ | IP=::1 | Start=2026-04-16 14:27:16.009 | Elapsed=513ms | Status=Completed
2026-04-16 14:27:16 | INF | ACTION_TRACE | Acc=admin | Path=/Captcha/Generate | IP=::1 | Start=2026-04-16 14:27:16.627 | Elapsed=1ms | Status=Completed
2026-04-16 14:27:16 | INF | ACTION_TRACE | Acc=admin | Path=/DNTCaptchaImage/Show | IP=::1 | Start=2026-04-16 14:27:16.642 | Elapsed=29ms | Status=Completed
2026-04-16 14:27:20 | INF | ACTION_TRACE | Acc=admin | Path=/Account/Login | IP=::1 | Start=2026-04-16 14:27:19.805 | Elapsed=997ms | Status=Completed
2026-04-16 14:27:21 | INF | ACTION_TRACE | Acc=admin | Path=/Home/Index | IP=::1 | Start=2026-04-16 14:27:20.810 | Elapsed=311ms | Status=Completed
2026-04-16 14:27:23 | INF | ACTION_TRACE | Acc=admin | Path=/Home/GetMenu | IP=::1 | Start=2026-04-16 14:27:23.080 | Elapsed=12ms | Status=Completed
2026-04-16 14:27:25 | INF | CONTROLLER_EXEC | Acc= admin | IP=::1 | Path=SYS201002/SYS201002 | Message=GET /SYS201002/SYS201002
2026-04-16 14:27:25 | INF | ACTION_TRACE | Acc=admin | Path=/SYS201002/SYS201002 | IP=::1 | Start=2026-04-16 14:27:24.834 | Elapsed=228ms | Status=Completed
2026-04-16 14:27:25 | INF | CONTROLLER_EXEC | Acc= admin | IP=::1 | Path=SYS201002/GetAllRoleList | Message=POST /SYS201002/GetAllRoleList
2026-04-16 14:27:25 | INF | ACTION_TRACE | Acc=admin | Path=/SYS201002/GetAllRoleList | IP=::1 | Start=2026-04-16 14:27:25.123 | Elapsed=176ms | Status=Completed
2026-04-16 14:41:28 | WRN | No store type was specified for the decimal property 'OveMoney' on entity type 'HROvertime'. This will cause values to be silently truncated if they do not fit in the default precision and scale. Explicitly specify the SQL server column type that can accommodate all the values in 'OnModelCreating' using 'HasColumnType', specify precision and scale using 'HasPrecision', or configure a value converter using 'HasConversion'.
2026-04-16 14:41:28 | WRN | No store type was specified for the decimal property 'Wag1D1Hour' on entity type 'HRWage'. This will cause values to be silently truncated if they do not fit in the default precision and scale. Explicitly specify the SQL server column type that can accommodate all the values in 'OnModelCreating' using 'HasColumnType', specify precision and scale using 'HasPrecision', or configure a value converter using 'HasConversion'.
2026-04-16 14:41:28 | WRN | No store type was specified for the decimal property 'Wag2D1Hour' on entity type 'HRWage'. This will cause values to be silently truncated if they do not fit in the default precision and scale. Explicitly specify the SQL server column type that can accommodate all the values in 'OnModelCreating' using 'HasColumnType', specify precision and scale using 'HasPrecision', or configure a value converter using 'HasConversion'.
2026-04-16 14:41:28 | WRN | No store type was specified for the decimal property 'Wag4D3Hour' on entity type 'HRWage'. This will cause values to be silently truncated if they do not fit in the default precision and scale. Explicitly specify the SQL server column type that can accommodate all the values in 'OnModelCreating' using 'HasColumnType', specify precision and scale using 'HasPrecision', or configure a value converter using 'HasConversion'.
2026-04-16 14:41:28 | WRN | No store type was specified for the decimal property 'Wag5D3Hour' on entity type 'HRWage'. This will cause values to be silently truncated if they do not fit in the default precision and scale. Explicitly specify the SQL server column type that can accommodate all the values in 'OnModelCreating' using 'HasColumnType', specify precision and scale using 'HasPrecision', or configure a value converter using 'HasConversion'.
2026-04-16 14:41:28 | WRN | No store type was specified for the decimal property 'Wag8D3Hour' on entity type 'HRWage'. This will cause values to be silently truncated if they do not fit in the default precision and scale. Explicitly specify the SQL server column type that can accommodate all the values in 'OnModelCreating' using 'HasColumnType', specify precision and scale using 'HasPrecision', or configure a value converter using 'HasConversion'.
2026-04-16 14:41:28 | WRN | No store type was specified for the decimal property 'WagApplyHour' on entity type 'HRWage'. This will cause values to be silently truncated if they do not fit in the default precision and scale. Explicitly specify the SQL server column type that can accommodate all the values in 'OnModelCreating' using 'HasColumnType', specify precision and scale using 'HasPrecision', or configure a value converter using 'HasConversion'.
2026-04-16 14:41:28 | WRN | No store type was specified for the decimal property 'WagIssueHour' on entity type 'HRWage'. This will cause values to be silently truncated if they do not fit in the default precision and scale. Explicitly specify the SQL server column type that can accommodate all the values in 'OnModelCreating' using 'HasColumnType', specify precision and scale using 'HasPrecision', or configure a value converter using 'HasConversion'.
2026-04-16 14:41:28 | WRN | No store type was specified for the decimal property 'WagSubtotal' on entity type 'HRWage'. This will cause values to be silently truncated if they do not fit in the default precision and scale. Explicitly specify the SQL server column type that can accommodate all the values in 'OnModelCreating' using 'HasColumnType', specify precision and scale using 'HasPrecision', or configure a value converter using 'HasConversion'.
2026-04-16 14:41:33 | WRN | The query uses the 'First'/'FirstOrDefault' operator without 'OrderBy' and filter operators. This may lead to unpredictable results.
2026-04-16 14:41:34 | INF | ACTION_TRACE | Acc=admin | Path=/ | IP=::1 | Start=2026-04-16 14:41:27.998 | Elapsed=6878ms | Status=Completed
2026-04-16 14:41:34 | INF | NETWORK_UNSTABLE | Acc=admin | Path=/ | Reason=SlowRequest 6878ms
2026-04-16 14:41:35 | INF | ACTION_TRACE | Acc=admin | Path=/Captcha/Generate | IP=::1 | Start=2026-04-16 14:41:35.031 | Elapsed=36ms | Status=Completed
2026-04-16 14:41:35 | INF | ACTION_TRACE | Acc=admin | Path=/DNTCaptchaImage/Show | IP=::1 | Start=2026-04-16 14:41:35.090 | Elapsed=98ms | Status=Completed
2026-04-16 14:42:09 | INF | ACTION_TRACE | Acc=admin | Path=/AdminPortal/Account/Login | IP=::1 | Start=2026-04-16 14:42:08.907 | Elapsed=105ms | Status=Completed
2026-04-16 14:42:09 | INF | ACTION_TRACE | Acc=admin | Path=/Captcha/Generate | IP=::1 | Start=2026-04-16 14:42:09.089 | Elapsed=4ms | Status=Completed
2026-04-16 14:42:09 | INF | ACTION_TRACE | Acc=admin | Path=/DNTCaptchaImage/Show | IP=::1 | Start=2026-04-16 14:42:09.104 | Elapsed=13ms | Status=Completed
2026-04-16 14:42:21 | INF | ACTION_TRACE | Acc=admin | Path=/AdminPortal/Account/Login | IP=::1 | Start=2026-04-16 14:42:12.600 | Elapsed=8866ms | Status=Completed
2026-04-16 14:42:21 | INF | NETWORK_UNSTABLE | Acc=admin | Path=/AdminPortal/Account/Login | Reason=SlowRequest 8866ms
2026-04-16 14:42:21 | INF | ACTION_TRACE | Acc=admin | Path=/AdminPortal/Home/Index | IP=::1 | Start=2026-04-16 14:42:21.480 | Elapsed=129ms | Status=Completed
2026-04-16 14:43:06 | INF | CONTROLLER_EXEC | Acc= admin | IP=::1 | Path=ADS999002/ADS999002 | Message=GET /ADS999002/ADS999002
2026-04-16 14:43:06 | INF | ACTION_TRACE | Acc=admin | Path=/ADS999002/ADS999002 | IP=::1 | Start=2026-04-16 14:43:06.368 | Elapsed=90ms | Status=Completed
2026-04-16 14:43:06 | INF | CONTROLLER_EXEC | Acc= admin | IP=::1 | Path=ADS999002/GetAllRoleList | Message=POST /ADS999002/GetAllRoleList
2026-04-16 14:43:06 | INF | ACTION_TRACE | Acc=admin | Path=/ADS999002/GetAllRoleList | IP=::1 | Start=2026-04-16 14:43:06.531 | Elapsed=42ms | Status=Completed
2026-04-16 14:43:40 | INF | CONTROLLER_EXEC | Acc= admin | IP=::1 | Path=ADS999002/ADS999002 | Message=GET /ADS999002/ADS999002
2026-04-16 14:43:40 | INF | ACTION_TRACE | Acc=admin | Path=/ADS999002/ADS999002 | IP=::1 | Start=2026-04-16 14:43:40.221 | Elapsed=45ms | Status=Completed
2026-04-16 14:43:40 | INF | CONTROLLER_EXEC | Acc= admin | IP=::1 | Path=ADS999002/GetAllRoleList | Message=POST /ADS999002/GetAllRoleList
2026-04-16 14:43:40 | INF | ACTION_TRACE | Acc=admin | Path=/ADS999002/GetAllRoleList | IP=::1 | Start=2026-04-16 14:43:40.284 | Elapsed=4ms | Status=Completed
2026-04-16 14:43:40 | INF | CONTROLLER_EXEC | Acc= admin | IP=::1 | Path=ADS999002/ADS999002 | Message=GET /ADS999002/ADS999002
2026-04-16 14:43:40 | INF | ACTION_TRACE | Acc=admin | Path=/ADS999002/ADS999002 | IP=::1 | Start=2026-04-16 14:43:40.757 | Elapsed=6ms | Status=Completed
2026-04-16 14:43:40 | INF | CONTROLLER_EXEC | Acc= admin | IP=::1 | Path=ADS999002/GetAllRoleList | Message=POST /ADS999002/GetAllRoleList
2026-04-16 14:43:40 | INF | ACTION_TRACE | Acc=admin | Path=/ADS999002/GetAllRoleList | IP=::1 | Start=2026-04-16 14:43:40.780 | Elapsed=3ms | Status=Completed
2026-04-16 14:43:42 | INF | CONTROLLER_EXEC | Acc= admin | IP=::1 | Path=ADS999002/GetPeople | Message=POST /ADS999002/GetPeople
2026-04-16 14:43:42 | INF | ACTION_TRACE | Acc=admin | Path=/ADS999002/GetPeople | IP=::1 | Start=2026-04-16 14:43:42.251 | Elapsed=36ms | Status=Completed
2026-04-16 14:43:45 | INF | CONTROLLER_EXEC | Acc= admin | IP=::1 | Path=ADS999002/GetPeople | Message=POST /ADS999002/GetPeople
2026-04-16 14:43:45 | INF | ACTION_TRACE | Acc=admin | Path=/ADS999002/GetPeople | IP=::1 | Start=2026-04-16 14:43:45.289 | Elapsed=4ms | Status=Completed
2026-04-16 14:43:46 | INF | CONTROLLER_EXEC | Acc= admin | IP=::1 | Path=ADS999002/GetPermission | Message=POST /ADS999002/GetPermission
2026-04-16 14:43:46 | INF | ACTION_TRACE | Acc=admin | Path=/ADS999002/GetPermission | IP=::1 | Start=2026-04-16 14:43:46.821 | Elapsed=26ms | Status=Completed
2026-04-16 14:43:50 | ERR | An exception occurred while iterating over the results of a query for context type 'EHRIS.Core.DbContext.ApplicationDbContext'.
System.InvalidOperationException: The configured execution strategy 'SqlServerRetryingExecutionStrategy' does not support user-initiated transactions. Use the execution strategy returned by 'DbContext.Database.CreateExecutionStrategy()' to execute all the operations in the transaction as a retriable unit.
   at Microsoft.EntityFrameworkCore.Storage.ExecutionStrategy.OnFirstExecution()
   at Microsoft.EntityFrameworkCore.Storage.ExecutionStrategy.ExecuteAsync[TState,TResult](TState state, Func`4 operation, Func`4 verifySucceeded, CancellationToken cancellationToken)
   at Microsoft.EntityFrameworkCore.Query.Internal.SingleQueryingEnumerable`1.AsyncEnumerator.MoveNextAsync()
2026-04-16 14:43:50 | INF | CONTROLLER_EXEC | Acc= admin | IP=::1 | Path=ADS999002/UpdatePermission | Message=POST /ADS999002/UpdatePermission
2026-04-16 14:43:50 | INF | ACTION_TRACE | Acc=admin | Path=/ADS999002/UpdatePermission | IP=::1 | Start=2026-04-16 14:43:50.555 | Elapsed=185ms | Status=Completed
2026-04-16 14:43:51 | ERR | An exception occurred while iterating over the results of a query for context type 'EHRIS.Core.DbContext.ApplicationDbContext'.
System.InvalidOperationException: The configured execution strategy 'SqlServerRetryingExecutionStrategy' does not support user-initiated transactions. Use the execution strategy returned by 'DbContext.Database.CreateExecutionStrategy()' to execute all the operations in the transaction as a retriable unit.
   at Microsoft.EntityFrameworkCore.Storage.ExecutionStrategy.OnFirstExecution()
   at Microsoft.EntityFrameworkCore.Storage.ExecutionStrategy.ExecuteAsync[TState,TResult](TState state, Func`4 operation, Func`4 verifySucceeded, CancellationToken cancellationToken)
   at Microsoft.EntityFrameworkCore.Query.Internal.SingleQueryingEnumerable`1.AsyncEnumerator.MoveNextAsync()
2026-04-16 14:43:51 | INF | CONTROLLER_EXEC | Acc= admin | IP=::1 | Path=ADS999002/UpdatePermission | Message=POST /ADS999002/UpdatePermission
2026-04-16 14:43:51 | INF | ACTION_TRACE | Acc=admin | Path=/ADS999002/UpdatePermission | IP=::1 | Start=2026-04-16 14:43:51.257 | Elapsed=30ms | Status=Completed
2026-04-16 14:43:51 | ERR | An exception occurred while iterating over the results of a query for context type 'EHRIS.Core.DbContext.ApplicationDbContext'.
System.InvalidOperationException: The configured execution strategy 'SqlServerRetryingExecutionStrategy' does not support user-initiated transactions. Use the execution strategy returned by 'DbContext.Database.CreateExecutionStrategy()' to execute all the operations in the transaction as a retriable unit.
   at Microsoft.EntityFrameworkCore.Storage.ExecutionStrategy.OnFirstExecution()
   at Microsoft.EntityFrameworkCore.Storage.ExecutionStrategy.ExecuteAsync[TState,TResult](TState state, Func`4 operation, Func`4 verifySucceeded, CancellationToken cancellationToken)
   at Microsoft.EntityFrameworkCore.Query.Internal.SingleQueryingEnumerable`1.AsyncEnumerator.MoveNextAsync()
2026-04-16 14:43:51 | INF | CONTROLLER_EXEC | Acc= admin | IP=::1 | Path=ADS999002/UpdatePermission | Message=POST /ADS999002/UpdatePermission
2026-04-16 14:43:51 | INF | ACTION_TRACE | Acc=admin | Path=/ADS999002/UpdatePermission | IP=::1 | Start=2026-04-16 14:43:51.587 | Elapsed=23ms | Status=Completed
2026-04-16 14:43:51 | ERR | An exception occurred while iterating over the results of a query for context type 'EHRIS.Core.DbContext.ApplicationDbContext'.
System.InvalidOperationException: The configured execution strategy 'SqlServerRetryingExecutionStrategy' does not support user-initiated transactions. Use the execution strategy returned by 'DbContext.Database.CreateExecutionStrategy()' to execute all the operations in the transaction as a retriable unit.
   at Microsoft.EntityFrameworkCore.Storage.ExecutionStrategy.OnFirstExecution()
   at Microsoft.EntityFrameworkCore.Storage.ExecutionStrategy.ExecuteAsync[TState,TResult](TState state, Func`4 operation, Func`4 verifySucceeded, CancellationToken cancellationToken)
   at Microsoft.EntityFrameworkCore.Query.Internal.SingleQueryingEnumerable`1.AsyncEnumerator.MoveNextAsync()
2026-04-16 14:43:51 | INF | CONTROLLER_EXEC | Acc= admin | IP=::1 | Path=ADS999002/UpdatePermission | Message=POST /ADS999002/UpdatePermission
2026-04-16 14:43:51 | INF | ACTION_TRACE | Acc=admin | Path=/ADS999002/UpdatePermission | IP=::1 | Start=2026-04-16 14:43:51.835 | Elapsed=23ms | Status=Completed
2026-04-16 14:43:51 | ERR | An exception occurred while iterating over the results of a query for context type 'EHRIS.Core.DbContext.ApplicationDbContext'.
System.InvalidOperationException: The configured execution strategy 'SqlServerRetryingExecutionStrategy' does not support user-initiated transactions. Use the execution strategy returned by 'DbContext.Database.CreateExecutionStrategy()' to execute all the operations in the transaction as a retriable unit.
   at Microsoft.EntityFrameworkCore.Storage.ExecutionStrategy.OnFirstExecution()
   at Microsoft.EntityFrameworkCore.Storage.ExecutionStrategy.ExecuteAsync[TState,TResult](TState state, Func`4 operation, Func`4 verifySucceeded, CancellationToken cancellationToken)
   at Microsoft.EntityFrameworkCore.Query.Internal.SingleQueryingEnumerable`1.AsyncEnumerator.MoveNextAsync()
2026-04-16 14:43:52 | INF | CONTROLLER_EXEC | Acc= admin | IP=::1 | Path=ADS999002/UpdatePermission | Message=POST /ADS999002/UpdatePermission
2026-04-16 14:43:52 | INF | ACTION_TRACE | Acc=admin | Path=/ADS999002/UpdatePermission | IP=::1 | Start=2026-04-16 14:43:51.993 | Elapsed=28ms | Status=Completed
2026-04-16 14:43:53 | ERR | An exception occurred while iterating over the results of a query for context type 'EHRIS.Core.DbContext.ApplicationDbContext'.
System.InvalidOperationException: The configured execution strategy 'SqlServerRetryingExecutionStrategy' does not support user-initiated transactions. Use the execution strategy returned by 'DbContext.Database.CreateExecutionStrategy()' to execute all the operations in the transaction as a retriable unit.
   at Microsoft.EntityFrameworkCore.Storage.ExecutionStrategy.OnFirstExecution()
   at Microsoft.EntityFrameworkCore.Storage.ExecutionStrategy.ExecuteAsync[TState,TResult](TState state, Func`4 operation, Func`4 verifySucceeded, CancellationToken cancellationToken)
   at Microsoft.EntityFrameworkCore.Query.Internal.SingleQueryingEnumerable`1.AsyncEnumerator.MoveNextAsync()
2026-04-16 14:43:53 | INF | CONTROLLER_EXEC | Acc= admin | IP=::1 | Path=ADS999002/UpdatePermission | Message=POST /ADS999002/UpdatePermission
2026-04-16 14:43:53 | INF | ACTION_TRACE | Acc=admin | Path=/ADS999002/UpdatePermission | IP=::1 | Start=2026-04-16 14:43:53.422 | Elapsed=26ms | Status=Completed
2026-04-16 14:43:53 | ERR | An exception occurred while iterating over the results of a query for context type 'EHRIS.Core.DbContext.ApplicationDbContext'.
System.InvalidOperationException: The configured execution strategy 'SqlServerRetryingExecutionStrategy' does not support user-initiated transactions. Use the execution strategy returned by 'DbContext.Database.CreateExecutionStrategy()' to execute all the operations in the transaction as a retriable unit.
   at Microsoft.EntityFrameworkCore.Storage.ExecutionStrategy.OnFirstExecution()
   at Microsoft.EntityFrameworkCore.Storage.ExecutionStrategy.ExecuteAsync[TState,TResult](TState state, Func`4 operation, Func`4 verifySucceeded, CancellationToken cancellationToken)
   at Microsoft.EntityFrameworkCore.Query.Internal.SingleQueryingEnumerable`1.AsyncEnumerator.MoveNextAsync()
2026-04-16 14:43:53 | INF | CONTROLLER_EXEC | Acc= admin | IP=::1 | Path=ADS999002/UpdatePermission | Message=POST /ADS999002/UpdatePermission
2026-04-16 14:43:53 | INF | ACTION_TRACE | Acc=admin | Path=/ADS999002/UpdatePermission | IP=::1 | Start=2026-04-16 14:43:53.614 | Elapsed=81ms | Status=Completed
2026-04-16 14:43:53 | ERR | An exception occurred while iterating over the results of a query for context type 'EHRIS.Core.DbContext.ApplicationDbContext'.
System.InvalidOperationException: The configured execution strategy 'SqlServerRetryingExecutionStrategy' does not support user-initiated transactions. Use the execution strategy returned by 'DbContext.Database.CreateExecutionStrategy()' to execute all the operations in the transaction as a retriable unit.
   at Microsoft.EntityFrameworkCore.Storage.ExecutionStrategy.OnFirstExecution()
   at Microsoft.EntityFrameworkCore.Storage.ExecutionStrategy.ExecuteAsync[TState,TResult](TState state, Func`4 operation, Func`4 verifySucceeded, CancellationToken cancellationToken)
   at Microsoft.EntityFrameworkCore.Query.Internal.SingleQueryingEnumerable`1.AsyncEnumerator.MoveNextAsync()
2026-04-16 14:43:53 | INF | CONTROLLER_EXEC | Acc= admin | IP=::1 | Path=ADS999002/UpdatePermission | Message=POST /ADS999002/UpdatePermission
2026-04-16 14:43:53 | INF | ACTION_TRACE | Acc=admin | Path=/ADS999002/UpdatePermission | IP=::1 | Start=2026-04-16 14:43:53.791 | Elapsed=21ms | Status=Completed
2026-04-16 14:43:53 | ERR | An exception occurred while iterating over the results of a query for context type 'EHRIS.Core.DbContext.ApplicationDbContext'.
System.InvalidOperationException: The configured execution strategy 'SqlServerRetryingExecutionStrategy' does not support user-initiated transactions. Use the execution strategy returned by 'DbContext.Database.CreateExecutionStrategy()' to execute all the operations in the transaction as a retriable unit.
   at Microsoft.EntityFrameworkCore.Storage.ExecutionStrategy.OnFirstExecution()
   at Microsoft.EntityFrameworkCore.Storage.ExecutionStrategy.ExecuteAsync[TState,TResult](TState state, Func`4 operation, Func`4 verifySucceeded, CancellationToken cancellationToken)
   at Microsoft.EntityFrameworkCore.Query.Internal.SingleQueryingEnumerable`1.AsyncEnumerator.MoveNextAsync()
2026-04-16 14:43:53 | INF | CONTROLLER_EXEC | Acc= admin | IP=::1 | Path=ADS999002/UpdatePermission | Message=POST /ADS999002/UpdatePermission
2026-04-16 14:43:53 | INF | ACTION_TRACE | Acc=admin | Path=/ADS999002/UpdatePermission | IP=::1 | Start=2026-04-16 14:43:53.955 | Elapsed=21ms | Status=Completed
2026-04-16 14:43:54 | ERR | An exception occurred while iterating over the results of a query for context type 'EHRIS.Core.DbContext.ApplicationDbContext'.
System.InvalidOperationException: The configured execution strategy 'SqlServerRetryingExecutionStrategy' does not support user-initiated transactions. Use the execution strategy returned by 'DbContext.Database.CreateExecutionStrategy()' to execute all the operations in the transaction as a retriable unit.
   at Microsoft.EntityFrameworkCore.Storage.ExecutionStrategy.OnFirstExecution()
   at Microsoft.EntityFrameworkCore.Storage.ExecutionStrategy.ExecuteAsync[TState,TResult](TState state, Func`4 operation, Func`4 verifySucceeded, CancellationToken cancellationToken)
   at Microsoft.EntityFrameworkCore.Query.Internal.SingleQueryingEnumerable`1.AsyncEnumerator.MoveNextAsync()
2026-04-16 14:43:54 | INF | CONTROLLER_EXEC | Acc= admin | IP=::1 | Path=ADS999002/UpdatePermission | Message=POST /ADS999002/UpdatePermission
2026-04-16 14:43:54 | INF | ACTION_TRACE | Acc=admin | Path=/ADS999002/UpdatePermission | IP=::1 | Start=2026-04-16 14:43:54.128 | Elapsed=27ms | Status=Completed
2026-04-16 14:43:54 | ERR | An exception occurred while iterating over the results of a query for context type 'EHRIS.Core.DbContext.ApplicationDbContext'.
System.InvalidOperationException: The configured execution strategy 'SqlServerRetryingExecutionStrategy' does not support user-initiated transactions. Use the execution strategy returned by 'DbContext.Database.CreateExecutionStrategy()' to execute all the operations in the transaction as a retriable unit.
   at Microsoft.EntityFrameworkCore.Storage.ExecutionStrategy.OnFirstExecution()
   at Microsoft.EntityFrameworkCore.Storage.ExecutionStrategy.ExecuteAsync[TState,TResult](TState state, Func`4 operation, Func`4 verifySucceeded, CancellationToken cancellationToken)
   at Microsoft.EntityFrameworkCore.Query.Internal.SingleQueryingEnumerable`1.AsyncEnumerator.MoveNextAsync()
2026-04-16 14:43:54 | INF | CONTROLLER_EXEC | Acc= admin | IP=::1 | Path=ADS999002/UpdatePermission | Message=POST /ADS999002/UpdatePermission
2026-04-16 14:43:54 | INF | ACTION_TRACE | Acc=admin | Path=/ADS999002/UpdatePermission | IP=::1 | Start=2026-04-16 14:43:54.947 | Elapsed=28ms | Status=Completed
2026-04-16 14:43:56 | ERR | An exception occurred while iterating over the results of a query for context type 'EHRIS.Core.DbContext.ApplicationDbContext'.
System.InvalidOperationException: The configured execution strategy 'SqlServerRetryingExecutionStrategy' does not support user-initiated transactions. Use the execution strategy returned by 'DbContext.Database.CreateExecutionStrategy()' to execute all the operations in the transaction as a retriable unit.
   at Microsoft.EntityFrameworkCore.Storage.ExecutionStrategy.OnFirstExecution()
   at Microsoft.EntityFrameworkCore.Storage.ExecutionStrategy.ExecuteAsync[TState,TResult](TState state, Func`4 operation, Func`4 verifySucceeded, CancellationToken cancellationToken)
   at Microsoft.EntityFrameworkCore.Query.Internal.SingleQueryingEnumerable`1.AsyncEnumerator.MoveNextAsync()
2026-04-16 14:43:56 | INF | CONTROLLER_EXEC | Acc= admin | IP=::1 | Path=ADS999002/UpdatePermission | Message=POST /ADS999002/UpdatePermission
2026-04-16 14:43:56 | INF | ACTION_TRACE | Acc=admin | Path=/ADS999002/UpdatePermission | IP=::1 | Start=2026-04-16 14:43:56.154 | Elapsed=23ms | Status=Completed
2026-04-16 14:43:56 | ERR | An exception occurred while iterating over the results of a query for context type 'EHRIS.Core.DbContext.ApplicationDbContext'.
System.InvalidOperationException: The configured execution strategy 'SqlServerRetryingExecutionStrategy' does not support user-initiated transactions. Use the execution strategy returned by 'DbContext.Database.CreateExecutionStrategy()' to execute all the operations in the transaction as a retriable unit.
   at Microsoft.EntityFrameworkCore.Storage.ExecutionStrategy.OnFirstExecution()
   at Microsoft.EntityFrameworkCore.Storage.ExecutionStrategy.ExecuteAsync[TState,TResult](TState state, Func`4 operation, Func`4 verifySucceeded, CancellationToken cancellationToken)
   at Microsoft.EntityFrameworkCore.Query.Internal.SingleQueryingEnumerable`1.AsyncEnumerator.MoveNextAsync()
2026-04-16 14:43:56 | INF | CONTROLLER_EXEC | Acc= admin | IP=::1 | Path=ADS999002/UpdatePermission | Message=POST /ADS999002/UpdatePermission
2026-04-16 14:43:56 | INF | ACTION_TRACE | Acc=admin | Path=/ADS999002/UpdatePermission | IP=::1 | Start=2026-04-16 14:43:56.331 | Elapsed=27ms | Status=Completed
2026-04-16 14:43:56 | ERR | An exception occurred while iterating over the results of a query for context type 'EHRIS.Core.DbContext.ApplicationDbContext'.
System.InvalidOperationException: The configured execution strategy 'SqlServerRetryingExecutionStrategy' does not support user-initiated transactions. Use the execution strategy returned by 'DbContext.Database.CreateExecutionStrategy()' to execute all the operations in the transaction as a retriable unit.
   at Microsoft.EntityFrameworkCore.Storage.ExecutionStrategy.OnFirstExecution()
   at Microsoft.EntityFrameworkCore.Storage.ExecutionStrategy.ExecuteAsync[TState,TResult](TState state, Func`4 operation, Func`4 verifySucceeded, CancellationToken cancellationToken)
   at Microsoft.EntityFrameworkCore.Query.Internal.SingleQueryingEnumerable`1.AsyncEnumerator.MoveNextAsync()
2026-04-16 14:43:56 | INF | CONTROLLER_EXEC | Acc= admin | IP=::1 | Path=ADS999002/UpdatePermission | Message=POST /ADS999002/UpdatePermission
2026-04-16 14:43:56 | INF | ACTION_TRACE | Acc=admin | Path=/ADS999002/UpdatePermission | IP=::1 | Start=2026-04-16 14:43:56.515 | Elapsed=25ms | Status=Completed
2026-04-16 14:43:56 | ERR | An exception occurred while iterating over the results of a query for context type 'EHRIS.Core.DbContext.ApplicationDbContext'.
System.InvalidOperationException: The configured execution strategy 'SqlServerRetryingExecutionStrategy' does not support user-initiated transactions. Use the execution strategy returned by 'DbContext.Database.CreateExecutionStrategy()' to execute all the operations in the transaction as a retriable unit.
   at Microsoft.EntityFrameworkCore.Storage.ExecutionStrategy.OnFirstExecution()
   at Microsoft.EntityFrameworkCore.Storage.ExecutionStrategy.ExecuteAsync[TState,TResult](TState state, Func`4 operation, Func`4 verifySucceeded, CancellationToken cancellationToken)
   at Microsoft.EntityFrameworkCore.Query.Internal.SingleQueryingEnumerable`1.AsyncEnumerator.MoveNextAsync()
2026-04-16 14:43:56 | INF | CONTROLLER_EXEC | Acc= admin | IP=::1 | Path=ADS999002/UpdatePermission | Message=POST /ADS999002/UpdatePermission
2026-04-16 14:43:56 | INF | ACTION_TRACE | Acc=admin | Path=/ADS999002/UpdatePermission | IP=::1 | Start=2026-04-16 14:43:56.775 | Elapsed=33ms | Status=Completed
2026-04-16 14:43:57 | ERR | An exception occurred while iterating over the results of a query for context type 'EHRIS.Core.DbContext.ApplicationDbContext'.
System.InvalidOperationException: The configured execution strategy 'SqlServerRetryingExecutionStrategy' does not support user-initiated transactions. Use the execution strategy returned by 'DbContext.Database.CreateExecutionStrategy()' to execute all the operations in the transaction as a retriable unit.
   at Microsoft.EntityFrameworkCore.Storage.ExecutionStrategy.OnFirstExecution()
   at Microsoft.EntityFrameworkCore.Storage.ExecutionStrategy.ExecuteAsync[TState,TResult](TState state, Func`4 operation, Func`4 verifySucceeded, CancellationToken cancellationToken)
   at Microsoft.EntityFrameworkCore.Query.Internal.SingleQueryingEnumerable`1.AsyncEnumerator.MoveNextAsync()
2026-04-16 14:43:57 | INF | CONTROLLER_EXEC | Acc= admin | IP=::1 | Path=ADS999002/UpdatePermission | Message=POST /ADS999002/UpdatePermission
2026-04-16 14:43:57 | INF | ACTION_TRACE | Acc=admin | Path=/ADS999002/UpdatePermission | IP=::1 | Start=2026-04-16 14:43:57.001 | Elapsed=25ms | Status=Completed
2026-04-16 14:43:57 | INF | ACTION_TRACE | Acc=admin | Path=/.well-known/appspecific/com.chrome.devtools.json | IP=::1 | Start=2026-04-16 14:43:57.589 | Elapsed=0ms | Status=Completed
2026-04-16 14:43:57 | INF | ACTION_TRACE | Acc=admin | Path=/sm/6cf3a2be173716d0e4726c68ef6634f00cefa4e7428560c2debae6f24389d3c1.map | IP=::1 | Start=2026-04-16 14:43:57.723 | Elapsed=0ms | Status=Completed
2026-04-16 14:44:01 | ERR | An exception occurred while iterating over the results of a query for context type 'EHRIS.Core.DbContext.ApplicationDbContext'.
System.InvalidOperationException: The configured execution strategy 'SqlServerRetryingExecutionStrategy' does not support user-initiated transactions. Use the execution strategy returned by 'DbContext.Database.CreateExecutionStrategy()' to execute all the operations in the transaction as a retriable unit.
   at Microsoft.EntityFrameworkCore.Storage.ExecutionStrategy.OnFirstExecution()
   at Microsoft.EntityFrameworkCore.Storage.ExecutionStrategy.ExecuteAsync[TState,TResult](TState state, Func`4 operation, Func`4 verifySucceeded, CancellationToken cancellationToken)
   at Microsoft.EntityFrameworkCore.Query.Internal.SingleQueryingEnumerable`1.AsyncEnumerator.MoveNextAsync()
2026-04-16 14:44:01 | INF | CONTROLLER_EXEC | Acc= admin | IP=::1 | Path=ADS999002/UpdatePermission | Message=POST /ADS999002/UpdatePermission
2026-04-16 14:44:01 | INF | ACTION_TRACE | Acc=admin | Path=/ADS999002/UpdatePermission | IP=::1 | Start=2026-04-16 14:44:01.418 | Elapsed=21ms | Status=Completed
2026-04-16 14:44:14 | INF | ACTION_TRACE | Acc=admin | Path=/AdminPortal/Home/Index | IP=::1 | Start=2026-04-16 14:44:14.796 | Elapsed=10ms | Status=Completed
2026-04-16 14:44:14 | INF | ACTION_TRACE | Acc=admin | Path=/.well-known/appspecific/com.chrome.devtools.json | IP=::1 | Start=2026-04-16 14:44:14.842 | Elapsed=0ms | Status=Completed
2026-04-16 14:44:17 | INF | CONTROLLER_EXEC | Acc= admin | IP=::1 | Path=ADS999002/ADS999002 | Message=GET /ADS999002/ADS999002
2026-04-16 14:44:17 | INF | ACTION_TRACE | Acc=admin | Path=/ADS999002/ADS999002 | IP=::1 | Start=2026-04-16 14:44:17.145 | Elapsed=6ms | Status=Completed
2026-04-16 14:44:17 | INF | ACTION_TRACE | Acc=admin | Path=/sm/6cf3a2be173716d0e4726c68ef6634f00cefa4e7428560c2debae6f24389d3c1.map | IP=::1 | Start=2026-04-16 14:44:17.211 | Elapsed=0ms | Status=Completed
2026-04-16 14:44:17 | INF | CONTROLLER_EXEC | Acc= admin | IP=::1 | Path=ADS999002/GetAllRoleList | Message=POST /ADS999002/GetAllRoleList
2026-04-16 14:44:17 | INF | ACTION_TRACE | Acc=admin | Path=/ADS999002/GetAllRoleList | IP=::1 | Start=2026-04-16 14:44:17.267 | Elapsed=4ms | Status=Completed
2026-04-16 14:44:20 | INF | CONTROLLER_EXEC | Acc= admin | IP=::1 | Path=ADS999002/GetPermission | Message=POST /ADS999002/GetPermission
2026-04-16 14:44:20 | INF | ACTION_TRACE | Acc=admin | Path=/ADS999002/GetPermission | IP=::1 | Start=2026-04-16 14:44:20.546 | Elapsed=2ms | Status=Completed
2026-04-16 14:44:23 | ERR | An exception occurred while iterating over the results of a query for context type 'EHRIS.Core.DbContext.ApplicationDbContext'.
System.InvalidOperationException: The configured execution strategy 'SqlServerRetryingExecutionStrategy' does not support user-initiated transactions. Use the execution strategy returned by 'DbContext.Database.CreateExecutionStrategy()' to execute all the operations in the transaction as a retriable unit.
   at Microsoft.EntityFrameworkCore.Storage.ExecutionStrategy.OnFirstExecution()
   at Microsoft.EntityFrameworkCore.Storage.ExecutionStrategy.ExecuteAsync[TState,TResult](TState state, Func`4 operation, Func`4 verifySucceeded, CancellationToken cancellationToken)
   at Microsoft.EntityFrameworkCore.Query.Internal.SingleQueryingEnumerable`1.AsyncEnumerator.MoveNextAsync()
2026-04-16 14:44:23 | INF | CONTROLLER_EXEC | Acc= admin | IP=::1 | Path=ADS999002/UpdatePermission | Message=POST /ADS999002/UpdatePermission
2026-04-16 14:44:23 | INF | ACTION_TRACE | Acc=admin | Path=/ADS999002/UpdatePermission | IP=::1 | Start=2026-04-16 14:44:23.047 | Elapsed=26ms | Status=Completed
2026-04-16 14:45:00 | ERR | An exception occurred while iterating over the results of a query for context type 'EHRIS.Core.DbContext.ApplicationDbContext'.
System.InvalidOperationException: The configured execution strategy 'SqlServerRetryingExecutionStrategy' does not support user-initiated transactions. Use the execution strategy returned by 'DbContext.Database.CreateExecutionStrategy()' to execute all the operations in the transaction as a retriable unit.
   at Microsoft.EntityFrameworkCore.Storage.ExecutionStrategy.OnFirstExecution()
   at Microsoft.EntityFrameworkCore.Storage.ExecutionStrategy.ExecuteAsync[TState,TResult](TState state, Func`4 operation, Func`4 verifySucceeded, CancellationToken cancellationToken)
   at Microsoft.EntityFrameworkCore.Query.Internal.SingleQueryingEnumerable`1.AsyncEnumerator.MoveNextAsync()
2026-04-16 14:45:00 | INF | CONTROLLER_EXEC | Acc= admin | IP=::1 | Path=ADS999002/UpdatePermission | Message=POST /ADS999002/UpdatePermission
2026-04-16 14:45:00 | INF | ACTION_TRACE | Acc=admin | Path=/ADS999002/UpdatePermission | IP=::1 | Start=2026-04-16 14:45:00.744 | Elapsed=25ms | Status=Completed
2026-04-16 14:45:49 | INF | ACTION_TRACE | Acc=admin | Path=/AdminPortal/Home/Index | IP=::1 | Start=2026-04-16 14:45:49.765 | Elapsed=14ms | Status=Completed
2026-04-16 14:45:49 | INF | ACTION_TRACE | Acc=admin | Path=/.well-known/appspecific/com.chrome.devtools.json | IP=::1 | Start=2026-04-16 14:45:49.806 | Elapsed=0ms | Status=Completed
2026-04-16 14:45:52 | INF | CONTROLLER_EXEC | Acc= admin | IP=::1 | Path=ADS999002/ADS999002 | Message=GET /ADS999002/ADS999002
2026-04-16 14:45:52 | INF | ACTION_TRACE | Acc=admin | Path=/ADS999002/ADS999002 | IP=::1 | Start=2026-04-16 14:45:52.261 | Elapsed=61ms | Status=Completed
2026-04-16 14:45:52 | INF | ACTION_TRACE | Acc=admin | Path=/sm/6cf3a2be173716d0e4726c68ef6634f00cefa4e7428560c2debae6f24389d3c1.map | IP=::1 | Start=2026-04-16 14:45:52.368 | Elapsed=0ms | Status=Completed
2026-04-16 14:45:52 | INF | CONTROLLER_EXEC | Acc= admin | IP=::1 | Path=ADS999002/GetAllRoleList | Message=POST /ADS999002/GetAllRoleList
2026-04-16 14:45:52 | INF | ACTION_TRACE | Acc=admin | Path=/ADS999002/GetAllRoleList | IP=::1 | Start=2026-04-16 14:45:52.420 | Elapsed=4ms | Status=Completed
2026-04-16 14:45:54 | INF | CONTROLLER_EXEC | Acc= admin | IP=::1 | Path=ADS999002/GetPermission | Message=POST /ADS999002/GetPermission
2026-04-16 14:45:54 | INF | ACTION_TRACE | Acc=admin | Path=/ADS999002/GetPermission | IP=::1 | Start=2026-04-16 14:45:54.433 | Elapsed=150ms | Status=Completed
2026-04-16 14:45:57 | ERR | An exception occurred while iterating over the results of a query for context type 'EHRIS.Core.DbContext.ApplicationDbContext'.
System.InvalidOperationException: The configured execution strategy 'SqlServerRetryingExecutionStrategy' does not support user-initiated transactions. Use the execution strategy returned by 'DbContext.Database.CreateExecutionStrategy()' to execute all the operations in the transaction as a retriable unit.
   at Microsoft.EntityFrameworkCore.Storage.ExecutionStrategy.OnFirstExecution()
   at Microsoft.EntityFrameworkCore.Storage.ExecutionStrategy.ExecuteAsync[TState,TResult](TState state, Func`4 operation, Func`4 verifySucceeded, CancellationToken cancellationToken)
   at Microsoft.EntityFrameworkCore.Query.Internal.SingleQueryingEnumerable`1.AsyncEnumerator.MoveNextAsync()
2026-04-16 14:45:57 | INF | CONTROLLER_EXEC | Acc= admin | IP=::1 | Path=ADS999002/UpdatePermission | Message=POST /ADS999002/UpdatePermission
2026-04-16 14:45:57 | INF | ACTION_TRACE | Acc=admin | Path=/ADS999002/UpdatePermission | IP=::1 | Start=2026-04-16 14:45:57.127 | Elapsed=24ms | Status=Completed
2026-04-16 14:46:00 | ERR | An exception occurred while iterating over the results of a query for context type 'EHRIS.Core.DbContext.ApplicationDbContext'.
System.InvalidOperationException: The configured execution strategy 'SqlServerRetryingExecutionStrategy' does not support user-initiated transactions. Use the execution strategy returned by 'DbContext.Database.CreateExecutionStrategy()' to execute all the operations in the transaction as a retriable unit.
   at Microsoft.EntityFrameworkCore.Storage.ExecutionStrategy.OnFirstExecution()
   at Microsoft.EntityFrameworkCore.Storage.ExecutionStrategy.ExecuteAsync[TState,TResult](TState state, Func`4 operation, Func`4 verifySucceeded, CancellationToken cancellationToken)
   at Microsoft.EntityFrameworkCore.Query.Internal.SingleQueryingEnumerable`1.AsyncEnumerator.MoveNextAsync()
2026-04-16 14:46:00 | INF | CONTROLLER_EXEC | Acc= admin | IP=::1 | Path=ADS999002/UpdatePermission | Message=POST /ADS999002/UpdatePermission
2026-04-16 14:46:00 | INF | ACTION_TRACE | Acc=admin | Path=/ADS999002/UpdatePermission | IP=::1 | Start=2026-04-16 14:46:00.330 | Elapsed=162ms | Status=Completed
2026-04-16 14:46:08 | ERR | An exception occurred while iterating over the results of a query for context type 'EHRIS.Core.DbContext.ApplicationDbContext'.
System.InvalidOperationException: The configured execution strategy 'SqlServerRetryingExecutionStrategy' does not support user-initiated transactions. Use the execution strategy returned by 'DbContext.Database.CreateExecutionStrategy()' to execute all the operations in the transaction as a retriable unit.
   at Microsoft.EntityFrameworkCore.Storage.ExecutionStrategy.OnFirstExecution()
   at Microsoft.EntityFrameworkCore.Storage.ExecutionStrategy.ExecuteAsync[TState,TResult](TState state, Func`4 operation, Func`4 verifySucceeded, CancellationToken cancellationToken)
   at Microsoft.EntityFrameworkCore.Query.Internal.SingleQueryingEnumerable`1.AsyncEnumerator.MoveNextAsync()
2026-04-16 14:46:08 | INF | CONTROLLER_EXEC | Acc= admin | IP=::1 | Path=ADS999002/UpdatePermission | Message=POST /ADS999002/UpdatePermission
2026-04-16 14:46:08 | INF | ACTION_TRACE | Acc=admin | Path=/ADS999002/UpdatePermission | IP=::1 | Start=2026-04-16 14:46:08.154 | Elapsed=23ms | Status=Completed
2026-04-16 14:48:40 | INF | CONTROLLER_EXEC | Acc= admin | IP=::1 | Path=ADS999002/GetRoleByNo | Message=GET /ADS999002/GetRoleByNo
2026-04-16 14:48:40 | INF | ACTION_TRACE | Acc=admin | Path=/ADS999002/GetRoleByNo | IP=::1 | Start=2026-04-16 14:48:40.789 | Elapsed=35ms | Status=Completed
2026-04-16 14:48:41 | INF | CONTROLLER_EXEC | Acc= admin | IP=::1 | Path=ADS999002/UpdateRole | Message=POST /ADS999002/UpdateRole
2026-04-16 14:48:41 | INF | ACTION_TRACE | Acc=admin | Path=/ADS999002/UpdateRole | IP=::1 | Start=2026-04-16 14:48:41.774 | Elapsed=86ms | Status=Completed
2026-04-16 14:48:41 | INF | CONTROLLER_EXEC | Acc= admin | IP=::1 | Path=ADS999002/GetAllRoleList | Message=POST /ADS999002/GetAllRoleList
2026-04-16 14:48:41 | INF | ACTION_TRACE | Acc=admin | Path=/ADS999002/GetAllRoleList | IP=::1 | Start=2026-04-16 14:48:41.866 | Elapsed=2ms | Status=Completed
2026-04-16 14:48:45 | INF | CONTROLLER_EXEC | Acc= admin | IP=::1 | Path=ADS999002/GetPeople | Message=POST /ADS999002/GetPeople
2026-04-16 14:48:45 | INF | ACTION_TRACE | Acc=admin | Path=/ADS999002/GetPeople | IP=::1 | Start=2026-04-16 14:48:45.352 | Elapsed=2ms | Status=Completed
2026-04-16 14:51:36 | INF | ACTION_TRACE | Acc=admin | Path=/AdminPortal/Home/Index | IP=::1 | Start=2026-04-16 14:51:36.506 | Elapsed=7ms | Status=Completed
2026-04-16 14:51:36 | INF | ACTION_TRACE | Acc=admin | Path=/.well-known/appspecific/com.chrome.devtools.json | IP=::1 | Start=2026-04-16 14:51:36.578 | Elapsed=0ms | Status=Completed
2026-04-16 14:51:53 | INF | CONTROLLER_EXEC | Acc= admin | IP=::1 | Path=ADS999002/ADS999002 | Message=GET /ADS999002/ADS999002
2026-04-16 14:51:53 | INF | ACTION_TRACE | Acc=admin | Path=/ADS999002/ADS999002 | IP=::1 | Start=2026-04-16 14:51:53.215 | Elapsed=5ms | Status=Completed
2026-04-16 14:51:53 | INF | ACTION_TRACE | Acc=admin | Path=/sm/6cf3a2be173716d0e4726c68ef6634f00cefa4e7428560c2debae6f24389d3c1.map | IP=::1 | Start=2026-04-16 14:51:53.277 | Elapsed=0ms | Status=Completed
2026-04-16 14:51:53 | INF | CONTROLLER_EXEC | Acc= admin | IP=::1 | Path=ADS999002/GetAllRoleList | Message=POST /ADS999002/GetAllRoleList
2026-04-16 14:51:53 | INF | ACTION_TRACE | Acc=admin | Path=/ADS999002/GetAllRoleList | IP=::1 | Start=2026-04-16 14:51:53.339 | Elapsed=4ms | Status=Completed
2026-04-16 14:51:54 | INF | CONTROLLER_EXEC | Acc= admin | IP=::1 | Path=ADS999002/GetPeople | Message=POST /ADS999002/GetPeople
2026-04-16 14:51:54 | INF | ACTION_TRACE | Acc=admin | Path=/ADS999002/GetPeople | IP=::1 | Start=2026-04-16 14:51:54.477 | Elapsed=3ms | Status=Completed
2026-04-16 14:51:56 | INF | CONTROLLER_EXEC | Acc= admin | IP=::1 | Path=ADS999002/GetPeople | Message=POST /ADS999002/GetPeople
2026-04-16 14:51:56 | INF | ACTION_TRACE | Acc=admin | Path=/ADS999002/GetPeople | IP=::1 | Start=2026-04-16 14:51:56.294 | Elapsed=2ms | Status=Completed
2026-04-16 14:51:57 | INF | CONTROLLER_EXEC | Acc= admin | IP=::1 | Path=ADS999002/GetPermission | Message=POST /ADS999002/GetPermission
2026-04-16 14:51:57 | INF | ACTION_TRACE | Acc=admin | Path=/ADS999002/GetPermission | IP=::1 | Start=2026-04-16 14:51:57.825 | Elapsed=2ms | Status=Completed
2026-04-16 14:51:58 | ERR | An exception occurred while iterating over the results of a query for context type 'EHRIS.Core.DbContext.ApplicationDbContext'.
System.InvalidOperationException: The configured execution strategy 'SqlServerRetryingExecutionStrategy' does not support user-initiated transactions. Use the execution strategy returned by 'DbContext.Database.CreateExecutionStrategy()' to execute all the operations in the transaction as a retriable unit.
   at Microsoft.EntityFrameworkCore.Storage.ExecutionStrategy.OnFirstExecution()
   at Microsoft.EntityFrameworkCore.Storage.ExecutionStrategy.ExecuteAsync[TState,TResult](TState state, Func`4 operation, Func`4 verifySucceeded, CancellationToken cancellationToken)
   at Microsoft.EntityFrameworkCore.Query.Internal.SingleQueryingEnumerable`1.AsyncEnumerator.MoveNextAsync()
2026-04-16 14:51:58 | INF | CONTROLLER_EXEC | Acc= admin | IP=::1 | Path=ADS999002/UpdatePermission | Message=POST /ADS999002/UpdatePermission
2026-04-16 14:51:58 | INF | ACTION_TRACE | Acc=admin | Path=/ADS999002/UpdatePermission | IP=::1 | Start=2026-04-16 14:51:58.958 | Elapsed=20ms | Status=Completed
2026-04-16 14:53:06 | INF | ACTION_TRACE | Acc=admin | Path=/AdminPortal/Home/Index | IP=::1 | Start=2026-04-16 14:53:06.529 | Elapsed=7ms | Status=Completed
2026-04-16 14:53:06 | INF | ACTION_TRACE | Acc=admin | Path=/.well-known/appspecific/com.chrome.devtools.json | IP=::1 | Start=2026-04-16 14:53:06.561 | Elapsed=0ms | Status=Completed
2026-04-16 14:53:09 | INF | CONTROLLER_EXEC | Acc= admin | IP=::1 | Path=ADS999002/ADS999002 | Message=GET /ADS999002/ADS999002
2026-04-16 14:53:09 | INF | ACTION_TRACE | Acc=admin | Path=/ADS999002/ADS999002 | IP=::1 | Start=2026-04-16 14:53:09.158 | Elapsed=8ms | Status=Completed
2026-04-16 14:53:09 | INF | ACTION_TRACE | Acc=admin | Path=/sm/6cf3a2be173716d0e4726c68ef6634f00cefa4e7428560c2debae6f24389d3c1.map | IP=::1 | Start=2026-04-16 14:53:09.229 | Elapsed=0ms | Status=Completed
2026-04-16 14:53:09 | INF | CONTROLLER_EXEC | Acc= admin | IP=::1 | Path=ADS999002/GetAllRoleList | Message=POST /ADS999002/GetAllRoleList
2026-04-16 14:53:09 | INF | ACTION_TRACE | Acc=admin | Path=/ADS999002/GetAllRoleList | IP=::1 | Start=2026-04-16 14:53:09.295 | Elapsed=3ms | Status=Completed
2026-04-16 14:53:11 | INF | CONTROLLER_EXEC | Acc= admin | IP=::1 | Path=ADS999002/GetPermission | Message=POST /ADS999002/GetPermission
2026-04-16 14:53:11 | INF | ACTION_TRACE | Acc=admin | Path=/ADS999002/GetPermission | IP=::1 | Start=2026-04-16 14:53:11.343 | Elapsed=16ms | Status=Completed
2026-04-16 14:53:12 | ERR | An exception occurred while iterating over the results of a query for context type 'EHRIS.Core.DbContext.ApplicationDbContext'.
System.InvalidOperationException: The configured execution strategy 'SqlServerRetryingExecutionStrategy' does not support user-initiated transactions. Use the execution strategy returned by 'DbContext.Database.CreateExecutionStrategy()' to execute all the operations in the transaction as a retriable unit.
   at Microsoft.EntityFrameworkCore.Storage.ExecutionStrategy.OnFirstExecution()
   at Microsoft.EntityFrameworkCore.Storage.ExecutionStrategy.ExecuteAsync[TState,TResult](TState state, Func`4 operation, Func`4 verifySucceeded, CancellationToken cancellationToken)
   at Microsoft.EntityFrameworkCore.Query.Internal.SingleQueryingEnumerable`1.AsyncEnumerator.MoveNextAsync()
2026-04-16 14:53:12 | INF | CONTROLLER_EXEC | Acc= admin | IP=::1 | Path=ADS999002/UpdatePermission | Message=POST /ADS999002/UpdatePermission
2026-04-16 14:53:12 | INF | ACTION_TRACE | Acc=admin | Path=/ADS999002/UpdatePermission | IP=::1 | Start=2026-04-16 14:53:12.266 | Elapsed=25ms | Status=Completed
2026-04-16 14:53:46 | INF | ACTION_TRACE | Acc=admin | Path=/ADS999002/UpdatePermission | IP=::1 | Start=2026-04-16 14:53:46.445 | Elapsed=0ms | Status=Completed
2026-04-16 14:57:00 | WRN | No store type was specified for the decimal property 'OveMoney' on entity type 'HROvertime'. This will cause values to be silently truncated if they do not fit in the default precision and scale. Explicitly specify the SQL server column type that can accommodate all the values in 'OnModelCreating' using 'HasColumnType', specify precision and scale using 'HasPrecision', or configure a value converter using 'HasConversion'.
2026-04-16 14:57:00 | WRN | No store type was specified for the decimal property 'Wag1D1Hour' on entity type 'HRWage'. This will cause values to be silently truncated if they do not fit in the default precision and scale. Explicitly specify the SQL server column type that can accommodate all the values in 'OnModelCreating' using 'HasColumnType', specify precision and scale using 'HasPrecision', or configure a value converter using 'HasConversion'.
2026-04-16 14:57:00 | WRN | No store type was specified for the decimal property 'Wag2D1Hour' on entity type 'HRWage'. This will cause values to be silently truncated if they do not fit in the default precision and scale. Explicitly specify the SQL server column type that can accommodate all the values in 'OnModelCreating' using 'HasColumnType', specify precision and scale using 'HasPrecision', or configure a value converter using 'HasConversion'.
2026-04-16 14:57:00 | WRN | No store type was specified for the decimal property 'Wag4D3Hour' on entity type 'HRWage'. This will cause values to be silently truncated if they do not fit in the default precision and scale. Explicitly specify the SQL server column type that can accommodate all the values in 'OnModelCreating' using 'HasColumnType', specify precision and scale using 'HasPrecision', or configure a value converter using 'HasConversion'.
2026-04-16 14:57:00 | WRN | No store type was specified for the decimal property 'Wag5D3Hour' on entity type 'HRWage'. This will cause values to be silently truncated if they do not fit in the default precision and scale. Explicitly specify the SQL server column type that can accommodate all the values in 'OnModelCreating' using 'HasColumnType', specify precision and scale using 'HasPrecision', or configure a value converter using 'HasConversion'.
2026-04-16 14:57:00 | WRN | No store type was specified for the decimal property 'Wag8D3Hour' on entity type 'HRWage'. This will cause values to be silently truncated if they do not fit in the default precision and scale. Explicitly specify the SQL server column type that can accommodate all the values in 'OnModelCreating' using 'HasColumnType', specify precision and scale using 'HasPrecision', or configure a value converter using 'HasConversion'.
2026-04-16 14:57:00 | WRN | No store type was specified for the decimal property 'WagApplyHour' on entity type 'HRWage'. This will cause values to be silently truncated if they do not fit in the default precision and scale. Explicitly specify the SQL server column type that can accommodate all the values in 'OnModelCreating' using 'HasColumnType', specify precision and scale using 'HasPrecision', or configure a value converter using 'HasConversion'.
2026-04-16 14:57:00 | WRN | No store type was specified for the decimal property 'WagIssueHour' on entity type 'HRWage'. This will cause values to be silently truncated if they do not fit in the default precision and scale. Explicitly specify the SQL server column type that can accommodate all the values in 'OnModelCreating' using 'HasColumnType', specify precision and scale using 'HasPrecision', or configure a value converter using 'HasConversion'.
2026-04-16 14:57:00 | WRN | No store type was specified for the decimal property 'WagSubtotal' on entity type 'HRWage'. This will cause values to be silently truncated if they do not fit in the default precision and scale. Explicitly specify the SQL server column type that can accommodate all the values in 'OnModelCreating' using 'HasColumnType', specify precision and scale using 'HasPrecision', or configure a value converter using 'HasConversion'.
2026-04-16 14:57:05 | WRN | The query uses the 'First'/'FirstOrDefault' operator without 'OrderBy' and filter operators. This may lead to unpredictable results.
2026-04-16 14:57:06 | INF | ACTION_TRACE | Acc=admin | Path=/ | IP=::1 | Start=2026-04-16 14:56:59.246 | Elapsed=6936ms | Status=Completed
2026-04-16 14:57:06 | INF | NETWORK_UNSTABLE | Acc=admin | Path=/ | Reason=SlowRequest 6936ms
2026-04-16 14:57:06 | INF | ACTION_TRACE | Acc=admin | Path=/Captcha/Generate | IP=::1 | Start=2026-04-16 14:57:06.374 | Elapsed=43ms | Status=Completed
2026-04-16 14:57:06 | INF | ACTION_TRACE | Acc=admin | Path=/DNTCaptchaImage/Show | IP=::1 | Start=2026-04-16 14:57:06.441 | Elapsed=123ms | Status=Completed
2026-04-16 14:58:07 | INF | ACTION_TRACE | Acc=admin | Path=/AdminPortal/Account/Login | IP=::1 | Start=2026-04-16 14:58:07.013 | Elapsed=146ms | Status=Completed
2026-04-16 14:58:07 | INF | ACTION_TRACE | Acc=admin | Path=/Captcha/Generate | IP=::1 | Start=2026-04-16 14:58:07.291 | Elapsed=3ms | Status=Completed
2026-04-16 14:58:07 | INF | ACTION_TRACE | Acc=admin | Path=/DNTCaptchaImage/Show | IP=::1 | Start=2026-04-16 14:58:07.302 | Elapsed=20ms | Status=Completed
2026-04-16 14:58:20 | INF | ACTION_TRACE | Acc=admin | Path=/AdminPortal/Account/Login | IP=::1 | Start=2026-04-16 14:58:11.153 | Elapsed=9462ms | Status=Completed
2026-04-16 14:58:20 | INF | NETWORK_UNSTABLE | Acc=admin | Path=/AdminPortal/Account/Login | Reason=SlowRequest 9462ms
2026-04-16 14:58:20 | INF | ACTION_TRACE | Acc=admin | Path=/AdminPortal/Home/Index | IP=::1 | Start=2026-04-16 14:58:20.629 | Elapsed=125ms | Status=Completed
2026-04-16 14:58:39 | INF | CONTROLLER_EXEC | Acc= admin | IP=::1 | Path=ADS999002/ADS999002 | Message=GET /ADS999002/ADS999002
2026-04-16 14:58:39 | INF | ACTION_TRACE | Acc=admin | Path=/ADS999002/ADS999002 | IP=::1 | Start=2026-04-16 14:58:39.010 | Elapsed=90ms | Status=Completed
2026-04-16 14:58:39 | INF | CONTROLLER_EXEC | Acc= admin | IP=::1 | Path=ADS999002/GetAllRoleList | Message=POST /ADS999002/GetAllRoleList
2026-04-16 14:58:39 | INF | ACTION_TRACE | Acc=admin | Path=/ADS999002/GetAllRoleList | IP=::1 | Start=2026-04-16 14:58:39.162 | Elapsed=38ms | Status=Completed
2026-04-16 14:58:40 | INF | CONTROLLER_EXEC | Acc= admin | IP=::1 | Path=ADS999002/GetPeople | Message=POST /ADS999002/GetPeople
2026-04-16 14:58:40 | INF | ACTION_TRACE | Acc=admin | Path=/ADS999002/GetPeople | IP=::1 | Start=2026-04-16 14:58:40.701 | Elapsed=43ms | Status=Completed
2026-04-16 14:58:43 | INF | CONTROLLER_EXEC | Acc= admin | IP=::1 | Path=ADS999002/GetPermission | Message=POST /ADS999002/GetPermission
2026-04-16 14:58:43 | INF | ACTION_TRACE | Acc=admin | Path=/ADS999002/GetPermission | IP=::1 | Start=2026-04-16 14:58:43.821 | Elapsed=27ms | Status=Completed
2026-04-16 14:58:45 | ERR | An exception occurred while iterating over the results of a query for context type 'EHRIS.Core.DbContext.ApplicationDbContext'.
System.InvalidOperationException: The configured execution strategy 'SqlServerRetryingExecutionStrategy' does not support user-initiated transactions. Use the execution strategy returned by 'DbContext.Database.CreateExecutionStrategy()' to execute all the operations in the transaction as a retriable unit.
   at Microsoft.EntityFrameworkCore.Storage.ExecutionStrategy.OnFirstExecution()
   at Microsoft.EntityFrameworkCore.Storage.ExecutionStrategy.ExecuteAsync[TState,TResult](TState state, Func`4 operation, Func`4 verifySucceeded, CancellationToken cancellationToken)
   at Microsoft.EntityFrameworkCore.Query.Internal.SingleQueryingEnumerable`1.AsyncEnumerator.MoveNextAsync()
2026-04-16 14:58:45 | INF | CONTROLLER_EXEC | Acc= admin | IP=::1 | Path=ADS999002/UpdatePermission | Message=POST /ADS999002/UpdatePermission
2026-04-16 14:58:45 | INF | ACTION_TRACE | Acc=admin | Path=/ADS999002/UpdatePermission | IP=::1 | Start=2026-04-16 14:58:45.017 | Elapsed=105ms | Status=Completed
2026-04-16 14:58:48 | INF | CONTROLLER_EXEC | Acc= admin | IP=::1 | Path=ADS999002/GetRoleByNo | Message=GET /ADS999002/GetRoleByNo
2026-04-16 14:58:48 | INF | ACTION_TRACE | Acc=admin | Path=/ADS999002/GetRoleByNo | IP=::1 | Start=2026-04-16 14:58:48.057 | Elapsed=21ms | Status=Completed
2026-04-16 14:58:49 | INF | CONTROLLER_EXEC | Acc= admin | IP=::1 | Path=ADS999002/UpdateRole | Message=POST /ADS999002/UpdateRole
2026-04-16 14:58:49 | INF | ACTION_TRACE | Acc=admin | Path=/ADS999002/UpdateRole | IP=::1 | Start=2026-04-16 14:58:49.162 | Elapsed=162ms | Status=Completed
2026-04-16 14:58:49 | INF | CONTROLLER_EXEC | Acc= admin | IP=::1 | Path=ADS999002/GetAllRoleList | Message=POST /ADS999002/GetAllRoleList
2026-04-16 14:58:49 | INF | ACTION_TRACE | Acc=admin | Path=/ADS999002/GetAllRoleList | IP=::1 | Start=2026-04-16 14:58:49.330 | Elapsed=3ms | Status=Completed
2026-04-16 14:58:53 | INF | CONTROLLER_EXEC | Acc= admin | IP=::1 | Path=ADS999002/GetPermission | Message=POST /ADS999002/GetPermission
2026-04-16 14:58:53 | INF | ACTION_TRACE | Acc=admin | Path=/ADS999002/GetPermission | IP=::1 | Start=2026-04-16 14:58:53.047 | Elapsed=2ms | Status=Completed
2026-04-16 14:58:54 | INF | ACTION_TRACE | Acc=admin | Path=/.well-known/appspecific/com.chrome.devtools.json | IP=::1 | Start=2026-04-16 14:58:54.659 | Elapsed=0ms | Status=Completed
2026-04-16 14:58:54 | INF | ACTION_TRACE | Acc=admin | Path=/sm/6cf3a2be173716d0e4726c68ef6634f00cefa4e7428560c2debae6f24389d3c1.map | IP=::1 | Start=2026-04-16 14:58:54.772 | Elapsed=0ms | Status=Completed
2026-04-16 14:58:54 | INF | ACTION_TRACE | Acc=admin | Path=/AdminPortal/Home/Index | IP=::1 | Start=2026-04-16 14:58:54.819 | Elapsed=8ms | Status=Completed
2026-04-16 14:58:54 | INF | ACTION_TRACE | Acc=admin | Path=/.well-known/appspecific/com.chrome.devtools.json | IP=::1 | Start=2026-04-16 14:58:54.883 | Elapsed=0ms | Status=Completed
2026-04-16 14:58:57 | INF | CONTROLLER_EXEC | Acc= admin | IP=::1 | Path=ADS999002/ADS999002 | Message=GET /ADS999002/ADS999002
2026-04-16 14:58:57 | INF | ACTION_TRACE | Acc=admin | Path=/ADS999002/ADS999002 | IP=::1 | Start=2026-04-16 14:58:57.456 | Elapsed=5ms | Status=Completed
2026-04-16 14:58:57 | INF | ACTION_TRACE | Acc=admin | Path=/sm/6cf3a2be173716d0e4726c68ef6634f00cefa4e7428560c2debae6f24389d3c1.map | IP=::1 | Start=2026-04-16 14:58:57.518 | Elapsed=0ms | Status=Completed
2026-04-16 14:58:57 | INF | CONTROLLER_EXEC | Acc= admin | IP=::1 | Path=ADS999002/GetAllRoleList | Message=POST /ADS999002/GetAllRoleList
2026-04-16 14:58:57 | INF | ACTION_TRACE | Acc=admin | Path=/ADS999002/GetAllRoleList | IP=::1 | Start=2026-04-16 14:58:57.581 | Elapsed=4ms | Status=Completed
2026-04-16 14:58:58 | INF | CONTROLLER_EXEC | Acc= admin | IP=::1 | Path=ADS999002/GetPermission | Message=POST /ADS999002/GetPermission
2026-04-16 14:58:58 | INF | ACTION_TRACE | Acc=admin | Path=/ADS999002/GetPermission | IP=::1 | Start=2026-04-16 14:58:58.639 | Elapsed=6ms | Status=Completed
2026-04-16 14:58:59 | ERR | An exception occurred while iterating over the results of a query for context type 'EHRIS.Core.DbContext.ApplicationDbContext'.
System.InvalidOperationException: The configured execution strategy 'SqlServerRetryingExecutionStrategy' does not support user-initiated transactions. Use the execution strategy returned by 'DbContext.Database.CreateExecutionStrategy()' to execute all the operations in the transaction as a retriable unit.
   at Microsoft.EntityFrameworkCore.Storage.ExecutionStrategy.OnFirstExecution()
   at Microsoft.EntityFrameworkCore.Storage.ExecutionStrategy.ExecuteAsync[TState,TResult](TState state, Func`4 operation, Func`4 verifySucceeded, CancellationToken cancellationToken)
   at Microsoft.EntityFrameworkCore.Query.Internal.SingleQueryingEnumerable`1.AsyncEnumerator.MoveNextAsync()
2026-04-16 14:58:59 | INF | CONTROLLER_EXEC | Acc= admin | IP=::1 | Path=ADS999002/UpdatePermission | Message=POST /ADS999002/UpdatePermission
2026-04-16 14:58:59 | INF | ACTION_TRACE | Acc=admin | Path=/ADS999002/UpdatePermission | IP=::1 | Start=2026-04-16 14:58:59.729 | Elapsed=33ms | Status=Completed
2026-04-16 15:03:53 | INF | ACTION_TRACE | Acc=admin | Path=/AdminPortal/Home/Index | IP=::1 | Start=2026-04-16 15:03:53.656 | Elapsed=68ms | Status=Completed
2026-04-16 15:03:58 | INF | ACTION_TRACE | Acc=admin | Path=/AdminPortal/Home/Index | IP=::1 | Start=2026-04-16 15:03:58.158 | Elapsed=14ms | Status=Completed
2026-04-16 15:03:58 | INF | ACTION_TRACE | Acc=admin | Path=/.well-known/appspecific/com.chrome.devtools.json | IP=::1 | Start=2026-04-16 15:03:58.263 | Elapsed=0ms | Status=Completed
2026-04-16 15:04:05 | INF | CONTROLLER_EXEC | Acc= admin | IP=::1 | Path=ADS999002/ADS999002 | Message=GET /ADS999002/ADS999002
2026-04-16 15:04:05 | INF | ACTION_TRACE | Acc=admin | Path=/ADS999002/ADS999002 | IP=::1 | Start=2026-04-16 15:04:05.636 | Elapsed=47ms | Status=Completed
2026-04-16 15:04:05 | INF | ACTION_TRACE | Acc=admin | Path=/sm/6cf3a2be173716d0e4726c68ef6634f00cefa4e7428560c2debae6f24389d3c1.map | IP=::1 | Start=2026-04-16 15:04:05.719 | Elapsed=0ms | Status=Completed
2026-04-16 15:04:05 | INF | CONTROLLER_EXEC | Acc= admin | IP=::1 | Path=ADS999002/GetAllRoleList | Message=POST /ADS999002/GetAllRoleList
2026-04-16 15:04:05 | INF | ACTION_TRACE | Acc=admin | Path=/ADS999002/GetAllRoleList | IP=::1 | Start=2026-04-16 15:04:05.806 | Elapsed=23ms | Status=Completed
2026-04-16 15:04:07 | INF | CONTROLLER_EXEC | Acc= admin | IP=::1 | Path=ADS999002/GetPermission | Message=POST /ADS999002/GetPermission
2026-04-16 15:04:07 | INF | ACTION_TRACE | Acc=admin | Path=/ADS999002/GetPermission | IP=::1 | Start=2026-04-16 15:04:07.542 | Elapsed=16ms | Status=Completed
2026-04-16 15:04:08 | ERR | An exception occurred while iterating over the results of a query for context type 'EHRIS.Core.DbContext.ApplicationDbContext'.
System.InvalidOperationException: The configured execution strategy 'SqlServerRetryingExecutionStrategy' does not support user-initiated transactions. Use the execution strategy returned by 'DbContext.Database.CreateExecutionStrategy()' to execute all the operations in the transaction as a retriable unit.
   at Microsoft.EntityFrameworkCore.Storage.ExecutionStrategy.OnFirstExecution()
   at Microsoft.EntityFrameworkCore.Storage.ExecutionStrategy.ExecuteAsync[TState,TResult](TState state, Func`4 operation, Func`4 verifySucceeded, CancellationToken cancellationToken)
   at Microsoft.EntityFrameworkCore.Query.Internal.SingleQueryingEnumerable`1.AsyncEnumerator.MoveNextAsync()
2026-04-16 15:04:08 | INF | CONTROLLER_EXEC | Acc= admin | IP=::1 | Path=ADS999002/UpdatePermission | Message=POST /ADS999002/UpdatePermission
2026-04-16 15:04:08 | INF | ACTION_TRACE | Acc=admin | Path=/ADS999002/UpdatePermission | IP=::1 | Start=2026-04-16 15:04:08.551 | Elapsed=63ms | Status=Completed
2026-04-16 15:05:03 | INF | ACTION_TRACE | Acc=admin | Path=/AdminPortal/Home/Index | IP=::1 | Start=2026-04-16 15:05:03.380 | Elapsed=33ms | Status=Completed
2026-04-16 15:05:03 | INF | ACTION_TRACE | Acc=admin | Path=/.well-known/appspecific/com.chrome.devtools.json | IP=::1 | Start=2026-04-16 15:05:03.478 | Elapsed=0ms | Status=Completed
2026-04-16 15:07:27 | INF | ACTION_TRACE | Acc=admin | Path=/AdminPortal/Home/Index | IP=::1 | Start=2026-04-16 15:07:27.586 | Elapsed=31ms | Status=Completed
2026-04-16 15:07:27 | INF | ACTION_TRACE | Acc=admin | Path=/.well-known/appspecific/com.chrome.devtools.json | IP=::1 | Start=2026-04-16 15:07:27.677 | Elapsed=0ms | Status=Completed
2026-04-16 15:07:36 | INF | ACTION_TRACE | Acc=admin | Path=/AdminPortal/Home/Index | IP=::1 | Start=2026-04-16 15:07:35.996 | Elapsed=9ms | Status=Completed
2026-04-16 15:07:36 | INF | ACTION_TRACE | Acc=admin | Path=/.well-known/appspecific/com.chrome.devtools.json | IP=::1 | Start=2026-04-16 15:07:36.067 | Elapsed=0ms | Status=Completed
2026-04-16 15:07:46 | INF | CONTROLLER_EXEC | Acc= admin | IP=::1 | Path=ADS999002/ADS999002 | Message=GET /ADS999002/ADS999002
2026-04-16 15:07:46 | INF | ACTION_TRACE | Acc=admin | Path=/ADS999002/ADS999002 | IP=::1 | Start=2026-04-16 15:07:46.886 | Elapsed=42ms | Status=Completed
2026-04-16 15:07:46 | INF | ACTION_TRACE | Acc=admin | Path=/sm/6cf3a2be173716d0e4726c68ef6634f00cefa4e7428560c2debae6f24389d3c1.map | IP=::1 | Start=2026-04-16 15:07:46.965 | Elapsed=0ms | Status=Completed
2026-04-16 15:07:47 | INF | CONTROLLER_EXEC | Acc= admin | IP=::1 | Path=ADS999002/GetAllRoleList | Message=POST /ADS999002/GetAllRoleList
2026-04-16 15:07:47 | INF | ACTION_TRACE | Acc=admin | Path=/ADS999002/GetAllRoleList | IP=::1 | Start=2026-04-16 15:07:47.028 | Elapsed=17ms | Status=Completed
2026-04-16 15:07:48 | INF | CONTROLLER_EXEC | Acc= admin | IP=::1 | Path=ADS999002/GetPermission | Message=POST /ADS999002/GetPermission
2026-04-16 15:07:48 | INF | ACTION_TRACE | Acc=admin | Path=/ADS999002/GetPermission | IP=::1 | Start=2026-04-16 15:07:48.255 | Elapsed=13ms | Status=Completed
2026-04-16 15:07:49 | ERR | An exception occurred while iterating over the results of a query for context type 'EHRIS.Core.DbContext.ApplicationDbContext'.
System.InvalidOperationException: The configured execution strategy 'SqlServerRetryingExecutionStrategy' does not support user-initiated transactions. Use the execution strategy returned by 'DbContext.Database.CreateExecutionStrategy()' to execute all the operations in the transaction as a retriable unit.
   at Microsoft.EntityFrameworkCore.Storage.ExecutionStrategy.OnFirstExecution()
   at Microsoft.EntityFrameworkCore.Storage.ExecutionStrategy.ExecuteAsync[TState,TResult](TState state, Func`4 operation, Func`4 verifySucceeded, CancellationToken cancellationToken)
   at Microsoft.EntityFrameworkCore.Query.Internal.SingleQueryingEnumerable`1.AsyncEnumerator.MoveNextAsync()
2026-04-16 15:08:53 | WRN | No store type was specified for the decimal property 'OveMoney' on entity type 'HROvertime'. This will cause values to be silently truncated if they do not fit in the default precision and scale. Explicitly specify the SQL server column type that can accommodate all the values in 'OnModelCreating' using 'HasColumnType', specify precision and scale using 'HasPrecision', or configure a value converter using 'HasConversion'.
2026-04-16 15:08:53 | WRN | No store type was specified for the decimal property 'Wag1D1Hour' on entity type 'HRWage'. This will cause values to be silently truncated if they do not fit in the default precision and scale. Explicitly specify the SQL server column type that can accommodate all the values in 'OnModelCreating' using 'HasColumnType', specify precision and scale using 'HasPrecision', or configure a value converter using 'HasConversion'.
2026-04-16 15:08:53 | WRN | No store type was specified for the decimal property 'Wag2D1Hour' on entity type 'HRWage'. This will cause values to be silently truncated if they do not fit in the default precision and scale. Explicitly specify the SQL server column type that can accommodate all the values in 'OnModelCreating' using 'HasColumnType', specify precision and scale using 'HasPrecision', or configure a value converter using 'HasConversion'.
2026-04-16 15:08:53 | WRN | No store type was specified for the decimal property 'Wag4D3Hour' on entity type 'HRWage'. This will cause values to be silently truncated if they do not fit in the default precision and scale. Explicitly specify the SQL server column type that can accommodate all the values in 'OnModelCreating' using 'HasColumnType', specify precision and scale using 'HasPrecision', or configure a value converter using 'HasConversion'.
2026-04-16 15:08:53 | WRN | No store type was specified for the decimal property 'Wag5D3Hour' on entity type 'HRWage'. This will cause values to be silently truncated if they do not fit in the default precision and scale. Explicitly specify the SQL server column type that can accommodate all the values in 'OnModelCreating' using 'HasColumnType', specify precision and scale using 'HasPrecision', or configure a value converter using 'HasConversion'.
2026-04-16 15:08:53 | WRN | No store type was specified for the decimal property 'Wag8D3Hour' on entity type 'HRWage'. This will cause values to be silently truncated if they do not fit in the default precision and scale. Explicitly specify the SQL server column type that can accommodate all the values in 'OnModelCreating' using 'HasColumnType', specify precision and scale using 'HasPrecision', or configure a value converter using 'HasConversion'.
2026-04-16 15:08:53 | WRN | No store type was specified for the decimal property 'WagApplyHour' on entity type 'HRWage'. This will cause values to be silently truncated if they do not fit in the default precision and scale. Explicitly specify the SQL server column type that can accommodate all the values in 'OnModelCreating' using 'HasColumnType', specify precision and scale using 'HasPrecision', or configure a value converter using 'HasConversion'.
2026-04-16 15:08:53 | WRN | No store type was specified for the decimal property 'WagIssueHour' on entity type 'HRWage'. This will cause values to be silently truncated if they do not fit in the default precision and scale. Explicitly specify the SQL server column type that can accommodate all the values in 'OnModelCreating' using 'HasColumnType', specify precision and scale using 'HasPrecision', or configure a value converter using 'HasConversion'.
2026-04-16 15:08:53 | WRN | No store type was specified for the decimal property 'WagSubtotal' on entity type 'HRWage'. This will cause values to be silently truncated if they do not fit in the default precision and scale. Explicitly specify the SQL server column type that can accommodate all the values in 'OnModelCreating' using 'HasColumnType', specify precision and scale using 'HasPrecision', or configure a value converter using 'HasConversion'.
2026-04-16 15:08:58 | WRN | The query uses the 'First'/'FirstOrDefault' operator without 'OrderBy' and filter operators. This may lead to unpredictable results.
2026-04-16 15:08:59 | INF | ACTION_TRACE | Acc=admin | Path=/ | IP=::1 | Start=2026-04-16 15:08:52.530 | Elapsed=6873ms | Status=Completed
2026-04-16 15:08:59 | INF | NETWORK_UNSTABLE | Acc=admin | Path=/ | Reason=SlowRequest 6873ms
2026-04-16 15:08:59 | INF | ACTION_TRACE | Acc=admin | Path=/Captcha/Generate | IP=::1 | Start=2026-04-16 15:08:59.565 | Elapsed=38ms | Status=Completed
2026-04-16 15:08:59 | INF | ACTION_TRACE | Acc=admin | Path=/DNTCaptchaImage/Show | IP=::1 | Start=2026-04-16 15:08:59.632 | Elapsed=114ms | Status=Completed
2026-04-16 15:09:31 | INF | ACTION_TRACE | Acc=admin | Path=/AdminPortal/Account/Login | IP=::1 | Start=2026-04-16 15:09:31.476 | Elapsed=101ms | Status=Completed
2026-04-16 15:09:31 | INF | ACTION_TRACE | Acc=admin | Path=/Captcha/Generate | IP=::1 | Start=2026-04-16 15:09:31.711 | Elapsed=4ms | Status=Completed
2026-04-16 15:09:31 | INF | ACTION_TRACE | Acc=admin | Path=/DNTCaptchaImage/Show | IP=::1 | Start=2026-04-16 15:09:31.726 | Elapsed=15ms | Status=Completed
2026-04-16 15:09:43 | INF | ACTION_TRACE | Acc=admin | Path=/AdminPortal/Account/Login | IP=::1 | Start=2026-04-16 15:09:34.693 | Elapsed=8889ms | Status=Completed
2026-04-16 15:09:43 | INF | NETWORK_UNSTABLE | Acc=admin | Path=/AdminPortal/Account/Login | Reason=SlowRequest 8889ms
2026-04-16 15:09:43 | INF | ACTION_TRACE | Acc=admin | Path=/AdminPortal/Home/Index | IP=::1 | Start=2026-04-16 15:09:43.596 | Elapsed=124ms | Status=Completed
2026-04-16 15:09:49 | INF | CONTROLLER_EXEC | Acc= admin | IP=::1 | Path=ADS999002/ADS999002 | Message=GET /ADS999002/ADS999002
2026-04-16 15:09:49 | INF | ACTION_TRACE | Acc=admin | Path=/ADS999002/ADS999002 | IP=::1 | Start=2026-04-16 15:09:49.400 | Elapsed=185ms | Status=Completed
2026-04-16 15:09:49 | INF | CONTROLLER_EXEC | Acc= admin | IP=::1 | Path=ADS999002/GetAllRoleList | Message=POST /ADS999002/GetAllRoleList
2026-04-16 15:09:49 | INF | ACTION_TRACE | Acc=admin | Path=/ADS999002/GetAllRoleList | IP=::1 | Start=2026-04-16 15:09:49.646 | Elapsed=169ms | Status=Completed
2026-04-16 15:09:50 | INF | CONTROLLER_EXEC | Acc= admin | IP=::1 | Path=ADS999002/GetPermission | Message=POST /ADS999002/GetPermission
2026-04-16 15:09:50 | INF | ACTION_TRACE | Acc=admin | Path=/ADS999002/GetPermission | IP=::1 | Start=2026-04-16 15:09:50.778 | Elapsed=37ms | Status=Completed
2026-04-16 15:09:52 | ERR | An exception occurred while iterating over the results of a query for context type 'EHRIS.Core.DbContext.ApplicationDbContext'.
System.InvalidCastException: Unable to cast object of type 'System.Boolean' to type 'System.Byte'.
   at Microsoft.Data.SqlClient.SqlBuffer.get_Byte()
   at Microsoft.Data.SqlClient.SqlDataReader.GetByte(Int32 i)
   at Microsoft.EntityFrameworkCore.Query.Internal.BufferedDataReader.BufferedDataRecord.ReadByte(DbDataReader reader, Int32 ordinal, ReaderColumn column)
   at Microsoft.EntityFrameworkCore.Query.Internal.BufferedDataReader.BufferedDataRecord.ReadRow()
   at Microsoft.EntityFrameworkCore.Query.Internal.BufferedDataReader.BufferedDataRecord.InitializeAsync(DbDataReader reader, IReadOnlyList`1 columns, CancellationToken cancellationToken)
   at Microsoft.EntityFrameworkCore.Query.Internal.BufferedDataReader.InitializeAsync(IReadOnlyList`1 columns, CancellationToken cancellationToken)
   at Microsoft.EntityFrameworkCore.Query.Internal.BufferedDataReader.InitializeAsync(IReadOnlyList`1 columns, CancellationToken cancellationToken)
   at Microsoft.EntityFrameworkCore.Storage.RelationalCommand.ExecuteReaderAsync(RelationalCommandParameterObject parameterObject, CancellationToken cancellationToken)
   at Microsoft.EntityFrameworkCore.Storage.RelationalCommand.ExecuteReaderAsync(RelationalCommandParameterObject parameterObject, CancellationToken cancellationToken)
   at Microsoft.EntityFrameworkCore.Query.Internal.SingleQueryingEnumerable`1.AsyncEnumerator.InitializeReaderAsync(AsyncEnumerator enumerator, CancellationToken cancellationToken)
   at Microsoft.EntityFrameworkCore.Storage.ExecutionStrategy.ExecuteAsync[TState,TResult](TState state, Func`4 operation, Func`4 verifySucceeded, CancellationToken cancellationToken)
   at Microsoft.EntityFrameworkCore.Query.Internal.SingleQueryingEnumerable`1.AsyncEnumerator.MoveNextAsync()
2026-04-16 15:09:52 | INF | CONTROLLER_EXEC | Acc= admin | IP=::1 | Path=ADS999002/UpdatePermission | Message=POST /ADS999002/UpdatePermission
2026-04-16 15:09:52 | INF | ACTION_TRACE | Acc=admin | Path=/ADS999002/UpdatePermission | IP=::1 | Start=2026-04-16 15:09:52.041 | Elapsed=137ms | Status=Completed
2026-04-16 15:09:58 | INF | ACTION_TRACE | Acc=admin | Path=/.well-known/appspecific/com.chrome.devtools.json | IP=::1 | Start=2026-04-16 15:09:58.179 | Elapsed=0ms | Status=Completed
2026-04-16 15:09:58 | INF | ACTION_TRACE | Acc=admin | Path=/sm/6cf3a2be173716d0e4726c68ef6634f00cefa4e7428560c2debae6f24389d3c1.map | IP=::1 | Start=2026-04-16 15:09:58.281 | Elapsed=0ms | Status=Completed
2026-04-16 15:10:51 | ERR | An exception occurred while iterating over the results of a query for context type 'EHRIS.Core.DbContext.ApplicationDbContext'.
System.InvalidCastException: Unable to cast object of type 'System.Boolean' to type 'System.Byte'.
   at Microsoft.Data.SqlClient.SqlBuffer.get_Byte()
   at Microsoft.Data.SqlClient.SqlDataReader.GetByte(Int32 i)
   at Microsoft.EntityFrameworkCore.Query.Internal.BufferedDataReader.BufferedDataRecord.ReadByte(DbDataReader reader, Int32 ordinal, ReaderColumn column)
   at Microsoft.EntityFrameworkCore.Query.Internal.BufferedDataReader.BufferedDataRecord.ReadRow()
   at Microsoft.EntityFrameworkCore.Query.Internal.BufferedDataReader.BufferedDataRecord.InitializeAsync(DbDataReader reader, IReadOnlyList`1 columns, CancellationToken cancellationToken)
   at Microsoft.EntityFrameworkCore.Query.Internal.BufferedDataReader.InitializeAsync(IReadOnlyList`1 columns, CancellationToken cancellationToken)
   at Microsoft.EntityFrameworkCore.Query.Internal.BufferedDataReader.InitializeAsync(IReadOnlyList`1 columns, CancellationToken cancellationToken)
   at Microsoft.EntityFrameworkCore.Storage.RelationalCommand.ExecuteReaderAsync(RelationalCommandParameterObject parameterObject, CancellationToken cancellationToken)
   at Microsoft.EntityFrameworkCore.Storage.RelationalCommand.ExecuteReaderAsync(RelationalCommandParameterObject parameterObject, CancellationToken cancellationToken)
   at Microsoft.EntityFrameworkCore.Query.Internal.SingleQueryingEnumerable`1.AsyncEnumerator.InitializeReaderAsync(AsyncEnumerator enumerator, CancellationToken cancellationToken)
   at Microsoft.EntityFrameworkCore.Storage.ExecutionStrategy.ExecuteAsync[TState,TResult](TState state, Func`4 operation, Func`4 verifySucceeded, CancellationToken cancellationToken)
   at Microsoft.EntityFrameworkCore.Query.Internal.SingleQueryingEnumerable`1.AsyncEnumerator.MoveNextAsync()
2026-04-16 15:10:51 | INF | CONTROLLER_EXEC | Acc= admin | IP=::1 | Path=ADS999002/UpdatePermission | Message=POST /ADS999002/UpdatePermission
2026-04-16 15:10:51 | INF | ACTION_TRACE | Acc=admin | Path=/ADS999002/UpdatePermission | IP=::1 | Start=2026-04-16 15:10:51.957 | Elapsed=28ms | Status=Completed
2026-04-16 15:11:40 | INF | ACTION_TRACE | Acc=admin | Path=/AdminPortal/Home/Index | IP=::1 | Start=2026-04-16 15:11:40.807 | Elapsed=36ms | Status=Completed
2026-04-16 15:11:40 | INF | ACTION_TRACE | Acc=admin | Path=/.well-known/appspecific/com.chrome.devtools.json | IP=::1 | Start=2026-04-16 15:11:40.995 | Elapsed=0ms | Status=Completed
2026-04-16 15:11:46 | INF | CONTROLLER_EXEC | Acc= admin | IP=::1 | Path=ADS999002/ADS999002 | Message=GET /ADS999002/ADS999002
2026-04-16 15:11:46 | INF | ACTION_TRACE | Acc=admin | Path=/ADS999002/ADS999002 | IP=::1 | Start=2026-04-16 15:11:46.209 | Elapsed=34ms | Status=Completed
2026-04-16 15:11:46 | INF | ACTION_TRACE | Acc=admin | Path=/sm/6cf3a2be173716d0e4726c68ef6634f00cefa4e7428560c2debae6f24389d3c1.map | IP=::1 | Start=2026-04-16 15:11:46.291 | Elapsed=0ms | Status=Completed
2026-04-16 15:11:46 | INF | CONTROLLER_EXEC | Acc= admin | IP=::1 | Path=ADS999002/GetAllRoleList | Message=POST /ADS999002/GetAllRoleList
2026-04-16 15:11:46 | INF | ACTION_TRACE | Acc=admin | Path=/ADS999002/GetAllRoleList | IP=::1 | Start=2026-04-16 15:11:46.414 | Elapsed=31ms | Status=Completed
2026-04-16 15:11:48 | INF | CONTROLLER_EXEC | Acc= admin | IP=::1 | Path=ADS999002/GetPermission | Message=POST /ADS999002/GetPermission
2026-04-16 15:11:48 | INF | ACTION_TRACE | Acc=admin | Path=/ADS999002/GetPermission | IP=::1 | Start=2026-04-16 15:11:48.036 | Elapsed=12ms | Status=Completed
2026-04-16 15:11:49 | ERR | An exception occurred while iterating over the results of a query for context type 'EHRIS.Core.DbContext.ApplicationDbContext'.
System.InvalidCastException: Unable to cast object of type 'System.Boolean' to type 'System.Byte'.
   at Microsoft.Data.SqlClient.SqlBuffer.get_Byte()
   at Microsoft.Data.SqlClient.SqlDataReader.GetByte(Int32 i)
   at Microsoft.EntityFrameworkCore.Query.Internal.BufferedDataReader.BufferedDataRecord.ReadByte(DbDataReader reader, Int32 ordinal, ReaderColumn column)
   at Microsoft.EntityFrameworkCore.Query.Internal.BufferedDataReader.BufferedDataRecord.ReadRow()
   at Microsoft.EntityFrameworkCore.Query.Internal.BufferedDataReader.BufferedDataRecord.InitializeAsync(DbDataReader reader, IReadOnlyList`1 columns, CancellationToken cancellationToken)
   at Microsoft.EntityFrameworkCore.Query.Internal.BufferedDataReader.InitializeAsync(IReadOnlyList`1 columns, CancellationToken cancellationToken)
   at Microsoft.EntityFrameworkCore.Query.Internal.BufferedDataReader.InitializeAsync(IReadOnlyList`1 columns, CancellationToken cancellationToken)
   at Microsoft.EntityFrameworkCore.Storage.RelationalCommand.ExecuteReaderAsync(RelationalCommandParameterObject parameterObject, CancellationToken cancellationToken)
   at Microsoft.EntityFrameworkCore.Storage.RelationalCommand.ExecuteReaderAsync(RelationalCommandParameterObject parameterObject, CancellationToken cancellationToken)
   at Microsoft.EntityFrameworkCore.Query.Internal.SingleQueryingEnumerable`1.AsyncEnumerator.InitializeReaderAsync(AsyncEnumerator enumerator, CancellationToken cancellationToken)
   at Microsoft.EntityFrameworkCore.Storage.ExecutionStrategy.ExecuteAsync[TState,TResult](TState state, Func`4 operation, Func`4 verifySucceeded, CancellationToken cancellationToken)
   at Microsoft.EntityFrameworkCore.Query.Internal.SingleQueryingEnumerable`1.AsyncEnumerator.MoveNextAsync()
2026-04-16 15:21:33 | WRN | No store type was specified for the decimal property 'OveMoney' on entity type 'HROvertime'. This will cause values to be silently truncated if they do not fit in the default precision and scale. Explicitly specify the SQL server column type that can accommodate all the values in 'OnModelCreating' using 'HasColumnType', specify precision and scale using 'HasPrecision', or configure a value converter using 'HasConversion'.
2026-04-16 15:21:33 | WRN | No store type was specified for the decimal property 'Wag1D1Hour' on entity type 'HRWage'. This will cause values to be silently truncated if they do not fit in the default precision and scale. Explicitly specify the SQL server column type that can accommodate all the values in 'OnModelCreating' using 'HasColumnType', specify precision and scale using 'HasPrecision', or configure a value converter using 'HasConversion'.
2026-04-16 15:21:33 | WRN | No store type was specified for the decimal property 'Wag2D1Hour' on entity type 'HRWage'. This will cause values to be silently truncated if they do not fit in the default precision and scale. Explicitly specify the SQL server column type that can accommodate all the values in 'OnModelCreating' using 'HasColumnType', specify precision and scale using 'HasPrecision', or configure a value converter using 'HasConversion'.
2026-04-16 15:21:33 | WRN | No store type was specified for the decimal property 'Wag4D3Hour' on entity type 'HRWage'. This will cause values to be silently truncated if they do not fit in the default precision and scale. Explicitly specify the SQL server column type that can accommodate all the values in 'OnModelCreating' using 'HasColumnType', specify precision and scale using 'HasPrecision', or configure a value converter using 'HasConversion'.
2026-04-16 15:21:33 | WRN | No store type was specified for the decimal property 'Wag5D3Hour' on entity type 'HRWage'. This will cause values to be silently truncated if they do not fit in the default precision and scale. Explicitly specify the SQL server column type that can accommodate all the values in 'OnModelCreating' using 'HasColumnType', specify precision and scale using 'HasPrecision', or configure a value converter using 'HasConversion'.
2026-04-16 15:21:33 | WRN | No store type was specified for the decimal property 'Wag8D3Hour' on entity type 'HRWage'. This will cause values to be silently truncated if they do not fit in the default precision and scale. Explicitly specify the SQL server column type that can accommodate all the values in 'OnModelCreating' using 'HasColumnType', specify precision and scale using 'HasPrecision', or configure a value converter using 'HasConversion'.
2026-04-16 15:21:33 | WRN | No store type was specified for the decimal property 'WagApplyHour' on entity type 'HRWage'. This will cause values to be silently truncated if they do not fit in the default precision and scale. Explicitly specify the SQL server column type that can accommodate all the values in 'OnModelCreating' using 'HasColumnType', specify precision and scale using 'HasPrecision', or configure a value converter using 'HasConversion'.
2026-04-16 15:21:33 | WRN | No store type was specified for the decimal property 'WagIssueHour' on entity type 'HRWage'. This will cause values to be silently truncated if they do not fit in the default precision and scale. Explicitly specify the SQL server column type that can accommodate all the values in 'OnModelCreating' using 'HasColumnType', specify precision and scale using 'HasPrecision', or configure a value converter using 'HasConversion'.
2026-04-16 15:21:33 | WRN | No store type was specified for the decimal property 'WagSubtotal' on entity type 'HRWage'. This will cause values to be silently truncated if they do not fit in the default precision and scale. Explicitly specify the SQL server column type that can accommodate all the values in 'OnModelCreating' using 'HasColumnType', specify precision and scale using 'HasPrecision', or configure a value converter using 'HasConversion'.
2026-04-16 15:21:38 | WRN | The query uses the 'First'/'FirstOrDefault' operator without 'OrderBy' and filter operators. This may lead to unpredictable results.
2026-04-16 15:21:39 | INF | ACTION_TRACE | Acc=admin | Path=/ | IP=::1 | Start=2026-04-16 15:21:32.948 | Elapsed=6845ms | Status=Completed
2026-04-16 15:21:39 | INF | NETWORK_UNSTABLE | Acc=admin | Path=/ | Reason=SlowRequest 6845ms
2026-04-16 15:21:39 | INF | ACTION_TRACE | Acc=admin | Path=/Captcha/Generate | IP=::1 | Start=2026-04-16 15:21:39.960 | Elapsed=38ms | Status=Completed
2026-04-16 15:21:40 | INF | ACTION_TRACE | Acc=admin | Path=/DNTCaptchaImage/Show | IP=::1 | Start=2026-04-16 15:21:40.023 | Elapsed=127ms | Status=Completed
2026-04-16 15:22:21 | INF | ACTION_TRACE | Acc=admin | Path=/AdminPortal/Account/Login | IP=::1 | Start=2026-04-16 15:22:21.412 | Elapsed=124ms | Status=Completed
2026-04-16 15:22:21 | INF | ACTION_TRACE | Acc=admin | Path=/Captcha/Generate | IP=::1 | Start=2026-04-16 15:22:21.688 | Elapsed=4ms | Status=Completed
2026-04-16 15:22:21 | INF | ACTION_TRACE | Acc=admin | Path=/DNTCaptchaImage/Show | IP=::1 | Start=2026-04-16 15:22:21.709 | Elapsed=16ms | Status=Completed
2026-04-16 15:22:33 | INF | ACTION_TRACE | Acc=admin | Path=/AdminPortal/Account/Login | IP=::1 | Start=2026-04-16 15:22:25.103 | Elapsed=8847ms | Status=Completed
2026-04-16 15:22:33 | INF | NETWORK_UNSTABLE | Acc=admin | Path=/AdminPortal/Account/Login | Reason=SlowRequest 8847ms
2026-04-16 15:22:34 | INF | ACTION_TRACE | Acc=admin | Path=/AdminPortal/Home/Index | IP=::1 | Start=2026-04-16 15:22:33.972 | Elapsed=120ms | Status=Completed
2026-04-16 15:22:38 | INF | CONTROLLER_EXEC | Acc= admin | IP=::1 | Path=ADS999002/ADS999002 | Message=GET /ADS999002/ADS999002
2026-04-16 15:22:38 | INF | ACTION_TRACE | Acc=admin | Path=/ADS999002/ADS999002 | IP=::1 | Start=2026-04-16 15:22:38.303 | Elapsed=115ms | Status=Completed
2026-04-16 15:22:38 | INF | CONTROLLER_EXEC | Acc= admin | IP=::1 | Path=ADS999002/GetAllRoleList | Message=POST /ADS999002/GetAllRoleList
2026-04-16 15:22:38 | INF | ACTION_TRACE | Acc=admin | Path=/ADS999002/GetAllRoleList | IP=::1 | Start=2026-04-16 15:22:38.475 | Elapsed=40ms | Status=Completed
2026-04-16 15:22:39 | INF | CONTROLLER_EXEC | Acc= admin | IP=::1 | Path=ADS999002/GetPermission | Message=POST /ADS999002/GetPermission
2026-04-16 15:22:39 | INF | ACTION_TRACE | Acc=admin | Path=/ADS999002/GetPermission | IP=::1 | Start=2026-04-16 15:22:39.957 | Elapsed=30ms | Status=Completed
2026-04-16 15:22:41 | INF | CONTROLLER_EXEC | Acc= admin | IP=::1 | Path=ADS999002/GetPermission | Message=POST /ADS999002/GetPermission
2026-04-16 15:22:41 | INF | ACTION_TRACE | Acc=admin | Path=/ADS999002/GetPermission | IP=::1 | Start=2026-04-16 15:22:41.646 | Elapsed=3ms | Status=Completed
2026-04-16 15:22:47 | INF | ACTION_TRACE | Acc=admin | Path=/.well-known/appspecific/com.chrome.devtools.json | IP=::1 | Start=2026-04-16 15:22:47.258 | Elapsed=0ms | Status=Completed
2026-04-16 15:22:47 | INF | ACTION_TRACE | Acc=admin | Path=/sm/6cf3a2be173716d0e4726c68ef6634f00cefa4e7428560c2debae6f24389d3c1.map | IP=::1 | Start=2026-04-16 15:22:47.386 | Elapsed=0ms | Status=Completed
2026-04-16 15:22:48 | INF | CONTROLLER_EXEC | Acc= admin | IP=::1 | Path=ADS999002/UpdatePermission | Message=POST /ADS999002/UpdatePermission
2026-04-16 15:22:48 | INF | ACTION_TRACE | Acc=admin | Path=/ADS999002/UpdatePermission | IP=::1 | Start=2026-04-16 15:22:43.587 | Elapsed=5067ms | Status=Completed
2026-04-16 15:22:48 | INF | NETWORK_UNSTABLE | Acc=admin | Path=/ADS999002/UpdatePermission | Reason=SlowRequest 5067ms
2026-04-16 15:22:50 | INF | CONTROLLER_EXEC | Acc= admin | IP=::1 | Path=ADS999002/GetPermission | Message=POST /ADS999002/GetPermission
2026-04-16 15:22:50 | INF | ACTION_TRACE | Acc=admin | Path=/ADS999002/GetPermission | IP=::1 | Start=2026-04-16 15:22:50.627 | Elapsed=3ms | Status=Completed
2026-04-16 15:22:52 | INF | CONTROLLER_EXEC | Acc= admin | IP=::1 | Path=ADS999002/UpdatePermission | Message=POST /ADS999002/UpdatePermission
2026-04-16 15:22:52 | INF | ACTION_TRACE | Acc=admin | Path=/ADS999002/UpdatePermission | IP=::1 | Start=2026-04-16 15:22:44.539 | Elapsed=8369ms | Status=Completed
2026-04-16 15:22:52 | INF | NETWORK_UNSTABLE | Acc=admin | Path=/ADS999002/UpdatePermission | Reason=SlowRequest 8369ms
2026-04-16 15:22:54 | INF | CONTROLLER_EXEC | Acc= admin | IP=::1 | Path=ADS999002/GetPermission | Message=POST /ADS999002/GetPermission
2026-04-16 15:22:54 | INF | ACTION_TRACE | Acc=admin | Path=/ADS999002/GetPermission | IP=::1 | Start=2026-04-16 15:22:54.630 | Elapsed=2ms | Status=Completed
2026-04-16 15:22:57 | INF | CONTROLLER_EXEC | Acc= admin | IP=::1 | Path=ADS999002/UpdatePermission | Message=POST /ADS999002/UpdatePermission
2026-04-16 15:22:57 | INF | ACTION_TRACE | Acc=admin | Path=/ADS999002/UpdatePermission | IP=::1 | Start=2026-04-16 15:22:44.712 | Elapsed=12873ms | Status=Completed
2026-04-16 15:22:57 | INF | NETWORK_UNSTABLE | Acc=admin | Path=/ADS999002/UpdatePermission | Reason=SlowRequest 12873ms
2026-04-16 15:23:00 | INF | ACTION_TRACE | Acc=admin | Path=/AdminPortal/Home/Index | IP=::1 | Start=2026-04-16 15:23:00.114 | Elapsed=11ms | Status=Completed
2026-04-16 15:23:00 | INF | ACTION_TRACE | Acc=admin | Path=/.well-known/appspecific/com.chrome.devtools.json | IP=::1 | Start=2026-04-16 15:23:00.203 | Elapsed=0ms | Status=Completed
2026-04-16 15:23:02 | INF | CONTROLLER_EXEC | Acc= admin | IP=::1 | Path=ADS999002/ADS999002 | Message=GET /ADS999002/ADS999002
2026-04-16 15:23:02 | INF | ACTION_TRACE | Acc=admin | Path=/ADS999002/ADS999002 | IP=::1 | Start=2026-04-16 15:23:02.440 | Elapsed=5ms | Status=Completed
2026-04-16 15:23:02 | INF | ACTION_TRACE | Acc=admin | Path=/sm/6cf3a2be173716d0e4726c68ef6634f00cefa4e7428560c2debae6f24389d3c1.map | IP=::1 | Start=2026-04-16 15:23:02.502 | Elapsed=0ms | Status=Completed
2026-04-16 15:23:02 | INF | CONTROLLER_EXEC | Acc= admin | IP=::1 | Path=ADS999002/GetAllRoleList | Message=POST /ADS999002/GetAllRoleList
2026-04-16 15:23:02 | INF | ACTION_TRACE | Acc=admin | Path=/ADS999002/GetAllRoleList | IP=::1 | Start=2026-04-16 15:23:02.542 | Elapsed=3ms | Status=Completed
2026-04-16 15:23:03 | INF | CONTROLLER_EXEC | Acc= admin | IP=::1 | Path=ADS999002/GetPermission | Message=POST /ADS999002/GetPermission
2026-04-16 15:23:03 | INF | ACTION_TRACE | Acc=admin | Path=/ADS999002/GetPermission | IP=::1 | Start=2026-04-16 15:23:03.982 | Elapsed=2ms | Status=Completed
2026-04-16 15:23:07 | INF | CONTROLLER_EXEC | Acc= admin | IP=::1 | Path=ADS999002/UpdatePermission | Message=POST /ADS999002/UpdatePermission
2026-04-16 15:23:07 | INF | ACTION_TRACE | Acc=admin | Path=/ADS999002/UpdatePermission | IP=::1 | Start=2026-04-16 15:23:07.943 | Elapsed=55ms | Status=Completed
2026-04-16 15:23:10 | INF | ACTION_TRACE | Acc=admin | Path=/AdminPortal/Home/Index | IP=::1 | Start=2026-04-16 15:23:10.250 | Elapsed=7ms | Status=Completed
2026-04-16 15:23:10 | INF | ACTION_TRACE | Acc=admin | Path=/.well-known/appspecific/com.chrome.devtools.json | IP=::1 | Start=2026-04-16 15:23:10.335 | Elapsed=0ms | Status=Completed
2026-04-16 15:23:13 | INF | CONTROLLER_EXEC | Acc= admin | IP=::1 | Path=ADS999002/ADS999002 | Message=GET /ADS999002/ADS999002
2026-04-16 15:23:13 | INF | ACTION_TRACE | Acc=admin | Path=/ADS999002/ADS999002 | IP=::1 | Start=2026-04-16 15:23:13.079 | Elapsed=7ms | Status=Completed
2026-04-16 15:23:13 | INF | ACTION_TRACE | Acc=admin | Path=/sm/6cf3a2be173716d0e4726c68ef6634f00cefa4e7428560c2debae6f24389d3c1.map | IP=::1 | Start=2026-04-16 15:23:13.147 | Elapsed=0ms | Status=Completed
2026-04-16 15:23:13 | INF | CONTROLLER_EXEC | Acc= admin | IP=::1 | Path=ADS999002/GetAllRoleList | Message=POST /ADS999002/GetAllRoleList
2026-04-16 15:23:13 | INF | ACTION_TRACE | Acc=admin | Path=/ADS999002/GetAllRoleList | IP=::1 | Start=2026-04-16 15:23:13.209 | Elapsed=4ms | Status=Completed
2026-04-16 15:29:52 | WRN | No store type was specified for the decimal property 'OveMoney' on entity type 'HROvertime'. This will cause values to be silently truncated if they do not fit in the default precision and scale. Explicitly specify the SQL server column type that can accommodate all the values in 'OnModelCreating' using 'HasColumnType', specify precision and scale using 'HasPrecision', or configure a value converter using 'HasConversion'.
2026-04-16 15:29:52 | WRN | No store type was specified for the decimal property 'Wag1D1Hour' on entity type 'HRWage'. This will cause values to be silently truncated if they do not fit in the default precision and scale. Explicitly specify the SQL server column type that can accommodate all the values in 'OnModelCreating' using 'HasColumnType', specify precision and scale using 'HasPrecision', or configure a value converter using 'HasConversion'.
2026-04-16 15:29:52 | WRN | No store type was specified for the decimal property 'Wag2D1Hour' on entity type 'HRWage'. This will cause values to be silently truncated if they do not fit in the default precision and scale. Explicitly specify the SQL server column type that can accommodate all the values in 'OnModelCreating' using 'HasColumnType', specify precision and scale using 'HasPrecision', or configure a value converter using 'HasConversion'.
2026-04-16 15:29:52 | WRN | No store type was specified for the decimal property 'Wag4D3Hour' on entity type 'HRWage'. This will cause values to be silently truncated if they do not fit in the default precision and scale. Explicitly specify the SQL server column type that can accommodate all the values in 'OnModelCreating' using 'HasColumnType', specify precision and scale using 'HasPrecision', or configure a value converter using 'HasConversion'.
2026-04-16 15:29:52 | WRN | No store type was specified for the decimal property 'Wag5D3Hour' on entity type 'HRWage'. This will cause values to be silently truncated if they do not fit in the default precision and scale. Explicitly specify the SQL server column type that can accommodate all the values in 'OnModelCreating' using 'HasColumnType', specify precision and scale using 'HasPrecision', or configure a value converter using 'HasConversion'.
2026-04-16 15:29:52 | WRN | No store type was specified for the decimal property 'Wag8D3Hour' on entity type 'HRWage'. This will cause values to be silently truncated if they do not fit in the default precision and scale. Explicitly specify the SQL server column type that can accommodate all the values in 'OnModelCreating' using 'HasColumnType', specify precision and scale using 'HasPrecision', or configure a value converter using 'HasConversion'.
2026-04-16 15:29:52 | WRN | No store type was specified for the decimal property 'WagApplyHour' on entity type 'HRWage'. This will cause values to be silently truncated if they do not fit in the default precision and scale. Explicitly specify the SQL server column type that can accommodate all the values in 'OnModelCreating' using 'HasColumnType', specify precision and scale using 'HasPrecision', or configure a value converter using 'HasConversion'.
2026-04-16 15:29:52 | WRN | No store type was specified for the decimal property 'WagIssueHour' on entity type 'HRWage'. This will cause values to be silently truncated if they do not fit in the default precision and scale. Explicitly specify the SQL server column type that can accommodate all the values in 'OnModelCreating' using 'HasColumnType', specify precision and scale using 'HasPrecision', or configure a value converter using 'HasConversion'.
2026-04-16 15:29:52 | WRN | No store type was specified for the decimal property 'WagSubtotal' on entity type 'HRWage'. This will cause values to be silently truncated if they do not fit in the default precision and scale. Explicitly specify the SQL server column type that can accommodate all the values in 'OnModelCreating' using 'HasColumnType', specify precision and scale using 'HasPrecision', or configure a value converter using 'HasConversion'.
2026-04-16 15:29:57 | WRN | The query uses the 'First'/'FirstOrDefault' operator without 'OrderBy' and filter operators. This may lead to unpredictable results.
2026-04-16 15:29:58 | INF | ACTION_TRACE | Acc=admin | Path=/ | IP=::1 | Start=2026-04-16 15:29:51.549 | Elapsed=6820ms | Status=Completed
2026-04-16 15:29:58 | INF | NETWORK_UNSTABLE | Acc=admin | Path=/ | Reason=SlowRequest 6820ms
2026-04-16 15:29:58 | INF | ACTION_TRACE | Acc=admin | Path=/Captcha/Generate | IP=::1 | Start=2026-04-16 15:29:58.554 | Elapsed=53ms | Status=Completed
2026-04-16 15:29:58 | INF | ACTION_TRACE | Acc=admin | Path=/DNTCaptchaImage/Show | IP=::1 | Start=2026-04-16 15:29:58.637 | Elapsed=120ms | Status=Completed
2026-04-16 15:30:02 | INF | ACTION_TRACE | Acc=admin | Path=/AdminPortal/Account/Login | IP=::1 | Start=2026-04-16 15:30:02.290 | Elapsed=95ms | Status=Completed
2026-04-16 15:30:02 | INF | ACTION_TRACE | Acc=admin | Path=/Captcha/Generate | IP=::1 | Start=2026-04-16 15:30:02.486 | Elapsed=5ms | Status=Completed
2026-04-16 15:30:02 | INF | ACTION_TRACE | Acc=admin | Path=/DNTCaptchaImage/Show | IP=::1 | Start=2026-04-16 15:30:02.497 | Elapsed=15ms | Status=Completed
2026-04-16 15:30:14 | INF | ACTION_TRACE | Acc=admin | Path=/AdminPortal/Account/Login | IP=::1 | Start=2026-04-16 15:30:05.723 | Elapsed=8636ms | Status=Completed
2026-04-16 15:30:14 | INF | NETWORK_UNSTABLE | Acc=admin | Path=/AdminPortal/Account/Login | Reason=SlowRequest 8636ms
2026-04-16 15:30:14 | INF | ACTION_TRACE | Acc=admin | Path=/AdminPortal/Home/Index | IP=::1 | Start=2026-04-16 15:30:14.379 | Elapsed=125ms | Status=Completed
2026-04-16 15:30:18 | INF | CONTROLLER_EXEC | Acc= admin | IP=::1 | Path=ADS999002/ADS999002 | Message=GET /ADS999002/ADS999002
2026-04-16 15:30:18 | INF | ACTION_TRACE | Acc=admin | Path=/ADS999002/ADS999002 | IP=::1 | Start=2026-04-16 15:30:18.677 | Elapsed=65ms | Status=Completed
2026-04-16 15:30:18 | INF | CONTROLLER_EXEC | Acc= admin | IP=::1 | Path=ADS999002/GetAllRoleList | Message=POST /ADS999002/GetAllRoleList
2026-04-16 15:30:18 | INF | ACTION_TRACE | Acc=admin | Path=/ADS999002/GetAllRoleList | IP=::1 | Start=2026-04-16 15:30:18.813 | Elapsed=56ms | Status=Completed
2026-04-16 15:30:24 | INF | ACTION_TRACE | Acc=admin | Path=/.well-known/appspecific/com.chrome.devtools.json | IP=::1 | Start=2026-04-16 15:30:24.694 | Elapsed=0ms | Status=Completed
2026-04-16 15:30:24 | INF | ACTION_TRACE | Acc=admin | Path=/sm/6cf3a2be173716d0e4726c68ef6634f00cefa4e7428560c2debae6f24389d3c1.map | IP=::1 | Start=2026-04-16 15:30:24.790 | Elapsed=0ms | Status=Completed
2026-04-16 15:30:24 | INF | ACTION_TRACE | Acc=admin | Path=/AdminPortal/Home/Index | IP=::1 | Start=2026-04-16 15:30:24.909 | Elapsed=10ms | Status=Completed
2026-04-16 15:30:24 | INF | ACTION_TRACE | Acc=admin | Path=/.well-known/appspecific/com.chrome.devtools.json | IP=::1 | Start=2026-04-16 15:30:24.948 | Elapsed=0ms | Status=Completed
2026-04-16 15:30:28 | INF | CONTROLLER_EXEC | Acc= admin | IP=::1 | Path=ADS999002/ADS999002 | Message=GET /ADS999002/ADS999002
2026-04-16 15:30:28 | INF | ACTION_TRACE | Acc=admin | Path=/ADS999002/ADS999002 | IP=::1 | Start=2026-04-16 15:30:28.045 | Elapsed=7ms | Status=Completed
2026-04-16 15:30:28 | INF | ACTION_TRACE | Acc=admin | Path=/sm/6cf3a2be173716d0e4726c68ef6634f00cefa4e7428560c2debae6f24389d3c1.map | IP=::1 | Start=2026-04-16 15:30:28.100 | Elapsed=0ms | Status=Completed
2026-04-16 15:30:28 | INF | CONTROLLER_EXEC | Acc= admin | IP=::1 | Path=ADS999002/GetAllRoleList | Message=POST /ADS999002/GetAllRoleList
2026-04-16 15:30:28 | INF | ACTION_TRACE | Acc=admin | Path=/ADS999002/GetAllRoleList | IP=::1 | Start=2026-04-16 15:30:28.159 | Elapsed=6ms | Status=Completed
2026-04-16 15:32:31 | WRN | No store type was specified for the decimal property 'OveMoney' on entity type 'HROvertime'. This will cause values to be silently truncated if they do not fit in the default precision and scale. Explicitly specify the SQL server column type that can accommodate all the values in 'OnModelCreating' using 'HasColumnType', specify precision and scale using 'HasPrecision', or configure a value converter using 'HasConversion'.
2026-04-16 15:32:31 | WRN | No store type was specified for the decimal property 'Wag1D1Hour' on entity type 'HRWage'. This will cause values to be silently truncated if they do not fit in the default precision and scale. Explicitly specify the SQL server column type that can accommodate all the values in 'OnModelCreating' using 'HasColumnType', specify precision and scale using 'HasPrecision', or configure a value converter using 'HasConversion'.
2026-04-16 15:32:31 | WRN | No store type was specified for the decimal property 'Wag2D1Hour' on entity type 'HRWage'. This will cause values to be silently truncated if they do not fit in the default precision and scale. Explicitly specify the SQL server column type that can accommodate all the values in 'OnModelCreating' using 'HasColumnType', specify precision and scale using 'HasPrecision', or configure a value converter using 'HasConversion'.
2026-04-16 15:32:31 | WRN | No store type was specified for the decimal property 'Wag4D3Hour' on entity type 'HRWage'. This will cause values to be silently truncated if they do not fit in the default precision and scale. Explicitly specify the SQL server column type that can accommodate all the values in 'OnModelCreating' using 'HasColumnType', specify precision and scale using 'HasPrecision', or configure a value converter using 'HasConversion'.
2026-04-16 15:32:31 | WRN | No store type was specified for the decimal property 'Wag5D3Hour' on entity type 'HRWage'. This will cause values to be silently truncated if they do not fit in the default precision and scale. Explicitly specify the SQL server column type that can accommodate all the values in 'OnModelCreating' using 'HasColumnType', specify precision and scale using 'HasPrecision', or configure a value converter using 'HasConversion'.
2026-04-16 15:32:31 | WRN | No store type was specified for the decimal property 'Wag8D3Hour' on entity type 'HRWage'. This will cause values to be silently truncated if they do not fit in the default precision and scale. Explicitly specify the SQL server column type that can accommodate all the values in 'OnModelCreating' using 'HasColumnType', specify precision and scale using 'HasPrecision', or configure a value converter using 'HasConversion'.
2026-04-16 15:32:31 | WRN | No store type was specified for the decimal property 'WagApplyHour' on entity type 'HRWage'. This will cause values to be silently truncated if they do not fit in the default precision and scale. Explicitly specify the SQL server column type that can accommodate all the values in 'OnModelCreating' using 'HasColumnType', specify precision and scale using 'HasPrecision', or configure a value converter using 'HasConversion'.
2026-04-16 15:32:31 | WRN | No store type was specified for the decimal property 'WagIssueHour' on entity type 'HRWage'. This will cause values to be silently truncated if they do not fit in the default precision and scale. Explicitly specify the SQL server column type that can accommodate all the values in 'OnModelCreating' using 'HasColumnType', specify precision and scale using 'HasPrecision', or configure a value converter using 'HasConversion'.
2026-04-16 15:32:31 | WRN | No store type was specified for the decimal property 'WagSubtotal' on entity type 'HRWage'. This will cause values to be silently truncated if they do not fit in the default precision and scale. Explicitly specify the SQL server column type that can accommodate all the values in 'OnModelCreating' using 'HasColumnType', specify precision and scale using 'HasPrecision', or configure a value converter using 'HasConversion'.
2026-04-16 15:32:36 | WRN | The query uses the 'First'/'FirstOrDefault' operator without 'OrderBy' and filter operators. This may lead to unpredictable results.
2026-04-16 15:32:37 | INF | ACTION_TRACE | Acc=admin | Path=/ | IP=::1 | Start=2026-04-16 15:32:30.858 | Elapsed=6915ms | Status=Completed
2026-04-16 15:32:37 | INF | NETWORK_UNSTABLE | Acc=admin | Path=/ | Reason=SlowRequest 6915ms
2026-04-16 15:32:37 | INF | ACTION_TRACE | Acc=admin | Path=/Captcha/Generate | IP=::1 | Start=2026-04-16 15:32:37.926 | Elapsed=40ms | Status=Completed
2026-04-16 15:32:38 | INF | ACTION_TRACE | Acc=admin | Path=/DNTCaptchaImage/Show | IP=::1 | Start=2026-04-16 15:32:37.990 | Elapsed=105ms | Status=Completed
2026-04-16 15:32:42 | INF | ACTION_TRACE | Acc=admin | Path=/AdminPortal/Account/Login | IP=::1 | Start=2026-04-16 15:32:42.053 | Elapsed=99ms | Status=Completed
2026-04-16 15:32:42 | INF | ACTION_TRACE | Acc=admin | Path=/Captcha/Generate | IP=::1 | Start=2026-04-16 15:32:42.253 | Elapsed=4ms | Status=Completed
2026-04-16 15:32:42 | INF | ACTION_TRACE | Acc=admin | Path=/DNTCaptchaImage/Show | IP=::1 | Start=2026-04-16 15:32:42.270 | Elapsed=17ms | Status=Completed
2026-04-16 15:33:03 | INF | ACTION_TRACE | Acc=admin | Path=/AdminPortal/Account/Login | IP=::1 | Start=2026-04-16 15:32:54.635 | Elapsed=8532ms | Status=Completed
2026-04-16 15:33:03 | INF | NETWORK_UNSTABLE | Acc=admin | Path=/AdminPortal/Account/Login | Reason=SlowRequest 8532ms
2026-04-16 15:33:03 | INF | ACTION_TRACE | Acc=admin | Path=/AdminPortal/Home/Index | IP=::1 | Start=2026-04-16 15:33:03.179 | Elapsed=175ms | Status=Completed
2026-04-16 15:33:31 | INF | CONTROLLER_EXEC | Acc= admin | IP=::1 | Path=ADS999002/ADS999002 | Message=GET /ADS999002/ADS999002
2026-04-16 15:33:31 | INF | ACTION_TRACE | Acc=admin | Path=/ADS999002/ADS999002 | IP=::1 | Start=2026-04-16 15:33:31.490 | Elapsed=65ms | Status=Completed
2026-04-16 15:33:31 | INF | CONTROLLER_EXEC | Acc= admin | IP=::1 | Path=ADS999002/GetAllRoleList | Message=POST /ADS999002/GetAllRoleList
2026-04-16 15:33:31 | INF | ACTION_TRACE | Acc=admin | Path=/ADS999002/GetAllRoleList | IP=::1 | Start=2026-04-16 15:33:31.635 | Elapsed=61ms | Status=Completed
2026-04-16 15:33:34 | INF | CONTROLLER_EXEC | Acc= admin | IP=::1 | Path=ADS999002/GetPeople | Message=POST /ADS999002/GetPeople
2026-04-16 15:33:34 | INF | ACTION_TRACE | Acc=admin | Path=/ADS999002/GetPeople | IP=::1 | Start=2026-04-16 15:33:34.245 | Elapsed=36ms | Status=Completed
2026-04-16 15:33:36 | INF | CONTROLLER_EXEC | Acc= admin | IP=::1 | Path=ADS999002/GetPermission | Message=POST /ADS999002/GetPermission
2026-04-16 15:33:36 | INF | ACTION_TRACE | Acc=admin | Path=/ADS999002/GetPermission | IP=::1 | Start=2026-04-16 15:33:36.514 | Elapsed=29ms | Status=Completed
2026-04-16 15:33:40 | INF | ACTION_TRACE | Acc=admin | Path=/.well-known/appspecific/com.chrome.devtools.json | IP=::1 | Start=2026-04-16 15:33:40.059 | Elapsed=0ms | Status=Completed
2026-04-16 15:33:40 | INF | ACTION_TRACE | Acc=admin | Path=/sm/6cf3a2be173716d0e4726c68ef6634f00cefa4e7428560c2debae6f24389d3c1.map | IP=::1 | Start=2026-04-16 15:33:40.175 | Elapsed=0ms | Status=Completed
2026-04-16 15:33:42 | INF | ACTION_TRACE | Acc=admin | Path=/AdminPortal/Home/Index | IP=::1 | Start=2026-04-16 15:33:42.287 | Elapsed=10ms | Status=Completed
2026-04-16 15:33:42 | INF | ACTION_TRACE | Acc=admin | Path=/.well-known/appspecific/com.chrome.devtools.json | IP=::1 | Start=2026-04-16 15:33:42.325 | Elapsed=0ms | Status=Completed
2026-04-16 15:33:42 | INF | CONTROLLER_EXEC | Acc= admin | IP=::1 | Path=ADS999002/UpdatePermission | Message=POST /ADS999002/UpdatePermission
2026-04-16 15:33:42 | INF | ACTION_TRACE | Acc=admin | Path=/ADS999002/UpdatePermission | IP=::1 | Start=2026-04-16 15:33:37.581 | Elapsed=5202ms | Status=Completed
2026-04-16 15:33:42 | INF | NETWORK_UNSTABLE | Acc=admin | Path=/ADS999002/UpdatePermission | Reason=SlowRequest 5202ms
2026-04-16 15:33:44 | INF | CONTROLLER_EXEC | Acc= admin | IP=::1 | Path=ADS999002/ADS999002 | Message=GET /ADS999002/ADS999002
2026-04-16 15:33:44 | INF | ACTION_TRACE | Acc=admin | Path=/ADS999002/ADS999002 | IP=::1 | Start=2026-04-16 15:33:44.092 | Elapsed=4ms | Status=Completed
2026-04-16 15:33:44 | INF | ACTION_TRACE | Acc=admin | Path=/sm/6cf3a2be173716d0e4726c68ef6634f00cefa4e7428560c2debae6f24389d3c1.map | IP=::1 | Start=2026-04-16 15:33:44.150 | Elapsed=0ms | Status=Completed
2026-04-16 15:33:44 | INF | CONTROLLER_EXEC | Acc= admin | IP=::1 | Path=ADS999002/GetAllRoleList | Message=POST /ADS999002/GetAllRoleList
2026-04-16 15:33:44 | INF | ACTION_TRACE | Acc=admin | Path=/ADS999002/GetAllRoleList | IP=::1 | Start=2026-04-16 15:33:44.210 | Elapsed=4ms | Status=Completed
2026-04-16 15:33:45 | INF | CONTROLLER_EXEC | Acc= admin | IP=::1 | Path=ADS999002/GetPermission | Message=POST /ADS999002/GetPermission
2026-04-16 15:33:45 | INF | ACTION_TRACE | Acc=admin | Path=/ADS999002/GetPermission | IP=::1 | Start=2026-04-16 15:33:45.183 | Elapsed=3ms | Status=Completed
2026-04-16 15:33:46 | INF | CONTROLLER_EXEC | Acc= admin | IP=::1 | Path=ADS999002/UpdatePermission | Message=POST /ADS999002/UpdatePermission
2026-04-16 15:33:46 | INF | ACTION_TRACE | Acc=admin | Path=/ADS999002/UpdatePermission | IP=::1 | Start=2026-04-16 15:33:45.965 | Elapsed=74ms | Status=Completed
2026-04-16 15:33:48 | INF | CONTROLLER_EXEC | Acc= admin | IP=::1 | Path=ADS999002/GetRoleByNo | Message=GET /ADS999002/GetRoleByNo
2026-04-16 15:33:48 | INF | ACTION_TRACE | Acc=admin | Path=/ADS999002/GetRoleByNo | IP=::1 | Start=2026-04-16 15:33:48.194 | Elapsed=25ms | Status=Completed
2026-04-16 15:33:49 | INF | CONTROLLER_EXEC | Acc= admin | IP=::1 | Path=ADS999002/UpdateRole | Message=POST /ADS999002/UpdateRole
2026-04-16 15:33:49 | INF | ACTION_TRACE | Acc=admin | Path=/ADS999002/UpdateRole | IP=::1 | Start=2026-04-16 15:33:49.009 | Elapsed=64ms | Status=Completed
2026-04-16 15:33:49 | INF | CONTROLLER_EXEC | Acc= admin | IP=::1 | Path=ADS999002/GetAllRoleList | Message=POST /ADS999002/GetAllRoleList
2026-04-16 15:33:49 | INF | ACTION_TRACE | Acc=admin | Path=/ADS999002/GetAllRoleList | IP=::1 | Start=2026-04-16 15:33:49.080 | Elapsed=3ms | Status=Completed
2026-04-16 15:33:50 | INF | CONTROLLER_EXEC | Acc= admin | IP=::1 | Path=ADS999002/GetPermission | Message=POST /ADS999002/GetPermission
2026-04-16 15:33:50 | INF | ACTION_TRACE | Acc=admin | Path=/ADS999002/GetPermission | IP=::1 | Start=2026-04-16 15:33:50.742 | Elapsed=3ms | Status=Completed
2026-04-16 15:33:52 | INF | CONTROLLER_EXEC | Acc= admin | IP=::1 | Path=ADS999002/UpdatePermission | Message=POST /ADS999002/UpdatePermission
2026-04-16 15:33:52 | INF | ACTION_TRACE | Acc=admin | Path=/ADS999002/UpdatePermission | IP=::1 | Start=2026-04-16 15:33:52.779 | Elapsed=64ms | Status=Completed
2026-04-16 15:33:54 | INF | CONTROLLER_EXEC | Acc= admin | IP=::1 | Path=ADS999002/GetRoleByNo | Message=GET /ADS999002/GetRoleByNo
2026-04-16 15:33:54 | INF | ACTION_TRACE | Acc=admin | Path=/ADS999002/GetRoleByNo | IP=::1 | Start=2026-04-16 15:33:54.422 | Elapsed=2ms | Status=Completed
2026-04-16 15:33:57 | INF | CONTROLLER_EXEC | Acc= admin | IP=::1 | Path=ADS999002/UpdateRole | Message=POST /ADS999002/UpdateRole
2026-04-16 15:33:57 | INF | ACTION_TRACE | Acc=admin | Path=/ADS999002/UpdateRole | IP=::1 | Start=2026-04-16 15:33:57.031 | Elapsed=21ms | Status=Completed
2026-04-16 15:33:57 | INF | CONTROLLER_EXEC | Acc= admin | IP=::1 | Path=ADS999002/GetAllRoleList | Message=POST /ADS999002/GetAllRoleList
2026-04-16 15:33:57 | INF | ACTION_TRACE | Acc=admin | Path=/ADS999002/GetAllRoleList | IP=::1 | Start=2026-04-16 15:33:57.058 | Elapsed=3ms | Status=Completed
2026-04-16 15:33:58 | INF | CONTROLLER_EXEC | Acc= admin | IP=::1 | Path=ADS999002/GetRoleByNo | Message=GET /ADS999002/GetRoleByNo
2026-04-16 15:33:58 | INF | ACTION_TRACE | Acc=admin | Path=/ADS999002/GetRoleByNo | IP=::1 | Start=2026-04-16 15:33:58.996 | Elapsed=2ms | Status=Completed
2026-04-16 15:34:00 | INF | CONTROLLER_EXEC | Acc= admin | IP=::1 | Path=ADS999002/UpdateRole | Message=POST /ADS999002/UpdateRole
2026-04-16 15:34:00 | INF | ACTION_TRACE | Acc=admin | Path=/ADS999002/UpdateRole | IP=::1 | Start=2026-04-16 15:34:00.245 | Elapsed=13ms | Status=Completed
2026-04-16 15:34:00 | INF | CONTROLLER_EXEC | Acc= admin | IP=::1 | Path=ADS999002/GetAllRoleList | Message=POST /ADS999002/GetAllRoleList
2026-04-16 15:34:00 | INF | ACTION_TRACE | Acc=admin | Path=/ADS999002/GetAllRoleList | IP=::1 | Start=2026-04-16 15:34:00.265 | Elapsed=3ms | Status=Completed
2026-04-16 15:34:02 | INF | CONTROLLER_EXEC | Acc= admin | IP=::1 | Path=ADS999002/GetPermission | Message=POST /ADS999002/GetPermission
2026-04-16 15:34:02 | INF | ACTION_TRACE | Acc=admin | Path=/ADS999002/GetPermission | IP=::1 | Start=2026-04-16 15:34:02.086 | Elapsed=3ms | Status=Completed
2026-04-16 15:34:05 | INF | CONTROLLER_EXEC | Acc= admin | IP=::1 | Path=ADS999002/UpdatePermission | Message=POST /ADS999002/UpdatePermission
2026-04-16 15:34:05 | INF | ACTION_TRACE | Acc=admin | Path=/ADS999002/UpdatePermission | IP=::1 | Start=2026-04-16 15:34:05.546 | Elapsed=71ms | Status=Completed
2026-04-16 15:34:07 | INF | CONTROLLER_EXEC | Acc= admin | IP=::1 | Path=ADS999002/GetPeople | Message=POST /ADS999002/GetPeople
2026-04-16 15:34:07 | INF | ACTION_TRACE | Acc=admin | Path=/ADS999002/GetPeople | IP=::1 | Start=2026-04-16 15:34:07.505 | Elapsed=3ms | Status=Completed
2026-04-16 15:34:09 | INF | CONTROLLER_EXEC | Acc= admin | IP=::1 | Path=ADS999002/GetPermission | Message=POST /ADS999002/GetPermission
2026-04-16 15:34:09 | INF | ACTION_TRACE | Acc=admin | Path=/ADS999002/GetPermission | IP=::1 | Start=2026-04-16 15:34:09.346 | Elapsed=3ms | Status=Completed
2026-04-16 15:34:11 | INF | ACTION_TRACE | Acc=admin | Path=/AdminPortal/Home/Index | IP=::1 | Start=2026-04-16 15:34:11.100 | Elapsed=13ms | Status=Completed
2026-04-16 15:34:11 | INF | ACTION_TRACE | Acc=admin | Path=/.well-known/appspecific/com.chrome.devtools.json | IP=::1 | Start=2026-04-16 15:34:11.208 | Elapsed=0ms | Status=Completed
2026-04-16 15:34:13 | INF | CONTROLLER_EXEC | Acc= admin | IP=::1 | Path=ADS999002/ADS999002 | Message=GET /ADS999002/ADS999002
2026-04-16 15:34:13 | INF | ACTION_TRACE | Acc=admin | Path=/ADS999002/ADS999002 | IP=::1 | Start=2026-04-16 15:34:12.990 | Elapsed=17ms | Status=Completed
2026-04-16 15:34:13 | INF | ACTION_TRACE | Acc=admin | Path=/sm/6cf3a2be173716d0e4726c68ef6634f00cefa4e7428560c2debae6f24389d3c1.map | IP=::1 | Start=2026-04-16 15:34:13.077 | Elapsed=0ms | Status=Completed
2026-04-16 15:34:13 | INF | CONTROLLER_EXEC | Acc= admin | IP=::1 | Path=ADS999002/GetAllRoleList | Message=POST /ADS999002/GetAllRoleList
2026-04-16 15:34:13 | INF | ACTION_TRACE | Acc=admin | Path=/ADS999002/GetAllRoleList | IP=::1 | Start=2026-04-16 15:34:13.126 | Elapsed=3ms | Status=Completed
2026-04-16 15:34:14 | INF | CONTROLLER_EXEC | Acc= admin | IP=::1 | Path=ADS999002/GetPermission | Message=POST /ADS999002/GetPermission
2026-04-16 15:34:14 | INF | ACTION_TRACE | Acc=admin | Path=/ADS999002/GetPermission | IP=::1 | Start=2026-04-16 15:34:14.446 | Elapsed=2ms | Status=Completed
2026-04-16 15:34:18 | INF | CONTROLLER_EXEC | Acc= admin | IP=::1 | Path=ADS999002/UpdatePermission | Message=POST /ADS999002/UpdatePermission
2026-04-16 15:34:18 | INF | ACTION_TRACE | Acc=admin | Path=/ADS999002/UpdatePermission | IP=::1 | Start=2026-04-16 15:34:18.628 | Elapsed=43ms | Status=Completed
2026-04-16 15:34:21 | INF | CONTROLLER_EXEC | Acc= admin | IP=::1 | Path=ADS999002/GetPermission | Message=POST /ADS999002/GetPermission
2026-04-16 15:34:21 | INF | ACTION_TRACE | Acc=admin | Path=/ADS999002/GetPermission | IP=::1 | Start=2026-04-16 15:34:21.282 | Elapsed=2ms | Status=Completed
2026-04-16 15:34:30 | INF | CONTROLLER_EXEC | Acc= admin | IP=::1 | Path=ADS999002/GetAllRoleList | Message=POST /ADS999002/GetAllRoleList
2026-04-16 15:34:30 | INF | ACTION_TRACE | Acc=admin | Path=/ADS999002/GetAllRoleList | IP=::1 | Start=2026-04-16 15:34:30.141 | Elapsed=3ms | Status=Completed
2026-04-16 15:34:30 | INF | CONTROLLER_EXEC | Acc= admin | IP=::1 | Path=ADS999002/GetAllRoleList | Message=POST /ADS999002/GetAllRoleList
2026-04-16 15:34:30 | INF | ACTION_TRACE | Acc=admin | Path=/ADS999002/GetAllRoleList | IP=::1 | Start=2026-04-16 15:34:30.368 | Elapsed=2ms | Status=Completed
2026-04-16 15:34:30 | INF | CONTROLLER_EXEC | Acc= admin | IP=::1 | Path=ADS999002/GetAllRoleList | Message=POST /ADS999002/GetAllRoleList
2026-04-16 15:34:30 | INF | ACTION_TRACE | Acc=admin | Path=/ADS999002/GetAllRoleList | IP=::1 | Start=2026-04-16 15:34:30.783 | Elapsed=2ms | Status=Completed
2026-04-16 15:34:31 | INF | CONTROLLER_EXEC | Acc= admin | IP=::1 | Path=ADS999002/GetAllRoleList | Message=POST /ADS999002/GetAllRoleList
2026-04-16 15:34:31 | INF | ACTION_TRACE | Acc=admin | Path=/ADS999002/GetAllRoleList | IP=::1 | Start=2026-04-16 15:34:31.061 | Elapsed=2ms | Status=Completed
2026-04-16 15:35:20 | ERR | An exception occurred in the database while saving changes for context type 'EHRIS.Core.DbContext.ApplicationDbContext'.
Microsoft.EntityFrameworkCore.DbUpdateException: An error occurred while saving the entity changes. See the inner exception for details.
 ---> Microsoft.Data.SqlClient.SqlException (0x80131904): 無法插入 NULL 值到資料行 'adr_modifyname'，資料表 'EHRIS.dbo.admin_roles'; 資料行不得有 Null。INSERT 失敗。
   at Microsoft.Data.SqlClient.SqlConnection.OnError(SqlException exception, Boolean breakConnection, Action`1 wrapCloseInAction)
   at Microsoft.Data.SqlClient.SqlInternalConnection.OnError(SqlException exception, Boolean breakConnection, Action`1 wrapCloseInAction)
   at Microsoft.Data.SqlClient.TdsParser.ThrowExceptionAndWarning(TdsParserStateObject stateObj, SqlCommand command, Boolean callerHasConnectionLock, Boolean asyncClose)
   at Microsoft.Data.SqlClient.TdsParser.TryRun(RunBehavior runBehavior, SqlCommand cmdHandler, SqlDataReader dataStream, BulkCopySimpleResultSet bulkCopyHandler, TdsParserStateObject stateObj, Boolean& dataReady)
   at Microsoft.Data.SqlClient.SqlDataReader.TryHasMoreRows(Boolean& moreRows)
   at Microsoft.Data.SqlClient.SqlDataReader.TryReadInternal(Boolean setTimeout, Boolean& more)
   at Microsoft.Data.SqlClient.SqlDataReader.ReadAsyncExecute(Task task, Object state)
   at Microsoft.Data.SqlClient.SqlDataReader.InvokeAsyncCall[T](SqlDataReaderBaseAsyncCallContext`1 context)
--- End of stack trace from previous location ---
   at Microsoft.EntityFrameworkCore.Update.AffectedCountModificationCommandBatch.ConsumeResultSetAsync(Int32 startCommandIndex, RelationalDataReader reader, CancellationToken cancellationToken)
ClientConnectionId:c8b3f503-ab92-49cf-925f-556603c288fb
Error Number:515,State:2,Class:16
   --- End of inner exception stack trace ---
   at Microsoft.EntityFrameworkCore.Update.AffectedCountModificationCommandBatch.ConsumeResultSetAsync(Int32 startCommandIndex, RelationalDataReader reader, CancellationToken cancellationToken)
   at Microsoft.EntityFrameworkCore.Update.AffectedCountModificationCommandBatch.ConsumeAsync(RelationalDataReader reader, CancellationToken cancellationToken)
   at Microsoft.EntityFrameworkCore.Update.ReaderModificationCommandBatch.ExecuteAsync(IRelationalConnection connection, CancellationToken cancellationToken)
   at Microsoft.EntityFrameworkCore.Update.ReaderModificationCommandBatch.ExecuteAsync(IRelationalConnection connection, CancellationToken cancellationToken)
   at Microsoft.EntityFrameworkCore.SqlServer.Update.Internal.SqlServerModificationCommandBatch.ExecuteAsync(IRelationalConnection connection, CancellationToken cancellationToken)
   at Microsoft.EntityFrameworkCore.Update.Internal.BatchExecutor.ExecuteAsync(IEnumerable`1 commandBatches, IRelationalConnection connection, CancellationToken cancellationToken)
   at Microsoft.EntityFrameworkCore.Update.Internal.BatchExecutor.ExecuteAsync(IEnumerable`1 commandBatches, IRelationalConnection connection, CancellationToken cancellationToken)
   at Microsoft.EntityFrameworkCore.Update.Internal.BatchExecutor.ExecuteAsync(IEnumerable`1 commandBatches, IRelationalConnection connection, CancellationToken cancellationToken)
   at Microsoft.EntityFrameworkCore.Storage.RelationalDatabase.SaveChangesAsync(IList`1 entries, CancellationToken cancellationToken)
   at Microsoft.EntityFrameworkCore.ChangeTracking.Internal.StateManager.SaveChangesAsync(IList`1 entriesToSave, CancellationToken cancellationToken)
   at Microsoft.EntityFrameworkCore.ChangeTracking.Internal.StateManager.SaveChangesAsync(StateManager stateManager, Boolean acceptAllChangesOnSuccess, CancellationToken cancellationToken)
   at Microsoft.EntityFrameworkCore.Storage.ExecutionStrategy.<>c__DisplayClass30_0`2.<<ExecuteAsync>b__0>d.MoveNext()
--- End of stack trace from previous location ---
   at Microsoft.EntityFrameworkCore.Storage.ExecutionStrategy.ExecuteImplementationAsync[TState,TResult](Func`4 operation, Func`4 verifySucceeded, TState state, CancellationToken cancellationToken)
   at Microsoft.EntityFrameworkCore.Storage.ExecutionStrategy.ExecuteImplementationAsync[TState,TResult](Func`4 operation, Func`4 verifySucceeded, TState state, CancellationToken cancellationToken)
   at Microsoft.EntityFrameworkCore.Storage.ExecutionStrategy.ExecuteAsync[TState,TResult](TState state, Func`4 operation, Func`4 verifySucceeded, CancellationToken cancellationToken)
   at Microsoft.EntityFrameworkCore.DbContext.SaveChangesAsync(Boolean acceptAllChangesOnSuccess, CancellationToken cancellationToken)
2026-04-16 15:35:20 | INF | CONTROLLER_EXEC | Acc= admin | IP=::1 | Path=ADS999002/AddRole | Message=POST /ADS999002/AddRole
2026-04-16 15:35:20 | INF | ACTION_TRACE | Acc=admin | Path=/ADS999002/AddRole | IP=::1 | Start=2026-04-16 15:35:20.444 | Elapsed=392ms | Status=Completed
2026-04-16 15:35:27 | INF | ACTION_TRACE | Acc=admin | Path=/.well-known/appspecific/com.chrome.devtools.json | IP=::1 | Start=2026-04-16 15:35:27.609 | Elapsed=0ms | Status=Completed
2026-04-16 15:35:27 | INF | ACTION_TRACE | Acc=admin | Path=/sm/6cf3a2be173716d0e4726c68ef6634f00cefa4e7428560c2debae6f24389d3c1.map | IP=::1 | Start=2026-04-16 15:35:27.687 | Elapsed=0ms | Status=Completed
2026-04-16 15:36:22 | WRN | No store type was specified for the decimal property 'OveMoney' on entity type 'HROvertime'. This will cause values to be silently truncated if they do not fit in the default precision and scale. Explicitly specify the SQL server column type that can accommodate all the values in 'OnModelCreating' using 'HasColumnType', specify precision and scale using 'HasPrecision', or configure a value converter using 'HasConversion'.
2026-04-16 15:36:22 | WRN | No store type was specified for the decimal property 'Wag1D1Hour' on entity type 'HRWage'. This will cause values to be silently truncated if they do not fit in the default precision and scale. Explicitly specify the SQL server column type that can accommodate all the values in 'OnModelCreating' using 'HasColumnType', specify precision and scale using 'HasPrecision', or configure a value converter using 'HasConversion'.
2026-04-16 15:36:22 | WRN | No store type was specified for the decimal property 'Wag2D1Hour' on entity type 'HRWage'. This will cause values to be silently truncated if they do not fit in the default precision and scale. Explicitly specify the SQL server column type that can accommodate all the values in 'OnModelCreating' using 'HasColumnType', specify precision and scale using 'HasPrecision', or configure a value converter using 'HasConversion'.
2026-04-16 15:36:22 | WRN | No store type was specified for the decimal property 'Wag4D3Hour' on entity type 'HRWage'. This will cause values to be silently truncated if they do not fit in the default precision and scale. Explicitly specify the SQL server column type that can accommodate all the values in 'OnModelCreating' using 'HasColumnType', specify precision and scale using 'HasPrecision', or configure a value converter using 'HasConversion'.
2026-04-16 15:36:22 | WRN | No store type was specified for the decimal property 'Wag5D3Hour' on entity type 'HRWage'. This will cause values to be silently truncated if they do not fit in the default precision and scale. Explicitly specify the SQL server column type that can accommodate all the values in 'OnModelCreating' using 'HasColumnType', specify precision and scale using 'HasPrecision', or configure a value converter using 'HasConversion'.
2026-04-16 15:36:22 | WRN | No store type was specified for the decimal property 'Wag8D3Hour' on entity type 'HRWage'. This will cause values to be silently truncated if they do not fit in the default precision and scale. Explicitly specify the SQL server column type that can accommodate all the values in 'OnModelCreating' using 'HasColumnType', specify precision and scale using 'HasPrecision', or configure a value converter using 'HasConversion'.
2026-04-16 15:36:22 | WRN | No store type was specified for the decimal property 'WagApplyHour' on entity type 'HRWage'. This will cause values to be silently truncated if they do not fit in the default precision and scale. Explicitly specify the SQL server column type that can accommodate all the values in 'OnModelCreating' using 'HasColumnType', specify precision and scale using 'HasPrecision', or configure a value converter using 'HasConversion'.
2026-04-16 15:36:22 | WRN | No store type was specified for the decimal property 'WagIssueHour' on entity type 'HRWage'. This will cause values to be silently truncated if they do not fit in the default precision and scale. Explicitly specify the SQL server column type that can accommodate all the values in 'OnModelCreating' using 'HasColumnType', specify precision and scale using 'HasPrecision', or configure a value converter using 'HasConversion'.
2026-04-16 15:36:22 | WRN | No store type was specified for the decimal property 'WagSubtotal' on entity type 'HRWage'. This will cause values to be silently truncated if they do not fit in the default precision and scale. Explicitly specify the SQL server column type that can accommodate all the values in 'OnModelCreating' using 'HasColumnType', specify precision and scale using 'HasPrecision', or configure a value converter using 'HasConversion'.
2026-04-16 15:36:27 | WRN | The query uses the 'First'/'FirstOrDefault' operator without 'OrderBy' and filter operators. This may lead to unpredictable results.
2026-04-16 15:36:28 | INF | ACTION_TRACE | Acc=admin | Path=/ | IP=::1 | Start=2026-04-16 15:36:21.265 | Elapsed=6953ms | Status=Completed
2026-04-16 15:36:28 | INF | NETWORK_UNSTABLE | Acc=admin | Path=/ | Reason=SlowRequest 6953ms
2026-04-16 15:36:28 | INF | ACTION_TRACE | Acc=admin | Path=/Captcha/Generate | IP=::1 | Start=2026-04-16 15:36:28.379 | Elapsed=45ms | Status=Completed
2026-04-16 15:36:28 | INF | ACTION_TRACE | Acc=admin | Path=/DNTCaptchaImage/Show | IP=::1 | Start=2026-04-16 15:36:28.447 | Elapsed=108ms | Status=Completed
2026-04-16 15:36:30 | INF | ACTION_TRACE | Acc=admin | Path=/AdminPortal/Account/Login | IP=::1 | Start=2026-04-16 15:36:29.977 | Elapsed=99ms | Status=Completed
2026-04-16 15:36:30 | INF | ACTION_TRACE | Acc=admin | Path=/Captcha/Generate | IP=::1 | Start=2026-04-16 15:36:30.183 | Elapsed=3ms | Status=Completed
2026-04-16 15:36:30 | INF | ACTION_TRACE | Acc=admin | Path=/DNTCaptchaImage/Show | IP=::1 | Start=2026-04-16 15:36:30.194 | Elapsed=15ms | Status=Completed
2026-04-16 15:36:39 | INF | ACTION_TRACE | Acc=admin | Path=/AdminPortal/Account/Login | IP=::1 | Start=2026-04-16 15:36:33.257 | Elapsed=6725ms | Status=Completed
2026-04-16 15:36:39 | INF | NETWORK_UNSTABLE | Acc=admin | Path=/AdminPortal/Account/Login | Reason=SlowRequest 6725ms
2026-04-16 15:36:40 | INF | ACTION_TRACE | Acc=admin | Path=/AdminPortal/Home/Index | IP=::1 | Start=2026-04-16 15:36:39.996 | Elapsed=124ms | Status=Completed
2026-04-16 15:36:43 | INF | CONTROLLER_EXEC | Acc= admin | IP=::1 | Path=ADS999002/ADS999002 | Message=GET /ADS999002/ADS999002
2026-04-16 15:36:43 | INF | ACTION_TRACE | Acc=admin | Path=/ADS999002/ADS999002 | IP=::1 | Start=2026-04-16 15:36:43.497 | Elapsed=72ms | Status=Completed
2026-04-16 15:36:43 | INF | CONTROLLER_EXEC | Acc= admin | IP=::1 | Path=ADS999002/GetAllRoleList | Message=POST /ADS999002/GetAllRoleList
2026-04-16 15:36:43 | INF | ACTION_TRACE | Acc=admin | Path=/ADS999002/GetAllRoleList | IP=::1 | Start=2026-04-16 15:36:43.617 | Elapsed=59ms | Status=Completed
2026-04-16 15:36:45 | INF | CONTROLLER_EXEC | Acc= admin | IP=::1 | Path=ADS999002/GetPermission | Message=POST /ADS999002/GetPermission
2026-04-16 15:36:45 | INF | ACTION_TRACE | Acc=admin | Path=/ADS999002/GetPermission | IP=::1 | Start=2026-04-16 15:36:45.019 | Elapsed=31ms | Status=Completed
2026-04-16 15:37:17 | INF | ACTION_TRACE | Acc=admin | Path=/.well-known/appspecific/com.chrome.devtools.json | IP=::1 | Start=2026-04-16 15:37:17.161 | Elapsed=0ms | Status=Completed
2026-04-16 15:37:17 | INF | ACTION_TRACE | Acc=admin | Path=/sm/6cf3a2be173716d0e4726c68ef6634f00cefa4e7428560c2debae6f24389d3c1.map | IP=::1 | Start=2026-04-16 15:37:17.296 | Elapsed=0ms | Status=Completed
2026-04-16 15:37:34 | ERR | An exception occurred in the database while saving changes for context type 'EHRIS.Core.DbContext.ApplicationDbContext'.
Microsoft.EntityFrameworkCore.DbUpdateException: An error occurred while saving the entity changes. See the inner exception for details.
 ---> Microsoft.Data.SqlClient.SqlException (0x80131904): 無法插入 NULL 值到資料行 'adr_modifyname'，資料表 'EHRIS.dbo.admin_roles'; 資料行不得有 Null。INSERT 失敗。
   at Microsoft.Data.SqlClient.SqlConnection.OnError(SqlException exception, Boolean breakConnection, Action`1 wrapCloseInAction)
   at Microsoft.Data.SqlClient.SqlInternalConnection.OnError(SqlException exception, Boolean breakConnection, Action`1 wrapCloseInAction)
   at Microsoft.Data.SqlClient.TdsParser.ThrowExceptionAndWarning(TdsParserStateObject stateObj, SqlCommand command, Boolean callerHasConnectionLock, Boolean asyncClose)
   at Microsoft.Data.SqlClient.TdsParser.TryRun(RunBehavior runBehavior, SqlCommand cmdHandler, SqlDataReader dataStream, BulkCopySimpleResultSet bulkCopyHandler, TdsParserStateObject stateObj, Boolean& dataReady)
   at Microsoft.Data.SqlClient.SqlDataReader.TryHasMoreRows(Boolean& moreRows)
   at Microsoft.Data.SqlClient.SqlDataReader.TryReadInternal(Boolean setTimeout, Boolean& more)
   at Microsoft.Data.SqlClient.SqlDataReader.ReadAsyncExecute(Task task, Object state)
   at Microsoft.Data.SqlClient.SqlDataReader.InvokeAsyncCall[T](SqlDataReaderBaseAsyncCallContext`1 context)
--- End of stack trace from previous location ---
   at Microsoft.EntityFrameworkCore.Update.AffectedCountModificationCommandBatch.ConsumeResultSetAsync(Int32 startCommandIndex, RelationalDataReader reader, CancellationToken cancellationToken)
ClientConnectionId:c6ea67cd-55bf-42a6-8809-a768c439de99
Error Number:515,State:2,Class:16
   --- End of inner exception stack trace ---
   at Microsoft.EntityFrameworkCore.Update.AffectedCountModificationCommandBatch.ConsumeResultSetAsync(Int32 startCommandIndex, RelationalDataReader reader, CancellationToken cancellationToken)
   at Microsoft.EntityFrameworkCore.Update.AffectedCountModificationCommandBatch.ConsumeAsync(RelationalDataReader reader, CancellationToken cancellationToken)
   at Microsoft.EntityFrameworkCore.Update.ReaderModificationCommandBatch.ExecuteAsync(IRelationalConnection connection, CancellationToken cancellationToken)
   at Microsoft.EntityFrameworkCore.Update.ReaderModificationCommandBatch.ExecuteAsync(IRelationalConnection connection, CancellationToken cancellationToken)
   at Microsoft.EntityFrameworkCore.SqlServer.Update.Internal.SqlServerModificationCommandBatch.ExecuteAsync(IRelationalConnection connection, CancellationToken cancellationToken)
   at Microsoft.EntityFrameworkCore.Update.Internal.BatchExecutor.ExecuteAsync(IEnumerable`1 commandBatches, IRelationalConnection connection, CancellationToken cancellationToken)
   at Microsoft.EntityFrameworkCore.Update.Internal.BatchExecutor.ExecuteAsync(IEnumerable`1 commandBatches, IRelationalConnection connection, CancellationToken cancellationToken)
   at Microsoft.EntityFrameworkCore.Update.Internal.BatchExecutor.ExecuteAsync(IEnumerable`1 commandBatches, IRelationalConnection connection, CancellationToken cancellationToken)
   at Microsoft.EntityFrameworkCore.Storage.RelationalDatabase.SaveChangesAsync(IList`1 entries, CancellationToken cancellationToken)
   at Microsoft.EntityFrameworkCore.ChangeTracking.Internal.StateManager.SaveChangesAsync(IList`1 entriesToSave, CancellationToken cancellationToken)
   at Microsoft.EntityFrameworkCore.ChangeTracking.Internal.StateManager.SaveChangesAsync(StateManager stateManager, Boolean acceptAllChangesOnSuccess, CancellationToken cancellationToken)
   at Microsoft.EntityFrameworkCore.Storage.ExecutionStrategy.<>c__DisplayClass30_0`2.<<ExecuteAsync>b__0>d.MoveNext()
--- End of stack trace from previous location ---
   at Microsoft.EntityFrameworkCore.Storage.ExecutionStrategy.ExecuteImplementationAsync[TState,TResult](Func`4 operation, Func`4 verifySucceeded, TState state, CancellationToken cancellationToken)
   at Microsoft.EntityFrameworkCore.Storage.ExecutionStrategy.ExecuteImplementationAsync[TState,TResult](Func`4 operation, Func`4 verifySucceeded, TState state, CancellationToken cancellationToken)
   at Microsoft.EntityFrameworkCore.Storage.ExecutionStrategy.ExecuteAsync[TState,TResult](TState state, Func`4 operation, Func`4 verifySucceeded, CancellationToken cancellationToken)
   at Microsoft.EntityFrameworkCore.DbContext.SaveChangesAsync(Boolean acceptAllChangesOnSuccess, CancellationToken cancellationToken)
2026-04-16 15:37:34 | INF | CONTROLLER_EXEC | Acc= admin | IP=::1 | Path=ADS999002/AddRole | Message=POST /ADS999002/AddRole
2026-04-16 15:37:34 | INF | ACTION_TRACE | Acc=admin | Path=/ADS999002/AddRole | IP=::1 | Start=2026-04-16 15:37:34.306 | Elapsed=453ms | Status=Completed
2026-04-16 16:02:29 | WRN | No store type was specified for the decimal property 'OveMoney' on entity type 'HROvertime'. This will cause values to be silently truncated if they do not fit in the default precision and scale. Explicitly specify the SQL server column type that can accommodate all the values in 'OnModelCreating' using 'HasColumnType', specify precision and scale using 'HasPrecision', or configure a value converter using 'HasConversion'.
2026-04-16 16:02:29 | WRN | No store type was specified for the decimal property 'Wag1D1Hour' on entity type 'HRWage'. This will cause values to be silently truncated if they do not fit in the default precision and scale. Explicitly specify the SQL server column type that can accommodate all the values in 'OnModelCreating' using 'HasColumnType', specify precision and scale using 'HasPrecision', or configure a value converter using 'HasConversion'.
2026-04-16 16:02:29 | WRN | No store type was specified for the decimal property 'Wag2D1Hour' on entity type 'HRWage'. This will cause values to be silently truncated if they do not fit in the default precision and scale. Explicitly specify the SQL server column type that can accommodate all the values in 'OnModelCreating' using 'HasColumnType', specify precision and scale using 'HasPrecision', or configure a value converter using 'HasConversion'.
2026-04-16 16:02:29 | WRN | No store type was specified for the decimal property 'Wag4D3Hour' on entity type 'HRWage'. This will cause values to be silently truncated if they do not fit in the default precision and scale. Explicitly specify the SQL server column type that can accommodate all the values in 'OnModelCreating' using 'HasColumnType', specify precision and scale using 'HasPrecision', or configure a value converter using 'HasConversion'.
2026-04-16 16:02:29 | WRN | No store type was specified for the decimal property 'Wag5D3Hour' on entity type 'HRWage'. This will cause values to be silently truncated if they do not fit in the default precision and scale. Explicitly specify the SQL server column type that can accommodate all the values in 'OnModelCreating' using 'HasColumnType', specify precision and scale using 'HasPrecision', or configure a value converter using 'HasConversion'.
2026-04-16 16:02:29 | WRN | No store type was specified for the decimal property 'Wag8D3Hour' on entity type 'HRWage'. This will cause values to be silently truncated if they do not fit in the default precision and scale. Explicitly specify the SQL server column type that can accommodate all the values in 'OnModelCreating' using 'HasColumnType', specify precision and scale using 'HasPrecision', or configure a value converter using 'HasConversion'.
2026-04-16 16:02:29 | WRN | No store type was specified for the decimal property 'WagApplyHour' on entity type 'HRWage'. This will cause values to be silently truncated if they do not fit in the default precision and scale. Explicitly specify the SQL server column type that can accommodate all the values in 'OnModelCreating' using 'HasColumnType', specify precision and scale using 'HasPrecision', or configure a value converter using 'HasConversion'.
2026-04-16 16:02:29 | WRN | No store type was specified for the decimal property 'WagIssueHour' on entity type 'HRWage'. This will cause values to be silently truncated if they do not fit in the default precision and scale. Explicitly specify the SQL server column type that can accommodate all the values in 'OnModelCreating' using 'HasColumnType', specify precision and scale using 'HasPrecision', or configure a value converter using 'HasConversion'.
2026-04-16 16:02:29 | WRN | No store type was specified for the decimal property 'WagSubtotal' on entity type 'HRWage'. This will cause values to be silently truncated if they do not fit in the default precision and scale. Explicitly specify the SQL server column type that can accommodate all the values in 'OnModelCreating' using 'HasColumnType', specify precision and scale using 'HasPrecision', or configure a value converter using 'HasConversion'.
2026-04-16 16:02:34 | WRN | The query uses the 'First'/'FirstOrDefault' operator without 'OrderBy' and filter operators. This may lead to unpredictable results.
2026-04-16 16:02:35 | INF | ACTION_TRACE | Acc=admin | Path=/ | IP=::1 | Start=2026-04-16 16:02:28.548 | Elapsed=7032ms | Status=Completed
2026-04-16 16:02:35 | INF | NETWORK_UNSTABLE | Acc=admin | Path=/ | Reason=SlowRequest 7032ms
2026-04-16 16:05:11 | WRN | No store type was specified for the decimal property 'OveMoney' on entity type 'HROvertime'. This will cause values to be silently truncated if they do not fit in the default precision and scale. Explicitly specify the SQL server column type that can accommodate all the values in 'OnModelCreating' using 'HasColumnType', specify precision and scale using 'HasPrecision', or configure a value converter using 'HasConversion'.
2026-04-16 16:05:11 | WRN | No store type was specified for the decimal property 'Wag1D1Hour' on entity type 'HRWage'. This will cause values to be silently truncated if they do not fit in the default precision and scale. Explicitly specify the SQL server column type that can accommodate all the values in 'OnModelCreating' using 'HasColumnType', specify precision and scale using 'HasPrecision', or configure a value converter using 'HasConversion'.
2026-04-16 16:05:11 | WRN | No store type was specified for the decimal property 'Wag2D1Hour' on entity type 'HRWage'. This will cause values to be silently truncated if they do not fit in the default precision and scale. Explicitly specify the SQL server column type that can accommodate all the values in 'OnModelCreating' using 'HasColumnType', specify precision and scale using 'HasPrecision', or configure a value converter using 'HasConversion'.
2026-04-16 16:05:11 | WRN | No store type was specified for the decimal property 'Wag4D3Hour' on entity type 'HRWage'. This will cause values to be silently truncated if they do not fit in the default precision and scale. Explicitly specify the SQL server column type that can accommodate all the values in 'OnModelCreating' using 'HasColumnType', specify precision and scale using 'HasPrecision', or configure a value converter using 'HasConversion'.
2026-04-16 16:05:11 | WRN | No store type was specified for the decimal property 'Wag5D3Hour' on entity type 'HRWage'. This will cause values to be silently truncated if they do not fit in the default precision and scale. Explicitly specify the SQL server column type that can accommodate all the values in 'OnModelCreating' using 'HasColumnType', specify precision and scale using 'HasPrecision', or configure a value converter using 'HasConversion'.
2026-04-16 16:05:11 | WRN | No store type was specified for the decimal property 'Wag8D3Hour' on entity type 'HRWage'. This will cause values to be silently truncated if they do not fit in the default precision and scale. Explicitly specify the SQL server column type that can accommodate all the values in 'OnModelCreating' using 'HasColumnType', specify precision and scale using 'HasPrecision', or configure a value converter using 'HasConversion'.
2026-04-16 16:05:11 | WRN | No store type was specified for the decimal property 'WagApplyHour' on entity type 'HRWage'. This will cause values to be silently truncated if they do not fit in the default precision and scale. Explicitly specify the SQL server column type that can accommodate all the values in 'OnModelCreating' using 'HasColumnType', specify precision and scale using 'HasPrecision', or configure a value converter using 'HasConversion'.
2026-04-16 16:05:11 | WRN | No store type was specified for the decimal property 'WagIssueHour' on entity type 'HRWage'. This will cause values to be silently truncated if they do not fit in the default precision and scale. Explicitly specify the SQL server column type that can accommodate all the values in 'OnModelCreating' using 'HasColumnType', specify precision and scale using 'HasPrecision', or configure a value converter using 'HasConversion'.
2026-04-16 16:05:11 | WRN | No store type was specified for the decimal property 'WagSubtotal' on entity type 'HRWage'. This will cause values to be silently truncated if they do not fit in the default precision and scale. Explicitly specify the SQL server column type that can accommodate all the values in 'OnModelCreating' using 'HasColumnType', specify precision and scale using 'HasPrecision', or configure a value converter using 'HasConversion'.
2026-04-16 16:05:16 | WRN | The query uses the 'First'/'FirstOrDefault' operator without 'OrderBy' and filter operators. This may lead to unpredictable results.
2026-04-16 16:05:17 | INF | ACTION_TRACE | Acc=admin | Path=/ | IP=::1 | Start=2026-04-16 16:05:10.186 | Elapsed=6918ms | Status=Completed
2026-04-16 16:05:17 | INF | NETWORK_UNSTABLE | Acc=admin | Path=/ | Reason=SlowRequest 6918ms
2026-04-16 16:05:17 | INF | ACTION_TRACE | Acc=admin | Path=/Captcha/Generate | IP=::1 | Start=2026-04-16 16:05:17.311 | Elapsed=46ms | Status=Completed
2026-04-16 16:05:17 | INF | ACTION_TRACE | Acc=admin | Path=/DNTCaptchaImage/Show | IP=::1 | Start=2026-04-16 16:05:17.378 | Elapsed=136ms | Status=Completed
2026-04-16 16:05:18 | INF | ACTION_TRACE | Acc=admin | Path=/AdminPortal/Account/Login | IP=::1 | Start=2026-04-16 16:05:18.774 | Elapsed=115ms | Status=Completed
2026-04-16 16:05:18 | INF | ACTION_TRACE | Acc=admin | Path=/Captcha/Generate | IP=::1 | Start=2026-04-16 16:05:18.991 | Elapsed=4ms | Status=Completed
2026-04-16 16:05:19 | INF | ACTION_TRACE | Acc=admin | Path=/DNTCaptchaImage/Show | IP=::1 | Start=2026-04-16 16:05:19.005 | Elapsed=14ms | Status=Completed
2026-04-16 16:05:31 | INF | ACTION_TRACE | Acc=admin | Path=/AdminPortal/Account/Login | IP=::1 | Start=2026-04-16 16:05:22.566 | Elapsed=8979ms | Status=Completed
2026-04-16 16:05:31 | INF | NETWORK_UNSTABLE | Acc=admin | Path=/AdminPortal/Account/Login | Reason=SlowRequest 8979ms
2026-04-16 16:05:31 | INF | ACTION_TRACE | Acc=admin | Path=/AdminPortal/Home/Index | IP=::1 | Start=2026-04-16 16:05:31.559 | Elapsed=144ms | Status=Completed
2026-04-16 16:05:35 | INF | CONTROLLER_EXEC | Acc= admin | IP=::1 | Path=ADS999002/ADS999002 | Message=GET /ADS999002/ADS999002
2026-04-16 16:05:35 | INF | ACTION_TRACE | Acc=admin | Path=/ADS999002/ADS999002 | IP=::1 | Start=2026-04-16 16:05:35.768 | Elapsed=70ms | Status=Completed
2026-04-16 16:05:35 | INF | CONTROLLER_EXEC | Acc= admin | IP=::1 | Path=ADS999002/GetAllRoleList | Message=POST /ADS999002/GetAllRoleList
2026-04-16 16:05:35 | INF | ACTION_TRACE | Acc=admin | Path=/ADS999002/GetAllRoleList | IP=::1 | Start=2026-04-16 16:05:35.894 | Elapsed=64ms | Status=Completed
2026-04-16 16:05:38 | INF | CONTROLLER_EXEC | Acc= admin | IP=::1 | Path=ADS999002/GetPermission | Message=POST /ADS999002/GetPermission
2026-04-16 16:05:38 | INF | ACTION_TRACE | Acc=admin | Path=/ADS999002/GetPermission | IP=::1 | Start=2026-04-16 16:05:38.010 | Elapsed=37ms | Status=Completed
2026-04-16 16:05:41 | INF | ACTION_TRACE | Acc=admin | Path=/.well-known/appspecific/com.chrome.devtools.json | IP=::1 | Start=2026-04-16 16:05:41.541 | Elapsed=0ms | Status=Completed
2026-04-16 16:05:41 | INF | ACTION_TRACE | Acc=admin | Path=/sm/6cf3a2be173716d0e4726c68ef6634f00cefa4e7428560c2debae6f24389d3c1.map | IP=::1 | Start=2026-04-16 16:05:41.658 | Elapsed=0ms | Status=Completed
2026-04-16 16:05:44 | INF | CONTROLLER_EXEC | Acc= admin | IP=::1 | Path=ADS999002/UpdatePermission | Message=POST /ADS999002/UpdatePermission
2026-04-16 16:05:44 | INF | ACTION_TRACE | Acc=admin | Path=/ADS999002/UpdatePermission | IP=::1 | Start=2026-04-16 16:05:39.573 | Elapsed=5002ms | Status=Completed
2026-04-16 16:05:44 | INF | NETWORK_UNSTABLE | Acc=admin | Path=/ADS999002/UpdatePermission | Reason=SlowRequest 5002ms
2026-04-16 16:05:47 | INF | CONTROLLER_EXEC | Acc= admin | IP=::1 | Path=ADS999002/GetPermission | Message=POST /ADS999002/GetPermission
2026-04-16 16:05:47 | INF | ACTION_TRACE | Acc=admin | Path=/ADS999002/GetPermission | IP=::1 | Start=2026-04-16 16:05:47.755 | Elapsed=3ms | Status=Completed
2026-04-16 16:05:48 | INF | ACTION_TRACE | Acc=admin | Path=/AdminPortal/Home/Index | IP=::1 | Start=2026-04-16 16:05:43.912 | Elapsed=4865ms | Status=Completed
2026-04-16 16:05:48 | INF | NETWORK_UNSTABLE | Acc=admin | Path=/AdminPortal/Home/Index | Reason=SlowRequest 4865ms
2026-04-16 16:05:48 | INF | ACTION_TRACE | Acc=admin | Path=/.well-known/appspecific/com.chrome.devtools.json | IP=::1 | Start=2026-04-16 16:05:48.860 | Elapsed=0ms | Status=Completed
2026-04-16 16:05:51 | INF | CONTROLLER_EXEC | Acc= admin | IP=::1 | Path=ADS999002/ADS999002 | Message=GET /ADS999002/ADS999002
2026-04-16 16:05:51 | INF | ACTION_TRACE | Acc=admin | Path=/ADS999002/ADS999002 | IP=::1 | Start=2026-04-16 16:05:51.188 | Elapsed=5ms | Status=Completed
2026-04-16 16:05:51 | INF | ACTION_TRACE | Acc=admin | Path=/sm/6cf3a2be173716d0e4726c68ef6634f00cefa4e7428560c2debae6f24389d3c1.map | IP=::1 | Start=2026-04-16 16:05:51.259 | Elapsed=0ms | Status=Completed
2026-04-16 16:05:51 | INF | CONTROLLER_EXEC | Acc= admin | IP=::1 | Path=ADS999002/GetAllRoleList | Message=POST /ADS999002/GetAllRoleList
2026-04-16 16:05:51 | INF | ACTION_TRACE | Acc=admin | Path=/ADS999002/GetAllRoleList | IP=::1 | Start=2026-04-16 16:05:51.303 | Elapsed=2ms | Status=Completed
2026-04-16 16:05:52 | INF | CONTROLLER_EXEC | Acc= admin | IP=::1 | Path=ADS999002/GetPermission | Message=POST /ADS999002/GetPermission
2026-04-16 16:05:52 | INF | ACTION_TRACE | Acc=admin | Path=/ADS999002/GetPermission | IP=::1 | Start=2026-04-16 16:05:52.509 | Elapsed=3ms | Status=Completed
2026-04-16 16:05:55 | INF | CONTROLLER_EXEC | Acc= admin | IP=::1 | Path=ADS999002/UpdatePermission | Message=POST /ADS999002/UpdatePermission
2026-04-16 16:05:55 | INF | ACTION_TRACE | Acc=admin | Path=/ADS999002/UpdatePermission | IP=::1 | Start=2026-04-16 16:05:55.013 | Elapsed=54ms | Status=Completed
2026-04-16 16:05:57 | INF | CONTROLLER_EXEC | Acc= admin | IP=::1 | Path=ADS999002/GetPermission | Message=POST /ADS999002/GetPermission
2026-04-16 16:05:57 | INF | ACTION_TRACE | Acc=admin | Path=/ADS999002/GetPermission | IP=::1 | Start=2026-04-16 16:05:57.058 | Elapsed=3ms | Status=Completed
2026-04-16 16:05:59 | INF | CONTROLLER_EXEC | Acc= admin | IP=::1 | Path=ADS999002/UpdatePermission | Message=POST /ADS999002/UpdatePermission
2026-04-16 16:05:59 | INF | ACTION_TRACE | Acc=admin | Path=/ADS999002/UpdatePermission | IP=::1 | Start=2026-04-16 16:05:59.741 | Elapsed=50ms | Status=Completed
2026-04-16 16:06:10 | INF | CONTROLLER_EXEC | Acc= admin | IP=::1 | Path=ADS999002/AddRole | Message=POST /ADS999002/AddRole
2026-04-16 16:06:10 | INF | ACTION_TRACE | Acc=admin | Path=/ADS999002/AddRole | IP=::1 | Start=2026-04-16 16:06:10.003 | Elapsed=81ms | Status=Completed
2026-04-16 16:06:19 | INF | CONTROLLER_EXEC | Acc= admin | IP=::1 | Path=ADS999002/AddRole | Message=POST /ADS999002/AddRole
2026-04-16 16:06:19 | INF | ACTION_TRACE | Acc=admin | Path=/ADS999002/AddRole | IP=::1 | Start=2026-04-16 16:06:19.135 | Elapsed=3ms | Status=Completed
2026-04-16 16:06:42 | INF | ACTION_TRACE | Acc=admin | Path=/ADS999002/AddRole | IP=::1 | Start=2026-04-16 16:06:42.542 | Elapsed=0ms | Status=Completed
2026-04-16 16:07:42 | INF | ACTION_TRACE | Acc=admin | Path=/AdminPortal/Home/Index | IP=::1 | Start=2026-04-16 16:07:42.166 | Elapsed=28ms | Status=Completed
2026-04-16 16:07:42 | INF | ACTION_TRACE | Acc=admin | Path=/.well-known/appspecific/com.chrome.devtools.json | IP=::1 | Start=2026-04-16 16:07:42.320 | Elapsed=0ms | Status=Completed
2026-04-16 16:07:46 | INF | CONTROLLER_EXEC | Acc= admin | IP=::1 | Path=ADS999002/ADS999002 | Message=GET /ADS999002/ADS999002
2026-04-16 16:07:46 | INF | ACTION_TRACE | Acc=admin | Path=/ADS999002/ADS999002 | IP=::1 | Start=2026-04-16 16:07:46.846 | Elapsed=68ms | Status=Completed
2026-04-16 16:07:46 | INF | ACTION_TRACE | Acc=admin | Path=/sm/6cf3a2be173716d0e4726c68ef6634f00cefa4e7428560c2debae6f24389d3c1.map | IP=::1 | Start=2026-04-16 16:07:46.966 | Elapsed=0ms | Status=Completed
2026-04-16 16:07:47 | INF | CONTROLLER_EXEC | Acc= admin | IP=::1 | Path=ADS999002/GetAllRoleList | Message=POST /ADS999002/GetAllRoleList
2026-04-16 16:07:47 | INF | ACTION_TRACE | Acc=admin | Path=/ADS999002/GetAllRoleList | IP=::1 | Start=2026-04-16 16:07:47.019 | Elapsed=21ms | Status=Completed
2026-04-16 16:07:57 | INF | ACTION_TRACE | Acc=admin | Path=/AdminPortal/Home/Index | IP=::1 | Start=2026-04-16 16:07:57.810 | Elapsed=75ms | Status=Completed
2026-04-16 16:07:57 | INF | ACTION_TRACE | Acc=admin | Path=/.well-known/appspecific/com.chrome.devtools.json | IP=::1 | Start=2026-04-16 16:07:57.957 | Elapsed=0ms | Status=Completed
2026-04-16 16:08:00 | INF | CONTROLLER_EXEC | Acc= admin | IP=::1 | Path=ADS999002/ADS999002 | Message=GET /ADS999002/ADS999002
2026-04-16 16:08:00 | INF | ACTION_TRACE | Acc=admin | Path=/ADS999002/ADS999002 | IP=::1 | Start=2026-04-16 16:08:00.284 | Elapsed=159ms | Status=Completed
2026-04-16 16:08:00 | INF | ACTION_TRACE | Acc=admin | Path=/sm/6cf3a2be173716d0e4726c68ef6634f00cefa4e7428560c2debae6f24389d3c1.map | IP=::1 | Start=2026-04-16 16:08:00.472 | Elapsed=0ms | Status=Completed
2026-04-16 16:08:00 | INF | CONTROLLER_EXEC | Acc= admin | IP=::1 | Path=ADS999002/GetAllRoleList | Message=POST /ADS999002/GetAllRoleList
2026-04-16 16:08:00 | INF | ACTION_TRACE | Acc=admin | Path=/ADS999002/GetAllRoleList | IP=::1 | Start=2026-04-16 16:08:00.548 | Elapsed=158ms | Status=Completed
2026-04-16 16:08:03 | INF | CONTROLLER_EXEC | Acc= admin | IP=::1 | Path=ADS999002/GetRoleByNo | Message=GET /ADS999002/GetRoleByNo
2026-04-16 16:08:03 | INF | ACTION_TRACE | Acc=admin | Path=/ADS999002/GetRoleByNo | IP=::1 | Start=2026-04-16 16:08:03.866 | Elapsed=29ms | Status=Completed
2026-04-16 16:08:10 | INF | CONTROLLER_EXEC | Acc= admin | IP=::1 | Path=ADS999002/UpdateRole | Message=POST /ADS999002/UpdateRole
2026-04-16 16:08:10 | INF | ACTION_TRACE | Acc=admin | Path=/ADS999002/UpdateRole | IP=::1 | Start=2026-04-16 16:08:10.166 | Elapsed=49ms | Status=Completed
2026-04-16 16:08:10 | INF | CONTROLLER_EXEC | Acc= admin | IP=::1 | Path=ADS999002/GetAllRoleList | Message=POST /ADS999002/GetAllRoleList
2026-04-16 16:08:10 | INF | ACTION_TRACE | Acc=admin | Path=/ADS999002/GetAllRoleList | IP=::1 | Start=2026-04-16 16:08:10.222 | Elapsed=2ms | Status=Completed
2026-04-16 16:08:12 | INF | ACTION_TRACE | Acc=admin | Path=/AdminPortal/Home/Index | IP=::1 | Start=2026-04-16 16:08:12.678 | Elapsed=6ms | Status=Completed
2026-04-16 16:08:12 | INF | ACTION_TRACE | Acc=admin | Path=/.well-known/appspecific/com.chrome.devtools.json | IP=::1 | Start=2026-04-16 16:08:12.740 | Elapsed=0ms | Status=Completed
2026-04-16 16:08:14 | INF | CONTROLLER_EXEC | Acc= admin | IP=::1 | Path=ADS999002/ADS999002 | Message=GET /ADS999002/ADS999002
2026-04-16 16:08:14 | INF | ACTION_TRACE | Acc=admin | Path=/ADS999002/ADS999002 | IP=::1 | Start=2026-04-16 16:08:14.873 | Elapsed=4ms | Status=Completed
2026-04-16 16:08:14 | INF | ACTION_TRACE | Acc=admin | Path=/sm/6cf3a2be173716d0e4726c68ef6634f00cefa4e7428560c2debae6f24389d3c1.map | IP=::1 | Start=2026-04-16 16:08:14.973 | Elapsed=0ms | Status=Completed
2026-04-16 16:08:15 | INF | CONTROLLER_EXEC | Acc= admin | IP=::1 | Path=ADS999002/GetAllRoleList | Message=POST /ADS999002/GetAllRoleList
2026-04-16 16:08:15 | INF | ACTION_TRACE | Acc=admin | Path=/ADS999002/GetAllRoleList | IP=::1 | Start=2026-04-16 16:08:15.081 | Elapsed=4ms | Status=Completed
2026-04-16 16:08:21 | INF | CONTROLLER_EXEC | Acc= admin | IP=::1 | Path=ADS999002/AddRole | Message=POST /ADS999002/AddRole
2026-04-16 16:08:21 | INF | ACTION_TRACE | Acc=admin | Path=/ADS999002/AddRole | IP=::1 | Start=2026-04-16 16:08:21.694 | Elapsed=46ms | Status=Completed
2026-04-16 16:08:24 | INF | ACTION_TRACE | Acc=admin | Path=/AdminPortal/Home/Index | IP=::1 | Start=2026-04-16 16:08:24.535 | Elapsed=9ms | Status=Completed
2026-04-16 16:08:24 | INF | ACTION_TRACE | Acc=admin | Path=/.well-known/appspecific/com.chrome.devtools.json | IP=::1 | Start=2026-04-16 16:08:24.604 | Elapsed=0ms | Status=Completed
2026-04-16 16:08:26 | INF | ACTION_TRACE | Acc=admin | Path=/ADS999001/ADS999001 | IP=::1 | Start=2026-04-16 16:08:26.098 | Elapsed=0ms | Status=Completed
2026-04-16 16:08:26 | INF | ACTION_TRACE | Acc=admin | Path=/ADS999001/ADS999001 | IP=::1 | Start=2026-04-16 16:08:26.747 | Elapsed=0ms | Status=Completed
2026-04-16 16:08:29 | INF | CONTROLLER_EXEC | Acc= admin | IP=::1 | Path=ADS999002/ADS999002 | Message=GET /ADS999002/ADS999002
2026-04-16 16:08:29 | INF | ACTION_TRACE | Acc=admin | Path=/ADS999002/ADS999002 | IP=::1 | Start=2026-04-16 16:08:29.753 | Elapsed=3ms | Status=Completed
2026-04-16 16:08:29 | INF | ACTION_TRACE | Acc=admin | Path=/sm/6cf3a2be173716d0e4726c68ef6634f00cefa4e7428560c2debae6f24389d3c1.map | IP=::1 | Start=2026-04-16 16:08:29.852 | Elapsed=0ms | Status=Completed
2026-04-16 16:08:29 | INF | CONTROLLER_EXEC | Acc= admin | IP=::1 | Path=ADS999002/GetAllRoleList | Message=POST /ADS999002/GetAllRoleList
2026-04-16 16:08:29 | INF | ACTION_TRACE | Acc=admin | Path=/ADS999002/GetAllRoleList | IP=::1 | Start=2026-04-16 16:08:29.953 | Elapsed=3ms | Status=Completed
2026-04-16 16:09:04 | INF | ACTION_TRACE | Acc=admin | Path=/AdminPortal/Home/Index | IP=::1 | Start=2026-04-16 16:09:04.904 | Elapsed=13ms | Status=Completed
2026-04-16 16:09:04 | INF | ACTION_TRACE | Acc=admin | Path=/.well-known/appspecific/com.chrome.devtools.json | IP=::1 | Start=2026-04-16 16:09:04.959 | Elapsed=0ms | Status=Completed
2026-04-16 16:09:07 | INF | CONTROLLER_EXEC | Acc= admin | IP=::1 | Path=ADS999002/ADS999002 | Message=GET /ADS999002/ADS999002
2026-04-16 16:09:07 | INF | ACTION_TRACE | Acc=admin | Path=/ADS999002/ADS999002 | IP=::1 | Start=2026-04-16 16:09:07.307 | Elapsed=5ms | Status=Completed
2026-04-16 16:09:07 | INF | ACTION_TRACE | Acc=admin | Path=/sm/6cf3a2be173716d0e4726c68ef6634f00cefa4e7428560c2debae6f24389d3c1.map | IP=::1 | Start=2026-04-16 16:09:07.403 | Elapsed=0ms | Status=Completed
2026-04-16 16:09:07 | INF | CONTROLLER_EXEC | Acc= admin | IP=::1 | Path=ADS999002/GetAllRoleList | Message=POST /ADS999002/GetAllRoleList
2026-04-16 16:09:07 | INF | ACTION_TRACE | Acc=admin | Path=/ADS999002/GetAllRoleList | IP=::1 | Start=2026-04-16 16:09:07.472 | Elapsed=4ms | Status=Completed
2026-04-16 16:09:15 | INF | CONTROLLER_EXEC | Acc= admin | IP=::1 | Path=ADS999002/AddRole | Message=POST /ADS999002/AddRole
2026-04-16 16:09:15 | INF | ACTION_TRACE | Acc=admin | Path=/ADS999002/AddRole | IP=::1 | Start=2026-04-16 16:09:15.084 | Elapsed=14ms | Status=Completed
2026-04-16 16:09:24 | INF | ACTION_TRACE | Acc=admin | Path=/AdminPortal/Home/Index | IP=::1 | Start=2026-04-16 16:09:24.567 | Elapsed=9ms | Status=Completed
2026-04-16 16:09:24 | INF | ACTION_TRACE | Acc=admin | Path=/.well-known/appspecific/com.chrome.devtools.json | IP=::1 | Start=2026-04-16 16:09:24.634 | Elapsed=0ms | Status=Completed
2026-04-16 16:09:26 | INF | CONTROLLER_EXEC | Acc= admin | IP=::1 | Path=ADS999002/ADS999002 | Message=GET /ADS999002/ADS999002
2026-04-16 16:09:26 | INF | ACTION_TRACE | Acc=admin | Path=/ADS999002/ADS999002 | IP=::1 | Start=2026-04-16 16:09:26.443 | Elapsed=4ms | Status=Completed
2026-04-16 16:09:26 | INF | ACTION_TRACE | Acc=admin | Path=/sm/6cf3a2be173716d0e4726c68ef6634f00cefa4e7428560c2debae6f24389d3c1.map | IP=::1 | Start=2026-04-16 16:09:26.563 | Elapsed=0ms | Status=Completed
2026-04-16 16:09:26 | INF | CONTROLLER_EXEC | Acc= admin | IP=::1 | Path=ADS999002/GetAllRoleList | Message=POST /ADS999002/GetAllRoleList
2026-04-16 16:09:26 | INF | ACTION_TRACE | Acc=admin | Path=/ADS999002/GetAllRoleList | IP=::1 | Start=2026-04-16 16:09:26.638 | Elapsed=3ms | Status=Completed
2026-04-16 16:09:37 | INF | CONTROLLER_EXEC | Acc= admin | IP=::1 | Path=ADS999002/AddRole | Message=POST /ADS999002/AddRole
2026-04-16 16:09:37 | INF | ACTION_TRACE | Acc=admin | Path=/ADS999002/AddRole | IP=::1 | Start=2026-04-16 16:09:37.336 | Elapsed=12ms | Status=Completed
2026-04-16 16:10:41 | INF | CONTROLLER_EXEC | Acc= admin | IP=::1 | Path=ADS999002/AddRole | Message=POST /ADS999002/AddRole
2026-04-16 16:10:41 | INF | ACTION_TRACE | Acc=admin | Path=/ADS999002/AddRole | IP=::1 | Start=2026-04-16 16:10:41.779 | Elapsed=16ms | Status=Completed
2026-04-16 16:13:48 | INF | ACTION_TRACE | Acc=admin | Path=/AdminPortal/Home/Index | IP=::1 | Start=2026-04-16 16:13:48.322 | Elapsed=28ms | Status=Completed
2026-04-16 16:13:48 | INF | ACTION_TRACE | Acc=admin | Path=/.well-known/appspecific/com.chrome.devtools.json | IP=::1 | Start=2026-04-16 16:13:48.588 | Elapsed=0ms | Status=Completed
2026-04-16 16:13:54 | INF | CONTROLLER_EXEC | Acc= admin | IP=::1 | Path=ADS999002/ADS999002 | Message=GET /ADS999002/ADS999002
2026-04-16 16:13:54 | INF | ACTION_TRACE | Acc=admin | Path=/ADS999002/ADS999002 | IP=::1 | Start=2026-04-16 16:13:54.933 | Elapsed=35ms | Status=Completed
2026-04-16 16:13:55 | INF | ACTION_TRACE | Acc=admin | Path=/sm/6cf3a2be173716d0e4726c68ef6634f00cefa4e7428560c2debae6f24389d3c1.map | IP=::1 | Start=2026-04-16 16:13:55.022 | Elapsed=0ms | Status=Completed
2026-04-16 16:13:55 | INF | CONTROLLER_EXEC | Acc= admin | IP=::1 | Path=ADS999002/GetAllRoleList | Message=POST /ADS999002/GetAllRoleList
2026-04-16 16:13:55 | INF | ACTION_TRACE | Acc=admin | Path=/ADS999002/GetAllRoleList | IP=::1 | Start=2026-04-16 16:13:55.128 | Elapsed=27ms | Status=Completed
2026-04-16 16:18:21 | WRN | No store type was specified for the decimal property 'OveMoney' on entity type 'HROvertime'. This will cause values to be silently truncated if they do not fit in the default precision and scale. Explicitly specify the SQL server column type that can accommodate all the values in 'OnModelCreating' using 'HasColumnType', specify precision and scale using 'HasPrecision', or configure a value converter using 'HasConversion'.
2026-04-16 16:18:21 | WRN | No store type was specified for the decimal property 'Wag1D1Hour' on entity type 'HRWage'. This will cause values to be silently truncated if they do not fit in the default precision and scale. Explicitly specify the SQL server column type that can accommodate all the values in 'OnModelCreating' using 'HasColumnType', specify precision and scale using 'HasPrecision', or configure a value converter using 'HasConversion'.
2026-04-16 16:18:21 | WRN | No store type was specified for the decimal property 'Wag2D1Hour' on entity type 'HRWage'. This will cause values to be silently truncated if they do not fit in the default precision and scale. Explicitly specify the SQL server column type that can accommodate all the values in 'OnModelCreating' using 'HasColumnType', specify precision and scale using 'HasPrecision', or configure a value converter using 'HasConversion'.
2026-04-16 16:18:21 | WRN | No store type was specified for the decimal property 'Wag4D3Hour' on entity type 'HRWage'. This will cause values to be silently truncated if they do not fit in the default precision and scale. Explicitly specify the SQL server column type that can accommodate all the values in 'OnModelCreating' using 'HasColumnType', specify precision and scale using 'HasPrecision', or configure a value converter using 'HasConversion'.
2026-04-16 16:18:21 | WRN | No store type was specified for the decimal property 'Wag5D3Hour' on entity type 'HRWage'. This will cause values to be silently truncated if they do not fit in the default precision and scale. Explicitly specify the SQL server column type that can accommodate all the values in 'OnModelCreating' using 'HasColumnType', specify precision and scale using 'HasPrecision', or configure a value converter using 'HasConversion'.
2026-04-16 16:18:21 | WRN | No store type was specified for the decimal property 'Wag8D3Hour' on entity type 'HRWage'. This will cause values to be silently truncated if they do not fit in the default precision and scale. Explicitly specify the SQL server column type that can accommodate all the values in 'OnModelCreating' using 'HasColumnType', specify precision and scale using 'HasPrecision', or configure a value converter using 'HasConversion'.
2026-04-16 16:18:21 | WRN | No store type was specified for the decimal property 'WagApplyHour' on entity type 'HRWage'. This will cause values to be silently truncated if they do not fit in the default precision and scale. Explicitly specify the SQL server column type that can accommodate all the values in 'OnModelCreating' using 'HasColumnType', specify precision and scale using 'HasPrecision', or configure a value converter using 'HasConversion'.
2026-04-16 16:18:21 | WRN | No store type was specified for the decimal property 'WagIssueHour' on entity type 'HRWage'. This will cause values to be silently truncated if they do not fit in the default precision and scale. Explicitly specify the SQL server column type that can accommodate all the values in 'OnModelCreating' using 'HasColumnType', specify precision and scale using 'HasPrecision', or configure a value converter using 'HasConversion'.
2026-04-16 16:18:21 | WRN | No store type was specified for the decimal property 'WagSubtotal' on entity type 'HRWage'. This will cause values to be silently truncated if they do not fit in the default precision and scale. Explicitly specify the SQL server column type that can accommodate all the values in 'OnModelCreating' using 'HasColumnType', specify precision and scale using 'HasPrecision', or configure a value converter using 'HasConversion'.
2026-04-16 16:18:26 | WRN | The query uses the 'First'/'FirstOrDefault' operator without 'OrderBy' and filter operators. This may lead to unpredictable results.
2026-04-16 16:18:27 | INF | ACTION_TRACE | Acc=admin | Path=/ | IP=::1 | Start=2026-04-16 16:18:20.966 | Elapsed=6806ms | Status=Completed
2026-04-16 16:18:27 | INF | NETWORK_UNSTABLE | Acc=admin | Path=/ | Reason=SlowRequest 6806ms
2026-04-16 16:18:27 | INF | ACTION_TRACE | Acc=admin | Path=/Captcha/Generate | IP=::1 | Start=2026-04-16 16:18:27.940 | Elapsed=49ms | Status=Completed
2026-04-16 16:18:28 | INF | ACTION_TRACE | Acc=admin | Path=/DNTCaptchaImage/Show | IP=::1 | Start=2026-04-16 16:18:28.004 | Elapsed=136ms | Status=Completed
2026-04-16 16:18:31 | INF | ACTION_TRACE | Acc=admin | Path=/AdminPortal/Account/Login | IP=::1 | Start=2026-04-16 16:18:31.176 | Elapsed=118ms | Status=Completed
2026-04-16 16:18:31 | INF | ACTION_TRACE | Acc=admin | Path=/Captcha/Generate | IP=::1 | Start=2026-04-16 16:18:31.424 | Elapsed=3ms | Status=Completed
2026-04-16 16:18:31 | INF | ACTION_TRACE | Acc=admin | Path=/DNTCaptchaImage/Show | IP=::1 | Start=2026-04-16 16:18:31.436 | Elapsed=11ms | Status=Completed
2026-04-16 16:18:41 | INF | ACTION_TRACE | Acc=admin | Path=/AdminPortal/Account/Login | IP=::1 | Start=2026-04-16 16:18:34.440 | Elapsed=6592ms | Status=Completed
2026-04-16 16:18:41 | INF | NETWORK_UNSTABLE | Acc=admin | Path=/AdminPortal/Account/Login | Reason=SlowRequest 6592ms
2026-04-16 16:18:41 | INF | ACTION_TRACE | Acc=admin | Path=/AdminPortal/Home/Index | IP=::1 | Start=2026-04-16 16:18:41.044 | Elapsed=146ms | Status=Completed
2026-04-16 16:18:50 | INF | CONTROLLER_EXEC | Acc= admin | IP=::1 | Path=ADS999002/ADS999002 | Message=GET /ADS999002/ADS999002
2026-04-16 16:18:50 | INF | ACTION_TRACE | Acc=admin | Path=/ADS999002/ADS999002 | IP=::1 | Start=2026-04-16 16:18:50.185 | Elapsed=90ms | Status=Completed
2026-04-16 16:18:50 | INF | CONTROLLER_EXEC | Acc= admin | IP=::1 | Path=ADS999002/GetAllRoleList | Message=POST /ADS999002/GetAllRoleList
2026-04-16 16:18:50 | INF | ACTION_TRACE | Acc=admin | Path=/ADS999002/GetAllRoleList | IP=::1 | Start=2026-04-16 16:18:50.336 | Elapsed=63ms | Status=Completed
2026-04-16 16:18:57 | INF | CONTROLLER_EXEC | Acc= admin | IP=::1 | Path=ADS999002/GetPeople | Message=POST /ADS999002/GetPeople
2026-04-16 16:18:57 | INF | ACTION_TRACE | Acc=admin | Path=/ADS999002/GetPeople | IP=::1 | Start=2026-04-16 16:18:57.353 | Elapsed=34ms | Status=Completed
2026-04-16 16:18:59 | INF | CONTROLLER_EXEC | Acc= admin | IP=::1 | Path=ADS999002/GetPermission | Message=POST /ADS999002/GetPermission
2026-04-16 16:18:59 | INF | ACTION_TRACE | Acc=admin | Path=/ADS999002/GetPermission | IP=::1 | Start=2026-04-16 16:18:59.464 | Elapsed=33ms | Status=Completed
2026-04-16 16:19:10 | INF | CONTROLLER_EXEC | Acc= admin | IP=::1 | Path=ADS999002/UpdatePermission | Message=POST /ADS999002/UpdatePermission
2026-04-16 16:19:10 | INF | ACTION_TRACE | Acc=admin | Path=/ADS999002/UpdatePermission | IP=::1 | Start=2026-04-16 16:19:05.172 | Elapsed=4951ms | Status=Completed
2026-04-16 16:19:10 | INF | NETWORK_UNSTABLE | Acc=admin | Path=/ADS999002/UpdatePermission | Reason=SlowRequest 4951ms
2026-04-16 16:19:14 | INF | CONTROLLER_EXEC | Acc= admin | IP=::1 | Path=ADS999002/GetPermission | Message=POST /ADS999002/GetPermission
2026-04-16 16:19:14 | INF | ACTION_TRACE | Acc=admin | Path=/ADS999002/GetPermission | IP=::1 | Start=2026-04-16 16:19:14.360 | Elapsed=3ms | Status=Completed
2026-04-16 16:19:16 | INF | CONTROLLER_EXEC | Acc= admin | IP=::1 | Path=ADS999002/GetRoleByNo | Message=GET /ADS999002/GetRoleByNo
2026-04-16 16:19:16 | INF | ACTION_TRACE | Acc=admin | Path=/ADS999002/GetRoleByNo | IP=::1 | Start=2026-04-16 16:19:16.871 | Elapsed=24ms | Status=Completed
2026-04-16 16:19:21 | INF | CONTROLLER_EXEC | Acc= admin | IP=::1 | Path=ADS999002/UpdateRole | Message=POST /ADS999002/UpdateRole
2026-04-16 16:19:21 | INF | ACTION_TRACE | Acc=admin | Path=/ADS999002/UpdateRole | IP=::1 | Start=2026-04-16 16:19:21.269 | Elapsed=67ms | Status=Completed
2026-04-16 16:19:21 | INF | CONTROLLER_EXEC | Acc= admin | IP=::1 | Path=ADS999002/GetAllRoleList | Message=POST /ADS999002/GetAllRoleList
2026-04-16 16:19:21 | INF | ACTION_TRACE | Acc=admin | Path=/ADS999002/GetAllRoleList | IP=::1 | Start=2026-04-16 16:19:21.345 | Elapsed=7ms | Status=Completed
2026-04-16 16:19:30 | INF | ACTION_TRACE | Acc=admin | Path=/AdminPortal/Home/Index | IP=::1 | Start=2026-04-16 16:19:30.824 | Elapsed=8ms | Status=Completed
2026-04-16 16:19:34 | INF | CONTROLLER_EXEC | Acc= admin | IP=::1 | Path=ADS999002/ADS999002 | Message=GET /ADS999002/ADS999002
2026-04-16 16:19:34 | INF | ACTION_TRACE | Acc=admin | Path=/ADS999002/ADS999002 | IP=::1 | Start=2026-04-16 16:19:34.071 | Elapsed=3ms | Status=Completed
2026-04-16 16:19:34 | INF | CONTROLLER_EXEC | Acc= admin | IP=::1 | Path=ADS999002/GetAllRoleList | Message=POST /ADS999002/GetAllRoleList
2026-04-16 16:19:34 | INF | ACTION_TRACE | Acc=admin | Path=/ADS999002/GetAllRoleList | IP=::1 | Start=2026-04-16 16:19:34.102 | Elapsed=3ms | Status=Completed
2026-04-16 16:19:39 | INF | CONTROLLER_EXEC | Acc= admin | IP=::1 | Path=ADS999002/AddRole | Message=POST /ADS999002/AddRole
2026-04-16 16:19:39 | INF | ACTION_TRACE | Acc=admin | Path=/ADS999002/AddRole | IP=::1 | Start=2026-04-16 16:19:39.452 | Elapsed=35ms | Status=Completed
2026-04-16 16:19:39 | INF | CONTROLLER_EXEC | Acc= admin | IP=::1 | Path=ADS999002/GetAllRoleList | Message=POST /ADS999002/GetAllRoleList
2026-04-16 16:19:39 | INF | ACTION_TRACE | Acc=admin | Path=/ADS999002/GetAllRoleList | IP=::1 | Start=2026-04-16 16:19:39.493 | Elapsed=3ms | Status=Completed
2026-04-16 16:22:09 | WRN | No store type was specified for the decimal property 'OveMoney' on entity type 'HROvertime'. This will cause values to be silently truncated if they do not fit in the default precision and scale. Explicitly specify the SQL server column type that can accommodate all the values in 'OnModelCreating' using 'HasColumnType', specify precision and scale using 'HasPrecision', or configure a value converter using 'HasConversion'.
2026-04-16 16:22:09 | WRN | No store type was specified for the decimal property 'Wag1D1Hour' on entity type 'HRWage'. This will cause values to be silently truncated if they do not fit in the default precision and scale. Explicitly specify the SQL server column type that can accommodate all the values in 'OnModelCreating' using 'HasColumnType', specify precision and scale using 'HasPrecision', or configure a value converter using 'HasConversion'.
2026-04-16 16:22:09 | WRN | No store type was specified for the decimal property 'Wag2D1Hour' on entity type 'HRWage'. This will cause values to be silently truncated if they do not fit in the default precision and scale. Explicitly specify the SQL server column type that can accommodate all the values in 'OnModelCreating' using 'HasColumnType', specify precision and scale using 'HasPrecision', or configure a value converter using 'HasConversion'.
2026-04-16 16:22:09 | WRN | No store type was specified for the decimal property 'Wag4D3Hour' on entity type 'HRWage'. This will cause values to be silently truncated if they do not fit in the default precision and scale. Explicitly specify the SQL server column type that can accommodate all the values in 'OnModelCreating' using 'HasColumnType', specify precision and scale using 'HasPrecision', or configure a value converter using 'HasConversion'.
2026-04-16 16:22:09 | WRN | No store type was specified for the decimal property 'Wag5D3Hour' on entity type 'HRWage'. This will cause values to be silently truncated if they do not fit in the default precision and scale. Explicitly specify the SQL server column type that can accommodate all the values in 'OnModelCreating' using 'HasColumnType', specify precision and scale using 'HasPrecision', or configure a value converter using 'HasConversion'.
2026-04-16 16:22:09 | WRN | No store type was specified for the decimal property 'Wag8D3Hour' on entity type 'HRWage'. This will cause values to be silently truncated if they do not fit in the default precision and scale. Explicitly specify the SQL server column type that can accommodate all the values in 'OnModelCreating' using 'HasColumnType', specify precision and scale using 'HasPrecision', or configure a value converter using 'HasConversion'.
2026-04-16 16:22:09 | WRN | No store type was specified for the decimal property 'WagApplyHour' on entity type 'HRWage'. This will cause values to be silently truncated if they do not fit in the default precision and scale. Explicitly specify the SQL server column type that can accommodate all the values in 'OnModelCreating' using 'HasColumnType', specify precision and scale using 'HasPrecision', or configure a value converter using 'HasConversion'.
2026-04-16 16:22:09 | WRN | No store type was specified for the decimal property 'WagIssueHour' on entity type 'HRWage'. This will cause values to be silently truncated if they do not fit in the default precision and scale. Explicitly specify the SQL server column type that can accommodate all the values in 'OnModelCreating' using 'HasColumnType', specify precision and scale using 'HasPrecision', or configure a value converter using 'HasConversion'.
2026-04-16 16:22:09 | WRN | No store type was specified for the decimal property 'WagSubtotal' on entity type 'HRWage'. This will cause values to be silently truncated if they do not fit in the default precision and scale. Explicitly specify the SQL server column type that can accommodate all the values in 'OnModelCreating' using 'HasColumnType', specify precision and scale using 'HasPrecision', or configure a value converter using 'HasConversion'.
2026-04-16 16:22:14 | WRN | The query uses the 'First'/'FirstOrDefault' operator without 'OrderBy' and filter operators. This may lead to unpredictable results.
2026-04-16 16:22:15 | INF | ACTION_TRACE | Acc=admin | Path=/ | IP=::1 | Start=2026-04-16 16:22:08.374 | Elapsed=7016ms | Status=Completed
2026-04-16 16:22:15 | INF | NETWORK_UNSTABLE | Acc=admin | Path=/ | Reason=SlowRequest 7016ms
2026-04-16 16:22:15 | INF | ACTION_TRACE | Acc=admin | Path=/Captcha/Generate | IP=::1 | Start=2026-04-16 16:22:15.545 | Elapsed=41ms | Status=Completed
2026-04-16 16:22:15 | INF | ACTION_TRACE | Acc=admin | Path=/DNTCaptchaImage/Show | IP=::1 | Start=2026-04-16 16:22:15.611 | Elapsed=109ms | Status=Completed
2026-04-16 16:22:18 | INF | ACTION_TRACE | Acc=admin | Path=/AdminPortal/Account/Login | IP=::1 | Start=2026-04-16 16:22:18.236 | Elapsed=99ms | Status=Completed
2026-04-16 16:22:18 | INF | ACTION_TRACE | Acc=admin | Path=/Captcha/Generate | IP=::1 | Start=2026-04-16 16:22:18.436 | Elapsed=6ms | Status=Completed
2026-04-16 16:22:18 | INF | ACTION_TRACE | Acc=admin | Path=/DNTCaptchaImage/Show | IP=::1 | Start=2026-04-16 16:22:18.450 | Elapsed=16ms | Status=Completed
2026-04-16 16:22:28 | INF | ACTION_TRACE | Acc=admin | Path=/AdminPortal/Account/Login | IP=::1 | Start=2026-04-16 16:22:22.025 | Elapsed=6969ms | Status=Completed
2026-04-16 16:22:28 | INF | NETWORK_UNSTABLE | Acc=admin | Path=/AdminPortal/Account/Login | Reason=SlowRequest 6969ms
2026-04-16 16:22:29 | INF | ACTION_TRACE | Acc=admin | Path=/AdminPortal/Home/Index | IP=::1 | Start=2026-04-16 16:22:29.009 | Elapsed=113ms | Status=Completed
2026-04-16 16:22:32 | INF | CONTROLLER_EXEC | Acc= admin | IP=::1 | Path=ADS999002/ADS999002 | Message=GET /ADS999002/ADS999002
2026-04-16 16:22:32 | INF | ACTION_TRACE | Acc=admin | Path=/ADS999002/ADS999002 | IP=::1 | Start=2026-04-16 16:22:32.373 | Elapsed=88ms | Status=Completed
2026-04-16 16:22:32 | INF | CONTROLLER_EXEC | Acc= admin | IP=::1 | Path=ADS999002/GetAllRoleList | Message=POST /ADS999002/GetAllRoleList
2026-04-16 16:22:32 | INF | ACTION_TRACE | Acc=admin | Path=/ADS999002/GetAllRoleList | IP=::1 | Start=2026-04-16 16:22:32.510 | Elapsed=82ms | Status=Completed
2026-04-16 16:22:38 | INF | ACTION_TRACE | Acc=admin | Path=/.well-known/appspecific/com.chrome.devtools.json | IP=::1 | Start=2026-04-16 16:22:38.677 | Elapsed=0ms | Status=Completed
2026-04-16 16:22:38 | INF | ACTION_TRACE | Acc=admin | Path=/sm/6cf3a2be173716d0e4726c68ef6634f00cefa4e7428560c2debae6f24389d3c1.map | IP=::1 | Start=2026-04-16 16:22:38.790 | Elapsed=0ms | Status=Completed
2026-04-16 16:22:38 | INF | ACTION_TRACE | Acc=admin | Path=/AdminPortal/Home/Index | IP=::1 | Start=2026-04-16 16:22:38.913 | Elapsed=14ms | Status=Completed
2026-04-16 16:22:39 | INF | ACTION_TRACE | Acc=admin | Path=/.well-known/appspecific/com.chrome.devtools.json | IP=::1 | Start=2026-04-16 16:22:39.026 | Elapsed=0ms | Status=Completed
2026-04-16 16:22:42 | INF | CONTROLLER_EXEC | Acc= admin | IP=::1 | Path=ADS999002/ADS999002 | Message=GET /ADS999002/ADS999002
2026-04-16 16:22:42 | INF | ACTION_TRACE | Acc=admin | Path=/ADS999002/ADS999002 | IP=::1 | Start=2026-04-16 16:22:42.546 | Elapsed=7ms | Status=Completed
2026-04-16 16:22:42 | INF | CONTROLLER_EXEC | Acc= admin | IP=::1 | Path=ADS999002/GetAllRoleList | Message=POST /ADS999002/GetAllRoleList
2026-04-16 16:22:42 | INF | ACTION_TRACE | Acc=admin | Path=/ADS999002/GetAllRoleList | IP=::1 | Start=2026-04-16 16:22:42.596 | Elapsed=3ms | Status=Completed
2026-04-16 16:23:01 | INF | ACTION_TRACE | Acc=admin | Path=/AdminPortal/Home/Index | IP=::1 | Start=2026-04-16 16:23:01.944 | Elapsed=24ms | Status=Completed
2026-04-16 16:23:02 | INF | ACTION_TRACE | Acc=admin | Path=/AdminPortal/Home/Index | IP=::1 | Start=2026-04-16 16:23:02.361 | Elapsed=5ms | Status=Completed
2026-04-16 16:23:02 | INF | ACTION_TRACE | Acc=admin | Path=/AdminPortal/Home/Index | IP=::1 | Start=2026-04-16 16:23:02.559 | Elapsed=6ms | Status=Completed
2026-04-16 16:23:02 | INF | ACTION_TRACE | Acc=admin | Path=/AdminPortal/Home/Index | IP=::1 | Start=2026-04-16 16:23:02.678 | Elapsed=9ms | Status=Completed
2026-04-16 16:23:04 | INF | CONTROLLER_EXEC | Acc= admin | IP=::1 | Path=ADS999002/ADS999002 | Message=GET /ADS999002/ADS999002
2026-04-16 16:23:04 | INF | ACTION_TRACE | Acc=admin | Path=/ADS999002/ADS999002 | IP=::1 | Start=2026-04-16 16:23:04.253 | Elapsed=8ms | Status=Completed
2026-04-16 16:23:04 | INF | CONTROLLER_EXEC | Acc= admin | IP=::1 | Path=ADS999002/GetAllRoleList | Message=POST /ADS999002/GetAllRoleList
2026-04-16 16:23:04 | INF | ACTION_TRACE | Acc=admin | Path=/ADS999002/GetAllRoleList | IP=::1 | Start=2026-04-16 16:23:04.296 | Elapsed=2ms | Status=Completed
2026-04-16 16:23:06 | INF | CONTROLLER_EXEC | Acc= admin | IP=::1 | Path=ADS999002/GetRoleByNo | Message=GET /ADS999002/GetRoleByNo
2026-04-16 16:23:06 | INF | ACTION_TRACE | Acc=admin | Path=/ADS999002/GetRoleByNo | IP=::1 | Start=2026-04-16 16:23:06.293 | Elapsed=31ms | Status=Completed
2026-04-16 16:24:02 | INF | ACTION_TRACE | Acc=admin | Path=/.well-known/appspecific/com.chrome.devtools.json | IP=::1 | Start=2026-04-16 16:24:02.832 | Elapsed=0ms | Status=Completed
2026-04-16 16:24:02 | INF | ACTION_TRACE | Acc=admin | Path=/sm/6cf3a2be173716d0e4726c68ef6634f00cefa4e7428560c2debae6f24389d3c1.map | IP=::1 | Start=2026-04-16 16:24:02.926 | Elapsed=0ms | Status=Completed
2026-04-16 16:25:16 | INF | ACTION_TRACE | Acc=admin | Path=/.well-known/appspecific/com.chrome.devtools.json | IP=::1 | Start=2026-04-16 16:25:16.004 | Elapsed=0ms | Status=Completed
2026-04-16 16:25:16 | INF | ACTION_TRACE | Acc=admin | Path=/sm/6cf3a2be173716d0e4726c68ef6634f00cefa4e7428560c2debae6f24389d3c1.map | IP=::1 | Start=2026-04-16 16:25:16.015 | Elapsed=0ms | Status=Completed
2026-04-16 16:25:21 | INF | ACTION_TRACE | Acc=admin | Path=/AdminPortal/Home/Index | IP=::1 | Start=2026-04-16 16:25:21.472 | Elapsed=8ms | Status=Completed
2026-04-16 16:25:21 | INF | ACTION_TRACE | Acc=admin | Path=/.well-known/appspecific/com.chrome.devtools.json | IP=::1 | Start=2026-04-16 16:25:21.566 | Elapsed=0ms | Status=Completed
2026-04-16 16:26:44 | WRN | No store type was specified for the decimal property 'OveMoney' on entity type 'HROvertime'. This will cause values to be silently truncated if they do not fit in the default precision and scale. Explicitly specify the SQL server column type that can accommodate all the values in 'OnModelCreating' using 'HasColumnType', specify precision and scale using 'HasPrecision', or configure a value converter using 'HasConversion'.
2026-04-16 16:26:44 | WRN | No store type was specified for the decimal property 'Wag1D1Hour' on entity type 'HRWage'. This will cause values to be silently truncated if they do not fit in the default precision and scale. Explicitly specify the SQL server column type that can accommodate all the values in 'OnModelCreating' using 'HasColumnType', specify precision and scale using 'HasPrecision', or configure a value converter using 'HasConversion'.
2026-04-16 16:26:44 | WRN | No store type was specified for the decimal property 'Wag2D1Hour' on entity type 'HRWage'. This will cause values to be silently truncated if they do not fit in the default precision and scale. Explicitly specify the SQL server column type that can accommodate all the values in 'OnModelCreating' using 'HasColumnType', specify precision and scale using 'HasPrecision', or configure a value converter using 'HasConversion'.
2026-04-16 16:26:44 | WRN | No store type was specified for the decimal property 'Wag4D3Hour' on entity type 'HRWage'. This will cause values to be silently truncated if they do not fit in the default precision and scale. Explicitly specify the SQL server column type that can accommodate all the values in 'OnModelCreating' using 'HasColumnType', specify precision and scale using 'HasPrecision', or configure a value converter using 'HasConversion'.
2026-04-16 16:26:44 | WRN | No store type was specified for the decimal property 'Wag5D3Hour' on entity type 'HRWage'. This will cause values to be silently truncated if they do not fit in the default precision and scale. Explicitly specify the SQL server column type that can accommodate all the values in 'OnModelCreating' using 'HasColumnType', specify precision and scale using 'HasPrecision', or configure a value converter using 'HasConversion'.
2026-04-16 16:26:44 | WRN | No store type was specified for the decimal property 'Wag8D3Hour' on entity type 'HRWage'. This will cause values to be silently truncated if they do not fit in the default precision and scale. Explicitly specify the SQL server column type that can accommodate all the values in 'OnModelCreating' using 'HasColumnType', specify precision and scale using 'HasPrecision', or configure a value converter using 'HasConversion'.
2026-04-16 16:26:44 | WRN | No store type was specified for the decimal property 'WagApplyHour' on entity type 'HRWage'. This will cause values to be silently truncated if they do not fit in the default precision and scale. Explicitly specify the SQL server column type that can accommodate all the values in 'OnModelCreating' using 'HasColumnType', specify precision and scale using 'HasPrecision', or configure a value converter using 'HasConversion'.
2026-04-16 16:26:44 | WRN | No store type was specified for the decimal property 'WagIssueHour' on entity type 'HRWage'. This will cause values to be silently truncated if they do not fit in the default precision and scale. Explicitly specify the SQL server column type that can accommodate all the values in 'OnModelCreating' using 'HasColumnType', specify precision and scale using 'HasPrecision', or configure a value converter using 'HasConversion'.
2026-04-16 16:26:44 | WRN | No store type was specified for the decimal property 'WagSubtotal' on entity type 'HRWage'. This will cause values to be silently truncated if they do not fit in the default precision and scale. Explicitly specify the SQL server column type that can accommodate all the values in 'OnModelCreating' using 'HasColumnType', specify precision and scale using 'HasPrecision', or configure a value converter using 'HasConversion'.
2026-04-16 16:26:49 | WRN | The query uses the 'First'/'FirstOrDefault' operator without 'OrderBy' and filter operators. This may lead to unpredictable results.
2026-04-16 16:26:50 | INF | ACTION_TRACE | Acc=admin | Path=/ | IP=::1 | Start=2026-04-16 16:26:43.393 | Elapsed=6869ms | Status=Completed
2026-04-16 16:26:50 | INF | NETWORK_UNSTABLE | Acc=admin | Path=/ | Reason=SlowRequest 6869ms
2026-04-16 16:26:50 | INF | ACTION_TRACE | Acc=admin | Path=/Captcha/Generate | IP=::1 | Start=2026-04-16 16:26:50.422 | Elapsed=37ms | Status=Completed
2026-04-16 16:26:50 | INF | ACTION_TRACE | Acc=admin | Path=/DNTCaptchaImage/Show | IP=::1 | Start=2026-04-16 16:26:50.490 | Elapsed=104ms | Status=Completed
2026-04-16 16:27:02 | INF | ACTION_TRACE | Acc=admin | Path=/Account/Login | IP=::1 | Start=2026-04-16 16:26:56.190 | Elapsed=6296ms | Status=Completed
2026-04-16 16:27:02 | INF | NETWORK_UNSTABLE | Acc=admin | Path=/Account/Login | Reason=SlowRequest 6296ms
2026-04-16 16:27:02 | INF | ACTION_TRACE | Acc=admin | Path=/Home/Index | IP=::1 | Start=2026-04-16 16:27:02.503 | Elapsed=257ms | Status=Completed
2026-04-16 16:27:05 | INF | ACTION_TRACE | Acc=admin | Path=/ | IP=::1 | Start=2026-04-16 16:27:05.451 | Elapsed=218ms | Status=Completed
2026-04-16 16:27:05 | INF | ACTION_TRACE | Acc=admin | Path=/Captcha/Generate | IP=::1 | Start=2026-04-16 16:27:05.747 | Elapsed=2ms | Status=Completed
2026-04-16 16:27:05 | INF | ACTION_TRACE | Acc=admin | Path=/DNTCaptchaImage/Show | IP=::1 | Start=2026-04-16 16:27:05.763 | Elapsed=24ms | Status=Completed
2026-04-16 16:27:06 | INF | ACTION_TRACE | Acc=admin | Path=/AdminPortal/Account/Login | IP=::1 | Start=2026-04-16 16:27:06.674 | Elapsed=20ms | Status=Completed
2026-04-16 16:27:06 | INF | ACTION_TRACE | Acc=admin | Path=/Captcha/Generate | IP=::1 | Start=2026-04-16 16:27:06.806 | Elapsed=1ms | Status=Completed
2026-04-16 16:27:06 | INF | ACTION_TRACE | Acc=admin | Path=/DNTCaptchaImage/Show | IP=::1 | Start=2026-04-16 16:27:06.814 | Elapsed=15ms | Status=Completed
2026-04-16 16:27:13 | INF | ACTION_TRACE | Acc=admin | Path=/AdminPortal/Account/Login | IP=::1 | Start=2026-04-16 16:27:11.609 | Elapsed=1429ms | Status=Completed
2026-04-16 16:27:13 | INF | ACTION_TRACE | Acc=admin | Path=/AdminPortal/Home/Index | IP=::1 | Start=2026-04-16 16:27:13.045 | Elapsed=79ms | Status=Completed
2026-04-16 16:27:16 | INF | CONTROLLER_EXEC | Acc= admin | IP=::1 | Path=ADS999002/ADS999002 | Message=GET /ADS999002/ADS999002
2026-04-16 16:27:16 | INF | ACTION_TRACE | Acc=admin | Path=/ADS999002/ADS999002 | IP=::1 | Start=2026-04-16 16:27:16.069 | Elapsed=54ms | Status=Completed
2026-04-16 16:27:16 | INF | CONTROLLER_EXEC | Acc= admin | IP=::1 | Path=ADS999002/GetAllRoleList | Message=POST /ADS999002/GetAllRoleList
2026-04-16 16:27:16 | INF | ACTION_TRACE | Acc=admin | Path=/ADS999002/GetAllRoleList | IP=::1 | Start=2026-04-16 16:27:16.175 | Elapsed=64ms | Status=Completed
2026-04-16 16:27:20 | INF | CONTROLLER_EXEC | Acc= admin | IP=::1 | Path=ADS999002/DeleteRole | Message=POST /ADS999002/DeleteRole
2026-04-16 16:27:20 | INF | ACTION_TRACE | Acc=admin | Path=/ADS999002/DeleteRole | IP=::1 | Start=2026-04-16 16:27:20.289 | Elapsed=388ms | Status=Completed
2026-04-16 16:27:20 | INF | CONTROLLER_EXEC | Acc= admin | IP=::1 | Path=ADS999002/GetAllRoleList | Message=POST /ADS999002/GetAllRoleList
2026-04-16 16:27:20 | INF | ACTION_TRACE | Acc=admin | Path=/ADS999002/GetAllRoleList | IP=::1 | Start=2026-04-16 16:27:20.683 | Elapsed=2ms | Status=Completed
2026-04-16 16:27:22 | INF | ACTION_TRACE | Acc=admin | Path=/AdminPortal/Home/Index | IP=::1 | Start=2026-04-16 16:27:22.879 | Elapsed=9ms | Status=Completed
2026-04-16 16:27:25 | INF | CONTROLLER_EXEC | Acc= admin | IP=::1 | Path=ADS999002/ADS999002 | Message=GET /ADS999002/ADS999002
2026-04-16 16:27:25 | INF | ACTION_TRACE | Acc=admin | Path=/ADS999002/ADS999002 | IP=::1 | Start=2026-04-16 16:27:25.801 | Elapsed=4ms | Status=Completed
2026-04-16 16:27:25 | INF | CONTROLLER_EXEC | Acc= admin | IP=::1 | Path=ADS999002/GetAllRoleList | Message=POST /ADS999002/GetAllRoleList
2026-04-16 16:27:25 | INF | ACTION_TRACE | Acc=admin | Path=/ADS999002/GetAllRoleList | IP=::1 | Start=2026-04-16 16:27:25.831 | Elapsed=3ms | Status=Completed
2026-04-16 16:27:31 | INF | CONTROLLER_EXEC | Acc= admin | IP=::1 | Path=ADS999002/GetRoleByNo | Message=GET /ADS999002/GetRoleByNo
2026-04-16 16:27:31 | INF | ACTION_TRACE | Acc=admin | Path=/ADS999002/GetRoleByNo | IP=::1 | Start=2026-04-16 16:27:31.344 | Elapsed=22ms | Status=Completed
2026-04-16 16:28:06 | WRN | No store type was specified for the decimal property 'OveMoney' on entity type 'HROvertime'. This will cause values to be silently truncated if they do not fit in the default precision and scale. Explicitly specify the SQL server column type that can accommodate all the values in 'OnModelCreating' using 'HasColumnType', specify precision and scale using 'HasPrecision', or configure a value converter using 'HasConversion'.
2026-04-16 16:28:06 | WRN | No store type was specified for the decimal property 'Wag1D1Hour' on entity type 'HRWage'. This will cause values to be silently truncated if they do not fit in the default precision and scale. Explicitly specify the SQL server column type that can accommodate all the values in 'OnModelCreating' using 'HasColumnType', specify precision and scale using 'HasPrecision', or configure a value converter using 'HasConversion'.
2026-04-16 16:28:06 | WRN | No store type was specified for the decimal property 'Wag2D1Hour' on entity type 'HRWage'. This will cause values to be silently truncated if they do not fit in the default precision and scale. Explicitly specify the SQL server column type that can accommodate all the values in 'OnModelCreating' using 'HasColumnType', specify precision and scale using 'HasPrecision', or configure a value converter using 'HasConversion'.
2026-04-16 16:28:06 | WRN | No store type was specified for the decimal property 'Wag4D3Hour' on entity type 'HRWage'. This will cause values to be silently truncated if they do not fit in the default precision and scale. Explicitly specify the SQL server column type that can accommodate all the values in 'OnModelCreating' using 'HasColumnType', specify precision and scale using 'HasPrecision', or configure a value converter using 'HasConversion'.
2026-04-16 16:28:06 | WRN | No store type was specified for the decimal property 'Wag5D3Hour' on entity type 'HRWage'. This will cause values to be silently truncated if they do not fit in the default precision and scale. Explicitly specify the SQL server column type that can accommodate all the values in 'OnModelCreating' using 'HasColumnType', specify precision and scale using 'HasPrecision', or configure a value converter using 'HasConversion'.
2026-04-16 16:28:06 | WRN | No store type was specified for the decimal property 'Wag8D3Hour' on entity type 'HRWage'. This will cause values to be silently truncated if they do not fit in the default precision and scale. Explicitly specify the SQL server column type that can accommodate all the values in 'OnModelCreating' using 'HasColumnType', specify precision and scale using 'HasPrecision', or configure a value converter using 'HasConversion'.
2026-04-16 16:28:06 | WRN | No store type was specified for the decimal property 'WagApplyHour' on entity type 'HRWage'. This will cause values to be silently truncated if they do not fit in the default precision and scale. Explicitly specify the SQL server column type that can accommodate all the values in 'OnModelCreating' using 'HasColumnType', specify precision and scale using 'HasPrecision', or configure a value converter using 'HasConversion'.
2026-04-16 16:28:06 | WRN | No store type was specified for the decimal property 'WagIssueHour' on entity type 'HRWage'. This will cause values to be silently truncated if they do not fit in the default precision and scale. Explicitly specify the SQL server column type that can accommodate all the values in 'OnModelCreating' using 'HasColumnType', specify precision and scale using 'HasPrecision', or configure a value converter using 'HasConversion'.
2026-04-16 16:28:06 | WRN | No store type was specified for the decimal property 'WagSubtotal' on entity type 'HRWage'. This will cause values to be silently truncated if they do not fit in the default precision and scale. Explicitly specify the SQL server column type that can accommodate all the values in 'OnModelCreating' using 'HasColumnType', specify precision and scale using 'HasPrecision', or configure a value converter using 'HasConversion'.
2026-04-16 16:28:11 | WRN | The query uses the 'First'/'FirstOrDefault' operator without 'OrderBy' and filter operators. This may lead to unpredictable results.
2026-04-16 16:28:12 | INF | ACTION_TRACE | Acc=admin | Path=/ | IP=::1 | Start=2026-04-16 16:28:05.467 | Elapsed=6944ms | Status=Completed
2026-04-16 16:28:12 | INF | NETWORK_UNSTABLE | Acc=admin | Path=/ | Reason=SlowRequest 6944ms
2026-04-16 16:28:12 | INF | ACTION_TRACE | Acc=admin | Path=/Captcha/Generate | IP=::1 | Start=2026-04-16 16:28:12.581 | Elapsed=40ms | Status=Completed
2026-04-16 16:28:12 | INF | ACTION_TRACE | Acc=admin | Path=/DNTCaptchaImage/Show | IP=::1 | Start=2026-04-16 16:28:12.643 | Elapsed=114ms | Status=Completed
2026-04-16 16:28:15 | INF | ACTION_TRACE | Acc=admin | Path=/AdminPortal/Account/Login | IP=::1 | Start=2026-04-16 16:28:14.904 | Elapsed=103ms | Status=Completed
2026-04-16 16:28:15 | INF | ACTION_TRACE | Acc=admin | Path=/Captcha/Generate | IP=::1 | Start=2026-04-16 16:28:15.114 | Elapsed=4ms | Status=Completed
2026-04-16 16:28:15 | INF | ACTION_TRACE | Acc=admin | Path=/DNTCaptchaImage/Show | IP=::1 | Start=2026-04-16 16:28:15.125 | Elapsed=17ms | Status=Completed
2026-04-16 16:28:27 | INF | ACTION_TRACE | Acc=admin | Path=/AdminPortal/Account/Login | IP=::1 | Start=2026-04-16 16:28:18.575 | Elapsed=8922ms | Status=Completed
2026-04-16 16:28:27 | INF | NETWORK_UNSTABLE | Acc=admin | Path=/AdminPortal/Account/Login | Reason=SlowRequest 8922ms
2026-04-16 16:28:27 | INF | ACTION_TRACE | Acc=admin | Path=/AdminPortal/Home/Index | IP=::1 | Start=2026-04-16 16:28:27.511 | Elapsed=121ms | Status=Completed
2026-04-16 16:28:29 | INF | ACTION_TRACE | Acc=admin | Path=/AdminPortal/Account/Login | IP=::1 | Start=2026-04-16 16:28:29.714 | Elapsed=2ms | Status=Completed
2026-04-16 16:28:29 | INF | ACTION_TRACE | Acc=admin | Path=/Captcha/Generate | IP=::1 | Start=2026-04-16 16:28:29.784 | Elapsed=1ms | Status=Completed
2026-04-16 16:28:29 | INF | ACTION_TRACE | Acc=admin | Path=/DNTCaptchaImage/Show | IP=::1 | Start=2026-04-16 16:28:29.794 | Elapsed=14ms | Status=Completed
2026-04-16 16:28:31 | INF | ACTION_TRACE | Acc=admin | Path=/ | IP=::1 | Start=2026-04-16 16:28:30.294 | Elapsed=1622ms | Status=Completed
2026-04-16 16:28:33 | INF | ACTION_TRACE | Acc=admin | Path=/AdminPortal/Account/Login | IP=::1 | Start=2026-04-16 16:28:33.162 | Elapsed=621ms | Status=Completed
2026-04-16 16:28:34 | INF | ACTION_TRACE | Acc=admin | Path=/ | IP=::1 | Start=2026-04-16 16:28:31.357 | Elapsed=2983ms | Status=Completed
2026-04-16 16:28:34 | INF | ACTION_TRACE | Acc=admin | Path=/ | IP=::1 | Start=2026-04-16 16:28:32.068 | Elapsed=2485ms | Status=Completed
2026-04-16 16:28:34 | INF | ACTION_TRACE | Acc=admin | Path=/ | IP=::1 | Start=2026-04-16 16:28:32.014 | Elapsed=2551ms | Status=Completed
2026-04-16 16:28:34 | INF | ACTION_TRACE | Acc=admin | Path=/Captcha/Generate | IP=::1 | Start=2026-04-16 16:28:34.601 | Elapsed=1ms | Status=Completed
2026-04-16 16:28:34 | INF | ACTION_TRACE | Acc=admin | Path=/DNTCaptchaImage/Show | IP=::1 | Start=2026-04-16 16:28:34.610 | Elapsed=29ms | Status=Completed
2026-04-16 16:28:37 | INF | ACTION_TRACE | Acc=admin | Path=/ | IP=::1 | Start=2026-04-16 16:28:35.926 | Elapsed=1332ms | Status=Completed
2026-04-16 16:28:37 | INF | ACTION_TRACE | Acc=admin | Path=/Captcha/Generate | IP=::1 | Start=2026-04-16 16:28:37.366 | Elapsed=1ms | Status=Completed
2026-04-16 16:28:37 | INF | ACTION_TRACE | Acc=admin | Path=/DNTCaptchaImage/Show | IP=::1 | Start=2026-04-16 16:28:37.380 | Elapsed=10ms | Status=Completed
2026-04-16 16:28:41 | INF | ACTION_TRACE | Acc=admin | Path=/Account/Login | IP=::1 | Start=2026-04-16 16:28:40.334 | Elapsed=735ms | Status=Completed
2026-04-16 16:28:41 | INF | ACTION_TRACE | Acc=admin | Path=/Home/Index | IP=::1 | Start=2026-04-16 16:28:41.077 | Elapsed=268ms | Status=Completed
2026-04-16 16:28:42 | INF | ACTION_TRACE | Acc=admin | Path=/Home/GetMenu | IP=::1 | Start=2026-04-16 16:28:42.835 | Elapsed=12ms | Status=Completed
2026-04-16 16:28:45 | INF | CONTROLLER_EXEC | Acc= admin | IP=::1 | Path=SYS201002/SYS201002 | Message=GET /SYS201002/SYS201002
2026-04-16 16:28:45 | INF | ACTION_TRACE | Acc=admin | Path=/SYS201002/SYS201002 | IP=::1 | Start=2026-04-16 16:28:45.438 | Elapsed=99ms | Status=Completed
2026-04-16 16:28:45 | INF | CONTROLLER_EXEC | Acc= admin | IP=::1 | Path=SYS201002/GetAllRoleList | Message=POST /SYS201002/GetAllRoleList
2026-04-16 16:28:45 | INF | ACTION_TRACE | Acc=admin | Path=/SYS201002/GetAllRoleList | IP=::1 | Start=2026-04-16 16:28:45.584 | Elapsed=63ms | Status=Completed
2026-04-16 16:28:47 | INF | CONTROLLER_EXEC | Acc= admin | IP=::1 | Path=SYS201002/GetRoleByNo | Message=GET /SYS201002/GetRoleByNo
2026-04-16 16:28:47 | INF | ACTION_TRACE | Acc=admin | Path=/SYS201002/GetRoleByNo | IP=::1 | Start=2026-04-16 16:28:47.905 | Elapsed=34ms | Status=Completed
2026-04-16 16:28:52 | INF | ACTION_TRACE | Acc=admin | Path=/Account/Logout | IP=::1 | Start=2026-04-16 16:28:52.747 | Elapsed=12ms | Status=Completed
2026-04-16 16:29:56 | INF | ACTION_TRACE | Acc=admin | Path=/Home/Index | IP=::1 | Start=2026-04-16 16:29:55.829 | Elapsed=327ms | Status=Completed
2026-04-16 16:29:58 | INF | ACTION_TRACE | Acc=admin | Path=/Home/GetMenu | IP=::1 | Start=2026-04-16 16:29:58.082 | Elapsed=35ms | Status=Completed
2026-04-16 16:30:00 | INF | CONTROLLER_EXEC | Acc= admin | IP=::1 | Path=SYS201002/SYS201002 | Message=GET /SYS201002/SYS201002
2026-04-16 16:30:00 | INF | ACTION_TRACE | Acc=admin | Path=/SYS201002/SYS201002 | IP=::1 | Start=2026-04-16 16:30:00.813 | Elapsed=74ms | Status=Completed
2026-04-16 16:30:00 | INF | CONTROLLER_EXEC | Acc= admin | IP=::1 | Path=SYS201002/GetAllRoleList | Message=POST /SYS201002/GetAllRoleList
2026-04-16 16:30:00 | INF | ACTION_TRACE | Acc=admin | Path=/SYS201002/GetAllRoleList | IP=::1 | Start=2026-04-16 16:30:00.938 | Elapsed=60ms | Status=Completed
2026-04-16 16:30:04 | INF | ACTION_TRACE | Acc=admin | Path=/.well-known/appspecific/com.chrome.devtools.json | IP=::1 | Start=2026-04-16 16:30:04.122 | Elapsed=0ms | Status=Completed
2026-04-16 16:30:04 | INF | ACTION_TRACE | Acc=admin | Path=/lib/html-to-image/html-to-image.js.map | IP=::1 | Start=2026-04-16 16:30:04.200 | Elapsed=0ms | Status=Completed
2026-04-16 16:30:04 | INF | ACTION_TRACE | Acc=admin | Path=/sm/6cf3a2be173716d0e4726c68ef6634f00cefa4e7428560c2debae6f24389d3c1.map | IP=::1 | Start=2026-04-16 16:30:04.249 | Elapsed=0ms | Status=Completed
2026-04-16 16:30:28 | INF | CONTROLLER_EXEC | Acc= admin | IP=::1 | Path=SYS201002/GetRoleByNo | Message=GET /SYS201002/GetRoleByNo
2026-04-16 16:30:28 | INF | ACTION_TRACE | Acc=admin | Path=/SYS201002/GetRoleByNo | IP=::1 | Start=2026-04-16 16:30:28.413 | Elapsed=44ms | Status=Completed
2026-04-16 16:30:30 | INF | CONTROLLER_EXEC | Acc= admin | IP=::1 | Path=SYS201002/GetPermission | Message=POST /SYS201002/GetPermission
2026-04-16 16:30:30 | INF | ACTION_TRACE | Acc=admin | Path=/SYS201002/GetPermission | IP=::1 | Start=2026-04-16 16:30:30.353 | Elapsed=63ms | Status=Completed
2026-04-16 16:30:32 | INF | CONTROLLER_EXEC | Acc= admin | IP=::1 | Path=SYS201002/GetPermission | Message=POST /SYS201002/GetPermission
2026-04-16 16:30:32 | INF | ACTION_TRACE | Acc=admin | Path=/SYS201002/GetPermission | IP=::1 | Start=2026-04-16 16:30:32.785 | Elapsed=16ms | Status=Completed
2026-04-16 16:31:06 | INF | ACTION_TRACE | Acc=admin | Path=/Account/Logout | IP=::1 | Start=2026-04-16 16:31:06.016 | Elapsed=13ms | Status=Completed
2026-04-16 16:31:17 | INF | ACTION_TRACE | Acc=admin | Path=/AdminPortal/Home/Index | IP=::1 | Start=2026-04-16 16:31:17.095 | Elapsed=81ms | Status=Completed
2026-04-16 16:31:17 | INF | ACTION_TRACE | Acc=admin | Path=/.well-known/appspecific/com.chrome.devtools.json | IP=::1 | Start=2026-04-16 16:31:17.207 | Elapsed=0ms | Status=Completed
2026-04-16 16:31:20 | INF | CONTROLLER_EXEC | Acc= admin | IP=::1 | Path=ADS999002/ADS999002 | Message=GET /ADS999002/ADS999002
2026-04-16 16:31:20 | INF | ACTION_TRACE | Acc=admin | Path=/ADS999002/ADS999002 | IP=::1 | Start=2026-04-16 16:31:20.800 | Elapsed=40ms | Status=Completed
2026-04-16 16:31:20 | INF | ACTION_TRACE | Acc=admin | Path=/sm/6cf3a2be173716d0e4726c68ef6634f00cefa4e7428560c2debae6f24389d3c1.map | IP=::1 | Start=2026-04-16 16:31:20.886 | Elapsed=0ms | Status=Completed
2026-04-16 16:31:21 | INF | CONTROLLER_EXEC | Acc= admin | IP=::1 | Path=ADS999002/GetAllRoleList | Message=POST /ADS999002/GetAllRoleList
2026-04-16 16:31:21 | INF | ACTION_TRACE | Acc=admin | Path=/ADS999002/GetAllRoleList | IP=::1 | Start=2026-04-16 16:31:20.970 | Elapsed=61ms | Status=Completed
2026-04-16 16:31:24 | INF | ACTION_TRACE | Acc=admin | Path=/.well-known/appspecific/com.chrome.devtools.json | IP=::1 | Start=2026-04-16 16:31:24.831 | Elapsed=0ms | Status=Completed
2026-04-16 16:31:24 | INF | ACTION_TRACE | Acc=admin | Path=/sm/6cf3a2be173716d0e4726c68ef6634f00cefa4e7428560c2debae6f24389d3c1.map | IP=::1 | Start=2026-04-16 16:31:24.881 | Elapsed=0ms | Status=Completed
2026-04-16 16:31:26 | INF | CONTROLLER_EXEC | Acc= admin | IP=::1 | Path=ADS999002/GetAllRoleList | Message=POST /ADS999002/GetAllRoleList
2026-04-16 16:31:26 | INF | ACTION_TRACE | Acc=admin | Path=/ADS999002/GetAllRoleList | IP=::1 | Start=2026-04-16 16:31:26.859 | Elapsed=5ms | Status=Completed
2026-04-16 16:31:27 | INF | CONTROLLER_EXEC | Acc= admin | IP=::1 | Path=ADS999002/GetAllRoleList | Message=POST /ADS999002/GetAllRoleList
2026-04-16 16:31:27 | INF | ACTION_TRACE | Acc=admin | Path=/ADS999002/GetAllRoleList | IP=::1 | Start=2026-04-16 16:31:27.271 | Elapsed=3ms | Status=Completed
2026-04-16 16:31:28 | INF | CONTROLLER_EXEC | Acc= admin | IP=::1 | Path=ADS999002/GetAllRoleList | Message=POST /ADS999002/GetAllRoleList
2026-04-16 16:31:28 | INF | ACTION_TRACE | Acc=admin | Path=/ADS999002/GetAllRoleList | IP=::1 | Start=2026-04-16 16:31:28.456 | Elapsed=6ms | Status=Completed
2026-04-16 16:31:28 | INF | CONTROLLER_EXEC | Acc= admin | IP=::1 | Path=ADS999002/GetAllRoleList | Message=POST /ADS999002/GetAllRoleList
2026-04-16 16:31:28 | INF | ACTION_TRACE | Acc=admin | Path=/ADS999002/GetAllRoleList | IP=::1 | Start=2026-04-16 16:31:28.615 | Elapsed=6ms | Status=Completed
2026-04-16 16:31:28 | INF | CONTROLLER_EXEC | Acc= admin | IP=::1 | Path=ADS999002/GetAllRoleList | Message=POST /ADS999002/GetAllRoleList
2026-04-16 16:31:28 | INF | ACTION_TRACE | Acc=admin | Path=/ADS999002/GetAllRoleList | IP=::1 | Start=2026-04-16 16:31:28.777 | Elapsed=2ms | Status=Completed
2026-04-16 16:31:30 | INF | CONTROLLER_EXEC | Acc= admin | IP=::1 | Path=ADS999002/GetAllRoleList | Message=POST /ADS999002/GetAllRoleList
2026-04-16 16:31:30 | INF | ACTION_TRACE | Acc=admin | Path=/ADS999002/GetAllRoleList | IP=::1 | Start=2026-04-16 16:31:30.872 | Elapsed=2ms | Status=Completed
2026-04-16 16:32:54 | INF | ACTION_TRACE | Acc=admin | Path=/AdminPortal/Home/Index | IP=::1 | Start=2026-04-16 16:32:54.848 | Elapsed=88ms | Status=Completed
2026-04-16 16:32:55 | INF | ACTION_TRACE | Acc=admin | Path=/.well-known/appspecific/com.chrome.devtools.json | IP=::1 | Start=2026-04-16 16:32:55.004 | Elapsed=0ms | Status=Completed
2026-04-16 16:32:58 | INF | CONTROLLER_EXEC | Acc= admin | IP=::1 | Path=ADS999002/ADS999002 | Message=GET /ADS999002/ADS999002
2026-04-16 16:32:58 | INF | ACTION_TRACE | Acc=admin | Path=/ADS999002/ADS999002 | IP=::1 | Start=2026-04-16 16:32:58.877 | Elapsed=4ms | Status=Completed
2026-04-16 16:32:58 | INF | ACTION_TRACE | Acc=admin | Path=/sm/6cf3a2be173716d0e4726c68ef6634f00cefa4e7428560c2debae6f24389d3c1.map | IP=::1 | Start=2026-04-16 16:32:58.965 | Elapsed=0ms | Status=Completed
2026-04-16 16:32:59 | INF | CONTROLLER_EXEC | Acc= admin | IP=::1 | Path=ADS999002/GetAllRoleList | Message=POST /ADS999002/GetAllRoleList
2026-04-16 16:32:59 | INF | ACTION_TRACE | Acc=admin | Path=/ADS999002/GetAllRoleList | IP=::1 | Start=2026-04-16 16:32:59.057 | Elapsed=4ms | Status=Completed
2026-04-16 16:33:00 | INF | ACTION_TRACE | Acc=admin | Path=/AdminPortal/Home/Index | IP=::1 | Start=2026-04-16 16:33:00.328 | Elapsed=8ms | Status=Completed
2026-04-16 16:33:00 | INF | ACTION_TRACE | Acc=admin | Path=/.well-known/appspecific/com.chrome.devtools.json | IP=::1 | Start=2026-04-16 16:33:00.430 | Elapsed=0ms | Status=Completed
2026-04-16 16:33:02 | INF | CONTROLLER_EXEC | Acc= admin | IP=::1 | Path=ADS999002/ADS999002 | Message=GET /ADS999002/ADS999002
2026-04-16 16:33:02 | INF | ACTION_TRACE | Acc=admin | Path=/ADS999002/ADS999002 | IP=::1 | Start=2026-04-16 16:33:02.792 | Elapsed=4ms | Status=Completed
2026-04-16 16:33:02 | INF | ACTION_TRACE | Acc=admin | Path=/sm/6cf3a2be173716d0e4726c68ef6634f00cefa4e7428560c2debae6f24389d3c1.map | IP=::1 | Start=2026-04-16 16:33:02.868 | Elapsed=0ms | Status=Completed
2026-04-16 16:33:02 | INF | CONTROLLER_EXEC | Acc= admin | IP=::1 | Path=ADS999002/GetAllRoleList | Message=POST /ADS999002/GetAllRoleList
2026-04-16 16:33:02 | INF | ACTION_TRACE | Acc=admin | Path=/ADS999002/GetAllRoleList | IP=::1 | Start=2026-04-16 16:33:02.935 | Elapsed=4ms | Status=Completed
2026-04-16 16:33:06 | INF | ACTION_TRACE | Acc=admin | Path=/AdminPortal/Home/Index | IP=::1 | Start=2026-04-16 16:33:06.170 | Elapsed=7ms | Status=Completed
2026-04-16 16:33:06 | INF | ACTION_TRACE | Acc=admin | Path=/.well-known/appspecific/com.chrome.devtools.json | IP=::1 | Start=2026-04-16 16:33:06.329 | Elapsed=0ms | Status=Completed
2026-04-16 16:33:09 | INF | CONTROLLER_EXEC | Acc= admin | IP=::1 | Path=ADS999002/ADS999002 | Message=GET /ADS999002/ADS999002
2026-04-16 16:33:09 | INF | ACTION_TRACE | Acc=admin | Path=/ADS999002/ADS999002 | IP=::1 | Start=2026-04-16 16:33:09.038 | Elapsed=4ms | Status=Completed
2026-04-16 16:33:09 | INF | ACTION_TRACE | Acc=admin | Path=/sm/6cf3a2be173716d0e4726c68ef6634f00cefa4e7428560c2debae6f24389d3c1.map | IP=::1 | Start=2026-04-16 16:33:09.126 | Elapsed=0ms | Status=Completed
2026-04-16 16:33:09 | INF | CONTROLLER_EXEC | Acc= admin | IP=::1 | Path=ADS999002/GetAllRoleList | Message=POST /ADS999002/GetAllRoleList
2026-04-16 16:33:09 | INF | ACTION_TRACE | Acc=admin | Path=/ADS999002/GetAllRoleList | IP=::1 | Start=2026-04-16 16:33:09.197 | Elapsed=4ms | Status=Completed
2026-04-16 16:34:19 | WRN | No store type was specified for the decimal property 'OveMoney' on entity type 'HROvertime'. This will cause values to be silently truncated if they do not fit in the default precision and scale. Explicitly specify the SQL server column type that can accommodate all the values in 'OnModelCreating' using 'HasColumnType', specify precision and scale using 'HasPrecision', or configure a value converter using 'HasConversion'.
2026-04-16 16:34:19 | WRN | No store type was specified for the decimal property 'Wag1D1Hour' on entity type 'HRWage'. This will cause values to be silently truncated if they do not fit in the default precision and scale. Explicitly specify the SQL server column type that can accommodate all the values in 'OnModelCreating' using 'HasColumnType', specify precision and scale using 'HasPrecision', or configure a value converter using 'HasConversion'.
2026-04-16 16:34:19 | WRN | No store type was specified for the decimal property 'Wag2D1Hour' on entity type 'HRWage'. This will cause values to be silently truncated if they do not fit in the default precision and scale. Explicitly specify the SQL server column type that can accommodate all the values in 'OnModelCreating' using 'HasColumnType', specify precision and scale using 'HasPrecision', or configure a value converter using 'HasConversion'.
2026-04-16 16:34:19 | WRN | No store type was specified for the decimal property 'Wag4D3Hour' on entity type 'HRWage'. This will cause values to be silently truncated if they do not fit in the default precision and scale. Explicitly specify the SQL server column type that can accommodate all the values in 'OnModelCreating' using 'HasColumnType', specify precision and scale using 'HasPrecision', or configure a value converter using 'HasConversion'.
2026-04-16 16:34:19 | WRN | No store type was specified for the decimal property 'Wag5D3Hour' on entity type 'HRWage'. This will cause values to be silently truncated if they do not fit in the default precision and scale. Explicitly specify the SQL server column type that can accommodate all the values in 'OnModelCreating' using 'HasColumnType', specify precision and scale using 'HasPrecision', or configure a value converter using 'HasConversion'.
2026-04-16 16:34:19 | WRN | No store type was specified for the decimal property 'Wag8D3Hour' on entity type 'HRWage'. This will cause values to be silently truncated if they do not fit in the default precision and scale. Explicitly specify the SQL server column type that can accommodate all the values in 'OnModelCreating' using 'HasColumnType', specify precision and scale using 'HasPrecision', or configure a value converter using 'HasConversion'.
2026-04-16 16:34:19 | WRN | No store type was specified for the decimal property 'WagApplyHour' on entity type 'HRWage'. This will cause values to be silently truncated if they do not fit in the default precision and scale. Explicitly specify the SQL server column type that can accommodate all the values in 'OnModelCreating' using 'HasColumnType', specify precision and scale using 'HasPrecision', or configure a value converter using 'HasConversion'.
2026-04-16 16:34:19 | WRN | No store type was specified for the decimal property 'WagIssueHour' on entity type 'HRWage'. This will cause values to be silently truncated if they do not fit in the default precision and scale. Explicitly specify the SQL server column type that can accommodate all the values in 'OnModelCreating' using 'HasColumnType', specify precision and scale using 'HasPrecision', or configure a value converter using 'HasConversion'.
2026-04-16 16:34:19 | WRN | No store type was specified for the decimal property 'WagSubtotal' on entity type 'HRWage'. This will cause values to be silently truncated if they do not fit in the default precision and scale. Explicitly specify the SQL server column type that can accommodate all the values in 'OnModelCreating' using 'HasColumnType', specify precision and scale using 'HasPrecision', or configure a value converter using 'HasConversion'.
2026-04-16 16:34:24 | WRN | The query uses the 'First'/'FirstOrDefault' operator without 'OrderBy' and filter operators. This may lead to unpredictable results.
2026-04-16 16:34:25 | INF | ACTION_TRACE | Acc=admin | Path=/ | IP=::1 | Start=2026-04-16 16:34:18.846 | Elapsed=6915ms | Status=Completed
2026-04-16 16:34:25 | INF | NETWORK_UNSTABLE | Acc=admin | Path=/ | Reason=SlowRequest 6915ms
2026-04-16 16:34:25 | INF | ACTION_TRACE | Acc=admin | Path=/Captcha/Generate | IP=::1 | Start=2026-04-16 16:34:25.926 | Elapsed=37ms | Status=Completed
2026-04-16 16:34:26 | INF | ACTION_TRACE | Acc=admin | Path=/DNTCaptchaImage/Show | IP=::1 | Start=2026-04-16 16:34:25.990 | Elapsed=101ms | Status=Completed
2026-04-16 16:34:37 | INF | ACTION_TRACE | Acc=admin | Path=/Account/Login | IP=::1 | Start=2026-04-16 16:34:31.238 | Elapsed=6304ms | Status=Completed
2026-04-16 16:34:37 | INF | NETWORK_UNSTABLE | Acc=admin | Path=/Account/Login | Reason=SlowRequest 6304ms
2026-04-16 16:34:37 | INF | ACTION_TRACE | Acc=admin | Path=/Home/Index | IP=::1 | Start=2026-04-16 16:34:37.559 | Elapsed=233ms | Status=Completed
2026-04-16 16:34:39 | INF | ACTION_TRACE | Acc=admin | Path=/ | IP=::1 | Start=2026-04-16 16:34:39.211 | Elapsed=240ms | Status=Completed
2026-04-16 16:34:39 | INF | ACTION_TRACE | Acc=admin | Path=/Captcha/Generate | IP=::1 | Start=2026-04-16 16:34:39.532 | Elapsed=1ms | Status=Completed
2026-04-16 16:34:39 | INF | ACTION_TRACE | Acc=admin | Path=/DNTCaptchaImage/Show | IP=::1 | Start=2026-04-16 16:34:39.550 | Elapsed=16ms | Status=Completed
2026-04-16 16:34:40 | INF | ACTION_TRACE | Acc=admin | Path=/AdminPortal/Account/Login | IP=::1 | Start=2026-04-16 16:34:40.295 | Elapsed=25ms | Status=Completed
2026-04-16 16:34:40 | INF | ACTION_TRACE | Acc=admin | Path=/Captcha/Generate | IP=::1 | Start=2026-04-16 16:34:40.426 | Elapsed=1ms | Status=Completed
2026-04-16 16:34:40 | INF | ACTION_TRACE | Acc=admin | Path=/DNTCaptchaImage/Show | IP=::1 | Start=2026-04-16 16:34:40.436 | Elapsed=17ms | Status=Completed
2026-04-16 16:34:47 | INF | ACTION_TRACE | Acc=admin | Path=/AdminPortal/Account/Login | IP=::1 | Start=2026-04-16 16:34:44.205 | Elapsed=3741ms | Status=Completed
2026-04-16 16:34:47 | INF | NETWORK_UNSTABLE | Acc=admin | Path=/AdminPortal/Account/Login | Reason=SlowRequest 3741ms
2026-04-16 16:34:48 | INF | ACTION_TRACE | Acc=admin | Path=/AdminPortal/Home/Index | IP=::1 | Start=2026-04-16 16:34:47.957 | Elapsed=94ms | Status=Completed
2026-04-16 16:34:51 | INF | CONTROLLER_EXEC | Acc= admin | IP=::1 | Path=ADS999002/ADS999002 | Message=GET /ADS999002/ADS999002
2026-04-16 16:34:51 | INF | ACTION_TRACE | Acc=admin | Path=/ADS999002/ADS999002 | IP=::1 | Start=2026-04-16 16:34:51.067 | Elapsed=65ms | Status=Completed
2026-04-16 16:34:51 | INF | CONTROLLER_EXEC | Acc= admin | IP=::1 | Path=ADS999002/GetAllRoleList | Message=POST /ADS999002/GetAllRoleList
2026-04-16 16:34:51 | INF | ACTION_TRACE | Acc=admin | Path=/ADS999002/GetAllRoleList | IP=::1 | Start=2026-04-16 16:34:51.205 | Elapsed=61ms | Status=Completed
2026-04-16 16:35:00 | INF | ACTION_TRACE | Acc=admin | Path=/ADS999003/ADS999003 | IP=::1 | Start=2026-04-16 16:35:00.161 | Elapsed=0ms | Status=Completed
2026-04-16 16:35:01 | INF | ACTION_TRACE | Acc=admin | Path=/ADS999001/ADS999001 | IP=::1 | Start=2026-04-16 16:35:01.521 | Elapsed=0ms | Status=Completed
2026-04-16 16:35:02 | INF | ACTION_TRACE | Acc=admin | Path=/ADS999003/ADS999003 | IP=::1 | Start=2026-04-16 16:35:02.469 | Elapsed=0ms | Status=Completed
2026-04-16 16:35:11 | INF | CONTROLLER_EXEC | Acc= admin | IP=::1 | Path=ADS999002/GetRoleByNo | Message=GET /ADS999002/GetRoleByNo
2026-04-16 16:35:11 | INF | ACTION_TRACE | Acc=admin | Path=/ADS999002/GetRoleByNo | IP=::1 | Start=2026-04-16 16:35:11.208 | Elapsed=40ms | Status=Completed
2026-04-16 16:35:12 | INF | CONTROLLER_EXEC | Acc= admin | IP=::1 | Path=ADS999002/GetPermission | Message=POST /ADS999002/GetPermission
2026-04-16 16:35:12 | INF | ACTION_TRACE | Acc=admin | Path=/ADS999002/GetPermission | IP=::1 | Start=2026-04-16 16:35:12.824 | Elapsed=25ms | Status=Completed
2026-04-16 16:35:48 | INF | ACTION_TRACE | Acc=admin | Path=/AdminPortal/Home/Index | IP=::1 | Start=2026-04-16 16:35:48.183 | Elapsed=28ms | Status=Completed
2026-04-16 16:35:50 | INF | ACTION_TRACE | Acc=admin | Path=/AdminPortal/Home/Index | IP=::1 | Start=2026-04-16 16:35:50.934 | Elapsed=23ms | Status=Completed
2026-04-16 16:38:01 | WRN | No store type was specified for the decimal property 'OveMoney' on entity type 'HROvertime'. This will cause values to be silently truncated if they do not fit in the default precision and scale. Explicitly specify the SQL server column type that can accommodate all the values in 'OnModelCreating' using 'HasColumnType', specify precision and scale using 'HasPrecision', or configure a value converter using 'HasConversion'.
2026-04-16 16:38:01 | WRN | No store type was specified for the decimal property 'Wag1D1Hour' on entity type 'HRWage'. This will cause values to be silently truncated if they do not fit in the default precision and scale. Explicitly specify the SQL server column type that can accommodate all the values in 'OnModelCreating' using 'HasColumnType', specify precision and scale using 'HasPrecision', or configure a value converter using 'HasConversion'.
2026-04-16 16:38:01 | WRN | No store type was specified for the decimal property 'Wag2D1Hour' on entity type 'HRWage'. This will cause values to be silently truncated if they do not fit in the default precision and scale. Explicitly specify the SQL server column type that can accommodate all the values in 'OnModelCreating' using 'HasColumnType', specify precision and scale using 'HasPrecision', or configure a value converter using 'HasConversion'.
2026-04-16 16:38:01 | WRN | No store type was specified for the decimal property 'Wag4D3Hour' on entity type 'HRWage'. This will cause values to be silently truncated if they do not fit in the default precision and scale. Explicitly specify the SQL server column type that can accommodate all the values in 'OnModelCreating' using 'HasColumnType', specify precision and scale using 'HasPrecision', or configure a value converter using 'HasConversion'.
2026-04-16 16:38:01 | WRN | No store type was specified for the decimal property 'Wag5D3Hour' on entity type 'HRWage'. This will cause values to be silently truncated if they do not fit in the default precision and scale. Explicitly specify the SQL server column type that can accommodate all the values in 'OnModelCreating' using 'HasColumnType', specify precision and scale using 'HasPrecision', or configure a value converter using 'HasConversion'.
2026-04-16 16:38:01 | WRN | No store type was specified for the decimal property 'Wag8D3Hour' on entity type 'HRWage'. This will cause values to be silently truncated if they do not fit in the default precision and scale. Explicitly specify the SQL server column type that can accommodate all the values in 'OnModelCreating' using 'HasColumnType', specify precision and scale using 'HasPrecision', or configure a value converter using 'HasConversion'.
2026-04-16 16:38:01 | WRN | No store type was specified for the decimal property 'WagApplyHour' on entity type 'HRWage'. This will cause values to be silently truncated if they do not fit in the default precision and scale. Explicitly specify the SQL server column type that can accommodate all the values in 'OnModelCreating' using 'HasColumnType', specify precision and scale using 'HasPrecision', or configure a value converter using 'HasConversion'.
2026-04-16 16:38:01 | WRN | No store type was specified for the decimal property 'WagIssueHour' on entity type 'HRWage'. This will cause values to be silently truncated if they do not fit in the default precision and scale. Explicitly specify the SQL server column type that can accommodate all the values in 'OnModelCreating' using 'HasColumnType', specify precision and scale using 'HasPrecision', or configure a value converter using 'HasConversion'.
2026-04-16 16:38:01 | WRN | No store type was specified for the decimal property 'WagSubtotal' on entity type 'HRWage'. This will cause values to be silently truncated if they do not fit in the default precision and scale. Explicitly specify the SQL server column type that can accommodate all the values in 'OnModelCreating' using 'HasColumnType', specify precision and scale using 'HasPrecision', or configure a value converter using 'HasConversion'.
2026-04-16 16:38:06 | WRN | The query uses the 'First'/'FirstOrDefault' operator without 'OrderBy' and filter operators. This may lead to unpredictable results.
2026-04-16 16:38:07 | INF | ACTION_TRACE | Acc=admin | Path=/ | IP=::1 | Start=2026-04-16 16:38:00.875 | Elapsed=6948ms | Status=Completed
2026-04-16 16:38:07 | INF | NETWORK_UNSTABLE | Acc=admin | Path=/ | Reason=SlowRequest 6948ms
2026-04-16 16:38:08 | INF | ACTION_TRACE | Acc=admin | Path=/Captcha/Generate | IP=::1 | Start=2026-04-16 16:38:07.986 | Elapsed=44ms | Status=Completed
2026-04-16 16:38:08 | INF | ACTION_TRACE | Acc=admin | Path=/DNTCaptchaImage/Show | IP=::1 | Start=2026-04-16 16:38:08.061 | Elapsed=113ms | Status=Completed
2026-04-16 16:38:09 | INF | ACTION_TRACE | Acc=admin | Path=/AdminPortal/Account/Login | IP=::1 | Start=2026-04-16 16:38:09.701 | Elapsed=106ms | Status=Completed
2026-04-16 16:38:09 | INF | ACTION_TRACE | Acc=admin | Path=/Captcha/Generate | IP=::1 | Start=2026-04-16 16:38:09.927 | Elapsed=6ms | Status=Completed
2026-04-16 16:38:09 | INF | ACTION_TRACE | Acc=admin | Path=/DNTCaptchaImage/Show | IP=::1 | Start=2026-04-16 16:38:09.940 | Elapsed=15ms | Status=Completed
2026-04-16 16:38:20 | INF | ACTION_TRACE | Acc=admin | Path=/AdminPortal/Account/Login | IP=::1 | Start=2026-04-16 16:38:12.466 | Elapsed=7933ms | Status=Completed
2026-04-16 16:38:20 | INF | NETWORK_UNSTABLE | Acc=admin | Path=/AdminPortal/Account/Login | Reason=SlowRequest 7933ms
2026-04-16 16:38:20 | INF | ACTION_TRACE | Acc=admin | Path=/AdminPortal/Home/Index | IP=::1 | Start=2026-04-16 16:38:20.412 | Elapsed=116ms | Status=Completed
2026-04-16 16:38:23 | INF | ACTION_TRACE | Acc=admin | Path=/ | IP=::1 | Start=2026-04-16 16:38:23.669 | Elapsed=269ms | Status=Completed
2026-04-16 16:38:24 | INF | ACTION_TRACE | Acc=admin | Path=/AdminPortal/Account/Login | IP=::1 | Start=2026-04-16 16:38:24.647 | Elapsed=1ms | Status=Completed
2026-04-16 16:38:24 | INF | ACTION_TRACE | Acc=admin | Path=/Captcha/Generate | IP=::1 | Start=2026-04-16 16:38:24.734 | Elapsed=1ms | Status=Completed
2026-04-16 16:38:24 | INF | ACTION_TRACE | Acc=admin | Path=/DNTCaptchaImage/Show | IP=::1 | Start=2026-04-16 16:38:24.742 | Elapsed=15ms | Status=Completed
2026-04-16 16:38:31 | INF | ACTION_TRACE | Acc=admin | Path=/AdminPortal/Account/Login | IP=::1 | Start=2026-04-16 16:38:27.803 | Elapsed=4046ms | Status=Completed
2026-04-16 16:38:31 | INF | NETWORK_UNSTABLE | Acc=admin | Path=/AdminPortal/Account/Login | Reason=SlowRequest 4046ms
2026-04-16 16:38:31 | INF | ACTION_TRACE | Acc=admin | Path=/AdminPortal/Home/Index | IP=::1 | Start=2026-04-16 16:38:31.858 | Elapsed=5ms | Status=Completed
2026-04-16 16:38:35 | INF | CONTROLLER_EXEC | Acc= admin | IP=::1 | Path=ADS999002/ADS999002 | Message=GET /ADS999002/ADS999002
2026-04-16 16:38:35 | INF | ACTION_TRACE | Acc=admin | Path=/ADS999002/ADS999002 | IP=::1 | Start=2026-04-16 16:38:35.410 | Elapsed=65ms | Status=Completed
2026-04-16 16:38:35 | INF | CONTROLLER_EXEC | Acc= admin | IP=::1 | Path=ADS999002/GetAllRoleList | Message=POST /ADS999002/GetAllRoleList
2026-04-16 16:38:35 | INF | ACTION_TRACE | Acc=admin | Path=/ADS999002/GetAllRoleList | IP=::1 | Start=2026-04-16 16:38:35.528 | Elapsed=62ms | Status=Completed
2026-04-16 16:38:39 | INF | CONTROLLER_EXEC | Acc= admin | IP=::1 | Path=ADS999002/GetRoleByNo | Message=GET /ADS999002/GetRoleByNo
2026-04-16 16:38:39 | INF | ACTION_TRACE | Acc=admin | Path=/ADS999002/GetRoleByNo | IP=::1 | Start=2026-04-16 16:38:39.390 | Elapsed=38ms | Status=Completed
2026-04-16 16:38:41 | INF | CONTROLLER_EXEC | Acc= admin | IP=::1 | Path=ADS999002/UpdateRole | Message=POST /ADS999002/UpdateRole
2026-04-16 16:38:41 | INF | ACTION_TRACE | Acc=admin | Path=/ADS999002/UpdateRole | IP=::1 | Start=2026-04-16 16:38:40.799 | Elapsed=324ms | Status=Completed
2026-04-16 16:38:41 | INF | CONTROLLER_EXEC | Acc= admin | IP=::1 | Path=ADS999002/GetAllRoleList | Message=POST /ADS999002/GetAllRoleList
2026-04-16 16:38:41 | INF | ACTION_TRACE | Acc=admin | Path=/ADS999002/GetAllRoleList | IP=::1 | Start=2026-04-16 16:38:41.129 | Elapsed=2ms | Status=Completed
2026-04-16 16:38:45 | INF | CONTROLLER_EXEC | Acc= admin | IP=::1 | Path=ADS999002/GetPermission | Message=POST /ADS999002/GetPermission
2026-04-16 16:38:45 | INF | ACTION_TRACE | Acc=admin | Path=/ADS999002/GetPermission | IP=::1 | Start=2026-04-16 16:38:45.026 | Elapsed=20ms | Status=Completed
2026-04-16 16:38:48 | INF | ACTION_TRACE | Acc=admin | Path=/.well-known/appspecific/com.chrome.devtools.json | IP=::1 | Start=2026-04-16 16:38:48.478 | Elapsed=0ms | Status=Completed
2026-04-16 16:38:48 | INF | ACTION_TRACE | Acc=admin | Path=/sm/6cf3a2be173716d0e4726c68ef6634f00cefa4e7428560c2debae6f24389d3c1.map | IP=::1 | Start=2026-04-16 16:38:48.586 | Elapsed=0ms | Status=Completed
2026-04-16 16:38:49 | INF | ACTION_TRACE | Acc=admin | Path=/AdminPortal/Home/Index | IP=::1 | Start=2026-04-16 16:38:49.879 | Elapsed=10ms | Status=Completed
2026-04-16 16:38:50 | INF | ACTION_TRACE | Acc=admin | Path=/.well-known/appspecific/com.chrome.devtools.json | IP=::1 | Start=2026-04-16 16:38:50.005 | Elapsed=0ms | Status=Completed
2026-04-16 16:38:53 | INF | CONTROLLER_EXEC | Acc= admin | IP=::1 | Path=ADS999002/ADS999002 | Message=GET /ADS999002/ADS999002
2026-04-16 16:38:53 | INF | ACTION_TRACE | Acc=admin | Path=/ADS999002/ADS999002 | IP=::1 | Start=2026-04-16 16:38:53.734 | Elapsed=4ms | Status=Completed
2026-04-16 16:38:53 | INF | ACTION_TRACE | Acc=admin | Path=/sm/6cf3a2be173716d0e4726c68ef6634f00cefa4e7428560c2debae6f24389d3c1.map | IP=::1 | Start=2026-04-16 16:38:53.793 | Elapsed=0ms | Status=Completed
2026-04-16 16:38:53 | INF | CONTROLLER_EXEC | Acc= admin | IP=::1 | Path=ADS999002/GetAllRoleList | Message=POST /ADS999002/GetAllRoleList
2026-04-16 16:38:53 | INF | ACTION_TRACE | Acc=admin | Path=/ADS999002/GetAllRoleList | IP=::1 | Start=2026-04-16 16:38:53.858 | Elapsed=3ms | Status=Completed
2026-04-16 16:38:55 | INF | CONTROLLER_EXEC | Acc= admin | IP=::1 | Path=ADS999002/GetPermission | Message=POST /ADS999002/GetPermission
2026-04-16 16:38:55 | INF | ACTION_TRACE | Acc=admin | Path=/ADS999002/GetPermission | IP=::1 | Start=2026-04-16 16:38:55.988 | Elapsed=3ms | Status=Completed
2026-04-16 16:42:11 | INF | ACTION_TRACE | Acc=admin | Path=/AdminPortal/Home/Index | IP=::1 | Start=2026-04-16 16:42:11.216 | Elapsed=7ms | Status=Completed
2026-04-16 16:42:11 | INF | ACTION_TRACE | Acc=admin | Path=/.well-known/appspecific/com.chrome.devtools.json | IP=::1 | Start=2026-04-16 16:42:11.386 | Elapsed=0ms | Status=Completed
2026-04-16 16:42:13 | INF | ACTION_TRACE | Acc=admin | Path=/ADS999001/ADS999001 | IP=::1 | Start=2026-04-16 16:42:13.885 | Elapsed=0ms | Status=Completed
2026-04-16 16:42:15 | INF | CONTROLLER_EXEC | Acc= admin | IP=::1 | Path=ADS999002/ADS999002 | Message=GET /ADS999002/ADS999002
2026-04-16 16:42:15 | INF | ACTION_TRACE | Acc=admin | Path=/ADS999002/ADS999002 | IP=::1 | Start=2026-04-16 16:42:15.044 | Elapsed=3ms | Status=Completed
2026-04-16 16:42:15 | INF | ACTION_TRACE | Acc=admin | Path=/sm/6cf3a2be173716d0e4726c68ef6634f00cefa4e7428560c2debae6f24389d3c1.map | IP=::1 | Start=2026-04-16 16:42:15.097 | Elapsed=0ms | Status=Completed
2026-04-16 16:42:15 | INF | CONTROLLER_EXEC | Acc= admin | IP=::1 | Path=ADS999002/GetAllRoleList | Message=POST /ADS999002/GetAllRoleList
2026-04-16 16:42:15 | INF | ACTION_TRACE | Acc=admin | Path=/ADS999002/GetAllRoleList | IP=::1 | Start=2026-04-16 16:42:15.165 | Elapsed=2ms | Status=Completed
2026-04-16 16:42:16 | INF | CONTROLLER_EXEC | Acc= admin | IP=::1 | Path=ADS999002/GetPermission | Message=POST /ADS999002/GetPermission
2026-04-16 16:42:16 | INF | ACTION_TRACE | Acc=admin | Path=/ADS999002/GetPermission | IP=::1 | Start=2026-04-16 16:42:16.400 | Elapsed=3ms | Status=Completed
2026-04-16 16:42:26 | INF | ACTION_TRACE | Acc=admin | Path=/AdminPortal/Home/Index | IP=::1 | Start=2026-04-16 16:42:26.794 | Elapsed=17ms | Status=Completed
2026-04-16 16:42:26 | INF | ACTION_TRACE | Acc=admin | Path=/.well-known/appspecific/com.chrome.devtools.json | IP=::1 | Start=2026-04-16 16:42:26.908 | Elapsed=0ms | Status=Completed
2026-04-16 16:42:29 | INF | ACTION_TRACE | Acc=admin | Path=/ADS999001/ADS999001 | IP=::1 | Start=2026-04-16 16:42:29.750 | Elapsed=0ms | Status=Completed
2026-04-16 16:42:30 | INF | CONTROLLER_EXEC | Acc= admin | IP=::1 | Path=ADS999002/ADS999002 | Message=GET /ADS999002/ADS999002
2026-04-16 16:42:30 | INF | ACTION_TRACE | Acc=admin | Path=/ADS999002/ADS999002 | IP=::1 | Start=2026-04-16 16:42:30.963 | Elapsed=2ms | Status=Completed
2026-04-16 16:42:31 | INF | ACTION_TRACE | Acc=admin | Path=/sm/6cf3a2be173716d0e4726c68ef6634f00cefa4e7428560c2debae6f24389d3c1.map | IP=::1 | Start=2026-04-16 16:42:31.022 | Elapsed=0ms | Status=Completed
2026-04-16 16:42:31 | INF | CONTROLLER_EXEC | Acc= admin | IP=::1 | Path=ADS999002/GetAllRoleList | Message=POST /ADS999002/GetAllRoleList
2026-04-16 16:42:31 | INF | ACTION_TRACE | Acc=admin | Path=/ADS999002/GetAllRoleList | IP=::1 | Start=2026-04-16 16:42:31.079 | Elapsed=4ms | Status=Completed
2026-04-16 16:42:32 | INF | CONTROLLER_EXEC | Acc= admin | IP=::1 | Path=ADS999002/GetPermission | Message=POST /ADS999002/GetPermission
2026-04-16 16:42:32 | INF | ACTION_TRACE | Acc=admin | Path=/ADS999002/GetPermission | IP=::1 | Start=2026-04-16 16:42:32.168 | Elapsed=2ms | Status=Completed
2026-04-16 16:46:38 | INF | ACTION_TRACE | Acc=admin | Path=/AdminPortal/Home/Index | IP=::1 | Start=2026-04-16 16:46:38.037 | Elapsed=8ms | Status=Completed
2026-04-16 16:46:38 | INF | ACTION_TRACE | Acc=admin | Path=/.well-known/appspecific/com.chrome.devtools.json | IP=::1 | Start=2026-04-16 16:46:38.220 | Elapsed=0ms | Status=Completed
2026-04-16 16:46:41 | INF | CONTROLLER_EXEC | Acc= admin | IP=::1 | Path=ADS999002/ADS999002 | Message=GET /ADS999002/ADS999002
2026-04-16 16:46:41 | INF | ACTION_TRACE | Acc=admin | Path=/ADS999002/ADS999002 | IP=::1 | Start=2026-04-16 16:46:41.114 | Elapsed=4ms | Status=Completed
2026-04-16 16:46:41 | INF | ACTION_TRACE | Acc=admin | Path=/sm/6cf3a2be173716d0e4726c68ef6634f00cefa4e7428560c2debae6f24389d3c1.map | IP=::1 | Start=2026-04-16 16:46:41.177 | Elapsed=0ms | Status=Completed
2026-04-16 16:46:41 | INF | CONTROLLER_EXEC | Acc= admin | IP=::1 | Path=ADS999002/GetAllRoleList | Message=POST /ADS999002/GetAllRoleList
2026-04-16 16:46:41 | INF | ACTION_TRACE | Acc=admin | Path=/ADS999002/GetAllRoleList | IP=::1 | Start=2026-04-16 16:46:41.244 | Elapsed=3ms | Status=Completed
2026-04-16 16:46:42 | INF | CONTROLLER_EXEC | Acc= admin | IP=::1 | Path=ADS999002/GetPermission | Message=POST /ADS999002/GetPermission
2026-04-16 16:46:42 | INF | ACTION_TRACE | Acc=admin | Path=/ADS999002/GetPermission | IP=::1 | Start=2026-04-16 16:46:42.333 | Elapsed=3ms | Status=Completed
2026-04-16 16:46:43 | INF | ACTION_TRACE | Acc=admin | Path=/AdminPortal/Home/Index | IP=::1 | Start=2026-04-16 16:46:43.749 | Elapsed=6ms | Status=Completed
2026-04-16 16:46:43 | INF | ACTION_TRACE | Acc=admin | Path=/.well-known/appspecific/com.chrome.devtools.json | IP=::1 | Start=2026-04-16 16:46:43.836 | Elapsed=0ms | Status=Completed
2026-04-16 16:46:45 | INF | ACTION_TRACE | Acc=admin | Path=/ADS999001/ADS999001 | IP=::1 | Start=2026-04-16 16:46:45.948 | Elapsed=0ms | Status=Completed
2026-04-16 16:46:47 | INF | CONTROLLER_EXEC | Acc= admin | IP=::1 | Path=ADS999002/ADS999002 | Message=GET /ADS999002/ADS999002
2026-04-16 16:46:47 | INF | ACTION_TRACE | Acc=admin | Path=/ADS999002/ADS999002 | IP=::1 | Start=2026-04-16 16:46:47.619 | Elapsed=4ms | Status=Completed
2026-04-16 16:46:47 | INF | ACTION_TRACE | Acc=admin | Path=/sm/6cf3a2be173716d0e4726c68ef6634f00cefa4e7428560c2debae6f24389d3c1.map | IP=::1 | Start=2026-04-16 16:46:47.677 | Elapsed=0ms | Status=Completed
2026-04-16 16:46:47 | INF | CONTROLLER_EXEC | Acc= admin | IP=::1 | Path=ADS999002/GetAllRoleList | Message=POST /ADS999002/GetAllRoleList
2026-04-16 16:46:47 | INF | ACTION_TRACE | Acc=admin | Path=/ADS999002/GetAllRoleList | IP=::1 | Start=2026-04-16 16:46:47.752 | Elapsed=3ms | Status=Completed
2026-04-16 16:46:49 | INF | CONTROLLER_EXEC | Acc= admin | IP=::1 | Path=ADS999002/GetPermission | Message=POST /ADS999002/GetPermission
2026-04-16 16:46:49 | INF | ACTION_TRACE | Acc=admin | Path=/ADS999002/GetPermission | IP=::1 | Start=2026-04-16 16:46:49.012 | Elapsed=2ms | Status=Completed
2026-04-16 16:47:01 | INF | ACTION_TRACE | Acc=admin | Path=/AdminPortal/Home/Index | IP=::1 | Start=2026-04-16 16:47:01.376 | Elapsed=6ms | Status=Completed
2026-04-16 16:47:03 | INF | ACTION_TRACE | Acc=admin | Path=/AdminPortal/Account/Login | IP=::1 | Start=2026-04-16 16:47:03.906 | Elapsed=1ms | Status=Completed
2026-04-16 16:47:04 | INF | ACTION_TRACE | Acc=admin | Path=/Captcha/Generate | IP=::1 | Start=2026-04-16 16:47:04.002 | Elapsed=1ms | Status=Completed
2026-04-16 16:47:04 | INF | ACTION_TRACE | Acc=admin | Path=/DNTCaptchaImage/Show | IP=::1 | Start=2026-04-16 16:47:04.010 | Elapsed=33ms | Status=Completed
2026-04-16 16:47:06 | INF | ACTION_TRACE | Acc=admin | Path=/ | IP=::1 | Start=2026-04-16 16:47:04.894 | Elapsed=1892ms | Status=Completed
2026-04-16 16:47:06 | INF | ACTION_TRACE | Acc=admin | Path=/Captcha/Generate | IP=::1 | Start=2026-04-16 16:47:06.932 | Elapsed=1ms | Status=Completed
2026-04-16 16:47:06 | INF | ACTION_TRACE | Acc=admin | Path=/DNTCaptchaImage/Show | IP=::1 | Start=2026-04-16 16:47:06.968 | Elapsed=11ms | Status=Completed
2026-04-16 16:47:15 | INF | ACTION_TRACE | Acc=admin | Path=/Account/Login | IP=::1 | Start=2026-04-16 16:47:10.426 | Elapsed=5571ms | Status=Completed
2026-04-16 16:47:15 | INF | NETWORK_UNSTABLE | Acc=admin | Path=/Account/Login | Reason=SlowRequest 5571ms
2026-04-16 16:47:16 | INF | ACTION_TRACE | Acc=admin | Path=/Home/Index | IP=::1 | Start=2026-04-16 16:47:16.008 | Elapsed=168ms | Status=Completed
2026-04-16 16:47:19 | INF | ACTION_TRACE | Acc=admin | Path=/Home/GetMenu | IP=::1 | Start=2026-04-16 16:47:19.043 | Elapsed=12ms | Status=Completed
2026-04-16 16:47:20 | INF | CONTROLLER_EXEC | Acc= admin | IP=::1 | Path=SYS201002/SYS201002 | Message=GET /SYS201002/SYS201002
2026-04-16 16:47:20 | INF | ACTION_TRACE | Acc=admin | Path=/SYS201002/SYS201002 | IP=::1 | Start=2026-04-16 16:47:20.446 | Elapsed=68ms | Status=Completed
2026-04-16 16:47:20 | INF | CONTROLLER_EXEC | Acc= admin | IP=::1 | Path=SYS201002/GetAllRoleList | Message=POST /SYS201002/GetAllRoleList
2026-04-16 16:47:20 | INF | ACTION_TRACE | Acc=admin | Path=/SYS201002/GetAllRoleList | IP=::1 | Start=2026-04-16 16:47:20.571 | Elapsed=40ms | Status=Completed
2026-04-16 16:47:21 | INF | CONTROLLER_EXEC | Acc= admin | IP=::1 | Path=SYS201002/GetPermission | Message=POST /SYS201002/GetPermission
2026-04-16 16:47:21 | INF | ACTION_TRACE | Acc=admin | Path=/SYS201002/GetPermission | IP=::1 | Start=2026-04-16 16:47:21.789 | Elapsed=34ms | Status=Completed
2026-04-16 16:47:28 | INF | ACTION_TRACE | Acc=admin | Path=/AdminPortal/Home/Index | IP=::1 | Start=2026-04-16 16:47:28.428 | Elapsed=0ms | Status=Completed
2026-04-16 16:47:28 | INF | ACTION_TRACE | Acc=admin | Path=/AdminPortal/Account/Login | IP=::1 | Start=2026-04-16 16:47:28.434 | Elapsed=1ms | Status=Completed
2026-04-16 16:47:28 | INF | ACTION_TRACE | Acc=admin | Path=/.well-known/appspecific/com.chrome.devtools.json | IP=::1 | Start=2026-04-16 16:47:28.509 | Elapsed=0ms | Status=Completed
2026-04-16 16:47:28 | INF | ACTION_TRACE | Acc=admin | Path=/Captcha/Generate | IP=::1 | Start=2026-04-16 16:47:28.635 | Elapsed=1ms | Status=Completed
2026-04-16 16:47:28 | INF | ACTION_TRACE | Acc=admin | Path=/DNTCaptchaImage/Show | IP=::1 | Start=2026-04-16 16:47:28.654 | Elapsed=11ms | Status=Completed
2026-04-16 16:47:36 | INF | ACTION_TRACE | Acc=admin | Path=/AdminPortal/Account/Login | IP=::1 | Start=2026-04-16 16:47:32.035 | Elapsed=4939ms | Status=Completed
2026-04-16 16:47:36 | INF | NETWORK_UNSTABLE | Acc=admin | Path=/AdminPortal/Account/Login | Reason=SlowRequest 4939ms
2026-04-16 16:47:36 | INF | ACTION_TRACE | Acc=admin | Path=/AdminPortal/Home/Index | IP=::1 | Start=2026-04-16 16:47:36.987 | Elapsed=5ms | Status=Completed
2026-04-16 16:47:37 | INF | ACTION_TRACE | Acc=admin | Path=/.well-known/appspecific/com.chrome.devtools.json | IP=::1 | Start=2026-04-16 16:47:37.018 | Elapsed=0ms | Status=Completed
2026-04-16 16:47:48 | INF | CONTROLLER_EXEC | Acc= admin | IP=::1 | Path=ADS999002/ADS999002 | Message=GET /ADS999002/ADS999002
2026-04-16 16:47:48 | INF | ACTION_TRACE | Acc=admin | Path=/ADS999002/ADS999002 | IP=::1 | Start=2026-04-16 16:47:48.469 | Elapsed=3ms | Status=Completed
2026-04-16 16:47:48 | INF | ACTION_TRACE | Acc=admin | Path=/sm/6cf3a2be173716d0e4726c68ef6634f00cefa4e7428560c2debae6f24389d3c1.map | IP=::1 | Start=2026-04-16 16:47:48.523 | Elapsed=0ms | Status=Completed
2026-04-16 16:47:48 | INF | CONTROLLER_EXEC | Acc= admin | IP=::1 | Path=ADS999002/GetAllRoleList | Message=POST /ADS999002/GetAllRoleList
2026-04-16 16:47:48 | INF | ACTION_TRACE | Acc=admin | Path=/ADS999002/GetAllRoleList | IP=::1 | Start=2026-04-16 16:47:48.591 | Elapsed=15ms | Status=Completed
2026-04-16 16:47:50 | INF | CONTROLLER_EXEC | Acc= admin | IP=::1 | Path=ADS999002/GetPermission | Message=POST /ADS999002/GetPermission
2026-04-16 16:47:50 | INF | ACTION_TRACE | Acc=admin | Path=/ADS999002/GetPermission | IP=::1 | Start=2026-04-16 16:47:50.321 | Elapsed=55ms | Status=Completed
2026-04-16 16:48:15 | INF | ACTION_TRACE | Acc=admin | Path=/AdminPortal/Home/Index | IP=::1 | Start=2026-04-16 16:48:15.935 | Elapsed=6ms | Status=Completed
2026-04-16 16:48:15 | INF | ACTION_TRACE | Acc=admin | Path=/Home/Index | IP=::1 | Start=2026-04-16 16:48:15.940 | Elapsed=27ms | Status=Completed
2026-04-16 16:48:16 | INF | ACTION_TRACE | Acc=admin | Path=/.well-known/appspecific/com.chrome.devtools.json | IP=::1 | Start=2026-04-16 16:48:16.034 | Elapsed=0ms | Status=Completed
2026-04-16 16:48:42 | INF | ACTION_TRACE | Acc=admin | Path=/Home/Index | IP=::1 | Start=2026-04-16 16:48:42.167 | Elapsed=33ms | Status=Completed
2026-04-16 16:48:44 | INF | CONTROLLER_EXEC | Acc= admin | IP=::1 | Path=ADS999002/ADS999002 | Message=GET /ADS999002/ADS999002
2026-04-16 16:48:44 | INF | ACTION_TRACE | Acc=admin | Path=/ADS999002/ADS999002 | IP=::1 | Start=2026-04-16 16:48:44.794 | Elapsed=3ms | Status=Completed
2026-04-16 16:48:44 | INF | ACTION_TRACE | Acc=admin | Path=/sm/6cf3a2be173716d0e4726c68ef6634f00cefa4e7428560c2debae6f24389d3c1.map | IP=::1 | Start=2026-04-16 16:48:44.860 | Elapsed=0ms | Status=Completed
2026-04-16 16:48:44 | INF | CONTROLLER_EXEC | Acc= admin | IP=::1 | Path=ADS999002/GetAllRoleList | Message=POST /ADS999002/GetAllRoleList
2026-04-16 16:48:44 | INF | ACTION_TRACE | Acc=admin | Path=/ADS999002/GetAllRoleList | IP=::1 | Start=2026-04-16 16:48:44.925 | Elapsed=3ms | Status=Completed
2026-04-16 16:48:46 | INF | CONTROLLER_EXEC | Acc= admin | IP=::1 | Path=ADS999002/GetPermission | Message=POST /ADS999002/GetPermission
2026-04-16 16:48:46 | INF | ACTION_TRACE | Acc=admin | Path=/ADS999002/GetPermission | IP=::1 | Start=2026-04-16 16:48:46.199 | Elapsed=2ms | Status=Completed
2026-04-16 16:48:46 | INF | ACTION_TRACE | Acc=admin | Path=/AdminPortal/Home/Index | IP=::1 | Start=2026-04-16 16:48:42.172 | Elapsed=4556ms | Status=Completed
2026-04-16 16:48:46 | INF | NETWORK_UNSTABLE | Acc=admin | Path=/AdminPortal/Home/Index | Reason=SlowRequest 4556ms
2026-04-16 16:48:46 | INF | ACTION_TRACE | Acc=admin | Path=/.well-known/appspecific/com.chrome.devtools.json | IP=::1 | Start=2026-04-16 16:48:46.802 | Elapsed=0ms | Status=Completed
2026-04-16 16:48:49 | INF | CONTROLLER_EXEC | Acc= admin | IP=::1 | Path=ADS999002/ADS999002 | Message=GET /ADS999002/ADS999002
2026-04-16 16:48:49 | INF | ACTION_TRACE | Acc=admin | Path=/ADS999002/ADS999002 | IP=::1 | Start=2026-04-16 16:48:49.457 | Elapsed=4ms | Status=Completed
2026-04-16 16:48:49 | INF | ACTION_TRACE | Acc=admin | Path=/sm/6cf3a2be173716d0e4726c68ef6634f00cefa4e7428560c2debae6f24389d3c1.map | IP=::1 | Start=2026-04-16 16:48:49.520 | Elapsed=0ms | Status=Completed
2026-04-16 16:48:49 | INF | CONTROLLER_EXEC | Acc= admin | IP=::1 | Path=ADS999002/GetAllRoleList | Message=POST /ADS999002/GetAllRoleList
2026-04-16 16:48:49 | INF | ACTION_TRACE | Acc=admin | Path=/ADS999002/GetAllRoleList | IP=::1 | Start=2026-04-16 16:48:49.597 | Elapsed=4ms | Status=Completed
2026-04-16 16:48:50 | INF | CONTROLLER_EXEC | Acc= admin | IP=::1 | Path=ADS999002/GetPermission | Message=POST /ADS999002/GetPermission
2026-04-16 16:48:50 | INF | ACTION_TRACE | Acc=admin | Path=/ADS999002/GetPermission | IP=::1 | Start=2026-04-16 16:48:50.845 | Elapsed=2ms | Status=Completed
2026-04-16 16:49:07 | INF | ACTION_TRACE | Acc=admin | Path=/.well-known/appspecific/com.chrome.devtools.json | IP=::1 | Start=2026-04-16 16:49:07.452 | Elapsed=0ms | Status=Completed
2026-04-16 16:49:07 | INF | ACTION_TRACE | Acc=admin | Path=/sm/6cf3a2be173716d0e4726c68ef6634f00cefa4e7428560c2debae6f24389d3c1.map | IP=::1 | Start=2026-04-16 16:49:07.511 | Elapsed=0ms | Status=Completed
2026-04-16 16:49:55 | INF | ACTION_TRACE | Acc=admin | Path=/AdminPortal/Home/Index | IP=::1 | Start=2026-04-16 16:49:55.269 | Elapsed=4ms | Status=Completed
2026-04-16 16:49:55 | INF | ACTION_TRACE | Acc=admin | Path=/.well-known/appspecific/com.chrome.devtools.json | IP=::1 | Start=2026-04-16 16:49:55.332 | Elapsed=0ms | Status=Completed
2026-04-16 16:49:55 | INF | ACTION_TRACE | Acc=admin | Path=/Home/Index | IP=::1 | Start=2026-04-16 16:49:55.265 | Elapsed=130ms | Status=Completed
2026-04-16 16:50:37 | INF | ACTION_TRACE | Acc=admin | Path=/AdminPortal/Home/Index | IP=::1 | Start=2026-04-16 16:50:37.337 | Elapsed=4ms | Status=Completed
2026-04-16 16:50:37 | INF | ACTION_TRACE | Acc=admin | Path=/.well-known/appspecific/com.chrome.devtools.json | IP=::1 | Start=2026-04-16 16:50:37.402 | Elapsed=0ms | Status=Completed
2026-04-16 16:50:37 | INF | ACTION_TRACE | Acc=admin | Path=/Home/Index | IP=::1 | Start=2026-04-16 16:50:37.331 | Elapsed=85ms | Status=Completed
2026-04-16 16:50:39 | INF | ACTION_TRACE | Acc=admin | Path=/AdminPortal/Home/Index | IP=::1 | Start=2026-04-16 16:50:39.707 | Elapsed=5ms | Status=Completed
2026-04-16 16:50:39 | INF | ACTION_TRACE | Acc=admin | Path=/.well-known/appspecific/com.chrome.devtools.json | IP=::1 | Start=2026-04-16 16:50:39.740 | Elapsed=0ms | Status=Completed
2026-04-16 16:50:39 | INF | ACTION_TRACE | Acc=admin | Path=/Home/Index | IP=::1 | Start=2026-04-16 16:50:39.699 | Elapsed=67ms | Status=Completed
2026-04-16 16:50:56 | INF | CONTROLLER_EXEC | Acc= admin | IP=::1 | Path=ADS999002/ADS999002 | Message=GET /ADS999002/ADS999002
2026-04-16 16:50:56 | INF | ACTION_TRACE | Acc=admin | Path=/ADS999002/ADS999002 | IP=::1 | Start=2026-04-16 16:50:56.106 | Elapsed=18ms | Status=Completed
2026-04-16 16:50:56 | INF | ACTION_TRACE | Acc=admin | Path=/sm/6cf3a2be173716d0e4726c68ef6634f00cefa4e7428560c2debae6f24389d3c1.map | IP=::1 | Start=2026-04-16 16:50:56.205 | Elapsed=0ms | Status=Completed
2026-04-16 16:50:56 | INF | CONTROLLER_EXEC | Acc= admin | IP=::1 | Path=ADS999002/GetAllRoleList | Message=POST /ADS999002/GetAllRoleList
2026-04-16 16:50:56 | INF | ACTION_TRACE | Acc=admin | Path=/ADS999002/GetAllRoleList | IP=::1 | Start=2026-04-16 16:50:56.267 | Elapsed=2ms | Status=Completed
2026-04-16 16:50:57 | INF | CONTROLLER_EXEC | Acc= admin | IP=::1 | Path=ADS999002/GetPermission | Message=POST /ADS999002/GetPermission
2026-04-16 16:50:57 | INF | ACTION_TRACE | Acc=admin | Path=/ADS999002/GetPermission | IP=::1 | Start=2026-04-16 16:50:57.466 | Elapsed=2ms | Status=Completed
2026-04-16 16:51:03 | INF | ACTION_TRACE | Acc=admin | Path=/AdminPortal/Home/Index | IP=::1 | Start=2026-04-16 16:51:03.576 | Elapsed=4ms | Status=Completed
2026-04-16 16:51:03 | INF | ACTION_TRACE | Acc=admin | Path=/.well-known/appspecific/com.chrome.devtools.json | IP=::1 | Start=2026-04-16 16:51:03.608 | Elapsed=0ms | Status=Completed
2026-04-16 16:51:03 | INF | ACTION_TRACE | Acc=admin | Path=/Home/Index | IP=::1 | Start=2026-04-16 16:51:03.570 | Elapsed=57ms | Status=Completed
2026-04-16 16:51:06 | INF | CONTROLLER_EXEC | Acc= admin | IP=::1 | Path=ADS999002/ADS999002 | Message=GET /ADS999002/ADS999002
2026-04-16 16:51:06 | INF | ACTION_TRACE | Acc=admin | Path=/ADS999002/ADS999002 | IP=::1 | Start=2026-04-16 16:51:06.400 | Elapsed=3ms | Status=Completed
2026-04-16 16:51:06 | INF | ACTION_TRACE | Acc=admin | Path=/sm/6cf3a2be173716d0e4726c68ef6634f00cefa4e7428560c2debae6f24389d3c1.map | IP=::1 | Start=2026-04-16 16:51:06.495 | Elapsed=0ms | Status=Completed
2026-04-16 16:51:06 | INF | CONTROLLER_EXEC | Acc= admin | IP=::1 | Path=ADS999002/GetAllRoleList | Message=POST /ADS999002/GetAllRoleList
2026-04-16 16:51:06 | INF | ACTION_TRACE | Acc=admin | Path=/ADS999002/GetAllRoleList | IP=::1 | Start=2026-04-16 16:51:06.575 | Elapsed=2ms | Status=Completed
2026-04-16 16:51:07 | INF | CONTROLLER_EXEC | Acc= admin | IP=::1 | Path=ADS999002/GetPermission | Message=POST /ADS999002/GetPermission
2026-04-16 16:51:07 | INF | ACTION_TRACE | Acc=admin | Path=/ADS999002/GetPermission | IP=::1 | Start=2026-04-16 16:51:07.671 | Elapsed=2ms | Status=Completed
2026-04-16 16:51:39 | INF | ACTION_TRACE | Acc=admin | Path=/AdminPortal/Home/Index | IP=::1 | Start=2026-04-16 16:51:39.198 | Elapsed=5ms | Status=Completed
2026-04-16 16:51:39 | INF | ACTION_TRACE | Acc=admin | Path=/.well-known/appspecific/com.chrome.devtools.json | IP=::1 | Start=2026-04-16 16:51:39.233 | Elapsed=0ms | Status=Completed
2026-04-16 16:51:39 | INF | ACTION_TRACE | Acc=admin | Path=/Home/Index | IP=::1 | Start=2026-04-16 16:51:39.189 | Elapsed=96ms | Status=Completed
2026-04-16 16:52:05 | INF | ACTION_TRACE | Acc=admin | Path=/AdminPortal/Home/Index | IP=::1 | Start=2026-04-16 16:52:05.510 | Elapsed=159ms | Status=Completed
2026-04-16 16:52:05 | INF | ACTION_TRACE | Acc=admin | Path=/.well-known/appspecific/com.chrome.devtools.json | IP=::1 | Start=2026-04-16 16:52:05.689 | Elapsed=0ms | Status=Completed
2026-04-16 16:52:05 | INF | ACTION_TRACE | Acc=admin | Path=/Home/Index | IP=::1 | Start=2026-04-16 16:52:05.507 | Elapsed=429ms | Status=Completed
2026-04-16 16:52:28 | INF | CONTROLLER_EXEC | Acc= admin | IP=::1 | Path=ADS999002/ADS999002 | Message=GET /ADS999002/ADS999002
2026-04-16 16:52:28 | INF | ACTION_TRACE | Acc=admin | Path=/ADS999002/ADS999002 | IP=::1 | Start=2026-04-16 16:52:28.332 | Elapsed=3ms | Status=Completed
2026-04-16 16:52:28 | INF | ACTION_TRACE | Acc=admin | Path=/sm/6cf3a2be173716d0e4726c68ef6634f00cefa4e7428560c2debae6f24389d3c1.map | IP=::1 | Start=2026-04-16 16:52:28.432 | Elapsed=0ms | Status=Completed
2026-04-16 16:52:28 | INF | CONTROLLER_EXEC | Acc= admin | IP=::1 | Path=ADS999002/GetAllRoleList | Message=POST /ADS999002/GetAllRoleList
2026-04-16 16:52:28 | INF | ACTION_TRACE | Acc=admin | Path=/ADS999002/GetAllRoleList | IP=::1 | Start=2026-04-16 16:52:28.541 | Elapsed=3ms | Status=Completed
2026-04-16 16:52:30 | INF | CONTROLLER_EXEC | Acc= admin | IP=::1 | Path=ADS999002/GetPermission | Message=POST /ADS999002/GetPermission
2026-04-16 16:52:30 | INF | ACTION_TRACE | Acc=admin | Path=/ADS999002/GetPermission | IP=::1 | Start=2026-04-16 16:52:30.479 | Elapsed=2ms | Status=Completed
2026-04-16 16:53:30 | INF | ACTION_TRACE | Acc=admin | Path=/AdminPortal/Home/Index | IP=::1 | Start=2026-04-16 16:53:30.530 | Elapsed=5ms | Status=Completed
2026-04-16 16:53:30 | INF | ACTION_TRACE | Acc=admin | Path=/Home/Index | IP=::1 | Start=2026-04-16 16:53:30.494 | Elapsed=49ms | Status=Completed
2026-04-16 16:53:30 | INF | ACTION_TRACE | Acc=admin | Path=/.well-known/appspecific/com.chrome.devtools.json | IP=::1 | Start=2026-04-16 16:53:30.562 | Elapsed=0ms | Status=Completed
2026-04-16 16:53:33 | INF | CONTROLLER_EXEC | Acc= admin | IP=::1 | Path=ADS999002/ADS999002 | Message=GET /ADS999002/ADS999002
2026-04-16 16:53:33 | INF | ACTION_TRACE | Acc=admin | Path=/ADS999002/ADS999002 | IP=::1 | Start=2026-04-16 16:53:33.190 | Elapsed=4ms | Status=Completed
2026-04-16 16:53:33 | INF | ACTION_TRACE | Acc=admin | Path=/sm/6cf3a2be173716d0e4726c68ef6634f00cefa4e7428560c2debae6f24389d3c1.map | IP=::1 | Start=2026-04-16 16:53:33.273 | Elapsed=0ms | Status=Completed
2026-04-16 16:53:33 | INF | CONTROLLER_EXEC | Acc= admin | IP=::1 | Path=ADS999002/GetAllRoleList | Message=POST /ADS999002/GetAllRoleList
2026-04-16 16:53:33 | INF | ACTION_TRACE | Acc=admin | Path=/ADS999002/GetAllRoleList | IP=::1 | Start=2026-04-16 16:53:33.373 | Elapsed=3ms | Status=Completed
2026-04-16 16:53:34 | INF | CONTROLLER_EXEC | Acc= admin | IP=::1 | Path=ADS999002/GetPermission | Message=POST /ADS999002/GetPermission
2026-04-16 16:53:34 | INF | ACTION_TRACE | Acc=admin | Path=/ADS999002/GetPermission | IP=::1 | Start=2026-04-16 16:53:34.319 | Elapsed=2ms | Status=Completed
2026-04-16 16:57:15 | INF | ACTION_TRACE | Acc=admin | Path=/Home/GetMenu | IP=::1 | Start=2026-04-16 16:57:15.025 | Elapsed=10ms | Status=Completed
2026-04-16 16:57:17 | INF | CONTROLLER_EXEC | Acc= admin | IP=::1 | Path=SYS201002/SYS201002 | Message=GET /SYS201002/SYS201002
2026-04-16 16:57:17 | INF | ACTION_TRACE | Acc=admin | Path=/SYS201002/SYS201002 | IP=::1 | Start=2026-04-16 16:57:17.924 | Elapsed=0ms | Status=Completed
2026-04-16 16:57:17 | INF | ACTION_TRACE | Acc=admin | Path=/Home/AccessDenied | IP=::1 | Start=2026-04-16 16:57:17.931 | Elapsed=17ms | Status=Completed
2026-04-16 16:57:25 | INF | ACTION_TRACE | Acc=admin | Path=/Home/Index | IP=::1 | Start=2026-04-16 16:57:25.521 | Elapsed=26ms | Status=Completed
2026-04-16 16:57:26 | INF | ACTION_TRACE | Acc=admin | Path=/Home/GetMenu | IP=::1 | Start=2026-04-16 16:57:26.910 | Elapsed=7ms | Status=Completed
2026-04-16 16:57:30 | INF | CONTROLLER_EXEC | Acc= admin | IP=::1 | Path=SYS201002/SYS201002 | Message=GET /SYS201002/SYS201002
2026-04-16 16:57:30 | INF | ACTION_TRACE | Acc=admin | Path=/SYS201002/SYS201002 | IP=::1 | Start=2026-04-16 16:57:30.496 | Elapsed=0ms | Status=Completed
2026-04-16 16:57:30 | INF | ACTION_TRACE | Acc=admin | Path=/Home/AccessDenied | IP=::1 | Start=2026-04-16 16:57:30.503 | Elapsed=1ms | Status=Completed
2026-04-16 16:57:35 | INF | CONTROLLER_EXEC | Acc= admin | IP=::1 | Path=ADS999002/GetPermission | Message=POST /ADS999002/GetPermission
2026-04-16 16:57:35 | INF | ACTION_TRACE | Acc=admin | Path=/ADS999002/GetPermission | IP=::1 | Start=2026-04-16 16:57:35.450 | Elapsed=3ms | Status=Completed
2026-04-16 16:57:39 | INF | ACTION_TRACE | Acc=admin | Path=/AdminPortal/Account/Login | IP=::1 | Start=2026-04-16 16:57:39.913 | Elapsed=1ms | Status=Completed
2026-04-16 16:57:39 | INF | ACTION_TRACE | Acc=admin | Path=/Captcha/Generate | IP=::1 | Start=2026-04-16 16:57:39.979 | Elapsed=0ms | Status=Completed
2026-04-16 16:57:39 | INF | ACTION_TRACE | Acc=admin | Path=/DNTCaptchaImage/Show | IP=::1 | Start=2026-04-16 16:57:39.987 | Elapsed=9ms | Status=Completed
2026-04-16 16:57:42 | INF | ACTION_TRACE | Acc=admin | Path=/ | IP=::1 | Start=2026-04-16 16:57:41.857 | Elapsed=984ms | Status=Completed
2026-04-16 16:57:42 | INF | ACTION_TRACE | Acc=admin | Path=/Captcha/Generate | IP=::1 | Start=2026-04-16 16:57:42.915 | Elapsed=0ms | Status=Completed
2026-04-16 16:57:42 | INF | ACTION_TRACE | Acc=admin | Path=/DNTCaptchaImage/Show | IP=::1 | Start=2026-04-16 16:57:42.929 | Elapsed=8ms | Status=Completed
2026-04-16 16:57:51 | INF | ACTION_TRACE | Acc=admin | Path=/Account/Login | IP=::1 | Start=2026-04-16 16:57:46.339 | Elapsed=5152ms | Status=Completed
2026-04-16 16:57:51 | INF | NETWORK_UNSTABLE | Acc=admin | Path=/Account/Login | Reason=SlowRequest 5152ms
2026-04-16 16:57:51 | INF | ACTION_TRACE | Acc=admin | Path=/Home/Index | IP=::1 | Start=2026-04-16 16:57:51.501 | Elapsed=14ms | Status=Completed
2026-04-16 16:57:53 | INF | ACTION_TRACE | Acc=admin | Path=/Home/GetMenu | IP=::1 | Start=2026-04-16 16:57:53.946 | Elapsed=52ms | Status=Completed
2026-04-16 16:57:56 | INF | CONTROLLER_EXEC | Acc= admin | IP=::1 | Path=SYS201002/SYS201002 | Message=GET /SYS201002/SYS201002
2026-04-16 16:57:56 | INF | ACTION_TRACE | Acc=admin | Path=/SYS201002/SYS201002 | IP=::1 | Start=2026-04-16 16:57:56.488 | Elapsed=5ms | Status=Completed
2026-04-16 16:57:56 | INF | CONTROLLER_EXEC | Acc= admin | IP=::1 | Path=SYS201002/GetAllRoleList | Message=POST /SYS201002/GetAllRoleList
2026-04-16 16:57:56 | INF | ACTION_TRACE | Acc=admin | Path=/SYS201002/GetAllRoleList | IP=::1 | Start=2026-04-16 16:57:56.533 | Elapsed=5ms | Status=Completed
2026-04-16 16:57:58 | INF | CONTROLLER_EXEC | Acc= admin | IP=::1 | Path=SYS201002/GetPermission | Message=POST /SYS201002/GetPermission
2026-04-16 16:57:58 | INF | ACTION_TRACE | Acc=admin | Path=/SYS201002/GetPermission | IP=::1 | Start=2026-04-16 16:57:58.102 | Elapsed=4ms | Status=Completed
