2026-05-18 08:40:28 | INF | ACTION_TRACE | Acc=admin | Path=/Home/Index | IP=::1 | Start=2026-05-18 08:40:28.345 | Elapsed=314ms | Status=Completed
2026-05-18 08:40:30 | INF | ACTION_TRACE | Acc=admin | Path=/Home/GetMenu | IP=::1 | Start=2026-05-18 08:40:30.683 | Elapsed=66ms | Status=Completed
2026-05-18 08:40:33 | INF | ACTION_TRACE | Acc=admin | Path=/Home/GetMenu | IP=::1 | Start=2026-05-18 08:40:33.094 | Elapsed=44ms | Status=Completed
2026-05-18 08:40:35 | INF | CONTROLLER_EXEC | Acc= admin | IP=::1 | Path=ATT111001/ATT111001 | Message=GET /ATT111001/ATT111001
2026-05-18 08:40:35 | INF | ACTION_TRACE | Acc=admin | Path=/ATT111001/ATT111001 | IP=::1 | Start=2026-05-18 08:40:35.585 | Elapsed=125ms | Status=Completed
2026-05-18 08:40:35 | INF | CONTROLLER_EXEC | Acc= admin | IP=::1 | Path=ATT111001/GetList | Message=POST /ATT111001/GetList
2026-05-18 08:40:35 | INF | ACTION_TRACE | Acc=admin | Path=/ATT111001/GetList | IP=::1 | Start=2026-05-18 08:40:35.792 | Elapsed=185ms | Status=Completed
2026-05-18 08:40:36 | INF | CONTROLLER_EXEC | Acc= admin | IP=::1 | Path=ATT111001/GetList | Message=POST /ATT111001/GetList
2026-05-18 08:40:36 | INF | ACTION_TRACE | Acc=admin | Path=/ATT111001/GetList | IP=::1 | Start=2026-05-18 08:40:36.076 | Elapsed=33ms | Status=Completed
2026-05-18 08:40:36 | INF | ACTION_TRACE | Acc=admin | Path=/.well-known/appspecific/com.chrome.devtools.json | IP=::1 | Start=2026-05-18 08:40:36.592 | Elapsed=0ms | Status=Completed
2026-05-18 08:40:36 | INF | ACTION_TRACE | Acc=admin | Path=/lib/html-to-image/html-to-image.js.map | IP=::1 | Start=2026-05-18 08:40:36.645 | Elapsed=0ms | Status=Completed
2026-05-18 08:40:48 | WRN | The query uses the 'First'/'FirstOrDefault' operator without 'OrderBy' and filter operators. This may lead to unpredictable results.
2026-05-18 08:40:48 | INF | CONTROLLER_EXEC | Acc= admin | IP=::1 | Path=ATT111001/GetByNo | Message=GET /ATT111001/GetByNo
2026-05-18 08:40:48 | INF | ACTION_TRACE | Acc=admin | Path=/ATT111001/GetByNo | IP=::1 | Start=2026-05-18 08:40:48.485 | Elapsed=57ms | Status=Completed
2026-05-18 08:40:52 | INF | CONTROLLER_EXEC | Acc= admin | IP=::1 | Path=ATT111001/GetByNo | Message=GET /ATT111001/GetByNo
2026-05-18 08:40:52 | INF | ACTION_TRACE | Acc=admin | Path=/ATT111001/GetByNo | IP=::1 | Start=2026-05-18 08:40:52.626 | Elapsed=3ms | Status=Completed
2026-05-18 08:40:56 | INF | CONTROLLER_EXEC | Acc= admin | IP=::1 | Path=ATT111001/GetByNo | Message=GET /ATT111001/GetByNo
2026-05-18 08:40:56 | INF | ACTION_TRACE | Acc=admin | Path=/ATT111001/GetByNo | IP=::1 | Start=2026-05-18 08:40:56.597 | Elapsed=4ms | Status=Completed
2026-05-18 08:44:39 | WRN | No store type was specified for the decimal property 'OveMoney' on entity type 'HROvertime'. This will cause values to be silently truncated if they do not fit in the default precision and scale. Explicitly specify the SQL server column type that can accommodate all the values in 'OnModelCreating' using 'HasColumnType', specify precision and scale using 'HasPrecision', or configure a value converter using 'HasConversion'.
2026-05-18 08:44:39 | WRN | No store type was specified for the decimal property 'Wag1D1Hour' on entity type 'HRWage'. This will cause values to be silently truncated if they do not fit in the default precision and scale. Explicitly specify the SQL server column type that can accommodate all the values in 'OnModelCreating' using 'HasColumnType', specify precision and scale using 'HasPrecision', or configure a value converter using 'HasConversion'.
2026-05-18 08:44:39 | WRN | No store type was specified for the decimal property 'Wag2D1Hour' on entity type 'HRWage'. This will cause values to be silently truncated if they do not fit in the default precision and scale. Explicitly specify the SQL server column type that can accommodate all the values in 'OnModelCreating' using 'HasColumnType', specify precision and scale using 'HasPrecision', or configure a value converter using 'HasConversion'.
2026-05-18 08:44:39 | WRN | No store type was specified for the decimal property 'Wag4D3Hour' on entity type 'HRWage'. This will cause values to be silently truncated if they do not fit in the default precision and scale. Explicitly specify the SQL server column type that can accommodate all the values in 'OnModelCreating' using 'HasColumnType', specify precision and scale using 'HasPrecision', or configure a value converter using 'HasConversion'.
2026-05-18 08:44:39 | WRN | No store type was specified for the decimal property 'Wag5D3Hour' on entity type 'HRWage'. This will cause values to be silently truncated if they do not fit in the default precision and scale. Explicitly specify the SQL server column type that can accommodate all the values in 'OnModelCreating' using 'HasColumnType', specify precision and scale using 'HasPrecision', or configure a value converter using 'HasConversion'.
2026-05-18 08:44:39 | WRN | No store type was specified for the decimal property 'Wag8D3Hour' on entity type 'HRWage'. This will cause values to be silently truncated if they do not fit in the default precision and scale. Explicitly specify the SQL server column type that can accommodate all the values in 'OnModelCreating' using 'HasColumnType', specify precision and scale using 'HasPrecision', or configure a value converter using 'HasConversion'.
2026-05-18 08:44:39 | WRN | No store type was specified for the decimal property 'WagApplyHour' on entity type 'HRWage'. This will cause values to be silently truncated if they do not fit in the default precision and scale. Explicitly specify the SQL server column type that can accommodate all the values in 'OnModelCreating' using 'HasColumnType', specify precision and scale using 'HasPrecision', or configure a value converter using 'HasConversion'.
2026-05-18 08:44:39 | WRN | No store type was specified for the decimal property 'WagIssueHour' on entity type 'HRWage'. This will cause values to be silently truncated if they do not fit in the default precision and scale. Explicitly specify the SQL server column type that can accommodate all the values in 'OnModelCreating' using 'HasColumnType', specify precision and scale using 'HasPrecision', or configure a value converter using 'HasConversion'.
2026-05-18 08:44:39 | WRN | No store type was specified for the decimal property 'WagSubtotal' on entity type 'HRWage'. This will cause values to be silently truncated if they do not fit in the default precision and scale. Explicitly specify the SQL server column type that can accommodate all the values in 'OnModelCreating' using 'HasColumnType', specify precision and scale using 'HasPrecision', or configure a value converter using 'HasConversion'.
2026-05-18 08:44:44 | WRN | The query uses the 'First'/'FirstOrDefault' operator without 'OrderBy' and filter operators. This may lead to unpredictable results.
2026-05-18 08:44:45 | INF | ACTION_TRACE | Acc=admin | Path=/ | IP=::1 | Start=2026-05-18 08:44:38.168 | Elapsed=7247ms | Status=Completed
2026-05-18 08:44:45 | INF | NETWORK_UNSTABLE | Acc=admin | Path=/ | Reason=SlowRequest 7247ms
2026-05-18 08:44:45 | INF | ACTION_TRACE | Acc=admin | Path=/Captcha/Generate | IP=::1 | Start=2026-05-18 08:44:45.639 | Elapsed=81ms | Status=Completed
2026-05-18 08:44:45 | INF | ACTION_TRACE | Acc=admin | Path=/DNTCaptchaImage/Show | IP=::1 | Start=2026-05-18 08:44:45.733 | Elapsed=141ms | Status=Completed
2026-05-18 08:45:01 | INF | ACTION_TRACE | Acc=admin | Path=/Account/Login | IP=::1 | Start=2026-05-18 08:44:53.913 | Elapsed=7762ms | Status=Completed
2026-05-18 08:45:01 | INF | NETWORK_UNSTABLE | Acc=admin | Path=/Account/Login | Reason=SlowRequest 7762ms
2026-05-18 08:45:01 | INF | ACTION_TRACE | Acc=admin | Path=/Home/Index | IP=::1 | Start=2026-05-18 08:45:01.691 | Elapsed=269ms | Status=Completed
2026-05-18 08:47:14 | INF | ACTION_TRACE | Acc=admin | Path=/Home/GetMenu | IP=::1 | Start=2026-05-18 08:47:14.854 | Elapsed=48ms | Status=Completed
2026-05-18 08:47:17 | INF | ACTION_TRACE | Acc=admin | Path=/Home/GetMenu | IP=::1 | Start=2026-05-18 08:47:17.602 | Elapsed=33ms | Status=Completed
2026-05-18 08:47:36 | INF | CONTROLLER_EXEC | Acc= admin | IP=::1 | Path=SYS201001/SYS201001 | Message=GET /SYS201001/SYS201001
2026-05-18 08:47:36 | INF | ACTION_TRACE | Acc=admin | Path=/SYS201001/SYS201001 | IP=::1 | Start=2026-05-18 08:47:36.645 | Elapsed=297ms | Status=Completed
2026-05-18 08:47:37 | INF | CONTROLLER_EXEC | Acc= admin | IP=::1 | Path=SYS201001/GetAllAdmins | Message=POST /SYS201001/GetAllAdmins
2026-05-18 08:47:37 | INF | ACTION_TRACE | Acc=admin | Path=/SYS201001/GetAllAdmins | IP=::1 | Start=2026-05-18 08:47:37.032 | Elapsed=114ms | Status=Completed
2026-05-18 08:47:37 | INF | CONTROLLER_EXEC | Acc= admin | IP=::1 | Path=SYS201001/GetAllAdmins | Message=POST /SYS201001/GetAllAdmins
2026-05-18 08:47:37 | INF | ACTION_TRACE | Acc=admin | Path=/SYS201001/GetAllAdmins | IP=::1 | Start=2026-05-18 08:47:37.175 | Elapsed=8ms | Status=Completed
2026-05-18 08:47:40 | WRN | The query uses the 'First'/'FirstOrDefault' operator without 'OrderBy' and filter operators. This may lead to unpredictable results.
2026-05-18 08:47:40 | WRN | The query uses the 'First'/'FirstOrDefault' operator without 'OrderBy' and filter operators. This may lead to unpredictable results.
2026-05-18 08:47:40 | INF | CONTROLLER_EXEC | Acc= admin | IP=::1 | Path=SYS201001/GetAdminDetails | Message=GET /SYS201001/GetAdminDetails
2026-05-18 08:47:40 | INF | ACTION_TRACE | Acc=admin | Path=/SYS201001/GetAdminDetails | IP=::1 | Start=2026-05-18 08:47:40.744 | Elapsed=113ms | Status=Completed
2026-05-18 08:47:40 | INF | CONTROLLER_EXEC | Acc= admin | IP=::1 | Path=SYS201001/GetAllPersonnelTypes | Message=GET /SYS201001/GetAllPersonnelTypes
2026-05-18 08:47:40 | INF | ACTION_TRACE | Acc=admin | Path=/SYS201001/GetAllPersonnelTypes | IP=::1 | Start=2026-05-18 08:47:40.865 | Elapsed=34ms | Status=Completed
2026-05-18 08:47:40 | INF | CONTROLLER_EXEC | Acc= admin | IP=::1 | Path=SYS201001/GetAllAdmins | Message=POST /SYS201001/GetAllAdmins
2026-05-18 08:47:40 | INF | ACTION_TRACE | Acc=admin | Path=/SYS201001/GetAllAdmins | IP=::1 | Start=2026-05-18 08:47:40.894 | Elapsed=10ms | Status=Completed
2026-05-18 08:47:45 | INF | CONTROLLER_EXEC | Acc= admin | IP=::1 | Path=SYS201001/GetAllRoles | Message=GET /SYS201001/GetAllRoles
2026-05-18 08:47:45 | INF | ACTION_TRACE | Acc=admin | Path=/SYS201001/GetAllRoles | IP=::1 | Start=2026-05-18 08:47:45.391 | Elapsed=34ms | Status=Completed
2026-05-18 08:47:50 | INF | CONTROLLER_EXEC | Acc= admin | IP=::1 | Path=SYS201001/GetAdminDetails | Message=GET /SYS201001/GetAdminDetails
2026-05-18 08:47:50 | INF | ACTION_TRACE | Acc=admin | Path=/SYS201001/GetAdminDetails | IP=::1 | Start=2026-05-18 08:47:50.070 | Elapsed=14ms | Status=Completed
2026-05-18 08:47:50 | INF | CONTROLLER_EXEC | Acc= admin | IP=::1 | Path=SYS201001/GetAllPersonnelTypes | Message=GET /SYS201001/GetAllPersonnelTypes
2026-05-18 08:47:50 | INF | ACTION_TRACE | Acc=admin | Path=/SYS201001/GetAllPersonnelTypes | IP=::1 | Start=2026-05-18 08:47:50.093 | Elapsed=4ms | Status=Completed
2026-05-18 08:47:50 | INF | CONTROLLER_EXEC | Acc= admin | IP=::1 | Path=SYS201001/GetAllAdmins | Message=POST /SYS201001/GetAllAdmins
2026-05-18 08:47:50 | INF | ACTION_TRACE | Acc=admin | Path=/SYS201001/GetAllAdmins | IP=::1 | Start=2026-05-18 08:47:50.104 | Elapsed=6ms | Status=Completed
2026-05-18 08:47:54 | INF | CONTROLLER_EXEC | Acc= admin | IP=::1 | Path=SYS201001/GetAllRoles | Message=GET /SYS201001/GetAllRoles
2026-05-18 08:47:54 | INF | ACTION_TRACE | Acc=admin | Path=/SYS201001/GetAllRoles | IP=::1 | Start=2026-05-18 08:47:50.093 | Elapsed=4541ms | Status=Completed
2026-05-18 08:47:54 | INF | NETWORK_UNSTABLE | Acc=admin | Path=/SYS201001/GetAllRoles | Reason=SlowRequest 4541ms
2026-05-18 08:47:58 | INF | CONTROLLER_EXEC | Acc= admin | IP=::1 | Path=SYS201001/GetAdminDetails | Message=GET /SYS201001/GetAdminDetails
2026-05-18 08:47:58 | INF | ACTION_TRACE | Acc=admin | Path=/SYS201001/GetAdminDetails | IP=::1 | Start=2026-05-18 08:47:58.112 | Elapsed=39ms | Status=Completed
2026-05-18 08:47:58 | INF | CONTROLLER_EXEC | Acc= admin | IP=::1 | Path=SYS201001/GetAllPersonnelTypes | Message=GET /SYS201001/GetAllPersonnelTypes
2026-05-18 08:47:58 | INF | CONTROLLER_EXEC | Acc= admin | IP=::1 | Path=SYS201001/GetAllRoles | Message=GET /SYS201001/GetAllRoles
2026-05-18 08:47:58 | INF | ACTION_TRACE | Acc=admin | Path=/SYS201001/GetAllRoles | IP=::1 | Start=2026-05-18 08:47:58.160 | Elapsed=2ms | Status=Completed
2026-05-18 08:47:58 | INF | ACTION_TRACE | Acc=admin | Path=/SYS201001/GetAllPersonnelTypes | IP=::1 | Start=2026-05-18 08:47:58.160 | Elapsed=2ms | Status=Completed
2026-05-18 08:47:58 | INF | CONTROLLER_EXEC | Acc= admin | IP=::1 | Path=SYS201001/GetAllAdmins | Message=POST /SYS201001/GetAllAdmins
2026-05-18 08:47:58 | INF | ACTION_TRACE | Acc=admin | Path=/SYS201001/GetAllAdmins | IP=::1 | Start=2026-05-18 08:47:58.173 | Elapsed=9ms | Status=Completed
2026-05-18 08:54:21 | WRN | No store type was specified for the decimal property 'OveMoney' on entity type 'HROvertime'. This will cause values to be silently truncated if they do not fit in the default precision and scale. Explicitly specify the SQL server column type that can accommodate all the values in 'OnModelCreating' using 'HasColumnType', specify precision and scale using 'HasPrecision', or configure a value converter using 'HasConversion'.
2026-05-18 08:54:21 | WRN | No store type was specified for the decimal property 'Wag1D1Hour' on entity type 'HRWage'. This will cause values to be silently truncated if they do not fit in the default precision and scale. Explicitly specify the SQL server column type that can accommodate all the values in 'OnModelCreating' using 'HasColumnType', specify precision and scale using 'HasPrecision', or configure a value converter using 'HasConversion'.
2026-05-18 08:54:21 | WRN | No store type was specified for the decimal property 'Wag2D1Hour' on entity type 'HRWage'. This will cause values to be silently truncated if they do not fit in the default precision and scale. Explicitly specify the SQL server column type that can accommodate all the values in 'OnModelCreating' using 'HasColumnType', specify precision and scale using 'HasPrecision', or configure a value converter using 'HasConversion'.
2026-05-18 08:54:21 | WRN | No store type was specified for the decimal property 'Wag4D3Hour' on entity type 'HRWage'. This will cause values to be silently truncated if they do not fit in the default precision and scale. Explicitly specify the SQL server column type that can accommodate all the values in 'OnModelCreating' using 'HasColumnType', specify precision and scale using 'HasPrecision', or configure a value converter using 'HasConversion'.
2026-05-18 08:54:21 | WRN | No store type was specified for the decimal property 'Wag5D3Hour' on entity type 'HRWage'. This will cause values to be silently truncated if they do not fit in the default precision and scale. Explicitly specify the SQL server column type that can accommodate all the values in 'OnModelCreating' using 'HasColumnType', specify precision and scale using 'HasPrecision', or configure a value converter using 'HasConversion'.
2026-05-18 08:54:21 | WRN | No store type was specified for the decimal property 'Wag8D3Hour' on entity type 'HRWage'. This will cause values to be silently truncated if they do not fit in the default precision and scale. Explicitly specify the SQL server column type that can accommodate all the values in 'OnModelCreating' using 'HasColumnType', specify precision and scale using 'HasPrecision', or configure a value converter using 'HasConversion'.
2026-05-18 08:54:21 | WRN | No store type was specified for the decimal property 'WagApplyHour' on entity type 'HRWage'. This will cause values to be silently truncated if they do not fit in the default precision and scale. Explicitly specify the SQL server column type that can accommodate all the values in 'OnModelCreating' using 'HasColumnType', specify precision and scale using 'HasPrecision', or configure a value converter using 'HasConversion'.
2026-05-18 08:54:21 | WRN | No store type was specified for the decimal property 'WagIssueHour' on entity type 'HRWage'. This will cause values to be silently truncated if they do not fit in the default precision and scale. Explicitly specify the SQL server column type that can accommodate all the values in 'OnModelCreating' using 'HasColumnType', specify precision and scale using 'HasPrecision', or configure a value converter using 'HasConversion'.
2026-05-18 08:54:21 | WRN | No store type was specified for the decimal property 'WagSubtotal' on entity type 'HRWage'. This will cause values to be silently truncated if they do not fit in the default precision and scale. Explicitly specify the SQL server column type that can accommodate all the values in 'OnModelCreating' using 'HasColumnType', specify precision and scale using 'HasPrecision', or configure a value converter using 'HasConversion'.
2026-05-18 08:54:26 | WRN | The query uses the 'First'/'FirstOrDefault' operator without 'OrderBy' and filter operators. This may lead to unpredictable results.
2026-05-18 08:54:27 | INF | ACTION_TRACE | Acc=admin | Path=/ | IP=::1 | Start=2026-05-18 08:54:20.414 | Elapsed=7247ms | Status=Completed
2026-05-18 08:54:27 | INF | NETWORK_UNSTABLE | Acc=admin | Path=/ | Reason=SlowRequest 7247ms
2026-05-18 08:54:27 | INF | ACTION_TRACE | Acc=admin | Path=/Captcha/Generate | IP=::1 | Start=2026-05-18 08:54:27.887 | Elapsed=36ms | Status=Completed
2026-05-18 08:54:28 | INF | ACTION_TRACE | Acc=admin | Path=/DNTCaptchaImage/Show | IP=::1 | Start=2026-05-18 08:54:27.950 | Elapsed=145ms | Status=Completed
2026-05-18 08:55:05 | INF | ACTION_TRACE | Acc=admin | Path=/Account/Login | IP=::1 | Start=2026-05-18 08:54:56.191 | Elapsed=9130ms | Status=Completed
2026-05-18 08:55:05 | INF | NETWORK_UNSTABLE | Acc=admin | Path=/Account/Login | Reason=SlowRequest 9130ms
2026-05-18 08:55:05 | INF | ACTION_TRACE | Acc=admin | Path=/Home/Index | IP=::1 | Start=2026-05-18 08:55:05.338 | Elapsed=322ms | Status=Completed
2026-05-18 08:55:14 | INF | ACTION_TRACE | Acc=admin | Path=/Home/GetMenu | IP=::1 | Start=2026-05-18 08:55:14.712 | Elapsed=39ms | Status=Completed
2026-05-18 08:55:18 | INF | ACTION_TRACE | Acc=admin | Path=/Home/GetMenu | IP=::1 | Start=2026-05-18 08:55:18.555 | Elapsed=38ms | Status=Completed
2026-05-18 08:55:19 | INF | ACTION_TRACE | Acc=admin | Path=/Home/GetMenu | IP=::1 | Start=2026-05-18 08:55:19.556 | Elapsed=33ms | Status=Completed
2026-05-18 08:55:22 | INF | ACTION_TRACE | Acc=admin | Path=/Home/GetMenu | IP=::1 | Start=2026-05-18 08:55:22.433 | Elapsed=34ms | Status=Completed
2026-05-18 08:55:25 | INF | CONTROLLER_EXEC | Acc= admin | IP=::1 | Path=SYS202100/SYS202100 | Message=GET /SYS202100/SYS202100
2026-05-18 08:55:25 | INF | ACTION_TRACE | Acc=admin | Path=/SYS202100/SYS202100 | IP=::1 | Start=2026-05-18 08:55:24.963 | Elapsed=74ms | Status=Completed
2026-05-18 08:55:25 | INF | CONTROLLER_EXEC | Acc= admin | IP=::1 | Path=SYS202100/GetList | Message=POST /SYS202100/GetList
2026-05-18 08:55:25 | INF | ACTION_TRACE | Acc=admin | Path=/SYS202100/GetList | IP=::1 | Start=2026-05-18 08:55:25.095 | Elapsed=121ms | Status=Completed
2026-05-18 08:55:25 | INF | CONTROLLER_EXEC | Acc= admin | IP=::1 | Path=SYS202100/GetList | Message=POST /SYS202100/GetList
2026-05-18 08:55:25 | INF | ACTION_TRACE | Acc=admin | Path=/SYS202100/GetList | IP=::1 | Start=2026-05-18 08:55:25.241 | Elapsed=11ms | Status=Completed
2026-05-18 08:55:25 | INF | CONTROLLER_EXEC | Acc= admin | IP=::1 | Path=SYS202100/GetList | Message=POST /SYS202100/GetList
2026-05-18 08:55:25 | INF | ACTION_TRACE | Acc=admin | Path=/SYS202100/GetList | IP=::1 | Start=2026-05-18 08:55:25.937 | Elapsed=12ms | Status=Completed
2026-05-18 08:55:27 | ERR | Failed executing DbCommand (8ms) [Parameters=[@argVariable='?' (Size = 14)], CommandType='"Text"', CommandTimeout='30']

            SELECT 
                d.agd_no AS AgdNo,
                d.arg_variable AS ArgVariable,
                a.arg_describe AS ArgDescribe,
                d.dep_no AS DepNo,
                ISNULL((SELECT dep_name FROM HR_department WHERE dep_no = d.dep_no), '') AS DepName,
                a.arg_value AS ArgValue,
                d.agd_value AS AgdValue,
                s.ags_starttime AS AgsStartTime,
                s.ags_endtime AS AgsEndTime
            FROM arguments_dept d
            INNER JOIN arguments a ON d.arg_variable = a.arg_variable
            LEFT JOIN arguments_schedule s ON d.arg_variable = s.arg_variable AND d.dep_no = s.dep_no AND s.ags_status = 1
            WHERE d.arg_variable = @argVariable AND d.agd_status = 1
2026-05-18 08:55:27 | ERR | An exception occurred while iterating over the results of a query for context type 'EHRIS.Core.DbContext.ApplicationDbContext'.
Microsoft.Data.SqlClient.SqlException (0x80131904): 無效的物件名稱 'HR_department'。
   at System.Threading.Tasks.ContinuationResultTaskFromResultTask`2.InnerInvoke()
   at System.Threading.ExecutionContext.RunInternal(ExecutionContext executionContext, ContextCallback callback, Object state)
--- End of stack trace from previous location ---
   at System.Threading.ExecutionContext.RunInternal(ExecutionContext executionContext, ContextCallback callback, Object state)
   at System.Threading.Tasks.Task.ExecuteWithThreadLocal(Task& currentTaskSlot, Thread threadPoolThread)
--- End of stack trace from previous location ---
   at Microsoft.EntityFrameworkCore.Storage.RelationalCommand.ExecuteReaderAsync(RelationalCommandParameterObject parameterObject, CancellationToken cancellationToken)
   at Microsoft.EntityFrameworkCore.Storage.RelationalCommand.ExecuteReaderAsync(RelationalCommandParameterObject parameterObject, CancellationToken cancellationToken)
   at Microsoft.EntityFrameworkCore.Query.Internal.FromSqlQueryingEnumerable`1.AsyncEnumerator.InitializeReaderAsync(AsyncEnumerator enumerator, CancellationToken cancellationToken)
   at Microsoft.EntityFrameworkCore.Storage.ExecutionStrategy.<>c__DisplayClass30_0`2.<<ExecuteAsync>b__0>d.MoveNext()
--- End of stack trace from previous location ---
   at Microsoft.EntityFrameworkCore.Storage.ExecutionStrategy.ExecuteImplementationAsync[TState,TResult](Func`4 operation, Func`4 verifySucceeded, TState state, CancellationToken cancellationToken)
   at Microsoft.EntityFrameworkCore.Storage.ExecutionStrategy.ExecuteImplementationAsync[TState,TResult](Func`4 operation, Func`4 verifySucceeded, TState state, CancellationToken cancellationToken)
   at Microsoft.EntityFrameworkCore.Storage.ExecutionStrategy.ExecuteAsync[TState,TResult](TState state, Func`4 operation, Func`4 verifySucceeded, CancellationToken cancellationToken)
   at Microsoft.EntityFrameworkCore.Query.Internal.FromSqlQueryingEnumerable`1.AsyncEnumerator.MoveNextAsync()
ClientConnectionId:f94e5b5b-72cc-4de1-8fd9-3ecb41d0ea99
Error Number:208,State:1,Class:16
2026-05-18 09:00:27 | WRN | No store type was specified for the decimal property 'OveMoney' on entity type 'HROvertime'. This will cause values to be silently truncated if they do not fit in the default precision and scale. Explicitly specify the SQL server column type that can accommodate all the values in 'OnModelCreating' using 'HasColumnType', specify precision and scale using 'HasPrecision', or configure a value converter using 'HasConversion'.
2026-05-18 09:00:27 | WRN | No store type was specified for the decimal property 'Wag1D1Hour' on entity type 'HRWage'. This will cause values to be silently truncated if they do not fit in the default precision and scale. Explicitly specify the SQL server column type that can accommodate all the values in 'OnModelCreating' using 'HasColumnType', specify precision and scale using 'HasPrecision', or configure a value converter using 'HasConversion'.
2026-05-18 09:00:27 | WRN | No store type was specified for the decimal property 'Wag2D1Hour' on entity type 'HRWage'. This will cause values to be silently truncated if they do not fit in the default precision and scale. Explicitly specify the SQL server column type that can accommodate all the values in 'OnModelCreating' using 'HasColumnType', specify precision and scale using 'HasPrecision', or configure a value converter using 'HasConversion'.
2026-05-18 09:00:27 | WRN | No store type was specified for the decimal property 'Wag4D3Hour' on entity type 'HRWage'. This will cause values to be silently truncated if they do not fit in the default precision and scale. Explicitly specify the SQL server column type that can accommodate all the values in 'OnModelCreating' using 'HasColumnType', specify precision and scale using 'HasPrecision', or configure a value converter using 'HasConversion'.
2026-05-18 09:00:27 | WRN | No store type was specified for the decimal property 'Wag5D3Hour' on entity type 'HRWage'. This will cause values to be silently truncated if they do not fit in the default precision and scale. Explicitly specify the SQL server column type that can accommodate all the values in 'OnModelCreating' using 'HasColumnType', specify precision and scale using 'HasPrecision', or configure a value converter using 'HasConversion'.
2026-05-18 09:00:27 | WRN | No store type was specified for the decimal property 'Wag8D3Hour' on entity type 'HRWage'. This will cause values to be silently truncated if they do not fit in the default precision and scale. Explicitly specify the SQL server column type that can accommodate all the values in 'OnModelCreating' using 'HasColumnType', specify precision and scale using 'HasPrecision', or configure a value converter using 'HasConversion'.
2026-05-18 09:00:27 | WRN | No store type was specified for the decimal property 'WagApplyHour' on entity type 'HRWage'. This will cause values to be silently truncated if they do not fit in the default precision and scale. Explicitly specify the SQL server column type that can accommodate all the values in 'OnModelCreating' using 'HasColumnType', specify precision and scale using 'HasPrecision', or configure a value converter using 'HasConversion'.
2026-05-18 09:00:27 | WRN | No store type was specified for the decimal property 'WagIssueHour' on entity type 'HRWage'. This will cause values to be silently truncated if they do not fit in the default precision and scale. Explicitly specify the SQL server column type that can accommodate all the values in 'OnModelCreating' using 'HasColumnType', specify precision and scale using 'HasPrecision', or configure a value converter using 'HasConversion'.
2026-05-18 09:00:27 | WRN | No store type was specified for the decimal property 'WagSubtotal' on entity type 'HRWage'. This will cause values to be silently truncated if they do not fit in the default precision and scale. Explicitly specify the SQL server column type that can accommodate all the values in 'OnModelCreating' using 'HasColumnType', specify precision and scale using 'HasPrecision', or configure a value converter using 'HasConversion'.
2026-05-18 09:00:33 | WRN | The query uses the 'First'/'FirstOrDefault' operator without 'OrderBy' and filter operators. This may lead to unpredictable results.
2026-05-18 09:00:34 | INF | ACTION_TRACE | Acc=admin | Path=/ | IP=::1 | Start=2026-05-18 09:00:26.843 | Elapsed=7437ms | Status=Completed
2026-05-18 09:00:34 | INF | NETWORK_UNSTABLE | Acc=admin | Path=/ | Reason=SlowRequest 7437ms
2026-05-18 09:00:34 | INF | ACTION_TRACE | Acc=admin | Path=/Captcha/Generate | IP=::1 | Start=2026-05-18 09:00:34.616 | Elapsed=43ms | Status=Completed
2026-05-18 09:00:34 | INF | ACTION_TRACE | Acc=admin | Path=/DNTCaptchaImage/Show | IP=::1 | Start=2026-05-18 09:00:34.829 | Elapsed=129ms | Status=Completed
2026-05-18 09:00:45 | INF | ACTION_TRACE | Acc=admin | Path=/Account/Login | IP=::1 | Start=2026-05-18 09:00:38.388 | Elapsed=6811ms | Status=Completed
2026-05-18 09:00:45 | INF | NETWORK_UNSTABLE | Acc=admin | Path=/Account/Login | Reason=SlowRequest 6811ms
2026-05-18 09:00:45 | INF | ACTION_TRACE | Acc=admin | Path=/Home/Index | IP=::1 | Start=2026-05-18 09:00:45.219 | Elapsed=266ms | Status=Completed
2026-05-18 09:00:47 | INF | ACTION_TRACE | Acc=admin | Path=/Home/GetMenu | IP=::1 | Start=2026-05-18 09:00:47.340 | Elapsed=52ms | Status=Completed
2026-05-18 09:00:50 | INF | ACTION_TRACE | Acc=admin | Path=/Home/GetMenu | IP=::1 | Start=2026-05-18 09:00:50.461 | Elapsed=59ms | Status=Completed
2026-05-18 09:00:53 | INF | ACTION_TRACE | Acc=admin | Path=/Home/GetMenu | IP=::1 | Start=2026-05-18 09:00:53.143 | Elapsed=93ms | Status=Completed
2026-05-18 09:00:58 | INF | ACTION_TRACE | Acc=admin | Path=/Home/GetMenu | IP=::1 | Start=2026-05-18 09:00:58.085 | Elapsed=40ms | Status=Completed
2026-05-18 09:01:00 | INF | CONTROLLER_EXEC | Acc= admin | IP=::1 | Path=SYS202100/SYS202100 | Message=GET /SYS202100/SYS202100
2026-05-18 09:01:00 | INF | ACTION_TRACE | Acc=admin | Path=/SYS202100/SYS202100 | IP=::1 | Start=2026-05-18 09:01:00.889 | Elapsed=78ms | Status=Completed
2026-05-18 09:01:01 | INF | CONTROLLER_EXEC | Acc= admin | IP=::1 | Path=SYS202100/GetDepartmentOptions | Message=GET /SYS202100/GetDepartmentOptions
2026-05-18 09:01:01 | INF | ACTION_TRACE | Acc=admin | Path=/SYS202100/GetDepartmentOptions | IP=::1 | Start=2026-05-18 09:01:01.010 | Elapsed=93ms | Status=Completed
2026-05-18 09:01:05 | INF | CONTROLLER_EXEC | Acc= admin | IP=::1 | Path=SYS202100/GetList | Message=POST /SYS202100/GetList
2026-05-18 09:01:05 | INF | ACTION_TRACE | Acc=admin | Path=/SYS202100/GetList | IP=::1 | Start=2026-05-18 09:01:01.036 | Elapsed=4634ms | Status=Completed
2026-05-18 09:01:05 | INF | NETWORK_UNSTABLE | Acc=admin | Path=/SYS202100/GetList | Reason=SlowRequest 4634ms
2026-05-18 09:01:05 | INF | CONTROLLER_EXEC | Acc= admin | IP=::1 | Path=SYS202100/GetList | Message=POST /SYS202100/GetList
2026-05-18 09:01:05 | INF | ACTION_TRACE | Acc=admin | Path=/SYS202100/GetList | IP=::1 | Start=2026-05-18 09:01:05.699 | Elapsed=7ms | Status=Completed
2026-05-18 09:01:07 | INF | CONTROLLER_EXEC | Acc= admin | IP=::1 | Path=SYS202100/GetList | Message=POST /SYS202100/GetList
2026-05-18 09:01:07 | INF | ACTION_TRACE | Acc=admin | Path=/SYS202100/GetList | IP=::1 | Start=2026-05-18 09:01:07.524 | Elapsed=10ms | Status=Completed
2026-05-18 09:01:09 | INF | CONTROLLER_EXEC | Acc= admin | IP=::1 | Path=SYS202100/GetDeptList | Message=GET /SYS202100/GetDeptList
2026-05-18 09:01:09 | INF | ACTION_TRACE | Acc=admin | Path=/SYS202100/GetDeptList | IP=::1 | Start=2026-05-18 09:01:09.181 | Elapsed=49ms | Status=Completed
2026-05-18 09:01:17 | INF | CONTROLLER_EXEC | Acc= admin | IP=::1 | Path=SYS202100/GetByVariable | Message=GET /SYS202100/GetByVariable
2026-05-18 09:01:17 | INF | ACTION_TRACE | Acc=admin | Path=/SYS202100/GetByVariable | IP=::1 | Start=2026-05-18 09:01:17.671 | Elapsed=44ms | Status=Completed
2026-05-18 09:01:24 | INF | CONTROLLER_EXEC | Acc= admin | IP=::1 | Path=SYS202100/GetList | Message=POST /SYS202100/GetList
2026-05-18 09:01:24 | INF | ACTION_TRACE | Acc=admin | Path=/SYS202100/GetList | IP=::1 | Start=2026-05-18 09:01:24.615 | Elapsed=6ms | Status=Completed
2026-05-18 09:01:24 | INF | CONTROLLER_EXEC | Acc= admin | IP=::1 | Path=SYS202100/GetList | Message=POST /SYS202100/GetList
2026-05-18 09:01:24 | INF | ACTION_TRACE | Acc=admin | Path=/SYS202100/GetList | IP=::1 | Start=2026-05-18 09:01:24.618 | Elapsed=7ms | Status=Completed
2026-05-18 09:01:26 | INF | CONTROLLER_EXEC | Acc= admin | IP=::1 | Path=SYS202100/GetDeptList | Message=GET /SYS202100/GetDeptList
2026-05-18 09:01:26 | INF | ACTION_TRACE | Acc=admin | Path=/SYS202100/GetDeptList | IP=::1 | Start=2026-05-18 09:01:26.176 | Elapsed=3ms | Status=Completed
2026-05-18 09:01:30 | INF | CONTROLLER_EXEC | Acc= admin | IP=::1 | Path=SYS202100/GetList | Message=POST /SYS202100/GetList
2026-05-18 09:01:30 | INF | ACTION_TRACE | Acc=admin | Path=/SYS202100/GetList | IP=::1 | Start=2026-05-18 09:01:30.326 | Elapsed=16ms | Status=Completed
2026-05-18 09:01:39 | INF | CONTROLLER_EXEC | Acc= admin | IP=::1 | Path=SYS202100/GetList | Message=POST /SYS202100/GetList
2026-05-18 09:01:39 | INF | ACTION_TRACE | Acc=admin | Path=/SYS202100/GetList | IP=::1 | Start=2026-05-18 09:01:39.282 | Elapsed=11ms | Status=Completed
2026-05-18 09:17:30 | INF | CONTROLLER_EXEC | Acc= admin | IP=::1 | Path=SYS202100/GetList | Message=POST /SYS202100/GetList
2026-05-18 09:17:30 | INF | ACTION_TRACE | Acc=admin | Path=/SYS202100/GetList | IP=::1 | Start=2026-05-18 09:17:25.570 | Elapsed=4568ms | Status=Completed
2026-05-18 09:17:30 | INF | NETWORK_UNSTABLE | Acc=admin | Path=/SYS202100/GetList | Reason=SlowRequest 4568ms
2026-05-18 09:18:11 | INF | CONTROLLER_EXEC | Acc= admin | IP=::1 | Path=SYS202100/GetByVariable | Message=GET /SYS202100/GetByVariable
2026-05-18 09:18:11 | INF | ACTION_TRACE | Acc=admin | Path=/SYS202100/GetByVariable | IP=::1 | Start=2026-05-18 09:18:11.460 | Elapsed=4ms | Status=Completed
2026-05-18 09:18:13 | INF | CONTROLLER_EXEC | Acc= admin | IP=::1 | Path=SYS202100/GetList | Message=POST /SYS202100/GetList
2026-05-18 09:18:13 | INF | ACTION_TRACE | Acc=admin | Path=/SYS202100/GetList | IP=::1 | Start=2026-05-18 09:18:13.640 | Elapsed=12ms | Status=Completed
2026-05-18 09:18:18 | INF | CONTROLLER_EXEC | Acc= admin | IP=::1 | Path=SYS202100/GetList | Message=POST /SYS202100/GetList
2026-05-18 09:18:18 | INF | ACTION_TRACE | Acc=admin | Path=/SYS202100/GetList | IP=::1 | Start=2026-05-18 09:18:13.645 | Elapsed=4553ms | Status=Completed
2026-05-18 09:18:18 | INF | NETWORK_UNSTABLE | Acc=admin | Path=/SYS202100/GetList | Reason=SlowRequest 4553ms
2026-05-18 09:18:19 | INF | CONTROLLER_EXEC | Acc= admin | IP=::1 | Path=SYS202100/GetDeptList | Message=GET /SYS202100/GetDeptList
2026-05-18 09:18:19 | INF | ACTION_TRACE | Acc=admin | Path=/SYS202100/GetDeptList | IP=::1 | Start=2026-05-18 09:18:19.080 | Elapsed=3ms | Status=Completed
2026-05-18 09:18:21 | INF | CONTROLLER_EXEC | Acc= admin | IP=::1 | Path=SYS202100/GetList | Message=POST /SYS202100/GetList
2026-05-18 09:18:21 | INF | ACTION_TRACE | Acc=admin | Path=/SYS202100/GetList | IP=::1 | Start=2026-05-18 09:18:21.855 | Elapsed=13ms | Status=Completed
2026-05-18 09:18:28 | INF | CONTROLLER_EXEC | Acc= admin | IP=::1 | Path=SYS202100/GetList | Message=POST /SYS202100/GetList
2026-05-18 09:18:28 | INF | ACTION_TRACE | Acc=admin | Path=/SYS202100/GetList | IP=::1 | Start=2026-05-18 09:18:28.917 | Elapsed=10ms | Status=Completed
2026-05-18 09:18:35 | INF | CONTROLLER_EXEC | Acc= admin | IP=::1 | Path=SYS202100/GetByVariable | Message=GET /SYS202100/GetByVariable
2026-05-18 09:18:35 | INF | ACTION_TRACE | Acc=admin | Path=/SYS202100/GetByVariable | IP=::1 | Start=2026-05-18 09:18:35.066 | Elapsed=2ms | Status=Completed
2026-05-18 09:18:45 | INF | CONTROLLER_EXEC | Acc= admin | IP=::1 | Path=SYS202100/GetList | Message=POST /SYS202100/GetList
2026-05-18 09:18:45 | INF | ACTION_TRACE | Acc=admin | Path=/SYS202100/GetList | IP=::1 | Start=2026-05-18 09:18:45.566 | Elapsed=5ms | Status=Completed
2026-05-18 09:18:45 | INF | CONTROLLER_EXEC | Acc= admin | IP=::1 | Path=SYS202100/GetList | Message=POST /SYS202100/GetList
2026-05-18 09:18:45 | INF | ACTION_TRACE | Acc=admin | Path=/SYS202100/GetList | IP=::1 | Start=2026-05-18 09:18:45.568 | Elapsed=6ms | Status=Completed
2026-05-18 09:18:47 | INF | CONTROLLER_EXEC | Acc= admin | IP=::1 | Path=SYS202100/GetDeptList | Message=GET /SYS202100/GetDeptList
2026-05-18 09:18:47 | INF | ACTION_TRACE | Acc=admin | Path=/SYS202100/GetDeptList | IP=::1 | Start=2026-05-18 09:18:47.229 | Elapsed=2ms | Status=Completed
2026-05-18 09:19:21 | INF | CONTROLLER_EXEC | Acc= admin | IP=::1 | Path=SYS202100/GetList | Message=POST /SYS202100/GetList
2026-05-18 09:19:21 | INF | ACTION_TRACE | Acc=admin | Path=/SYS202100/GetList | IP=::1 | Start=2026-05-18 09:19:21.391 | Elapsed=9ms | Status=Completed
2026-05-18 09:21:11 | INF | CONTROLLER_EXEC | Acc= admin | IP=::1 | Path=SYS202100/GetDeptList | Message=GET /SYS202100/GetDeptList
2026-05-18 09:21:11 | INF | ACTION_TRACE | Acc=admin | Path=/SYS202100/GetDeptList | IP=::1 | Start=2026-05-18 09:21:11.811 | Elapsed=3ms | Status=Completed
2026-05-18 09:21:16 | INF | CONTROLLER_EXEC | Acc= admin | IP=::1 | Path=SYS202100/GetByVariable | Message=GET /SYS202100/GetByVariable
2026-05-18 09:21:16 | INF | ACTION_TRACE | Acc=admin | Path=/SYS202100/GetByVariable | IP=::1 | Start=2026-05-18 09:21:16.533 | Elapsed=51ms | Status=Completed
2026-05-18 09:21:59 | INF | CONTROLLER_EXEC | Acc= admin | IP=::1 | Path=SYS202100/GetList | Message=POST /SYS202100/GetList
2026-05-18 09:21:59 | INF | ACTION_TRACE | Acc=admin | Path=/SYS202100/GetList | IP=::1 | Start=2026-05-18 09:21:59.965 | Elapsed=15ms | Status=Completed
2026-05-18 09:22:01 | INF | CONTROLLER_EXEC | Acc= admin | IP=::1 | Path=SYS202100/GetDeptList | Message=GET /SYS202100/GetDeptList
2026-05-18 09:22:01 | INF | ACTION_TRACE | Acc=admin | Path=/SYS202100/GetDeptList | IP=::1 | Start=2026-05-18 09:22:01.323 | Elapsed=2ms | Status=Completed
2026-05-18 09:22:02 | INF | CONTROLLER_EXEC | Acc= admin | IP=::1 | Path=SYS202100/GetList | Message=POST /SYS202100/GetList
2026-05-18 09:22:02 | INF | ACTION_TRACE | Acc=admin | Path=/SYS202100/GetList | IP=::1 | Start=2026-05-18 09:22:02.250 | Elapsed=47ms | Status=Completed
2026-05-18 09:22:02 | INF | ACTION_TRACE | Acc=admin | Path=/.well-known/appspecific/com.chrome.devtools.json | IP=::1 | Start=2026-05-18 09:22:02.497 | Elapsed=0ms | Status=Completed
2026-05-18 09:22:02 | INF | ACTION_TRACE | Acc=admin | Path=/lib/html-to-image/html-to-image.js.map | IP=::1 | Start=2026-05-18 09:22:02.559 | Elapsed=0ms | Status=Completed
2026-05-18 09:22:04 | INF | CONTROLLER_EXEC | Acc= admin | IP=::1 | Path=SYS202100/GetList | Message=POST /SYS202100/GetList
2026-05-18 09:22:04 | INF | ACTION_TRACE | Acc=admin | Path=/SYS202100/GetList | IP=::1 | Start=2026-05-18 09:21:59.963 | Elapsed=4550ms | Status=Completed
2026-05-18 09:22:04 | INF | NETWORK_UNSTABLE | Acc=admin | Path=/SYS202100/GetList | Reason=SlowRequest 4550ms
2026-05-18 09:22:12 | INF | CONTROLLER_EXEC | Acc= admin | IP=::1 | Path=SYS202100/GetDeptList | Message=GET /SYS202100/GetDeptList
2026-05-18 09:22:12 | INF | ACTION_TRACE | Acc=admin | Path=/SYS202100/GetDeptList | IP=::1 | Start=2026-05-18 09:22:12.211 | Elapsed=4ms | Status=Completed
2026-05-18 09:23:46 | INF | CONTROLLER_EXEC | Acc= admin | IP=::1 | Path=SYS202100/GetList | Message=POST /SYS202100/GetList
2026-05-18 09:23:46 | INF | ACTION_TRACE | Acc=admin | Path=/SYS202100/GetList | IP=::1 | Start=2026-05-18 09:23:46.605 | Elapsed=10ms | Status=Completed
2026-05-18 09:24:12 | INF | CONTROLLER_EXEC | Acc= admin | IP=::1 | Path=SYS202100/GetList | Message=POST /SYS202100/GetList
2026-05-18 09:24:12 | INF | ACTION_TRACE | Acc=admin | Path=/SYS202100/GetList | IP=::1 | Start=2026-05-18 09:24:11.981 | Elapsed=19ms | Status=Completed
2026-05-18 09:24:12 | INF | CONTROLLER_EXEC | Acc= admin | IP=::1 | Path=SYS202100/GetList | Message=POST /SYS202100/GetList
2026-05-18 09:24:12 | INF | ACTION_TRACE | Acc=admin | Path=/SYS202100/GetList | IP=::1 | Start=2026-05-18 09:24:12.035 | Elapsed=10ms | Status=Completed
2026-05-18 09:24:12 | INF | CONTROLLER_EXEC | Acc= admin | IP=::1 | Path=SYS202100/GetList | Message=POST /SYS202100/GetList
2026-05-18 09:24:12 | INF | ACTION_TRACE | Acc=admin | Path=/SYS202100/GetList | IP=::1 | Start=2026-05-18 09:24:12.086 | Elapsed=9ms | Status=Completed
2026-05-18 09:24:12 | INF | CONTROLLER_EXEC | Acc= admin | IP=::1 | Path=SYS202100/GetList | Message=POST /SYS202100/GetList
2026-05-18 09:24:12 | INF | ACTION_TRACE | Acc=admin | Path=/SYS202100/GetList | IP=::1 | Start=2026-05-18 09:24:12.427 | Elapsed=5ms | Status=Completed
2026-05-18 09:24:13 | INF | CONTROLLER_EXEC | Acc= admin | IP=::1 | Path=SYS202100/GetList | Message=POST /SYS202100/GetList
2026-05-18 09:24:13 | INF | ACTION_TRACE | Acc=admin | Path=/SYS202100/GetList | IP=::1 | Start=2026-05-18 09:24:13.090 | Elapsed=8ms | Status=Completed
2026-05-18 09:24:13 | INF | ACTION_TRACE | Acc=admin | Path=/.well-known/appspecific/com.chrome.devtools.json | IP=::1 | Start=2026-05-18 09:24:13.262 | Elapsed=0ms | Status=Completed
2026-05-18 09:24:13 | INF | ACTION_TRACE | Acc=admin | Path=/lib/html-to-image/html-to-image.js.map | IP=::1 | Start=2026-05-18 09:24:13.338 | Elapsed=0ms | Status=Completed
2026-05-18 09:29:46 | INF | CONTROLLER_EXEC | Acc= admin | IP=::1 | Path=SYS202100/GetList | Message=POST /SYS202100/GetList
2026-05-18 09:29:46 | INF | ACTION_TRACE | Acc=admin | Path=/SYS202100/GetList | IP=::1 | Start=2026-05-18 09:29:41.976 | Elapsed=4561ms | Status=Completed
2026-05-18 09:29:46 | INF | NETWORK_UNSTABLE | Acc=admin | Path=/SYS202100/GetList | Reason=SlowRequest 4561ms
2026-05-18 09:30:41 | WRN | No store type was specified for the decimal property 'OveMoney' on entity type 'HROvertime'. This will cause values to be silently truncated if they do not fit in the default precision and scale. Explicitly specify the SQL server column type that can accommodate all the values in 'OnModelCreating' using 'HasColumnType', specify precision and scale using 'HasPrecision', or configure a value converter using 'HasConversion'.
2026-05-18 09:30:41 | WRN | No store type was specified for the decimal property 'Wag1D1Hour' on entity type 'HRWage'. This will cause values to be silently truncated if they do not fit in the default precision and scale. Explicitly specify the SQL server column type that can accommodate all the values in 'OnModelCreating' using 'HasColumnType', specify precision and scale using 'HasPrecision', or configure a value converter using 'HasConversion'.
2026-05-18 09:30:41 | WRN | No store type was specified for the decimal property 'Wag2D1Hour' on entity type 'HRWage'. This will cause values to be silently truncated if they do not fit in the default precision and scale. Explicitly specify the SQL server column type that can accommodate all the values in 'OnModelCreating' using 'HasColumnType', specify precision and scale using 'HasPrecision', or configure a value converter using 'HasConversion'.
2026-05-18 09:30:41 | WRN | No store type was specified for the decimal property 'Wag4D3Hour' on entity type 'HRWage'. This will cause values to be silently truncated if they do not fit in the default precision and scale. Explicitly specify the SQL server column type that can accommodate all the values in 'OnModelCreating' using 'HasColumnType', specify precision and scale using 'HasPrecision', or configure a value converter using 'HasConversion'.
2026-05-18 09:30:41 | WRN | No store type was specified for the decimal property 'Wag5D3Hour' on entity type 'HRWage'. This will cause values to be silently truncated if they do not fit in the default precision and scale. Explicitly specify the SQL server column type that can accommodate all the values in 'OnModelCreating' using 'HasColumnType', specify precision and scale using 'HasPrecision', or configure a value converter using 'HasConversion'.
2026-05-18 09:30:41 | WRN | No store type was specified for the decimal property 'Wag8D3Hour' on entity type 'HRWage'. This will cause values to be silently truncated if they do not fit in the default precision and scale. Explicitly specify the SQL server column type that can accommodate all the values in 'OnModelCreating' using 'HasColumnType', specify precision and scale using 'HasPrecision', or configure a value converter using 'HasConversion'.
2026-05-18 09:30:41 | WRN | No store type was specified for the decimal property 'WagApplyHour' on entity type 'HRWage'. This will cause values to be silently truncated if they do not fit in the default precision and scale. Explicitly specify the SQL server column type that can accommodate all the values in 'OnModelCreating' using 'HasColumnType', specify precision and scale using 'HasPrecision', or configure a value converter using 'HasConversion'.
2026-05-18 09:30:41 | WRN | No store type was specified for the decimal property 'WagIssueHour' on entity type 'HRWage'. This will cause values to be silently truncated if they do not fit in the default precision and scale. Explicitly specify the SQL server column type that can accommodate all the values in 'OnModelCreating' using 'HasColumnType', specify precision and scale using 'HasPrecision', or configure a value converter using 'HasConversion'.
2026-05-18 09:30:41 | WRN | No store type was specified for the decimal property 'WagSubtotal' on entity type 'HRWage'. This will cause values to be silently truncated if they do not fit in the default precision and scale. Explicitly specify the SQL server column type that can accommodate all the values in 'OnModelCreating' using 'HasColumnType', specify precision and scale using 'HasPrecision', or configure a value converter using 'HasConversion'.
2026-05-18 09:30:47 | WRN | The query uses the 'First'/'FirstOrDefault' operator without 'OrderBy' and filter operators. This may lead to unpredictable results.
2026-05-18 09:30:48 | INF | ACTION_TRACE | Acc=admin | Path=/ | IP=::1 | Start=2026-05-18 09:30:40.834 | Elapsed=7392ms | Status=Completed
2026-05-18 09:30:48 | INF | NETWORK_UNSTABLE | Acc=admin | Path=/ | Reason=SlowRequest 7392ms
2026-05-18 09:30:48 | INF | ACTION_TRACE | Acc=admin | Path=/Captcha/Generate | IP=::1 | Start=2026-05-18 09:30:48.523 | Elapsed=47ms | Status=Completed
2026-05-18 09:30:48 | INF | ACTION_TRACE | Acc=admin | Path=/DNTCaptchaImage/Show | IP=::1 | Start=2026-05-18 09:30:48.583 | Elapsed=129ms | Status=Completed
2026-05-18 09:31:01 | INF | ACTION_TRACE | Acc=admin | Path=/Account/Login | IP=::1 | Start=2026-05-18 09:30:52.579 | Elapsed=9274ms | Status=Completed
2026-05-18 09:31:01 | INF | NETWORK_UNSTABLE | Acc=admin | Path=/Account/Login | Reason=SlowRequest 9274ms
2026-05-18 09:31:02 | INF | ACTION_TRACE | Acc=admin | Path=/Home/Index | IP=::1 | Start=2026-05-18 09:31:01.868 | Elapsed=246ms | Status=Completed
2026-05-18 09:32:47 | INF | ACTION_TRACE | Acc=admin | Path=/Home/GetMenu | IP=::1 | Start=2026-05-18 09:32:47.561 | Elapsed=53ms | Status=Completed
2026-05-18 09:32:48 | INF | ACTION_TRACE | Acc=admin | Path=/Home/GetMenu | IP=::1 | Start=2026-05-18 09:32:48.181 | Elapsed=9ms | Status=Completed
2026-05-18 09:32:50 | INF | CONTROLLER_EXEC | Acc= admin | IP=::1 | Path=SYS202100/SYS202100 | Message=GET /SYS202100/SYS202100
2026-05-18 09:32:50 | INF | ACTION_TRACE | Acc=admin | Path=/SYS202100/SYS202100 | IP=::1 | Start=2026-05-18 09:32:50.705 | Elapsed=115ms | Status=Completed
2026-05-18 09:32:50 | ERR | Failed executing DbCommand (10ms) [Parameters=[], CommandType='"Text"', CommandTimeout='30']
SELECT dep_no AS DepNo, dep_name AS DepName FROM      WHERE dep_status = 1 ORDER BY dep_order ASC
2026-05-18 09:32:50 | ERR | An exception occurred while iterating over the results of a query for context type 'EHRIS.Core.DbContext.ApplicationDbContext'.
Microsoft.Data.SqlClient.SqlException (0x80131904): 接近關鍵字 'WHERE' 之處的語法不正確。
   at Microsoft.Data.SqlClient.SqlCommand.<>c.<ExecuteDbDataReaderAsync>b__195_0(Task`1 result)
   at System.Threading.Tasks.ContinuationResultTaskFromResultTask`2.InnerInvoke()
   at System.Threading.ExecutionContext.RunInternal(ExecutionContext executionContext, ContextCallback callback, Object state)
--- End of stack trace from previous location ---
   at System.Threading.ExecutionContext.RunInternal(ExecutionContext executionContext, ContextCallback callback, Object state)
   at System.Threading.Tasks.Task.ExecuteWithThreadLocal(Task& currentTaskSlot, Thread threadPoolThread)
--- End of stack trace from previous location ---
   at Microsoft.EntityFrameworkCore.Storage.RelationalCommand.ExecuteReaderAsync(RelationalCommandParameterObject parameterObject, CancellationToken cancellationToken)
   at Microsoft.EntityFrameworkCore.Storage.RelationalCommand.ExecuteReaderAsync(RelationalCommandParameterObject parameterObject, CancellationToken cancellationToken)
   at Microsoft.EntityFrameworkCore.Query.Internal.FromSqlQueryingEnumerable`1.AsyncEnumerator.InitializeReaderAsync(AsyncEnumerator enumerator, CancellationToken cancellationToken)
   at Microsoft.EntityFrameworkCore.Storage.ExecutionStrategy.<>c__DisplayClass30_0`2.<<ExecuteAsync>b__0>d.MoveNext()
--- End of stack trace from previous location ---
   at Microsoft.EntityFrameworkCore.Storage.ExecutionStrategy.ExecuteImplementationAsync[TState,TResult](Func`4 operation, Func`4 verifySucceeded, TState state, CancellationToken cancellationToken)
   at Microsoft.EntityFrameworkCore.Storage.ExecutionStrategy.ExecuteImplementationAsync[TState,TResult](Func`4 operation, Func`4 verifySucceeded, TState state, CancellationToken cancellationToken)
   at Microsoft.EntityFrameworkCore.Storage.ExecutionStrategy.ExecuteAsync[TState,TResult](TState state, Func`4 operation, Func`4 verifySucceeded, CancellationToken cancellationToken)
   at Microsoft.EntityFrameworkCore.Query.Internal.FromSqlQueryingEnumerable`1.AsyncEnumerator.MoveNextAsync()
ClientConnectionId:73a8e8fe-5200-4ff7-94c6-6996035e58c1
Error Number:156,State:1,Class:15
2026-05-18 09:33:54 | WRN | No store type was specified for the decimal property 'OveMoney' on entity type 'HROvertime'. This will cause values to be silently truncated if they do not fit in the default precision and scale. Explicitly specify the SQL server column type that can accommodate all the values in 'OnModelCreating' using 'HasColumnType', specify precision and scale using 'HasPrecision', or configure a value converter using 'HasConversion'.
2026-05-18 09:33:54 | WRN | No store type was specified for the decimal property 'Wag1D1Hour' on entity type 'HRWage'. This will cause values to be silently truncated if they do not fit in the default precision and scale. Explicitly specify the SQL server column type that can accommodate all the values in 'OnModelCreating' using 'HasColumnType', specify precision and scale using 'HasPrecision', or configure a value converter using 'HasConversion'.
2026-05-18 09:33:54 | WRN | No store type was specified for the decimal property 'Wag2D1Hour' on entity type 'HRWage'. This will cause values to be silently truncated if they do not fit in the default precision and scale. Explicitly specify the SQL server column type that can accommodate all the values in 'OnModelCreating' using 'HasColumnType', specify precision and scale using 'HasPrecision', or configure a value converter using 'HasConversion'.
2026-05-18 09:33:54 | WRN | No store type was specified for the decimal property 'Wag4D3Hour' on entity type 'HRWage'. This will cause values to be silently truncated if they do not fit in the default precision and scale. Explicitly specify the SQL server column type that can accommodate all the values in 'OnModelCreating' using 'HasColumnType', specify precision and scale using 'HasPrecision', or configure a value converter using 'HasConversion'.
2026-05-18 09:33:54 | WRN | No store type was specified for the decimal property 'Wag5D3Hour' on entity type 'HRWage'. This will cause values to be silently truncated if they do not fit in the default precision and scale. Explicitly specify the SQL server column type that can accommodate all the values in 'OnModelCreating' using 'HasColumnType', specify precision and scale using 'HasPrecision', or configure a value converter using 'HasConversion'.
2026-05-18 09:33:54 | WRN | No store type was specified for the decimal property 'Wag8D3Hour' on entity type 'HRWage'. This will cause values to be silently truncated if they do not fit in the default precision and scale. Explicitly specify the SQL server column type that can accommodate all the values in 'OnModelCreating' using 'HasColumnType', specify precision and scale using 'HasPrecision', or configure a value converter using 'HasConversion'.
2026-05-18 09:33:54 | WRN | No store type was specified for the decimal property 'WagApplyHour' on entity type 'HRWage'. This will cause values to be silently truncated if they do not fit in the default precision and scale. Explicitly specify the SQL server column type that can accommodate all the values in 'OnModelCreating' using 'HasColumnType', specify precision and scale using 'HasPrecision', or configure a value converter using 'HasConversion'.
2026-05-18 09:33:54 | WRN | No store type was specified for the decimal property 'WagIssueHour' on entity type 'HRWage'. This will cause values to be silently truncated if they do not fit in the default precision and scale. Explicitly specify the SQL server column type that can accommodate all the values in 'OnModelCreating' using 'HasColumnType', specify precision and scale using 'HasPrecision', or configure a value converter using 'HasConversion'.
2026-05-18 09:33:54 | WRN | No store type was specified for the decimal property 'WagSubtotal' on entity type 'HRWage'. This will cause values to be silently truncated if they do not fit in the default precision and scale. Explicitly specify the SQL server column type that can accommodate all the values in 'OnModelCreating' using 'HasColumnType', specify precision and scale using 'HasPrecision', or configure a value converter using 'HasConversion'.
2026-05-18 09:33:59 | WRN | The query uses the 'First'/'FirstOrDefault' operator without 'OrderBy' and filter operators. This may lead to unpredictable results.
2026-05-18 09:34:00 | INF | ACTION_TRACE | Acc=admin | Path=/ | IP=::1 | Start=2026-05-18 09:33:53.123 | Elapsed=7399ms | Status=Completed
2026-05-18 09:34:00 | INF | NETWORK_UNSTABLE | Acc=admin | Path=/ | Reason=SlowRequest 7399ms
2026-05-18 09:34:00 | INF | ACTION_TRACE | Acc=admin | Path=/Captcha/Generate | IP=::1 | Start=2026-05-18 09:34:00.739 | Elapsed=42ms | Status=Completed
2026-05-18 09:34:00 | INF | ACTION_TRACE | Acc=admin | Path=/DNTCaptchaImage/Show | IP=::1 | Start=2026-05-18 09:34:00.808 | Elapsed=127ms | Status=Completed
2026-05-18 09:34:16 | INF | ACTION_TRACE | Acc=admin | Path=/Account/Login | IP=::1 | Start=2026-05-18 09:34:09.154 | Elapsed=6984ms | Status=Completed
2026-05-18 09:34:16 | INF | NETWORK_UNSTABLE | Acc=admin | Path=/Account/Login | Reason=SlowRequest 6984ms
2026-05-18 09:34:16 | INF | ACTION_TRACE | Acc=admin | Path=/Home/Index | IP=::1 | Start=2026-05-18 09:34:16.158 | Elapsed=333ms | Status=Completed
2026-05-18 09:34:25 | INF | ACTION_TRACE | Acc=admin | Path=/Home/GetMenu | IP=::1 | Start=2026-05-18 09:34:25.896 | Elapsed=39ms | Status=Completed
2026-05-18 09:34:26 | INF | ACTION_TRACE | Acc=admin | Path=/Home/GetMenu | IP=::1 | Start=2026-05-18 09:34:26.708 | Elapsed=35ms | Status=Completed
2026-05-18 09:34:28 | INF | CONTROLLER_EXEC | Acc= admin | IP=::1 | Path=SYS202100/SYS202100 | Message=GET /SYS202100/SYS202100
2026-05-18 09:34:28 | INF | ACTION_TRACE | Acc=admin | Path=/SYS202100/SYS202100 | IP=::1 | Start=2026-05-18 09:34:28.905 | Elapsed=71ms | Status=Completed
2026-05-18 09:34:29 | INF | CONTROLLER_EXEC | Acc= admin | IP=::1 | Path=SYS202100/GetDepartmentOptions | Message=GET /SYS202100/GetDepartmentOptions
2026-05-18 09:34:29 | INF | ACTION_TRACE | Acc=admin | Path=/SYS202100/GetDepartmentOptions | IP=::1 | Start=2026-05-18 09:34:29.039 | Elapsed=93ms | Status=Completed
2026-05-18 09:34:33 | INF | CONTROLLER_EXEC | Acc= admin | IP=::1 | Path=SYS202100/GetList | Message=POST /SYS202100/GetList
2026-05-18 09:34:33 | INF | ACTION_TRACE | Acc=admin | Path=/SYS202100/GetList | IP=::1 | Start=2026-05-18 09:34:29.071 | Elapsed=4663ms | Status=Completed
2026-05-18 09:34:33 | INF | NETWORK_UNSTABLE | Acc=admin | Path=/SYS202100/GetList | Reason=SlowRequest 4663ms
2026-05-18 09:34:33 | INF | CONTROLLER_EXEC | Acc= admin | IP=::1 | Path=SYS202100/GetList | Message=POST /SYS202100/GetList
2026-05-18 09:34:33 | INF | ACTION_TRACE | Acc=admin | Path=/SYS202100/GetList | IP=::1 | Start=2026-05-18 09:34:33.769 | Elapsed=6ms | Status=Completed
2026-05-18 09:34:34 | INF | CONTROLLER_EXEC | Acc= admin | IP=::1 | Path=SYS202100/GetList | Message=POST /SYS202100/GetList
2026-05-18 09:34:34 | INF | ACTION_TRACE | Acc=admin | Path=/SYS202100/GetList | IP=::1 | Start=2026-05-18 09:34:34.985 | Elapsed=6ms | Status=Completed
2026-05-18 09:34:37 | INF | CONTROLLER_EXEC | Acc= admin | IP=::1 | Path=SYS202100/GetDeptList | Message=GET /SYS202100/GetDeptList
2026-05-18 09:34:37 | INF | ACTION_TRACE | Acc=admin | Path=/SYS202100/GetDeptList | IP=::1 | Start=2026-05-18 09:34:37.720 | Elapsed=40ms | Status=Completed
2026-05-18 09:34:40 | INF | CONTROLLER_EXEC | Acc= admin | IP=::1 | Path=SYS202100/GetList | Message=POST /SYS202100/GetList
2026-05-18 09:34:40 | INF | ACTION_TRACE | Acc=admin | Path=/SYS202100/GetList | IP=::1 | Start=2026-05-18 09:34:40.653 | Elapsed=10ms | Status=Completed
2026-05-18 09:34:40 | INF | ACTION_TRACE | Acc=admin | Path=/.well-known/appspecific/com.chrome.devtools.json | IP=::1 | Start=2026-05-18 09:34:40.808 | Elapsed=0ms | Status=Completed
2026-05-18 09:34:40 | INF | ACTION_TRACE | Acc=admin | Path=/lib/html-to-image/html-to-image.js.map | IP=::1 | Start=2026-05-18 09:34:40.864 | Elapsed=0ms | Status=Completed
2026-05-18 09:38:28 | INF | ACTION_TRACE | Acc=admin | Path=/Home/Index | IP=::1 | Start=2026-05-18 09:38:28.564 | Elapsed=62ms | Status=Completed
2026-05-18 09:38:28 | INF | ACTION_TRACE | Acc=admin | Path=/.well-known/appspecific/com.chrome.devtools.json | IP=::1 | Start=2026-05-18 09:38:28.755 | Elapsed=0ms | Status=Completed
2026-05-18 09:38:29 | INF | ACTION_TRACE | Acc=admin | Path=/lib/html-to-image/html-to-image.js.map | IP=::1 | Start=2026-05-18 09:38:29.120 | Elapsed=0ms | Status=Completed
2026-05-18 09:38:30 | INF | ACTION_TRACE | Acc=admin | Path=/Home/GetMenu | IP=::1 | Start=2026-05-18 09:38:30.650 | Elapsed=56ms | Status=Completed
2026-05-18 09:38:31 | INF | ACTION_TRACE | Acc=admin | Path=/Home/GetMenu | IP=::1 | Start=2026-05-18 09:38:31.290 | Elapsed=47ms | Status=Completed
2026-05-18 09:38:33 | INF | ACTION_TRACE | Acc=admin | Path=/Home/GetMenu | IP=::1 | Start=2026-05-18 09:38:33.290 | Elapsed=49ms | Status=Completed
2026-05-18 09:38:35 | INF | CONTROLLER_EXEC | Acc= admin | IP=::1 | Path=SYS202100/SYS202100 | Message=GET /SYS202100/SYS202100
2026-05-18 09:38:35 | INF | ACTION_TRACE | Acc=admin | Path=/SYS202100/SYS202100 | IP=::1 | Start=2026-05-18 09:38:35.638 | Elapsed=49ms | Status=Completed
2026-05-18 09:38:35 | INF | CONTROLLER_EXEC | Acc= admin | IP=::1 | Path=SYS202100/GetDepartmentOptions | Message=GET /SYS202100/GetDepartmentOptions
2026-05-18 09:38:35 | INF | ACTION_TRACE | Acc=admin | Path=/SYS202100/GetDepartmentOptions | IP=::1 | Start=2026-05-18 09:38:35.831 | Elapsed=53ms | Status=Completed
2026-05-18 09:38:35 | INF | CONTROLLER_EXEC | Acc= admin | IP=::1 | Path=SYS202100/GetList | Message=POST /SYS202100/GetList
2026-05-18 09:38:35 | INF | ACTION_TRACE | Acc=admin | Path=/SYS202100/GetList | IP=::1 | Start=2026-05-18 09:38:35.874 | Elapsed=40ms | Status=Completed
2026-05-18 09:38:35 | INF | CONTROLLER_EXEC | Acc= admin | IP=::1 | Path=SYS202100/GetList | Message=POST /SYS202100/GetList
2026-05-18 09:38:35 | INF | ACTION_TRACE | Acc=admin | Path=/SYS202100/GetList | IP=::1 | Start=2026-05-18 09:38:35.958 | Elapsed=7ms | Status=Completed
2026-05-18 09:38:41 | INF | CONTROLLER_EXEC | Acc= admin | IP=::1 | Path=SYS202100/GetList | Message=POST /SYS202100/GetList
2026-05-18 09:38:41 | INF | ACTION_TRACE | Acc=admin | Path=/SYS202100/GetList | IP=::1 | Start=2026-05-18 09:38:41.380 | Elapsed=7ms | Status=Completed
2026-05-18 09:38:44 | INF | CONTROLLER_EXEC | Acc= admin | IP=::1 | Path=SYS202100/GetDeptList | Message=GET /SYS202100/GetDeptList
2026-05-18 09:38:44 | INF | ACTION_TRACE | Acc=admin | Path=/SYS202100/GetDeptList | IP=::1 | Start=2026-05-18 09:38:44.620 | Elapsed=14ms | Status=Completed
2026-05-18 09:38:47 | INF | ACTION_TRACE | Acc=admin | Path=/Home/Index | IP=::1 | Start=2026-05-18 09:38:47.060 | Elapsed=55ms | Status=Completed
2026-05-18 09:38:49 | INF | ACTION_TRACE | Acc=admin | Path=/Home/GetMenu | IP=::1 | Start=2026-05-18 09:38:49.737 | Elapsed=52ms | Status=Completed
2026-05-18 09:38:50 | INF | ACTION_TRACE | Acc=admin | Path=/Home/GetMenu | IP=::1 | Start=2026-05-18 09:38:50.868 | Elapsed=6ms | Status=Completed
2026-05-18 09:38:52 | INF | CONTROLLER_EXEC | Acc= admin | IP=::1 | Path=SYS202100/SYS202100 | Message=GET /SYS202100/SYS202100
2026-05-18 09:38:52 | INF | ACTION_TRACE | Acc=admin | Path=/SYS202100/SYS202100 | IP=::1 | Start=2026-05-18 09:38:52.461 | Elapsed=8ms | Status=Completed
2026-05-18 09:38:52 | INF | CONTROLLER_EXEC | Acc= admin | IP=::1 | Path=SYS202100/GetDepartmentOptions | Message=GET /SYS202100/GetDepartmentOptions
2026-05-18 09:38:52 | INF | ACTION_TRACE | Acc=admin | Path=/SYS202100/GetDepartmentOptions | IP=::1 | Start=2026-05-18 09:38:52.490 | Elapsed=8ms | Status=Completed
2026-05-18 09:38:52 | INF | CONTROLLER_EXEC | Acc= admin | IP=::1 | Path=SYS202100/GetList | Message=POST /SYS202100/GetList
2026-05-18 09:38:52 | INF | ACTION_TRACE | Acc=admin | Path=/SYS202100/GetList | IP=::1 | Start=2026-05-18 09:38:52.515 | Elapsed=7ms | Status=Completed
2026-05-18 09:38:52 | INF | CONTROLLER_EXEC | Acc= admin | IP=::1 | Path=SYS202100/GetList | Message=POST /SYS202100/GetList
2026-05-18 09:38:52 | INF | ACTION_TRACE | Acc=admin | Path=/SYS202100/GetList | IP=::1 | Start=2026-05-18 09:38:52.555 | Elapsed=8ms | Status=Completed
2026-05-18 09:38:54 | INF | CONTROLLER_EXEC | Acc= admin | IP=::1 | Path=SYS202100/GetDeptList | Message=GET /SYS202100/GetDeptList
2026-05-18 09:38:54 | INF | ACTION_TRACE | Acc=admin | Path=/SYS202100/GetDeptList | IP=::1 | Start=2026-05-18 09:38:54.843 | Elapsed=2ms | Status=Completed
2026-05-18 09:39:04 | INF | ACTION_TRACE | Acc=admin | Path=/Home/Index | IP=::1 | Start=2026-05-18 09:39:04.637 | Elapsed=93ms | Status=Completed
2026-05-18 09:39:05 | INF | ACTION_TRACE | Acc=admin | Path=/Home/GetMenu | IP=::1 | Start=2026-05-18 09:39:05.971 | Elapsed=15ms | Status=Completed
2026-05-18 09:39:07 | INF | CONTROLLER_EXEC | Acc= admin | IP=::1 | Path=SYS202100/SYS202100 | Message=GET /SYS202100/SYS202100
2026-05-18 09:39:07 | INF | ACTION_TRACE | Acc=admin | Path=/SYS202100/SYS202100 | IP=::1 | Start=2026-05-18 09:39:07.776 | Elapsed=54ms | Status=Completed
2026-05-18 09:39:07 | INF | CONTROLLER_EXEC | Acc= admin | IP=::1 | Path=SYS202100/GetDepartmentOptions | Message=GET /SYS202100/GetDepartmentOptions
2026-05-18 09:39:07 | INF | ACTION_TRACE | Acc=admin | Path=/SYS202100/GetDepartmentOptions | IP=::1 | Start=2026-05-18 09:39:07.855 | Elapsed=15ms | Status=Completed
2026-05-18 09:39:07 | INF | CONTROLLER_EXEC | Acc= admin | IP=::1 | Path=SYS202100/GetList | Message=POST /SYS202100/GetList
2026-05-18 09:39:07 | INF | ACTION_TRACE | Acc=admin | Path=/SYS202100/GetList | IP=::1 | Start=2026-05-18 09:39:07.867 | Elapsed=25ms | Status=Completed
2026-05-18 09:39:07 | INF | CONTROLLER_EXEC | Acc= admin | IP=::1 | Path=SYS202100/GetList | Message=POST /SYS202100/GetList
2026-05-18 09:39:07 | INF | ACTION_TRACE | Acc=admin | Path=/SYS202100/GetList | IP=::1 | Start=2026-05-18 09:39:07.912 | Elapsed=6ms | Status=Completed
2026-05-18 09:39:09 | INF | CONTROLLER_EXEC | Acc= admin | IP=::1 | Path=SYS202100/GetDeptList | Message=GET /SYS202100/GetDeptList
2026-05-18 09:39:09 | INF | ACTION_TRACE | Acc=admin | Path=/SYS202100/GetDeptList | IP=::1 | Start=2026-05-18 09:39:09.362 | Elapsed=15ms | Status=Completed
2026-05-18 09:39:47 | WRN | No store type was specified for the decimal property 'OveMoney' on entity type 'HROvertime'. This will cause values to be silently truncated if they do not fit in the default precision and scale. Explicitly specify the SQL server column type that can accommodate all the values in 'OnModelCreating' using 'HasColumnType', specify precision and scale using 'HasPrecision', or configure a value converter using 'HasConversion'.
2026-05-18 09:39:47 | WRN | No store type was specified for the decimal property 'Wag1D1Hour' on entity type 'HRWage'. This will cause values to be silently truncated if they do not fit in the default precision and scale. Explicitly specify the SQL server column type that can accommodate all the values in 'OnModelCreating' using 'HasColumnType', specify precision and scale using 'HasPrecision', or configure a value converter using 'HasConversion'.
2026-05-18 09:39:47 | WRN | No store type was specified for the decimal property 'Wag2D1Hour' on entity type 'HRWage'. This will cause values to be silently truncated if they do not fit in the default precision and scale. Explicitly specify the SQL server column type that can accommodate all the values in 'OnModelCreating' using 'HasColumnType', specify precision and scale using 'HasPrecision', or configure a value converter using 'HasConversion'.
2026-05-18 09:39:47 | WRN | No store type was specified for the decimal property 'Wag4D3Hour' on entity type 'HRWage'. This will cause values to be silently truncated if they do not fit in the default precision and scale. Explicitly specify the SQL server column type that can accommodate all the values in 'OnModelCreating' using 'HasColumnType', specify precision and scale using 'HasPrecision', or configure a value converter using 'HasConversion'.
2026-05-18 09:39:47 | WRN | No store type was specified for the decimal property 'Wag5D3Hour' on entity type 'HRWage'. This will cause values to be silently truncated if they do not fit in the default precision and scale. Explicitly specify the SQL server column type that can accommodate all the values in 'OnModelCreating' using 'HasColumnType', specify precision and scale using 'HasPrecision', or configure a value converter using 'HasConversion'.
2026-05-18 09:39:47 | WRN | No store type was specified for the decimal property 'Wag8D3Hour' on entity type 'HRWage'. This will cause values to be silently truncated if they do not fit in the default precision and scale. Explicitly specify the SQL server column type that can accommodate all the values in 'OnModelCreating' using 'HasColumnType', specify precision and scale using 'HasPrecision', or configure a value converter using 'HasConversion'.
2026-05-18 09:39:47 | WRN | No store type was specified for the decimal property 'WagApplyHour' on entity type 'HRWage'. This will cause values to be silently truncated if they do not fit in the default precision and scale. Explicitly specify the SQL server column type that can accommodate all the values in 'OnModelCreating' using 'HasColumnType', specify precision and scale using 'HasPrecision', or configure a value converter using 'HasConversion'.
2026-05-18 09:39:47 | WRN | No store type was specified for the decimal property 'WagIssueHour' on entity type 'HRWage'. This will cause values to be silently truncated if they do not fit in the default precision and scale. Explicitly specify the SQL server column type that can accommodate all the values in 'OnModelCreating' using 'HasColumnType', specify precision and scale using 'HasPrecision', or configure a value converter using 'HasConversion'.
2026-05-18 09:39:47 | WRN | No store type was specified for the decimal property 'WagSubtotal' on entity type 'HRWage'. This will cause values to be silently truncated if they do not fit in the default precision and scale. Explicitly specify the SQL server column type that can accommodate all the values in 'OnModelCreating' using 'HasColumnType', specify precision and scale using 'HasPrecision', or configure a value converter using 'HasConversion'.
2026-05-18 09:39:53 | WRN | The query uses the 'First'/'FirstOrDefault' operator without 'OrderBy' and filter operators. This may lead to unpredictable results.
2026-05-18 09:39:54 | INF | ACTION_TRACE | Acc=admin | Path=/ | IP=::1 | Start=2026-05-18 09:39:46.627 | Elapsed=7467ms | Status=Completed
2026-05-18 09:39:54 | INF | NETWORK_UNSTABLE | Acc=admin | Path=/ | Reason=SlowRequest 7467ms
2026-05-18 09:39:54 | INF | ACTION_TRACE | Acc=admin | Path=/Captcha/Generate | IP=::1 | Start=2026-05-18 09:39:54.329 | Elapsed=35ms | Status=Completed
2026-05-18 09:39:54 | INF | ACTION_TRACE | Acc=admin | Path=/DNTCaptchaImage/Show | IP=::1 | Start=2026-05-18 09:39:54.385 | Elapsed=125ms | Status=Completed
2026-05-18 09:40:06 | INF | ACTION_TRACE | Acc=admin | Path=/Account/Login | IP=::1 | Start=2026-05-18 09:39:58.155 | Elapsed=8463ms | Status=Completed
2026-05-18 09:40:06 | INF | NETWORK_UNSTABLE | Acc=admin | Path=/Account/Login | Reason=SlowRequest 8463ms
2026-05-18 09:40:06 | INF | ACTION_TRACE | Acc=admin | Path=/Home/Index | IP=::1 | Start=2026-05-18 09:40:06.632 | Elapsed=312ms | Status=Completed
2026-05-18 09:40:11 | INF | ACTION_TRACE | Acc=admin | Path=/Home/GetMenu | IP=::1 | Start=2026-05-18 09:40:11.045 | Elapsed=56ms | Status=Completed
2026-05-18 09:40:12 | INF | ACTION_TRACE | Acc=admin | Path=/Home/GetMenu | IP=::1 | Start=2026-05-18 09:40:12.139 | Elapsed=8ms | Status=Completed
2026-05-18 09:40:14 | INF | CONTROLLER_EXEC | Acc= admin | IP=::1 | Path=SYS202100/SYS202100 | Message=GET /SYS202100/SYS202100
2026-05-18 09:40:14 | INF | ACTION_TRACE | Acc=admin | Path=/SYS202100/SYS202100 | IP=::1 | Start=2026-05-18 09:40:14.563 | Elapsed=75ms | Status=Completed
2026-05-18 09:40:14 | INF | CONTROLLER_EXEC | Acc= admin | IP=::1 | Path=SYS202100/GetDepartmentOptions | Message=GET /SYS202100/GetDepartmentOptions
2026-05-18 09:40:14 | INF | ACTION_TRACE | Acc=admin | Path=/SYS202100/GetDepartmentOptions | IP=::1 | Start=2026-05-18 09:40:14.651 | Elapsed=54ms | Status=Completed
2026-05-18 09:40:14 | INF | CONTROLLER_EXEC | Acc= admin | IP=::1 | Path=SYS202100/GetList | Message=POST /SYS202100/GetList
2026-05-18 09:40:14 | INF | ACTION_TRACE | Acc=admin | Path=/SYS202100/GetList | IP=::1 | Start=2026-05-18 09:40:14.675 | Elapsed=80ms | Status=Completed
2026-05-18 09:40:14 | INF | CONTROLLER_EXEC | Acc= admin | IP=::1 | Path=SYS202100/GetList | Message=POST /SYS202100/GetList
2026-05-18 09:40:14 | INF | ACTION_TRACE | Acc=admin | Path=/SYS202100/GetList | IP=::1 | Start=2026-05-18 09:40:14.780 | Elapsed=8ms | Status=Completed
2026-05-18 09:40:16 | INF | CONTROLLER_EXEC | Acc= admin | IP=::1 | Path=SYS202100/GetDeptList | Message=GET /SYS202100/GetDeptList
2026-05-18 09:40:16 | INF | ACTION_TRACE | Acc=admin | Path=/SYS202100/GetDeptList | IP=::1 | Start=2026-05-18 09:40:16.955 | Elapsed=33ms | Status=Completed
2026-05-18 09:40:18 | INF | CONTROLLER_EXEC | Acc= admin | IP=::1 | Path=SYS202100/GetList | Message=POST /SYS202100/GetList
2026-05-18 09:40:18 | INF | ACTION_TRACE | Acc=admin | Path=/SYS202100/GetList | IP=::1 | Start=2026-05-18 09:40:18.552 | Elapsed=22ms | Status=Completed
2026-05-18 09:41:00 | WRN | No store type was specified for the decimal property 'OveMoney' on entity type 'HROvertime'. This will cause values to be silently truncated if they do not fit in the default precision and scale. Explicitly specify the SQL server column type that can accommodate all the values in 'OnModelCreating' using 'HasColumnType', specify precision and scale using 'HasPrecision', or configure a value converter using 'HasConversion'.
2026-05-18 09:41:00 | WRN | No store type was specified for the decimal property 'Wag1D1Hour' on entity type 'HRWage'. This will cause values to be silently truncated if they do not fit in the default precision and scale. Explicitly specify the SQL server column type that can accommodate all the values in 'OnModelCreating' using 'HasColumnType', specify precision and scale using 'HasPrecision', or configure a value converter using 'HasConversion'.
2026-05-18 09:41:00 | WRN | No store type was specified for the decimal property 'Wag2D1Hour' on entity type 'HRWage'. This will cause values to be silently truncated if they do not fit in the default precision and scale. Explicitly specify the SQL server column type that can accommodate all the values in 'OnModelCreating' using 'HasColumnType', specify precision and scale using 'HasPrecision', or configure a value converter using 'HasConversion'.
2026-05-18 09:41:00 | WRN | No store type was specified for the decimal property 'Wag4D3Hour' on entity type 'HRWage'. This will cause values to be silently truncated if they do not fit in the default precision and scale. Explicitly specify the SQL server column type that can accommodate all the values in 'OnModelCreating' using 'HasColumnType', specify precision and scale using 'HasPrecision', or configure a value converter using 'HasConversion'.
2026-05-18 09:41:00 | WRN | No store type was specified for the decimal property 'Wag5D3Hour' on entity type 'HRWage'. This will cause values to be silently truncated if they do not fit in the default precision and scale. Explicitly specify the SQL server column type that can accommodate all the values in 'OnModelCreating' using 'HasColumnType', specify precision and scale using 'HasPrecision', or configure a value converter using 'HasConversion'.
2026-05-18 09:41:00 | WRN | No store type was specified for the decimal property 'Wag8D3Hour' on entity type 'HRWage'. This will cause values to be silently truncated if they do not fit in the default precision and scale. Explicitly specify the SQL server column type that can accommodate all the values in 'OnModelCreating' using 'HasColumnType', specify precision and scale using 'HasPrecision', or configure a value converter using 'HasConversion'.
2026-05-18 09:41:00 | WRN | No store type was specified for the decimal property 'WagApplyHour' on entity type 'HRWage'. This will cause values to be silently truncated if they do not fit in the default precision and scale. Explicitly specify the SQL server column type that can accommodate all the values in 'OnModelCreating' using 'HasColumnType', specify precision and scale using 'HasPrecision', or configure a value converter using 'HasConversion'.
2026-05-18 09:41:00 | WRN | No store type was specified for the decimal property 'WagIssueHour' on entity type 'HRWage'. This will cause values to be silently truncated if they do not fit in the default precision and scale. Explicitly specify the SQL server column type that can accommodate all the values in 'OnModelCreating' using 'HasColumnType', specify precision and scale using 'HasPrecision', or configure a value converter using 'HasConversion'.
2026-05-18 09:41:00 | WRN | No store type was specified for the decimal property 'WagSubtotal' on entity type 'HRWage'. This will cause values to be silently truncated if they do not fit in the default precision and scale. Explicitly specify the SQL server column type that can accommodate all the values in 'OnModelCreating' using 'HasColumnType', specify precision and scale using 'HasPrecision', or configure a value converter using 'HasConversion'.
2026-05-18 09:41:05 | WRN | The query uses the 'First'/'FirstOrDefault' operator without 'OrderBy' and filter operators. This may lead to unpredictable results.
2026-05-18 09:41:06 | INF | ACTION_TRACE | Acc=admin | Path=/ | IP=::1 | Start=2026-05-18 09:40:59.562 | Elapsed=7309ms | Status=Completed
2026-05-18 09:41:06 | INF | NETWORK_UNSTABLE | Acc=admin | Path=/ | Reason=SlowRequest 7309ms
2026-05-18 09:41:07 | INF | ACTION_TRACE | Acc=admin | Path=/Captcha/Generate | IP=::1 | Start=2026-05-18 09:41:07.203 | Elapsed=49ms | Status=Completed
2026-05-18 09:41:07 | INF | ACTION_TRACE | Acc=admin | Path=/DNTCaptchaImage/Show | IP=::1 | Start=2026-05-18 09:41:07.263 | Elapsed=115ms | Status=Completed
2026-05-18 09:41:20 | INF | ACTION_TRACE | Acc=admin | Path=/Account/Login | IP=::1 | Start=2026-05-18 09:41:13.721 | Elapsed=6950ms | Status=Completed
2026-05-18 09:41:20 | INF | NETWORK_UNSTABLE | Acc=admin | Path=/Account/Login | Reason=SlowRequest 6950ms
2026-05-18 09:41:21 | INF | ACTION_TRACE | Acc=admin | Path=/Home/Index | IP=::1 | Start=2026-05-18 09:41:20.696 | Elapsed=345ms | Status=Completed
2026-05-18 09:41:23 | INF | ACTION_TRACE | Acc=admin | Path=/Home/GetMenu | IP=::1 | Start=2026-05-18 09:41:23.920 | Elapsed=48ms | Status=Completed
2026-05-18 09:41:26 | INF | CONTROLLER_EXEC | Acc= admin | IP=::1 | Path=SYS202100/SYS202100 | Message=GET /SYS202100/SYS202100
2026-05-18 09:41:26 | INF | ACTION_TRACE | Acc=admin | Path=/SYS202100/SYS202100 | IP=::1 | Start=2026-05-18 09:41:26.237 | Elapsed=82ms | Status=Completed
2026-05-18 09:41:26 | INF | CONTROLLER_EXEC | Acc= admin | IP=::1 | Path=SYS202100/GetDepartmentOptions | Message=GET /SYS202100/GetDepartmentOptions
2026-05-18 09:41:26 | INF | ACTION_TRACE | Acc=admin | Path=/SYS202100/GetDepartmentOptions | IP=::1 | Start=2026-05-18 09:41:26.368 | Elapsed=94ms | Status=Completed
2026-05-18 09:41:27 | INF | CONTROLLER_EXEC | Acc= admin | IP=::1 | Path=SYS202100/GetList | Message=POST /SYS202100/GetList
2026-05-18 09:41:27 | INF | ACTION_TRACE | Acc=admin | Path=/SYS202100/GetList | IP=::1 | Start=2026-05-18 09:41:27.810 | Elapsed=34ms | Status=Completed
2026-05-18 09:41:27 | INF | CONTROLLER_EXEC | Acc= admin | IP=::1 | Path=SYS202100/GetList | Message=POST /SYS202100/GetList
2026-05-18 09:41:27 | INF | ACTION_TRACE | Acc=admin | Path=/SYS202100/GetList | IP=::1 | Start=2026-05-18 09:41:27.872 | Elapsed=5ms | Status=Completed
2026-05-18 09:41:29 | INF | CONTROLLER_EXEC | Acc= admin | IP=::1 | Path=SYS202100/GetByVariable | Message=GET /SYS202100/GetByVariable
2026-05-18 09:41:29 | INF | ACTION_TRACE | Acc=admin | Path=/SYS202100/GetByVariable | IP=::1 | Start=2026-05-18 09:41:29.508 | Elapsed=31ms | Status=Completed
2026-05-18 09:41:30 | INF | CONTROLLER_EXEC | Acc= admin | IP=::1 | Path=SYS202100/GetList | Message=POST /SYS202100/GetList
2026-05-18 09:41:30 | INF | ACTION_TRACE | Acc=admin | Path=/SYS202100/GetList | IP=::1 | Start=2026-05-18 09:41:30.481 | Elapsed=8ms | Status=Completed
2026-05-18 09:41:30 | INF | CONTROLLER_EXEC | Acc= admin | IP=::1 | Path=SYS202100/GetList | Message=POST /SYS202100/GetList
2026-05-18 09:41:30 | INF | ACTION_TRACE | Acc=admin | Path=/SYS202100/GetList | IP=::1 | Start=2026-05-18 09:41:30.483 | Elapsed=509ms | Status=Completed
2026-05-18 09:41:30 | INF | CONTROLLER_EXEC | Acc= admin | IP=::1 | Path=SYS202100/GetList | Message=POST /SYS202100/GetList
2026-05-18 09:41:30 | INF | ACTION_TRACE | Acc=admin | Path=/SYS202100/GetList | IP=::1 | Start=2026-05-18 09:41:26.392 | Elapsed=4602ms | Status=Completed
2026-05-18 09:41:30 | INF | NETWORK_UNSTABLE | Acc=admin | Path=/SYS202100/GetList | Reason=SlowRequest 4602ms
2026-05-18 09:41:31 | INF | CONTROLLER_EXEC | Acc= admin | IP=::1 | Path=SYS202100/GetDeptList | Message=GET /SYS202100/GetDeptList
2026-05-18 09:41:31 | INF | ACTION_TRACE | Acc=admin | Path=/SYS202100/GetDeptList | IP=::1 | Start=2026-05-18 09:41:31.441 | Elapsed=33ms | Status=Completed
2026-05-18 09:41:31 | INF | CONTROLLER_EXEC | Acc= admin | IP=::1 | Path=SYS202100/GetList | Message=POST /SYS202100/GetList
2026-05-18 09:41:31 | INF | ACTION_TRACE | Acc=admin | Path=/SYS202100/GetList | IP=::1 | Start=2026-05-18 09:41:31.983 | Elapsed=9ms | Status=Completed
2026-05-18 09:41:35 | INF | CONTROLLER_EXEC | Acc= admin | IP=::1 | Path=SYS202100/GetList | Message=POST /SYS202100/GetList
2026-05-18 09:41:35 | INF | ACTION_TRACE | Acc=admin | Path=/SYS202100/GetList | IP=::1 | Start=2026-05-18 09:41:35.463 | Elapsed=13ms | Status=Completed
2026-05-18 09:43:15 | INF | CONTROLLER_EXEC | Acc= admin | IP=::1 | Path=SYS201001/SYS201001 | Message=GET /SYS201001/SYS201001
2026-05-18 09:43:16 | INF | ACTION_TRACE | Acc=admin | Path=/SYS201001/SYS201001 | IP=::1 | Start=2026-05-18 09:43:15.896 | Elapsed=142ms | Status=Completed
2026-05-18 09:43:16 | INF | CONTROLLER_EXEC | Acc= admin | IP=::1 | Path=SYS201001/GetAllAdmins | Message=POST /SYS201001/GetAllAdmins
2026-05-18 09:43:16 | INF | ACTION_TRACE | Acc=admin | Path=/SYS201001/GetAllAdmins | IP=::1 | Start=2026-05-18 09:43:16.101 | Elapsed=68ms | Status=Completed
2026-05-18 09:43:16 | INF | CONTROLLER_EXEC | Acc= admin | IP=::1 | Path=SYS201001/GetAllAdmins | Message=POST /SYS201001/GetAllAdmins
2026-05-18 09:43:16 | INF | ACTION_TRACE | Acc=admin | Path=/SYS201001/GetAllAdmins | IP=::1 | Start=2026-05-18 09:43:16.188 | Elapsed=14ms | Status=Completed
2026-05-18 09:43:17 | WRN | The query uses the 'First'/'FirstOrDefault' operator without 'OrderBy' and filter operators. This may lead to unpredictable results.
2026-05-18 09:43:17 | WRN | The query uses the 'First'/'FirstOrDefault' operator without 'OrderBy' and filter operators. This may lead to unpredictable results.
2026-05-18 09:43:17 | INF | CONTROLLER_EXEC | Acc= admin | IP=::1 | Path=SYS201001/GetAdminDetails | Message=GET /SYS201001/GetAdminDetails
2026-05-18 09:43:17 | INF | ACTION_TRACE | Acc=admin | Path=/SYS201001/GetAdminDetails | IP=::1 | Start=2026-05-18 09:43:17.904 | Elapsed=79ms | Status=Completed
2026-05-18 09:43:18 | INF | CONTROLLER_EXEC | Acc= admin | IP=::1 | Path=SYS201001/GetAllPersonnelTypes | Message=GET /SYS201001/GetAllPersonnelTypes
2026-05-18 09:43:18 | INF | CONTROLLER_EXEC | Acc= admin | IP=::1 | Path=SYS201001/GetAllAdmins | Message=POST /SYS201001/GetAllAdmins
2026-05-18 09:43:18 | INF | ACTION_TRACE | Acc=admin | Path=/SYS201001/GetAllAdmins | IP=::1 | Start=2026-05-18 09:43:18.021 | Elapsed=12ms | Status=Completed
2026-05-18 09:43:18 | INF | ACTION_TRACE | Acc=admin | Path=/SYS201001/GetAllPersonnelTypes | IP=::1 | Start=2026-05-18 09:43:17.994 | Elapsed=47ms | Status=Completed
2026-05-18 09:43:19 | INF | CONTROLLER_EXEC | Acc= admin | IP=::1 | Path=SYS201002/SYS201002 | Message=GET /SYS201002/SYS201002
2026-05-18 09:43:19 | INF | ACTION_TRACE | Acc=admin | Path=/SYS201002/SYS201002 | IP=::1 | Start=2026-05-18 09:43:19.738 | Elapsed=51ms | Status=Completed
2026-05-18 09:43:20 | INF | CONTROLLER_EXEC | Acc= admin | IP=::1 | Path=SYS201002/GetAllRoleList | Message=POST /SYS201002/GetAllRoleList
2026-05-18 09:43:20 | INF | ACTION_TRACE | Acc=admin | Path=/SYS201002/GetAllRoleList | IP=::1 | Start=2026-05-18 09:43:19.980 | Elapsed=52ms | Status=Completed
2026-05-18 09:43:20 | INF | CONTROLLER_EXEC | Acc= admin | IP=::1 | Path=SYS201002/SYS201002 | Message=GET /SYS201002/SYS201002
2026-05-18 09:43:20 | INF | ACTION_TRACE | Acc=admin | Path=/SYS201002/SYS201002 | IP=::1 | Start=2026-05-18 09:43:20.811 | Elapsed=15ms | Status=Completed
2026-05-18 09:43:20 | INF | CONTROLLER_EXEC | Acc= admin | IP=::1 | Path=SYS201002/GetAllRoleList | Message=POST /SYS201002/GetAllRoleList
2026-05-18 09:43:20 | INF | ACTION_TRACE | Acc=admin | Path=/SYS201002/GetAllRoleList | IP=::1 | Start=2026-05-18 09:43:20.849 | Elapsed=3ms | Status=Completed
2026-05-18 09:43:22 | INF | CONTROLLER_EXEC | Acc= admin | IP=::1 | Path=SYS201002/GetRoleByNo | Message=GET /SYS201002/GetRoleByNo
2026-05-18 09:43:22 | INF | ACTION_TRACE | Acc=admin | Path=/SYS201002/GetRoleByNo | IP=::1 | Start=2026-05-18 09:43:22.067 | Elapsed=33ms | Status=Completed
2026-05-18 09:43:22 | INF | CONTROLLER_EXEC | Acc= admin | IP=::1 | Path=SYS201001/GetAllRoles | Message=GET /SYS201001/GetAllRoles
2026-05-18 09:43:22 | INF | ACTION_TRACE | Acc=admin | Path=/SYS201001/GetAllRoles | IP=::1 | Start=2026-05-18 09:43:22.535 | Elapsed=30ms | Status=Completed
2026-05-18 09:43:23 | INF | CONTROLLER_EXEC | Acc= admin | IP=::1 | Path=SYS201002/GetPermission | Message=POST /SYS201002/GetPermission
2026-05-18 09:43:23 | INF | ACTION_TRACE | Acc=admin | Path=/SYS201002/GetPermission | IP=::1 | Start=2026-05-18 09:43:23.904 | Elapsed=43ms | Status=Completed
2026-05-18 09:43:25 | INF | CONTROLLER_EXEC | Acc= admin | IP=::1 | Path=SYS201002/GetPeople | Message=POST /SYS201002/GetPeople
2026-05-18 09:43:25 | INF | ACTION_TRACE | Acc=admin | Path=/SYS201002/GetPeople | IP=::1 | Start=2026-05-18 09:43:25.369 | Elapsed=45ms | Status=Completed
2026-05-18 09:43:27 | INF | CONTROLLER_EXEC | Acc= admin | IP=::1 | Path=SYS202100/SYS202100 | Message=GET /SYS202100/SYS202100
2026-05-18 09:43:27 | INF | ACTION_TRACE | Acc=admin | Path=/SYS202100/SYS202100 | IP=::1 | Start=2026-05-18 09:43:27.034 | Elapsed=7ms | Status=Completed
2026-05-18 09:43:27 | INF | CONTROLLER_EXEC | Acc= admin | IP=::1 | Path=SYS202100/GetDepartmentOptions | Message=GET /SYS202100/GetDepartmentOptions
2026-05-18 09:43:27 | INF | ACTION_TRACE | Acc=admin | Path=/SYS202100/GetDepartmentOptions | IP=::1 | Start=2026-05-18 09:43:27.050 | Elapsed=3ms | Status=Completed
2026-05-18 09:43:27 | INF | CONTROLLER_EXEC | Acc= admin | IP=::1 | Path=SYS202100/GetList | Message=POST /SYS202100/GetList
2026-05-18 09:43:27 | INF | ACTION_TRACE | Acc=admin | Path=/SYS202100/GetList | IP=::1 | Start=2026-05-18 09:43:27.065 | Elapsed=7ms | Status=Completed
2026-05-18 09:43:27 | INF | CONTROLLER_EXEC | Acc= admin | IP=::1 | Path=SYS202100/GetList | Message=POST /SYS202100/GetList
2026-05-18 09:43:27 | INF | ACTION_TRACE | Acc=admin | Path=/SYS202100/GetList | IP=::1 | Start=2026-05-18 09:43:27.094 | Elapsed=6ms | Status=Completed
2026-05-18 09:43:29 | INF | CONTROLLER_EXEC | Acc= admin | IP=::1 | Path=SYS202100/GetDeptList | Message=GET /SYS202100/GetDeptList
2026-05-18 09:43:29 | INF | ACTION_TRACE | Acc=admin | Path=/SYS202100/GetDeptList | IP=::1 | Start=2026-05-18 09:43:29.747 | Elapsed=2ms | Status=Completed
2026-05-18 09:48:37 | WRN | No store type was specified for the decimal property 'OveMoney' on entity type 'HROvertime'. This will cause values to be silently truncated if they do not fit in the default precision and scale. Explicitly specify the SQL server column type that can accommodate all the values in 'OnModelCreating' using 'HasColumnType', specify precision and scale using 'HasPrecision', or configure a value converter using 'HasConversion'.
2026-05-18 09:48:37 | WRN | No store type was specified for the decimal property 'Wag1D1Hour' on entity type 'HRWage'. This will cause values to be silently truncated if they do not fit in the default precision and scale. Explicitly specify the SQL server column type that can accommodate all the values in 'OnModelCreating' using 'HasColumnType', specify precision and scale using 'HasPrecision', or configure a value converter using 'HasConversion'.
2026-05-18 09:48:37 | WRN | No store type was specified for the decimal property 'Wag2D1Hour' on entity type 'HRWage'. This will cause values to be silently truncated if they do not fit in the default precision and scale. Explicitly specify the SQL server column type that can accommodate all the values in 'OnModelCreating' using 'HasColumnType', specify precision and scale using 'HasPrecision', or configure a value converter using 'HasConversion'.
2026-05-18 09:48:37 | WRN | No store type was specified for the decimal property 'Wag4D3Hour' on entity type 'HRWage'. This will cause values to be silently truncated if they do not fit in the default precision and scale. Explicitly specify the SQL server column type that can accommodate all the values in 'OnModelCreating' using 'HasColumnType', specify precision and scale using 'HasPrecision', or configure a value converter using 'HasConversion'.
2026-05-18 09:48:37 | WRN | No store type was specified for the decimal property 'Wag5D3Hour' on entity type 'HRWage'. This will cause values to be silently truncated if they do not fit in the default precision and scale. Explicitly specify the SQL server column type that can accommodate all the values in 'OnModelCreating' using 'HasColumnType', specify precision and scale using 'HasPrecision', or configure a value converter using 'HasConversion'.
2026-05-18 09:48:37 | WRN | No store type was specified for the decimal property 'Wag8D3Hour' on entity type 'HRWage'. This will cause values to be silently truncated if they do not fit in the default precision and scale. Explicitly specify the SQL server column type that can accommodate all the values in 'OnModelCreating' using 'HasColumnType', specify precision and scale using 'HasPrecision', or configure a value converter using 'HasConversion'.
2026-05-18 09:48:37 | WRN | No store type was specified for the decimal property 'WagApplyHour' on entity type 'HRWage'. This will cause values to be silently truncated if they do not fit in the default precision and scale. Explicitly specify the SQL server column type that can accommodate all the values in 'OnModelCreating' using 'HasColumnType', specify precision and scale using 'HasPrecision', or configure a value converter using 'HasConversion'.
2026-05-18 09:48:37 | WRN | No store type was specified for the decimal property 'WagIssueHour' on entity type 'HRWage'. This will cause values to be silently truncated if they do not fit in the default precision and scale. Explicitly specify the SQL server column type that can accommodate all the values in 'OnModelCreating' using 'HasColumnType', specify precision and scale using 'HasPrecision', or configure a value converter using 'HasConversion'.
2026-05-18 09:48:37 | WRN | No store type was specified for the decimal property 'WagSubtotal' on entity type 'HRWage'. This will cause values to be silently truncated if they do not fit in the default precision and scale. Explicitly specify the SQL server column type that can accommodate all the values in 'OnModelCreating' using 'HasColumnType', specify precision and scale using 'HasPrecision', or configure a value converter using 'HasConversion'.
2026-05-18 09:48:42 | WRN | The query uses the 'First'/'FirstOrDefault' operator without 'OrderBy' and filter operators. This may lead to unpredictable results.
2026-05-18 09:48:44 | INF | ACTION_TRACE | Acc=admin | Path=/ | IP=::1 | Start=2026-05-18 09:48:36.679 | Elapsed=7426ms | Status=Completed
2026-05-18 09:48:44 | INF | NETWORK_UNSTABLE | Acc=admin | Path=/ | Reason=SlowRequest 7426ms
2026-05-18 09:48:44 | INF | ACTION_TRACE | Acc=admin | Path=/Captcha/Generate | IP=::1 | Start=2026-05-18 09:48:44.326 | Elapsed=69ms | Status=Completed
2026-05-18 09:48:44 | INF | ACTION_TRACE | Acc=admin | Path=/DNTCaptchaImage/Show | IP=::1 | Start=2026-05-18 09:48:44.422 | Elapsed=126ms | Status=Completed
2026-05-18 09:49:35 | INF | ACTION_TRACE | Acc=admin | Path=/Account/Login | IP=::1 | Start=2026-05-18 09:49:25.669 | Elapsed=9654ms | Status=Completed
2026-05-18 09:49:35 | INF | NETWORK_UNSTABLE | Acc=admin | Path=/Account/Login | Reason=SlowRequest 9654ms
2026-05-18 09:49:35 | INF | ACTION_TRACE | Acc=admin | Path=/Home/Index | IP=::1 | Start=2026-05-18 09:49:35.336 | Elapsed=248ms | Status=Completed
2026-05-18 09:49:59 | INF | ACTION_TRACE | Acc=admin | Path=/Home/GetMenu | IP=::1 | Start=2026-05-18 09:49:59.456 | Elapsed=13ms | Status=Completed
2026-05-18 09:50:01 | INF | CONTROLLER_EXEC | Acc= admin | IP=::1 | Path=SYS202100/SYS202100 | Message=GET /SYS202100/SYS202100
2026-05-18 09:50:01 | INF | ACTION_TRACE | Acc=admin | Path=/SYS202100/SYS202100 | IP=::1 | Start=2026-05-18 09:50:01.496 | Elapsed=86ms | Status=Completed
2026-05-18 09:50:01 | INF | CONTROLLER_EXEC | Acc= admin | IP=::1 | Path=SYS202100/GetDepartmentOptions | Message=GET /SYS202100/GetDepartmentOptions
2026-05-18 09:50:01 | INF | ACTION_TRACE | Acc=admin | Path=/SYS202100/GetDepartmentOptions | IP=::1 | Start=2026-05-18 09:50:01.613 | Elapsed=52ms | Status=Completed
2026-05-18 09:50:01 | INF | CONTROLLER_EXEC | Acc= admin | IP=::1 | Path=SYS202100/GetList | Message=POST /SYS202100/GetList
2026-05-18 09:50:01 | INF | ACTION_TRACE | Acc=admin | Path=/SYS202100/GetList | IP=::1 | Start=2026-05-18 09:50:01.625 | Elapsed=77ms | Status=Completed
2026-05-18 09:50:01 | INF | CONTROLLER_EXEC | Acc= admin | IP=::1 | Path=SYS202100/GetList | Message=POST /SYS202100/GetList
2026-05-18 09:50:01 | INF | ACTION_TRACE | Acc=admin | Path=/SYS202100/GetList | IP=::1 | Start=2026-05-18 09:50:01.731 | Elapsed=15ms | Status=Completed
2026-05-18 09:50:02 | INF | CONTROLLER_EXEC | Acc= admin | IP=::1 | Path=SYS202100/GetList | Message=POST /SYS202100/GetList
2026-05-18 09:50:02 | INF | ACTION_TRACE | Acc=admin | Path=/SYS202100/GetList | IP=::1 | Start=2026-05-18 09:50:02.342 | Elapsed=7ms | Status=Completed
2026-05-18 09:50:04 | INF | CONTROLLER_EXEC | Acc= admin | IP=::1 | Path=SYS202100/GetDeptList | Message=GET /SYS202100/GetDeptList
2026-05-18 09:50:04 | INF | ACTION_TRACE | Acc=admin | Path=/SYS202100/GetDeptList | IP=::1 | Start=2026-05-18 09:50:04.597 | Elapsed=37ms | Status=Completed
2026-05-18 09:50:13 | INF | ACTION_TRACE | Acc=admin | Path=/Home/Index | IP=::1 | Start=2026-05-18 09:50:13.406 | Elapsed=30ms | Status=Completed
2026-05-18 09:50:14 | INF | ACTION_TRACE | Acc=admin | Path=/Home/GetMenu | IP=::1 | Start=2026-05-18 09:50:14.610 | Elapsed=10ms | Status=Completed
2026-05-18 09:50:16 | INF | ACTION_TRACE | Acc=admin | Path=/.well-known/appspecific/com.chrome.devtools.json | IP=::1 | Start=2026-05-18 09:50:16.882 | Elapsed=0ms | Status=Completed
2026-05-18 09:50:16 | INF | ACTION_TRACE | Acc=admin | Path=/lib/html-to-image/html-to-image.js.map | IP=::1 | Start=2026-05-18 09:50:16.930 | Elapsed=0ms | Status=Completed
2026-05-18 09:50:19 | INF | CONTROLLER_EXEC | Acc= admin | IP=::1 | Path=SYS202100/SYS202100 | Message=GET /SYS202100/SYS202100
2026-05-18 09:50:19 | INF | ACTION_TRACE | Acc=admin | Path=/SYS202100/SYS202100 | IP=::1 | Start=2026-05-18 09:50:19.207 | Elapsed=7ms | Status=Completed
2026-05-18 09:50:19 | INF | CONTROLLER_EXEC | Acc= admin | IP=::1 | Path=SYS202100/GetDepartmentOptions | Message=GET /SYS202100/GetDepartmentOptions
2026-05-18 09:50:19 | INF | ACTION_TRACE | Acc=admin | Path=/SYS202100/GetDepartmentOptions | IP=::1 | Start=2026-05-18 09:50:19.301 | Elapsed=13ms | Status=Completed
2026-05-18 09:50:19 | INF | CONTROLLER_EXEC | Acc= admin | IP=::1 | Path=SYS202100/GetList | Message=POST /SYS202100/GetList
2026-05-18 09:50:19 | INF | ACTION_TRACE | Acc=admin | Path=/SYS202100/GetList | IP=::1 | Start=2026-05-18 09:50:19.328 | Elapsed=10ms | Status=Completed
2026-05-18 09:50:19 | INF | CONTROLLER_EXEC | Acc= admin | IP=::1 | Path=SYS202100/GetList | Message=POST /SYS202100/GetList
2026-05-18 09:50:19 | INF | ACTION_TRACE | Acc=admin | Path=/SYS202100/GetList | IP=::1 | Start=2026-05-18 09:50:19.368 | Elapsed=10ms | Status=Completed
2026-05-18 09:50:21 | INF | CONTROLLER_EXEC | Acc= admin | IP=::1 | Path=SYS202100/GetDeptList | Message=GET /SYS202100/GetDeptList
2026-05-18 09:50:21 | INF | ACTION_TRACE | Acc=admin | Path=/SYS202100/GetDeptList | IP=::1 | Start=2026-05-18 09:50:21.917 | Elapsed=4ms | Status=Completed
2026-05-18 09:50:24 | INF | ACTION_TRACE | Acc=admin | Path=/Home/Index | IP=::1 | Start=2026-05-18 09:50:24.231 | Elapsed=20ms | Status=Completed
2026-05-18 09:50:24 | INF | ACTION_TRACE | Acc=admin | Path=/.well-known/appspecific/com.chrome.devtools.json | IP=::1 | Start=2026-05-18 09:50:24.397 | Elapsed=0ms | Status=Completed
2026-05-18 09:50:24 | INF | ACTION_TRACE | Acc=admin | Path=/lib/html-to-image/html-to-image.js.map | IP=::1 | Start=2026-05-18 09:50:24.529 | Elapsed=0ms | Status=Completed
2026-05-18 09:50:27 | INF | ACTION_TRACE | Acc=admin | Path=/Home/GetMenu | IP=::1 | Start=2026-05-18 09:50:27.016 | Elapsed=10ms | Status=Completed
2026-05-18 09:50:28 | INF | CONTROLLER_EXEC | Acc= admin | IP=::1 | Path=SYS202100/SYS202100 | Message=GET /SYS202100/SYS202100
2026-05-18 09:50:28 | INF | ACTION_TRACE | Acc=admin | Path=/SYS202100/SYS202100 | IP=::1 | Start=2026-05-18 09:50:28.588 | Elapsed=8ms | Status=Completed
2026-05-18 09:50:28 | INF | CONTROLLER_EXEC | Acc= admin | IP=::1 | Path=SYS202100/GetDepartmentOptions | Message=GET /SYS202100/GetDepartmentOptions
2026-05-18 09:50:28 | INF | ACTION_TRACE | Acc=admin | Path=/SYS202100/GetDepartmentOptions | IP=::1 | Start=2026-05-18 09:50:28.621 | Elapsed=7ms | Status=Completed
2026-05-18 09:50:28 | INF | CONTROLLER_EXEC | Acc= admin | IP=::1 | Path=SYS202100/GetList | Message=POST /SYS202100/GetList
2026-05-18 09:50:28 | INF | ACTION_TRACE | Acc=admin | Path=/SYS202100/GetList | IP=::1 | Start=2026-05-18 09:50:28.652 | Elapsed=9ms | Status=Completed
2026-05-18 09:50:28 | INF | CONTROLLER_EXEC | Acc= admin | IP=::1 | Path=SYS202100/GetList | Message=POST /SYS202100/GetList
2026-05-18 09:50:28 | INF | ACTION_TRACE | Acc=admin | Path=/SYS202100/GetList | IP=::1 | Start=2026-05-18 09:50:28.696 | Elapsed=12ms | Status=Completed
2026-05-18 09:50:30 | INF | CONTROLLER_EXEC | Acc= admin | IP=::1 | Path=SYS202100/GetDeptList | Message=GET /SYS202100/GetDeptList
2026-05-18 09:50:30 | INF | ACTION_TRACE | Acc=admin | Path=/SYS202100/GetDeptList | IP=::1 | Start=2026-05-18 09:50:30.366 | Elapsed=3ms | Status=Completed
2026-05-18 09:51:08 | INF | CONTROLLER_EXEC | Acc= admin | IP=::1 | Path=SYS202100/GetList | Message=POST /SYS202100/GetList
2026-05-18 09:51:08 | INF | ACTION_TRACE | Acc=admin | Path=/SYS202100/GetList | IP=::1 | Start=2026-05-18 09:51:08.086 | Elapsed=7ms | Status=Completed
2026-05-18 09:51:24 | INF | ACTION_TRACE | Acc=admin | Path=/Home/Index | IP=::1 | Start=2026-05-18 09:51:24.652 | Elapsed=46ms | Status=Completed
2026-05-18 09:51:25 | INF | ACTION_TRACE | Acc=admin | Path=/Home/GetMenu | IP=::1 | Start=2026-05-18 09:51:25.940 | Elapsed=17ms | Status=Completed
2026-05-18 09:51:28 | INF | CONTROLLER_EXEC | Acc= admin | IP=::1 | Path=SYS202100/SYS202100 | Message=GET /SYS202100/SYS202100
2026-05-18 09:51:28 | INF | ACTION_TRACE | Acc=admin | Path=/SYS202100/SYS202100 | IP=::1 | Start=2026-05-18 09:51:28.294 | Elapsed=51ms | Status=Completed
2026-05-18 09:51:28 | INF | CONTROLLER_EXEC | Acc= admin | IP=::1 | Path=SYS202100/GetDepartmentOptions | Message=GET /SYS202100/GetDepartmentOptions
2026-05-18 09:51:28 | INF | ACTION_TRACE | Acc=admin | Path=/SYS202100/GetDepartmentOptions | IP=::1 | Start=2026-05-18 09:51:28.364 | Elapsed=15ms | Status=Completed
2026-05-18 09:51:28 | INF | CONTROLLER_EXEC | Acc= admin | IP=::1 | Path=SYS202100/GetList | Message=POST /SYS202100/GetList
2026-05-18 09:51:28 | INF | ACTION_TRACE | Acc=admin | Path=/SYS202100/GetList | IP=::1 | Start=2026-05-18 09:51:28.375 | Elapsed=21ms | Status=Completed
2026-05-18 09:51:28 | INF | CONTROLLER_EXEC | Acc= admin | IP=::1 | Path=SYS202100/GetList | Message=POST /SYS202100/GetList
2026-05-18 09:51:28 | INF | ACTION_TRACE | Acc=admin | Path=/SYS202100/GetList | IP=::1 | Start=2026-05-18 09:51:28.422 | Elapsed=3ms | Status=Completed
2026-05-18 09:51:29 | INF | CONTROLLER_EXEC | Acc= admin | IP=::1 | Path=SYS202100/GetDeptList | Message=GET /SYS202100/GetDeptList
2026-05-18 09:51:29 | INF | ACTION_TRACE | Acc=admin | Path=/SYS202100/GetDeptList | IP=::1 | Start=2026-05-18 09:51:29.863 | Elapsed=16ms | Status=Completed
2026-05-18 09:53:48 | INF | ACTION_TRACE | Acc=admin | Path=/Home/Index | IP=::1 | Start=2026-05-18 09:53:48.737 | Elapsed=47ms | Status=Completed
2026-05-18 09:54:14 | INF | ACTION_TRACE | Acc=admin | Path=/Home/Index | IP=::1 | Start=2026-05-18 09:54:13.981 | Elapsed=47ms | Status=Completed
2026-05-18 09:54:18 | INF | ACTION_TRACE | Acc=admin | Path=/Home/GetMenu | IP=::1 | Start=2026-05-18 09:54:18.766 | Elapsed=8ms | Status=Completed
2026-05-18 09:54:21 | INF | CONTROLLER_EXEC | Acc= admin | IP=::1 | Path=SYS202100/SYS202100 | Message=GET /SYS202100/SYS202100
2026-05-18 09:54:21 | INF | ACTION_TRACE | Acc=admin | Path=/SYS202100/SYS202100 | IP=::1 | Start=2026-05-18 09:54:21.547 | Elapsed=47ms | Status=Completed
2026-05-18 09:54:21 | INF | CONTROLLER_EXEC | Acc= admin | IP=::1 | Path=SYS202100/GetDepartmentOptions | Message=GET /SYS202100/GetDepartmentOptions
2026-05-18 09:54:21 | INF | ACTION_TRACE | Acc=admin | Path=/SYS202100/GetDepartmentOptions | IP=::1 | Start=2026-05-18 09:54:21.640 | Elapsed=12ms | Status=Completed
2026-05-18 09:54:21 | INF | CONTROLLER_EXEC | Acc= admin | IP=::1 | Path=SYS202100/GetList | Message=POST /SYS202100/GetList
2026-05-18 09:54:21 | INF | ACTION_TRACE | Acc=admin | Path=/SYS202100/GetList | IP=::1 | Start=2026-05-18 09:54:21.669 | Elapsed=19ms | Status=Completed
2026-05-18 09:54:21 | INF | CONTROLLER_EXEC | Acc= admin | IP=::1 | Path=SYS202100/GetList | Message=POST /SYS202100/GetList
2026-05-18 09:54:21 | INF | ACTION_TRACE | Acc=admin | Path=/SYS202100/GetList | IP=::1 | Start=2026-05-18 09:54:21.728 | Elapsed=7ms | Status=Completed
2026-05-18 09:54:23 | INF | CONTROLLER_EXEC | Acc= admin | IP=::1 | Path=SYS202100/GetByVariable | Message=GET /SYS202100/GetByVariable
2026-05-18 09:54:23 | INF | ACTION_TRACE | Acc=admin | Path=/SYS202100/GetByVariable | IP=::1 | Start=2026-05-18 09:54:23.675 | Elapsed=28ms | Status=Completed
2026-05-18 09:54:24 | INF | CONTROLLER_EXEC | Acc= admin | IP=::1 | Path=SYS202100/GetList | Message=POST /SYS202100/GetList
2026-05-18 09:54:24 | INF | ACTION_TRACE | Acc=admin | Path=/SYS202100/GetList | IP=::1 | Start=2026-05-18 09:54:24.881 | Elapsed=32ms | Status=Completed
2026-05-18 09:54:24 | INF | CONTROLLER_EXEC | Acc= admin | IP=::1 | Path=SYS202100/GetList | Message=POST /SYS202100/GetList
2026-05-18 09:54:24 | INF | ACTION_TRACE | Acc=admin | Path=/SYS202100/GetList | IP=::1 | Start=2026-05-18 09:54:24.884 | Elapsed=64ms | Status=Completed
2026-05-18 09:54:25 | INF | CONTROLLER_EXEC | Acc= admin | IP=::1 | Path=SYS202100/GetDeptList | Message=GET /SYS202100/GetDeptList
2026-05-18 09:54:25 | INF | ACTION_TRACE | Acc=admin | Path=/SYS202100/GetDeptList | IP=::1 | Start=2026-05-18 09:54:25.648 | Elapsed=12ms | Status=Completed
2026-05-18 09:54:27 | INF | CONTROLLER_EXEC | Acc= admin | IP=::1 | Path=SYS202100/GetList | Message=POST /SYS202100/GetList
2026-05-18 09:54:27 | INF | ACTION_TRACE | Acc=admin | Path=/SYS202100/GetList | IP=::1 | Start=2026-05-18 09:54:27.123 | Elapsed=9ms | Status=Completed
2026-05-18 09:54:30 | INF | CONTROLLER_EXEC | Acc= admin | IP=::1 | Path=SYS202100/GetList | Message=POST /SYS202100/GetList
2026-05-18 09:54:30 | INF | ACTION_TRACE | Acc=admin | Path=/SYS202100/GetList | IP=::1 | Start=2026-05-18 09:54:30.202 | Elapsed=15ms | Status=Completed
2026-05-18 09:56:08 | INF | ACTION_TRACE | Acc=admin | Path=/Home/Index | IP=::1 | Start=2026-05-18 09:56:07.992 | Elapsed=51ms | Status=Completed
2026-05-18 09:56:09 | INF | ACTION_TRACE | Acc=admin | Path=/Home/GetMenu | IP=::1 | Start=2026-05-18 09:56:09.265 | Elapsed=10ms | Status=Completed
2026-05-18 09:56:12 | INF | CONTROLLER_EXEC | Acc= admin | IP=::1 | Path=SYS202100/SYS202100 | Message=GET /SYS202100/SYS202100
2026-05-18 09:56:12 | INF | ACTION_TRACE | Acc=admin | Path=/SYS202100/SYS202100 | IP=::1 | Start=2026-05-18 09:56:12.434 | Elapsed=44ms | Status=Completed
2026-05-18 09:56:12 | INF | CONTROLLER_EXEC | Acc= admin | IP=::1 | Path=SYS202100/GetDepartmentOptions | Message=GET /SYS202100/GetDepartmentOptions
2026-05-18 09:56:12 | INF | ACTION_TRACE | Acc=admin | Path=/SYS202100/GetDepartmentOptions | IP=::1 | Start=2026-05-18 09:56:12.505 | Elapsed=15ms | Status=Completed
2026-05-18 09:56:12 | INF | CONTROLLER_EXEC | Acc= admin | IP=::1 | Path=SYS202100/GetList | Message=POST /SYS202100/GetList
2026-05-18 09:56:12 | INF | ACTION_TRACE | Acc=admin | Path=/SYS202100/GetList | IP=::1 | Start=2026-05-18 09:56:12.526 | Elapsed=21ms | Status=Completed
2026-05-18 09:56:12 | INF | CONTROLLER_EXEC | Acc= admin | IP=::1 | Path=SYS202100/GetList | Message=POST /SYS202100/GetList
2026-05-18 09:56:12 | INF | ACTION_TRACE | Acc=admin | Path=/SYS202100/GetList | IP=::1 | Start=2026-05-18 09:56:12.564 | Elapsed=12ms | Status=Completed
2026-05-18 09:56:14 | INF | CONTROLLER_EXEC | Acc= admin | IP=::1 | Path=SYS202100/GetByVariable | Message=GET /SYS202100/GetByVariable
2026-05-18 09:56:14 | INF | ACTION_TRACE | Acc=admin | Path=/SYS202100/GetByVariable | IP=::1 | Start=2026-05-18 09:56:14.439 | Elapsed=10ms | Status=Completed
2026-05-18 09:56:15 | INF | CONTROLLER_EXEC | Acc= admin | IP=::1 | Path=SYS202100/GetList | Message=POST /SYS202100/GetList
2026-05-18 09:56:15 | INF | ACTION_TRACE | Acc=admin | Path=/SYS202100/GetList | IP=::1 | Start=2026-05-18 09:56:15.660 | Elapsed=45ms | Status=Completed
2026-05-18 09:56:15 | INF | CONTROLLER_EXEC | Acc= admin | IP=::1 | Path=SYS202100/GetList | Message=POST /SYS202100/GetList
2026-05-18 09:56:15 | INF | ACTION_TRACE | Acc=admin | Path=/SYS202100/GetList | IP=::1 | Start=2026-05-18 09:56:15.662 | Elapsed=46ms | Status=Completed
2026-05-18 09:56:16 | INF | CONTROLLER_EXEC | Acc= admin | IP=::1 | Path=SYS202100/GetDeptList | Message=GET /SYS202100/GetDeptList
2026-05-18 09:56:16 | INF | ACTION_TRACE | Acc=admin | Path=/SYS202100/GetDeptList | IP=::1 | Start=2026-05-18 09:56:16.123 | Elapsed=11ms | Status=Completed
2026-05-18 09:56:18 | INF | CONTROLLER_EXEC | Acc= admin | IP=::1 | Path=SYS202100/GetList | Message=POST /SYS202100/GetList
2026-05-18 09:56:18 | INF | ACTION_TRACE | Acc=admin | Path=/SYS202100/GetList | IP=::1 | Start=2026-05-18 09:56:18.142 | Elapsed=3ms | Status=Completed
2026-05-18 09:56:20 | INF | CONTROLLER_EXEC | Acc= admin | IP=::1 | Path=SYS202100/GetList | Message=POST /SYS202100/GetList
2026-05-18 09:56:20 | INF | ACTION_TRACE | Acc=admin | Path=/SYS202100/GetList | IP=::1 | Start=2026-05-18 09:56:20.195 | Elapsed=8ms | Status=Completed
2026-05-18 09:58:24 | WRN | No store type was specified for the decimal property 'OveMoney' on entity type 'HROvertime'. This will cause values to be silently truncated if they do not fit in the default precision and scale. Explicitly specify the SQL server column type that can accommodate all the values in 'OnModelCreating' using 'HasColumnType', specify precision and scale using 'HasPrecision', or configure a value converter using 'HasConversion'.
2026-05-18 09:58:24 | WRN | No store type was specified for the decimal property 'Wag1D1Hour' on entity type 'HRWage'. This will cause values to be silently truncated if they do not fit in the default precision and scale. Explicitly specify the SQL server column type that can accommodate all the values in 'OnModelCreating' using 'HasColumnType', specify precision and scale using 'HasPrecision', or configure a value converter using 'HasConversion'.
2026-05-18 09:58:24 | WRN | No store type was specified for the decimal property 'Wag2D1Hour' on entity type 'HRWage'. This will cause values to be silently truncated if they do not fit in the default precision and scale. Explicitly specify the SQL server column type that can accommodate all the values in 'OnModelCreating' using 'HasColumnType', specify precision and scale using 'HasPrecision', or configure a value converter using 'HasConversion'.
2026-05-18 09:58:24 | WRN | No store type was specified for the decimal property 'Wag4D3Hour' on entity type 'HRWage'. This will cause values to be silently truncated if they do not fit in the default precision and scale. Explicitly specify the SQL server column type that can accommodate all the values in 'OnModelCreating' using 'HasColumnType', specify precision and scale using 'HasPrecision', or configure a value converter using 'HasConversion'.
2026-05-18 09:58:24 | WRN | No store type was specified for the decimal property 'Wag5D3Hour' on entity type 'HRWage'. This will cause values to be silently truncated if they do not fit in the default precision and scale. Explicitly specify the SQL server column type that can accommodate all the values in 'OnModelCreating' using 'HasColumnType', specify precision and scale using 'HasPrecision', or configure a value converter using 'HasConversion'.
2026-05-18 09:58:24 | WRN | No store type was specified for the decimal property 'Wag8D3Hour' on entity type 'HRWage'. This will cause values to be silently truncated if they do not fit in the default precision and scale. Explicitly specify the SQL server column type that can accommodate all the values in 'OnModelCreating' using 'HasColumnType', specify precision and scale using 'HasPrecision', or configure a value converter using 'HasConversion'.
2026-05-18 09:58:24 | WRN | No store type was specified for the decimal property 'WagApplyHour' on entity type 'HRWage'. This will cause values to be silently truncated if they do not fit in the default precision and scale. Explicitly specify the SQL server column type that can accommodate all the values in 'OnModelCreating' using 'HasColumnType', specify precision and scale using 'HasPrecision', or configure a value converter using 'HasConversion'.
2026-05-18 09:58:24 | WRN | No store type was specified for the decimal property 'WagIssueHour' on entity type 'HRWage'. This will cause values to be silently truncated if they do not fit in the default precision and scale. Explicitly specify the SQL server column type that can accommodate all the values in 'OnModelCreating' using 'HasColumnType', specify precision and scale using 'HasPrecision', or configure a value converter using 'HasConversion'.
2026-05-18 09:58:24 | WRN | No store type was specified for the decimal property 'WagSubtotal' on entity type 'HRWage'. This will cause values to be silently truncated if they do not fit in the default precision and scale. Explicitly specify the SQL server column type that can accommodate all the values in 'OnModelCreating' using 'HasColumnType', specify precision and scale using 'HasPrecision', or configure a value converter using 'HasConversion'.
2026-05-18 09:58:30 | WRN | The query uses the 'First'/'FirstOrDefault' operator without 'OrderBy' and filter operators. This may lead to unpredictable results.
2026-05-18 09:58:31 | INF | ACTION_TRACE | Acc=admin | Path=/ | IP=::1 | Start=2026-05-18 09:58:23.927 | Elapsed=7314ms | Status=Completed
2026-05-18 09:58:31 | INF | NETWORK_UNSTABLE | Acc=admin | Path=/ | Reason=SlowRequest 7314ms
2026-05-18 09:58:31 | INF | ACTION_TRACE | Acc=admin | Path=/Captcha/Generate | IP=::1 | Start=2026-05-18 09:58:31.529 | Elapsed=48ms | Status=Completed
2026-05-18 09:58:31 | INF | ACTION_TRACE | Acc=admin | Path=/DNTCaptchaImage/Show | IP=::1 | Start=2026-05-18 09:58:31.591 | Elapsed=116ms | Status=Completed
2026-05-18 09:58:57 | INF | ACTION_TRACE | Acc=admin | Path=/Account/Login | IP=::1 | Start=2026-05-18 09:58:50.893 | Elapsed=6667ms | Status=Completed
2026-05-18 09:58:57 | INF | NETWORK_UNSTABLE | Acc=admin | Path=/Account/Login | Reason=SlowRequest 6667ms
2026-05-18 09:58:57 | INF | ACTION_TRACE | Acc=admin | Path=/Home/Index | IP=::1 | Start=2026-05-18 09:58:57.579 | Elapsed=288ms | Status=Completed
2026-05-18 10:00:23 | INF | ACTION_TRACE | Acc=admin | Path=/Home/GetMenu | IP=::1 | Start=2026-05-18 10:00:23.003 | Elapsed=41ms | Status=Completed
2026-05-18 10:00:27 | INF | CONTROLLER_EXEC | Acc= admin | IP=::1 | Path=SYS202100/SYS202100 | Message=GET /SYS202100/SYS202100
2026-05-18 10:00:27 | INF | ACTION_TRACE | Acc=admin | Path=/SYS202100/SYS202100 | IP=::1 | Start=2026-05-18 10:00:27.038 | Elapsed=85ms | Status=Completed
2026-05-18 10:00:27 | INF | CONTROLLER_EXEC | Acc= admin | IP=::1 | Path=SYS202100/GetDepartmentOptions | Message=GET /SYS202100/GetDepartmentOptions
2026-05-18 10:00:27 | INF | ACTION_TRACE | Acc=admin | Path=/SYS202100/GetDepartmentOptions | IP=::1 | Start=2026-05-18 10:00:27.145 | Elapsed=87ms | Status=Completed
2026-05-18 10:00:27 | INF | CONTROLLER_EXEC | Acc= admin | IP=::1 | Path=SYS202100/GetList | Message=POST /SYS202100/GetList
2026-05-18 10:00:27 | INF | ACTION_TRACE | Acc=admin | Path=/SYS202100/GetList | IP=::1 | Start=2026-05-18 10:00:27.170 | Elapsed=92ms | Status=Completed
2026-05-18 10:00:27 | INF | CONTROLLER_EXEC | Acc= admin | IP=::1 | Path=SYS202100/GetList | Message=POST /SYS202100/GetList
2026-05-18 10:00:27 | INF | ACTION_TRACE | Acc=admin | Path=/SYS202100/GetList | IP=::1 | Start=2026-05-18 10:00:27.287 | Elapsed=10ms | Status=Completed
2026-05-18 10:00:28 | INF | CONTROLLER_EXEC | Acc= admin | IP=::1 | Path=SYS202100/GetDeptList | Message=GET /SYS202100/GetDeptList
2026-05-18 10:00:28 | INF | ACTION_TRACE | Acc=admin | Path=/SYS202100/GetDeptList | IP=::1 | Start=2026-05-18 10:00:28.888 | Elapsed=39ms | Status=Completed
2026-05-18 10:00:30 | INF | CONTROLLER_EXEC | Acc= admin | IP=::1 | Path=SYS202100/GetList | Message=POST /SYS202100/GetList
2026-05-18 10:00:30 | INF | ACTION_TRACE | Acc=admin | Path=/SYS202100/GetList | IP=::1 | Start=2026-05-18 10:00:30.790 | Elapsed=9ms | Status=Completed
2026-05-18 10:00:49 | INF | CONTROLLER_EXEC | Acc= admin | IP=::1 | Path=SYS202100/GetList | Message=POST /SYS202100/GetList
2026-05-18 10:00:49 | INF | ACTION_TRACE | Acc=admin | Path=/SYS202100/GetList | IP=::1 | Start=2026-05-18 10:00:49.384 | Elapsed=10ms | Status=Completed
2026-05-18 10:00:49 | INF | ACTION_TRACE | Acc=admin | Path=/.well-known/appspecific/com.chrome.devtools.json | IP=::1 | Start=2026-05-18 10:00:49.555 | Elapsed=0ms | Status=Completed
2026-05-18 10:00:49 | INF | ACTION_TRACE | Acc=admin | Path=/lib/html-to-image/html-to-image.js.map | IP=::1 | Start=2026-05-18 10:00:49.622 | Elapsed=0ms | Status=Completed
2026-05-18 10:01:16 | INF | ACTION_TRACE | Acc=admin | Path=/Home/Index | IP=::1 | Start=2026-05-18 10:01:16.517 | Elapsed=18ms | Status=Completed
2026-05-18 10:01:16 | INF | ACTION_TRACE | Acc=admin | Path=/.well-known/appspecific/com.chrome.devtools.json | IP=::1 | Start=2026-05-18 10:01:16.644 | Elapsed=0ms | Status=Completed
2026-05-18 10:01:16 | INF | ACTION_TRACE | Acc=admin | Path=/lib/html-to-image/html-to-image.js.map | IP=::1 | Start=2026-05-18 10:01:16.861 | Elapsed=0ms | Status=Completed
2026-05-18 10:01:18 | INF | ACTION_TRACE | Acc=admin | Path=/Home/GetMenu | IP=::1 | Start=2026-05-18 10:01:18.254 | Elapsed=14ms | Status=Completed
2026-05-18 10:01:19 | INF | CONTROLLER_EXEC | Acc= admin | IP=::1 | Path=SYS202100/SYS202100 | Message=GET /SYS202100/SYS202100
2026-05-18 10:01:19 | INF | ACTION_TRACE | Acc=admin | Path=/SYS202100/SYS202100 | IP=::1 | Start=2026-05-18 10:01:19.769 | Elapsed=11ms | Status=Completed
2026-05-18 10:01:27 | INF | ACTION_TRACE | Acc=admin | Path=/Home/Index | IP=::1 | Start=2026-05-18 10:01:27.306 | Elapsed=17ms | Status=Completed
2026-05-18 10:01:27 | INF | ACTION_TRACE | Acc=admin | Path=/.well-known/appspecific/com.chrome.devtools.json | IP=::1 | Start=2026-05-18 10:01:27.364 | Elapsed=0ms | Status=Completed
2026-05-18 10:01:27 | INF | ACTION_TRACE | Acc=admin | Path=/lib/html-to-image/html-to-image.js.map | IP=::1 | Start=2026-05-18 10:01:27.575 | Elapsed=0ms | Status=Completed
2026-05-18 10:01:29 | INF | ACTION_TRACE | Acc=admin | Path=/Home/GetMenu | IP=::1 | Start=2026-05-18 10:01:29.961 | Elapsed=14ms | Status=Completed
2026-05-18 10:01:31 | INF | CONTROLLER_EXEC | Acc= admin | IP=::1 | Path=SYS202100/SYS202100 | Message=GET /SYS202100/SYS202100
2026-05-18 10:01:31 | INF | ACTION_TRACE | Acc=admin | Path=/SYS202100/SYS202100 | IP=::1 | Start=2026-05-18 10:01:31.607 | Elapsed=5ms | Status=Completed
2026-05-18 10:01:31 | INF | CONTROLLER_EXEC | Acc= admin | IP=::1 | Path=SYS202100/GetDepartmentOptions | Message=GET /SYS202100/GetDepartmentOptions
2026-05-18 10:01:31 | INF | ACTION_TRACE | Acc=admin | Path=/SYS202100/GetDepartmentOptions | IP=::1 | Start=2026-05-18 10:01:31.712 | Elapsed=4ms | Status=Completed
2026-05-18 10:01:31 | INF | CONTROLLER_EXEC | Acc= admin | IP=::1 | Path=SYS202100/GetList | Message=POST /SYS202100/GetList
2026-05-18 10:01:31 | INF | ACTION_TRACE | Acc=admin | Path=/SYS202100/GetList | IP=::1 | Start=2026-05-18 10:01:31.748 | Elapsed=7ms | Status=Completed
2026-05-18 10:01:31 | INF | CONTROLLER_EXEC | Acc= admin | IP=::1 | Path=SYS202100/GetList | Message=POST /SYS202100/GetList
2026-05-18 10:01:31 | INF | ACTION_TRACE | Acc=admin | Path=/SYS202100/GetList | IP=::1 | Start=2026-05-18 10:01:31.818 | Elapsed=8ms | Status=Completed
2026-05-18 10:01:33 | INF | CONTROLLER_EXEC | Acc= admin | IP=::1 | Path=SYS202100/GetDeptList | Message=GET /SYS202100/GetDeptList
2026-05-18 10:01:33 | INF | ACTION_TRACE | Acc=admin | Path=/SYS202100/GetDeptList | IP=::1 | Start=2026-05-18 10:01:33.400 | Elapsed=2ms | Status=Completed
2026-05-18 10:01:35 | INF | CONTROLLER_EXEC | Acc= admin | IP=::1 | Path=SYS202100/GetList | Message=POST /SYS202100/GetList
2026-05-18 10:01:35 | INF | ACTION_TRACE | Acc=admin | Path=/SYS202100/GetList | IP=::1 | Start=2026-05-18 10:01:35.542 | Elapsed=4ms | Status=Completed
2026-05-18 10:01:36 | INF | CONTROLLER_EXEC | Acc= admin | IP=::1 | Path=SYS202100/GetList | Message=POST /SYS202100/GetList
2026-05-18 10:01:36 | INF | ACTION_TRACE | Acc=admin | Path=/SYS202100/GetList | IP=::1 | Start=2026-05-18 10:01:36.716 | Elapsed=8ms | Status=Completed
2026-05-18 10:01:36 | INF | ACTION_TRACE | Acc=admin | Path=/.well-known/appspecific/com.chrome.devtools.json | IP=::1 | Start=2026-05-18 10:01:36.944 | Elapsed=0ms | Status=Completed
2026-05-18 10:01:36 | INF | ACTION_TRACE | Acc=admin | Path=/lib/html-to-image/html-to-image.js.map | IP=::1 | Start=2026-05-18 10:01:36.957 | Elapsed=0ms | Status=Completed
2026-05-18 10:01:37 | INF | CONTROLLER_EXEC | Acc= admin | IP=::1 | Path=SYS202100/GetList | Message=POST /SYS202100/GetList
2026-05-18 10:01:37 | INF | ACTION_TRACE | Acc=admin | Path=/SYS202100/GetList | IP=::1 | Start=2026-05-18 10:01:36.995 | Elapsed=11ms | Status=Completed
2026-05-18 10:02:13 | INF | CONTROLLER_EXEC | Acc= admin | IP=::1 | Path=SYS202100/GetList | Message=POST /SYS202100/GetList
2026-05-18 10:02:13 | INF | ACTION_TRACE | Acc=admin | Path=/SYS202100/GetList | IP=::1 | Start=2026-05-18 10:02:13.314 | Elapsed=5ms | Status=Completed
2026-05-18 10:02:13 | INF | ACTION_TRACE | Acc=admin | Path=/.well-known/appspecific/com.chrome.devtools.json | IP=::1 | Start=2026-05-18 10:02:13.455 | Elapsed=0ms | Status=Completed
2026-05-18 10:02:13 | INF | ACTION_TRACE | Acc=admin | Path=/lib/html-to-image/html-to-image.js.map | IP=::1 | Start=2026-05-18 10:02:13.525 | Elapsed=0ms | Status=Completed
2026-05-18 10:02:36 | INF | ACTION_TRACE | Acc=admin | Path=/Home/Index | IP=::1 | Start=2026-05-18 10:02:36.419 | Elapsed=37ms | Status=Completed
2026-05-18 10:02:37 | INF | ACTION_TRACE | Acc=admin | Path=/.well-known/appspecific/com.chrome.devtools.json | IP=::1 | Start=2026-05-18 10:02:37.048 | Elapsed=0ms | Status=Completed
2026-05-18 10:02:37 | INF | ACTION_TRACE | Acc=admin | Path=/lib/html-to-image/html-to-image.js.map | IP=::1 | Start=2026-05-18 10:02:37.065 | Elapsed=0ms | Status=Completed
2026-05-18 10:02:37 | INF | ACTION_TRACE | Acc=admin | Path=/Home/GetMenu | IP=::1 | Start=2026-05-18 10:02:37.683 | Elapsed=11ms | Status=Completed
2026-05-18 10:02:38 | INF | CONTROLLER_EXEC | Acc= admin | IP=::1 | Path=SYS201001/SYS201001 | Message=GET /SYS201001/SYS201001
2026-05-18 10:02:38 | INF | ACTION_TRACE | Acc=admin | Path=/SYS201001/SYS201001 | IP=::1 | Start=2026-05-18 10:02:38.788 | Elapsed=204ms | Status=Completed
2026-05-18 10:02:39 | INF | CONTROLLER_EXEC | Acc= admin | IP=::1 | Path=SYS201001/GetAllAdmins | Message=POST /SYS201001/GetAllAdmins
2026-05-18 10:02:39 | INF | ACTION_TRACE | Acc=admin | Path=/SYS201001/GetAllAdmins | IP=::1 | Start=2026-05-18 10:02:39.195 | Elapsed=88ms | Status=Completed
2026-05-18 10:02:39 | INF | CONTROLLER_EXEC | Acc= admin | IP=::1 | Path=SYS201001/GetAllAdmins | Message=POST /SYS201001/GetAllAdmins
2026-05-18 10:02:39 | INF | ACTION_TRACE | Acc=admin | Path=/SYS201001/GetAllAdmins | IP=::1 | Start=2026-05-18 10:02:39.330 | Elapsed=12ms | Status=Completed
2026-05-18 10:02:44 | INF | CONTROLLER_EXEC | Acc= admin | IP=::1 | Path=SYS202100/SYS202100 | Message=GET /SYS202100/SYS202100
2026-05-18 10:02:44 | INF | ACTION_TRACE | Acc=admin | Path=/SYS202100/SYS202100 | IP=::1 | Start=2026-05-18 10:02:44.466 | Elapsed=5ms | Status=Completed
2026-05-18 10:02:44 | INF | CONTROLLER_EXEC | Acc= admin | IP=::1 | Path=SYS202100/GetDepartmentOptions | Message=GET /SYS202100/GetDepartmentOptions
2026-05-18 10:02:44 | INF | ACTION_TRACE | Acc=admin | Path=/SYS202100/GetDepartmentOptions | IP=::1 | Start=2026-05-18 10:02:44.671 | Elapsed=5ms | Status=Completed
2026-05-18 10:02:44 | INF | CONTROLLER_EXEC | Acc= admin | IP=::1 | Path=SYS202100/GetList | Message=POST /SYS202100/GetList
2026-05-18 10:02:44 | INF | ACTION_TRACE | Acc=admin | Path=/SYS202100/GetList | IP=::1 | Start=2026-05-18 10:02:44.681 | Elapsed=9ms | Status=Completed
2026-05-18 10:02:44 | INF | CONTROLLER_EXEC | Acc= admin | IP=::1 | Path=SYS202100/GetList | Message=POST /SYS202100/GetList
2026-05-18 10:02:44 | INF | ACTION_TRACE | Acc=admin | Path=/SYS202100/GetList | IP=::1 | Start=2026-05-18 10:02:44.714 | Elapsed=12ms | Status=Completed
2026-05-18 10:02:46 | INF | CONTROLLER_EXEC | Acc= admin | IP=::1 | Path=SYS202100/GetDeptList | Message=GET /SYS202100/GetDeptList
2026-05-18 10:02:46 | INF | ACTION_TRACE | Acc=admin | Path=/SYS202100/GetDeptList | IP=::1 | Start=2026-05-18 10:02:46.210 | Elapsed=4ms | Status=Completed
2026-05-18 10:03:25 | INF | CONTROLLER_EXEC | Acc= admin | IP=::1 | Path=SYS201002/SYS201002 | Message=GET /SYS201002/SYS201002
2026-05-18 10:03:25 | INF | ACTION_TRACE | Acc=admin | Path=/SYS201002/SYS201002 | IP=::1 | Start=2026-05-18 10:03:25.815 | Elapsed=47ms | Status=Completed
2026-05-18 10:03:26 | INF | ACTION_TRACE | Acc=admin | Path=/sm/6cf3a2be173716d0e4726c68ef6634f00cefa4e7428560c2debae6f24389d3c1.map | IP=::1 | Start=2026-05-18 10:03:26.004 | Elapsed=0ms | Status=Completed
2026-05-18 10:03:26 | INF | CONTROLLER_EXEC | Acc= admin | IP=::1 | Path=SYS201002/GetAllRoleList | Message=POST /SYS201002/GetAllRoleList
2026-05-18 10:03:26 | INF | ACTION_TRACE | Acc=admin | Path=/SYS201002/GetAllRoleList | IP=::1 | Start=2026-05-18 10:03:26.142 | Elapsed=62ms | Status=Completed
2026-05-18 10:03:27 | INF | CONTROLLER_EXEC | Acc= admin | IP=::1 | Path=SYS201002/GetRoleByNo | Message=GET /SYS201002/GetRoleByNo
2026-05-18 10:03:27 | INF | ACTION_TRACE | Acc=admin | Path=/SYS201002/GetRoleByNo | IP=::1 | Start=2026-05-18 10:03:27.794 | Elapsed=34ms | Status=Completed
2026-05-18 10:03:29 | INF | CONTROLLER_EXEC | Acc= admin | IP=::1 | Path=SYS201002/GetPeople | Message=POST /SYS201002/GetPeople
2026-05-18 10:03:29 | INF | ACTION_TRACE | Acc=admin | Path=/SYS201002/GetPeople | IP=::1 | Start=2026-05-18 10:03:29.340 | Elapsed=30ms | Status=Completed
2026-05-18 10:03:33 | INF | CONTROLLER_EXEC | Acc= admin | IP=::1 | Path=SYS202100/SYS202100 | Message=GET /SYS202100/SYS202100
2026-05-18 10:03:33 | INF | ACTION_TRACE | Acc=admin | Path=/SYS202100/SYS202100 | IP=::1 | Start=2026-05-18 10:03:33.187 | Elapsed=2ms | Status=Completed
2026-05-18 10:03:33 | INF | CONTROLLER_EXEC | Acc= admin | IP=::1 | Path=SYS202100/GetDepartmentOptions | Message=GET /SYS202100/GetDepartmentOptions
2026-05-18 10:03:33 | INF | ACTION_TRACE | Acc=admin | Path=/SYS202100/GetDepartmentOptions | IP=::1 | Start=2026-05-18 10:03:33.261 | Elapsed=9ms | Status=Completed
2026-05-18 10:03:33 | INF | CONTROLLER_EXEC | Acc= admin | IP=::1 | Path=SYS202100/GetList | Message=POST /SYS202100/GetList
2026-05-18 10:03:33 | INF | ACTION_TRACE | Acc=admin | Path=/SYS202100/GetList | IP=::1 | Start=2026-05-18 10:03:33.301 | Elapsed=7ms | Status=Completed
2026-05-18 10:03:33 | INF | CONTROLLER_EXEC | Acc= admin | IP=::1 | Path=SYS202100/GetList | Message=POST /SYS202100/GetList
2026-05-18 10:03:33 | INF | ACTION_TRACE | Acc=admin | Path=/SYS202100/GetList | IP=::1 | Start=2026-05-18 10:03:33.338 | Elapsed=4ms | Status=Completed
2026-05-18 10:03:36 | INF | CONTROLLER_EXEC | Acc= admin | IP=::1 | Path=SYS202100/GetByVariable | Message=GET /SYS202100/GetByVariable
2026-05-18 10:03:36 | INF | ACTION_TRACE | Acc=admin | Path=/SYS202100/GetByVariable | IP=::1 | Start=2026-05-18 10:03:36.015 | Elapsed=42ms | Status=Completed
2026-05-18 10:03:37 | INF | CONTROLLER_EXEC | Acc= admin | IP=::1 | Path=SYS202100/GetList | Message=POST /SYS202100/GetList
2026-05-18 10:03:37 | INF | ACTION_TRACE | Acc=admin | Path=/SYS202100/GetList | IP=::1 | Start=2026-05-18 10:03:37.843 | Elapsed=14ms | Status=Completed
2026-05-18 10:03:37 | INF | CONTROLLER_EXEC | Acc= admin | IP=::1 | Path=SYS202100/GetList | Message=POST /SYS202100/GetList
2026-05-18 10:03:37 | INF | ACTION_TRACE | Acc=admin | Path=/SYS202100/GetList | IP=::1 | Start=2026-05-18 10:03:37.857 | Elapsed=17ms | Status=Completed
2026-05-18 10:03:37 | INF | CONTROLLER_EXEC | Acc= admin | IP=::1 | Path=SYS202100/GetList | Message=POST /SYS202100/GetList
2026-05-18 10:03:37 | INF | ACTION_TRACE | Acc=admin | Path=/SYS202100/GetList | IP=::1 | Start=2026-05-18 10:03:37.875 | Elapsed=15ms | Status=Completed
2026-05-18 10:03:41 | INF | CONTROLLER_EXEC | Acc= admin | IP=::1 | Path=SYS202100/GetDeptList | Message=GET /SYS202100/GetDeptList
2026-05-18 10:03:41 | INF | ACTION_TRACE | Acc=admin | Path=/SYS202100/GetDeptList | IP=::1 | Start=2026-05-18 10:03:41.081 | Elapsed=7ms | Status=Completed
2026-05-18 10:03:42 | INF | CONTROLLER_EXEC | Acc= admin | IP=::1 | Path=SYS202100/GetList | Message=POST /SYS202100/GetList
2026-05-18 10:03:42 | INF | ACTION_TRACE | Acc=admin | Path=/SYS202100/GetList | IP=::1 | Start=2026-05-18 10:03:37.863 | Elapsed=4550ms | Status=Completed
2026-05-18 10:03:42 | INF | NETWORK_UNSTABLE | Acc=admin | Path=/SYS202100/GetList | Reason=SlowRequest 4550ms
2026-05-18 10:03:42 | INF | CONTROLLER_EXEC | Acc= admin | IP=::1 | Path=SYS202100/GetList | Message=POST /SYS202100/GetList
2026-05-18 10:03:42 | INF | ACTION_TRACE | Acc=admin | Path=/SYS202100/GetList | IP=::1 | Start=2026-05-18 10:03:37.847 | Elapsed=4567ms | Status=Completed
2026-05-18 10:03:42 | INF | NETWORK_UNSTABLE | Acc=admin | Path=/SYS202100/GetList | Reason=SlowRequest 4567ms
2026-05-18 10:03:46 | INF | CONTROLLER_EXEC | Acc= admin | IP=::1 | Path=SYS202100/GetList | Message=POST /SYS202100/GetList
2026-05-18 10:03:46 | INF | ACTION_TRACE | Acc=admin | Path=/SYS202100/GetList | IP=::1 | Start=2026-05-18 10:03:37.870 | Elapsed=9083ms | Status=Completed
2026-05-18 10:03:46 | INF | NETWORK_UNSTABLE | Acc=admin | Path=/SYS202100/GetList | Reason=SlowRequest 9083ms
2026-05-18 10:04:17 | INF | ACTION_TRACE | Acc=admin | Path=/Home/Index | IP=::1 | Start=2026-05-18 10:04:17.728 | Elapsed=112ms | Status=Completed
2026-05-18 10:04:17 | INF | ACTION_TRACE | Acc=admin | Path=/.well-known/appspecific/com.chrome.devtools.json | IP=::1 | Start=2026-05-18 10:04:17.944 | Elapsed=0ms | Status=Completed
2026-05-18 10:04:18 | INF | ACTION_TRACE | Acc=admin | Path=/lib/html-to-image/html-to-image.js.map | IP=::1 | Start=2026-05-18 10:04:18.209 | Elapsed=0ms | Status=Completed
2026-05-18 10:04:43 | INF | ACTION_TRACE | Acc=admin | Path=/Home/Index | IP=::1 | Start=2026-05-18 10:04:43.324 | Elapsed=98ms | Status=Completed
2026-05-18 10:04:43 | INF | ACTION_TRACE | Acc=admin | Path=/.well-known/appspecific/com.chrome.devtools.json | IP=::1 | Start=2026-05-18 10:04:43.493 | Elapsed=0ms | Status=Completed
2026-05-18 10:04:43 | INF | ACTION_TRACE | Acc=admin | Path=/lib/html-to-image/html-to-image.js.map | IP=::1 | Start=2026-05-18 10:04:43.663 | Elapsed=0ms | Status=Completed
2026-05-18 10:05:05 | INF | ACTION_TRACE | Acc=admin | Path=/Home/Index | IP=::1 | Start=2026-05-18 10:05:05.658 | Elapsed=17ms | Status=Completed
2026-05-18 10:05:05 | INF | ACTION_TRACE | Acc=admin | Path=/.well-known/appspecific/com.chrome.devtools.json | IP=::1 | Start=2026-05-18 10:05:05.738 | Elapsed=0ms | Status=Completed
2026-05-18 10:05:05 | INF | ACTION_TRACE | Acc=admin | Path=/lib/html-to-image/html-to-image.js.map | IP=::1 | Start=2026-05-18 10:05:05.916 | Elapsed=0ms | Status=Completed
2026-05-18 10:05:10 | INF | ACTION_TRACE | Acc=admin | Path=/Home/GetMenu | IP=::1 | Start=2026-05-18 10:05:10.818 | Elapsed=57ms | Status=Completed
2026-05-18 10:05:13 | INF | CONTROLLER_EXEC | Acc= admin | IP=::1 | Path=SYS202100/SYS202100 | Message=GET /SYS202100/SYS202100
2026-05-18 10:05:13 | INF | ACTION_TRACE | Acc=admin | Path=/SYS202100/SYS202100 | IP=::1 | Start=2026-05-18 10:05:13.070 | Elapsed=49ms | Status=Completed
2026-05-18 10:05:13 | INF | CONTROLLER_EXEC | Acc= admin | IP=::1 | Path=SYS202100/GetDepartmentOptions | Message=GET /SYS202100/GetDepartmentOptions
2026-05-18 10:05:13 | INF | ACTION_TRACE | Acc=admin | Path=/SYS202100/GetDepartmentOptions | IP=::1 | Start=2026-05-18 10:05:13.220 | Elapsed=16ms | Status=Completed
2026-05-18 10:05:13 | INF | CONTROLLER_EXEC | Acc= admin | IP=::1 | Path=SYS202100/GetList | Message=POST /SYS202100/GetList
2026-05-18 10:05:13 | INF | ACTION_TRACE | Acc=admin | Path=/SYS202100/GetList | IP=::1 | Start=2026-05-18 10:05:13.270 | Elapsed=22ms | Status=Completed
2026-05-18 10:05:13 | INF | CONTROLLER_EXEC | Acc= admin | IP=::1 | Path=SYS202100/GetList | Message=POST /SYS202100/GetList
2026-05-18 10:05:13 | INF | ACTION_TRACE | Acc=admin | Path=/SYS202100/GetList | IP=::1 | Start=2026-05-18 10:05:13.382 | Elapsed=8ms | Status=Completed
2026-05-18 10:05:14 | INF | CONTROLLER_EXEC | Acc= admin | IP=::1 | Path=SYS202100/GetDeptList | Message=GET /SYS202100/GetDeptList
2026-05-18 10:05:14 | INF | ACTION_TRACE | Acc=admin | Path=/SYS202100/GetDeptList | IP=::1 | Start=2026-05-18 10:05:14.747 | Elapsed=21ms | Status=Completed
2026-05-18 10:05:26 | INF | ACTION_TRACE | Acc=admin | Path=/Home/Index | IP=::1 | Start=2026-05-18 10:05:26.110 | Elapsed=20ms | Status=Completed
2026-05-18 10:05:26 | INF | ACTION_TRACE | Acc=admin | Path=/lib/html-to-image/html-to-image.js.map | IP=::1 | Start=2026-05-18 10:05:26.420 | Elapsed=0ms | Status=Completed
2026-05-18 10:05:27 | INF | ACTION_TRACE | Acc=admin | Path=/Home/GetMenu | IP=::1 | Start=2026-05-18 10:05:27.237 | Elapsed=13ms | Status=Completed
2026-05-18 10:05:29 | INF | CONTROLLER_EXEC | Acc= admin | IP=::1 | Path=SYS202100/SYS202100 | Message=GET /SYS202100/SYS202100
2026-05-18 10:05:29 | INF | ACTION_TRACE | Acc=admin | Path=/SYS202100/SYS202100 | IP=::1 | Start=2026-05-18 10:05:29.574 | Elapsed=5ms | Status=Completed
2026-05-18 10:05:29 | INF | CONTROLLER_EXEC | Acc= admin | IP=::1 | Path=SYS202100/GetDepartmentOptions | Message=GET /SYS202100/GetDepartmentOptions
2026-05-18 10:05:29 | INF | ACTION_TRACE | Acc=admin | Path=/SYS202100/GetDepartmentOptions | IP=::1 | Start=2026-05-18 10:05:29.707 | Elapsed=9ms | Status=Completed
2026-05-18 10:05:29 | INF | CONTROLLER_EXEC | Acc= admin | IP=::1 | Path=SYS202100/GetList | Message=POST /SYS202100/GetList
2026-05-18 10:05:29 | INF | ACTION_TRACE | Acc=admin | Path=/SYS202100/GetList | IP=::1 | Start=2026-05-18 10:05:29.773 | Elapsed=9ms | Status=Completed
2026-05-18 10:05:29 | INF | CONTROLLER_EXEC | Acc= admin | IP=::1 | Path=SYS202100/GetList | Message=POST /SYS202100/GetList
2026-05-18 10:05:29 | INF | ACTION_TRACE | Acc=admin | Path=/SYS202100/GetList | IP=::1 | Start=2026-05-18 10:05:29.816 | Elapsed=14ms | Status=Completed
2026-05-18 10:05:30 | INF | ACTION_TRACE | Acc=admin | Path=/.well-known/appspecific/com.chrome.devtools.json | IP=::1 | Start=2026-05-18 10:05:30.773 | Elapsed=0ms | Status=Completed
2026-05-18 10:05:31 | INF | CONTROLLER_EXEC | Acc= admin | IP=::1 | Path=SYS202100/GetDeptList | Message=GET /SYS202100/GetDeptList
2026-05-18 10:05:31 | INF | ACTION_TRACE | Acc=admin | Path=/SYS202100/GetDeptList | IP=::1 | Start=2026-05-18 10:05:31.472 | Elapsed=2ms | Status=Completed
2026-05-18 10:06:35 | INF | ACTION_TRACE | Acc=admin | Path=/Home/Index | IP=::1 | Start=2026-05-18 10:06:35.817 | Elapsed=24ms | Status=Completed
2026-05-18 10:06:35 | INF | ACTION_TRACE | Acc=admin | Path=/.well-known/appspecific/com.chrome.devtools.json | IP=::1 | Start=2026-05-18 10:06:35.924 | Elapsed=0ms | Status=Completed
2026-05-18 10:06:36 | INF | ACTION_TRACE | Acc=admin | Path=/lib/html-to-image/html-to-image.js.map | IP=::1 | Start=2026-05-18 10:06:36.133 | Elapsed=0ms | Status=Completed
2026-05-18 10:06:42 | INF | ACTION_TRACE | Acc=admin | Path=/Home/GetMenu | IP=::1 | Start=2026-05-18 10:06:42.700 | Elapsed=14ms | Status=Completed
2026-05-18 10:06:44 | INF | CONTROLLER_EXEC | Acc= admin | IP=::1 | Path=SYS202100/SYS202100 | Message=GET /SYS202100/SYS202100
2026-05-18 10:06:44 | INF | ACTION_TRACE | Acc=admin | Path=/SYS202100/SYS202100 | IP=::1 | Start=2026-05-18 10:06:44.087 | Elapsed=4ms | Status=Completed
2026-05-18 10:06:44 | INF | CONTROLLER_EXEC | Acc= admin | IP=::1 | Path=SYS202100/GetDepartmentOptions | Message=GET /SYS202100/GetDepartmentOptions
2026-05-18 10:06:44 | INF | ACTION_TRACE | Acc=admin | Path=/SYS202100/GetDepartmentOptions | IP=::1 | Start=2026-05-18 10:06:44.201 | Elapsed=4ms | Status=Completed
2026-05-18 10:06:44 | INF | CONTROLLER_EXEC | Acc= admin | IP=::1 | Path=SYS202100/GetList | Message=POST /SYS202100/GetList
2026-05-18 10:06:44 | INF | ACTION_TRACE | Acc=admin | Path=/SYS202100/GetList | IP=::1 | Start=2026-05-18 10:06:44.265 | Elapsed=6ms | Status=Completed
2026-05-18 10:06:44 | INF | CONTROLLER_EXEC | Acc= admin | IP=::1 | Path=SYS202100/GetList | Message=POST /SYS202100/GetList
2026-05-18 10:06:44 | INF | ACTION_TRACE | Acc=admin | Path=/SYS202100/GetList | IP=::1 | Start=2026-05-18 10:06:44.332 | Elapsed=4ms | Status=Completed
2026-05-18 10:06:45 | INF | CONTROLLER_EXEC | Acc= admin | IP=::1 | Path=SYS202100/GetDeptList | Message=GET /SYS202100/GetDeptList
2026-05-18 10:06:45 | INF | ACTION_TRACE | Acc=admin | Path=/SYS202100/GetDeptList | IP=::1 | Start=2026-05-18 10:06:45.471 | Elapsed=2ms | Status=Completed
2026-05-18 10:07:02 | INF | CONTROLLER_EXEC | Acc= admin | IP=::1 | Path=SYS202100/GetList | Message=POST /SYS202100/GetList
2026-05-18 10:07:02 | INF | ACTION_TRACE | Acc=admin | Path=/SYS202100/GetList | IP=::1 | Start=2026-05-18 10:07:02.832 | Elapsed=8ms | Status=Completed
2026-05-18 10:07:05 | INF | CONTROLLER_EXEC | Acc= admin | IP=::1 | Path=SYS202100/GetList | Message=POST /SYS202100/GetList
2026-05-18 10:07:05 | INF | ACTION_TRACE | Acc=admin | Path=/SYS202100/GetList | IP=::1 | Start=2026-05-18 10:07:05.292 | Elapsed=7ms | Status=Completed
2026-05-18 10:07:05 | INF | CONTROLLER_EXEC | Acc= admin | IP=::1 | Path=SYS202100/GetList | Message=POST /SYS202100/GetList
2026-05-18 10:07:05 | INF | ACTION_TRACE | Acc=admin | Path=/SYS202100/GetList | IP=::1 | Start=2026-05-18 10:07:05.331 | Elapsed=6ms | Status=Completed
2026-05-18 10:07:05 | INF | CONTROLLER_EXEC | Acc= admin | IP=::1 | Path=SYS202100/GetList | Message=POST /SYS202100/GetList
2026-05-18 10:07:05 | INF | ACTION_TRACE | Acc=admin | Path=/SYS202100/GetList | IP=::1 | Start=2026-05-18 10:07:05.447 | Elapsed=10ms | Status=Completed
2026-05-18 10:07:07 | INF | CONTROLLER_EXEC | Acc= admin | IP=::1 | Path=SYS202100/GetList | Message=POST /SYS202100/GetList
2026-05-18 10:07:07 | INF | ACTION_TRACE | Acc=admin | Path=/SYS202100/GetList | IP=::1 | Start=2026-05-18 10:07:07.651 | Elapsed=4ms | Status=Completed
2026-05-18 10:07:12 | INF | CONTROLLER_EXEC | Acc= admin | IP=::1 | Path=SYS201002/SYS201002 | Message=GET /SYS201002/SYS201002
2026-05-18 10:07:12 | INF | ACTION_TRACE | Acc=admin | Path=/SYS201002/SYS201002 | IP=::1 | Start=2026-05-18 10:07:12.075 | Elapsed=30ms | Status=Completed
2026-05-18 10:07:12 | INF | CONTROLLER_EXEC | Acc= admin | IP=::1 | Path=SYS201002/GetAllRoleList | Message=POST /SYS201002/GetAllRoleList
2026-05-18 10:07:12 | INF | ACTION_TRACE | Acc=admin | Path=/SYS201002/GetAllRoleList | IP=::1 | Start=2026-05-18 10:07:12.172 | Elapsed=16ms | Status=Completed
2026-05-18 10:07:13 | INF | CONTROLLER_EXEC | Acc= admin | IP=::1 | Path=SYS201002/GetPeople | Message=POST /SYS201002/GetPeople
2026-05-18 10:07:13 | INF | ACTION_TRACE | Acc=admin | Path=/SYS201002/GetPeople | IP=::1 | Start=2026-05-18 10:07:13.353 | Elapsed=16ms | Status=Completed
2026-05-18 10:07:14 | INF | CONTROLLER_EXEC | Acc= admin | IP=::1 | Path=SYS202100/GetList | Message=POST /SYS202100/GetList
2026-05-18 10:07:14 | INF | ACTION_TRACE | Acc=admin | Path=/SYS202100/GetList | IP=::1 | Start=2026-05-18 10:07:14.182 | Elapsed=4ms | Status=Completed
2026-05-18 10:07:18 | INF | CONTROLLER_EXEC | Acc= admin | IP=::1 | Path=SYS202100/GetList | Message=POST /SYS202100/GetList
2026-05-18 10:07:18 | INF | ACTION_TRACE | Acc=admin | Path=/SYS202100/GetList | IP=::1 | Start=2026-05-18 10:07:18.135 | Elapsed=4ms | Status=Completed
2026-05-18 10:07:20 | INF | CONTROLLER_EXEC | Acc= admin | IP=::1 | Path=SYS202100/SYS202100 | Message=GET /SYS202100/SYS202100
2026-05-18 10:07:20 | INF | ACTION_TRACE | Acc=admin | Path=/SYS202100/SYS202100 | IP=::1 | Start=2026-05-18 10:07:20.582 | Elapsed=4ms | Status=Completed
2026-05-18 10:07:20 | INF | CONTROLLER_EXEC | Acc= admin | IP=::1 | Path=SYS202100/GetDepartmentOptions | Message=GET /SYS202100/GetDepartmentOptions
2026-05-18 10:07:20 | INF | ACTION_TRACE | Acc=admin | Path=/SYS202100/GetDepartmentOptions | IP=::1 | Start=2026-05-18 10:07:20.601 | Elapsed=3ms | Status=Completed
2026-05-18 10:07:20 | INF | CONTROLLER_EXEC | Acc= admin | IP=::1 | Path=SYS202100/GetList | Message=POST /SYS202100/GetList
2026-05-18 10:07:20 | INF | ACTION_TRACE | Acc=admin | Path=/SYS202100/GetList | IP=::1 | Start=2026-05-18 10:07:20.613 | Elapsed=5ms | Status=Completed
2026-05-18 10:07:20 | INF | CONTROLLER_EXEC | Acc= admin | IP=::1 | Path=SYS202100/GetList | Message=POST /SYS202100/GetList
2026-05-18 10:07:20 | INF | ACTION_TRACE | Acc=admin | Path=/SYS202100/GetList | IP=::1 | Start=2026-05-18 10:07:20.634 | Elapsed=3ms | Status=Completed
2026-05-18 10:07:24 | INF | ACTION_TRACE | Acc=admin | Path=/Home/Index | IP=::1 | Start=2026-05-18 10:07:24.627 | Elapsed=39ms | Status=Completed
2026-05-18 10:08:48 | INF | ACTION_TRACE | Acc=admin | Path=/Home/Index | IP=::1 | Start=2026-05-18 10:08:48.784 | Elapsed=19ms | Status=Completed
2026-05-18 10:08:50 | INF | ACTION_TRACE | Acc=admin | Path=/Home/GetMenu | IP=::1 | Start=2026-05-18 10:08:50.805 | Elapsed=17ms | Status=Completed
2026-05-18 10:08:53 | INF | CONTROLLER_EXEC | Acc= admin | IP=::1 | Path=SYS202100/SYS202100 | Message=GET /SYS202100/SYS202100
2026-05-18 10:08:53 | INF | ACTION_TRACE | Acc=admin | Path=/SYS202100/SYS202100 | IP=::1 | Start=2026-05-18 10:08:53.035 | Elapsed=6ms | Status=Completed
2026-05-18 10:08:53 | INF | CONTROLLER_EXEC | Acc= admin | IP=::1 | Path=SYS202100/GetDepartmentOptions | Message=GET /SYS202100/GetDepartmentOptions
2026-05-18 10:08:53 | INF | ACTION_TRACE | Acc=admin | Path=/SYS202100/GetDepartmentOptions | IP=::1 | Start=2026-05-18 10:08:53.059 | Elapsed=2ms | Status=Completed
2026-05-18 10:08:53 | INF | CONTROLLER_EXEC | Acc= admin | IP=::1 | Path=SYS202100/GetList | Message=POST /SYS202100/GetList
2026-05-18 10:08:53 | INF | ACTION_TRACE | Acc=admin | Path=/SYS202100/GetList | IP=::1 | Start=2026-05-18 10:08:53.092 | Elapsed=3ms | Status=Completed
2026-05-18 10:08:53 | INF | CONTROLLER_EXEC | Acc= admin | IP=::1 | Path=SYS202100/GetList | Message=POST /SYS202100/GetList
2026-05-18 10:08:53 | INF | ACTION_TRACE | Acc=admin | Path=/SYS202100/GetList | IP=::1 | Start=2026-05-18 10:08:53.134 | Elapsed=5ms | Status=Completed
2026-05-18 10:08:54 | INF | CONTROLLER_EXEC | Acc= admin | IP=::1 | Path=SYS202100/GetList | Message=POST /SYS202100/GetList
2026-05-18 10:08:54 | INF | ACTION_TRACE | Acc=admin | Path=/SYS202100/GetList | IP=::1 | Start=2026-05-18 10:08:54.060 | Elapsed=5ms | Status=Completed
2026-05-18 10:08:55 | INF | CONTROLLER_EXEC | Acc= admin | IP=::1 | Path=SYS202100/GetList | Message=POST /SYS202100/GetList
2026-05-18 10:08:55 | INF | ACTION_TRACE | Acc=admin | Path=/SYS202100/GetList | IP=::1 | Start=2026-05-18 10:08:55.779 | Elapsed=4ms | Status=Completed
2026-05-18 10:08:55 | INF | ACTION_TRACE | Acc=admin | Path=/.well-known/appspecific/com.chrome.devtools.json | IP=::1 | Start=2026-05-18 10:08:55.980 | Elapsed=0ms | Status=Completed
2026-05-18 10:08:56 | INF | ACTION_TRACE | Acc=admin | Path=/lib/html-to-image/html-to-image.js.map | IP=::1 | Start=2026-05-18 10:08:56.111 | Elapsed=0ms | Status=Completed
2026-05-18 10:09:01 | INF | ACTION_TRACE | Acc=admin | Path=/Home/Index | IP=::1 | Start=2026-05-18 10:09:01.084 | Elapsed=14ms | Status=Completed
2026-05-18 10:09:01 | INF | ACTION_TRACE | Acc=admin | Path=/.well-known/appspecific/com.chrome.devtools.json | IP=::1 | Start=2026-05-18 10:09:01.216 | Elapsed=0ms | Status=Completed
2026-05-18 10:09:01 | INF | ACTION_TRACE | Acc=admin | Path=/lib/html-to-image/html-to-image.js.map | IP=::1 | Start=2026-05-18 10:09:01.345 | Elapsed=0ms | Status=Completed
2026-05-18 10:09:03 | INF | ACTION_TRACE | Acc=admin | Path=/Home/GetMenu | IP=::1 | Start=2026-05-18 10:09:03.835 | Elapsed=10ms | Status=Completed
2026-05-18 10:09:05 | INF | CONTROLLER_EXEC | Acc= admin | IP=::1 | Path=SYS202100/SYS202100 | Message=GET /SYS202100/SYS202100
2026-05-18 10:09:05 | INF | ACTION_TRACE | Acc=admin | Path=/SYS202100/SYS202100 | IP=::1 | Start=2026-05-18 10:09:05.410 | Elapsed=2ms | Status=Completed
2026-05-18 10:09:05 | INF | CONTROLLER_EXEC | Acc= admin | IP=::1 | Path=SYS202100/GetDepartmentOptions | Message=GET /SYS202100/GetDepartmentOptions
2026-05-18 10:09:05 | INF | ACTION_TRACE | Acc=admin | Path=/SYS202100/GetDepartmentOptions | IP=::1 | Start=2026-05-18 10:09:05.435 | Elapsed=6ms | Status=Completed
2026-05-18 10:09:05 | INF | CONTROLLER_EXEC | Acc= admin | IP=::1 | Path=SYS202100/GetList | Message=POST /SYS202100/GetList
2026-05-18 10:09:05 | INF | ACTION_TRACE | Acc=admin | Path=/SYS202100/GetList | IP=::1 | Start=2026-05-18 10:09:05.459 | Elapsed=5ms | Status=Completed
2026-05-18 10:09:05 | INF | CONTROLLER_EXEC | Acc= admin | IP=::1 | Path=SYS202100/GetList | Message=POST /SYS202100/GetList
2026-05-18 10:09:05 | INF | ACTION_TRACE | Acc=admin | Path=/SYS202100/GetList | IP=::1 | Start=2026-05-18 10:09:05.493 | Elapsed=4ms | Status=Completed
2026-05-18 10:09:06 | INF | CONTROLLER_EXEC | Acc= admin | IP=::1 | Path=SYS202100/GetDeptList | Message=GET /SYS202100/GetDeptList
2026-05-18 10:09:06 | INF | ACTION_TRACE | Acc=admin | Path=/SYS202100/GetDeptList | IP=::1 | Start=2026-05-18 10:09:06.793 | Elapsed=2ms | Status=Completed
2026-05-18 10:09:08 | INF | CONTROLLER_EXEC | Acc= admin | IP=::1 | Path=SYS202100/GetList | Message=POST /SYS202100/GetList
2026-05-18 10:09:08 | INF | ACTION_TRACE | Acc=admin | Path=/SYS202100/GetList | IP=::1 | Start=2026-05-18 10:09:08.288 | Elapsed=5ms | Status=Completed
2026-05-18 10:09:08 | INF | ACTION_TRACE | Acc=admin | Path=/.well-known/appspecific/com.chrome.devtools.json | IP=::1 | Start=2026-05-18 10:09:08.558 | Elapsed=0ms | Status=Completed
2026-05-18 10:09:08 | INF | ACTION_TRACE | Acc=admin | Path=/lib/html-to-image/html-to-image.js.map | IP=::1 | Start=2026-05-18 10:09:08.579 | Elapsed=0ms | Status=Completed
2026-05-18 10:09:10 | INF | CONTROLLER_EXEC | Acc= admin | IP=::1 | Path=SYS202100/GetList | Message=POST /SYS202100/GetList
2026-05-18 10:09:10 | INF | ACTION_TRACE | Acc=admin | Path=/SYS202100/GetList | IP=::1 | Start=2026-05-18 10:09:10.160 | Elapsed=6ms | Status=Completed
2026-05-18 10:09:37 | INF | CONTROLLER_EXEC | Acc= admin | IP=::1 | Path=SYS202100/GetList | Message=POST /SYS202100/GetList
2026-05-18 10:09:37 | INF | ACTION_TRACE | Acc=admin | Path=/SYS202100/GetList | IP=::1 | Start=2026-05-18 10:09:37.000 | Elapsed=10ms | Status=Completed
2026-05-18 10:09:39 | INF | CONTROLLER_EXEC | Acc= admin | IP=::1 | Path=SYS202100/GetList | Message=POST /SYS202100/GetList
2026-05-18 10:09:39 | INF | ACTION_TRACE | Acc=admin | Path=/SYS202100/GetList | IP=::1 | Start=2026-05-18 10:09:39.504 | Elapsed=7ms | Status=Completed
2026-05-18 10:09:49 | INF | CONTROLLER_EXEC | Acc= admin | IP=::1 | Path=SYS202100/GetList | Message=POST /SYS202100/GetList
2026-05-18 10:09:49 | INF | ACTION_TRACE | Acc=admin | Path=/SYS202100/GetList | IP=::1 | Start=2026-05-18 10:09:49.670 | Elapsed=5ms | Status=Completed
2026-05-18 10:09:54 | INF | CONTROLLER_EXEC | Acc= admin | IP=::1 | Path=SYS202100/GetList | Message=POST /SYS202100/GetList
2026-05-18 10:09:54 | INF | ACTION_TRACE | Acc=admin | Path=/SYS202100/GetList | IP=::1 | Start=2026-05-18 10:09:54.665 | Elapsed=8ms | Status=Completed
2026-05-18 10:09:55 | INF | CONTROLLER_EXEC | Acc= admin | IP=::1 | Path=SYS202100/GetList | Message=POST /SYS202100/GetList
2026-05-18 10:09:55 | INF | ACTION_TRACE | Acc=admin | Path=/SYS202100/GetList | IP=::1 | Start=2026-05-18 10:09:55.776 | Elapsed=6ms | Status=Completed
2026-05-18 10:10:50 | INF | CONTROLLER_EXEC | Acc= admin | IP=::1 | Path=SYS201002/SYS201002 | Message=GET /SYS201002/SYS201002
2026-05-18 10:10:50 | INF | ACTION_TRACE | Acc=admin | Path=/SYS201002/SYS201002 | IP=::1 | Start=2026-05-18 10:10:50.652 | Elapsed=9ms | Status=Completed
2026-05-18 10:10:50 | INF | CONTROLLER_EXEC | Acc= admin | IP=::1 | Path=SYS201002/GetAllRoleList | Message=POST /SYS201002/GetAllRoleList
2026-05-18 10:10:50 | INF | ACTION_TRACE | Acc=admin | Path=/SYS201002/GetAllRoleList | IP=::1 | Start=2026-05-18 10:10:50.713 | Elapsed=2ms | Status=Completed
2026-05-18 10:10:52 | INF | CONTROLLER_EXEC | Acc= admin | IP=::1 | Path=SYS201002/GetPeople | Message=POST /SYS201002/GetPeople
2026-05-18 10:10:52 | INF | ACTION_TRACE | Acc=admin | Path=/SYS201002/GetPeople | IP=::1 | Start=2026-05-18 10:10:52.197 | Elapsed=3ms | Status=Completed
2026-05-18 10:10:54 | INF | CONTROLLER_EXEC | Acc= admin | IP=::1 | Path=SYS202100/GetList | Message=POST /SYS202100/GetList
2026-05-18 10:10:54 | INF | ACTION_TRACE | Acc=admin | Path=/SYS202100/GetList | IP=::1 | Start=2026-05-18 10:10:54.742 | Elapsed=5ms | Status=Completed
2026-05-18 10:10:56 | INF | CONTROLLER_EXEC | Acc= admin | IP=::1 | Path=SYS202100/GetList | Message=POST /SYS202100/GetList
2026-05-18 10:10:56 | INF | ACTION_TRACE | Acc=admin | Path=/SYS202100/GetList | IP=::1 | Start=2026-05-18 10:10:56.078 | Elapsed=3ms | Status=Completed
2026-05-18 10:11:02 | INF | CONTROLLER_EXEC | Acc= admin | IP=::1 | Path=SYS202100/GetList | Message=POST /SYS202100/GetList
2026-05-18 10:11:02 | INF | ACTION_TRACE | Acc=admin | Path=/SYS202100/GetList | IP=::1 | Start=2026-05-18 10:11:02.096 | Elapsed=6ms | Status=Completed
2026-05-18 10:11:04 | INF | CONTROLLER_EXEC | Acc= admin | IP=::1 | Path=SYS202100/SYS202100 | Message=GET /SYS202100/SYS202100
2026-05-18 10:11:04 | INF | ACTION_TRACE | Acc=admin | Path=/SYS202100/SYS202100 | IP=::1 | Start=2026-05-18 10:11:04.689 | Elapsed=8ms | Status=Completed
2026-05-18 10:11:04 | INF | CONTROLLER_EXEC | Acc= admin | IP=::1 | Path=SYS202100/GetDepartmentOptions | Message=GET /SYS202100/GetDepartmentOptions
2026-05-18 10:11:04 | INF | ACTION_TRACE | Acc=admin | Path=/SYS202100/GetDepartmentOptions | IP=::1 | Start=2026-05-18 10:11:04.717 | Elapsed=5ms | Status=Completed
2026-05-18 10:11:04 | INF | CONTROLLER_EXEC | Acc= admin | IP=::1 | Path=SYS202100/GetList | Message=POST /SYS202100/GetList
2026-05-18 10:11:04 | INF | ACTION_TRACE | Acc=admin | Path=/SYS202100/GetList | IP=::1 | Start=2026-05-18 10:11:04.727 | Elapsed=9ms | Status=Completed
2026-05-18 10:11:04 | INF | CONTROLLER_EXEC | Acc= admin | IP=::1 | Path=SYS202100/GetList | Message=POST /SYS202100/GetList
2026-05-18 10:11:04 | INF | ACTION_TRACE | Acc=admin | Path=/SYS202100/GetList | IP=::1 | Start=2026-05-18 10:11:04.755 | Elapsed=6ms | Status=Completed
2026-05-18 10:11:06 | INF | CONTROLLER_EXEC | Acc= admin | IP=::1 | Path=SYS202100/GetByVariable | Message=GET /SYS202100/GetByVariable
2026-05-18 10:11:06 | INF | ACTION_TRACE | Acc=admin | Path=/SYS202100/GetByVariable | IP=::1 | Start=2026-05-18 10:11:06.748 | Elapsed=12ms | Status=Completed
2026-05-18 10:11:07 | INF | CONTROLLER_EXEC | Acc= admin | IP=::1 | Path=SYS202100/GetList | Message=POST /SYS202100/GetList
2026-05-18 10:11:07 | INF | ACTION_TRACE | Acc=admin | Path=/SYS202100/GetList | IP=::1 | Start=2026-05-18 10:11:07.313 | Elapsed=8ms | Status=Completed
2026-05-18 10:11:07 | INF | CONTROLLER_EXEC | Acc= admin | IP=::1 | Path=SYS202100/GetList | Message=POST /SYS202100/GetList
2026-05-18 10:11:07 | INF | ACTION_TRACE | Acc=admin | Path=/SYS202100/GetList | IP=::1 | Start=2026-05-18 10:11:07.320 | Elapsed=6ms | Status=Completed
2026-05-18 10:11:07 | INF | CONTROLLER_EXEC | Acc= admin | IP=::1 | Path=SYS202100/GetList | Message=POST /SYS202100/GetList
2026-05-18 10:11:07 | INF | ACTION_TRACE | Acc=admin | Path=/SYS202100/GetList | IP=::1 | Start=2026-05-18 10:11:07.331 | Elapsed=7ms | Status=Completed
2026-05-18 10:11:07 | INF | CONTROLLER_EXEC | Acc= admin | IP=::1 | Path=SYS202100/GetList | Message=POST /SYS202100/GetList
2026-05-18 10:11:07 | INF | ACTION_TRACE | Acc=admin | Path=/SYS202100/GetList | IP=::1 | Start=2026-05-18 10:11:07.339 | Elapsed=10ms | Status=Completed
2026-05-18 10:11:07 | INF | CONTROLLER_EXEC | Acc= admin | IP=::1 | Path=SYS202100/GetList | Message=POST /SYS202100/GetList
2026-05-18 10:11:07 | INF | ACTION_TRACE | Acc=admin | Path=/SYS202100/GetList | IP=::1 | Start=2026-05-18 10:11:07.350 | Elapsed=8ms | Status=Completed
2026-05-18 10:11:09 | INF | CONTROLLER_EXEC | Acc= admin | IP=::1 | Path=SYS202100/GetDeptList | Message=GET /SYS202100/GetDeptList
2026-05-18 10:11:09 | INF | ACTION_TRACE | Acc=admin | Path=/SYS202100/GetDeptList | IP=::1 | Start=2026-05-18 10:11:09.444 | Elapsed=2ms | Status=Completed
2026-05-18 10:11:10 | INF | CONTROLLER_EXEC | Acc= admin | IP=::1 | Path=SYS202100/GetList | Message=POST /SYS202100/GetList
2026-05-18 10:11:10 | INF | ACTION_TRACE | Acc=admin | Path=/SYS202100/GetList | IP=::1 | Start=2026-05-18 10:11:10.545 | Elapsed=19ms | Status=Completed
2026-05-18 10:11:11 | INF | CONTROLLER_EXEC | Acc= admin | IP=::1 | Path=SYS202100/GetList | Message=POST /SYS202100/GetList
2026-05-18 10:11:11 | INF | ACTION_TRACE | Acc=admin | Path=/SYS202100/GetList | IP=::1 | Start=2026-05-18 10:11:07.343 | Elapsed=4569ms | Status=Completed
2026-05-18 10:11:11 | INF | NETWORK_UNSTABLE | Acc=admin | Path=/SYS202100/GetList | Reason=SlowRequest 4569ms
2026-05-18 10:11:11 | INF | CONTROLLER_EXEC | Acc= admin | IP=::1 | Path=SYS202100/GetList | Message=POST /SYS202100/GetList
2026-05-18 10:11:11 | INF | ACTION_TRACE | Acc=admin | Path=/SYS202100/GetList | IP=::1 | Start=2026-05-18 10:11:10.551 | Elapsed=1362ms | Status=Completed
2026-05-18 10:12:34 | INF | ACTION_TRACE | Acc=admin | Path=/Home/Index | IP=::1 | Start=2026-05-18 10:12:34.444 | Elapsed=132ms | Status=Completed
2026-05-18 10:12:36 | INF | ACTION_TRACE | Acc=admin | Path=/Home/GetMenu | IP=::1 | Start=2026-05-18 10:12:36.522 | Elapsed=66ms | Status=Completed
2026-05-18 10:12:38 | INF | CONTROLLER_EXEC | Acc= admin | IP=::1 | Path=SYS202100/SYS202100 | Message=GET /SYS202100/SYS202100
2026-05-18 10:12:38 | INF | ACTION_TRACE | Acc=admin | Path=/SYS202100/SYS202100 | IP=::1 | Start=2026-05-18 10:12:38.473 | Elapsed=54ms | Status=Completed
2026-05-18 10:12:38 | INF | CONTROLLER_EXEC | Acc= admin | IP=::1 | Path=SYS202100/GetList | Message=POST /SYS202100/GetList
2026-05-18 10:12:38 | INF | ACTION_TRACE | Acc=admin | Path=/SYS202100/GetList | IP=::1 | Start=2026-05-18 10:12:38.570 | Elapsed=21ms | Status=Completed
2026-05-18 10:12:38 | INF | CONTROLLER_EXEC | Acc= admin | IP=::1 | Path=SYS202100/GetDepartmentOptions | Message=GET /SYS202100/GetDepartmentOptions
2026-05-18 10:12:38 | INF | CONTROLLER_EXEC | Acc= admin | IP=::1 | Path=SYS202100/GetList | Message=POST /SYS202100/GetList
2026-05-18 10:12:38 | INF | ACTION_TRACE | Acc=admin | Path=/SYS202100/GetList | IP=::1 | Start=2026-05-18 10:12:38.611 | Elapsed=6ms | Status=Completed
2026-05-18 10:12:38 | INF | ACTION_TRACE | Acc=admin | Path=/SYS202100/GetDepartmentOptions | IP=::1 | Start=2026-05-18 10:12:38.556 | Elapsed=61ms | Status=Completed
2026-05-18 10:12:38 | INF | CONTROLLER_EXEC | Acc= admin | IP=::1 | Path=SYS202100/GetList | Message=POST /SYS202100/GetList
2026-05-18 10:12:38 | INF | ACTION_TRACE | Acc=admin | Path=/SYS202100/GetList | IP=::1 | Start=2026-05-18 10:12:38.838 | Elapsed=18ms | Status=Completed
2026-05-18 10:12:41 | INF | CONTROLLER_EXEC | Acc= admin | IP=::1 | Path=SYS202100/GetDeptList | Message=GET /SYS202100/GetDeptList
2026-05-18 10:12:41 | INF | ACTION_TRACE | Acc=admin | Path=/SYS202100/GetDeptList | IP=::1 | Start=2026-05-18 10:12:41.975 | Elapsed=10ms | Status=Completed
2026-05-18 10:13:08 | INF | CONTROLLER_EXEC | Acc= admin | IP=::1 | Path=SYS202100/GetList | Message=POST /SYS202100/GetList
2026-05-18 10:13:08 | INF | ACTION_TRACE | Acc=admin | Path=/SYS202100/GetList | IP=::1 | Start=2026-05-18 10:13:08.034 | Elapsed=5ms | Status=Completed
2026-05-18 10:13:10 | INF | CONTROLLER_EXEC | Acc= admin | IP=::1 | Path=SYS202100/GetDeptList | Message=GET /SYS202100/GetDeptList
2026-05-18 10:13:10 | INF | ACTION_TRACE | Acc=admin | Path=/SYS202100/GetDeptList | IP=::1 | Start=2026-05-18 10:13:10.136 | Elapsed=2ms | Status=Completed
2026-05-18 10:13:11 | INF | CONTROLLER_EXEC | Acc= admin | IP=::1 | Path=SYS202100/GetDeptList | Message=GET /SYS202100/GetDeptList
2026-05-18 10:13:11 | INF | ACTION_TRACE | Acc=admin | Path=/SYS202100/GetDeptList | IP=::1 | Start=2026-05-18 10:13:11.484 | Elapsed=2ms | Status=Completed
2026-05-18 10:13:12 | INF | CONTROLLER_EXEC | Acc= admin | IP=::1 | Path=SYS202100/GetDeptList | Message=GET /SYS202100/GetDeptList
2026-05-18 10:13:12 | INF | ACTION_TRACE | Acc=admin | Path=/SYS202100/GetDeptList | IP=::1 | Start=2026-05-18 10:13:12.052 | Elapsed=2ms | Status=Completed
2026-05-18 10:13:12 | INF | CONTROLLER_EXEC | Acc= admin | IP=::1 | Path=SYS202100/GetList | Message=POST /SYS202100/GetList
2026-05-18 10:13:12 | INF | ACTION_TRACE | Acc=admin | Path=/SYS202100/GetList | IP=::1 | Start=2026-05-18 10:13:12.801 | Elapsed=14ms | Status=Completed
2026-05-18 10:13:13 | INF | CONTROLLER_EXEC | Acc= admin | IP=::1 | Path=SYS202100/GetList | Message=POST /SYS202100/GetList
2026-05-18 10:13:13 | INF | ACTION_TRACE | Acc=admin | Path=/SYS202100/GetList | IP=::1 | Start=2026-05-18 10:13:13.017 | Elapsed=7ms | Status=Completed
2026-05-18 10:13:17 | INF | CONTROLLER_EXEC | Acc= admin | IP=::1 | Path=SYS202100/GetList | Message=POST /SYS202100/GetList
2026-05-18 10:13:17 | INF | ACTION_TRACE | Acc=admin | Path=/SYS202100/GetList | IP=::1 | Start=2026-05-18 10:13:17.769 | Elapsed=4ms | Status=Completed
2026-05-18 10:13:42 | INF | ACTION_TRACE | Acc=admin | Path=/Home/Index | IP=::1 | Start=2026-05-18 10:13:42.367 | Elapsed=68ms | Status=Completed
2026-05-18 10:13:43 | INF | ACTION_TRACE | Acc=admin | Path=/Home/GetMenu | IP=::1 | Start=2026-05-18 10:13:43.770 | Elapsed=20ms | Status=Completed
2026-05-18 10:13:45 | INF | CONTROLLER_EXEC | Acc= admin | IP=::1 | Path=SYS202100/SYS202100 | Message=GET /SYS202100/SYS202100
2026-05-18 10:13:45 | INF | ACTION_TRACE | Acc=admin | Path=/SYS202100/SYS202100 | IP=::1 | Start=2026-05-18 10:13:45.225 | Elapsed=45ms | Status=Completed
2026-05-18 10:13:45 | INF | CONTROLLER_EXEC | Acc= admin | IP=::1 | Path=SYS202100/GetDepartmentOptions | Message=GET /SYS202100/GetDepartmentOptions
2026-05-18 10:13:45 | INF | ACTION_TRACE | Acc=admin | Path=/SYS202100/GetDepartmentOptions | IP=::1 | Start=2026-05-18 10:13:45.296 | Elapsed=12ms | Status=Completed
2026-05-18 10:13:45 | INF | CONTROLLER_EXEC | Acc= admin | IP=::1 | Path=SYS202100/GetList | Message=POST /SYS202100/GetList
2026-05-18 10:13:45 | INF | ACTION_TRACE | Acc=admin | Path=/SYS202100/GetList | IP=::1 | Start=2026-05-18 10:13:45.307 | Elapsed=20ms | Status=Completed
2026-05-18 10:13:45 | INF | CONTROLLER_EXEC | Acc= admin | IP=::1 | Path=SYS202100/GetList | Message=POST /SYS202100/GetList
2026-05-18 10:13:45 | INF | ACTION_TRACE | Acc=admin | Path=/SYS202100/GetList | IP=::1 | Start=2026-05-18 10:13:45.351 | Elapsed=4ms | Status=Completed
2026-05-18 10:13:47 | INF | CONTROLLER_EXEC | Acc= admin | IP=::1 | Path=SYS202100/GetDeptList | Message=GET /SYS202100/GetDeptList
2026-05-18 10:13:47 | INF | ACTION_TRACE | Acc=admin | Path=/SYS202100/GetDeptList | IP=::1 | Start=2026-05-18 10:13:47.452 | Elapsed=13ms | Status=Completed
2026-05-18 10:13:48 | INF | CONTROLLER_EXEC | Acc= admin | IP=::1 | Path=SYS202100/GetList | Message=POST /SYS202100/GetList
2026-05-18 10:13:48 | INF | ACTION_TRACE | Acc=admin | Path=/SYS202100/GetList | IP=::1 | Start=2026-05-18 10:13:48.471 | Elapsed=8ms | Status=Completed
2026-05-18 10:13:51 | INF | CONTROLLER_EXEC | Acc= admin | IP=::1 | Path=SYS202100/GetList | Message=POST /SYS202100/GetList
2026-05-18 10:13:51 | INF | ACTION_TRACE | Acc=admin | Path=/SYS202100/GetList | IP=::1 | Start=2026-05-18 10:13:51.254 | Elapsed=4ms | Status=Completed
2026-05-18 10:13:58 | INF | CONTROLLER_EXEC | Acc= admin | IP=::1 | Path=SYS202100/GetList | Message=POST /SYS202100/GetList
2026-05-18 10:13:58 | INF | ACTION_TRACE | Acc=admin | Path=/SYS202100/GetList | IP=::1 | Start=2026-05-18 10:13:58.236 | Elapsed=17ms | Status=Completed
2026-05-18 10:14:17 | INF | ACTION_TRACE | Acc=admin | Path=/Home/Index | IP=::1 | Start=2026-05-18 10:14:17.470 | Elapsed=135ms | Status=Completed
2026-05-18 10:14:19 | INF | ACTION_TRACE | Acc=admin | Path=/Home/GetMenu | IP=::1 | Start=2026-05-18 10:14:19.504 | Elapsed=42ms | Status=Completed
2026-05-18 10:14:22 | INF | CONTROLLER_EXEC | Acc= admin | IP=::1 | Path=SYS202100/SYS202100 | Message=GET /SYS202100/SYS202100
2026-05-18 10:14:22 | INF | ACTION_TRACE | Acc=admin | Path=/SYS202100/SYS202100 | IP=::1 | Start=2026-05-18 10:14:22.466 | Elapsed=72ms | Status=Completed
2026-05-18 10:14:22 | INF | CONTROLLER_EXEC | Acc= admin | IP=::1 | Path=SYS202100/GetDepartmentOptions | Message=GET /SYS202100/GetDepartmentOptions
2026-05-18 10:14:22 | INF | ACTION_TRACE | Acc=admin | Path=/SYS202100/GetDepartmentOptions | IP=::1 | Start=2026-05-18 10:14:22.594 | Elapsed=22ms | Status=Completed
2026-05-18 10:14:22 | INF | CONTROLLER_EXEC | Acc= admin | IP=::1 | Path=SYS202100/GetList | Message=POST /SYS202100/GetList
2026-05-18 10:14:22 | INF | ACTION_TRACE | Acc=admin | Path=/SYS202100/GetList | IP=::1 | Start=2026-05-18 10:14:22.607 | Elapsed=49ms | Status=Completed
2026-05-18 10:14:22 | INF | CONTROLLER_EXEC | Acc= admin | IP=::1 | Path=SYS202100/GetList | Message=POST /SYS202100/GetList
2026-05-18 10:14:22 | INF | ACTION_TRACE | Acc=admin | Path=/SYS202100/GetList | IP=::1 | Start=2026-05-18 10:14:22.677 | Elapsed=30ms | Status=Completed
2026-05-18 10:14:24 | INF | CONTROLLER_EXEC | Acc= admin | IP=::1 | Path=SYS202100/GetDeptList | Message=GET /SYS202100/GetDeptList
2026-05-18 10:14:24 | INF | ACTION_TRACE | Acc=admin | Path=/SYS202100/GetDeptList | IP=::1 | Start=2026-05-18 10:14:24.127 | Elapsed=64ms | Status=Completed
2026-05-18 10:14:36 | INF | ACTION_TRACE | Acc=admin | Path=/Home/Index | IP=::1 | Start=2026-05-18 10:14:36.300 | Elapsed=89ms | Status=Completed
2026-05-18 10:14:37 | INF | ACTION_TRACE | Acc=admin | Path=/Home/GetMenu | IP=::1 | Start=2026-05-18 10:14:37.742 | Elapsed=34ms | Status=Completed
2026-05-18 10:14:40 | INF | CONTROLLER_EXEC | Acc= admin | IP=::1 | Path=SYS202100/SYS202100 | Message=GET /SYS202100/SYS202100
2026-05-18 10:14:40 | INF | ACTION_TRACE | Acc=admin | Path=/SYS202100/SYS202100 | IP=::1 | Start=2026-05-18 10:14:40.752 | Elapsed=48ms | Status=Completed
2026-05-18 10:14:40 | INF | CONTROLLER_EXEC | Acc= admin | IP=::1 | Path=SYS202100/GetDepartmentOptions | Message=GET /SYS202100/GetDepartmentOptions
2026-05-18 10:14:40 | INF | ACTION_TRACE | Acc=admin | Path=/SYS202100/GetDepartmentOptions | IP=::1 | Start=2026-05-18 10:14:40.807 | Elapsed=22ms | Status=Completed
2026-05-18 10:14:40 | INF | CONTROLLER_EXEC | Acc= admin | IP=::1 | Path=SYS202100/GetList | Message=POST /SYS202100/GetList
2026-05-18 10:14:40 | INF | ACTION_TRACE | Acc=admin | Path=/SYS202100/GetList | IP=::1 | Start=2026-05-18 10:14:40.824 | Elapsed=47ms | Status=Completed
2026-05-18 10:14:40 | INF | CONTROLLER_EXEC | Acc= admin | IP=::1 | Path=SYS202100/GetList | Message=POST /SYS202100/GetList
2026-05-18 10:14:40 | INF | ACTION_TRACE | Acc=admin | Path=/SYS202100/GetList | IP=::1 | Start=2026-05-18 10:14:40.887 | Elapsed=32ms | Status=Completed
2026-05-18 10:14:42 | INF | CONTROLLER_EXEC | Acc= admin | IP=::1 | Path=SYS202100/GetDeptList | Message=GET /SYS202100/GetDeptList
2026-05-18 10:14:42 | INF | ACTION_TRACE | Acc=admin | Path=/SYS202100/GetDeptList | IP=::1 | Start=2026-05-18 10:14:42.287 | Elapsed=19ms | Status=Completed
2026-05-18 10:15:34 | INF | ACTION_TRACE | Acc=admin | Path=/Home/Index | IP=::1 | Start=2026-05-18 10:15:34.449 | Elapsed=55ms | Status=Completed
2026-05-18 10:15:36 | INF | ACTION_TRACE | Acc=admin | Path=/Home/GetMenu | IP=::1 | Start=2026-05-18 10:15:36.686 | Elapsed=10ms | Status=Completed
2026-05-18 10:15:42 | INF | CONTROLLER_EXEC | Acc= admin | IP=::1 | Path=SYS202100/SYS202100 | Message=GET /SYS202100/SYS202100
2026-05-18 10:15:42 | INF | ACTION_TRACE | Acc=admin | Path=/SYS202100/SYS202100 | IP=::1 | Start=2026-05-18 10:15:42.037 | Elapsed=55ms | Status=Completed
2026-05-18 10:15:42 | INF | CONTROLLER_EXEC | Acc= admin | IP=::1 | Path=SYS202100/GetDepartmentOptions | Message=GET /SYS202100/GetDepartmentOptions
2026-05-18 10:15:42 | INF | ACTION_TRACE | Acc=admin | Path=/SYS202100/GetDepartmentOptions | IP=::1 | Start=2026-05-18 10:15:42.104 | Elapsed=13ms | Status=Completed
2026-05-18 10:15:42 | INF | CONTROLLER_EXEC | Acc= admin | IP=::1 | Path=SYS202100/GetList | Message=POST /SYS202100/GetList
2026-05-18 10:15:42 | INF | ACTION_TRACE | Acc=admin | Path=/SYS202100/GetList | IP=::1 | Start=2026-05-18 10:15:42.127 | Elapsed=17ms | Status=Completed
2026-05-18 10:15:42 | INF | CONTROLLER_EXEC | Acc= admin | IP=::1 | Path=SYS202100/GetList | Message=POST /SYS202100/GetList
2026-05-18 10:15:42 | INF | ACTION_TRACE | Acc=admin | Path=/SYS202100/GetList | IP=::1 | Start=2026-05-18 10:15:42.164 | Elapsed=5ms | Status=Completed
2026-05-18 10:15:43 | INF | CONTROLLER_EXEC | Acc= admin | IP=::1 | Path=SYS202100/GetDeptList | Message=GET /SYS202100/GetDeptList
2026-05-18 10:15:43 | INF | ACTION_TRACE | Acc=admin | Path=/SYS202100/GetDeptList | IP=::1 | Start=2026-05-18 10:15:43.322 | Elapsed=11ms | Status=Completed
2026-05-18 10:15:50 | INF | CONTROLLER_EXEC | Acc= admin | IP=::1 | Path=SYS202100/GetDeptList | Message=GET /SYS202100/GetDeptList
2026-05-18 10:15:50 | INF | ACTION_TRACE | Acc=admin | Path=/SYS202100/GetDeptList | IP=::1 | Start=2026-05-18 10:15:50.824 | Elapsed=8ms | Status=Completed
2026-05-18 10:17:04 | INF | ACTION_TRACE | Acc=admin | Path=/Home/Index | IP=::1 | Start=2026-05-18 10:17:04.692 | Elapsed=85ms | Status=Completed
2026-05-18 10:17:06 | INF | ACTION_TRACE | Acc=admin | Path=/Home/GetMenu | IP=::1 | Start=2026-05-18 10:17:06.277 | Elapsed=6ms | Status=Completed
2026-05-18 10:17:08 | INF | CONTROLLER_EXEC | Acc= admin | IP=::1 | Path=SYS202100/SYS202100 | Message=GET /SYS202100/SYS202100
2026-05-18 10:17:08 | INF | ACTION_TRACE | Acc=admin | Path=/SYS202100/SYS202100 | IP=::1 | Start=2026-05-18 10:17:08.691 | Elapsed=44ms | Status=Completed
2026-05-18 10:17:08 | INF | CONTROLLER_EXEC | Acc= admin | IP=::1 | Path=SYS202100/GetDepartmentOptions | Message=GET /SYS202100/GetDepartmentOptions
2026-05-18 10:17:08 | INF | ACTION_TRACE | Acc=admin | Path=/SYS202100/GetDepartmentOptions | IP=::1 | Start=2026-05-18 10:17:08.754 | Elapsed=13ms | Status=Completed
2026-05-18 10:17:08 | INF | CONTROLLER_EXEC | Acc= admin | IP=::1 | Path=SYS202100/GetList | Message=POST /SYS202100/GetList
2026-05-18 10:17:08 | INF | ACTION_TRACE | Acc=admin | Path=/SYS202100/GetList | IP=::1 | Start=2026-05-18 10:17:08.780 | Elapsed=18ms | Status=Completed
2026-05-18 10:17:08 | INF | CONTROLLER_EXEC | Acc= admin | IP=::1 | Path=SYS202100/GetList | Message=POST /SYS202100/GetList
2026-05-18 10:17:08 | INF | ACTION_TRACE | Acc=admin | Path=/SYS202100/GetList | IP=::1 | Start=2026-05-18 10:17:08.818 | Elapsed=6ms | Status=Completed
2026-05-18 10:17:10 | INF | CONTROLLER_EXEC | Acc= admin | IP=::1 | Path=SYS202100/GetDeptList | Message=GET /SYS202100/GetDeptList
2026-05-18 10:17:10 | INF | ACTION_TRACE | Acc=admin | Path=/SYS202100/GetDeptList | IP=::1 | Start=2026-05-18 10:17:10.034 | Elapsed=11ms | Status=Completed
2026-05-18 10:17:12 | INF | CONTROLLER_EXEC | Acc= admin | IP=::1 | Path=SYS202100/GetList | Message=POST /SYS202100/GetList
2026-05-18 10:17:12 | INF | ACTION_TRACE | Acc=admin | Path=/SYS202100/GetList | IP=::1 | Start=2026-05-18 10:17:12.399 | Elapsed=8ms | Status=Completed
2026-05-18 10:17:18 | INF | CONTROLLER_EXEC | Acc= admin | IP=::1 | Path=SYS202100/GetList | Message=POST /SYS202100/GetList
2026-05-18 10:17:18 | INF | ACTION_TRACE | Acc=admin | Path=/SYS202100/GetList | IP=::1 | Start=2026-05-18 10:17:18.552 | Elapsed=5ms | Status=Completed
2026-05-18 10:17:25 | INF | ACTION_TRACE | Acc=admin | Path=/Home/Index | IP=::1 | Start=2026-05-18 10:17:25.492 | Elapsed=52ms | Status=Completed
2026-05-18 10:17:26 | INF | ACTION_TRACE | Acc=admin | Path=/Home/GetMenu | IP=::1 | Start=2026-05-18 10:17:26.608 | Elapsed=7ms | Status=Completed
2026-05-18 10:17:28 | INF | CONTROLLER_EXEC | Acc= admin | IP=::1 | Path=SYS202100/SYS202100 | Message=GET /SYS202100/SYS202100
2026-05-18 10:17:28 | INF | ACTION_TRACE | Acc=admin | Path=/SYS202100/SYS202100 | IP=::1 | Start=2026-05-18 10:17:28.884 | Elapsed=52ms | Status=Completed
2026-05-18 10:17:28 | INF | CONTROLLER_EXEC | Acc= admin | IP=::1 | Path=SYS202100/GetDepartmentOptions | Message=GET /SYS202100/GetDepartmentOptions
2026-05-18 10:17:28 | INF | ACTION_TRACE | Acc=admin | Path=/SYS202100/GetDepartmentOptions | IP=::1 | Start=2026-05-18 10:17:28.954 | Elapsed=16ms | Status=Completed
2026-05-18 10:17:28 | INF | CONTROLLER_EXEC | Acc= admin | IP=::1 | Path=SYS202100/GetList | Message=POST /SYS202100/GetList
2026-05-18 10:17:28 | INF | ACTION_TRACE | Acc=admin | Path=/SYS202100/GetList | IP=::1 | Start=2026-05-18 10:17:28.972 | Elapsed=20ms | Status=Completed
2026-05-18 10:17:29 | INF | CONTROLLER_EXEC | Acc= admin | IP=::1 | Path=SYS202100/GetList | Message=POST /SYS202100/GetList
2026-05-18 10:17:29 | INF | ACTION_TRACE | Acc=admin | Path=/SYS202100/GetList | IP=::1 | Start=2026-05-18 10:17:29.011 | Elapsed=4ms | Status=Completed
2026-05-18 10:17:30 | INF | CONTROLLER_EXEC | Acc= admin | IP=::1 | Path=SYS202100/GetDeptList | Message=GET /SYS202100/GetDeptList
2026-05-18 10:17:30 | INF | ACTION_TRACE | Acc=admin | Path=/SYS202100/GetDeptList | IP=::1 | Start=2026-05-18 10:17:30.506 | Elapsed=14ms | Status=Completed
2026-05-18 10:17:44 | INF | CONTROLLER_EXEC | Acc= admin | IP=::1 | Path=SYS202100/GetByVariable | Message=GET /SYS202100/GetByVariable
2026-05-18 10:17:44 | INF | ACTION_TRACE | Acc=admin | Path=/SYS202100/GetByVariable | IP=::1 | Start=2026-05-18 10:17:44.598 | Elapsed=10ms | Status=Completed
2026-05-18 10:17:45 | INF | CONTROLLER_EXEC | Acc= admin | IP=::1 | Path=SYS202100/GetList | Message=POST /SYS202100/GetList
2026-05-18 10:17:45 | INF | ACTION_TRACE | Acc=admin | Path=/SYS202100/GetList | IP=::1 | Start=2026-05-18 10:17:45.653 | Elapsed=6ms | Status=Completed
2026-05-18 10:17:45 | INF | CONTROLLER_EXEC | Acc= admin | IP=::1 | Path=SYS202100/GetList | Message=POST /SYS202100/GetList
2026-05-18 10:17:45 | INF | ACTION_TRACE | Acc=admin | Path=/SYS202100/GetList | IP=::1 | Start=2026-05-18 10:17:45.656 | Elapsed=31ms | Status=Completed
2026-05-18 10:17:46 | INF | CONTROLLER_EXEC | Acc= admin | IP=::1 | Path=SYS202100/GetDeptList | Message=GET /SYS202100/GetDeptList
2026-05-18 10:17:46 | INF | ACTION_TRACE | Acc=admin | Path=/SYS202100/GetDeptList | IP=::1 | Start=2026-05-18 10:17:46.941 | Elapsed=2ms | Status=Completed
2026-05-18 10:19:07 | INF | CONTROLLER_EXEC | Acc= admin | IP=::1 | Path=SYS202100/GetList | Message=POST /SYS202100/GetList
2026-05-18 10:19:07 | INF | ACTION_TRACE | Acc=admin | Path=/SYS202100/GetList | IP=::1 | Start=2026-05-18 10:19:07.981 | Elapsed=13ms | Status=Completed
2026-05-18 10:19:12 | INF | ACTION_TRACE | Acc=admin | Path=/Account/Logout | IP=::1 | Start=2026-05-18 10:19:07.547 | Elapsed=4557ms | Status=Completed
2026-05-18 10:19:12 | INF | NETWORK_UNSTABLE | Acc=admin | Path=/Account/Logout | Reason=SlowRequest 4557ms
2026-05-18 10:19:21 | INF | ACTION_TRACE | Acc=admin | Path=/AdminPortal/Home/Index | IP=::1 | Start=2026-05-18 10:19:20.920 | Elapsed=88ms | Status=Completed
2026-05-18 10:19:28 | WRN | The query uses the 'First'/'FirstOrDefault' operator without 'OrderBy' and filter operators. This may lead to unpredictable results.
2026-05-18 10:19:28 | INF | CONTROLLER_EXEC | Acc= admin | IP=::1 | Path=ADS999999/ADS999999 | Message=GET /ADS999999/ADS999999
2026-05-18 10:19:28 | INF | ACTION_TRACE | Acc=admin | Path=/ADS999999/ADS999999 | IP=::1 | Start=2026-05-18 10:19:28.063 | Elapsed=59ms | Status=Completed
2026-05-18 10:19:28 | INF | CONTROLLER_EXEC | Acc= admin | IP=::1 | Path=ADS999004/ADS999004 | Message=GET /ADS999004/ADS999004
2026-05-18 10:19:28 | INF | ACTION_TRACE | Acc=admin | Path=/ADS999004/ADS999004 | IP=::1 | Start=2026-05-18 10:19:28.673 | Elapsed=53ms | Status=Completed
2026-05-18 10:19:28 | INF | CONTROLLER_EXEC | Acc= admin | IP=::1 | Path=ADS999004/GetList | Message=POST /ADS999004/GetList
2026-05-18 10:19:28 | INF | ACTION_TRACE | Acc=admin | Path=/ADS999004/GetList | IP=::1 | Start=2026-05-18 10:19:28.760 | Elapsed=62ms | Status=Completed
2026-05-18 10:19:30 | INF | CONTROLLER_EXEC | Acc= admin | IP=::1 | Path=ADS999004/GetList | Message=POST /ADS999004/GetList
2026-05-18 10:19:30 | INF | ACTION_TRACE | Acc=admin | Path=/ADS999004/GetList | IP=::1 | Start=2026-05-18 10:19:30.180 | Elapsed=11ms | Status=Completed
2026-05-18 10:19:31 | INF | CONTROLLER_EXEC | Acc= admin | IP=::1 | Path=ADS999004/GetByVariable | Message=GET /ADS999004/GetByVariable
2026-05-18 10:19:31 | INF | ACTION_TRACE | Acc=admin | Path=/ADS999004/GetByVariable | IP=::1 | Start=2026-05-18 10:19:31.388 | Elapsed=38ms | Status=Completed
2026-05-18 10:19:39 | INF | CONTROLLER_EXEC | Acc= admin | IP=::1 | Path=ADS999004/GetList | Message=POST /ADS999004/GetList
2026-05-18 10:19:39 | INF | ACTION_TRACE | Acc=admin | Path=/ADS999004/GetList | IP=::1 | Start=2026-05-18 10:19:39.764 | Elapsed=7ms | Status=Completed
2026-05-18 10:25:11 | INF | CONTROLLER_EXEC | Acc= admin | IP=::1 | Path=ADS999004/GetByVariable | Message=GET /ADS999004/GetByVariable
2026-05-18 10:25:11 | INF | ACTION_TRACE | Acc=admin | Path=/ADS999004/GetByVariable | IP=::1 | Start=2026-05-18 10:25:07.140 | Elapsed=4573ms | Status=Completed
2026-05-18 10:25:11 | INF | NETWORK_UNSTABLE | Acc=admin | Path=/ADS999004/GetByVariable | Reason=SlowRequest 4573ms
2026-05-18 10:25:27 | INF | CONTROLLER_EXEC | Acc= admin | IP=::1 | Path=ADS999004/GetList | Message=POST /ADS999004/GetList
2026-05-18 10:25:27 | INF | ACTION_TRACE | Acc=admin | Path=/ADS999004/GetList | IP=::1 | Start=2026-05-18 10:25:27.837 | Elapsed=6ms | Status=Completed
2026-05-18 10:26:40 | INF | CONTROLLER_EXEC | Acc= admin | IP=::1 | Path=ADS999004/GetList | Message=POST /ADS999004/GetList
2026-05-18 10:26:40 | INF | ACTION_TRACE | Acc=admin | Path=/ADS999004/GetList | IP=::1 | Start=2026-05-18 10:26:40.220 | Elapsed=23ms | Status=Completed
2026-05-18 10:41:12 | WRN | No store type was specified for the decimal property 'OveMoney' on entity type 'HROvertime'. This will cause values to be silently truncated if they do not fit in the default precision and scale. Explicitly specify the SQL server column type that can accommodate all the values in 'OnModelCreating' using 'HasColumnType', specify precision and scale using 'HasPrecision', or configure a value converter using 'HasConversion'.
2026-05-18 10:41:12 | WRN | No store type was specified for the decimal property 'Wag1D1Hour' on entity type 'HRWage'. This will cause values to be silently truncated if they do not fit in the default precision and scale. Explicitly specify the SQL server column type that can accommodate all the values in 'OnModelCreating' using 'HasColumnType', specify precision and scale using 'HasPrecision', or configure a value converter using 'HasConversion'.
2026-05-18 10:41:12 | WRN | No store type was specified for the decimal property 'Wag2D1Hour' on entity type 'HRWage'. This will cause values to be silently truncated if they do not fit in the default precision and scale. Explicitly specify the SQL server column type that can accommodate all the values in 'OnModelCreating' using 'HasColumnType', specify precision and scale using 'HasPrecision', or configure a value converter using 'HasConversion'.
2026-05-18 10:41:12 | WRN | No store type was specified for the decimal property 'Wag4D3Hour' on entity type 'HRWage'. This will cause values to be silently truncated if they do not fit in the default precision and scale. Explicitly specify the SQL server column type that can accommodate all the values in 'OnModelCreating' using 'HasColumnType', specify precision and scale using 'HasPrecision', or configure a value converter using 'HasConversion'.
2026-05-18 10:41:12 | WRN | No store type was specified for the decimal property 'Wag5D3Hour' on entity type 'HRWage'. This will cause values to be silently truncated if they do not fit in the default precision and scale. Explicitly specify the SQL server column type that can accommodate all the values in 'OnModelCreating' using 'HasColumnType', specify precision and scale using 'HasPrecision', or configure a value converter using 'HasConversion'.
2026-05-18 10:41:12 | WRN | No store type was specified for the decimal property 'Wag8D3Hour' on entity type 'HRWage'. This will cause values to be silently truncated if they do not fit in the default precision and scale. Explicitly specify the SQL server column type that can accommodate all the values in 'OnModelCreating' using 'HasColumnType', specify precision and scale using 'HasPrecision', or configure a value converter using 'HasConversion'.
2026-05-18 10:41:12 | WRN | No store type was specified for the decimal property 'WagApplyHour' on entity type 'HRWage'. This will cause values to be silently truncated if they do not fit in the default precision and scale. Explicitly specify the SQL server column type that can accommodate all the values in 'OnModelCreating' using 'HasColumnType', specify precision and scale using 'HasPrecision', or configure a value converter using 'HasConversion'.
2026-05-18 10:41:12 | WRN | No store type was specified for the decimal property 'WagIssueHour' on entity type 'HRWage'. This will cause values to be silently truncated if they do not fit in the default precision and scale. Explicitly specify the SQL server column type that can accommodate all the values in 'OnModelCreating' using 'HasColumnType', specify precision and scale using 'HasPrecision', or configure a value converter using 'HasConversion'.
2026-05-18 10:41:12 | WRN | No store type was specified for the decimal property 'WagSubtotal' on entity type 'HRWage'. This will cause values to be silently truncated if they do not fit in the default precision and scale. Explicitly specify the SQL server column type that can accommodate all the values in 'OnModelCreating' using 'HasColumnType', specify precision and scale using 'HasPrecision', or configure a value converter using 'HasConversion'.
2026-05-18 10:41:17 | WRN | The query uses the 'First'/'FirstOrDefault' operator without 'OrderBy' and filter operators. This may lead to unpredictable results.
2026-05-18 10:41:18 | INF | ACTION_TRACE | Acc=admin | Path=/ | IP=::1 | Start=2026-05-18 10:41:11.037 | Elapsed=7227ms | Status=Completed
2026-05-18 10:41:18 | INF | NETWORK_UNSTABLE | Acc=admin | Path=/ | Reason=SlowRequest 7227ms
2026-05-18 10:41:18 | INF | ACTION_TRACE | Acc=admin | Path=/Captcha/Generate | IP=::1 | Start=2026-05-18 10:41:18.504 | Elapsed=35ms | Status=Completed
2026-05-18 10:41:18 | INF | ACTION_TRACE | Acc=admin | Path=/DNTCaptchaImage/Show | IP=::1 | Start=2026-05-18 10:41:18.554 | Elapsed=128ms | Status=Completed
2026-05-18 10:41:32 | INF | ACTION_TRACE | Acc=admin | Path=/Account/Login | IP=::1 | Start=2026-05-18 10:41:24.359 | Elapsed=7986ms | Status=Completed
2026-05-18 10:41:32 | INF | NETWORK_UNSTABLE | Acc=admin | Path=/Account/Login | Reason=SlowRequest 7986ms
2026-05-18 10:41:32 | INF | ACTION_TRACE | Acc=admin | Path=/Home/Index | IP=::1 | Start=2026-05-18 10:41:32.361 | Elapsed=303ms | Status=Completed
2026-05-18 10:41:44 | INF | ACTION_TRACE | Acc=admin | Path=/Home/GetMenu | IP=::1 | Start=2026-05-18 10:41:44.432 | Elapsed=14ms | Status=Completed
2026-05-18 10:41:46 | INF | CONTROLLER_EXEC | Acc= admin | IP=::1 | Path=SYS202100/SYS202100 | Message=GET /SYS202100/SYS202100
2026-05-18 10:41:46 | INF | ACTION_TRACE | Acc=admin | Path=/SYS202100/SYS202100 | IP=::1 | Start=2026-05-18 10:41:46.358 | Elapsed=102ms | Status=Completed
2026-05-18 10:41:46 | INF | CONTROLLER_EXEC | Acc= admin | IP=::1 | Path=SYS202100/GetDepartmentOptions | Message=GET /SYS202100/GetDepartmentOptions
2026-05-18 10:41:46 | INF | ACTION_TRACE | Acc=admin | Path=/SYS202100/GetDepartmentOptions | IP=::1 | Start=2026-05-18 10:41:46.485 | Elapsed=54ms | Status=Completed
2026-05-18 10:41:46 | INF | CONTROLLER_EXEC | Acc= admin | IP=::1 | Path=SYS202100/GetList | Message=POST /SYS202100/GetList
2026-05-18 10:41:46 | INF | ACTION_TRACE | Acc=admin | Path=/SYS202100/GetList | IP=::1 | Start=2026-05-18 10:41:46.498 | Elapsed=83ms | Status=Completed
2026-05-18 10:41:46 | INF | CONTROLLER_EXEC | Acc= admin | IP=::1 | Path=SYS202100/GetList | Message=POST /SYS202100/GetList
2026-05-18 10:41:46 | INF | ACTION_TRACE | Acc=admin | Path=/SYS202100/GetList | IP=::1 | Start=2026-05-18 10:41:46.605 | Elapsed=7ms | Status=Completed
2026-05-18 10:41:50 | INF | ACTION_TRACE | Acc=admin | Path=/Account/Logout | IP=::1 | Start=2026-05-18 10:41:50.107 | Elapsed=17ms | Status=Completed
2026-05-18 10:41:58 | INF | ACTION_TRACE | Acc=admin | Path=/AdminPortal/Home/Index | IP=::1 | Start=2026-05-18 10:41:58.875 | Elapsed=85ms | Status=Completed
2026-05-18 10:42:04 | INF | CONTROLLER_EXEC | Acc= admin | IP=::1 | Path=ADS999004/ADS999004 | Message=GET /ADS999004/ADS999004
2026-05-18 10:42:04 | INF | ACTION_TRACE | Acc=admin | Path=/ADS999004/ADS999004 | IP=::1 | Start=2026-05-18 10:42:04.097 | Elapsed=58ms | Status=Completed
2026-05-18 10:42:04 | INF | CONTROLLER_EXEC | Acc= admin | IP=::1 | Path=ADS999004/GetList | Message=POST /ADS999004/GetList
2026-05-18 10:42:04 | INF | ACTION_TRACE | Acc=admin | Path=/ADS999004/GetList | IP=::1 | Start=2026-05-18 10:42:04.191 | Elapsed=53ms | Status=Completed
2026-05-18 10:42:06 | INF | CONTROLLER_EXEC | Acc= admin | IP=::1 | Path=ADS999004/GetByVariable | Message=GET /ADS999004/GetByVariable
2026-05-18 10:42:06 | INF | ACTION_TRACE | Acc=admin | Path=/ADS999004/GetByVariable | IP=::1 | Start=2026-05-18 10:42:06.483 | Elapsed=34ms | Status=Completed
2026-05-18 10:42:08 | INF | CONTROLLER_EXEC | Acc= admin | IP=::1 | Path=ADS999004/Update | Message=POST /ADS999004/Update
2026-05-18 10:42:08 | INF | ACTION_TRACE | Acc=admin | Path=/ADS999004/Update | IP=::1 | Start=2026-05-18 10:42:08.343 | Elapsed=418ms | Status=Completed
2026-05-18 10:42:09 | INF | CONTROLLER_EXEC | Acc= admin | IP=::1 | Path=ADS999004/GetList | Message=POST /ADS999004/GetList
2026-05-18 10:42:09 | INF | ACTION_TRACE | Acc=admin | Path=/ADS999004/GetList | IP=::1 | Start=2026-05-18 10:42:09.789 | Elapsed=6ms | Status=Completed
2026-05-18 10:42:10 | INF | CONTROLLER_EXEC | Acc= admin | IP=::1 | Path=ADS999004/GetByVariable | Message=GET /ADS999004/GetByVariable
2026-05-18 10:42:10 | INF | ACTION_TRACE | Acc=admin | Path=/ADS999004/GetByVariable | IP=::1 | Start=2026-05-18 10:42:10.910 | Elapsed=2ms | Status=Completed
2026-05-18 10:42:13 | INF | CONTROLLER_EXEC | Acc= admin | IP=::1 | Path=ADS999004/Update | Message=POST /ADS999004/Update
2026-05-18 10:42:13 | INF | ACTION_TRACE | Acc=admin | Path=/ADS999004/Update | IP=::1 | Start=2026-05-18 10:42:13.254 | Elapsed=11ms | Status=Completed
2026-05-18 10:42:14 | INF | CONTROLLER_EXEC | Acc= admin | IP=::1 | Path=ADS999004/GetList | Message=POST /ADS999004/GetList
2026-05-18 10:42:14 | INF | ACTION_TRACE | Acc=admin | Path=/ADS999004/GetList | IP=::1 | Start=2026-05-18 10:42:14.164 | Elapsed=9ms | Status=Completed
2026-05-18 10:42:14 | INF | CONTROLLER_EXEC | Acc= admin | IP=::1 | Path=ADS999004/GetList | Message=POST /ADS999004/GetList
2026-05-18 10:42:14 | INF | ACTION_TRACE | Acc=admin | Path=/ADS999004/GetList | IP=::1 | Start=2026-05-18 10:42:14.334 | Elapsed=6ms | Status=Completed
2026-05-18 10:42:17 | INF | CONTROLLER_EXEC | Acc= admin | IP=::1 | Path=ADS999004/GetByVariable | Message=GET /ADS999004/GetByVariable
2026-05-18 10:42:17 | INF | ACTION_TRACE | Acc=admin | Path=/ADS999004/GetByVariable | IP=::1 | Start=2026-05-18 10:42:17.127 | Elapsed=5ms | Status=Completed
2026-05-18 10:42:18 | INF | CONTROLLER_EXEC | Acc= admin | IP=::1 | Path=ADS999004/GetList | Message=POST /ADS999004/GetList
2026-05-18 10:42:18 | INF | ACTION_TRACE | Acc=admin | Path=/ADS999004/GetList | IP=::1 | Start=2026-05-18 10:42:14.164 | Elapsed=4570ms | Status=Completed
2026-05-18 10:42:18 | INF | NETWORK_UNSTABLE | Acc=admin | Path=/ADS999004/GetList | Reason=SlowRequest 4570ms
2026-05-18 10:42:22 | INF | CONTROLLER_EXEC | Acc= admin | IP=::1 | Path=ADS999004/Update | Message=POST /ADS999004/Update
2026-05-18 10:42:22 | INF | ACTION_TRACE | Acc=admin | Path=/ADS999004/Update | IP=::1 | Start=2026-05-18 10:42:22.498 | Elapsed=22ms | Status=Completed
2026-05-18 10:42:23 | INF | CONTROLLER_EXEC | Acc= admin | IP=::1 | Path=ADS999004/GetList | Message=POST /ADS999004/GetList
2026-05-18 10:42:23 | INF | ACTION_TRACE | Acc=admin | Path=/ADS999004/GetList | IP=::1 | Start=2026-05-18 10:42:23.350 | Elapsed=4ms | Status=Completed
2026-05-18 10:42:23 | INF | CONTROLLER_EXEC | Acc= admin | IP=::1 | Path=ADS999004/GetList | Message=POST /ADS999004/GetList
2026-05-18 10:42:23 | INF | ACTION_TRACE | Acc=admin | Path=/ADS999004/GetList | IP=::1 | Start=2026-05-18 10:42:23.350 | Elapsed=10ms | Status=Completed
2026-05-18 10:42:25 | INF | CONTROLLER_EXEC | Acc= admin | IP=::1 | Path=ADS999004/GetByVariable | Message=GET /ADS999004/GetByVariable
2026-05-18 10:42:25 | INF | ACTION_TRACE | Acc=admin | Path=/ADS999004/GetByVariable | IP=::1 | Start=2026-05-18 10:42:25.029 | Elapsed=2ms | Status=Completed
2026-05-18 10:42:26 | INF | CONTROLLER_EXEC | Acc= admin | IP=::1 | Path=ADS999004/GetList | Message=POST /ADS999004/GetList
2026-05-18 10:42:26 | INF | ACTION_TRACE | Acc=admin | Path=/ADS999004/GetList | IP=::1 | Start=2026-05-18 10:42:26.316 | Elapsed=7ms | Status=Completed
2026-05-18 10:42:30 | INF | CONTROLLER_EXEC | Acc= admin | IP=::1 | Path=ADS999004/GetByVariable | Message=GET /ADS999004/GetByVariable
2026-05-18 10:42:30 | INF | ACTION_TRACE | Acc=admin | Path=/ADS999004/GetByVariable | IP=::1 | Start=2026-05-18 10:42:30.993 | Elapsed=3ms | Status=Completed
2026-05-18 10:42:33 | INF | CONTROLLER_EXEC | Acc= admin | IP=::1 | Path=ADS999004/Update | Message=POST /ADS999004/Update
2026-05-18 10:42:33 | INF | ACTION_TRACE | Acc=admin | Path=/ADS999004/Update | IP=::1 | Start=2026-05-18 10:42:33.466 | Elapsed=17ms | Status=Completed
2026-05-18 10:42:34 | INF | CONTROLLER_EXEC | Acc= admin | IP=::1 | Path=ADS999004/GetList | Message=POST /ADS999004/GetList
2026-05-18 10:42:34 | INF | CONTROLLER_EXEC | Acc= admin | IP=::1 | Path=ADS999004/GetList | Message=POST /ADS999004/GetList
2026-05-18 10:42:34 | INF | ACTION_TRACE | Acc=admin | Path=/ADS999004/GetList | IP=::1 | Start=2026-05-18 10:42:34.385 | Elapsed=8ms | Status=Completed
2026-05-18 10:42:34 | INF | ACTION_TRACE | Acc=admin | Path=/ADS999004/GetList | IP=::1 | Start=2026-05-18 10:42:34.385 | Elapsed=8ms | Status=Completed
2026-05-18 10:42:37 | INF | ACTION_TRACE | Acc=admin | Path=/AdminPortal/Account/Login | IP=::1 | Start=2026-05-18 10:42:37.543 | Elapsed=1ms | Status=Completed
2026-05-18 10:42:37 | INF | ACTION_TRACE | Acc=admin | Path=/Captcha/Generate | IP=::1 | Start=2026-05-18 10:42:37.620 | Elapsed=1ms | Status=Completed
2026-05-18 10:42:37 | INF | ACTION_TRACE | Acc=admin | Path=/DNTCaptchaImage/Show | IP=::1 | Start=2026-05-18 10:42:37.636 | Elapsed=29ms | Status=Completed
2026-05-18 10:42:39 | INF | ACTION_TRACE | Acc=admin | Path=/ | IP=::1 | Start=2026-05-18 10:42:39.027 | Elapsed=774ms | Status=Completed
2026-05-18 10:42:39 | INF | ACTION_TRACE | Acc=admin | Path=/Captcha/Generate | IP=::1 | Start=2026-05-18 10:42:39.936 | Elapsed=1ms | Status=Completed
2026-05-18 10:42:39 | INF | ACTION_TRACE | Acc=admin | Path=/DNTCaptchaImage/Show | IP=::1 | Start=2026-05-18 10:42:39.941 | Elapsed=10ms | Status=Completed
2026-05-18 10:42:48 | INF | ACTION_TRACE | Acc=admin | Path=/Account/Login | IP=::1 | Start=2026-05-18 10:42:46.256 | Elapsed=2205ms | Status=Completed
2026-05-18 10:42:48 | INF | ACTION_TRACE | Acc=admin | Path=/Home/Index | IP=::1 | Start=2026-05-18 10:42:48.471 | Elapsed=14ms | Status=Completed
2026-05-18 10:42:50 | INF | ACTION_TRACE | Acc=admin | Path=/Home/GetMenu | IP=::1 | Start=2026-05-18 10:42:50.891 | Elapsed=6ms | Status=Completed
2026-05-18 10:42:52 | INF | ACTION_TRACE | Acc=admin | Path=/Home/GetMenu | IP=::1 | Start=2026-05-18 10:42:52.655 | Elapsed=8ms | Status=Completed
2026-05-18 10:42:55 | INF | CONTROLLER_EXEC | Acc= admin | IP=::1 | Path=SYS202100/SYS202100 | Message=GET /SYS202100/SYS202100
2026-05-18 10:42:55 | INF | ACTION_TRACE | Acc=admin | Path=/SYS202100/SYS202100 | IP=::1 | Start=2026-05-18 10:42:55.008 | Elapsed=5ms | Status=Completed
2026-05-18 10:42:55 | INF | CONTROLLER_EXEC | Acc= admin | IP=::1 | Path=SYS202100/GetDepartmentOptions | Message=GET /SYS202100/GetDepartmentOptions
2026-05-18 10:42:55 | INF | ACTION_TRACE | Acc=admin | Path=/SYS202100/GetDepartmentOptions | IP=::1 | Start=2026-05-18 10:42:55.023 | Elapsed=3ms | Status=Completed
2026-05-18 10:42:55 | INF | CONTROLLER_EXEC | Acc= admin | IP=::1 | Path=SYS202100/GetList | Message=POST /SYS202100/GetList
2026-05-18 10:42:55 | INF | ACTION_TRACE | Acc=admin | Path=/SYS202100/GetList | IP=::1 | Start=2026-05-18 10:42:55.046 | Elapsed=4ms | Status=Completed
2026-05-18 10:42:55 | INF | CONTROLLER_EXEC | Acc= admin | IP=::1 | Path=SYS202100/GetList | Message=POST /SYS202100/GetList
2026-05-18 10:42:55 | INF | ACTION_TRACE | Acc=admin | Path=/SYS202100/GetList | IP=::1 | Start=2026-05-18 10:42:55.087 | Elapsed=5ms | Status=Completed
2026-05-18 10:42:58 | INF | CONTROLLER_EXEC | Acc= admin | IP=::1 | Path=SYS202100/GetByVariable | Message=GET /SYS202100/GetByVariable
2026-05-18 10:42:58 | INF | ACTION_TRACE | Acc=admin | Path=/SYS202100/GetByVariable | IP=::1 | Start=2026-05-18 10:42:58.761 | Elapsed=29ms | Status=Completed
2026-05-18 10:43:00 | INF | CONTROLLER_EXEC | Acc= admin | IP=::1 | Path=SYS202100/GetList | Message=POST /SYS202100/GetList
2026-05-18 10:43:00 | INF | ACTION_TRACE | Acc=admin | Path=/SYS202100/GetList | IP=::1 | Start=2026-05-18 10:43:00.063 | Elapsed=4ms | Status=Completed
2026-05-18 10:43:00 | INF | CONTROLLER_EXEC | Acc= admin | IP=::1 | Path=SYS202100/GetList | Message=POST /SYS202100/GetList
2026-05-18 10:43:00 | INF | ACTION_TRACE | Acc=admin | Path=/SYS202100/GetList | IP=::1 | Start=2026-05-18 10:43:00.066 | Elapsed=10ms | Status=Completed
2026-05-18 10:43:03 | INF | CONTROLLER_EXEC | Acc= admin | IP=::1 | Path=SYS202100/GetDeptList | Message=GET /SYS202100/GetDeptList
2026-05-18 10:43:03 | INF | ACTION_TRACE | Acc=admin | Path=/SYS202100/GetDeptList | IP=::1 | Start=2026-05-18 10:43:03.744 | Elapsed=33ms | Status=Completed
2026-05-18 10:43:23 | INF | CONTROLLER_EXEC | Acc= admin | IP=::1 | Path=SYS202100/GetList | Message=POST /SYS202100/GetList
2026-05-18 10:43:23 | INF | ACTION_TRACE | Acc=admin | Path=/SYS202100/GetList | IP=::1 | Start=2026-05-18 10:43:23.698 | Elapsed=8ms | Status=Completed
2026-05-18 10:43:48 | INF | ACTION_TRACE | Acc=admin | Path=/Home/Index | IP=::1 | Start=2026-05-18 10:43:48.583 | Elapsed=39ms | Status=Completed
2026-05-18 10:43:50 | INF | ACTION_TRACE | Acc=admin | Path=/Home/GetMenu | IP=::1 | Start=2026-05-18 10:43:50.059 | Elapsed=6ms | Status=Completed
2026-05-18 10:43:53 | INF | CONTROLLER_EXEC | Acc= admin | IP=::1 | Path=SYS202100/SYS202100 | Message=GET /SYS202100/SYS202100
2026-05-18 10:43:53 | INF | ACTION_TRACE | Acc=admin | Path=/SYS202100/SYS202100 | IP=::1 | Start=2026-05-18 10:43:53.282 | Elapsed=39ms | Status=Completed
2026-05-18 10:43:53 | INF | CONTROLLER_EXEC | Acc= admin | IP=::1 | Path=SYS202100/GetDepartmentOptions | Message=GET /SYS202100/GetDepartmentOptions
2026-05-18 10:43:53 | INF | ACTION_TRACE | Acc=admin | Path=/SYS202100/GetDepartmentOptions | IP=::1 | Start=2026-05-18 10:43:53.332 | Elapsed=12ms | Status=Completed
2026-05-18 10:44:06 | INF | ACTION_TRACE | Acc=admin | Path=/Home/Index | IP=::1 | Start=2026-05-18 10:44:06.543 | Elapsed=15ms | Status=Completed
2026-05-18 10:44:07 | INF | ACTION_TRACE | Acc=admin | Path=/Home/GetMenu | IP=::1 | Start=2026-05-18 10:44:07.639 | Elapsed=8ms | Status=Completed
2026-05-18 10:44:08 | INF | CONTROLLER_EXEC | Acc= admin | IP=::1 | Path=SYS202100/SYS202100 | Message=GET /SYS202100/SYS202100
2026-05-18 10:44:08 | INF | ACTION_TRACE | Acc=admin | Path=/SYS202100/SYS202100 | IP=::1 | Start=2026-05-18 10:44:08.885 | Elapsed=5ms | Status=Completed
2026-05-18 10:44:08 | INF | CONTROLLER_EXEC | Acc= admin | IP=::1 | Path=SYS202100/GetDepartmentOptions | Message=GET /SYS202100/GetDepartmentOptions
2026-05-18 10:44:08 | INF | ACTION_TRACE | Acc=admin | Path=/SYS202100/GetDepartmentOptions | IP=::1 | Start=2026-05-18 10:44:08.899 | Elapsed=7ms | Status=Completed
2026-05-18 10:44:15 | INF | ACTION_TRACE | Acc=admin | Path=/Home/Index | IP=::1 | Start=2026-05-18 10:44:15.287 | Elapsed=57ms | Status=Completed
2026-05-18 10:44:15 | INF | ACTION_TRACE | Acc=admin | Path=/Home/Index | IP=::1 | Start=2026-05-18 10:44:15.319 | Elapsed=36ms | Status=Completed
2026-05-18 10:44:16 | INF | ACTION_TRACE | Acc=admin | Path=/Home/GetMenu | IP=::1 | Start=2026-05-18 10:44:16.663 | Elapsed=61ms | Status=Completed
2026-05-18 10:44:18 | INF | CONTROLLER_EXEC | Acc= admin | IP=::1 | Path=SYS202100/SYS202100 | Message=GET /SYS202100/SYS202100
2026-05-18 10:44:18 | INF | ACTION_TRACE | Acc=admin | Path=/SYS202100/SYS202100 | IP=::1 | Start=2026-05-18 10:44:18.005 | Elapsed=40ms | Status=Completed
2026-05-18 10:44:18 | INF | CONTROLLER_EXEC | Acc= admin | IP=::1 | Path=SYS202100/GetList | Message=POST /SYS202100/GetList
2026-05-18 10:44:18 | INF | ACTION_TRACE | Acc=admin | Path=/SYS202100/GetList | IP=::1 | Start=2026-05-18 10:44:18.070 | Elapsed=18ms | Status=Completed
2026-05-18 10:44:18 | INF | CONTROLLER_EXEC | Acc= admin | IP=::1 | Path=SYS202100/GetList | Message=POST /SYS202100/GetList
2026-05-18 10:44:18 | INF | ACTION_TRACE | Acc=admin | Path=/SYS202100/GetList | IP=::1 | Start=2026-05-18 10:44:18.105 | Elapsed=3ms | Status=Completed
2026-05-18 10:44:18 | INF | CONTROLLER_EXEC | Acc= admin | IP=::1 | Path=SYS202100/GetDepartmentOptions | Message=GET /SYS202100/GetDepartmentOptions
2026-05-18 10:44:18 | INF | ACTION_TRACE | Acc=admin | Path=/SYS202100/GetDepartmentOptions | IP=::1 | Start=2026-05-18 10:44:18.059 | Elapsed=60ms | Status=Completed
2026-05-18 10:44:38 | INF | ACTION_TRACE | Acc=admin | Path=/Home/Index | IP=::1 | Start=2026-05-18 10:44:38.412 | Elapsed=66ms | Status=Completed
2026-05-18 10:44:38 | INF | ACTION_TRACE | Acc=admin | Path=/Home/Index | IP=::1 | Start=2026-05-18 10:44:38.489 | Elapsed=68ms | Status=Completed
2026-05-18 10:44:40 | INF | ACTION_TRACE | Acc=admin | Path=/Home/GetMenu | IP=::1 | Start=2026-05-18 10:44:40.362 | Elapsed=51ms | Status=Completed
2026-05-18 10:44:41 | INF | CONTROLLER_EXEC | Acc= admin | IP=::1 | Path=SYS202100/SYS202100 | Message=GET /SYS202100/SYS202100
2026-05-18 10:44:41 | INF | ACTION_TRACE | Acc=admin | Path=/SYS202100/SYS202100 | IP=::1 | Start=2026-05-18 10:44:41.812 | Elapsed=40ms | Status=Completed
2026-05-18 10:44:41 | INF | CONTROLLER_EXEC | Acc= admin | IP=::1 | Path=SYS202100/GetDepartmentOptions | Message=GET /SYS202100/GetDepartmentOptions
2026-05-18 10:44:41 | INF | ACTION_TRACE | Acc=admin | Path=/SYS202100/GetDepartmentOptions | IP=::1 | Start=2026-05-18 10:44:41.863 | Elapsed=33ms | Status=Completed
2026-05-18 10:44:48 | INF | ACTION_TRACE | Acc=admin | Path=/Home/Index | IP=::1 | Start=2026-05-18 10:44:48.176 | Elapsed=16ms | Status=Completed
2026-05-18 10:44:48 | INF | ACTION_TRACE | Acc=admin | Path=/Home/GetMenu | IP=::1 | Start=2026-05-18 10:44:48.926 | Elapsed=48ms | Status=Completed
2026-05-18 10:44:50 | INF | CONTROLLER_EXEC | Acc= admin | IP=::1 | Path=SYS202100/SYS202100 | Message=GET /SYS202100/SYS202100
2026-05-18 10:44:50 | INF | ACTION_TRACE | Acc=admin | Path=/SYS202100/SYS202100 | IP=::1 | Start=2026-05-18 10:44:50.710 | Elapsed=2ms | Status=Completed
2026-05-18 10:44:50 | INF | CONTROLLER_EXEC | Acc= admin | IP=::1 | Path=SYS202100/GetDepartmentOptions | Message=GET /SYS202100/GetDepartmentOptions
2026-05-18 10:44:50 | INF | ACTION_TRACE | Acc=admin | Path=/SYS202100/GetDepartmentOptions | IP=::1 | Start=2026-05-18 10:44:50.723 | Elapsed=3ms | Status=Completed
2026-05-18 10:45:09 | INF | ACTION_TRACE | Acc=admin | Path=/.well-known/appspecific/com.chrome.devtools.json | IP=::1 | Start=2026-05-18 10:45:09.068 | Elapsed=0ms | Status=Completed
2026-05-18 10:45:09 | INF | ACTION_TRACE | Acc=admin | Path=/lib/html-to-image/html-to-image.js.map | IP=::1 | Start=2026-05-18 10:45:09.141 | Elapsed=0ms | Status=Completed
2026-05-18 10:45:12 | INF | ACTION_TRACE | Acc=admin | Path=/Home/Index | IP=::1 | Start=2026-05-18 10:45:12.418 | Elapsed=10ms | Status=Completed
2026-05-18 10:45:12 | INF | ACTION_TRACE | Acc=admin | Path=/.well-known/appspecific/com.chrome.devtools.json | IP=::1 | Start=2026-05-18 10:45:12.530 | Elapsed=0ms | Status=Completed
2026-05-18 10:45:12 | INF | ACTION_TRACE | Acc=admin | Path=/lib/html-to-image/html-to-image.js.map | IP=::1 | Start=2026-05-18 10:45:12.626 | Elapsed=0ms | Status=Completed
2026-05-18 10:45:14 | INF | ACTION_TRACE | Acc=admin | Path=/Home/GetMenu | IP=::1 | Start=2026-05-18 10:45:14.084 | Elapsed=8ms | Status=Completed
2026-05-18 10:45:17 | INF | CONTROLLER_EXEC | Acc= admin | IP=::1 | Path=SYS202100/SYS202100 | Message=GET /SYS202100/SYS202100
2026-05-18 10:45:17 | INF | ACTION_TRACE | Acc=admin | Path=/SYS202100/SYS202100 | IP=::1 | Start=2026-05-18 10:45:17.658 | Elapsed=5ms | Status=Completed
2026-05-18 10:45:17 | INF | CONTROLLER_EXEC | Acc= admin | IP=::1 | Path=SYS202100/GetDepartmentOptions | Message=GET /SYS202100/GetDepartmentOptions
2026-05-18 10:45:17 | INF | ACTION_TRACE | Acc=admin | Path=/SYS202100/GetDepartmentOptions | IP=::1 | Start=2026-05-18 10:45:17.692 | Elapsed=3ms | Status=Completed
2026-05-18 10:45:17 | INF | CONTROLLER_EXEC | Acc= admin | IP=::1 | Path=SYS202100/GetList | Message=POST /SYS202100/GetList
2026-05-18 10:45:17 | INF | ACTION_TRACE | Acc=admin | Path=/SYS202100/GetList | IP=::1 | Start=2026-05-18 10:45:17.726 | Elapsed=15ms | Status=Completed
2026-05-18 10:45:17 | INF | CONTROLLER_EXEC | Acc= admin | IP=::1 | Path=SYS202100/GetList | Message=POST /SYS202100/GetList
2026-05-18 10:45:17 | INF | ACTION_TRACE | Acc=admin | Path=/SYS202100/GetList | IP=::1 | Start=2026-05-18 10:45:17.774 | Elapsed=4ms | Status=Completed
2026-05-18 10:45:19 | INF | CONTROLLER_EXEC | Acc= admin | IP=::1 | Path=SYS202100/GetList | Message=POST /SYS202100/GetList
2026-05-18 10:45:19 | INF | ACTION_TRACE | Acc=admin | Path=/SYS202100/GetList | IP=::1 | Start=2026-05-18 10:45:19.775 | Elapsed=4ms | Status=Completed
2026-05-18 10:45:39 | INF | ACTION_TRACE | Acc=admin | Path=/Home/Index | IP=::1 | Start=2026-05-18 10:45:39.408 | Elapsed=13ms | Status=Completed
2026-05-18 10:45:43 | INF | ACTION_TRACE | Acc=admin | Path=/Home/Index | IP=::1 | Start=2026-05-18 10:45:43.639 | Elapsed=46ms | Status=Completed
2026-05-18 10:45:51 | INF | ACTION_TRACE | Acc=admin | Path=/Home/GetMenu | IP=::1 | Start=2026-05-18 10:45:51.669 | Elapsed=53ms | Status=Completed
2026-05-18 10:45:55 | INF | CONTROLLER_EXEC | Acc= admin | IP=::1 | Path=SYS202100/SYS202100 | Message=GET /SYS202100/SYS202100
2026-05-18 10:45:55 | INF | ACTION_TRACE | Acc=admin | Path=/SYS202100/SYS202100 | IP=::1 | Start=2026-05-18 10:45:55.661 | Elapsed=56ms | Status=Completed
2026-05-18 10:45:55 | INF | CONTROLLER_EXEC | Acc= admin | IP=::1 | Path=SYS202100/GetDepartmentOptions | Message=GET /SYS202100/GetDepartmentOptions
2026-05-18 10:45:55 | INF | ACTION_TRACE | Acc=admin | Path=/SYS202100/GetDepartmentOptions | IP=::1 | Start=2026-05-18 10:45:55.743 | Elapsed=18ms | Status=Completed
2026-05-18 10:45:55 | INF | CONTROLLER_EXEC | Acc= admin | IP=::1 | Path=SYS202100/GetList | Message=POST /SYS202100/GetList
2026-05-18 10:45:55 | INF | ACTION_TRACE | Acc=admin | Path=/SYS202100/GetList | IP=::1 | Start=2026-05-18 10:45:55.770 | Elapsed=19ms | Status=Completed
2026-05-18 10:45:55 | INF | CONTROLLER_EXEC | Acc= admin | IP=::1 | Path=SYS202100/GetList | Message=POST /SYS202100/GetList
2026-05-18 10:45:55 | INF | ACTION_TRACE | Acc=admin | Path=/SYS202100/GetList | IP=::1 | Start=2026-05-18 10:45:55.809 | Elapsed=3ms | Status=Completed
2026-05-18 10:48:37 | INF | CONTROLLER_EXEC | Acc= admin | IP=::1 | Path=SYS202100/GetList | Message=POST /SYS202100/GetList
2026-05-18 10:48:37 | INF | ACTION_TRACE | Acc=admin | Path=/SYS202100/GetList | IP=::1 | Start=2026-05-18 10:48:37.232 | Elapsed=8ms | Status=Completed
2026-05-18 11:51:51 | INF | ACTION_TRACE | Acc=admin | Path=/Home/Index | IP=::1 | Start=2026-05-18 11:51:51.299 | Elapsed=319ms | Status=Completed
2026-05-18 11:55:59 | INF | ACTION_TRACE | Acc=admin | Path=/Home/GetMenu | IP=::1 | Start=2026-05-18 11:55:59.871 | Elapsed=45ms | Status=Completed
2026-05-18 11:56:03 | INF | CONTROLLER_EXEC | Acc= admin | IP=::1 | Path=SYS202100/SYS202100 | Message=GET /SYS202100/SYS202100
2026-05-18 11:56:03 | INF | ACTION_TRACE | Acc=admin | Path=/SYS202100/SYS202100 | IP=::1 | Start=2026-05-18 11:56:03.184 | Elapsed=124ms | Status=Completed
2026-05-18 11:56:03 | INF | CONTROLLER_EXEC | Acc= admin | IP=::1 | Path=SYS202100/GetDepartmentOptions | Message=GET /SYS202100/GetDepartmentOptions
2026-05-18 11:56:03 | INF | ACTION_TRACE | Acc=admin | Path=/SYS202100/GetDepartmentOptions | IP=::1 | Start=2026-05-18 11:56:03.358 | Elapsed=79ms | Status=Completed
2026-05-18 11:56:27 | INF | ACTION_TRACE | Acc=admin | Path=/.well-known/appspecific/com.chrome.devtools.json | IP=::1 | Start=2026-05-18 11:56:27.038 | Elapsed=0ms | Status=Completed
2026-05-18 11:56:27 | INF | ACTION_TRACE | Acc=admin | Path=/lib/html-to-image/html-to-image.js.map | IP=::1 | Start=2026-05-18 11:56:27.108 | Elapsed=0ms | Status=Completed
2026-05-18 12:01:00 | WRN | No store type was specified for the decimal property 'OveMoney' on entity type 'HROvertime'. This will cause values to be silently truncated if they do not fit in the default precision and scale. Explicitly specify the SQL server column type that can accommodate all the values in 'OnModelCreating' using 'HasColumnType', specify precision and scale using 'HasPrecision', or configure a value converter using 'HasConversion'.
2026-05-18 12:01:00 | WRN | No store type was specified for the decimal property 'Wag1D1Hour' on entity type 'HRWage'. This will cause values to be silently truncated if they do not fit in the default precision and scale. Explicitly specify the SQL server column type that can accommodate all the values in 'OnModelCreating' using 'HasColumnType', specify precision and scale using 'HasPrecision', or configure a value converter using 'HasConversion'.
2026-05-18 12:01:00 | WRN | No store type was specified for the decimal property 'Wag2D1Hour' on entity type 'HRWage'. This will cause values to be silently truncated if they do not fit in the default precision and scale. Explicitly specify the SQL server column type that can accommodate all the values in 'OnModelCreating' using 'HasColumnType', specify precision and scale using 'HasPrecision', or configure a value converter using 'HasConversion'.
2026-05-18 12:01:00 | WRN | No store type was specified for the decimal property 'Wag4D3Hour' on entity type 'HRWage'. This will cause values to be silently truncated if they do not fit in the default precision and scale. Explicitly specify the SQL server column type that can accommodate all the values in 'OnModelCreating' using 'HasColumnType', specify precision and scale using 'HasPrecision', or configure a value converter using 'HasConversion'.
2026-05-18 12:01:00 | WRN | No store type was specified for the decimal property 'Wag5D3Hour' on entity type 'HRWage'. This will cause values to be silently truncated if they do not fit in the default precision and scale. Explicitly specify the SQL server column type that can accommodate all the values in 'OnModelCreating' using 'HasColumnType', specify precision and scale using 'HasPrecision', or configure a value converter using 'HasConversion'.
2026-05-18 12:01:00 | WRN | No store type was specified for the decimal property 'Wag8D3Hour' on entity type 'HRWage'. This will cause values to be silently truncated if they do not fit in the default precision and scale. Explicitly specify the SQL server column type that can accommodate all the values in 'OnModelCreating' using 'HasColumnType', specify precision and scale using 'HasPrecision', or configure a value converter using 'HasConversion'.
2026-05-18 12:01:00 | WRN | No store type was specified for the decimal property 'WagApplyHour' on entity type 'HRWage'. This will cause values to be silently truncated if they do not fit in the default precision and scale. Explicitly specify the SQL server column type that can accommodate all the values in 'OnModelCreating' using 'HasColumnType', specify precision and scale using 'HasPrecision', or configure a value converter using 'HasConversion'.
2026-05-18 12:01:00 | WRN | No store type was specified for the decimal property 'WagIssueHour' on entity type 'HRWage'. This will cause values to be silently truncated if they do not fit in the default precision and scale. Explicitly specify the SQL server column type that can accommodate all the values in 'OnModelCreating' using 'HasColumnType', specify precision and scale using 'HasPrecision', or configure a value converter using 'HasConversion'.
2026-05-18 12:01:00 | WRN | No store type was specified for the decimal property 'WagSubtotal' on entity type 'HRWage'. This will cause values to be silently truncated if they do not fit in the default precision and scale. Explicitly specify the SQL server column type that can accommodate all the values in 'OnModelCreating' using 'HasColumnType', specify precision and scale using 'HasPrecision', or configure a value converter using 'HasConversion'.
2026-05-18 12:01:06 | WRN | The query uses the 'First'/'FirstOrDefault' operator without 'OrderBy' and filter operators. This may lead to unpredictable results.
2026-05-18 12:01:07 | INF | ACTION_TRACE | Acc=admin | Path=/ | IP=::1 | Start=2026-05-18 12:00:59.686 | Elapsed=7597ms | Status=Completed
2026-05-18 12:01:07 | INF | NETWORK_UNSTABLE | Acc=admin | Path=/ | Reason=SlowRequest 7597ms
2026-05-18 12:01:07 | INF | ACTION_TRACE | Acc=admin | Path=/Captcha/Generate | IP=::1 | Start=2026-05-18 12:01:07.574 | Elapsed=51ms | Status=Completed
2026-05-18 12:01:07 | INF | ACTION_TRACE | Acc=admin | Path=/DNTCaptchaImage/Show | IP=::1 | Start=2026-05-18 12:01:07.803 | Elapsed=123ms | Status=Completed
2026-05-18 12:01:19 | INF | ACTION_TRACE | Acc=admin | Path=/Account/Login | IP=::1 | Start=2026-05-18 12:01:12.282 | Elapsed=7610ms | Status=Completed
2026-05-18 12:01:19 | INF | NETWORK_UNSTABLE | Acc=admin | Path=/Account/Login | Reason=SlowRequest 7610ms
2026-05-18 12:01:20 | INF | ACTION_TRACE | Acc=admin | Path=/Home/Index | IP=::1 | Start=2026-05-18 12:01:19.914 | Elapsed=322ms | Status=Completed
2026-05-18 12:01:26 | INF | ACTION_TRACE | Acc=admin | Path=/Home/GetMenu | IP=::1 | Start=2026-05-18 12:01:26.757 | Elapsed=44ms | Status=Completed
2026-05-18 12:01:29 | INF | CONTROLLER_EXEC | Acc= admin | IP=::1 | Path=SYS202100/SYS202100 | Message=GET /SYS202100/SYS202100
2026-05-18 12:01:29 | INF | ACTION_TRACE | Acc=admin | Path=/SYS202100/SYS202100 | IP=::1 | Start=2026-05-18 12:01:29.532 | Elapsed=100ms | Status=Completed
2026-05-18 12:01:29 | INF | CONTROLLER_EXEC | Acc= admin | IP=::1 | Path=SYS202100/GetDepartmentOptions | Message=GET /SYS202100/GetDepartmentOptions
2026-05-18 12:01:29 | INF | ACTION_TRACE | Acc=admin | Path=/SYS202100/GetDepartmentOptions | IP=::1 | Start=2026-05-18 12:01:29.674 | Elapsed=90ms | Status=Completed
2026-05-18 12:01:32 | INF | ACTION_TRACE | Acc=admin | Path=/.well-known/appspecific/com.chrome.devtools.json | IP=::1 | Start=2026-05-18 12:01:32.670 | Elapsed=0ms | Status=Completed
2026-05-18 12:01:32 | INF | ACTION_TRACE | Acc=admin | Path=/lib/html-to-image/html-to-image.js.map | IP=::1 | Start=2026-05-18 12:01:32.804 | Elapsed=0ms | Status=Completed
2026-05-18 13:41:27 | INF | ACTION_TRACE | Acc=admin | Path=/Home/Index | IP=::1 | Start=2026-05-18 13:41:27.650 | Elapsed=293ms | Status=Completed
2026-05-18 13:41:35 | INF | ACTION_TRACE | Acc=admin | Path=/Home/GetMenu | IP=::1 | Start=2026-05-18 13:41:35.560 | Elapsed=15ms | Status=Completed
2026-05-18 13:41:39 | INF | CONTROLLER_EXEC | Acc= admin | IP=::1 | Path=SYS202100/SYS202100 | Message=GET /SYS202100/SYS202100
2026-05-18 13:41:39 | INF | ACTION_TRACE | Acc=admin | Path=/SYS202100/SYS202100 | IP=::1 | Start=2026-05-18 13:41:39.704 | Elapsed=74ms | Status=Completed
2026-05-18 13:41:39 | INF | CONTROLLER_EXEC | Acc= admin | IP=::1 | Path=SYS202100/GetDepartmentOptions | Message=GET /SYS202100/GetDepartmentOptions
2026-05-18 13:41:39 | INF | ACTION_TRACE | Acc=admin | Path=/SYS202100/GetDepartmentOptions | IP=::1 | Start=2026-05-18 13:41:39.814 | Elapsed=51ms | Status=Completed
2026-05-18 13:41:50 | INF | ACTION_TRACE | Acc=admin | Path=/.well-known/appspecific/com.chrome.devtools.json | IP=::1 | Start=2026-05-18 13:41:50.305 | Elapsed=0ms | Status=Completed
2026-05-18 13:41:50 | INF | ACTION_TRACE | Acc=admin | Path=/lib/html-to-image/html-to-image.js.map | IP=::1 | Start=2026-05-18 13:41:50.454 | Elapsed=0ms | Status=Completed
2026-05-18 13:41:56 | INF | ACTION_TRACE | Acc=admin | Path=/Home/Index | IP=::1 | Start=2026-05-18 13:41:56.153 | Elapsed=21ms | Status=Completed
2026-05-18 13:41:56 | INF | ACTION_TRACE | Acc=admin | Path=/.well-known/appspecific/com.chrome.devtools.json | IP=::1 | Start=2026-05-18 13:41:56.224 | Elapsed=0ms | Status=Completed
2026-05-18 13:41:56 | INF | ACTION_TRACE | Acc=admin | Path=/lib/html-to-image/html-to-image.js.map | IP=::1 | Start=2026-05-18 13:41:56.505 | Elapsed=0ms | Status=Completed
2026-05-18 13:41:58 | INF | ACTION_TRACE | Acc=admin | Path=/Home/GetMenu | IP=::1 | Start=2026-05-18 13:41:58.960 | Elapsed=14ms | Status=Completed
2026-05-18 13:42:04 | INF | CONTROLLER_EXEC | Acc= admin | IP=::1 | Path=SYS202100/SYS202100 | Message=GET /SYS202100/SYS202100
2026-05-18 13:42:04 | INF | ACTION_TRACE | Acc=admin | Path=/SYS202100/SYS202100 | IP=::1 | Start=2026-05-18 13:42:04.876 | Elapsed=15ms | Status=Completed
2026-05-18 13:42:04 | INF | CONTROLLER_EXEC | Acc= admin | IP=::1 | Path=SYS202100/GetDepartmentOptions | Message=GET /SYS202100/GetDepartmentOptions
2026-05-18 13:42:04 | INF | ACTION_TRACE | Acc=admin | Path=/SYS202100/GetDepartmentOptions | IP=::1 | Start=2026-05-18 13:42:04.929 | Elapsed=16ms | Status=Completed
2026-05-18 13:44:29 | WRN | No store type was specified for the decimal property 'OveMoney' on entity type 'HROvertime'. This will cause values to be silently truncated if they do not fit in the default precision and scale. Explicitly specify the SQL server column type that can accommodate all the values in 'OnModelCreating' using 'HasColumnType', specify precision and scale using 'HasPrecision', or configure a value converter using 'HasConversion'.
2026-05-18 13:44:29 | WRN | No store type was specified for the decimal property 'Wag1D1Hour' on entity type 'HRWage'. This will cause values to be silently truncated if they do not fit in the default precision and scale. Explicitly specify the SQL server column type that can accommodate all the values in 'OnModelCreating' using 'HasColumnType', specify precision and scale using 'HasPrecision', or configure a value converter using 'HasConversion'.
2026-05-18 13:44:29 | WRN | No store type was specified for the decimal property 'Wag2D1Hour' on entity type 'HRWage'. This will cause values to be silently truncated if they do not fit in the default precision and scale. Explicitly specify the SQL server column type that can accommodate all the values in 'OnModelCreating' using 'HasColumnType', specify precision and scale using 'HasPrecision', or configure a value converter using 'HasConversion'.
2026-05-18 13:44:29 | WRN | No store type was specified for the decimal property 'Wag4D3Hour' on entity type 'HRWage'. This will cause values to be silently truncated if they do not fit in the default precision and scale. Explicitly specify the SQL server column type that can accommodate all the values in 'OnModelCreating' using 'HasColumnType', specify precision and scale using 'HasPrecision', or configure a value converter using 'HasConversion'.
2026-05-18 13:44:29 | WRN | No store type was specified for the decimal property 'Wag5D3Hour' on entity type 'HRWage'. This will cause values to be silently truncated if they do not fit in the default precision and scale. Explicitly specify the SQL server column type that can accommodate all the values in 'OnModelCreating' using 'HasColumnType', specify precision and scale using 'HasPrecision', or configure a value converter using 'HasConversion'.
2026-05-18 13:44:29 | WRN | No store type was specified for the decimal property 'Wag8D3Hour' on entity type 'HRWage'. This will cause values to be silently truncated if they do not fit in the default precision and scale. Explicitly specify the SQL server column type that can accommodate all the values in 'OnModelCreating' using 'HasColumnType', specify precision and scale using 'HasPrecision', or configure a value converter using 'HasConversion'.
2026-05-18 13:44:29 | WRN | No store type was specified for the decimal property 'WagApplyHour' on entity type 'HRWage'. This will cause values to be silently truncated if they do not fit in the default precision and scale. Explicitly specify the SQL server column type that can accommodate all the values in 'OnModelCreating' using 'HasColumnType', specify precision and scale using 'HasPrecision', or configure a value converter using 'HasConversion'.
2026-05-18 13:44:29 | WRN | No store type was specified for the decimal property 'WagIssueHour' on entity type 'HRWage'. This will cause values to be silently truncated if they do not fit in the default precision and scale. Explicitly specify the SQL server column type that can accommodate all the values in 'OnModelCreating' using 'HasColumnType', specify precision and scale using 'HasPrecision', or configure a value converter using 'HasConversion'.
2026-05-18 13:44:29 | WRN | No store type was specified for the decimal property 'WagSubtotal' on entity type 'HRWage'. This will cause values to be silently truncated if they do not fit in the default precision and scale. Explicitly specify the SQL server column type that can accommodate all the values in 'OnModelCreating' using 'HasColumnType', specify precision and scale using 'HasPrecision', or configure a value converter using 'HasConversion'.
2026-05-18 13:44:34 | WRN | The query uses the 'First'/'FirstOrDefault' operator without 'OrderBy' and filter operators. This may lead to unpredictable results.
2026-05-18 13:44:35 | INF | ACTION_TRACE | Acc=admin | Path=/ | IP=::1 | Start=2026-05-18 13:44:28.639 | Elapsed=7313ms | Status=Completed
2026-05-18 13:44:35 | INF | NETWORK_UNSTABLE | Acc=admin | Path=/ | Reason=SlowRequest 7313ms
2026-05-18 13:44:36 | INF | ACTION_TRACE | Acc=admin | Path=/Captcha/Generate | IP=::1 | Start=2026-05-18 13:44:36.315 | Elapsed=39ms | Status=Completed
2026-05-18 13:44:36 | INF | ACTION_TRACE | Acc=admin | Path=/DNTCaptchaImage/Show | IP=::1 | Start=2026-05-18 13:44:36.445 | Elapsed=107ms | Status=Completed
2026-05-18 13:44:49 | INF | ACTION_TRACE | Acc=admin | Path=/Account/Login | IP=::1 | Start=2026-05-18 13:44:42.559 | Elapsed=6883ms | Status=Completed
2026-05-18 13:44:49 | INF | NETWORK_UNSTABLE | Acc=admin | Path=/Account/Login | Reason=SlowRequest 6883ms
2026-05-18 13:44:49 | INF | ACTION_TRACE | Acc=admin | Path=/Home/Index | IP=::1 | Start=2026-05-18 13:44:49.461 | Elapsed=228ms | Status=Completed
2026-05-18 13:44:58 | INF | ACTION_TRACE | Acc=admin | Path=/Home/GetMenu | IP=::1 | Start=2026-05-18 13:44:58.136 | Elapsed=17ms | Status=Completed
2026-05-18 13:45:03 | INF | CONTROLLER_EXEC | Acc= admin | IP=::1 | Path=SYS202100/SYS202100 | Message=GET /SYS202100/SYS202100
2026-05-18 13:45:03 | INF | ACTION_TRACE | Acc=admin | Path=/SYS202100/SYS202100 | IP=::1 | Start=2026-05-18 13:45:03.372 | Elapsed=75ms | Status=Completed
2026-05-18 13:45:03 | INF | CONTROLLER_EXEC | Acc= admin | IP=::1 | Path=SYS202100/GetDepartmentOptions | Message=GET /SYS202100/GetDepartmentOptions
2026-05-18 13:45:03 | INF | ACTION_TRACE | Acc=admin | Path=/SYS202100/GetDepartmentOptions | IP=::1 | Start=2026-05-18 13:45:03.495 | Elapsed=51ms | Status=Completed
2026-05-18 13:45:08 | INF | ACTION_TRACE | Acc=admin | Path=/.well-known/appspecific/com.chrome.devtools.json | IP=::1 | Start=2026-05-18 13:45:08.688 | Elapsed=0ms | Status=Completed
2026-05-18 13:45:08 | INF | ACTION_TRACE | Acc=admin | Path=/lib/html-to-image/html-to-image.js.map | IP=::1 | Start=2026-05-18 13:45:08.819 | Elapsed=0ms | Status=Completed
2026-05-18 13:45:15 | INF | ACTION_TRACE | Acc=admin | Path=/Home/Index | IP=::1 | Start=2026-05-18 13:45:15.314 | Elapsed=24ms | Status=Completed
2026-05-18 13:45:15 | INF | ACTION_TRACE | Acc=admin | Path=/.well-known/appspecific/com.chrome.devtools.json | IP=::1 | Start=2026-05-18 13:45:15.489 | Elapsed=0ms | Status=Completed
2026-05-18 13:45:15 | INF | ACTION_TRACE | Acc=admin | Path=/lib/html-to-image/html-to-image.js.map | IP=::1 | Start=2026-05-18 13:45:15.575 | Elapsed=0ms | Status=Completed
2026-05-18 13:45:16 | INF | ACTION_TRACE | Acc=admin | Path=/Home/Index | IP=::1 | Start=2026-05-18 13:45:16.444 | Elapsed=17ms | Status=Completed
2026-05-18 13:45:16 | INF | ACTION_TRACE | Acc=admin | Path=/.well-known/appspecific/com.chrome.devtools.json | IP=::1 | Start=2026-05-18 13:45:16.609 | Elapsed=0ms | Status=Completed
2026-05-18 13:45:16 | INF | ACTION_TRACE | Acc=admin | Path=/lib/html-to-image/html-to-image.js.map | IP=::1 | Start=2026-05-18 13:45:16.691 | Elapsed=0ms | Status=Completed
2026-05-18 13:45:17 | INF | ACTION_TRACE | Acc=admin | Path=/Home/GetMenu | IP=::1 | Start=2026-05-18 13:45:17.201 | Elapsed=12ms | Status=Completed
2026-05-18 13:45:20 | INF | CONTROLLER_EXEC | Acc= admin | IP=::1 | Path=SYS202100/SYS202100 | Message=GET /SYS202100/SYS202100
2026-05-18 13:45:20 | INF | ACTION_TRACE | Acc=admin | Path=/SYS202100/SYS202100 | IP=::1 | Start=2026-05-18 13:45:20.538 | Elapsed=9ms | Status=Completed
2026-05-18 13:45:20 | INF | CONTROLLER_EXEC | Acc= admin | IP=::1 | Path=SYS202100/GetDepartmentOptions | Message=GET /SYS202100/GetDepartmentOptions
2026-05-18 13:45:20 | INF | ACTION_TRACE | Acc=admin | Path=/SYS202100/GetDepartmentOptions | IP=::1 | Start=2026-05-18 13:45:20.597 | Elapsed=8ms | Status=Completed
2026-05-18 13:45:20 | INF | CONTROLLER_EXEC | Acc= admin | IP=::1 | Path=SYS202100/GetList | Message=POST /SYS202100/GetList
2026-05-18 13:45:20 | INF | ACTION_TRACE | Acc=admin | Path=/SYS202100/GetList | IP=::1 | Start=2026-05-18 13:45:20.623 | Elapsed=101ms | Status=Completed
2026-05-18 13:45:20 | INF | CONTROLLER_EXEC | Acc= admin | IP=::1 | Path=SYS202100/GetList | Message=POST /SYS202100/GetList
2026-05-18 13:45:20 | INF | ACTION_TRACE | Acc=admin | Path=/SYS202100/GetList | IP=::1 | Start=2026-05-18 13:45:20.772 | Elapsed=5ms | Status=Completed
2026-05-18 13:45:22 | INF | CONTROLLER_EXEC | Acc= admin | IP=::1 | Path=SYS202100/GetList | Message=POST /SYS202100/GetList
2026-05-18 13:45:22 | INF | ACTION_TRACE | Acc=admin | Path=/SYS202100/GetList | IP=::1 | Start=2026-05-18 13:45:22.624 | Elapsed=8ms | Status=Completed
2026-05-18 14:28:04 | WRN | No store type was specified for the decimal property 'OveMoney' on entity type 'HROvertime'. This will cause values to be silently truncated if they do not fit in the default precision and scale. Explicitly specify the SQL server column type that can accommodate all the values in 'OnModelCreating' using 'HasColumnType', specify precision and scale using 'HasPrecision', or configure a value converter using 'HasConversion'.
2026-05-18 14:28:04 | WRN | No store type was specified for the decimal property 'Wag1D1Hour' on entity type 'HRWage'. This will cause values to be silently truncated if they do not fit in the default precision and scale. Explicitly specify the SQL server column type that can accommodate all the values in 'OnModelCreating' using 'HasColumnType', specify precision and scale using 'HasPrecision', or configure a value converter using 'HasConversion'.
2026-05-18 14:28:04 | WRN | No store type was specified for the decimal property 'Wag2D1Hour' on entity type 'HRWage'. This will cause values to be silently truncated if they do not fit in the default precision and scale. Explicitly specify the SQL server column type that can accommodate all the values in 'OnModelCreating' using 'HasColumnType', specify precision and scale using 'HasPrecision', or configure a value converter using 'HasConversion'.
2026-05-18 14:28:04 | WRN | No store type was specified for the decimal property 'Wag4D3Hour' on entity type 'HRWage'. This will cause values to be silently truncated if they do not fit in the default precision and scale. Explicitly specify the SQL server column type that can accommodate all the values in 'OnModelCreating' using 'HasColumnType', specify precision and scale using 'HasPrecision', or configure a value converter using 'HasConversion'.
2026-05-18 14:28:04 | WRN | No store type was specified for the decimal property 'Wag5D3Hour' on entity type 'HRWage'. This will cause values to be silently truncated if they do not fit in the default precision and scale. Explicitly specify the SQL server column type that can accommodate all the values in 'OnModelCreating' using 'HasColumnType', specify precision and scale using 'HasPrecision', or configure a value converter using 'HasConversion'.
2026-05-18 14:28:04 | WRN | No store type was specified for the decimal property 'Wag8D3Hour' on entity type 'HRWage'. This will cause values to be silently truncated if they do not fit in the default precision and scale. Explicitly specify the SQL server column type that can accommodate all the values in 'OnModelCreating' using 'HasColumnType', specify precision and scale using 'HasPrecision', or configure a value converter using 'HasConversion'.
2026-05-18 14:28:04 | WRN | No store type was specified for the decimal property 'WagApplyHour' on entity type 'HRWage'. This will cause values to be silently truncated if they do not fit in the default precision and scale. Explicitly specify the SQL server column type that can accommodate all the values in 'OnModelCreating' using 'HasColumnType', specify precision and scale using 'HasPrecision', or configure a value converter using 'HasConversion'.
2026-05-18 14:28:04 | WRN | No store type was specified for the decimal property 'WagIssueHour' on entity type 'HRWage'. This will cause values to be silently truncated if they do not fit in the default precision and scale. Explicitly specify the SQL server column type that can accommodate all the values in 'OnModelCreating' using 'HasColumnType', specify precision and scale using 'HasPrecision', or configure a value converter using 'HasConversion'.
2026-05-18 14:28:04 | WRN | No store type was specified for the decimal property 'WagSubtotal' on entity type 'HRWage'. This will cause values to be silently truncated if they do not fit in the default precision and scale. Explicitly specify the SQL server column type that can accommodate all the values in 'OnModelCreating' using 'HasColumnType', specify precision and scale using 'HasPrecision', or configure a value converter using 'HasConversion'.
2026-05-18 14:28:09 | WRN | The query uses the 'First'/'FirstOrDefault' operator without 'OrderBy' and filter operators. This may lead to unpredictable results.
2026-05-18 14:28:10 | INF | ACTION_TRACE | Acc=admin | Path=/ | IP=::1 | Start=2026-05-18 14:28:03.643 | Elapsed=7289ms | Status=Completed
2026-05-18 14:28:10 | INF | NETWORK_UNSTABLE | Acc=admin | Path=/ | Reason=SlowRequest 7289ms
2026-05-18 14:28:11 | INF | ACTION_TRACE | Acc=admin | Path=/Captcha/Generate | IP=::1 | Start=2026-05-18 14:28:11.156 | Elapsed=46ms | Status=Completed
2026-05-18 14:28:11 | INF | ACTION_TRACE | Acc=admin | Path=/DNTCaptchaImage/Show | IP=::1 | Start=2026-05-18 14:28:11.223 | Elapsed=122ms | Status=Completed
2026-05-18 14:28:27 | INF | ACTION_TRACE | Acc=admin | Path=/Account/Login | IP=::1 | Start=2026-05-18 14:28:19.249 | Elapsed=8604ms | Status=Completed
2026-05-18 14:28:27 | INF | NETWORK_UNSTABLE | Acc=admin | Path=/Account/Login | Reason=SlowRequest 8604ms
2026-05-18 14:28:28 | INF | ACTION_TRACE | Acc=admin | Path=/Home/Index | IP=::1 | Start=2026-05-18 14:28:27.870 | Elapsed=338ms | Status=Completed
2026-05-18 14:28:57 | INF | ACTION_TRACE | Acc=admin | Path=/Home/GetMenu | IP=::1 | Start=2026-05-18 14:28:57.830 | Elapsed=40ms | Status=Completed
2026-05-18 14:29:00 | INF | CONTROLLER_EXEC | Acc= admin | IP=::1 | Path=SYS202100/SYS202100 | Message=GET /SYS202100/SYS202100
2026-05-18 14:29:00 | INF | ACTION_TRACE | Acc=admin | Path=/SYS202100/SYS202100 | IP=::1 | Start=2026-05-18 14:29:00.658 | Elapsed=99ms | Status=Completed
2026-05-18 14:29:00 | INF | CONTROLLER_EXEC | Acc= admin | IP=::1 | Path=SYS202100/GetDepartmentOptions | Message=GET /SYS202100/GetDepartmentOptions
2026-05-18 14:29:00 | INF | ACTION_TRACE | Acc=admin | Path=/SYS202100/GetDepartmentOptions | IP=::1 | Start=2026-05-18 14:29:00.783 | Elapsed=83ms | Status=Completed
2026-05-18 14:29:00 | INF | CONTROLLER_EXEC | Acc= admin | IP=::1 | Path=SYS202100/GetList | Message=POST /SYS202100/GetList
2026-05-18 14:29:00 | INF | ACTION_TRACE | Acc=admin | Path=/SYS202100/GetList | IP=::1 | Start=2026-05-18 14:29:00.827 | Elapsed=85ms | Status=Completed
2026-05-18 14:29:00 | INF | CONTROLLER_EXEC | Acc= admin | IP=::1 | Path=SYS202100/GetList | Message=POST /SYS202100/GetList
2026-05-18 14:29:00 | INF | ACTION_TRACE | Acc=admin | Path=/SYS202100/GetList | IP=::1 | Start=2026-05-18 14:29:00.946 | Elapsed=14ms | Status=Completed
2026-05-18 14:29:05 | INF | CONTROLLER_EXEC | Acc= admin | IP=::1 | Path=SYS202100/GetDeptList | Message=GET /SYS202100/GetDeptList
2026-05-18 14:29:05 | INF | ACTION_TRACE | Acc=admin | Path=/SYS202100/GetDeptList | IP=::1 | Start=2026-05-18 14:29:05.654 | Elapsed=28ms | Status=Completed
2026-05-18 14:29:12 | INF | CONTROLLER_EXEC | Acc= admin | IP=::1 | Path=SYS202100/GetByVariable | Message=GET /SYS202100/GetByVariable
2026-05-18 14:29:12 | INF | ACTION_TRACE | Acc=admin | Path=/SYS202100/GetByVariable | IP=::1 | Start=2026-05-18 14:29:12.454 | Elapsed=34ms | Status=Completed
2026-05-18 14:29:15 | INF | CONTROLLER_EXEC | Acc= admin | IP=::1 | Path=SYS202100/GetDeptList | Message=GET /SYS202100/GetDeptList
2026-05-18 14:29:15 | INF | ACTION_TRACE | Acc=admin | Path=/SYS202100/GetDeptList | IP=::1 | Start=2026-05-18 14:29:15.067 | Elapsed=11ms | Status=Completed
2026-05-18 14:29:20 | INF | CONTROLLER_EXEC | Acc= admin | IP=::1 | Path=SYS202100/GetByVariable | Message=GET /SYS202100/GetByVariable
2026-05-18 14:29:20 | INF | ACTION_TRACE | Acc=admin | Path=/SYS202100/GetByVariable | IP=::1 | Start=2026-05-18 14:29:20.391 | Elapsed=3ms | Status=Completed
2026-05-18 14:29:25 | INF | CONTROLLER_EXEC | Acc= admin | IP=::1 | Path=SYS202100/GetDeptList | Message=GET /SYS202100/GetDeptList
2026-05-18 14:29:25 | INF | ACTION_TRACE | Acc=admin | Path=/SYS202100/GetDeptList | IP=::1 | Start=2026-05-18 14:29:25.366 | Elapsed=3ms | Status=Completed
2026-05-18 14:30:39 | INF | CONTROLLER_EXEC | Acc= admin | IP=::1 | Path=SYS202100/GetDeptList | Message=GET /SYS202100/GetDeptList
2026-05-18 14:30:39 | INF | ACTION_TRACE | Acc=admin | Path=/SYS202100/GetDeptList | IP=::1 | Start=2026-05-18 14:30:39.336 | Elapsed=3ms | Status=Completed
2026-05-18 14:31:28 | INF | CONTROLLER_EXEC | Acc= admin | IP=::1 | Path=SYS202100/GetByVariable | Message=GET /SYS202100/GetByVariable
2026-05-18 14:31:28 | INF | ACTION_TRACE | Acc=admin | Path=/SYS202100/GetByVariable | IP=::1 | Start=2026-05-18 14:31:28.011 | Elapsed=5ms | Status=Completed
2026-05-18 14:31:38 | INF | CONTROLLER_EXEC | Acc= admin | IP=::1 | Path=SYS202100/GetDeptList | Message=GET /SYS202100/GetDeptList
2026-05-18 14:31:38 | INF | ACTION_TRACE | Acc=admin | Path=/SYS202100/GetDeptList | IP=::1 | Start=2026-05-18 14:31:38.455 | Elapsed=6ms | Status=Completed
2026-05-18 14:32:25 | INF | CONTROLLER_EXEC | Acc= admin | IP=::1 | Path=SYS202100/GetByVariable | Message=GET /SYS202100/GetByVariable
2026-05-18 14:32:25 | INF | ACTION_TRACE | Acc=admin | Path=/SYS202100/GetByVariable | IP=::1 | Start=2026-05-18 14:32:25.113 | Elapsed=36ms | Status=Completed
2026-05-18 14:32:29 | INF | CONTROLLER_EXEC | Acc= admin | IP=::1 | Path=SYS202100/GetDeptList | Message=GET /SYS202100/GetDeptList
2026-05-18 14:32:29 | INF | ACTION_TRACE | Acc=admin | Path=/SYS202100/GetDeptList | IP=::1 | Start=2026-05-18 14:32:29.709 | Elapsed=3ms | Status=Completed
2026-05-18 14:34:40 | INF | CONTROLLER_EXEC | Acc= admin | IP=::1 | Path=SYS202100/GetDeptList | Message=GET /SYS202100/GetDeptList
2026-05-18 14:34:40 | INF | ACTION_TRACE | Acc=admin | Path=/SYS202100/GetDeptList | IP=::1 | Start=2026-05-18 14:34:40.990 | Elapsed=5ms | Status=Completed
2026-05-18 14:34:45 | INF | ACTION_TRACE | Acc=admin | Path=/Home/Index | IP=::1 | Start=2026-05-18 14:34:45.817 | Elapsed=17ms | Status=Completed
2026-05-18 14:35:01 | INF | ACTION_TRACE | Acc=admin | Path=/Home/Index | IP=::1 | Start=2026-05-18 14:35:01.407 | Elapsed=18ms | Status=Completed
2026-05-18 15:21:00 | WRN | No store type was specified for the decimal property 'OveMoney' on entity type 'HROvertime'. This will cause values to be silently truncated if they do not fit in the default precision and scale. Explicitly specify the SQL server column type that can accommodate all the values in 'OnModelCreating' using 'HasColumnType', specify precision and scale using 'HasPrecision', or configure a value converter using 'HasConversion'.
2026-05-18 15:21:00 | WRN | No store type was specified for the decimal property 'Wag1D1Hour' on entity type 'HRWage'. This will cause values to be silently truncated if they do not fit in the default precision and scale. Explicitly specify the SQL server column type that can accommodate all the values in 'OnModelCreating' using 'HasColumnType', specify precision and scale using 'HasPrecision', or configure a value converter using 'HasConversion'.
2026-05-18 15:21:00 | WRN | No store type was specified for the decimal property 'Wag2D1Hour' on entity type 'HRWage'. This will cause values to be silently truncated if they do not fit in the default precision and scale. Explicitly specify the SQL server column type that can accommodate all the values in 'OnModelCreating' using 'HasColumnType', specify precision and scale using 'HasPrecision', or configure a value converter using 'HasConversion'.
2026-05-18 15:21:00 | WRN | No store type was specified for the decimal property 'Wag4D3Hour' on entity type 'HRWage'. This will cause values to be silently truncated if they do not fit in the default precision and scale. Explicitly specify the SQL server column type that can accommodate all the values in 'OnModelCreating' using 'HasColumnType', specify precision and scale using 'HasPrecision', or configure a value converter using 'HasConversion'.
2026-05-18 15:21:00 | WRN | No store type was specified for the decimal property 'Wag5D3Hour' on entity type 'HRWage'. This will cause values to be silently truncated if they do not fit in the default precision and scale. Explicitly specify the SQL server column type that can accommodate all the values in 'OnModelCreating' using 'HasColumnType', specify precision and scale using 'HasPrecision', or configure a value converter using 'HasConversion'.
2026-05-18 15:21:00 | WRN | No store type was specified for the decimal property 'Wag8D3Hour' on entity type 'HRWage'. This will cause values to be silently truncated if they do not fit in the default precision and scale. Explicitly specify the SQL server column type that can accommodate all the values in 'OnModelCreating' using 'HasColumnType', specify precision and scale using 'HasPrecision', or configure a value converter using 'HasConversion'.
2026-05-18 15:21:00 | WRN | No store type was specified for the decimal property 'WagApplyHour' on entity type 'HRWage'. This will cause values to be silently truncated if they do not fit in the default precision and scale. Explicitly specify the SQL server column type that can accommodate all the values in 'OnModelCreating' using 'HasColumnType', specify precision and scale using 'HasPrecision', or configure a value converter using 'HasConversion'.
2026-05-18 15:21:00 | WRN | No store type was specified for the decimal property 'WagIssueHour' on entity type 'HRWage'. This will cause values to be silently truncated if they do not fit in the default precision and scale. Explicitly specify the SQL server column type that can accommodate all the values in 'OnModelCreating' using 'HasColumnType', specify precision and scale using 'HasPrecision', or configure a value converter using 'HasConversion'.
2026-05-18 15:21:00 | WRN | No store type was specified for the decimal property 'WagSubtotal' on entity type 'HRWage'. This will cause values to be silently truncated if they do not fit in the default precision and scale. Explicitly specify the SQL server column type that can accommodate all the values in 'OnModelCreating' using 'HasColumnType', specify precision and scale using 'HasPrecision', or configure a value converter using 'HasConversion'.
2026-05-18 15:21:05 | WRN | The query uses the 'First'/'FirstOrDefault' operator without 'OrderBy' and filter operators. This may lead to unpredictable results.
2026-05-18 15:21:06 | INF | ACTION_TRACE | Acc=admin | Path=/ | IP=::1 | Start=2026-05-18 15:20:59.359 | Elapsed=7414ms | Status=Completed
2026-05-18 15:21:06 | INF | NETWORK_UNSTABLE | Acc=admin | Path=/ | Reason=SlowRequest 7414ms
2026-05-18 15:21:07 | INF | ACTION_TRACE | Acc=admin | Path=/Captcha/Generate | IP=::1 | Start=2026-05-18 15:21:07.029 | Elapsed=40ms | Status=Completed
2026-05-18 15:21:07 | INF | ACTION_TRACE | Acc=admin | Path=/DNTCaptchaImage/Show | IP=::1 | Start=2026-05-18 15:21:07.099 | Elapsed=127ms | Status=Completed
2026-05-18 15:21:20 | INF | ACTION_TRACE | Acc=admin | Path=/Account/Login | IP=::1 | Start=2026-05-18 15:21:11.936 | Elapsed=8575ms | Status=Completed
2026-05-18 15:21:20 | INF | NETWORK_UNSTABLE | Acc=admin | Path=/Account/Login | Reason=SlowRequest 8575ms
2026-05-18 15:21:20 | INF | ACTION_TRACE | Acc=admin | Path=/Home/Index | IP=::1 | Start=2026-05-18 15:21:20.529 | Elapsed=301ms | Status=Completed
2026-05-18 15:21:24 | INF | ACTION_TRACE | Acc=admin | Path=/Home/GetMenu | IP=::1 | Start=2026-05-18 15:21:24.859 | Elapsed=42ms | Status=Completed
2026-05-18 15:21:29 | INF | CONTROLLER_EXEC | Acc= admin | IP=::1 | Path=SYS202100/SYS202100 | Message=GET /SYS202100/SYS202100
2026-05-18 15:21:29 | INF | ACTION_TRACE | Acc=admin | Path=/SYS202100/SYS202100 | IP=::1 | Start=2026-05-18 15:21:29.493 | Elapsed=78ms | Status=Completed
2026-05-18 15:21:29 | INF | CONTROLLER_EXEC | Acc= admin | IP=::1 | Path=SYS202100/GetDepartmentOptions | Message=GET /SYS202100/GetDepartmentOptions
2026-05-18 15:21:29 | INF | ACTION_TRACE | Acc=admin | Path=/SYS202100/GetDepartmentOptions | IP=::1 | Start=2026-05-18 15:21:29.629 | Elapsed=72ms | Status=Completed
2026-05-18 15:21:29 | INF | CONTROLLER_EXEC | Acc= admin | IP=::1 | Path=SYS202100/GetList | Message=POST /SYS202100/GetList
2026-05-18 15:21:29 | INF | ACTION_TRACE | Acc=admin | Path=/SYS202100/GetList | IP=::1 | Start=2026-05-18 15:21:29.655 | Elapsed=75ms | Status=Completed
2026-05-18 15:21:29 | INF | CONTROLLER_EXEC | Acc= admin | IP=::1 | Path=SYS202100/GetList | Message=POST /SYS202100/GetList
2026-05-18 15:21:29 | INF | ACTION_TRACE | Acc=admin | Path=/SYS202100/GetList | IP=::1 | Start=2026-05-18 15:21:29.762 | Elapsed=11ms | Status=Completed
2026-05-18 15:21:38 | INF | CONTROLLER_EXEC | Acc= admin | IP=::1 | Path=SYS202100/GetList | Message=POST /SYS202100/GetList
2026-05-18 15:21:38 | INF | ACTION_TRACE | Acc=admin | Path=/SYS202100/GetList | IP=::1 | Start=2026-05-18 15:21:38.542 | Elapsed=9ms | Status=Completed
2026-05-18 15:21:38 | INF | ACTION_TRACE | Acc=admin | Path=/.well-known/appspecific/com.chrome.devtools.json | IP=::1 | Start=2026-05-18 15:21:38.725 | Elapsed=0ms | Status=Completed
2026-05-18 15:21:38 | INF | ACTION_TRACE | Acc=admin | Path=/lib/html-to-image/html-to-image.js.map | IP=::1 | Start=2026-05-18 15:21:38.771 | Elapsed=0ms | Status=Completed
2026-05-18 15:21:39 | INF | CONTROLLER_EXEC | Acc= admin | IP=::1 | Path=SYS202100/GetList | Message=POST /SYS202100/GetList
2026-05-18 15:21:39 | INF | ACTION_TRACE | Acc=admin | Path=/SYS202100/GetList | IP=::1 | Start=2026-05-18 15:21:39.254 | Elapsed=15ms | Status=Completed
2026-05-18 15:21:40 | INF | ACTION_TRACE | Acc=admin | Path=/Home/Index | IP=::1 | Start=2026-05-18 15:21:40.570 | Elapsed=21ms | Status=Completed
2026-05-18 15:21:40 | INF | ACTION_TRACE | Acc=admin | Path=/.well-known/appspecific/com.chrome.devtools.json | IP=::1 | Start=2026-05-18 15:21:40.690 | Elapsed=0ms | Status=Completed
2026-05-18 15:21:40 | INF | ACTION_TRACE | Acc=admin | Path=/lib/html-to-image/html-to-image.js.map | IP=::1 | Start=2026-05-18 15:21:40.809 | Elapsed=0ms | Status=Completed
2026-05-18 15:21:42 | INF | ACTION_TRACE | Acc=admin | Path=/Home/GetMenu | IP=::1 | Start=2026-05-18 15:21:42.191 | Elapsed=8ms | Status=Completed
2026-05-18 15:21:43 | INF | CONTROLLER_EXEC | Acc= admin | IP=::1 | Path=SYS202100/SYS202100 | Message=GET /SYS202100/SYS202100
2026-05-18 15:21:43 | INF | ACTION_TRACE | Acc=admin | Path=/SYS202100/SYS202100 | IP=::1 | Start=2026-05-18 15:21:43.728 | Elapsed=7ms | Status=Completed
2026-05-18 15:21:43 | INF | CONTROLLER_EXEC | Acc= admin | IP=::1 | Path=SYS202100/GetDepartmentOptions | Message=GET /SYS202100/GetDepartmentOptions
2026-05-18 15:21:43 | INF | ACTION_TRACE | Acc=admin | Path=/SYS202100/GetDepartmentOptions | IP=::1 | Start=2026-05-18 15:21:43.810 | Elapsed=9ms | Status=Completed
2026-05-18 15:21:43 | INF | CONTROLLER_EXEC | Acc= admin | IP=::1 | Path=SYS202100/GetList | Message=POST /SYS202100/GetList
2026-05-18 15:21:43 | INF | ACTION_TRACE | Acc=admin | Path=/SYS202100/GetList | IP=::1 | Start=2026-05-18 15:21:43.843 | Elapsed=13ms | Status=Completed
2026-05-18 15:21:43 | INF | CONTROLLER_EXEC | Acc= admin | IP=::1 | Path=SYS202100/GetList | Message=POST /SYS202100/GetList
2026-05-18 15:21:43 | INF | ACTION_TRACE | Acc=admin | Path=/SYS202100/GetList | IP=::1 | Start=2026-05-18 15:21:43.891 | Elapsed=4ms | Status=Completed
2026-05-18 15:21:45 | INF | CONTROLLER_EXEC | Acc= admin | IP=::1 | Path=SYS202100/GetList | Message=POST /SYS202100/GetList
2026-05-18 15:21:45 | INF | ACTION_TRACE | Acc=admin | Path=/SYS202100/GetList | IP=::1 | Start=2026-05-18 15:21:45.941 | Elapsed=5ms | Status=Completed
2026-05-18 15:21:49 | INF | CONTROLLER_EXEC | Acc= admin | IP=::1 | Path=SYS202100/GetByVariable | Message=GET /SYS202100/GetByVariable
2026-05-18 15:21:49 | INF | ACTION_TRACE | Acc=admin | Path=/SYS202100/GetByVariable | IP=::1 | Start=2026-05-18 15:21:49.045 | Elapsed=32ms | Status=Completed
2026-05-18 15:21:51 | INF | CONTROLLER_EXEC | Acc= admin | IP=::1 | Path=SYS202100/Update | Message=POST /SYS202100/Update
2026-05-18 15:21:51 | INF | ACTION_TRACE | Acc=admin | Path=/SYS202100/Update | IP=::1 | Start=2026-05-18 15:21:50.938 | Elapsed=516ms | Status=Completed
2026-05-18 15:21:52 | INF | CONTROLLER_EXEC | Acc= admin | IP=::1 | Path=SYS202100/GetList | Message=POST /SYS202100/GetList
2026-05-18 15:21:52 | INF | ACTION_TRACE | Acc=admin | Path=/SYS202100/GetList | IP=::1 | Start=2026-05-18 15:21:52.391 | Elapsed=4ms | Status=Completed
2026-05-18 15:21:54 | INF | CONTROLLER_EXEC | Acc= admin | IP=::1 | Path=SYS202100/GetDeptList | Message=GET /SYS202100/GetDeptList
2026-05-18 15:21:54 | INF | ACTION_TRACE | Acc=admin | Path=/SYS202100/GetDeptList | IP=::1 | Start=2026-05-18 15:21:54.481 | Elapsed=26ms | Status=Completed
2026-05-18 15:22:22 | INF | CONTROLLER_EXEC | Acc= admin | IP=::1 | Path=SYS202100/GetDeptList | Message=GET /SYS202100/GetDeptList
2026-05-18 15:22:22 | INF | ACTION_TRACE | Acc=admin | Path=/SYS202100/GetDeptList | IP=::1 | Start=2026-05-18 15:22:22.542 | Elapsed=2ms | Status=Completed
2026-05-18 15:22:30 | INF | CONTROLLER_EXEC | Acc= admin | IP=::1 | Path=SYS202100/GetDeptList | Message=GET /SYS202100/GetDeptList
2026-05-18 15:22:30 | INF | ACTION_TRACE | Acc=admin | Path=/SYS202100/GetDeptList | IP=::1 | Start=2026-05-18 15:22:30.163 | Elapsed=3ms | Status=Completed
2026-05-18 15:22:31 | INF | CONTROLLER_EXEC | Acc= admin | IP=::1 | Path=SYS202100/GetSchedList | Message=GET /SYS202100/GetSchedList
2026-05-18 15:22:31 | INF | ACTION_TRACE | Acc=admin | Path=/SYS202100/GetSchedList | IP=::1 | Start=2026-05-18 15:22:31.693 | Elapsed=34ms | Status=Completed
2026-05-18 15:22:33 | INF | CONTROLLER_EXEC | Acc= admin | IP=::1 | Path=SYS202100/GetSchedList | Message=GET /SYS202100/GetSchedList
2026-05-18 15:22:33 | INF | ACTION_TRACE | Acc=admin | Path=/SYS202100/GetSchedList | IP=::1 | Start=2026-05-18 15:22:33.876 | Elapsed=2ms | Status=Completed
2026-05-18 15:24:59 | WRN | No store type was specified for the decimal property 'OveMoney' on entity type 'HROvertime'. This will cause values to be silently truncated if they do not fit in the default precision and scale. Explicitly specify the SQL server column type that can accommodate all the values in 'OnModelCreating' using 'HasColumnType', specify precision and scale using 'HasPrecision', or configure a value converter using 'HasConversion'.
2026-05-18 15:24:59 | WRN | No store type was specified for the decimal property 'Wag1D1Hour' on entity type 'HRWage'. This will cause values to be silently truncated if they do not fit in the default precision and scale. Explicitly specify the SQL server column type that can accommodate all the values in 'OnModelCreating' using 'HasColumnType', specify precision and scale using 'HasPrecision', or configure a value converter using 'HasConversion'.
2026-05-18 15:24:59 | WRN | No store type was specified for the decimal property 'Wag2D1Hour' on entity type 'HRWage'. This will cause values to be silently truncated if they do not fit in the default precision and scale. Explicitly specify the SQL server column type that can accommodate all the values in 'OnModelCreating' using 'HasColumnType', specify precision and scale using 'HasPrecision', or configure a value converter using 'HasConversion'.
2026-05-18 15:24:59 | WRN | No store type was specified for the decimal property 'Wag4D3Hour' on entity type 'HRWage'. This will cause values to be silently truncated if they do not fit in the default precision and scale. Explicitly specify the SQL server column type that can accommodate all the values in 'OnModelCreating' using 'HasColumnType', specify precision and scale using 'HasPrecision', or configure a value converter using 'HasConversion'.
2026-05-18 15:24:59 | WRN | No store type was specified for the decimal property 'Wag5D3Hour' on entity type 'HRWage'. This will cause values to be silently truncated if they do not fit in the default precision and scale. Explicitly specify the SQL server column type that can accommodate all the values in 'OnModelCreating' using 'HasColumnType', specify precision and scale using 'HasPrecision', or configure a value converter using 'HasConversion'.
2026-05-18 15:24:59 | WRN | No store type was specified for the decimal property 'Wag8D3Hour' on entity type 'HRWage'. This will cause values to be silently truncated if they do not fit in the default precision and scale. Explicitly specify the SQL server column type that can accommodate all the values in 'OnModelCreating' using 'HasColumnType', specify precision and scale using 'HasPrecision', or configure a value converter using 'HasConversion'.
2026-05-18 15:24:59 | WRN | No store type was specified for the decimal property 'WagApplyHour' on entity type 'HRWage'. This will cause values to be silently truncated if they do not fit in the default precision and scale. Explicitly specify the SQL server column type that can accommodate all the values in 'OnModelCreating' using 'HasColumnType', specify precision and scale using 'HasPrecision', or configure a value converter using 'HasConversion'.
2026-05-18 15:24:59 | WRN | No store type was specified for the decimal property 'WagIssueHour' on entity type 'HRWage'. This will cause values to be silently truncated if they do not fit in the default precision and scale. Explicitly specify the SQL server column type that can accommodate all the values in 'OnModelCreating' using 'HasColumnType', specify precision and scale using 'HasPrecision', or configure a value converter using 'HasConversion'.
2026-05-18 15:24:59 | WRN | No store type was specified for the decimal property 'WagSubtotal' on entity type 'HRWage'. This will cause values to be silently truncated if they do not fit in the default precision and scale. Explicitly specify the SQL server column type that can accommodate all the values in 'OnModelCreating' using 'HasColumnType', specify precision and scale using 'HasPrecision', or configure a value converter using 'HasConversion'.
2026-05-18 15:25:04 | WRN | The query uses the 'First'/'FirstOrDefault' operator without 'OrderBy' and filter operators. This may lead to unpredictable results.
2026-05-18 15:25:05 | INF | ACTION_TRACE | Acc=admin | Path=/ | IP=::1 | Start=2026-05-18 15:24:58.045 | Elapsed=7409ms | Status=Completed
2026-05-18 15:25:05 | INF | NETWORK_UNSTABLE | Acc=admin | Path=/ | Reason=SlowRequest 7409ms
2026-05-18 15:25:05 | INF | ACTION_TRACE | Acc=admin | Path=/Captcha/Generate | IP=::1 | Start=2026-05-18 15:25:05.677 | Elapsed=42ms | Status=Completed
2026-05-18 15:25:05 | INF | ACTION_TRACE | Acc=admin | Path=/DNTCaptchaImage/Show | IP=::1 | Start=2026-05-18 15:25:05.748 | Elapsed=125ms | Status=Completed
2026-05-18 15:25:20 | INF | ACTION_TRACE | Acc=admin | Path=/Account/Login | IP=::1 | Start=2026-05-18 15:25:13.334 | Elapsed=7183ms | Status=Completed
2026-05-18 15:25:20 | INF | NETWORK_UNSTABLE | Acc=admin | Path=/Account/Login | Reason=SlowRequest 7183ms
2026-05-18 15:25:21 | INF | ACTION_TRACE | Acc=admin | Path=/Home/Index | IP=::1 | Start=2026-05-18 15:25:20.538 | Elapsed=545ms | Status=Completed
2026-05-18 15:26:31 | INF | ACTION_TRACE | Acc=admin | Path=/Home/GetMenu | IP=::1 | Start=2026-05-18 15:26:31.366 | Elapsed=42ms | Status=Completed
2026-05-18 15:26:35 | INF | CONTROLLER_EXEC | Acc= admin | IP=::1 | Path=SYS202100/SYS202100 | Message=GET /SYS202100/SYS202100
2026-05-18 15:26:35 | INF | ACTION_TRACE | Acc=admin | Path=/SYS202100/SYS202100 | IP=::1 | Start=2026-05-18 15:26:35.315 | Elapsed=75ms | Status=Completed
2026-05-18 15:26:35 | INF | CONTROLLER_EXEC | Acc= admin | IP=::1 | Path=SYS202100/GetDepartmentOptions | Message=GET /SYS202100/GetDepartmentOptions
2026-05-18 15:26:35 | INF | ACTION_TRACE | Acc=admin | Path=/SYS202100/GetDepartmentOptions | IP=::1 | Start=2026-05-18 15:26:35.416 | Elapsed=86ms | Status=Completed
2026-05-18 15:26:37 | INF | CONTROLLER_EXEC | Acc= admin | IP=::1 | Path=SYS202100/GetList | Message=POST /SYS202100/GetList
2026-05-18 15:26:37 | INF | ACTION_TRACE | Acc=admin | Path=/SYS202100/GetList | IP=::1 | Start=2026-05-18 15:26:37.212 | Elapsed=30ms | Status=Completed
2026-05-18 15:26:37 | INF | CONTROLLER_EXEC | Acc= admin | IP=::1 | Path=SYS202100/GetList | Message=POST /SYS202100/GetList
2026-05-18 15:26:37 | INF | ACTION_TRACE | Acc=admin | Path=/SYS202100/GetList | IP=::1 | Start=2026-05-18 15:26:37.274 | Elapsed=14ms | Status=Completed
2026-05-18 15:26:40 | INF | CONTROLLER_EXEC | Acc= admin | IP=::1 | Path=SYS202100/GetList | Message=POST /SYS202100/GetList
2026-05-18 15:26:40 | INF | ACTION_TRACE | Acc=admin | Path=/SYS202100/GetList | IP=::1 | Start=2026-05-18 15:26:35.429 | Elapsed=4621ms | Status=Completed
2026-05-18 15:26:40 | INF | NETWORK_UNSTABLE | Acc=admin | Path=/SYS202100/GetList | Reason=SlowRequest 4621ms
2026-05-18 15:26:45 | INF | CONTROLLER_EXEC | Acc= admin | IP=::1 | Path=SYS202100/GetDeptList | Message=GET /SYS202100/GetDeptList
2026-05-18 15:26:45 | INF | ACTION_TRACE | Acc=admin | Path=/SYS202100/GetDeptList | IP=::1 | Start=2026-05-18 15:26:45.729 | Elapsed=27ms | Status=Completed
