2026-06-15 10:17:44 | INF | ACTION_TRACE | Acc=admin | Path=/AdminPortal/Home/Index | IP=::1 | Start=2026-06-15 10:17:44.601 | Elapsed=193ms | Status=Completed
2026-06-15 10:17:54 | INF | CONTROLLER_EXEC | Acc= admin | IP=::1 | Path=ADS999001/ADS999001 | Message=GET /ADS999001/ADS999001
2026-06-15 10:17:54 | INF | ACTION_TRACE | Acc=admin | Path=/ADS999001/ADS999001 | IP=::1 | Start=2026-06-15 10:17:54.555 | Elapsed=85ms | Status=Completed
2026-06-15 10:17:54 | INF | CONTROLLER_EXEC | Acc= admin | IP=::1 | Path=ADS999001/GetAnnouncementData | Message=POST /ADS999001/GetAnnouncementData
2026-06-15 10:17:54 | INF | ACTION_TRACE | Acc=admin | Path=/ADS999001/GetAnnouncementData | IP=::1 | Start=2026-06-15 10:17:54.709 | Elapsed=115ms | Status=Completed
2026-06-15 10:18:02 | WRN | The query uses the 'First'/'FirstOrDefault' operator without 'OrderBy' and filter operators. This may lead to unpredictable results.
2026-06-15 10:18:02 | INF | CONTROLLER_EXEC | Acc= admin | IP=::1 | Path=ADS999001/GetAnnouncementForEdit | Message=GET /ADS999001/GetAnnouncementForEdit
2026-06-15 10:18:02 | INF | ACTION_TRACE | Acc=admin | Path=/ADS999001/GetAnnouncementForEdit | IP=::1 | Start=2026-06-15 10:18:02.284 | Elapsed=32ms | Status=Completed
2026-06-15 10:18:09 | INF | CONTROLLER_EXEC | Acc= admin | IP=::1 | Path=ADS999001/GetAnnouncementData | Message=POST /ADS999001/GetAnnouncementData
2026-06-15 10:18:09 | INF | ACTION_TRACE | Acc=admin | Path=/ADS999001/GetAnnouncementData | IP=::1 | Start=2026-06-15 10:18:09.864 | Elapsed=18ms | Status=Completed
2026-06-15 10:18:10 | INF | CONTROLLER_EXEC | Acc= admin | IP=::1 | Path=ADS999001/GetAnnouncementData | Message=POST /ADS999001/GetAnnouncementData
2026-06-15 10:18:10 | INF | ACTION_TRACE | Acc=admin | Path=/ADS999001/GetAnnouncementData | IP=::1 | Start=2026-06-15 10:18:10.441 | Elapsed=15ms | Status=Completed
2026-06-15 10:26:28 | WRN | No store type was specified for the decimal property 'OveMoney' on entity type 'HROvertime'. This will cause values to be silently truncated if they do not fit in the default precision and scale. Explicitly specify the SQL server column type that can accommodate all the values in 'OnModelCreating' using 'HasColumnType', specify precision and scale using 'HasPrecision', or configure a value converter using 'HasConversion'.
2026-06-15 10:26:28 | WRN | No store type was specified for the decimal property 'Wag1D1Hour' on entity type 'HRWage'. This will cause values to be silently truncated if they do not fit in the default precision and scale. Explicitly specify the SQL server column type that can accommodate all the values in 'OnModelCreating' using 'HasColumnType', specify precision and scale using 'HasPrecision', or configure a value converter using 'HasConversion'.
2026-06-15 10:26:28 | WRN | No store type was specified for the decimal property 'Wag2D1Hour' on entity type 'HRWage'. This will cause values to be silently truncated if they do not fit in the default precision and scale. Explicitly specify the SQL server column type that can accommodate all the values in 'OnModelCreating' using 'HasColumnType', specify precision and scale using 'HasPrecision', or configure a value converter using 'HasConversion'.
2026-06-15 10:26:28 | WRN | No store type was specified for the decimal property 'Wag4D3Hour' on entity type 'HRWage'. This will cause values to be silently truncated if they do not fit in the default precision and scale. Explicitly specify the SQL server column type that can accommodate all the values in 'OnModelCreating' using 'HasColumnType', specify precision and scale using 'HasPrecision', or configure a value converter using 'HasConversion'.
2026-06-15 10:26:28 | WRN | No store type was specified for the decimal property 'Wag5D3Hour' on entity type 'HRWage'. This will cause values to be silently truncated if they do not fit in the default precision and scale. Explicitly specify the SQL server column type that can accommodate all the values in 'OnModelCreating' using 'HasColumnType', specify precision and scale using 'HasPrecision', or configure a value converter using 'HasConversion'.
2026-06-15 10:26:28 | WRN | No store type was specified for the decimal property 'Wag8D3Hour' on entity type 'HRWage'. This will cause values to be silently truncated if they do not fit in the default precision and scale. Explicitly specify the SQL server column type that can accommodate all the values in 'OnModelCreating' using 'HasColumnType', specify precision and scale using 'HasPrecision', or configure a value converter using 'HasConversion'.
2026-06-15 10:26:28 | WRN | No store type was specified for the decimal property 'WagApplyHour' on entity type 'HRWage'. This will cause values to be silently truncated if they do not fit in the default precision and scale. Explicitly specify the SQL server column type that can accommodate all the values in 'OnModelCreating' using 'HasColumnType', specify precision and scale using 'HasPrecision', or configure a value converter using 'HasConversion'.
2026-06-15 10:26:28 | WRN | No store type was specified for the decimal property 'WagIssueHour' on entity type 'HRWage'. This will cause values to be silently truncated if they do not fit in the default precision and scale. Explicitly specify the SQL server column type that can accommodate all the values in 'OnModelCreating' using 'HasColumnType', specify precision and scale using 'HasPrecision', or configure a value converter using 'HasConversion'.
2026-06-15 10:26:28 | WRN | No store type was specified for the decimal property 'WagSubtotal' on entity type 'HRWage'. This will cause values to be silently truncated if they do not fit in the default precision and scale. Explicitly specify the SQL server column type that can accommodate all the values in 'OnModelCreating' using 'HasColumnType', specify precision and scale using 'HasPrecision', or configure a value converter using 'HasConversion'.
2026-06-15 10:26:33 | WRN | The query uses the 'First'/'FirstOrDefault' operator without 'OrderBy' and filter operators. This may lead to unpredictable results.
2026-06-15 10:26:34 | INF | ACTION_TRACE | Acc=admin | Path=/ | IP=::1 | Start=2026-06-15 10:26:27.041 | Elapsed=7274ms | Status=Completed
2026-06-15 10:26:34 | INF | NETWORK_UNSTABLE | Acc=admin | Path=/ | Reason=SlowRequest 7274ms
2026-06-15 10:26:34 | INF | ACTION_TRACE | Acc=admin | Path=/Captcha/Generate | IP=::1 | Start=2026-06-15 10:26:34.528 | Elapsed=44ms | Status=Completed
2026-06-15 10:26:34 | INF | ACTION_TRACE | Acc=admin | Path=/DNTCaptchaImage/Show | IP=::1 | Start=2026-06-15 10:26:34.615 | Elapsed=116ms | Status=Completed
2026-06-15 11:18:29 | INF | ACTION_TRACE | Acc=admin | Path=/Home/Index | IP=::1 | Start=2026-06-15 11:18:29.083 | Elapsed=247ms | Status=Completed
2026-06-15 11:19:41 | INF | ACTION_TRACE | Acc=admin | Path=/Home/GetMenu | IP=::1 | Start=2026-06-15 11:19:41.549 | Elapsed=54ms | Status=Completed
2026-06-15 11:19:47 | INF | CONTROLLER_EXEC | Acc= admin | IP=::1 | Path=SYS201001/SYS201001 | Message=GET /SYS201001/SYS201001
2026-06-15 11:19:47 | INF | ACTION_TRACE | Acc=admin | Path=/SYS201001/SYS201001 | IP=::1 | Start=2026-06-15 11:19:46.999 | Elapsed=308ms | Status=Completed
2026-06-15 11:19:47 | INF | CONTROLLER_EXEC | Acc= admin | IP=::1 | Path=SYS201001/GetAllAdmins | Message=POST /SYS201001/GetAllAdmins
2026-06-15 11:19:47 | INF | ACTION_TRACE | Acc=admin | Path=/SYS201001/GetAllAdmins | IP=::1 | Start=2026-06-15 11:19:47.397 | Elapsed=110ms | Status=Completed
2026-06-15 11:19:47 | INF | CONTROLLER_EXEC | Acc= admin | IP=::1 | Path=SYS201001/GetAllAdmins | Message=POST /SYS201001/GetAllAdmins
2026-06-15 11:19:47 | INF | ACTION_TRACE | Acc=admin | Path=/SYS201001/GetAllAdmins | IP=::1 | Start=2026-06-15 11:19:47.540 | Elapsed=13ms | Status=Completed
2026-06-15 11:19:52 | INF | ACTION_TRACE | Acc=admin | Path=/Account/Logout | IP=::1 | Start=2026-06-15 11:19:52.841 | Elapsed=16ms | Status=Completed
2026-06-15 11:20:03 | INF | ACTION_TRACE | Acc=admin | Path=/AdminPortal/Home/Index | IP=::1 | Start=2026-06-15 11:20:03.447 | Elapsed=231ms | Status=Completed
2026-06-15 11:20:06 | INF | CONTROLLER_EXEC | Acc= admin | IP=::1 | Path=ADS999001/ADS999001 | Message=GET /ADS999001/ADS999001
2026-06-15 11:20:06 | INF | ACTION_TRACE | Acc=admin | Path=/ADS999001/ADS999001 | IP=::1 | Start=2026-06-15 11:20:06.687 | Elapsed=31ms | Status=Completed
2026-06-15 11:20:55 | INF | ACTION_TRACE | Acc=admin | Path=/.well-known/appspecific/com.chrome.devtools.json | IP=::1 | Start=2026-06-15 11:20:55.707 | Elapsed=0ms | Status=Completed
2026-06-15 11:30:03 | WRN | No store type was specified for the decimal property 'OveMoney' on entity type 'HROvertime'. This will cause values to be silently truncated if they do not fit in the default precision and scale. Explicitly specify the SQL server column type that can accommodate all the values in 'OnModelCreating' using 'HasColumnType', specify precision and scale using 'HasPrecision', or configure a value converter using 'HasConversion'.
2026-06-15 11:30:03 | WRN | No store type was specified for the decimal property 'Wag1D1Hour' on entity type 'HRWage'. This will cause values to be silently truncated if they do not fit in the default precision and scale. Explicitly specify the SQL server column type that can accommodate all the values in 'OnModelCreating' using 'HasColumnType', specify precision and scale using 'HasPrecision', or configure a value converter using 'HasConversion'.
2026-06-15 11:30:03 | WRN | No store type was specified for the decimal property 'Wag2D1Hour' on entity type 'HRWage'. This will cause values to be silently truncated if they do not fit in the default precision and scale. Explicitly specify the SQL server column type that can accommodate all the values in 'OnModelCreating' using 'HasColumnType', specify precision and scale using 'HasPrecision', or configure a value converter using 'HasConversion'.
2026-06-15 11:30:03 | WRN | No store type was specified for the decimal property 'Wag4D3Hour' on entity type 'HRWage'. This will cause values to be silently truncated if they do not fit in the default precision and scale. Explicitly specify the SQL server column type that can accommodate all the values in 'OnModelCreating' using 'HasColumnType', specify precision and scale using 'HasPrecision', or configure a value converter using 'HasConversion'.
2026-06-15 11:30:03 | WRN | No store type was specified for the decimal property 'Wag5D3Hour' on entity type 'HRWage'. This will cause values to be silently truncated if they do not fit in the default precision and scale. Explicitly specify the SQL server column type that can accommodate all the values in 'OnModelCreating' using 'HasColumnType', specify precision and scale using 'HasPrecision', or configure a value converter using 'HasConversion'.
2026-06-15 11:30:03 | WRN | No store type was specified for the decimal property 'Wag8D3Hour' on entity type 'HRWage'. This will cause values to be silently truncated if they do not fit in the default precision and scale. Explicitly specify the SQL server column type that can accommodate all the values in 'OnModelCreating' using 'HasColumnType', specify precision and scale using 'HasPrecision', or configure a value converter using 'HasConversion'.
2026-06-15 11:30:03 | WRN | No store type was specified for the decimal property 'WagApplyHour' on entity type 'HRWage'. This will cause values to be silently truncated if they do not fit in the default precision and scale. Explicitly specify the SQL server column type that can accommodate all the values in 'OnModelCreating' using 'HasColumnType', specify precision and scale using 'HasPrecision', or configure a value converter using 'HasConversion'.
2026-06-15 11:30:03 | WRN | No store type was specified for the decimal property 'WagIssueHour' on entity type 'HRWage'. This will cause values to be silently truncated if they do not fit in the default precision and scale. Explicitly specify the SQL server column type that can accommodate all the values in 'OnModelCreating' using 'HasColumnType', specify precision and scale using 'HasPrecision', or configure a value converter using 'HasConversion'.
2026-06-15 11:30:03 | WRN | No store type was specified for the decimal property 'WagSubtotal' on entity type 'HRWage'. This will cause values to be silently truncated if they do not fit in the default precision and scale. Explicitly specify the SQL server column type that can accommodate all the values in 'OnModelCreating' using 'HasColumnType', specify precision and scale using 'HasPrecision', or configure a value converter using 'HasConversion'.
2026-06-15 11:30:08 | WRN | The query uses the 'First'/'FirstOrDefault' operator without 'OrderBy' and filter operators. This may lead to unpredictable results.
2026-06-15 11:30:09 | INF | ACTION_TRACE | Acc=admin | Path=/ | IP=::1 | Start=2026-06-15 11:30:02.116 | Elapsed=7462ms | Status=Completed
2026-06-15 11:30:09 | INF | NETWORK_UNSTABLE | Acc=admin | Path=/ | Reason=SlowRequest 7462ms
2026-06-15 11:30:09 | INF | ACTION_TRACE | Acc=admin | Path=/Captcha/Generate | IP=::1 | Start=2026-06-15 11:30:09.792 | Elapsed=43ms | Status=Completed
2026-06-15 11:30:09 | INF | ACTION_TRACE | Acc=admin | Path=/DNTCaptchaImage/Show | IP=::1 | Start=2026-06-15 11:30:09.855 | Elapsed=116ms | Status=Completed
2026-06-15 11:30:13 | INF | ACTION_TRACE | Acc=admin | Path=/AdminPortal/Account/Login | IP=::1 | Start=2026-06-15 11:30:13.661 | Elapsed=121ms | Status=Completed
2026-06-15 11:30:13 | INF | ACTION_TRACE | Acc=admin | Path=/Captcha/Generate | IP=::1 | Start=2026-06-15 11:30:13.923 | Elapsed=5ms | Status=Completed
2026-06-15 11:30:13 | INF | ACTION_TRACE | Acc=admin | Path=/DNTCaptchaImage/Show | IP=::1 | Start=2026-06-15 11:30:13.936 | Elapsed=14ms | Status=Completed
2026-06-15 11:30:21 | WRN | The query uses the 'First'/'FirstOrDefault' operator without 'OrderBy' and filter operators. This may lead to unpredictable results.
2026-06-15 11:30:21 | WRN | The query uses the 'First'/'FirstOrDefault' operator without 'OrderBy' and filter operators. This may lead to unpredictable results.
2026-06-15 11:30:25 | INF | ACTION_TRACE | Acc=admin | Path=/AdminPortal/Account/Login | IP=::1 | Start=2026-06-15 11:30:17.929 | Elapsed=7897ms | Status=Completed
2026-06-15 11:30:25 | INF | NETWORK_UNSTABLE | Acc=admin | Path=/AdminPortal/Account/Login | Reason=SlowRequest 7897ms
2026-06-15 11:30:26 | INF | ACTION_TRACE | Acc=admin | Path=/AdminPortal/Home/Index | IP=::1 | Start=2026-06-15 11:30:25.844 | Elapsed=184ms | Status=Completed
2026-06-15 11:30:31 | INF | CONTROLLER_EXEC | Acc= admin | IP=::1 | Path=ADS999001/ADS999001 | Message=GET /ADS999001/ADS999001
2026-06-15 11:30:31 | INF | ACTION_TRACE | Acc=admin | Path=/ADS999001/ADS999001 | IP=::1 | Start=2026-06-15 11:30:31.633 | Elapsed=69ms | Status=Completed
2026-06-15 11:30:35 | INF | ACTION_TRACE | Acc=admin | Path=/.well-known/appspecific/com.chrome.devtools.json | IP=::1 | Start=2026-06-15 11:30:35.542 | Elapsed=0ms | Status=Completed
2026-06-15 11:30:38 | INF | ACTION_TRACE | Acc=admin | Path=/.well-known/appspecific/com.chrome.devtools.json | IP=::1 | Start=2026-06-15 11:30:38.504 | Elapsed=0ms | Status=Completed
2026-06-15 11:34:55 | WRN | No store type was specified for the decimal property 'OveMoney' on entity type 'HROvertime'. This will cause values to be silently truncated if they do not fit in the default precision and scale. Explicitly specify the SQL server column type that can accommodate all the values in 'OnModelCreating' using 'HasColumnType', specify precision and scale using 'HasPrecision', or configure a value converter using 'HasConversion'.
2026-06-15 11:34:55 | WRN | No store type was specified for the decimal property 'Wag1D1Hour' on entity type 'HRWage'. This will cause values to be silently truncated if they do not fit in the default precision and scale. Explicitly specify the SQL server column type that can accommodate all the values in 'OnModelCreating' using 'HasColumnType', specify precision and scale using 'HasPrecision', or configure a value converter using 'HasConversion'.
2026-06-15 11:34:55 | WRN | No store type was specified for the decimal property 'Wag2D1Hour' on entity type 'HRWage'. This will cause values to be silently truncated if they do not fit in the default precision and scale. Explicitly specify the SQL server column type that can accommodate all the values in 'OnModelCreating' using 'HasColumnType', specify precision and scale using 'HasPrecision', or configure a value converter using 'HasConversion'.
2026-06-15 11:34:55 | WRN | No store type was specified for the decimal property 'Wag4D3Hour' on entity type 'HRWage'. This will cause values to be silently truncated if they do not fit in the default precision and scale. Explicitly specify the SQL server column type that can accommodate all the values in 'OnModelCreating' using 'HasColumnType', specify precision and scale using 'HasPrecision', or configure a value converter using 'HasConversion'.
2026-06-15 11:34:55 | WRN | No store type was specified for the decimal property 'Wag5D3Hour' on entity type 'HRWage'. This will cause values to be silently truncated if they do not fit in the default precision and scale. Explicitly specify the SQL server column type that can accommodate all the values in 'OnModelCreating' using 'HasColumnType', specify precision and scale using 'HasPrecision', or configure a value converter using 'HasConversion'.
2026-06-15 11:34:55 | WRN | No store type was specified for the decimal property 'Wag8D3Hour' on entity type 'HRWage'. This will cause values to be silently truncated if they do not fit in the default precision and scale. Explicitly specify the SQL server column type that can accommodate all the values in 'OnModelCreating' using 'HasColumnType', specify precision and scale using 'HasPrecision', or configure a value converter using 'HasConversion'.
2026-06-15 11:34:55 | WRN | No store type was specified for the decimal property 'WagApplyHour' on entity type 'HRWage'. This will cause values to be silently truncated if they do not fit in the default precision and scale. Explicitly specify the SQL server column type that can accommodate all the values in 'OnModelCreating' using 'HasColumnType', specify precision and scale using 'HasPrecision', or configure a value converter using 'HasConversion'.
2026-06-15 11:34:55 | WRN | No store type was specified for the decimal property 'WagIssueHour' on entity type 'HRWage'. This will cause values to be silently truncated if they do not fit in the default precision and scale. Explicitly specify the SQL server column type that can accommodate all the values in 'OnModelCreating' using 'HasColumnType', specify precision and scale using 'HasPrecision', or configure a value converter using 'HasConversion'.
2026-06-15 11:34:55 | WRN | No store type was specified for the decimal property 'WagSubtotal' on entity type 'HRWage'. This will cause values to be silently truncated if they do not fit in the default precision and scale. Explicitly specify the SQL server column type that can accommodate all the values in 'OnModelCreating' using 'HasColumnType', specify precision and scale using 'HasPrecision', or configure a value converter using 'HasConversion'.
2026-06-15 11:35:00 | WRN | The query uses the 'First'/'FirstOrDefault' operator without 'OrderBy' and filter operators. This may lead to unpredictable results.
2026-06-15 11:35:01 | INF | ACTION_TRACE | Acc=admin | Path=/ | IP=::1 | Start=2026-06-15 11:34:54.075 | Elapsed=7590ms | Status=Completed
2026-06-15 11:35:01 | INF | NETWORK_UNSTABLE | Acc=admin | Path=/ | Reason=SlowRequest 7590ms
2026-06-15 11:35:01 | INF | ACTION_TRACE | Acc=admin | Path=/Captcha/Generate | IP=::1 | Start=2026-06-15 11:35:01.897 | Elapsed=41ms | Status=Completed
2026-06-15 11:35:02 | INF | ACTION_TRACE | Acc=admin | Path=/DNTCaptchaImage/Show | IP=::1 | Start=2026-06-15 11:35:01.956 | Elapsed=125ms | Status=Completed
2026-06-15 11:35:21 | INF | ACTION_TRACE | Acc=admin | Path=/Account/Login | IP=::1 | Start=2026-06-15 11:35:12.752 | Elapsed=8763ms | Status=Completed
2026-06-15 11:35:21 | INF | NETWORK_UNSTABLE | Acc=admin | Path=/Account/Login | Reason=SlowRequest 8763ms
2026-06-15 11:35:21 | INF | ACTION_TRACE | Acc=admin | Path=/Home/Index | IP=::1 | Start=2026-06-15 11:35:21.532 | Elapsed=411ms | Status=Completed
2026-06-15 11:35:30 | INF | ACTION_TRACE | Acc=admin | Path=/Home/GetMenu | IP=::1 | Start=2026-06-15 11:35:30.252 | Elapsed=49ms | Status=Completed
2026-06-15 11:35:35 | INF | ACTION_TRACE | Acc=admin | Path=/Account/Logout | IP=::1 | Start=2026-06-15 11:35:35.752 | Elapsed=15ms | Status=Completed
2026-06-15 11:35:45 | INF | ACTION_TRACE | Acc=admin | Path=/AdminPortal/Home/Index | IP=::1 | Start=2026-06-15 11:35:45.582 | Elapsed=95ms | Status=Completed
2026-06-15 11:35:49 | INF | CONTROLLER_EXEC | Acc= admin | IP=::1 | Path=ADS999001/ADS999001 | Message=GET /ADS999001/ADS999001
2026-06-15 11:35:49 | INF | ACTION_TRACE | Acc=admin | Path=/ADS999001/ADS999001 | IP=::1 | Start=2026-06-15 11:35:49.225 | Elapsed=61ms | Status=Completed
2026-06-15 11:35:51 | INF | ACTION_TRACE | Acc=admin | Path=/.well-known/appspecific/com.chrome.devtools.json | IP=::1 | Start=2026-06-15 11:35:51.049 | Elapsed=0ms | Status=Completed
2026-06-15 11:37:34 | WRN | No store type was specified for the decimal property 'OveMoney' on entity type 'HROvertime'. This will cause values to be silently truncated if they do not fit in the default precision and scale. Explicitly specify the SQL server column type that can accommodate all the values in 'OnModelCreating' using 'HasColumnType', specify precision and scale using 'HasPrecision', or configure a value converter using 'HasConversion'.
2026-06-15 11:37:34 | WRN | No store type was specified for the decimal property 'Wag1D1Hour' on entity type 'HRWage'. This will cause values to be silently truncated if they do not fit in the default precision and scale. Explicitly specify the SQL server column type that can accommodate all the values in 'OnModelCreating' using 'HasColumnType', specify precision and scale using 'HasPrecision', or configure a value converter using 'HasConversion'.
2026-06-15 11:37:34 | WRN | No store type was specified for the decimal property 'Wag2D1Hour' on entity type 'HRWage'. This will cause values to be silently truncated if they do not fit in the default precision and scale. Explicitly specify the SQL server column type that can accommodate all the values in 'OnModelCreating' using 'HasColumnType', specify precision and scale using 'HasPrecision', or configure a value converter using 'HasConversion'.
2026-06-15 11:37:34 | WRN | No store type was specified for the decimal property 'Wag4D3Hour' on entity type 'HRWage'. This will cause values to be silently truncated if they do not fit in the default precision and scale. Explicitly specify the SQL server column type that can accommodate all the values in 'OnModelCreating' using 'HasColumnType', specify precision and scale using 'HasPrecision', or configure a value converter using 'HasConversion'.
2026-06-15 11:37:34 | WRN | No store type was specified for the decimal property 'Wag5D3Hour' on entity type 'HRWage'. This will cause values to be silently truncated if they do not fit in the default precision and scale. Explicitly specify the SQL server column type that can accommodate all the values in 'OnModelCreating' using 'HasColumnType', specify precision and scale using 'HasPrecision', or configure a value converter using 'HasConversion'.
2026-06-15 11:37:34 | WRN | No store type was specified for the decimal property 'Wag8D3Hour' on entity type 'HRWage'. This will cause values to be silently truncated if they do not fit in the default precision and scale. Explicitly specify the SQL server column type that can accommodate all the values in 'OnModelCreating' using 'HasColumnType', specify precision and scale using 'HasPrecision', or configure a value converter using 'HasConversion'.
2026-06-15 11:37:34 | WRN | No store type was specified for the decimal property 'WagApplyHour' on entity type 'HRWage'. This will cause values to be silently truncated if they do not fit in the default precision and scale. Explicitly specify the SQL server column type that can accommodate all the values in 'OnModelCreating' using 'HasColumnType', specify precision and scale using 'HasPrecision', or configure a value converter using 'HasConversion'.
2026-06-15 11:37:34 | WRN | No store type was specified for the decimal property 'WagIssueHour' on entity type 'HRWage'. This will cause values to be silently truncated if they do not fit in the default precision and scale. Explicitly specify the SQL server column type that can accommodate all the values in 'OnModelCreating' using 'HasColumnType', specify precision and scale using 'HasPrecision', or configure a value converter using 'HasConversion'.
2026-06-15 11:37:34 | WRN | No store type was specified for the decimal property 'WagSubtotal' on entity type 'HRWage'. This will cause values to be silently truncated if they do not fit in the default precision and scale. Explicitly specify the SQL server column type that can accommodate all the values in 'OnModelCreating' using 'HasColumnType', specify precision and scale using 'HasPrecision', or configure a value converter using 'HasConversion'.
2026-06-15 11:37:40 | WRN | The query uses the 'First'/'FirstOrDefault' operator without 'OrderBy' and filter operators. This may lead to unpredictable results.
2026-06-15 11:37:41 | INF | ACTION_TRACE | Acc=admin | Path=/ | IP=::1 | Start=2026-06-15 11:37:33.805 | Elapsed=7447ms | Status=Completed
2026-06-15 11:37:41 | INF | NETWORK_UNSTABLE | Acc=admin | Path=/ | Reason=SlowRequest 7447ms
2026-06-15 11:37:41 | INF | ACTION_TRACE | Acc=admin | Path=/Captcha/Generate | IP=::1 | Start=2026-06-15 11:37:41.481 | Elapsed=49ms | Status=Completed
2026-06-15 11:37:41 | INF | ACTION_TRACE | Acc=admin | Path=/DNTCaptchaImage/Show | IP=::1 | Start=2026-06-15 11:37:41.547 | Elapsed=122ms | Status=Completed
2026-06-15 11:37:43 | INF | ACTION_TRACE | Acc=admin | Path=/AdminPortal/Account/Login | IP=::1 | Start=2026-06-15 11:37:43.850 | Elapsed=109ms | Status=Completed
2026-06-15 11:37:44 | INF | ACTION_TRACE | Acc=admin | Path=/Captcha/Generate | IP=::1 | Start=2026-06-15 11:37:44.088 | Elapsed=4ms | Status=Completed
2026-06-15 11:37:44 | INF | ACTION_TRACE | Acc=admin | Path=/DNTCaptchaImage/Show | IP=::1 | Start=2026-06-15 11:37:44.099 | Elapsed=17ms | Status=Completed
2026-06-15 11:37:49 | WRN | The query uses the 'First'/'FirstOrDefault' operator without 'OrderBy' and filter operators. This may lead to unpredictable results.
2026-06-15 11:37:49 | WRN | The query uses the 'First'/'FirstOrDefault' operator without 'OrderBy' and filter operators. This may lead to unpredictable results.
2026-06-15 11:37:54 | INF | ACTION_TRACE | Acc=admin | Path=/AdminPortal/Account/Login | IP=::1 | Start=2026-06-15 11:37:47.788 | Elapsed=6817ms | Status=Completed
2026-06-15 11:37:54 | INF | NETWORK_UNSTABLE | Acc=admin | Path=/AdminPortal/Account/Login | Reason=SlowRequest 6817ms
2026-06-15 11:37:54 | INF | ACTION_TRACE | Acc=admin | Path=/AdminPortal/Home/Index | IP=::1 | Start=2026-06-15 11:37:54.622 | Elapsed=207ms | Status=Completed
2026-06-15 11:38:00 | INF | CONTROLLER_EXEC | Acc= admin | IP=::1 | Path=ADS999001/ADS999001 | Message=GET /ADS999001/ADS999001
2026-06-15 11:38:00 | INF | ACTION_TRACE | Acc=admin | Path=/ADS999001/ADS999001 | IP=::1 | Start=2026-06-15 11:38:00.772 | Elapsed=68ms | Status=Completed
2026-06-15 11:38:03 | INF | ACTION_TRACE | Acc=admin | Path=/.well-known/appspecific/com.chrome.devtools.json | IP=::1 | Start=2026-06-15 11:38:03.686 | Elapsed=0ms | Status=Completed
2026-06-15 11:38:06 | INF | ACTION_TRACE | Acc=admin | Path=/AdminPortal/Home/Index | IP=::1 | Start=2026-06-15 11:38:06.151 | Elapsed=17ms | Status=Completed
2026-06-15 11:38:08 | INF | CONTROLLER_EXEC | Acc= admin | IP=::1 | Path=ADS999001/ADS999001 | Message=GET /ADS999001/ADS999001
2026-06-15 11:38:08 | INF | ACTION_TRACE | Acc=admin | Path=/ADS999001/ADS999001 | IP=::1 | Start=2026-06-15 11:38:08.686 | Elapsed=6ms | Status=Completed
2026-06-15 11:38:08 | INF | CONTROLLER_EXEC | Acc= admin | IP=::1 | Path=ADS999001/GetSysNoticeData | Message=POST /ADS999001/GetSysNoticeData
2026-06-15 11:38:08 | INF | ACTION_TRACE | Acc=admin | Path=/ADS999001/GetSysNoticeData | IP=::1 | Start=2026-06-15 11:38:08.787 | Elapsed=169ms | Status=Completed
2026-06-15 11:38:10 | INF | ACTION_TRACE | Acc=admin | Path=/.well-known/appspecific/com.chrome.devtools.json | IP=::1 | Start=2026-06-15 11:38:10.821 | Elapsed=0ms | Status=Completed
2026-06-15 11:38:20 | INF | ACTION_TRACE | Acc=admin | Path=/AdminPortal/Home/Index | IP=::1 | Start=2026-06-15 11:38:20.203 | Elapsed=5ms | Status=Completed
2026-06-15 11:38:20 | INF | ACTION_TRACE | Acc=admin | Path=/.well-known/appspecific/com.chrome.devtools.json | IP=::1 | Start=2026-06-15 11:38:20.294 | Elapsed=0ms | Status=Completed
2026-06-15 11:38:22 | INF | ACTION_TRACE | Acc=admin | Path=/AdminPortal/Home/Index | IP=::1 | Start=2026-06-15 11:38:22.739 | Elapsed=13ms | Status=Completed
2026-06-15 11:38:22 | INF | ACTION_TRACE | Acc=admin | Path=/.well-known/appspecific/com.chrome.devtools.json | IP=::1 | Start=2026-06-15 11:38:22.865 | Elapsed=0ms | Status=Completed
2026-06-15 11:38:26 | INF | CONTROLLER_EXEC | Acc= admin | IP=::1 | Path=ADS999001/ADS999001 | Message=GET /ADS999001/ADS999001
2026-06-15 11:38:26 | INF | ACTION_TRACE | Acc=admin | Path=/ADS999001/ADS999001 | IP=::1 | Start=2026-06-15 11:38:26.741 | Elapsed=4ms | Status=Completed
2026-06-15 11:38:26 | INF | CONTROLLER_EXEC | Acc= admin | IP=::1 | Path=ADS999001/GetSysNoticeData | Message=POST /ADS999001/GetSysNoticeData
2026-06-15 11:38:26 | INF | ACTION_TRACE | Acc=admin | Path=/ADS999001/GetSysNoticeData | IP=::1 | Start=2026-06-15 11:38:26.843 | Elapsed=11ms | Status=Completed
2026-06-15 11:38:49 | INF | CONTROLLER_EXEC | Acc= admin | IP=::1 | Path=ADS999001/GetSysNoticeData | Message=POST /ADS999001/GetSysNoticeData
2026-06-15 11:38:49 | INF | ACTION_TRACE | Acc=admin | Path=/ADS999001/GetSysNoticeData | IP=::1 | Start=2026-06-15 11:38:49.663 | Elapsed=37ms | Status=Completed
2026-06-15 11:38:51 | INF | CONTROLLER_EXEC | Acc= admin | IP=::1 | Path=ADS999001/GetSysNoticeData | Message=POST /ADS999001/GetSysNoticeData
2026-06-15 11:38:51 | INF | ACTION_TRACE | Acc=admin | Path=/ADS999001/GetSysNoticeData | IP=::1 | Start=2026-06-15 11:38:51.576 | Elapsed=8ms | Status=Completed
2026-06-15 11:38:52 | INF | CONTROLLER_EXEC | Acc= admin | IP=::1 | Path=ADS999001/GetSysNoticeData | Message=POST /ADS999001/GetSysNoticeData
2026-06-15 11:38:52 | INF | ACTION_TRACE | Acc=admin | Path=/ADS999001/GetSysNoticeData | IP=::1 | Start=2026-06-15 11:38:52.652 | Elapsed=7ms | Status=Completed
2026-06-15 11:42:36 | WRN | The query uses the 'First'/'FirstOrDefault' operator without 'OrderBy' and filter operators. This may lead to unpredictable results.
2026-06-15 11:42:36 | INF | CONTROLLER_EXEC | Acc= admin | IP=::1 | Path=ADS999001/GetSysNoticeForEdit | Message=GET /ADS999001/GetSysNoticeForEdit
2026-06-15 11:42:36 | INF | ACTION_TRACE | Acc=admin | Path=/ADS999001/GetSysNoticeForEdit | IP=::1 | Start=2026-06-15 11:42:36.812 | Elapsed=46ms | Status=Completed
2026-06-15 11:42:40 | INF | CONTROLLER_EXEC | Acc= admin | IP=::1 | Path=ADS999001/UpdateSysNotice | Message=POST /ADS999001/UpdateSysNotice
2026-06-15 11:42:40 | INF | ACTION_TRACE | Acc=admin | Path=/ADS999001/UpdateSysNotice | IP=::1 | Start=2026-06-15 11:42:40.386 | Elapsed=464ms | Status=Completed
2026-06-15 11:42:40 | INF | CONTROLLER_EXEC | Acc= admin | IP=::1 | Path=ADS999001/GetSysNoticeData | Message=POST /ADS999001/GetSysNoticeData
2026-06-15 11:42:40 | INF | ACTION_TRACE | Acc=admin | Path=/ADS999001/GetSysNoticeData | IP=::1 | Start=2026-06-15 11:42:40.855 | Elapsed=10ms | Status=Completed
2026-06-15 11:42:43 | INF | CONTROLLER_EXEC | Acc= admin | IP=::1 | Path=ADS999001/GetSysNoticeForEdit | Message=GET /ADS999001/GetSysNoticeForEdit
2026-06-15 11:42:43 | INF | ACTION_TRACE | Acc=admin | Path=/ADS999001/GetSysNoticeForEdit | IP=::1 | Start=2026-06-15 11:42:43.826 | Elapsed=3ms | Status=Completed
2026-06-15 11:43:08 | INF | CONTROLLER_EXEC | Acc= admin | IP=::1 | Path=ADS999001/GetSysNoticeForEdit | Message=GET /ADS999001/GetSysNoticeForEdit
2026-06-15 11:43:08 | INF | ACTION_TRACE | Acc=admin | Path=/ADS999001/GetSysNoticeForEdit | IP=::1 | Start=2026-06-15 11:43:08.421 | Elapsed=3ms | Status=Completed
2026-06-15 11:43:20 | INF | CONTROLLER_EXEC | Acc= admin | IP=::1 | Path=ADS999001/GetSysNoticeForEdit | Message=GET /ADS999001/GetSysNoticeForEdit
2026-06-15 11:43:20 | INF | ACTION_TRACE | Acc=admin | Path=/ADS999001/GetSysNoticeForEdit | IP=::1 | Start=2026-06-15 11:43:20.137 | Elapsed=3ms | Status=Completed
2026-06-15 11:54:55 | INF | ACTION_TRACE | Acc=admin | Path=/AdminPortal/Home/Index | IP=::1 | Start=2026-06-15 11:54:50.464 | Elapsed=4636ms | Status=Completed
2026-06-15 11:54:55 | INF | NETWORK_UNSTABLE | Acc=admin | Path=/AdminPortal/Home/Index | Reason=SlowRequest 4636ms
2026-06-15 11:56:29 | INF | ACTION_TRACE | Acc=admin | Path=/AdminPortal/Home/Index | IP=::1 | Start=2026-06-15 11:56:29.852 | Elapsed=5ms | Status=Completed
2026-06-15 11:56:38 | INF | CONTROLLER_EXEC | Acc= admin | IP=::1 | Path=ADS999001/ADS999001 | Message=GET /ADS999001/ADS999001
2026-06-15 11:56:38 | INF | ACTION_TRACE | Acc=admin | Path=/ADS999001/ADS999001 | IP=::1 | Start=2026-06-15 11:56:38.722 | Elapsed=34ms | Status=Completed
2026-06-15 11:56:38 | INF | CONTROLLER_EXEC | Acc= admin | IP=::1 | Path=ADS999001/GetSysNoticeData | Message=POST /ADS999001/GetSysNoticeData
2026-06-15 11:56:38 | INF | ACTION_TRACE | Acc=admin | Path=/ADS999001/GetSysNoticeData | IP=::1 | Start=2026-06-15 11:56:38.827 | Elapsed=20ms | Status=Completed
2026-06-15 11:56:44 | INF | ACTION_TRACE | Acc=admin | Path=/AdminPortal/Home/Index | IP=::1 | Start=2026-06-15 11:56:44.520 | Elapsed=6ms | Status=Completed
2026-06-15 11:56:47 | INF | CONTROLLER_EXEC | Acc= admin | IP=::1 | Path=ADS999001/ADS999001 | Message=GET /ADS999001/ADS999001
2026-06-15 11:56:47 | INF | ACTION_TRACE | Acc=admin | Path=/ADS999001/ADS999001 | IP=::1 | Start=2026-06-15 11:56:47.362 | Elapsed=6ms | Status=Completed
2026-06-15 11:56:47 | INF | CONTROLLER_EXEC | Acc= admin | IP=::1 | Path=ADS999001/GetSysNoticeData | Message=POST /ADS999001/GetSysNoticeData
2026-06-15 11:56:47 | INF | ACTION_TRACE | Acc=admin | Path=/ADS999001/GetSysNoticeData | IP=::1 | Start=2026-06-15 11:56:47.393 | Elapsed=29ms | Status=Completed
2026-06-15 11:57:14 | INF | ACTION_TRACE | Acc=admin | Path=/AdminPortal/Home/Index | IP=::1 | Start=2026-06-15 11:57:14.186 | Elapsed=33ms | Status=Completed
2026-06-15 11:57:22 | INF | ACTION_TRACE | Acc=admin | Path=/AdminPortal/Home/Index | IP=::1 | Start=2026-06-15 11:57:22.690 | Elapsed=8ms | Status=Completed
2026-06-15 11:57:23 | INF | CONTROLLER_EXEC | Acc= admin | IP=::1 | Path=ADS999001/ADS999001 | Message=GET /ADS999001/ADS999001
2026-06-15 11:57:23 | INF | ACTION_TRACE | Acc=admin | Path=/ADS999001/ADS999001 | IP=::1 | Start=2026-06-15 11:57:23.732 | Elapsed=44ms | Status=Completed
2026-06-15 11:57:23 | INF | CONTROLLER_EXEC | Acc= admin | IP=::1 | Path=ADS999001/GetSysNoticeData | Message=POST /ADS999001/GetSysNoticeData
2026-06-15 11:57:23 | INF | ACTION_TRACE | Acc=admin | Path=/ADS999001/GetSysNoticeData | IP=::1 | Start=2026-06-15 11:57:23.810 | Elapsed=25ms | Status=Completed
2026-06-15 11:57:27 | INF | ACTION_TRACE | Acc=admin | Path=/AdminPortal/Home/Index | IP=::1 | Start=2026-06-15 11:57:27.283 | Elapsed=10ms | Status=Completed
2026-06-15 11:57:28 | INF | CONTROLLER_EXEC | Acc= admin | IP=::1 | Path=ADS999001/ADS999001 | Message=GET /ADS999001/ADS999001
2026-06-15 11:57:28 | INF | ACTION_TRACE | Acc=admin | Path=/ADS999001/ADS999001 | IP=::1 | Start=2026-06-15 11:57:28.936 | Elapsed=3ms | Status=Completed
2026-06-15 11:57:29 | INF | CONTROLLER_EXEC | Acc= admin | IP=::1 | Path=ADS999001/GetSysNoticeData | Message=POST /ADS999001/GetSysNoticeData
2026-06-15 11:57:29 | INF | ACTION_TRACE | Acc=admin | Path=/ADS999001/GetSysNoticeData | IP=::1 | Start=2026-06-15 11:57:29.016 | Elapsed=5ms | Status=Completed
2026-06-15 11:59:12 | INF | ACTION_TRACE | Acc=admin | Path=/AdminPortal/Home/Index | IP=::1 | Start=2026-06-15 11:59:12.928 | Elapsed=34ms | Status=Completed
2026-06-15 11:59:15 | INF | CONTROLLER_EXEC | Acc= admin | IP=::1 | Path=ADS999001/ADS999001 | Message=GET /ADS999001/ADS999001
2026-06-15 11:59:15 | INF | ACTION_TRACE | Acc=admin | Path=/ADS999001/ADS999001 | IP=::1 | Start=2026-06-15 11:59:15.766 | Elapsed=36ms | Status=Completed
2026-06-15 11:59:15 | INF | CONTROLLER_EXEC | Acc= admin | IP=::1 | Path=ADS999001/GetSysNoticeData | Message=POST /ADS999001/GetSysNoticeData
2026-06-15 11:59:15 | INF | ACTION_TRACE | Acc=admin | Path=/ADS999001/GetSysNoticeData | IP=::1 | Start=2026-06-15 11:59:15.838 | Elapsed=21ms | Status=Completed
2026-06-15 12:00:33 | INF | ACTION_TRACE | Acc=admin | Path=/AdminPortal/Home/Index | IP=::1 | Start=2026-06-15 12:00:33.126 | Elapsed=44ms | Status=Completed
2026-06-15 12:00:36 | INF | CONTROLLER_EXEC | Acc= admin | IP=::1 | Path=ADS999001/ADS999001 | Message=GET /ADS999001/ADS999001
2026-06-15 12:00:36 | INF | ACTION_TRACE | Acc=admin | Path=/ADS999001/ADS999001 | IP=::1 | Start=2026-06-15 12:00:36.420 | Elapsed=30ms | Status=Completed
2026-06-15 12:00:36 | INF | CONTROLLER_EXEC | Acc= admin | IP=::1 | Path=ADS999001/GetSysNoticeData | Message=POST /ADS999001/GetSysNoticeData
2026-06-15 12:00:36 | INF | ACTION_TRACE | Acc=admin | Path=/ADS999001/GetSysNoticeData | IP=::1 | Start=2026-06-15 12:00:36.475 | Elapsed=18ms | Status=Completed
2026-06-15 12:00:52 | INF | CONTROLLER_EXEC | Acc= admin | IP=::1 | Path=ADS999001/GetSysNoticeForEdit | Message=GET /ADS999001/GetSysNoticeForEdit
2026-06-15 12:00:52 | INF | ACTION_TRACE | Acc=admin | Path=/ADS999001/GetSysNoticeForEdit | IP=::1 | Start=2026-06-15 12:00:52.800 | Elapsed=12ms | Status=Completed
2026-06-15 13:56:02 | INF | ACTION_TRACE | Acc=admin | Path=/Home/Index | IP=::1 | Start=2026-06-15 13:56:01.689 | Elapsed=363ms | Status=Completed
2026-06-15 13:56:07 | INF | ACTION_TRACE | Acc=admin | Path=/Account/Logout | IP=::1 | Start=2026-06-15 13:56:07.514 | Elapsed=18ms | Status=Completed
2026-06-15 13:56:16 | INF | ACTION_TRACE | Acc=admin | Path=/AdminPortal/Home/Index | IP=::1 | Start=2026-06-15 13:56:16.740 | Elapsed=114ms | Status=Completed
2026-06-15 13:56:23 | INF | CONTROLLER_EXEC | Acc= admin | IP=::1 | Path=ADS999001/ADS999001 | Message=GET /ADS999001/ADS999001
2026-06-15 13:56:23 | INF | ACTION_TRACE | Acc=admin | Path=/ADS999001/ADS999001 | IP=::1 | Start=2026-06-15 13:56:23.901 | Elapsed=75ms | Status=Completed
2026-06-15 13:56:24 | INF | CONTROLLER_EXEC | Acc= admin | IP=::1 | Path=ADS999001/GetSysNoticeData | Message=POST /ADS999001/GetSysNoticeData
2026-06-15 13:56:24 | INF | ACTION_TRACE | Acc=admin | Path=/ADS999001/GetSysNoticeData | IP=::1 | Start=2026-06-15 13:56:24.035 | Elapsed=160ms | Status=Completed
2026-06-15 13:56:32 | WRN | The query uses the 'First'/'FirstOrDefault' operator without 'OrderBy' and filter operators. This may lead to unpredictable results.
2026-06-15 13:56:32 | INF | CONTROLLER_EXEC | Acc= admin | IP=::1 | Path=ADS999001/GetSysNoticeForEdit | Message=GET /ADS999001/GetSysNoticeForEdit
2026-06-15 13:56:32 | INF | ACTION_TRACE | Acc=admin | Path=/ADS999001/GetSysNoticeForEdit | IP=::1 | Start=2026-06-15 13:56:32.430 | Elapsed=38ms | Status=Completed
2026-06-15 14:04:53 | INF | CONTROLLER_EXEC | Acc= admin | IP=::1 | Path=ADS999001/GetSysNoticeData | Message=POST /ADS999001/GetSysNoticeData
2026-06-15 14:04:53 | INF | ACTION_TRACE | Acc=admin | Path=/ADS999001/GetSysNoticeData | IP=::1 | Start=2026-06-15 14:04:49.328 | Elapsed=4562ms | Status=Completed
2026-06-15 14:04:53 | INF | NETWORK_UNSTABLE | Acc=admin | Path=/ADS999001/GetSysNoticeData | Reason=SlowRequest 4562ms
2026-06-15 14:04:55 | INF | ACTION_TRACE | Acc=admin | Path=/AdminPortal/Account/Login | IP=::1 | Start=2026-06-15 14:04:55.769 | Elapsed=1ms | Status=Completed
2026-06-15 14:04:55 | INF | ACTION_TRACE | Acc=admin | Path=/Captcha/Generate | IP=::1 | Start=2026-06-15 14:04:55.866 | Elapsed=1ms | Status=Completed
2026-06-15 14:04:55 | INF | ACTION_TRACE | Acc=admin | Path=/DNTCaptchaImage/Show | IP=::1 | Start=2026-06-15 14:04:55.874 | Elapsed=36ms | Status=Completed
2026-06-15 14:04:58 | INF | CONTROLLER_EXEC | Acc= admin | IP=::1 | Path=ADS999001/GetSysNoticeForEdit | Message=GET /ADS999001/GetSysNoticeForEdit
2026-06-15 14:04:58 | INF | ACTION_TRACE | Acc=admin | Path=/AdminPortal/Home/Index | IP=::1 | Start=2026-06-15 14:04:51.747 | Elapsed=6690ms | Status=Completed
2026-06-15 14:04:58 | INF | NETWORK_UNSTABLE | Acc=admin | Path=/AdminPortal/Home/Index | Reason=SlowRequest 6690ms
2026-06-15 14:04:58 | INF | ACTION_TRACE | Acc=admin | Path=/ADS999001/GetSysNoticeForEdit | IP=::1 | Start=2026-06-15 14:04:50.136 | Elapsed=8307ms | Status=Completed
2026-06-15 14:04:58 | INF | NETWORK_UNSTABLE | Acc=admin | Path=/ADS999001/GetSysNoticeForEdit | Reason=SlowRequest 8307ms
2026-06-15 14:05:06 | INF | ACTION_TRACE | Acc=admin | Path=/AdminPortal/Account/Login | IP=::1 | Start=2026-06-15 14:04:59.525 | Elapsed=7455ms | Status=Completed
2026-06-15 14:05:06 | INF | NETWORK_UNSTABLE | Acc=admin | Path=/AdminPortal/Account/Login | Reason=SlowRequest 7455ms
2026-06-15 14:05:06 | INF | ACTION_TRACE | Acc=admin | Path=/AdminPortal/Home/Index | IP=::1 | Start=2026-06-15 14:05:06.986 | Elapsed=6ms | Status=Completed
2026-06-15 14:05:10 | INF | CONTROLLER_EXEC | Acc= admin | IP=::1 | Path=ADS999002/ADS999002 | Message=GET /ADS999002/ADS999002
2026-06-15 14:05:10 | INF | ACTION_TRACE | Acc=admin | Path=/ADS999002/ADS999002 | IP=::1 | Start=2026-06-15 14:05:10.048 | Elapsed=41ms | Status=Completed
2026-06-15 14:05:10 | INF | CONTROLLER_EXEC | Acc= admin | IP=::1 | Path=ADS999002/GetAllRoleList | Message=POST /ADS999002/GetAllRoleList
2026-06-15 14:05:10 | INF | ACTION_TRACE | Acc=admin | Path=/ADS999002/GetAllRoleList | IP=::1 | Start=2026-06-15 14:05:10.121 | Elapsed=61ms | Status=Completed
2026-06-15 14:05:10 | INF | CONTROLLER_EXEC | Acc= admin | IP=::1 | Path=ADS999001/ADS999001 | Message=GET /ADS999001/ADS999001
2026-06-15 14:05:10 | INF | ACTION_TRACE | Acc=admin | Path=/ADS999001/ADS999001 | IP=::1 | Start=2026-06-15 14:05:10.649 | Elapsed=3ms | Status=Completed
2026-06-15 14:05:10 | INF | CONTROLLER_EXEC | Acc= admin | IP=::1 | Path=ADS999001/GetSysNoticeData | Message=POST /ADS999001/GetSysNoticeData
2026-06-15 14:05:10 | INF | ACTION_TRACE | Acc=admin | Path=/ADS999001/GetSysNoticeData | IP=::1 | Start=2026-06-15 14:05:10.675 | Elapsed=5ms | Status=Completed
2026-06-15 14:05:13 | INF | CONTROLLER_EXEC | Acc= admin | IP=::1 | Path=ADS999001/GetSysNoticeForEdit | Message=GET /ADS999001/GetSysNoticeForEdit
2026-06-15 14:05:13 | INF | ACTION_TRACE | Acc=admin | Path=/ADS999001/GetSysNoticeForEdit | IP=::1 | Start=2026-06-15 14:05:13.379 | Elapsed=1ms | Status=Completed
2026-06-15 14:06:28 | INF | ACTION_TRACE | Acc=admin | Path=/AdminPortal/Home/Index | IP=::1 | Start=2026-06-15 14:06:28.951 | Elapsed=5ms | Status=Completed
2026-06-15 14:06:31 | INF | CONTROLLER_EXEC | Acc= admin | IP=::1 | Path=ADS999001/ADS999001 | Message=GET /ADS999001/ADS999001
2026-06-15 14:06:31 | INF | ACTION_TRACE | Acc=admin | Path=/ADS999001/ADS999001 | IP=::1 | Start=2026-06-15 14:06:31.954 | Elapsed=4ms | Status=Completed
2026-06-15 14:06:31 | INF | CONTROLLER_EXEC | Acc= admin | IP=::1 | Path=ADS999001/GetSysNoticeData | Message=POST /ADS999001/GetSysNoticeData
2026-06-15 14:06:31 | INF | ACTION_TRACE | Acc=admin | Path=/ADS999001/GetSysNoticeData | IP=::1 | Start=2026-06-15 14:06:31.978 | Elapsed=6ms | Status=Completed
2026-06-15 14:06:33 | INF | CONTROLLER_EXEC | Acc= admin | IP=::1 | Path=ADS999001/GetSysNoticeForEdit | Message=GET /ADS999001/GetSysNoticeForEdit
2026-06-15 14:06:33 | INF | ACTION_TRACE | Acc=admin | Path=/ADS999001/GetSysNoticeForEdit | IP=::1 | Start=2026-06-15 14:06:33.833 | Elapsed=2ms | Status=Completed
2026-06-15 14:08:32 | INF | CONTROLLER_EXEC | Acc= admin | IP=::1 | Path=ADS999002/ADS999002 | Message=GET /ADS999002/ADS999002
2026-06-15 14:08:32 | INF | ACTION_TRACE | Acc=admin | Path=/ADS999002/ADS999002 | IP=::1 | Start=2026-06-15 14:08:32.245 | Elapsed=4ms | Status=Completed
2026-06-15 14:08:32 | INF | CONTROLLER_EXEC | Acc= admin | IP=::1 | Path=ADS999002/GetAllRoleList | Message=POST /ADS999002/GetAllRoleList
2026-06-15 14:08:32 | INF | ACTION_TRACE | Acc=admin | Path=/ADS999002/GetAllRoleList | IP=::1 | Start=2026-06-15 14:08:32.268 | Elapsed=2ms | Status=Completed
2026-06-15 14:08:34 | INF | CONTROLLER_EXEC | Acc= admin | IP=::1 | Path=ADS999002/GetPeople | Message=POST /ADS999002/GetPeople
2026-06-15 14:08:34 | INF | ACTION_TRACE | Acc=admin | Path=/ADS999002/GetPeople | IP=::1 | Start=2026-06-15 14:08:34.150 | Elapsed=41ms | Status=Completed
2026-06-15 14:08:38 | INF | CONTROLLER_EXEC | Acc= admin | IP=::1 | Path=ADS999002/GetRoleByNo | Message=GET /ADS999002/GetRoleByNo
2026-06-15 14:08:38 | INF | ACTION_TRACE | Acc=admin | Path=/ADS999002/GetRoleByNo | IP=::1 | Start=2026-06-15 14:08:38.334 | Elapsed=27ms | Status=Completed
2026-06-15 14:10:13 | INF | CONTROLLER_EXEC | Acc= admin | IP=::1 | Path=ADS999001/ADS999001 | Message=GET /ADS999001/ADS999001
2026-06-15 14:10:13 | INF | ACTION_TRACE | Acc=admin | Path=/ADS999001/ADS999001 | IP=::1 | Start=2026-06-15 14:10:13.137 | Elapsed=69ms | Status=Completed
2026-06-15 14:10:13 | INF | CONTROLLER_EXEC | Acc= admin | IP=::1 | Path=ADS999001/GetSysNoticeData | Message=POST /ADS999001/GetSysNoticeData
2026-06-15 14:10:13 | INF | ACTION_TRACE | Acc=admin | Path=/ADS999001/GetSysNoticeData | IP=::1 | Start=2026-06-15 14:10:13.221 | Elapsed=217ms | Status=Completed
2026-06-15 14:10:14 | INF | ACTION_TRACE | Acc=admin | Path=/AdminPortal/Home/Index | IP=::1 | Start=2026-06-15 14:10:14.548 | Elapsed=162ms | Status=Completed
2026-06-15 14:10:18 | INF | CONTROLLER_EXEC | Acc= admin | IP=::1 | Path=ADS999001/ADS999001 | Message=GET /ADS999001/ADS999001
2026-06-15 14:10:18 | INF | ACTION_TRACE | Acc=admin | Path=/ADS999001/ADS999001 | IP=::1 | Start=2026-06-15 14:10:18.206 | Elapsed=4ms | Status=Completed
2026-06-15 14:10:18 | INF | CONTROLLER_EXEC | Acc= admin | IP=::1 | Path=ADS999001/GetSysNoticeData | Message=POST /ADS999001/GetSysNoticeData
2026-06-15 14:10:18 | INF | ACTION_TRACE | Acc=admin | Path=/ADS999001/GetSysNoticeData | IP=::1 | Start=2026-06-15 14:10:18.232 | Elapsed=6ms | Status=Completed
2026-06-15 14:10:21 | INF | CONTROLLER_EXEC | Acc= admin | IP=::1 | Path=ADS999001/GetSysNoticeForEdit | Message=GET /ADS999001/GetSysNoticeForEdit
2026-06-15 14:10:21 | INF | ACTION_TRACE | Acc=admin | Path=/ADS999001/GetSysNoticeForEdit | IP=::1 | Start=2026-06-15 14:10:21.722 | Elapsed=2ms | Status=Completed
2026-06-15 14:10:24 | INF | ACTION_TRACE | Acc=admin | Path=/.well-known/appspecific/com.chrome.devtools.json | IP=::1 | Start=2026-06-15 14:10:24.927 | Elapsed=0ms | Status=Completed
2026-06-15 14:11:38 | WRN | No store type was specified for the decimal property 'OveMoney' on entity type 'HROvertime'. This will cause values to be silently truncated if they do not fit in the default precision and scale. Explicitly specify the SQL server column type that can accommodate all the values in 'OnModelCreating' using 'HasColumnType', specify precision and scale using 'HasPrecision', or configure a value converter using 'HasConversion'.
2026-06-15 14:11:38 | WRN | No store type was specified for the decimal property 'Wag1D1Hour' on entity type 'HRWage'. This will cause values to be silently truncated if they do not fit in the default precision and scale. Explicitly specify the SQL server column type that can accommodate all the values in 'OnModelCreating' using 'HasColumnType', specify precision and scale using 'HasPrecision', or configure a value converter using 'HasConversion'.
2026-06-15 14:11:38 | WRN | No store type was specified for the decimal property 'Wag2D1Hour' on entity type 'HRWage'. This will cause values to be silently truncated if they do not fit in the default precision and scale. Explicitly specify the SQL server column type that can accommodate all the values in 'OnModelCreating' using 'HasColumnType', specify precision and scale using 'HasPrecision', or configure a value converter using 'HasConversion'.
2026-06-15 14:11:38 | WRN | No store type was specified for the decimal property 'Wag4D3Hour' on entity type 'HRWage'. This will cause values to be silently truncated if they do not fit in the default precision and scale. Explicitly specify the SQL server column type that can accommodate all the values in 'OnModelCreating' using 'HasColumnType', specify precision and scale using 'HasPrecision', or configure a value converter using 'HasConversion'.
2026-06-15 14:11:38 | WRN | No store type was specified for the decimal property 'Wag5D3Hour' on entity type 'HRWage'. This will cause values to be silently truncated if they do not fit in the default precision and scale. Explicitly specify the SQL server column type that can accommodate all the values in 'OnModelCreating' using 'HasColumnType', specify precision and scale using 'HasPrecision', or configure a value converter using 'HasConversion'.
2026-06-15 14:11:38 | WRN | No store type was specified for the decimal property 'Wag8D3Hour' on entity type 'HRWage'. This will cause values to be silently truncated if they do not fit in the default precision and scale. Explicitly specify the SQL server column type that can accommodate all the values in 'OnModelCreating' using 'HasColumnType', specify precision and scale using 'HasPrecision', or configure a value converter using 'HasConversion'.
2026-06-15 14:11:38 | WRN | No store type was specified for the decimal property 'WagApplyHour' on entity type 'HRWage'. This will cause values to be silently truncated if they do not fit in the default precision and scale. Explicitly specify the SQL server column type that can accommodate all the values in 'OnModelCreating' using 'HasColumnType', specify precision and scale using 'HasPrecision', or configure a value converter using 'HasConversion'.
2026-06-15 14:11:38 | WRN | No store type was specified for the decimal property 'WagIssueHour' on entity type 'HRWage'. This will cause values to be silently truncated if they do not fit in the default precision and scale. Explicitly specify the SQL server column type that can accommodate all the values in 'OnModelCreating' using 'HasColumnType', specify precision and scale using 'HasPrecision', or configure a value converter using 'HasConversion'.
2026-06-15 14:11:38 | WRN | No store type was specified for the decimal property 'WagSubtotal' on entity type 'HRWage'. This will cause values to be silently truncated if they do not fit in the default precision and scale. Explicitly specify the SQL server column type that can accommodate all the values in 'OnModelCreating' using 'HasColumnType', specify precision and scale using 'HasPrecision', or configure a value converter using 'HasConversion'.
2026-06-15 14:11:43 | WRN | The query uses the 'First'/'FirstOrDefault' operator without 'OrderBy' and filter operators. This may lead to unpredictable results.
2026-06-15 14:11:44 | INF | ACTION_TRACE | Acc=admin | Path=/ | IP=::1 | Start=2026-06-15 14:11:37.608 | Elapsed=7152ms | Status=Completed
2026-06-15 14:11:44 | INF | NETWORK_UNSTABLE | Acc=admin | Path=/ | Reason=SlowRequest 7152ms
2026-06-15 14:11:45 | INF | ACTION_TRACE | Acc=admin | Path=/Captcha/Generate | IP=::1 | Start=2026-06-15 14:11:45.040 | Elapsed=78ms | Status=Completed
2026-06-15 14:11:45 | INF | ACTION_TRACE | Acc=admin | Path=/DNTCaptchaImage/Show | IP=::1 | Start=2026-06-15 14:11:45.251 | Elapsed=104ms | Status=Completed
2026-06-15 14:11:47 | INF | ACTION_TRACE | Acc=admin | Path=/AdminPortal/Account/Login | IP=::1 | Start=2026-06-15 14:11:46.888 | Elapsed=114ms | Status=Completed
2026-06-15 14:11:47 | INF | ACTION_TRACE | Acc=admin | Path=/Captcha/Generate | IP=::1 | Start=2026-06-15 14:11:47.123 | Elapsed=5ms | Status=Completed
2026-06-15 14:11:47 | INF | ACTION_TRACE | Acc=admin | Path=/DNTCaptchaImage/Show | IP=::1 | Start=2026-06-15 14:11:47.148 | Elapsed=20ms | Status=Completed
2026-06-15 14:11:53 | WRN | The query uses the 'First'/'FirstOrDefault' operator without 'OrderBy' and filter operators. This may lead to unpredictable results.
2026-06-15 14:11:53 | WRN | The query uses the 'First'/'FirstOrDefault' operator without 'OrderBy' and filter operators. This may lead to unpredictable results.
2026-06-15 14:11:57 | INF | ACTION_TRACE | Acc=admin | Path=/AdminPortal/Account/Login | IP=::1 | Start=2026-06-15 14:11:49.720 | Elapsed=8069ms | Status=Completed
2026-06-15 14:11:57 | INF | NETWORK_UNSTABLE | Acc=admin | Path=/AdminPortal/Account/Login | Reason=SlowRequest 8069ms
2026-06-15 14:11:57 | INF | ACTION_TRACE | Acc=admin | Path=/AdminPortal/Home/Index | IP=::1 | Start=2026-06-15 14:11:57.803 | Elapsed=170ms | Status=Completed
2026-06-15 14:12:00 | INF | CONTROLLER_EXEC | Acc= admin | IP=::1 | Path=ADS999001/ADS999001 | Message=GET /ADS999001/ADS999001
2026-06-15 14:12:01 | INF | ACTION_TRACE | Acc=admin | Path=/ADS999001/ADS999001 | IP=::1 | Start=2026-06-15 14:12:00.952 | Elapsed=59ms | Status=Completed
2026-06-15 14:12:01 | INF | CONTROLLER_EXEC | Acc= admin | IP=::1 | Path=ADS999001/GetSysNoticeData | Message=POST /ADS999001/GetSysNoticeData
2026-06-15 14:12:01 | INF | ACTION_TRACE | Acc=admin | Path=/ADS999001/GetSysNoticeData | IP=::1 | Start=2026-06-15 14:12:01.081 | Elapsed=132ms | Status=Completed
2026-06-15 14:12:04 | WRN | The query uses the 'First'/'FirstOrDefault' operator without 'OrderBy' and filter operators. This may lead to unpredictable results.
2026-06-15 14:12:04 | INF | CONTROLLER_EXEC | Acc= admin | IP=::1 | Path=ADS999001/GetSysNoticeForEdit | Message=GET /ADS999001/GetSysNoticeForEdit
2026-06-15 14:12:04 | INF | ACTION_TRACE | Acc=admin | Path=/ADS999001/GetSysNoticeForEdit | IP=::1 | Start=2026-06-15 14:12:04.251 | Elapsed=38ms | Status=Completed
2026-06-15 14:14:03 | INF | ACTION_TRACE | Acc=admin | Path=/AdminPortal/Home/Index | IP=::1 | Start=2026-06-15 14:14:03.467 | Elapsed=37ms | Status=Completed
2026-06-15 14:14:51 | INF | CONTROLLER_EXEC | Acc= admin | IP=::1 | Path=ADS999001/ADS999001 | Message=GET /ADS999001/ADS999001
2026-06-15 14:14:51 | INF | ACTION_TRACE | Acc=admin | Path=/ADS999001/ADS999001 | IP=::1 | Start=2026-06-15 14:14:51.523 | Elapsed=5ms | Status=Completed
2026-06-15 14:14:51 | INF | CONTROLLER_EXEC | Acc= admin | IP=::1 | Path=ADS999001/GetSysNoticeData | Message=POST /ADS999001/GetSysNoticeData
2026-06-15 14:14:51 | INF | ACTION_TRACE | Acc=admin | Path=/ADS999001/GetSysNoticeData | IP=::1 | Start=2026-06-15 14:14:51.550 | Elapsed=6ms | Status=Completed
2026-06-15 14:15:29 | INF | CONTROLLER_EXEC | Acc= admin | IP=::1 | Path=ADS999001/GetSysNoticeForEdit | Message=GET /ADS999001/GetSysNoticeForEdit
2026-06-15 14:15:29 | INF | ACTION_TRACE | Acc=admin | Path=/ADS999001/GetSysNoticeForEdit | IP=::1 | Start=2026-06-15 14:15:29.294 | Elapsed=3ms | Status=Completed
2026-06-15 14:15:37 | INF | CONTROLLER_EXEC | Acc= admin | IP=::1 | Path=ADS999001/GetSysNoticeForEdit | Message=GET /ADS999001/GetSysNoticeForEdit
2026-06-15 14:15:37 | INF | ACTION_TRACE | Acc=admin | Path=/ADS999001/GetSysNoticeForEdit | IP=::1 | Start=2026-06-15 14:15:37.709 | Elapsed=3ms | Status=Completed
2026-06-15 14:15:40 | INF | CONTROLLER_EXEC | Acc= admin | IP=::1 | Path=ADS999001/UpdateSysNotice | Message=POST /ADS999001/UpdateSysNotice
2026-06-15 14:15:40 | INF | ACTION_TRACE | Acc=admin | Path=/ADS999001/UpdateSysNotice | IP=::1 | Start=2026-06-15 14:15:40.457 | Elapsed=416ms | Status=Completed
2026-06-15 14:15:40 | INF | CONTROLLER_EXEC | Acc= admin | IP=::1 | Path=ADS999001/GetSysNoticeData | Message=POST /ADS999001/GetSysNoticeData
2026-06-15 14:15:40 | INF | ACTION_TRACE | Acc=admin | Path=/ADS999001/GetSysNoticeData | IP=::1 | Start=2026-06-15 14:15:40.880 | Elapsed=9ms | Status=Completed
2026-06-15 14:15:43 | INF | CONTROLLER_EXEC | Acc= admin | IP=::1 | Path=ADS999001/GetSysNoticeForEdit | Message=GET /ADS999001/GetSysNoticeForEdit
2026-06-15 14:15:43 | INF | ACTION_TRACE | Acc=admin | Path=/ADS999001/GetSysNoticeForEdit | IP=::1 | Start=2026-06-15 14:15:43.496 | Elapsed=3ms | Status=Completed
2026-06-15 14:15:46 | INF | CONTROLLER_EXEC | Acc= admin | IP=::1 | Path=ADS999001/UpdateSysNotice | Message=POST /ADS999001/UpdateSysNotice
2026-06-15 14:15:46 | INF | ACTION_TRACE | Acc=admin | Path=/ADS999001/UpdateSysNotice | IP=::1 | Start=2026-06-15 14:15:46.068 | Elapsed=16ms | Status=Completed
2026-06-15 14:15:46 | INF | CONTROLLER_EXEC | Acc= admin | IP=::1 | Path=ADS999001/GetSysNoticeData | Message=POST /ADS999001/GetSysNoticeData
2026-06-15 14:15:46 | INF | ACTION_TRACE | Acc=admin | Path=/ADS999001/GetSysNoticeData | IP=::1 | Start=2026-06-15 14:15:46.089 | Elapsed=6ms | Status=Completed
2026-06-15 14:15:49 | INF | CONTROLLER_EXEC | Acc= admin | IP=::1 | Path=ADS999001/GetSysNoticeForEdit | Message=GET /ADS999001/GetSysNoticeForEdit
2026-06-15 14:15:49 | INF | ACTION_TRACE | Acc=admin | Path=/ADS999001/GetSysNoticeForEdit | IP=::1 | Start=2026-06-15 14:15:49.642 | Elapsed=3ms | Status=Completed
2026-06-15 14:19:10 | INF | CONTROLLER_EXEC | Acc= admin | IP=::1 | Path=ADS999001/GetSysNoticeForEdit | Message=GET /ADS999001/GetSysNoticeForEdit
2026-06-15 14:19:10 | INF | ACTION_TRACE | Acc=admin | Path=/ADS999001/GetSysNoticeForEdit | IP=::1 | Start=2026-06-15 14:19:10.766 | Elapsed=3ms | Status=Completed
2026-06-15 14:19:37 | INF | ACTION_TRACE | Acc=admin | Path=/.well-known/appspecific/com.chrome.devtools.json | IP=::1 | Start=2026-06-15 14:19:37.400 | Elapsed=0ms | Status=Completed
2026-06-15 14:20:08 | INF | ACTION_TRACE | Acc=admin | Path=/AdminPortal/Home/Index | IP=::1 | Start=2026-06-15 14:20:08.334 | Elapsed=10ms | Status=Completed
2026-06-15 14:20:08 | INF | ACTION_TRACE | Acc=admin | Path=/.well-known/appspecific/com.chrome.devtools.json | IP=::1 | Start=2026-06-15 14:20:08.466 | Elapsed=0ms | Status=Completed
2026-06-15 14:20:13 | INF | CONTROLLER_EXEC | Acc= admin | IP=::1 | Path=ADS999001/ADS999001 | Message=GET /ADS999001/ADS999001
2026-06-15 14:20:13 | INF | ACTION_TRACE | Acc=admin | Path=/ADS999001/ADS999001 | IP=::1 | Start=2026-06-15 14:20:13.680 | Elapsed=70ms | Status=Completed
2026-06-15 14:20:14 | INF | CONTROLLER_EXEC | Acc= admin | IP=::1 | Path=ADS999001/GetSysNoticeData | Message=POST /ADS999001/GetSysNoticeData
2026-06-15 14:20:14 | INF | ACTION_TRACE | Acc=admin | Path=/ADS999001/GetSysNoticeData | IP=::1 | Start=2026-06-15 14:20:13.805 | Elapsed=262ms | Status=Completed
2026-06-15 14:20:15 | INF | CONTROLLER_EXEC | Acc= admin | IP=::1 | Path=ADS999001/GetSysNoticeForEdit | Message=GET /ADS999001/GetSysNoticeForEdit
2026-06-15 14:20:15 | INF | ACTION_TRACE | Acc=admin | Path=/ADS999001/GetSysNoticeForEdit | IP=::1 | Start=2026-06-15 14:20:15.928 | Elapsed=2ms | Status=Completed
2026-06-15 14:20:30 | INF | CONTROLLER_EXEC | Acc= admin | IP=::1 | Path=ADS999001/GetSysNoticeForEdit | Message=GET /ADS999001/GetSysNoticeForEdit
2026-06-15 14:20:30 | INF | ACTION_TRACE | Acc=admin | Path=/ADS999001/GetSysNoticeForEdit | IP=::1 | Start=2026-06-15 14:20:30.633 | Elapsed=1ms | Status=Completed
2026-06-15 14:21:01 | INF | CONTROLLER_EXEC | Acc= admin | IP=::1 | Path=ADS999001/CreateSysNotice | Message=POST /ADS999001/CreateSysNotice
2026-06-15 14:21:01 | INF | ACTION_TRACE | Acc=admin | Path=/ADS999001/CreateSysNotice | IP=::1 | Start=2026-06-15 14:20:56.914 | Elapsed=4590ms | Status=Completed
2026-06-15 14:21:01 | INF | NETWORK_UNSTABLE | Acc=admin | Path=/ADS999001/CreateSysNotice | Reason=SlowRequest 4590ms
2026-06-15 14:21:01 | INF | CONTROLLER_EXEC | Acc= admin | IP=::1 | Path=ADS999001/GetSysNoticeData | Message=POST /ADS999001/GetSysNoticeData
2026-06-15 14:21:01 | INF | ACTION_TRACE | Acc=admin | Path=/ADS999001/GetSysNoticeData | IP=::1 | Start=2026-06-15 14:21:01.513 | Elapsed=18ms | Status=Completed
2026-06-15 14:21:04 | INF | CONTROLLER_EXEC | Acc= admin | IP=::1 | Path=ADS999001/GetSysNoticeForEdit | Message=GET /ADS999001/GetSysNoticeForEdit
2026-06-15 14:21:04 | INF | ACTION_TRACE | Acc=admin | Path=/ADS999001/GetSysNoticeForEdit | IP=::1 | Start=2026-06-15 14:21:04.723 | Elapsed=5ms | Status=Completed
2026-06-15 14:21:09 | INF | CONTROLLER_EXEC | Acc= admin | IP=::1 | Path=ADS999001/UpdateSysNotice | Message=POST /ADS999001/UpdateSysNotice
2026-06-15 14:21:09 | INF | ACTION_TRACE | Acc=admin | Path=/ADS999001/UpdateSysNotice | IP=::1 | Start=2026-06-15 14:21:09.015 | Elapsed=12ms | Status=Completed
2026-06-15 14:21:09 | INF | CONTROLLER_EXEC | Acc= admin | IP=::1 | Path=ADS999001/GetSysNoticeData | Message=POST /ADS999001/GetSysNoticeData
2026-06-15 14:21:09 | INF | ACTION_TRACE | Acc=admin | Path=/ADS999001/GetSysNoticeData | IP=::1 | Start=2026-06-15 14:21:09.034 | Elapsed=4ms | Status=Completed
2026-06-15 14:21:39 | INF | ACTION_TRACE | Acc=admin | Path=/AdminPortal/Account/Login | IP=::1 | Start=2026-06-15 14:21:39.916 | Elapsed=2ms | Status=Completed
2026-06-15 14:21:40 | INF | ACTION_TRACE | Acc=admin | Path=/Captcha/Generate | IP=::1 | Start=2026-06-15 14:21:40.042 | Elapsed=1ms | Status=Completed
2026-06-15 14:21:40 | INF | ACTION_TRACE | Acc=admin | Path=/DNTCaptchaImage/Show | IP=::1 | Start=2026-06-15 14:21:40.050 | Elapsed=18ms | Status=Completed
2026-06-15 14:21:44 | INF | ACTION_TRACE | Acc=admin | Path=/ | IP=::1 | Start=2026-06-15 14:21:42.315 | Elapsed=1802ms | Status=Completed
2026-06-15 14:21:44 | INF | ACTION_TRACE | Acc=admin | Path=/Captcha/Generate | IP=::1 | Start=2026-06-15 14:21:44.318 | Elapsed=1ms | Status=Completed
2026-06-15 14:21:44 | INF | ACTION_TRACE | Acc=admin | Path=/DNTCaptchaImage/Show | IP=::1 | Start=2026-06-15 14:21:44.329 | Elapsed=35ms | Status=Completed
2026-06-15 14:23:40 | WRN | No store type was specified for the decimal property 'OveMoney' on entity type 'HROvertime'. This will cause values to be silently truncated if they do not fit in the default precision and scale. Explicitly specify the SQL server column type that can accommodate all the values in 'OnModelCreating' using 'HasColumnType', specify precision and scale using 'HasPrecision', or configure a value converter using 'HasConversion'.
2026-06-15 14:23:40 | WRN | No store type was specified for the decimal property 'Wag1D1Hour' on entity type 'HRWage'. This will cause values to be silently truncated if they do not fit in the default precision and scale. Explicitly specify the SQL server column type that can accommodate all the values in 'OnModelCreating' using 'HasColumnType', specify precision and scale using 'HasPrecision', or configure a value converter using 'HasConversion'.
2026-06-15 14:23:40 | WRN | No store type was specified for the decimal property 'Wag2D1Hour' on entity type 'HRWage'. This will cause values to be silently truncated if they do not fit in the default precision and scale. Explicitly specify the SQL server column type that can accommodate all the values in 'OnModelCreating' using 'HasColumnType', specify precision and scale using 'HasPrecision', or configure a value converter using 'HasConversion'.
2026-06-15 14:23:40 | WRN | No store type was specified for the decimal property 'Wag4D3Hour' on entity type 'HRWage'. This will cause values to be silently truncated if they do not fit in the default precision and scale. Explicitly specify the SQL server column type that can accommodate all the values in 'OnModelCreating' using 'HasColumnType', specify precision and scale using 'HasPrecision', or configure a value converter using 'HasConversion'.
2026-06-15 14:23:40 | WRN | No store type was specified for the decimal property 'Wag5D3Hour' on entity type 'HRWage'. This will cause values to be silently truncated if they do not fit in the default precision and scale. Explicitly specify the SQL server column type that can accommodate all the values in 'OnModelCreating' using 'HasColumnType', specify precision and scale using 'HasPrecision', or configure a value converter using 'HasConversion'.
2026-06-15 14:23:40 | WRN | No store type was specified for the decimal property 'Wag8D3Hour' on entity type 'HRWage'. This will cause values to be silently truncated if they do not fit in the default precision and scale. Explicitly specify the SQL server column type that can accommodate all the values in 'OnModelCreating' using 'HasColumnType', specify precision and scale using 'HasPrecision', or configure a value converter using 'HasConversion'.
2026-06-15 14:23:40 | WRN | No store type was specified for the decimal property 'WagApplyHour' on entity type 'HRWage'. This will cause values to be silently truncated if they do not fit in the default precision and scale. Explicitly specify the SQL server column type that can accommodate all the values in 'OnModelCreating' using 'HasColumnType', specify precision and scale using 'HasPrecision', or configure a value converter using 'HasConversion'.
2026-06-15 14:23:40 | WRN | No store type was specified for the decimal property 'WagIssueHour' on entity type 'HRWage'. This will cause values to be silently truncated if they do not fit in the default precision and scale. Explicitly specify the SQL server column type that can accommodate all the values in 'OnModelCreating' using 'HasColumnType', specify precision and scale using 'HasPrecision', or configure a value converter using 'HasConversion'.
2026-06-15 14:23:40 | WRN | No store type was specified for the decimal property 'WagSubtotal' on entity type 'HRWage'. This will cause values to be silently truncated if they do not fit in the default precision and scale. Explicitly specify the SQL server column type that can accommodate all the values in 'OnModelCreating' using 'HasColumnType', specify precision and scale using 'HasPrecision', or configure a value converter using 'HasConversion'.
2026-06-15 14:23:45 | WRN | The query uses the 'First'/'FirstOrDefault' operator without 'OrderBy' and filter operators. This may lead to unpredictable results.
2026-06-15 14:23:46 | INF | ACTION_TRACE | Acc=admin | Path=/ | IP=::1 | Start=2026-06-15 14:23:39.554 | Elapsed=7274ms | Status=Completed
2026-06-15 14:23:46 | INF | NETWORK_UNSTABLE | Acc=admin | Path=/ | Reason=SlowRequest 7274ms
2026-06-15 14:23:47 | INF | ACTION_TRACE | Acc=admin | Path=/Captcha/Generate | IP=::1 | Start=2026-06-15 14:23:47.036 | Elapsed=48ms | Status=Completed
2026-06-15 14:23:47 | INF | ACTION_TRACE | Acc=admin | Path=/DNTCaptchaImage/Show | IP=::1 | Start=2026-06-15 14:23:47.103 | Elapsed=104ms | Status=Completed
2026-06-15 14:24:07 | INF | ACTION_TRACE | Acc=admin | Path=/.well-known/appspecific/com.chrome.devtools.json | IP=::1 | Start=2026-06-15 14:24:07.402 | Elapsed=0ms | Status=Completed
2026-06-15 14:28:58 | WRN | No store type was specified for the decimal property 'OveMoney' on entity type 'HROvertime'. This will cause values to be silently truncated if they do not fit in the default precision and scale. Explicitly specify the SQL server column type that can accommodate all the values in 'OnModelCreating' using 'HasColumnType', specify precision and scale using 'HasPrecision', or configure a value converter using 'HasConversion'.
2026-06-15 14:28:58 | WRN | No store type was specified for the decimal property 'Wag1D1Hour' on entity type 'HRWage'. This will cause values to be silently truncated if they do not fit in the default precision and scale. Explicitly specify the SQL server column type that can accommodate all the values in 'OnModelCreating' using 'HasColumnType', specify precision and scale using 'HasPrecision', or configure a value converter using 'HasConversion'.
2026-06-15 14:28:58 | WRN | No store type was specified for the decimal property 'Wag2D1Hour' on entity type 'HRWage'. This will cause values to be silently truncated if they do not fit in the default precision and scale. Explicitly specify the SQL server column type that can accommodate all the values in 'OnModelCreating' using 'HasColumnType', specify precision and scale using 'HasPrecision', or configure a value converter using 'HasConversion'.
2026-06-15 14:28:58 | WRN | No store type was specified for the decimal property 'Wag4D3Hour' on entity type 'HRWage'. This will cause values to be silently truncated if they do not fit in the default precision and scale. Explicitly specify the SQL server column type that can accommodate all the values in 'OnModelCreating' using 'HasColumnType', specify precision and scale using 'HasPrecision', or configure a value converter using 'HasConversion'.
2026-06-15 14:28:58 | WRN | No store type was specified for the decimal property 'Wag5D3Hour' on entity type 'HRWage'. This will cause values to be silently truncated if they do not fit in the default precision and scale. Explicitly specify the SQL server column type that can accommodate all the values in 'OnModelCreating' using 'HasColumnType', specify precision and scale using 'HasPrecision', or configure a value converter using 'HasConversion'.
2026-06-15 14:28:58 | WRN | No store type was specified for the decimal property 'Wag8D3Hour' on entity type 'HRWage'. This will cause values to be silently truncated if they do not fit in the default precision and scale. Explicitly specify the SQL server column type that can accommodate all the values in 'OnModelCreating' using 'HasColumnType', specify precision and scale using 'HasPrecision', or configure a value converter using 'HasConversion'.
2026-06-15 14:28:58 | WRN | No store type was specified for the decimal property 'WagApplyHour' on entity type 'HRWage'. This will cause values to be silently truncated if they do not fit in the default precision and scale. Explicitly specify the SQL server column type that can accommodate all the values in 'OnModelCreating' using 'HasColumnType', specify precision and scale using 'HasPrecision', or configure a value converter using 'HasConversion'.
2026-06-15 14:28:58 | WRN | No store type was specified for the decimal property 'WagIssueHour' on entity type 'HRWage'. This will cause values to be silently truncated if they do not fit in the default precision and scale. Explicitly specify the SQL server column type that can accommodate all the values in 'OnModelCreating' using 'HasColumnType', specify precision and scale using 'HasPrecision', or configure a value converter using 'HasConversion'.
2026-06-15 14:28:58 | WRN | No store type was specified for the decimal property 'WagSubtotal' on entity type 'HRWage'. This will cause values to be silently truncated if they do not fit in the default precision and scale. Explicitly specify the SQL server column type that can accommodate all the values in 'OnModelCreating' using 'HasColumnType', specify precision and scale using 'HasPrecision', or configure a value converter using 'HasConversion'.
2026-06-15 14:29:04 | WRN | The query uses the 'First'/'FirstOrDefault' operator without 'OrderBy' and filter operators. This may lead to unpredictable results.
2026-06-15 14:29:05 | INF | ACTION_TRACE | Acc=admin | Path=/ | IP=::1 | Start=2026-06-15 14:28:57.852 | Elapsed=7303ms | Status=Completed
2026-06-15 14:29:05 | INF | NETWORK_UNSTABLE | Acc=admin | Path=/ | Reason=SlowRequest 7303ms
2026-06-15 14:29:05 | INF | ACTION_TRACE | Acc=admin | Path=/Captcha/Generate | IP=::1 | Start=2026-06-15 14:29:05.360 | Elapsed=37ms | Status=Completed
2026-06-15 14:29:05 | INF | ACTION_TRACE | Acc=admin | Path=/DNTCaptchaImage/Show | IP=::1 | Start=2026-06-15 14:29:05.415 | Elapsed=113ms | Status=Completed
2026-06-15 14:29:17 | INF | ACTION_TRACE | Acc=admin | Path=/Account/Login | IP=::1 | Start=2026-06-15 14:29:09.217 | Elapsed=8571ms | Status=Completed
2026-06-15 14:29:17 | INF | NETWORK_UNSTABLE | Acc=admin | Path=/Account/Login | Reason=SlowRequest 8571ms
2026-06-15 14:29:18 | INF | ACTION_TRACE | Acc=admin | Path=/Home/Index | IP=::1 | Start=2026-06-15 14:29:17.803 | Elapsed=251ms | Status=Completed
2026-06-15 14:46:15 | WRN | No store type was specified for the decimal property 'OveMoney' on entity type 'HROvertime'. This will cause values to be silently truncated if they do not fit in the default precision and scale. Explicitly specify the SQL server column type that can accommodate all the values in 'OnModelCreating' using 'HasColumnType', specify precision and scale using 'HasPrecision', or configure a value converter using 'HasConversion'.
2026-06-15 14:46:15 | WRN | No store type was specified for the decimal property 'Wag1D1Hour' on entity type 'HRWage'. This will cause values to be silently truncated if they do not fit in the default precision and scale. Explicitly specify the SQL server column type that can accommodate all the values in 'OnModelCreating' using 'HasColumnType', specify precision and scale using 'HasPrecision', or configure a value converter using 'HasConversion'.
2026-06-15 14:46:15 | WRN | No store type was specified for the decimal property 'Wag2D1Hour' on entity type 'HRWage'. This will cause values to be silently truncated if they do not fit in the default precision and scale. Explicitly specify the SQL server column type that can accommodate all the values in 'OnModelCreating' using 'HasColumnType', specify precision and scale using 'HasPrecision', or configure a value converter using 'HasConversion'.
2026-06-15 14:46:15 | WRN | No store type was specified for the decimal property 'Wag4D3Hour' on entity type 'HRWage'. This will cause values to be silently truncated if they do not fit in the default precision and scale. Explicitly specify the SQL server column type that can accommodate all the values in 'OnModelCreating' using 'HasColumnType', specify precision and scale using 'HasPrecision', or configure a value converter using 'HasConversion'.
2026-06-15 14:46:15 | WRN | No store type was specified for the decimal property 'Wag5D3Hour' on entity type 'HRWage'. This will cause values to be silently truncated if they do not fit in the default precision and scale. Explicitly specify the SQL server column type that can accommodate all the values in 'OnModelCreating' using 'HasColumnType', specify precision and scale using 'HasPrecision', or configure a value converter using 'HasConversion'.
2026-06-15 14:46:15 | WRN | No store type was specified for the decimal property 'Wag8D3Hour' on entity type 'HRWage'. This will cause values to be silently truncated if they do not fit in the default precision and scale. Explicitly specify the SQL server column type that can accommodate all the values in 'OnModelCreating' using 'HasColumnType', specify precision and scale using 'HasPrecision', or configure a value converter using 'HasConversion'.
2026-06-15 14:46:15 | WRN | No store type was specified for the decimal property 'WagApplyHour' on entity type 'HRWage'. This will cause values to be silently truncated if they do not fit in the default precision and scale. Explicitly specify the SQL server column type that can accommodate all the values in 'OnModelCreating' using 'HasColumnType', specify precision and scale using 'HasPrecision', or configure a value converter using 'HasConversion'.
2026-06-15 14:46:15 | WRN | No store type was specified for the decimal property 'WagIssueHour' on entity type 'HRWage'. This will cause values to be silently truncated if they do not fit in the default precision and scale. Explicitly specify the SQL server column type that can accommodate all the values in 'OnModelCreating' using 'HasColumnType', specify precision and scale using 'HasPrecision', or configure a value converter using 'HasConversion'.
2026-06-15 14:46:15 | WRN | No store type was specified for the decimal property 'WagSubtotal' on entity type 'HRWage'. This will cause values to be silently truncated if they do not fit in the default precision and scale. Explicitly specify the SQL server column type that can accommodate all the values in 'OnModelCreating' using 'HasColumnType', specify precision and scale using 'HasPrecision', or configure a value converter using 'HasConversion'.
2026-06-15 14:46:20 | WRN | The query uses the 'First'/'FirstOrDefault' operator without 'OrderBy' and filter operators. This may lead to unpredictable results.
2026-06-15 14:46:21 | INF | ACTION_TRACE | Acc=admin | Path=/ | IP=::1 | Start=2026-06-15 14:46:14.145 | Elapsed=7441ms | Status=Completed
2026-06-15 14:46:21 | INF | NETWORK_UNSTABLE | Acc=admin | Path=/ | Reason=SlowRequest 7441ms
2026-06-15 14:46:21 | INF | ACTION_TRACE | Acc=admin | Path=/Captcha/Generate | IP=::1 | Start=2026-06-15 14:46:21.854 | Elapsed=63ms | Status=Completed
2026-06-15 14:46:22 | INF | ACTION_TRACE | Acc=admin | Path=/DNTCaptchaImage/Show | IP=::1 | Start=2026-06-15 14:46:21.997 | Elapsed=127ms | Status=Completed
2026-06-15 14:46:28 | INF | ACTION_TRACE | Acc=admin | Path=/AdminPortal/Account/Login | IP=::1 | Start=2026-06-15 14:46:28.415 | Elapsed=102ms | Status=Completed
2026-06-15 14:46:28 | INF | ACTION_TRACE | Acc=admin | Path=/Captcha/Generate | IP=::1 | Start=2026-06-15 14:46:28.648 | Elapsed=6ms | Status=Completed
2026-06-15 14:46:28 | INF | ACTION_TRACE | Acc=admin | Path=/DNTCaptchaImage/Show | IP=::1 | Start=2026-06-15 14:46:28.662 | Elapsed=14ms | Status=Completed
2026-06-15 14:46:42 | WRN | The query uses the 'First'/'FirstOrDefault' operator without 'OrderBy' and filter operators. This may lead to unpredictable results.
2026-06-15 14:46:42 | WRN | The query uses the 'First'/'FirstOrDefault' operator without 'OrderBy' and filter operators. This may lead to unpredictable results.
2026-06-15 14:46:47 | INF | ACTION_TRACE | Acc=admin | Path=/AdminPortal/Account/Login | IP=::1 | Start=2026-06-15 14:46:37.665 | Elapsed=9532ms | Status=Completed
2026-06-15 14:46:47 | INF | NETWORK_UNSTABLE | Acc=admin | Path=/AdminPortal/Account/Login | Reason=SlowRequest 9532ms
2026-06-15 14:46:47 | INF | ACTION_TRACE | Acc=admin | Path=/AdminPortal/Home/Index | IP=::1 | Start=2026-06-15 14:46:47.214 | Elapsed=159ms | Status=Completed
2026-06-15 14:49:01 | INF | CONTROLLER_EXEC | Acc= admin | IP=::1 | Path=ADS999001/ADS999001 | Message=GET /ADS999001/ADS999001
2026-06-15 14:49:02 | INF | ACTION_TRACE | Acc=admin | Path=/ADS999001/ADS999001 | IP=::1 | Start=2026-06-15 14:49:01.943 | Elapsed=74ms | Status=Completed
2026-06-15 14:49:02 | INF | CONTROLLER_EXEC | Acc= admin | IP=::1 | Path=ADS999001/GetSysNoticeData | Message=POST /ADS999001/GetSysNoticeData
2026-06-15 14:49:02 | INF | ACTION_TRACE | Acc=admin | Path=/ADS999001/GetSysNoticeData | IP=::1 | Start=2026-06-15 14:49:02.090 | Elapsed=113ms | Status=Completed
2026-06-15 14:49:05 | WRN | The query uses the 'First'/'FirstOrDefault' operator without 'OrderBy' and filter operators. This may lead to unpredictable results.
2026-06-15 14:49:05 | INF | CONTROLLER_EXEC | Acc= admin | IP=::1 | Path=ADS999001/GetSysNoticeForEdit | Message=GET /ADS999001/GetSysNoticeForEdit
2026-06-15 14:49:05 | INF | ACTION_TRACE | Acc=admin | Path=/ADS999001/GetSysNoticeForEdit | IP=::1 | Start=2026-06-15 14:49:05.376 | Elapsed=39ms | Status=Completed
2026-06-15 14:49:11 | INF | CONTROLLER_EXEC | Acc= admin | IP=::1 | Path=ADS999001/UpdateSysNotice | Message=POST /ADS999001/UpdateSysNotice
2026-06-15 14:49:11 | INF | ACTION_TRACE | Acc=admin | Path=/ADS999001/UpdateSysNotice | IP=::1 | Start=2026-06-15 14:49:10.640 | Elapsed=393ms | Status=Completed
2026-06-15 14:49:11 | INF | CONTROLLER_EXEC | Acc= admin | IP=::1 | Path=ADS999001/GetSysNoticeData | Message=POST /ADS999001/GetSysNoticeData
2026-06-15 14:49:11 | INF | ACTION_TRACE | Acc=admin | Path=/ADS999001/GetSysNoticeData | IP=::1 | Start=2026-06-15 14:49:11.052 | Elapsed=6ms | Status=Completed
2026-06-15 14:49:14 | INF | CONTROLLER_EXEC | Acc= admin | IP=::1 | Path=ADS999001/GetSysNoticeForEdit | Message=GET /ADS999001/GetSysNoticeForEdit
2026-06-15 14:49:14 | INF | ACTION_TRACE | Acc=admin | Path=/ADS999001/GetSysNoticeForEdit | IP=::1 | Start=2026-06-15 14:49:14.669 | Elapsed=3ms | Status=Completed
2026-06-15 14:49:17 | INF | CONTROLLER_EXEC | Acc= admin | IP=::1 | Path=ADS999001/UpdateSysNotice | Message=POST /ADS999001/UpdateSysNotice
2026-06-15 14:49:17 | INF | ACTION_TRACE | Acc=admin | Path=/ADS999001/UpdateSysNotice | IP=::1 | Start=2026-06-15 14:49:17.084 | Elapsed=18ms | Status=Completed
2026-06-15 14:49:17 | INF | CONTROLLER_EXEC | Acc= admin | IP=::1 | Path=ADS999001/GetSysNoticeData | Message=POST /ADS999001/GetSysNoticeData
2026-06-15 14:49:17 | INF | ACTION_TRACE | Acc=admin | Path=/ADS999001/GetSysNoticeData | IP=::1 | Start=2026-06-15 14:49:17.106 | Elapsed=8ms | Status=Completed
2026-06-15 14:49:18 | INF | CONTROLLER_EXEC | Acc= admin | IP=::1 | Path=ADS999001/GetSysNoticeForEdit | Message=GET /ADS999001/GetSysNoticeForEdit
2026-06-15 14:49:18 | INF | ACTION_TRACE | Acc=admin | Path=/ADS999001/GetSysNoticeForEdit | IP=::1 | Start=2026-06-15 14:49:18.990 | Elapsed=8ms | Status=Completed
2026-06-15 14:49:20 | INF | CONTROLLER_EXEC | Acc= admin | IP=::1 | Path=ADS999001/UpdateSysNotice | Message=POST /ADS999001/UpdateSysNotice
2026-06-15 14:49:20 | INF | ACTION_TRACE | Acc=admin | Path=/ADS999001/UpdateSysNotice | IP=::1 | Start=2026-06-15 14:49:20.580 | Elapsed=11ms | Status=Completed
2026-06-15 14:49:20 | INF | CONTROLLER_EXEC | Acc= admin | IP=::1 | Path=ADS999001/GetSysNoticeData | Message=POST /ADS999001/GetSysNoticeData
2026-06-15 14:49:20 | INF | ACTION_TRACE | Acc=admin | Path=/ADS999001/GetSysNoticeData | IP=::1 | Start=2026-06-15 14:49:20.599 | Elapsed=5ms | Status=Completed
2026-06-15 14:49:24 | INF | CONTROLLER_EXEC | Acc= admin | IP=::1 | Path=ADS999001/GetSysNoticeForEdit | Message=GET /ADS999001/GetSysNoticeForEdit
2026-06-15 14:49:24 | INF | ACTION_TRACE | Acc=admin | Path=/ADS999001/GetSysNoticeForEdit | IP=::1 | Start=2026-06-15 14:49:24.813 | Elapsed=3ms | Status=Completed
2026-06-15 14:49:29 | INF | CONTROLLER_EXEC | Acc= admin | IP=::1 | Path=ADS999001/UpdateSysNotice | Message=POST /ADS999001/UpdateSysNotice
2026-06-15 14:49:29 | INF | ACTION_TRACE | Acc=admin | Path=/ADS999001/UpdateSysNotice | IP=::1 | Start=2026-06-15 14:49:29.096 | Elapsed=10ms | Status=Completed
2026-06-15 14:49:29 | INF | CONTROLLER_EXEC | Acc= admin | IP=::1 | Path=ADS999001/GetSysNoticeData | Message=POST /ADS999001/GetSysNoticeData
2026-06-15 14:49:29 | INF | ACTION_TRACE | Acc=admin | Path=/ADS999001/GetSysNoticeData | IP=::1 | Start=2026-06-15 14:49:29.115 | Elapsed=5ms | Status=Completed
2026-06-15 14:49:33 | INF | ACTION_TRACE | Acc=admin | Path=/AdminPortal/Account/Login | IP=::1 | Start=2026-06-15 14:49:33.839 | Elapsed=4ms | Status=Completed
2026-06-15 14:49:33 | INF | ACTION_TRACE | Acc=admin | Path=/Captcha/Generate | IP=::1 | Start=2026-06-15 14:49:33.946 | Elapsed=1ms | Status=Completed
2026-06-15 14:49:33 | INF | ACTION_TRACE | Acc=admin | Path=/DNTCaptchaImage/Show | IP=::1 | Start=2026-06-15 14:49:33.962 | Elapsed=17ms | Status=Completed
2026-06-15 14:49:37 | INF | ACTION_TRACE | Acc=admin | Path=/ | IP=::1 | Start=2026-06-15 14:49:35.857 | Elapsed=1828ms | Status=Completed
2026-06-15 14:49:37 | INF | ACTION_TRACE | Acc=admin | Path=/Captcha/Generate | IP=::1 | Start=2026-06-15 14:49:37.844 | Elapsed=1ms | Status=Completed
2026-06-15 14:49:37 | INF | ACTION_TRACE | Acc=admin | Path=/DNTCaptchaImage/Show | IP=::1 | Start=2026-06-15 14:49:37.852 | Elapsed=30ms | Status=Completed
2026-06-15 14:50:55 | INF | ACTION_TRACE | Acc=admin | Path=/ | IP=::1 | Start=2026-06-15 14:50:51.761 | Elapsed=3496ms | Status=Completed
2026-06-15 14:50:55 | INF | NETWORK_UNSTABLE | Acc=admin | Path=/ | Reason=SlowRequest 3496ms
2026-06-15 14:50:55 | INF | ACTION_TRACE | Acc=admin | Path=/Captcha/Generate | IP=::1 | Start=2026-06-15 14:50:55.402 | Elapsed=7ms | Status=Completed
2026-06-15 14:50:55 | INF | ACTION_TRACE | Acc=admin | Path=/DNTCaptchaImage/Show | IP=::1 | Start=2026-06-15 14:50:55.417 | Elapsed=10ms | Status=Completed
2026-06-15 14:51:27 | INF | ACTION_TRACE | Acc=admin | Path=/.well-known/appspecific/com.chrome.devtools.json | IP=::1 | Start=2026-06-15 14:51:27.386 | Elapsed=0ms | Status=Completed
2026-06-15 14:56:49 | WRN | No store type was specified for the decimal property 'OveMoney' on entity type 'HROvertime'. This will cause values to be silently truncated if they do not fit in the default precision and scale. Explicitly specify the SQL server column type that can accommodate all the values in 'OnModelCreating' using 'HasColumnType', specify precision and scale using 'HasPrecision', or configure a value converter using 'HasConversion'.
2026-06-15 14:56:49 | WRN | No store type was specified for the decimal property 'Wag1D1Hour' on entity type 'HRWage'. This will cause values to be silently truncated if they do not fit in the default precision and scale. Explicitly specify the SQL server column type that can accommodate all the values in 'OnModelCreating' using 'HasColumnType', specify precision and scale using 'HasPrecision', or configure a value converter using 'HasConversion'.
2026-06-15 14:56:49 | WRN | No store type was specified for the decimal property 'Wag2D1Hour' on entity type 'HRWage'. This will cause values to be silently truncated if they do not fit in the default precision and scale. Explicitly specify the SQL server column type that can accommodate all the values in 'OnModelCreating' using 'HasColumnType', specify precision and scale using 'HasPrecision', or configure a value converter using 'HasConversion'.
2026-06-15 14:56:49 | WRN | No store type was specified for the decimal property 'Wag4D3Hour' on entity type 'HRWage'. This will cause values to be silently truncated if they do not fit in the default precision and scale. Explicitly specify the SQL server column type that can accommodate all the values in 'OnModelCreating' using 'HasColumnType', specify precision and scale using 'HasPrecision', or configure a value converter using 'HasConversion'.
2026-06-15 14:56:49 | WRN | No store type was specified for the decimal property 'Wag5D3Hour' on entity type 'HRWage'. This will cause values to be silently truncated if they do not fit in the default precision and scale. Explicitly specify the SQL server column type that can accommodate all the values in 'OnModelCreating' using 'HasColumnType', specify precision and scale using 'HasPrecision', or configure a value converter using 'HasConversion'.
2026-06-15 14:56:49 | WRN | No store type was specified for the decimal property 'Wag8D3Hour' on entity type 'HRWage'. This will cause values to be silently truncated if they do not fit in the default precision and scale. Explicitly specify the SQL server column type that can accommodate all the values in 'OnModelCreating' using 'HasColumnType', specify precision and scale using 'HasPrecision', or configure a value converter using 'HasConversion'.
2026-06-15 14:56:49 | WRN | No store type was specified for the decimal property 'WagApplyHour' on entity type 'HRWage'. This will cause values to be silently truncated if they do not fit in the default precision and scale. Explicitly specify the SQL server column type that can accommodate all the values in 'OnModelCreating' using 'HasColumnType', specify precision and scale using 'HasPrecision', or configure a value converter using 'HasConversion'.
2026-06-15 14:56:49 | WRN | No store type was specified for the decimal property 'WagIssueHour' on entity type 'HRWage'. This will cause values to be silently truncated if they do not fit in the default precision and scale. Explicitly specify the SQL server column type that can accommodate all the values in 'OnModelCreating' using 'HasColumnType', specify precision and scale using 'HasPrecision', or configure a value converter using 'HasConversion'.
2026-06-15 14:56:49 | WRN | No store type was specified for the decimal property 'WagSubtotal' on entity type 'HRWage'. This will cause values to be silently truncated if they do not fit in the default precision and scale. Explicitly specify the SQL server column type that can accommodate all the values in 'OnModelCreating' using 'HasColumnType', specify precision and scale using 'HasPrecision', or configure a value converter using 'HasConversion'.
2026-06-15 14:56:54 | WRN | The query uses the 'First'/'FirstOrDefault' operator without 'OrderBy' and filter operators. This may lead to unpredictable results.
2026-06-15 14:56:56 | INF | ACTION_TRACE | Acc=admin | Path=/ | IP=::1 | Start=2026-06-15 14:56:48.741 | Elapsed=7299ms | Status=Completed
2026-06-15 14:56:56 | INF | NETWORK_UNSTABLE | Acc=admin | Path=/ | Reason=SlowRequest 7299ms
2026-06-15 14:56:56 | INF | ACTION_TRACE | Acc=admin | Path=/Captcha/Generate | IP=::1 | Start=2026-06-15 14:56:56.300 | Elapsed=55ms | Status=Completed
2026-06-15 14:56:56 | INF | ACTION_TRACE | Acc=admin | Path=/DNTCaptchaImage/Show | IP=::1 | Start=2026-06-15 14:56:56.369 | Elapsed=118ms | Status=Completed
2026-06-15 14:56:58 | INF | ACTION_TRACE | Acc=admin | Path=/AdminPortal/Account/Login | IP=::1 | Start=2026-06-15 14:56:58.148 | Elapsed=107ms | Status=Completed
2026-06-15 14:56:58 | INF | ACTION_TRACE | Acc=admin | Path=/Captcha/Generate | IP=::1 | Start=2026-06-15 14:56:58.377 | Elapsed=5ms | Status=Completed
2026-06-15 14:56:58 | INF | ACTION_TRACE | Acc=admin | Path=/DNTCaptchaImage/Show | IP=::1 | Start=2026-06-15 14:56:58.391 | Elapsed=13ms | Status=Completed
2026-06-15 14:57:06 | WRN | The query uses the 'First'/'FirstOrDefault' operator without 'OrderBy' and filter operators. This may lead to unpredictable results.
2026-06-15 14:57:06 | WRN | The query uses the 'First'/'FirstOrDefault' operator without 'OrderBy' and filter operators. This may lead to unpredictable results.
2026-06-15 14:57:10 | INF | ACTION_TRACE | Acc=admin | Path=/AdminPortal/Account/Login | IP=::1 | Start=2026-06-15 14:57:01.196 | Elapsed=9713ms | Status=Completed
2026-06-15 14:57:10 | INF | NETWORK_UNSTABLE | Acc=admin | Path=/AdminPortal/Account/Login | Reason=SlowRequest 9713ms
2026-06-15 14:57:11 | INF | ACTION_TRACE | Acc=admin | Path=/AdminPortal/Home/Index | IP=::1 | Start=2026-06-15 14:57:10.920 | Elapsed=259ms | Status=Completed
2026-06-15 14:57:14 | INF | CONTROLLER_EXEC | Acc= admin | IP=::1 | Path=ADS999001/ADS999001 | Message=GET /ADS999001/ADS999001
2026-06-15 14:57:14 | INF | ACTION_TRACE | Acc=admin | Path=/ADS999001/ADS999001 | IP=::1 | Start=2026-06-15 14:57:14.668 | Elapsed=81ms | Status=Completed
2026-06-15 14:57:14 | INF | CONTROLLER_EXEC | Acc= admin | IP=::1 | Path=ADS999001/GetSysNoticeData | Message=POST /ADS999001/GetSysNoticeData
2026-06-15 14:57:14 | INF | ACTION_TRACE | Acc=admin | Path=/ADS999001/GetSysNoticeData | IP=::1 | Start=2026-06-15 14:57:14.853 | Elapsed=126ms | Status=Completed
2026-06-15 14:57:16 | INF | CONTROLLER_EXEC | Acc= admin | IP=::1 | Path=ADS999001/GetSysNoticeForEdit | Message=GET /ADS999001/GetSysNoticeForEdit
2026-06-15 14:57:16 | INF | ACTION_TRACE | Acc=admin | Path=/ADS999001/GetSysNoticeForEdit | IP=::1 | Start=2026-06-15 14:57:16.916 | Elapsed=21ms | Status=Completed
2026-06-15 14:57:36 | INF | CONTROLLER_EXEC | Acc= admin | IP=::1 | Path=ADS999001/CreateSysNotice | Message=POST /ADS999001/CreateSysNotice
2026-06-15 14:57:36 | INF | ACTION_TRACE | Acc=admin | Path=/ADS999001/CreateSysNotice | IP=::1 | Start=2026-06-15 14:57:35.641 | Elapsed=379ms | Status=Completed
2026-06-15 14:57:36 | INF | CONTROLLER_EXEC | Acc= admin | IP=::1 | Path=ADS999001/GetSysNoticeData | Message=POST /ADS999001/GetSysNoticeData
2026-06-15 14:57:36 | INF | ACTION_TRACE | Acc=admin | Path=/ADS999001/GetSysNoticeData | IP=::1 | Start=2026-06-15 14:57:36.028 | Elapsed=8ms | Status=Completed
2026-06-15 14:57:39 | INF | ACTION_TRACE | Acc=admin | Path=/AdminPortal/Account/Login | IP=::1 | Start=2026-06-15 14:57:39.693 | Elapsed=2ms | Status=Completed
2026-06-15 14:57:39 | INF | ACTION_TRACE | Acc=admin | Path=/Captcha/Generate | IP=::1 | Start=2026-06-15 14:57:39.824 | Elapsed=2ms | Status=Completed
2026-06-15 14:57:39 | INF | ACTION_TRACE | Acc=admin | Path=/DNTCaptchaImage/Show | IP=::1 | Start=2026-06-15 14:57:39.833 | Elapsed=14ms | Status=Completed
2026-06-15 14:57:43 | INF | ACTION_TRACE | Acc=admin | Path=/ | IP=::1 | Start=2026-06-15 14:57:41.592 | Elapsed=2071ms | Status=Completed
2026-06-15 14:57:43 | INF | ACTION_TRACE | Acc=admin | Path=/Captcha/Generate | IP=::1 | Start=2026-06-15 14:57:43.790 | Elapsed=1ms | Status=Completed
2026-06-15 14:57:43 | INF | ACTION_TRACE | Acc=admin | Path=/DNTCaptchaImage/Show | IP=::1 | Start=2026-06-15 14:57:43.799 | Elapsed=41ms | Status=Completed
2026-06-15 14:59:28 | INF | ACTION_TRACE | Acc=admin | Path=/ | IP=::1 | Start=2026-06-15 14:59:25.280 | Elapsed=2820ms | Status=Completed
2026-06-15 14:59:28 | INF | ACTION_TRACE | Acc=admin | Path=/Captcha/Generate | IP=::1 | Start=2026-06-15 14:59:28.392 | Elapsed=7ms | Status=Completed
2026-06-15 14:59:28 | INF | ACTION_TRACE | Acc=admin | Path=/DNTCaptchaImage/Show | IP=::1 | Start=2026-06-15 14:59:28.406 | Elapsed=20ms | Status=Completed
2026-06-15 15:00:42 | INF | ACTION_TRACE | Acc=admin | Path=/ | IP=::1 | Start=2026-06-15 15:00:39.088 | Elapsed=3163ms | Status=Completed
2026-06-15 15:00:42 | INF | NETWORK_UNSTABLE | Acc=admin | Path=/ | Reason=SlowRequest 3163ms
2026-06-15 15:00:42 | INF | ACTION_TRACE | Acc=admin | Path=/Captcha/Generate | IP=::1 | Start=2026-06-15 15:00:42.344 | Elapsed=7ms | Status=Completed
2026-06-15 15:00:42 | INF | ACTION_TRACE | Acc=admin | Path=/DNTCaptchaImage/Show | IP=::1 | Start=2026-06-15 15:00:42.366 | Elapsed=11ms | Status=Completed
2026-06-15 15:00:51 | INF | ACTION_TRACE | Acc=admin | Path=/.well-known/appspecific/com.chrome.devtools.json | IP=::1 | Start=2026-06-15 15:00:50.985 | Elapsed=0ms | Status=Completed
2026-06-15 15:00:51 | INF | ACTION_TRACE | Acc=admin | Path=/ | IP=::1 | Start=2026-06-15 15:00:49.514 | Elapsed=1805ms | Status=Completed
2026-06-15 15:00:51 | INF | ACTION_TRACE | Acc=admin | Path=/.well-known/appspecific/com.chrome.devtools.json | IP=::1 | Start=2026-06-15 15:00:51.358 | Elapsed=0ms | Status=Completed
2026-06-15 15:00:51 | INF | ACTION_TRACE | Acc=admin | Path=/Captcha/Generate | IP=::1 | Start=2026-06-15 15:00:51.924 | Elapsed=6ms | Status=Completed
2026-06-15 15:00:51 | INF | ACTION_TRACE | Acc=admin | Path=/DNTCaptchaImage/Show | IP=::1 | Start=2026-06-15 15:00:51.939 | Elapsed=14ms | Status=Completed
2026-06-15 15:05:20 | WRN | No store type was specified for the decimal property 'OveMoney' on entity type 'HROvertime'. This will cause values to be silently truncated if they do not fit in the default precision and scale. Explicitly specify the SQL server column type that can accommodate all the values in 'OnModelCreating' using 'HasColumnType', specify precision and scale using 'HasPrecision', or configure a value converter using 'HasConversion'.
2026-06-15 15:05:20 | WRN | No store type was specified for the decimal property 'Wag1D1Hour' on entity type 'HRWage'. This will cause values to be silently truncated if they do not fit in the default precision and scale. Explicitly specify the SQL server column type that can accommodate all the values in 'OnModelCreating' using 'HasColumnType', specify precision and scale using 'HasPrecision', or configure a value converter using 'HasConversion'.
2026-06-15 15:05:20 | WRN | No store type was specified for the decimal property 'Wag2D1Hour' on entity type 'HRWage'. This will cause values to be silently truncated if they do not fit in the default precision and scale. Explicitly specify the SQL server column type that can accommodate all the values in 'OnModelCreating' using 'HasColumnType', specify precision and scale using 'HasPrecision', or configure a value converter using 'HasConversion'.
2026-06-15 15:05:20 | WRN | No store type was specified for the decimal property 'Wag4D3Hour' on entity type 'HRWage'. This will cause values to be silently truncated if they do not fit in the default precision and scale. Explicitly specify the SQL server column type that can accommodate all the values in 'OnModelCreating' using 'HasColumnType', specify precision and scale using 'HasPrecision', or configure a value converter using 'HasConversion'.
2026-06-15 15:05:20 | WRN | No store type was specified for the decimal property 'Wag5D3Hour' on entity type 'HRWage'. This will cause values to be silently truncated if they do not fit in the default precision and scale. Explicitly specify the SQL server column type that can accommodate all the values in 'OnModelCreating' using 'HasColumnType', specify precision and scale using 'HasPrecision', or configure a value converter using 'HasConversion'.
2026-06-15 15:05:20 | WRN | No store type was specified for the decimal property 'Wag8D3Hour' on entity type 'HRWage'. This will cause values to be silently truncated if they do not fit in the default precision and scale. Explicitly specify the SQL server column type that can accommodate all the values in 'OnModelCreating' using 'HasColumnType', specify precision and scale using 'HasPrecision', or configure a value converter using 'HasConversion'.
2026-06-15 15:05:20 | WRN | No store type was specified for the decimal property 'WagApplyHour' on entity type 'HRWage'. This will cause values to be silently truncated if they do not fit in the default precision and scale. Explicitly specify the SQL server column type that can accommodate all the values in 'OnModelCreating' using 'HasColumnType', specify precision and scale using 'HasPrecision', or configure a value converter using 'HasConversion'.
2026-06-15 15:05:20 | WRN | No store type was specified for the decimal property 'WagIssueHour' on entity type 'HRWage'. This will cause values to be silently truncated if they do not fit in the default precision and scale. Explicitly specify the SQL server column type that can accommodate all the values in 'OnModelCreating' using 'HasColumnType', specify precision and scale using 'HasPrecision', or configure a value converter using 'HasConversion'.
2026-06-15 15:05:20 | WRN | No store type was specified for the decimal property 'WagSubtotal' on entity type 'HRWage'. This will cause values to be silently truncated if they do not fit in the default precision and scale. Explicitly specify the SQL server column type that can accommodate all the values in 'OnModelCreating' using 'HasColumnType', specify precision and scale using 'HasPrecision', or configure a value converter using 'HasConversion'.
2026-06-15 15:05:25 | WRN | The query uses the 'First'/'FirstOrDefault' operator without 'OrderBy' and filter operators. This may lead to unpredictable results.
2026-06-15 15:05:26 | INF | ACTION_TRACE | Acc=admin | Path=/ | IP=::1 | Start=2026-06-15 15:05:19.183 | Elapsed=7199ms | Status=Completed
2026-06-15 15:05:26 | INF | NETWORK_UNSTABLE | Acc=admin | Path=/ | Reason=SlowRequest 7199ms
2026-06-15 15:05:26 | INF | ACTION_TRACE | Acc=admin | Path=/Captcha/Generate | IP=::1 | Start=2026-06-15 15:05:26.587 | Elapsed=34ms | Status=Completed
2026-06-15 15:05:26 | INF | ACTION_TRACE | Acc=admin | Path=/DNTCaptchaImage/Show | IP=::1 | Start=2026-06-15 15:05:26.648 | Elapsed=111ms | Status=Completed
2026-06-15 15:05:29 | INF | ACTION_TRACE | Acc=admin | Path=/AdminPortal/Account/Login | IP=::1 | Start=2026-06-15 15:05:28.994 | Elapsed=106ms | Status=Completed
2026-06-15 15:05:29 | INF | ACTION_TRACE | Acc=admin | Path=/Captcha/Generate | IP=::1 | Start=2026-06-15 15:05:29.228 | Elapsed=4ms | Status=Completed
2026-06-15 15:05:29 | INF | ACTION_TRACE | Acc=admin | Path=/DNTCaptchaImage/Show | IP=::1 | Start=2026-06-15 15:05:29.247 | Elapsed=14ms | Status=Completed
2026-06-15 15:05:36 | WRN | The query uses the 'First'/'FirstOrDefault' operator without 'OrderBy' and filter operators. This may lead to unpredictable results.
2026-06-15 15:05:36 | WRN | The query uses the 'First'/'FirstOrDefault' operator without 'OrderBy' and filter operators. This may lead to unpredictable results.
2026-06-15 15:05:40 | INF | ACTION_TRACE | Acc=admin | Path=/AdminPortal/Account/Login | IP=::1 | Start=2026-06-15 15:05:32.118 | Elapsed=8733ms | Status=Completed
2026-06-15 15:05:40 | INF | NETWORK_UNSTABLE | Acc=admin | Path=/AdminPortal/Account/Login | Reason=SlowRequest 8733ms
2026-06-15 15:05:41 | INF | ACTION_TRACE | Acc=admin | Path=/AdminPortal/Home/Index | IP=::1 | Start=2026-06-15 15:05:40.865 | Elapsed=166ms | Status=Completed
2026-06-15 15:05:45 | INF | CONTROLLER_EXEC | Acc= admin | IP=::1 | Path=ADS999001/ADS999001 | Message=GET /ADS999001/ADS999001
2026-06-15 15:05:45 | INF | ACTION_TRACE | Acc=admin | Path=/ADS999001/ADS999001 | IP=::1 | Start=2026-06-15 15:05:45.895 | Elapsed=60ms | Status=Completed
2026-06-15 15:05:46 | INF | CONTROLLER_EXEC | Acc= admin | IP=::1 | Path=ADS999001/GetSysNoticeData | Message=POST /ADS999001/GetSysNoticeData
2026-06-15 15:05:46 | INF | ACTION_TRACE | Acc=admin | Path=/ADS999001/GetSysNoticeData | IP=::1 | Start=2026-06-15 15:05:46.020 | Elapsed=103ms | Status=Completed
2026-06-15 15:06:29 | INF | ACTION_TRACE | Acc=admin | Path=/AdminPortal/Home/Index | IP=::1 | Start=2026-06-15 15:06:29.279 | Elapsed=37ms | Status=Completed
2026-06-15 15:06:31 | INF | CONTROLLER_EXEC | Acc= admin | IP=::1 | Path=ADS999001/ADS999001 | Message=GET /ADS999001/ADS999001
2026-06-15 15:06:31 | INF | ACTION_TRACE | Acc=admin | Path=/ADS999001/ADS999001 | IP=::1 | Start=2026-06-15 15:06:31.653 | Elapsed=31ms | Status=Completed
2026-06-15 15:06:31 | INF | CONTROLLER_EXEC | Acc= admin | IP=::1 | Path=ADS999001/GetSysNoticeData | Message=POST /ADS999001/GetSysNoticeData
2026-06-15 15:06:31 | INF | ACTION_TRACE | Acc=admin | Path=/ADS999001/GetSysNoticeData | IP=::1 | Start=2026-06-15 15:06:31.709 | Elapsed=23ms | Status=Completed
2026-06-15 15:06:39 | INF | ACTION_TRACE | Acc=admin | Path=/AdminPortal/Home/Index | IP=::1 | Start=2026-06-15 15:06:39.272 | Elapsed=33ms | Status=Completed
2026-06-15 15:06:42 | INF | CONTROLLER_EXEC | Acc= admin | IP=::1 | Path=ADS999001/ADS999001 | Message=GET /ADS999001/ADS999001
2026-06-15 15:06:42 | INF | ACTION_TRACE | Acc=admin | Path=/ADS999001/ADS999001 | IP=::1 | Start=2026-06-15 15:06:42.653 | Elapsed=33ms | Status=Completed
2026-06-15 15:06:42 | INF | CONTROLLER_EXEC | Acc= admin | IP=::1 | Path=ADS999001/GetSysNoticeData | Message=POST /ADS999001/GetSysNoticeData
2026-06-15 15:06:42 | INF | ACTION_TRACE | Acc=admin | Path=/ADS999001/GetSysNoticeData | IP=::1 | Start=2026-06-15 15:06:42.715 | Elapsed=20ms | Status=Completed
2026-06-15 15:06:56 | INF | ACTION_TRACE | Acc=admin | Path=/AdminPortal/Home/Index | IP=::1 | Start=2026-06-15 15:06:56.064 | Elapsed=24ms | Status=Completed
2026-06-15 15:07:00 | INF | CONTROLLER_EXEC | Acc= admin | IP=::1 | Path=ADS999001/ADS999001 | Message=GET /ADS999001/ADS999001
2026-06-15 15:07:00 | INF | ACTION_TRACE | Acc=admin | Path=/ADS999001/ADS999001 | IP=::1 | Start=2026-06-15 15:07:00.564 | Elapsed=33ms | Status=Completed
2026-06-15 15:07:00 | INF | CONTROLLER_EXEC | Acc= admin | IP=::1 | Path=ADS999001/GetSysNoticeData | Message=POST /ADS999001/GetSysNoticeData
2026-06-15 15:07:00 | INF | ACTION_TRACE | Acc=admin | Path=/ADS999001/GetSysNoticeData | IP=::1 | Start=2026-06-15 15:07:00.616 | Elapsed=17ms | Status=Completed
2026-06-15 15:07:13 | INF | ACTION_TRACE | Acc=admin | Path=/AdminPortal/Home/Index | IP=::1 | Start=2026-06-15 15:07:13.169 | Elapsed=31ms | Status=Completed
2026-06-15 15:07:17 | INF | CONTROLLER_EXEC | Acc= admin | IP=::1 | Path=ADS999001/ADS999001 | Message=GET /ADS999001/ADS999001
2026-06-15 15:07:17 | INF | ACTION_TRACE | Acc=admin | Path=/ADS999001/ADS999001 | IP=::1 | Start=2026-06-15 15:07:17.028 | Elapsed=27ms | Status=Completed
2026-06-15 15:07:17 | INF | CONTROLLER_EXEC | Acc= admin | IP=::1 | Path=ADS999001/GetSysNoticeData | Message=POST /ADS999001/GetSysNoticeData
2026-06-15 15:07:17 | INF | ACTION_TRACE | Acc=admin | Path=/ADS999001/GetSysNoticeData | IP=::1 | Start=2026-06-15 15:07:17.082 | Elapsed=18ms | Status=Completed
2026-06-15 15:09:06 | INF | ACTION_TRACE | Acc=admin | Path=/AdminPortal/Home/Index | IP=::1 | Start=2026-06-15 15:09:06.715 | Elapsed=32ms | Status=Completed
2026-06-15 15:09:08 | INF | CONTROLLER_EXEC | Acc= admin | IP=::1 | Path=ADS999001/ADS999001 | Message=GET /ADS999001/ADS999001
2026-06-15 15:09:08 | INF | ACTION_TRACE | Acc=admin | Path=/ADS999001/ADS999001 | IP=::1 | Start=2026-06-15 15:09:08.858 | Elapsed=37ms | Status=Completed
2026-06-15 15:09:08 | INF | CONTROLLER_EXEC | Acc= admin | IP=::1 | Path=ADS999001/GetSysNoticeData | Message=POST /ADS999001/GetSysNoticeData
2026-06-15 15:09:08 | INF | ACTION_TRACE | Acc=admin | Path=/ADS999001/GetSysNoticeData | IP=::1 | Start=2026-06-15 15:09:08.915 | Elapsed=19ms | Status=Completed
2026-06-15 15:09:17 | INF | ACTION_TRACE | Acc=admin | Path=/AdminPortal/Home/Index | IP=::1 | Start=2026-06-15 15:09:17.450 | Elapsed=32ms | Status=Completed
2026-06-15 15:09:20 | INF | CONTROLLER_EXEC | Acc= admin | IP=::1 | Path=ADS999001/ADS999001 | Message=GET /ADS999001/ADS999001
2026-06-15 15:09:20 | INF | ACTION_TRACE | Acc=admin | Path=/ADS999001/ADS999001 | IP=::1 | Start=2026-06-15 15:09:20.036 | Elapsed=43ms | Status=Completed
2026-06-15 15:09:20 | INF | CONTROLLER_EXEC | Acc= admin | IP=::1 | Path=ADS999001/GetSysNoticeData | Message=POST /ADS999001/GetSysNoticeData
2026-06-15 15:09:20 | INF | ACTION_TRACE | Acc=admin | Path=/ADS999001/GetSysNoticeData | IP=::1 | Start=2026-06-15 15:09:20.099 | Elapsed=14ms | Status=Completed
2026-06-15 15:11:18 | INF | ACTION_TRACE | Acc=admin | Path=/AdminPortal/Home/Index | IP=::1 | Start=2026-06-15 15:11:18.246 | Elapsed=33ms | Status=Completed
2026-06-15 15:11:22 | INF | CONTROLLER_EXEC | Acc= admin | IP=::1 | Path=ADS999001/ADS999001 | Message=GET /ADS999001/ADS999001
2026-06-15 15:11:22 | INF | ACTION_TRACE | Acc=admin | Path=/ADS999001/ADS999001 | IP=::1 | Start=2026-06-15 15:11:22.623 | Elapsed=47ms | Status=Completed
2026-06-15 15:11:22 | INF | CONTROLLER_EXEC | Acc= admin | IP=::1 | Path=ADS999001/GetSysNoticeData | Message=POST /ADS999001/GetSysNoticeData
2026-06-15 15:11:22 | INF | ACTION_TRACE | Acc=admin | Path=/ADS999001/GetSysNoticeData | IP=::1 | Start=2026-06-15 15:11:22.698 | Elapsed=20ms | Status=Completed
2026-06-15 15:12:51 | INF | ACTION_TRACE | Acc=admin | Path=/AdminPortal/Home/Index | IP=::1 | Start=2026-06-15 15:12:51.747 | Elapsed=33ms | Status=Completed
2026-06-15 15:12:55 | INF | CONTROLLER_EXEC | Acc= admin | IP=::1 | Path=ADS999001/ADS999001 | Message=GET /ADS999001/ADS999001
2026-06-15 15:12:55 | INF | ACTION_TRACE | Acc=admin | Path=/ADS999001/ADS999001 | IP=::1 | Start=2026-06-15 15:12:55.283 | Elapsed=35ms | Status=Completed
2026-06-15 15:12:55 | INF | CONTROLLER_EXEC | Acc= admin | IP=::1 | Path=ADS999001/GetSysNoticeData | Message=POST /ADS999001/GetSysNoticeData
2026-06-15 15:12:55 | INF | ACTION_TRACE | Acc=admin | Path=/ADS999001/GetSysNoticeData | IP=::1 | Start=2026-06-15 15:12:55.342 | Elapsed=22ms | Status=Completed
2026-06-15 15:13:31 | INF | ACTION_TRACE | Acc=admin | Path=/AdminPortal/Home/Index | IP=::1 | Start=2026-06-15 15:13:31.221 | Elapsed=33ms | Status=Completed
2026-06-15 15:13:36 | INF | CONTROLLER_EXEC | Acc= admin | IP=::1 | Path=ADS999001/ADS999001 | Message=GET /ADS999001/ADS999001
2026-06-15 15:13:36 | INF | ACTION_TRACE | Acc=admin | Path=/ADS999001/ADS999001 | IP=::1 | Start=2026-06-15 15:13:36.383 | Elapsed=31ms | Status=Completed
2026-06-15 15:13:36 | INF | CONTROLLER_EXEC | Acc= admin | IP=::1 | Path=ADS999001/GetSysNoticeData | Message=POST /ADS999001/GetSysNoticeData
2026-06-15 15:13:36 | INF | ACTION_TRACE | Acc=admin | Path=/ADS999001/GetSysNoticeData | IP=::1 | Start=2026-06-15 15:13:36.438 | Elapsed=16ms | Status=Completed
2026-06-15 15:14:07 | INF | CONTROLLER_EXEC | Acc= admin | IP=::1 | Path=ADS999001/GetSysNoticeData | Message=POST /ADS999001/GetSysNoticeData
2026-06-15 15:14:07 | INF | ACTION_TRACE | Acc=admin | Path=/ADS999001/GetSysNoticeData | IP=::1 | Start=2026-06-15 15:14:07.414 | Elapsed=54ms | Status=Completed
2026-06-15 15:14:08 | INF | CONTROLLER_EXEC | Acc= admin | IP=::1 | Path=ADS999001/GetSysNoticeData | Message=POST /ADS999001/GetSysNoticeData
2026-06-15 15:14:08 | INF | ACTION_TRACE | Acc=admin | Path=/ADS999001/GetSysNoticeData | IP=::1 | Start=2026-06-15 15:14:08.314 | Elapsed=6ms | Status=Completed
2026-06-15 15:14:08 | INF | CONTROLLER_EXEC | Acc= admin | IP=::1 | Path=ADS999001/GetSysNoticeData | Message=POST /ADS999001/GetSysNoticeData
2026-06-15 15:14:08 | INF | ACTION_TRACE | Acc=admin | Path=/ADS999001/GetSysNoticeData | IP=::1 | Start=2026-06-15 15:14:08.402 | Elapsed=5ms | Status=Completed
2026-06-15 15:14:08 | INF | CONTROLLER_EXEC | Acc= admin | IP=::1 | Path=ADS999001/GetSysNoticeData | Message=POST /ADS999001/GetSysNoticeData
2026-06-15 15:14:08 | INF | ACTION_TRACE | Acc=admin | Path=/ADS999001/GetSysNoticeData | IP=::1 | Start=2026-06-15 15:14:08.953 | Elapsed=8ms | Status=Completed
2026-06-15 15:14:09 | INF | CONTROLLER_EXEC | Acc= admin | IP=::1 | Path=ADS999001/GetSysNoticeData | Message=POST /ADS999001/GetSysNoticeData
2026-06-15 15:14:09 | INF | ACTION_TRACE | Acc=admin | Path=/ADS999001/GetSysNoticeData | IP=::1 | Start=2026-06-15 15:14:09.131 | Elapsed=4ms | Status=Completed
2026-06-15 15:14:09 | INF | CONTROLLER_EXEC | Acc= admin | IP=::1 | Path=ADS999001/GetSysNoticeData | Message=POST /ADS999001/GetSysNoticeData
2026-06-15 15:14:09 | INF | ACTION_TRACE | Acc=admin | Path=/ADS999001/GetSysNoticeData | IP=::1 | Start=2026-06-15 15:14:09.305 | Elapsed=5ms | Status=Completed
2026-06-15 15:14:10 | INF | CONTROLLER_EXEC | Acc= admin | IP=::1 | Path=ADS999001/GetSysNoticeData | Message=POST /ADS999001/GetSysNoticeData
2026-06-15 15:14:10 | INF | ACTION_TRACE | Acc=admin | Path=/ADS999001/GetSysNoticeData | IP=::1 | Start=2026-06-15 15:14:10.454 | Elapsed=10ms | Status=Completed
2026-06-15 15:14:10 | INF | CONTROLLER_EXEC | Acc= admin | IP=::1 | Path=ADS999001/GetSysNoticeData | Message=POST /ADS999001/GetSysNoticeData
2026-06-15 15:14:10 | INF | ACTION_TRACE | Acc=admin | Path=/ADS999001/GetSysNoticeData | IP=::1 | Start=2026-06-15 15:14:10.603 | Elapsed=7ms | Status=Completed
2026-06-15 15:14:11 | INF | CONTROLLER_EXEC | Acc= admin | IP=::1 | Path=ADS999001/GetSysNoticeData | Message=POST /ADS999001/GetSysNoticeData
2026-06-15 15:14:11 | INF | ACTION_TRACE | Acc=admin | Path=/ADS999001/GetSysNoticeData | IP=::1 | Start=2026-06-15 15:14:11.068 | Elapsed=7ms | Status=Completed
2026-06-15 15:14:16 | INF | CONTROLLER_EXEC | Acc= admin | IP=::1 | Path=ADS999001/GetSysNoticeData | Message=POST /ADS999001/GetSysNoticeData
2026-06-15 15:14:16 | INF | ACTION_TRACE | Acc=admin | Path=/ADS999001/GetSysNoticeData | IP=::1 | Start=2026-06-15 15:14:16.078 | Elapsed=249ms | Status=Completed
2026-06-15 15:14:17 | INF | CONTROLLER_EXEC | Acc= admin | IP=::1 | Path=ADS999001/GetSysNoticeData | Message=POST /ADS999001/GetSysNoticeData
2026-06-15 15:14:17 | INF | ACTION_TRACE | Acc=admin | Path=/ADS999001/GetSysNoticeData | IP=::1 | Start=2026-06-15 15:14:17.616 | Elapsed=37ms | Status=Completed
2026-06-15 15:14:18 | INF | CONTROLLER_EXEC | Acc= admin | IP=::1 | Path=ADS999001/GetSysNoticeData | Message=POST /ADS999001/GetSysNoticeData
2026-06-15 15:14:18 | INF | ACTION_TRACE | Acc=admin | Path=/ADS999001/GetSysNoticeData | IP=::1 | Start=2026-06-15 15:14:18.150 | Elapsed=3ms | Status=Completed
2026-06-15 15:14:18 | INF | CONTROLLER_EXEC | Acc= admin | IP=::1 | Path=ADS999001/GetSysNoticeData | Message=POST /ADS999001/GetSysNoticeData
2026-06-15 15:14:18 | INF | ACTION_TRACE | Acc=admin | Path=/ADS999001/GetSysNoticeData | IP=::1 | Start=2026-06-15 15:14:18.302 | Elapsed=3ms | Status=Completed
2026-06-15 15:14:18 | INF | CONTROLLER_EXEC | Acc= admin | IP=::1 | Path=ADS999001/GetSysNoticeData | Message=POST /ADS999001/GetSysNoticeData
2026-06-15 15:14:18 | INF | ACTION_TRACE | Acc=admin | Path=/ADS999001/GetSysNoticeData | IP=::1 | Start=2026-06-15 15:14:18.942 | Elapsed=8ms | Status=Completed
2026-06-15 15:14:20 | INF | CONTROLLER_EXEC | Acc= admin | IP=::1 | Path=ADS999001/GetSysNoticeData | Message=POST /ADS999001/GetSysNoticeData
2026-06-15 15:14:20 | INF | ACTION_TRACE | Acc=admin | Path=/ADS999001/GetSysNoticeData | IP=::1 | Start=2026-06-15 15:14:20.953 | Elapsed=11ms | Status=Completed
2026-06-15 15:14:21 | INF | CONTROLLER_EXEC | Acc= admin | IP=::1 | Path=ADS999001/GetSysNoticeData | Message=POST /ADS999001/GetSysNoticeData
2026-06-15 15:14:21 | INF | ACTION_TRACE | Acc=admin | Path=/ADS999001/GetSysNoticeData | IP=::1 | Start=2026-06-15 15:14:20.995 | Elapsed=8ms | Status=Completed
2026-06-15 15:14:21 | INF | CONTROLLER_EXEC | Acc= admin | IP=::1 | Path=ADS999001/GetSysNoticeData | Message=POST /ADS999001/GetSysNoticeData
2026-06-15 15:14:21 | INF | ACTION_TRACE | Acc=admin | Path=/ADS999001/GetSysNoticeData | IP=::1 | Start=2026-06-15 15:14:21.063 | Elapsed=3ms | Status=Completed
2026-06-15 15:14:21 | INF | CONTROLLER_EXEC | Acc= admin | IP=::1 | Path=ADS999001/GetSysNoticeData | Message=POST /ADS999001/GetSysNoticeData
2026-06-15 15:14:21 | INF | ACTION_TRACE | Acc=admin | Path=/ADS999001/GetSysNoticeData | IP=::1 | Start=2026-06-15 15:14:21.222 | Elapsed=6ms | Status=Completed
2026-06-15 15:14:21 | INF | CONTROLLER_EXEC | Acc= admin | IP=::1 | Path=ADS999001/GetSysNoticeData | Message=POST /ADS999001/GetSysNoticeData
2026-06-15 15:14:21 | INF | ACTION_TRACE | Acc=admin | Path=/ADS999001/GetSysNoticeData | IP=::1 | Start=2026-06-15 15:14:21.306 | Elapsed=5ms | Status=Completed
2026-06-15 15:14:21 | INF | CONTROLLER_EXEC | Acc= admin | IP=::1 | Path=ADS999001/GetSysNoticeData | Message=POST /ADS999001/GetSysNoticeData
2026-06-15 15:14:21 | INF | ACTION_TRACE | Acc=admin | Path=/ADS999001/GetSysNoticeData | IP=::1 | Start=2026-06-15 15:14:21.645 | Elapsed=3ms | Status=Completed
2026-06-15 15:14:23 | INF | CONTROLLER_EXEC | Acc= admin | IP=::1 | Path=ADS999001/GetSysNoticeData | Message=POST /ADS999001/GetSysNoticeData
2026-06-15 15:14:23 | INF | ACTION_TRACE | Acc=admin | Path=/ADS999001/GetSysNoticeData | IP=::1 | Start=2026-06-15 15:14:23.305 | Elapsed=3ms | Status=Completed
2026-06-15 15:14:24 | INF | CONTROLLER_EXEC | Acc= admin | IP=::1 | Path=ADS999001/GetSysNoticeData | Message=POST /ADS999001/GetSysNoticeData
2026-06-15 15:14:24 | INF | ACTION_TRACE | Acc=admin | Path=/ADS999001/GetSysNoticeData | IP=::1 | Start=2026-06-15 15:14:24.853 | Elapsed=9ms | Status=Completed
2026-06-15 15:14:25 | INF | CONTROLLER_EXEC | Acc= admin | IP=::1 | Path=ADS999001/GetSysNoticeData | Message=POST /ADS999001/GetSysNoticeData
2026-06-15 15:14:25 | INF | ACTION_TRACE | Acc=admin | Path=/ADS999001/GetSysNoticeData | IP=::1 | Start=2026-06-15 15:14:20.995 | Elapsed=4507ms | Status=Completed
2026-06-15 15:14:25 | INF | NETWORK_UNSTABLE | Acc=admin | Path=/ADS999001/GetSysNoticeData | Reason=SlowRequest 4507ms
2026-06-15 15:14:25 | INF | CONTROLLER_EXEC | Acc= admin | IP=::1 | Path=ADS999001/GetSysNoticeData | Message=POST /ADS999001/GetSysNoticeData
2026-06-15 15:14:25 | INF | ACTION_TRACE | Acc=admin | Path=/ADS999001/GetSysNoticeData | IP=::1 | Start=2026-06-15 15:14:20.953 | Elapsed=4550ms | Status=Completed
2026-06-15 15:14:25 | INF | NETWORK_UNSTABLE | Acc=admin | Path=/ADS999001/GetSysNoticeData | Reason=SlowRequest 4550ms
2026-06-15 15:14:26 | INF | CONTROLLER_EXEC | Acc= admin | IP=::1 | Path=ADS999001/GetSysNoticeData | Message=POST /ADS999001/GetSysNoticeData
2026-06-15 15:14:26 | INF | ACTION_TRACE | Acc=admin | Path=/ADS999001/GetSysNoticeData | IP=::1 | Start=2026-06-15 15:14:26.905 | Elapsed=4ms | Status=Completed
2026-06-15 15:14:29 | INF | CONTROLLER_EXEC | Acc= admin | IP=::1 | Path=ADS999001/GetSysNoticeData | Message=POST /ADS999001/GetSysNoticeData
2026-06-15 15:14:29 | INF | ACTION_TRACE | Acc=admin | Path=/ADS999001/GetSysNoticeData | IP=::1 | Start=2026-06-15 15:14:29.024 | Elapsed=7ms | Status=Completed
2026-06-15 15:14:29 | INF | CONTROLLER_EXEC | Acc= admin | IP=::1 | Path=ADS999001/GetSysNoticeData | Message=POST /ADS999001/GetSysNoticeData
2026-06-15 15:14:29 | INF | ACTION_TRACE | Acc=admin | Path=/ADS999001/GetSysNoticeData | IP=::1 | Start=2026-06-15 15:14:29.828 | Elapsed=4ms | Status=Completed
2026-06-15 15:14:30 | INF | CONTROLLER_EXEC | Acc= admin | IP=::1 | Path=ADS999001/GetSysNoticeData | Message=POST /ADS999001/GetSysNoticeData
2026-06-15 15:14:30 | INF | CONTROLLER_EXEC | Acc= admin | IP=::1 | Path=ADS999001/GetSysNoticeData | Message=POST /ADS999001/GetSysNoticeData
2026-06-15 15:14:30 | INF | ACTION_TRACE | Acc=admin | Path=/ADS999001/GetSysNoticeData | IP=::1 | Start=2026-06-15 15:14:21.222 | Elapsed=8835ms | Status=Completed
2026-06-15 15:14:30 | INF | ACTION_TRACE | Acc=admin | Path=/ADS999001/GetSysNoticeData | IP=::1 | Start=2026-06-15 15:14:21.305 | Elapsed=8751ms | Status=Completed
2026-06-15 15:14:30 | INF | NETWORK_UNSTABLE | Acc=admin | Path=/ADS999001/GetSysNoticeData | Reason=SlowRequest 8835ms
2026-06-15 15:14:30 | INF | NETWORK_UNSTABLE | Acc=admin | Path=/ADS999001/GetSysNoticeData | Reason=SlowRequest 8751ms
2026-06-15 15:14:30 | INF | CONTROLLER_EXEC | Acc= admin | IP=::1 | Path=ADS999001/GetSysNoticeData | Message=POST /ADS999001/GetSysNoticeData
2026-06-15 15:14:30 | INF | ACTION_TRACE | Acc=admin | Path=/ADS999001/GetSysNoticeData | IP=::1 | Start=2026-06-15 15:14:21.063 | Elapsed=8993ms | Status=Completed
2026-06-15 15:14:30 | INF | NETWORK_UNSTABLE | Acc=admin | Path=/ADS999001/GetSysNoticeData | Reason=SlowRequest 8993ms
2026-06-15 15:14:30 | INF | CONTROLLER_EXEC | Acc= admin | IP=::1 | Path=ADS999001/GetSysNoticeData | Message=POST /ADS999001/GetSysNoticeData
2026-06-15 15:14:30 | INF | ACTION_TRACE | Acc=admin | Path=/ADS999001/GetSysNoticeData | IP=::1 | Start=2026-06-15 15:14:30.711 | Elapsed=4ms | Status=Completed
2026-06-15 15:14:30 | INF | CONTROLLER_EXEC | Acc= admin | IP=::1 | Path=ADS999001/GetSysNoticeData | Message=POST /ADS999001/GetSysNoticeData
2026-06-15 15:14:30 | INF | ACTION_TRACE | Acc=admin | Path=/ADS999001/GetSysNoticeData | IP=::1 | Start=2026-06-15 15:14:30.889 | Elapsed=7ms | Status=Completed
2026-06-15 15:14:31 | INF | CONTROLLER_EXEC | Acc= admin | IP=::1 | Path=ADS999001/GetSysNoticeData | Message=POST /ADS999001/GetSysNoticeData
2026-06-15 15:14:31 | INF | ACTION_TRACE | Acc=admin | Path=/ADS999001/GetSysNoticeData | IP=::1 | Start=2026-06-15 15:14:31.081 | Elapsed=5ms | Status=Completed
2026-06-15 15:14:31 | INF | CONTROLLER_EXEC | Acc= admin | IP=::1 | Path=ADS999001/GetSysNoticeData | Message=POST /ADS999001/GetSysNoticeData
2026-06-15 15:14:31 | INF | ACTION_TRACE | Acc=admin | Path=/ADS999001/GetSysNoticeData | IP=::1 | Start=2026-06-15 15:14:31.375 | Elapsed=4ms | Status=Completed
2026-06-15 15:15:19 | INF | ACTION_TRACE | Acc=admin | Path=/AdminPortal/Home/Index | IP=::1 | Start=2026-06-15 15:15:19.363 | Elapsed=37ms | Status=Completed
2026-06-15 15:15:22 | INF | CONTROLLER_EXEC | Acc= admin | IP=::1 | Path=ADS999001/ADS999001 | Message=GET /ADS999001/ADS999001
2026-06-15 15:15:22 | INF | ACTION_TRACE | Acc=admin | Path=/ADS999001/ADS999001 | IP=::1 | Start=2026-06-15 15:15:22.138 | Elapsed=34ms | Status=Completed
2026-06-15 15:15:22 | INF | CONTROLLER_EXEC | Acc= admin | IP=::1 | Path=ADS999001/GetSysNoticeData | Message=POST /ADS999001/GetSysNoticeData
2026-06-15 15:15:22 | INF | ACTION_TRACE | Acc=admin | Path=/ADS999001/GetSysNoticeData | IP=::1 | Start=2026-06-15 15:15:22.200 | Elapsed=16ms | Status=Completed
2026-06-15 15:15:27 | INF | ACTION_TRACE | Acc=admin | Path=/AdminPortal/Home/Index | IP=::1 | Start=2026-06-15 15:15:27.735 | Elapsed=38ms | Status=Completed
2026-06-15 15:15:33 | INF | CONTROLLER_EXEC | Acc= admin | IP=::1 | Path=ADS999001/ADS999001 | Message=GET /ADS999001/ADS999001
2026-06-15 15:15:33 | INF | ACTION_TRACE | Acc=admin | Path=/ADS999001/ADS999001 | IP=::1 | Start=2026-06-15 15:15:33.161 | Elapsed=26ms | Status=Completed
2026-06-15 15:15:33 | INF | CONTROLLER_EXEC | Acc= admin | IP=::1 | Path=ADS999001/GetSysNoticeData | Message=POST /ADS999001/GetSysNoticeData
2026-06-15 15:15:33 | INF | ACTION_TRACE | Acc=admin | Path=/ADS999001/GetSysNoticeData | IP=::1 | Start=2026-06-15 15:15:33.214 | Elapsed=18ms | Status=Completed
2026-06-15 15:15:44 | INF | ACTION_TRACE | Acc=admin | Path=/AdminPortal/Home/Index | IP=::1 | Start=2026-06-15 15:15:44.728 | Elapsed=35ms | Status=Completed
2026-06-15 15:15:46 | INF | CONTROLLER_EXEC | Acc= admin | IP=::1 | Path=ADS999001/ADS999001 | Message=GET /ADS999001/ADS999001
2026-06-15 15:15:46 | INF | ACTION_TRACE | Acc=admin | Path=/ADS999001/ADS999001 | IP=::1 | Start=2026-06-15 15:15:46.735 | Elapsed=34ms | Status=Completed
2026-06-15 15:15:46 | INF | CONTROLLER_EXEC | Acc= admin | IP=::1 | Path=ADS999001/GetSysNoticeData | Message=POST /ADS999001/GetSysNoticeData
2026-06-15 15:15:46 | INF | ACTION_TRACE | Acc=admin | Path=/ADS999001/GetSysNoticeData | IP=::1 | Start=2026-06-15 15:15:46.790 | Elapsed=17ms | Status=Completed
2026-06-15 15:16:04 | INF | CONTROLLER_EXEC | Acc= admin | IP=::1 | Path=ADS999001/GetSysNoticeData | Message=POST /ADS999001/GetSysNoticeData
2026-06-15 15:16:04 | INF | ACTION_TRACE | Acc=admin | Path=/ADS999001/GetSysNoticeData | IP=::1 | Start=2026-06-15 15:16:04.932 | Elapsed=33ms | Status=Completed
2026-06-15 15:16:06 | INF | CONTROLLER_EXEC | Acc= admin | IP=::1 | Path=ADS999001/GetSysNoticeData | Message=POST /ADS999001/GetSysNoticeData
2026-06-15 15:16:06 | INF | ACTION_TRACE | Acc=admin | Path=/ADS999001/GetSysNoticeData | IP=::1 | Start=2026-06-15 15:16:06.678 | Elapsed=4ms | Status=Completed
2026-06-15 15:16:09 | INF | CONTROLLER_EXEC | Acc= admin | IP=::1 | Path=ADS999001/GetSysNoticeData | Message=POST /ADS999001/GetSysNoticeData
2026-06-15 15:16:09 | INF | ACTION_TRACE | Acc=admin | Path=/ADS999001/GetSysNoticeData | IP=::1 | Start=2026-06-15 15:16:09.765 | Elapsed=21ms | Status=Completed
2026-06-15 15:16:13 | INF | CONTROLLER_EXEC | Acc= admin | IP=::1 | Path=ADS999001/GetSysNoticeData | Message=POST /ADS999001/GetSysNoticeData
2026-06-15 15:16:13 | INF | ACTION_TRACE | Acc=admin | Path=/ADS999001/GetSysNoticeData | IP=::1 | Start=2026-06-15 15:16:13.635 | Elapsed=4ms | Status=Completed
2026-06-15 15:16:20 | INF | CONTROLLER_EXEC | Acc= admin | IP=::1 | Path=ADS999001/GetSysNoticeData | Message=POST /ADS999001/GetSysNoticeData
2026-06-15 15:16:20 | INF | ACTION_TRACE | Acc=admin | Path=/ADS999001/GetSysNoticeData | IP=::1 | Start=2026-06-15 15:16:20.000 | Elapsed=28ms | Status=Completed
2026-06-15 15:16:21 | INF | CONTROLLER_EXEC | Acc= admin | IP=::1 | Path=ADS999001/GetSysNoticeData | Message=POST /ADS999001/GetSysNoticeData
2026-06-15 15:16:21 | INF | ACTION_TRACE | Acc=admin | Path=/ADS999001/GetSysNoticeData | IP=::1 | Start=2026-06-15 15:16:21.232 | Elapsed=3ms | Status=Completed
2026-06-15 15:16:22 | INF | CONTROLLER_EXEC | Acc= admin | IP=::1 | Path=ADS999001/GetSysNoticeData | Message=POST /ADS999001/GetSysNoticeData
2026-06-15 15:16:22 | INF | ACTION_TRACE | Acc=admin | Path=/ADS999001/GetSysNoticeData | IP=::1 | Start=2026-06-15 15:16:22.832 | Elapsed=3ms | Status=Completed
2026-06-15 15:16:39 | INF | ACTION_TRACE | Acc=admin | Path=/AdminPortal/Home/Index | IP=::1 | Start=2026-06-15 15:16:38.982 | Elapsed=31ms | Status=Completed
2026-06-15 15:16:41 | INF | CONTROLLER_EXEC | Acc= admin | IP=::1 | Path=ADS999001/ADS999001 | Message=GET /ADS999001/ADS999001
2026-06-15 15:16:41 | INF | ACTION_TRACE | Acc=admin | Path=/ADS999001/ADS999001 | IP=::1 | Start=2026-06-15 15:16:41.641 | Elapsed=31ms | Status=Completed
2026-06-15 15:16:41 | INF | CONTROLLER_EXEC | Acc= admin | IP=::1 | Path=ADS999001/GetSysNoticeData | Message=POST /ADS999001/GetSysNoticeData
2026-06-15 15:16:41 | INF | ACTION_TRACE | Acc=admin | Path=/ADS999001/GetSysNoticeData | IP=::1 | Start=2026-06-15 15:16:41.695 | Elapsed=16ms | Status=Completed
2026-06-15 15:16:53 | INF | ACTION_TRACE | Acc=admin | Path=/AdminPortal/Home/Index | IP=::1 | Start=2026-06-15 15:16:53.722 | Elapsed=37ms | Status=Completed
2026-06-15 15:16:55 | INF | CONTROLLER_EXEC | Acc= admin | IP=::1 | Path=ADS999001/ADS999001 | Message=GET /ADS999001/ADS999001
2026-06-15 15:16:55 | INF | ACTION_TRACE | Acc=admin | Path=/ADS999001/ADS999001 | IP=::1 | Start=2026-06-15 15:16:55.628 | Elapsed=39ms | Status=Completed
2026-06-15 15:16:55 | INF | CONTROLLER_EXEC | Acc= admin | IP=::1 | Path=ADS999001/GetSysNoticeData | Message=POST /ADS999001/GetSysNoticeData
2026-06-15 15:16:55 | INF | ACTION_TRACE | Acc=admin | Path=/ADS999001/GetSysNoticeData | IP=::1 | Start=2026-06-15 15:16:55.689 | Elapsed=15ms | Status=Completed
2026-06-15 15:17:03 | INF | ACTION_TRACE | Acc=admin | Path=/AdminPortal/Home/Index | IP=::1 | Start=2026-06-15 15:17:03.113 | Elapsed=34ms | Status=Completed
2026-06-15 15:17:08 | INF | CONTROLLER_EXEC | Acc= admin | IP=::1 | Path=ADS999001/ADS999001 | Message=GET /ADS999001/ADS999001
2026-06-15 15:17:08 | INF | ACTION_TRACE | Acc=admin | Path=/ADS999001/ADS999001 | IP=::1 | Start=2026-06-15 15:17:08.188 | Elapsed=36ms | Status=Completed
2026-06-15 15:17:08 | INF | CONTROLLER_EXEC | Acc= admin | IP=::1 | Path=ADS999001/GetSysNoticeData | Message=POST /ADS999001/GetSysNoticeData
2026-06-15 15:17:08 | INF | ACTION_TRACE | Acc=admin | Path=/ADS999001/GetSysNoticeData | IP=::1 | Start=2026-06-15 15:17:08.247 | Elapsed=19ms | Status=Completed
2026-06-15 15:17:13 | INF | ACTION_TRACE | Acc=admin | Path=/AdminPortal/Home/Index | IP=::1 | Start=2026-06-15 15:17:13.286 | Elapsed=33ms | Status=Completed
2026-06-15 15:17:16 | INF | CONTROLLER_EXEC | Acc= admin | IP=::1 | Path=ADS999001/ADS999001 | Message=GET /ADS999001/ADS999001
2026-06-15 15:17:16 | INF | ACTION_TRACE | Acc=admin | Path=/ADS999001/ADS999001 | IP=::1 | Start=2026-06-15 15:17:16.316 | Elapsed=34ms | Status=Completed
2026-06-15 15:17:16 | INF | CONTROLLER_EXEC | Acc= admin | IP=::1 | Path=ADS999001/GetSysNoticeData | Message=POST /ADS999001/GetSysNoticeData
2026-06-15 15:17:16 | INF | ACTION_TRACE | Acc=admin | Path=/ADS999001/GetSysNoticeData | IP=::1 | Start=2026-06-15 15:17:16.370 | Elapsed=17ms | Status=Completed
2026-06-15 15:18:55 | INF | ACTION_TRACE | Acc=admin | Path=/AdminPortal/Home/Index | IP=::1 | Start=2026-06-15 15:18:55.737 | Elapsed=41ms | Status=Completed
2026-06-15 15:18:58 | INF | CONTROLLER_EXEC | Acc= admin | IP=::1 | Path=ADS999001/ADS999001 | Message=GET /ADS999001/ADS999001
2026-06-15 15:18:58 | INF | ACTION_TRACE | Acc=admin | Path=/ADS999001/ADS999001 | IP=::1 | Start=2026-06-15 15:18:58.535 | Elapsed=33ms | Status=Completed
2026-06-15 15:18:58 | INF | CONTROLLER_EXEC | Acc= admin | IP=::1 | Path=ADS999001/GetSysNoticeData | Message=POST /ADS999001/GetSysNoticeData
2026-06-15 15:18:58 | INF | ACTION_TRACE | Acc=admin | Path=/ADS999001/GetSysNoticeData | IP=::1 | Start=2026-06-15 15:18:58.595 | Elapsed=14ms | Status=Completed
2026-06-15 15:24:45 | INF | CONTROLLER_EXEC | Acc= admin | IP=::1 | Path=ADS999001/GetSysNoticeForEdit | Message=GET /ADS999001/GetSysNoticeForEdit
2026-06-15 15:24:45 | INF | ACTION_TRACE | Acc=admin | Path=/ADS999001/GetSysNoticeForEdit | IP=::1 | Start=2026-06-15 15:24:45.419 | Elapsed=50ms | Status=Completed
2026-06-15 15:25:24 | INF | ACTION_TRACE | Acc=admin | Path=/AdminPortal/Account/Login | IP=::1 | Start=2026-06-15 15:25:24.882 | Elapsed=12ms | Status=Completed
2026-06-15 15:25:24 | INF | ACTION_TRACE | Acc=admin | Path=/Captcha/Generate | IP=::1 | Start=2026-06-15 15:25:24.957 | Elapsed=12ms | Status=Completed
2026-06-15 15:25:24 | INF | ACTION_TRACE | Acc=admin | Path=/DNTCaptchaImage/Show | IP=::1 | Start=2026-06-15 15:25:24.977 | Elapsed=19ms | Status=Completed
2026-06-15 15:25:32 | INF | ACTION_TRACE | Acc=admin | Path=/ | IP=::1 | Start=2026-06-15 15:25:27.119 | Elapsed=5545ms | Status=Completed
2026-06-15 15:25:32 | INF | NETWORK_UNSTABLE | Acc=admin | Path=/ | Reason=SlowRequest 5545ms
2026-06-15 15:25:32 | INF | ACTION_TRACE | Acc=admin | Path=/Captcha/Generate | IP=::1 | Start=2026-06-15 15:25:32.803 | Elapsed=0ms | Status=Completed
2026-06-15 15:25:33 | INF | ACTION_TRACE | Acc=admin | Path=/DNTCaptchaImage/Show | IP=::1 | Start=2026-06-15 15:25:33.059 | Elapsed=35ms | Status=Completed
2026-06-15 15:25:42 | INF | ACTION_TRACE | Acc=admin | Path=/ | IP=::1 | Start=2026-06-15 15:25:38.388 | Elapsed=3675ms | Status=Completed
2026-06-15 15:25:42 | INF | NETWORK_UNSTABLE | Acc=admin | Path=/ | Reason=SlowRequest 3675ms
2026-06-15 15:25:42 | INF | ACTION_TRACE | Acc=admin | Path=/Captcha/Generate | IP=::1 | Start=2026-06-15 15:25:42.687 | Elapsed=0ms | Status=Completed
2026-06-15 15:25:42 | INF | ACTION_TRACE | Acc=admin | Path=/DNTCaptchaImage/Show | IP=::1 | Start=2026-06-15 15:25:42.736 | Elapsed=10ms | Status=Completed
2026-06-15 15:26:18 | INF | ACTION_TRACE | Acc=admin | Path=/.well-known/appspecific/com.chrome.devtools.json | IP=::1 | Start=2026-06-15 15:26:18.637 | Elapsed=0ms | Status=Completed
2026-06-15 15:26:20 | INF | ACTION_TRACE | Acc=admin | Path=/ | IP=::1 | Start=2026-06-15 15:26:17.166 | Elapsed=2967ms | Status=Completed
2026-06-15 15:26:20 | INF | ACTION_TRACE | Acc=admin | Path=/.well-known/appspecific/com.chrome.devtools.json | IP=::1 | Start=2026-06-15 15:26:20.188 | Elapsed=0ms | Status=Completed
2026-06-15 15:26:20 | INF | ACTION_TRACE | Acc=admin | Path=/Captcha/Generate | IP=::1 | Start=2026-06-15 15:26:20.626 | Elapsed=1ms | Status=Completed
2026-06-15 15:26:20 | INF | ACTION_TRACE | Acc=admin | Path=/DNTCaptchaImage/Show | IP=::1 | Start=2026-06-15 15:26:20.637 | Elapsed=17ms | Status=Completed
2026-06-15 15:26:59 | INF | ACTION_TRACE | Acc=admin | Path=/ | IP=::1 | Start=2026-06-15 15:26:56.913 | Elapsed=2460ms | Status=Completed
2026-06-15 15:26:59 | INF | ACTION_TRACE | Acc=admin | Path=/.well-known/appspecific/com.chrome.devtools.json | IP=::1 | Start=2026-06-15 15:26:59.474 | Elapsed=0ms | Status=Completed
2026-06-15 15:26:59 | INF | ACTION_TRACE | Acc=admin | Path=/Captcha/Generate | IP=::1 | Start=2026-06-15 15:26:59.846 | Elapsed=6ms | Status=Completed
2026-06-15 15:26:59 | INF | ACTION_TRACE | Acc=admin | Path=/DNTCaptchaImage/Show | IP=::1 | Start=2026-06-15 15:26:59.858 | Elapsed=19ms | Status=Completed
