2026-05-13 08:20:43 | INF | ACTION_TRACE | Acc=admin | Path=/Home/Index | IP=::1 | Start=2026-05-13 08:20:42.794 | Elapsed=286ms | Status=Completed
2026-05-13 08:21:17 | INF | ACTION_TRACE | Acc=admin | Path=/Home/GetMenu | IP=::1 | Start=2026-05-13 08:21:17.490 | Elapsed=46ms | Status=Completed
2026-05-13 08:21:24 | INF | CONTROLLER_EXEC | Acc= admin | IP=::1 | Path=ATT111001/ATT111001 | Message=GET /ATT111001/ATT111001
2026-05-13 08:21:24 | INF | ACTION_TRACE | Acc=admin | Path=/ATT111001/ATT111001 | IP=::1 | Start=2026-05-13 08:21:24.030 | Elapsed=91ms | Status=Completed
2026-05-13 08:21:24 | INF | CONTROLLER_EXEC | Acc= admin | IP=::1 | Path=ATT111001/GetList | Message=POST /ATT111001/GetList
2026-05-13 08:21:24 | INF | ACTION_TRACE | Acc=admin | Path=/ATT111001/GetList | IP=::1 | Start=2026-05-13 08:21:24.234 | Elapsed=186ms | Status=Completed
2026-05-13 08:21:24 | INF | CONTROLLER_EXEC | Acc= admin | IP=::1 | Path=ATT111001/GetList | Message=POST /ATT111001/GetList
2026-05-13 08:21:24 | INF | ACTION_TRACE | Acc=admin | Path=/ATT111001/GetList | IP=::1 | Start=2026-05-13 08:21:24.490 | Elapsed=23ms | Status=Completed
2026-05-13 08:21:29 | WRN | The query uses the 'First'/'FirstOrDefault' operator without 'OrderBy' and filter operators. This may lead to unpredictable results.
2026-05-13 08:21:29 | INF | CONTROLLER_EXEC | Acc= admin | IP=::1 | Path=ATT111001/GetByNo | Message=GET /ATT111001/GetByNo
2026-05-13 08:21:29 | INF | ACTION_TRACE | Acc=admin | Path=/ATT111001/GetByNo | IP=::1 | Start=2026-05-13 08:21:29.379 | Elapsed=83ms | Status=Completed
2026-05-13 08:21:30 | INF | CONTROLLER_EXEC | Acc= admin | IP=::1 | Path=ATT111001/GetList | Message=POST /ATT111001/GetList
2026-05-13 08:21:30 | INF | ACTION_TRACE | Acc=admin | Path=/ATT111001/GetList | IP=::1 | Start=2026-05-13 08:21:30.859 | Elapsed=14ms | Status=Completed
2026-05-13 08:21:32 | INF | CONTROLLER_EXEC | Acc= admin | IP=::1 | Path=ATT111001/GetByNo | Message=GET /ATT111001/GetByNo
2026-05-13 08:21:32 | INF | ACTION_TRACE | Acc=admin | Path=/ATT111001/GetByNo | IP=::1 | Start=2026-05-13 08:21:32.353 | Elapsed=74ms | Status=Completed
2026-05-13 08:21:33 | INF | CONTROLLER_EXEC | Acc= admin | IP=::1 | Path=ATT111001/GetList | Message=POST /ATT111001/GetList
2026-05-13 08:21:33 | INF | ACTION_TRACE | Acc=admin | Path=/ATT111001/GetList | IP=::1 | Start=2026-05-13 08:21:33.395 | Elapsed=199ms | Status=Completed
2026-05-13 08:21:34 | INF | CONTROLLER_EXEC | Acc= admin | IP=::1 | Path=ATT111001/GetByNo | Message=GET /ATT111001/GetByNo
2026-05-13 08:21:34 | INF | ACTION_TRACE | Acc=admin | Path=/ATT111001/GetByNo | IP=::1 | Start=2026-05-13 08:21:34.160 | Elapsed=4ms | Status=Completed
2026-05-13 08:21:35 | INF | CONTROLLER_EXEC | Acc= admin | IP=::1 | Path=ATT111001/GetList | Message=POST /ATT111001/GetList
2026-05-13 08:21:35 | INF | ACTION_TRACE | Acc=admin | Path=/ATT111001/GetList | IP=::1 | Start=2026-05-13 08:21:35.171 | Elapsed=74ms | Status=Completed
2026-05-13 08:21:36 | INF | CONTROLLER_EXEC | Acc= admin | IP=::1 | Path=ATT111001/GetByNo | Message=GET /ATT111001/GetByNo
2026-05-13 08:21:36 | INF | ACTION_TRACE | Acc=admin | Path=/ATT111001/GetByNo | IP=::1 | Start=2026-05-13 08:21:36.416 | Elapsed=4ms | Status=Completed
2026-05-13 08:21:37 | INF | CONTROLLER_EXEC | Acc= admin | IP=::1 | Path=ATT111001/GetList | Message=POST /ATT111001/GetList
2026-05-13 08:21:37 | INF | ACTION_TRACE | Acc=admin | Path=/ATT111001/GetList | IP=::1 | Start=2026-05-13 08:21:37.787 | Elapsed=11ms | Status=Completed
2026-05-13 08:21:40 | INF | CONTROLLER_EXEC | Acc= admin | IP=::1 | Path=ATT111001/GetList | Message=POST /ATT111001/GetList
2026-05-13 08:21:40 | INF | ACTION_TRACE | Acc=admin | Path=/ATT111001/GetList | IP=::1 | Start=2026-05-13 08:21:40.185 | Elapsed=17ms | Status=Completed
2026-05-13 08:21:42 | INF | ACTION_TRACE | Acc=admin | Path=/Home/GetMenu | IP=::1 | Start=2026-05-13 08:21:42.399 | Elapsed=9ms | Status=Completed
2026-05-13 08:21:45 | INF | CONTROLLER_EXEC | Acc= admin | IP=::1 | Path=SYS201001/SYS201001 | Message=GET /SYS201001/SYS201001
2026-05-13 08:21:45 | INF | ACTION_TRACE | Acc=admin | Path=/SYS201001/SYS201001 | IP=::1 | Start=2026-05-13 08:21:45.562 | Elapsed=286ms | Status=Completed
2026-05-13 08:21:45 | INF | CONTROLLER_EXEC | Acc= admin | IP=::1 | Path=SYS201001/GetAllAdmins | Message=POST /SYS201001/GetAllAdmins
2026-05-13 08:21:45 | INF | ACTION_TRACE | Acc=admin | Path=/SYS201001/GetAllAdmins | IP=::1 | Start=2026-05-13 08:21:45.921 | Elapsed=75ms | Status=Completed
2026-05-13 08:21:46 | INF | CONTROLLER_EXEC | Acc= admin | IP=::1 | Path=SYS201001/GetAllAdmins | Message=POST /SYS201001/GetAllAdmins
2026-05-13 08:21:46 | INF | ACTION_TRACE | Acc=admin | Path=/SYS201001/GetAllAdmins | IP=::1 | Start=2026-05-13 08:21:46.030 | Elapsed=8ms | Status=Completed
2026-05-13 08:21:47 | WRN | The query uses the 'First'/'FirstOrDefault' operator without 'OrderBy' and filter operators. This may lead to unpredictable results.
2026-05-13 08:21:47 | WRN | The query uses the 'First'/'FirstOrDefault' operator without 'OrderBy' and filter operators. This may lead to unpredictable results.
2026-05-13 08:21:47 | INF | CONTROLLER_EXEC | Acc= admin | IP=::1 | Path=SYS201001/GetAdminDetails | Message=GET /SYS201001/GetAdminDetails
2026-05-13 08:21:47 | INF | ACTION_TRACE | Acc=admin | Path=/SYS201001/GetAdminDetails | IP=::1 | Start=2026-05-13 08:21:46.989 | Elapsed=79ms | Status=Completed
2026-05-13 08:21:47 | INF | CONTROLLER_EXEC | Acc= admin | IP=::1 | Path=SYS201001/GetAllAdmins | Message=POST /SYS201001/GetAllAdmins
2026-05-13 08:21:47 | INF | ACTION_TRACE | Acc=admin | Path=/SYS201001/GetAllAdmins | IP=::1 | Start=2026-05-13 08:21:47.102 | Elapsed=36ms | Status=Completed
2026-05-13 08:21:48 | INF | CONTROLLER_EXEC | Acc= admin | IP=::1 | Path=SYS201001/GetAdminDetails | Message=GET /SYS201001/GetAdminDetails
2026-05-13 08:21:48 | INF | ACTION_TRACE | Acc=admin | Path=/SYS201001/GetAdminDetails | IP=::1 | Start=2026-05-13 08:21:47.998 | Elapsed=8ms | Status=Completed
2026-05-13 08:21:48 | INF | CONTROLLER_EXEC | Acc= admin | IP=::1 | Path=SYS201001/GetAllAdmins | Message=POST /SYS201001/GetAllAdmins
2026-05-13 08:21:48 | INF | ACTION_TRACE | Acc=admin | Path=/SYS201001/GetAllAdmins | IP=::1 | Start=2026-05-13 08:21:48.023 | Elapsed=9ms | Status=Completed
2026-05-13 08:21:48 | INF | CONTROLLER_EXEC | Acc= admin | IP=::1 | Path=SYS201001/GetAdminDetails | Message=GET /SYS201001/GetAdminDetails
2026-05-13 08:21:48 | INF | ACTION_TRACE | Acc=admin | Path=/SYS201001/GetAdminDetails | IP=::1 | Start=2026-05-13 08:21:48.557 | Elapsed=11ms | Status=Completed
2026-05-13 08:21:48 | INF | CONTROLLER_EXEC | Acc= admin | IP=::1 | Path=SYS201001/GetAllAdmins | Message=POST /SYS201001/GetAllAdmins
2026-05-13 08:21:48 | INF | ACTION_TRACE | Acc=admin | Path=/SYS201001/GetAllAdmins | IP=::1 | Start=2026-05-13 08:21:48.585 | Elapsed=5ms | Status=Completed
2026-05-13 08:21:49 | INF | CONTROLLER_EXEC | Acc= admin | IP=::1 | Path=SYS201001/GetAdminDetails | Message=GET /SYS201001/GetAdminDetails
2026-05-13 08:21:49 | INF | ACTION_TRACE | Acc=admin | Path=/SYS201001/GetAdminDetails | IP=::1 | Start=2026-05-13 08:21:48.980 | Elapsed=21ms | Status=Completed
2026-05-13 08:21:49 | INF | CONTROLLER_EXEC | Acc= admin | IP=::1 | Path=SYS201001/GetAllAdmins | Message=POST /SYS201001/GetAllAdmins
2026-05-13 08:21:49 | INF | ACTION_TRACE | Acc=admin | Path=/SYS201001/GetAllAdmins | IP=::1 | Start=2026-05-13 08:21:49.022 | Elapsed=16ms | Status=Completed
2026-05-13 08:21:49 | INF | CONTROLLER_EXEC | Acc= admin | IP=::1 | Path=SYS201001/GetAdminDetails | Message=GET /SYS201001/GetAdminDetails
2026-05-13 08:21:49 | INF | ACTION_TRACE | Acc=admin | Path=/SYS201001/GetAdminDetails | IP=::1 | Start=2026-05-13 08:21:49.421 | Elapsed=10ms | Status=Completed
2026-05-13 08:21:49 | INF | CONTROLLER_EXEC | Acc= admin | IP=::1 | Path=SYS201001/GetAllAdmins | Message=POST /SYS201001/GetAllAdmins
2026-05-13 08:21:49 | INF | ACTION_TRACE | Acc=admin | Path=/SYS201001/GetAllAdmins | IP=::1 | Start=2026-05-13 08:21:49.451 | Elapsed=9ms | Status=Completed
2026-05-13 08:21:49 | INF | CONTROLLER_EXEC | Acc= admin | IP=::1 | Path=SYS201001/GetAdminDetails | Message=GET /SYS201001/GetAdminDetails
2026-05-13 08:21:49 | INF | ACTION_TRACE | Acc=admin | Path=/SYS201001/GetAdminDetails | IP=::1 | Start=2026-05-13 08:21:49.808 | Elapsed=52ms | Status=Completed
2026-05-13 08:21:49 | INF | CONTROLLER_EXEC | Acc= admin | IP=::1 | Path=SYS201001/GetAllAdmins | Message=POST /SYS201001/GetAllAdmins
2026-05-13 08:21:49 | INF | ACTION_TRACE | Acc=admin | Path=/SYS201001/GetAllAdmins | IP=::1 | Start=2026-05-13 08:21:49.873 | Elapsed=8ms | Status=Completed
2026-05-13 08:21:50 | INF | CONTROLLER_EXEC | Acc= admin | IP=::1 | Path=SYS201001/GetAdminDetails | Message=GET /SYS201001/GetAdminDetails
2026-05-13 08:21:50 | INF | ACTION_TRACE | Acc=admin | Path=/SYS201001/GetAdminDetails | IP=::1 | Start=2026-05-13 08:21:50.256 | Elapsed=8ms | Status=Completed
2026-05-13 08:21:50 | INF | CONTROLLER_EXEC | Acc= admin | IP=::1 | Path=SYS201001/GetAllAdmins | Message=POST /SYS201001/GetAllAdmins
2026-05-13 08:21:50 | INF | ACTION_TRACE | Acc=admin | Path=/SYS201001/GetAllAdmins | IP=::1 | Start=2026-05-13 08:21:50.282 | Elapsed=18ms | Status=Completed
2026-05-13 08:21:50 | INF | CONTROLLER_EXEC | Acc= admin | IP=::1 | Path=SYS201001/GetAdminDetails | Message=GET /SYS201001/GetAdminDetails
2026-05-13 08:21:50 | INF | ACTION_TRACE | Acc=admin | Path=/SYS201001/GetAdminDetails | IP=::1 | Start=2026-05-13 08:21:50.703 | Elapsed=7ms | Status=Completed
2026-05-13 08:21:50 | INF | CONTROLLER_EXEC | Acc= admin | IP=::1 | Path=SYS201001/GetAllAdmins | Message=POST /SYS201001/GetAllAdmins
2026-05-13 08:21:50 | INF | ACTION_TRACE | Acc=admin | Path=/SYS201001/GetAllAdmins | IP=::1 | Start=2026-05-13 08:21:50.731 | Elapsed=8ms | Status=Completed
2026-05-13 08:21:51 | INF | CONTROLLER_EXEC | Acc= admin | IP=::1 | Path=SYS201001/GetAdminDetails | Message=GET /SYS201001/GetAdminDetails
2026-05-13 08:21:51 | INF | ACTION_TRACE | Acc=admin | Path=/SYS201001/GetAdminDetails | IP=::1 | Start=2026-05-13 08:21:51.105 | Elapsed=8ms | Status=Completed
2026-05-13 08:21:51 | INF | CONTROLLER_EXEC | Acc= admin | IP=::1 | Path=SYS201001/GetAllAdmins | Message=POST /SYS201001/GetAllAdmins
2026-05-13 08:21:51 | INF | ACTION_TRACE | Acc=admin | Path=/SYS201001/GetAllAdmins | IP=::1 | Start=2026-05-13 08:21:51.137 | Elapsed=9ms | Status=Completed
2026-05-13 08:21:51 | INF | CONTROLLER_EXEC | Acc= admin | IP=::1 | Path=SYS201001/GetAdminDetails | Message=GET /SYS201001/GetAdminDetails
2026-05-13 08:21:51 | INF | ACTION_TRACE | Acc=admin | Path=/SYS201001/GetAdminDetails | IP=::1 | Start=2026-05-13 08:21:51.553 | Elapsed=6ms | Status=Completed
2026-05-13 08:21:51 | INF | CONTROLLER_EXEC | Acc= admin | IP=::1 | Path=SYS201001/GetAllAdmins | Message=POST /SYS201001/GetAllAdmins
2026-05-13 08:21:51 | INF | ACTION_TRACE | Acc=admin | Path=/SYS201001/GetAllAdmins | IP=::1 | Start=2026-05-13 08:21:51.580 | Elapsed=6ms | Status=Completed
2026-05-13 08:21:51 | INF | CONTROLLER_EXEC | Acc= admin | IP=::1 | Path=SYS201001/GetAllPersonnelTypes | Message=GET /SYS201001/GetAllPersonnelTypes
2026-05-13 08:21:51 | INF | ACTION_TRACE | Acc=admin | Path=/SYS201001/GetAllPersonnelTypes | IP=::1 | Start=2026-05-13 08:21:51.619 | Elapsed=46ms | Status=Completed
2026-05-13 08:21:51 | INF | CONTROLLER_EXEC | Acc= admin | IP=::1 | Path=SYS201001/GetAllRoles | Message=GET /SYS201001/GetAllRoles
2026-05-13 08:21:51 | INF | CONTROLLER_EXEC | Acc= admin | IP=::1 | Path=SYS201001/GetAllPersonnelTypes | Message=GET /SYS201001/GetAllPersonnelTypes
2026-05-13 08:21:51 | INF | ACTION_TRACE | Acc=admin | Path=/SYS201001/GetAllPersonnelTypes | IP=::1 | Start=2026-05-13 08:21:51.671 | Elapsed=1ms | Status=Completed
2026-05-13 08:21:51 | INF | ACTION_TRACE | Acc=admin | Path=/SYS201001/GetAllRoles | IP=::1 | Start=2026-05-13 08:21:47.081 | Elapsed=4593ms | Status=Completed
2026-05-13 08:21:51 | INF | NETWORK_UNSTABLE | Acc=admin | Path=/SYS201001/GetAllRoles | Reason=SlowRequest 4593ms
2026-05-13 08:21:51 | INF | CONTROLLER_EXEC | Acc= admin | IP=::1 | Path=SYS201001/GetAllPersonnelTypes | Message=GET /SYS201001/GetAllPersonnelTypes
2026-05-13 08:21:51 | INF | ACTION_TRACE | Acc=admin | Path=/SYS201001/GetAllPersonnelTypes | IP=::1 | Start=2026-05-13 08:21:51.677 | Elapsed=2ms | Status=Completed
2026-05-13 08:21:51 | INF | CONTROLLER_EXEC | Acc= admin | IP=::1 | Path=SYS201001/GetAllRoles | Message=GET /SYS201001/GetAllRoles
2026-05-13 08:21:51 | INF | ACTION_TRACE | Acc=admin | Path=/SYS201001/GetAllRoles | IP=::1 | Start=2026-05-13 08:21:51.680 | Elapsed=2ms | Status=Completed
2026-05-13 08:21:51 | INF | CONTROLLER_EXEC | Acc= admin | IP=::1 | Path=SYS201001/GetAllPersonnelTypes | Message=GET /SYS201001/GetAllPersonnelTypes
2026-05-13 08:21:51 | INF | ACTION_TRACE | Acc=admin | Path=/SYS201001/GetAllPersonnelTypes | IP=::1 | Start=2026-05-13 08:21:51.684 | Elapsed=2ms | Status=Completed
2026-05-13 08:21:51 | INF | CONTROLLER_EXEC | Acc= admin | IP=::1 | Path=SYS201001/GetAllRoles | Message=GET /SYS201001/GetAllRoles
2026-05-13 08:21:51 | INF | ACTION_TRACE | Acc=admin | Path=/SYS201001/GetAllRoles | IP=::1 | Start=2026-05-13 08:21:51.687 | Elapsed=2ms | Status=Completed
2026-05-13 08:21:51 | INF | CONTROLLER_EXEC | Acc= admin | IP=::1 | Path=SYS201001/GetAllPersonnelTypes | Message=GET /SYS201001/GetAllPersonnelTypes
2026-05-13 08:21:51 | INF | ACTION_TRACE | Acc=admin | Path=/SYS201001/GetAllPersonnelTypes | IP=::1 | Start=2026-05-13 08:21:51.690 | Elapsed=3ms | Status=Completed
2026-05-13 08:21:51 | INF | CONTROLLER_EXEC | Acc= admin | IP=::1 | Path=SYS201001/GetAllRoles | Message=GET /SYS201001/GetAllRoles
2026-05-13 08:21:51 | INF | ACTION_TRACE | Acc=admin | Path=/SYS201001/GetAllRoles | IP=::1 | Start=2026-05-13 08:21:51.693 | Elapsed=3ms | Status=Completed
2026-05-13 08:21:51 | INF | CONTROLLER_EXEC | Acc= admin | IP=::1 | Path=SYS201001/GetAllPersonnelTypes | Message=GET /SYS201001/GetAllPersonnelTypes
2026-05-13 08:21:51 | INF | ACTION_TRACE | Acc=admin | Path=/SYS201001/GetAllPersonnelTypes | IP=::1 | Start=2026-05-13 08:21:51.697 | Elapsed=2ms | Status=Completed
2026-05-13 08:21:51 | INF | CONTROLLER_EXEC | Acc= admin | IP=::1 | Path=SYS201001/GetAllRoles | Message=GET /SYS201001/GetAllRoles
2026-05-13 08:21:51 | INF | ACTION_TRACE | Acc=admin | Path=/SYS201001/GetAllRoles | IP=::1 | Start=2026-05-13 08:21:51.700 | Elapsed=2ms | Status=Completed
2026-05-13 08:21:51 | INF | CONTROLLER_EXEC | Acc= admin | IP=::1 | Path=SYS201001/GetAllPersonnelTypes | Message=GET /SYS201001/GetAllPersonnelTypes
2026-05-13 08:21:51 | INF | ACTION_TRACE | Acc=admin | Path=/SYS201001/GetAllPersonnelTypes | IP=::1 | Start=2026-05-13 08:21:51.703 | Elapsed=2ms | Status=Completed
2026-05-13 08:21:51 | INF | CONTROLLER_EXEC | Acc= admin | IP=::1 | Path=SYS201001/GetAllRoles | Message=GET /SYS201001/GetAllRoles
2026-05-13 08:21:51 | INF | ACTION_TRACE | Acc=admin | Path=/SYS201001/GetAllRoles | IP=::1 | Start=2026-05-13 08:21:51.706 | Elapsed=4ms | Status=Completed
2026-05-13 08:21:51 | INF | CONTROLLER_EXEC | Acc= admin | IP=::1 | Path=SYS201001/GetAllPersonnelTypes | Message=GET /SYS201001/GetAllPersonnelTypes
2026-05-13 08:21:51 | INF | ACTION_TRACE | Acc=admin | Path=/SYS201001/GetAllPersonnelTypes | IP=::1 | Start=2026-05-13 08:21:51.710 | Elapsed=6ms | Status=Completed
2026-05-13 08:21:51 | INF | CONTROLLER_EXEC | Acc= admin | IP=::1 | Path=SYS201001/GetAllRoles | Message=GET /SYS201001/GetAllRoles
2026-05-13 08:21:51 | INF | ACTION_TRACE | Acc=admin | Path=/SYS201001/GetAllRoles | IP=::1 | Start=2026-05-13 08:21:51.717 | Elapsed=2ms | Status=Completed
2026-05-13 08:21:51 | INF | CONTROLLER_EXEC | Acc= admin | IP=::1 | Path=SYS201001/GetAllPersonnelTypes | Message=GET /SYS201001/GetAllPersonnelTypes
2026-05-13 08:21:51 | INF | ACTION_TRACE | Acc=admin | Path=/SYS201001/GetAllPersonnelTypes | IP=::1 | Start=2026-05-13 08:21:51.721 | Elapsed=2ms | Status=Completed
2026-05-13 08:21:51 | INF | CONTROLLER_EXEC | Acc= admin | IP=::1 | Path=SYS201001/GetAllRoles | Message=GET /SYS201001/GetAllRoles
2026-05-13 08:21:51 | INF | ACTION_TRACE | Acc=admin | Path=/SYS201001/GetAllRoles | IP=::1 | Start=2026-05-13 08:21:51.724 | Elapsed=5ms | Status=Completed
2026-05-13 08:21:51 | INF | CONTROLLER_EXEC | Acc= admin | IP=::1 | Path=SYS201001/GetAllPersonnelTypes | Message=GET /SYS201001/GetAllPersonnelTypes
2026-05-13 08:21:51 | INF | ACTION_TRACE | Acc=admin | Path=/SYS201001/GetAllPersonnelTypes | IP=::1 | Start=2026-05-13 08:21:51.729 | Elapsed=3ms | Status=Completed
2026-05-13 08:21:51 | INF | CONTROLLER_EXEC | Acc= admin | IP=::1 | Path=SYS201001/GetAllRoles | Message=GET /SYS201001/GetAllRoles
2026-05-13 08:21:51 | INF | ACTION_TRACE | Acc=admin | Path=/SYS201001/GetAllRoles | IP=::1 | Start=2026-05-13 08:21:51.732 | Elapsed=2ms | Status=Completed
2026-05-13 08:21:51 | INF | CONTROLLER_EXEC | Acc= admin | IP=::1 | Path=SYS201001/GetAllRoles | Message=GET /SYS201001/GetAllRoles
2026-05-13 08:21:51 | INF | ACTION_TRACE | Acc=admin | Path=/SYS201001/GetAllRoles | IP=::1 | Start=2026-05-13 08:21:51.738 | Elapsed=1ms | Status=Completed
2026-05-13 08:23:22 | WRN | No store type was specified for the decimal property 'OveMoney' on entity type 'HROvertime'. This will cause values to be silently truncated if they do not fit in the default precision and scale. Explicitly specify the SQL server column type that can accommodate all the values in 'OnModelCreating' using 'HasColumnType', specify precision and scale using 'HasPrecision', or configure a value converter using 'HasConversion'.
2026-05-13 08:23:22 | WRN | No store type was specified for the decimal property 'Wag1D1Hour' on entity type 'HRWage'. This will cause values to be silently truncated if they do not fit in the default precision and scale. Explicitly specify the SQL server column type that can accommodate all the values in 'OnModelCreating' using 'HasColumnType', specify precision and scale using 'HasPrecision', or configure a value converter using 'HasConversion'.
2026-05-13 08:23:22 | WRN | No store type was specified for the decimal property 'Wag2D1Hour' on entity type 'HRWage'. This will cause values to be silently truncated if they do not fit in the default precision and scale. Explicitly specify the SQL server column type that can accommodate all the values in 'OnModelCreating' using 'HasColumnType', specify precision and scale using 'HasPrecision', or configure a value converter using 'HasConversion'.
2026-05-13 08:23:22 | WRN | No store type was specified for the decimal property 'Wag4D3Hour' on entity type 'HRWage'. This will cause values to be silently truncated if they do not fit in the default precision and scale. Explicitly specify the SQL server column type that can accommodate all the values in 'OnModelCreating' using 'HasColumnType', specify precision and scale using 'HasPrecision', or configure a value converter using 'HasConversion'.
2026-05-13 08:23:22 | WRN | No store type was specified for the decimal property 'Wag5D3Hour' on entity type 'HRWage'. This will cause values to be silently truncated if they do not fit in the default precision and scale. Explicitly specify the SQL server column type that can accommodate all the values in 'OnModelCreating' using 'HasColumnType', specify precision and scale using 'HasPrecision', or configure a value converter using 'HasConversion'.
2026-05-13 08:23:22 | WRN | No store type was specified for the decimal property 'Wag8D3Hour' on entity type 'HRWage'. This will cause values to be silently truncated if they do not fit in the default precision and scale. Explicitly specify the SQL server column type that can accommodate all the values in 'OnModelCreating' using 'HasColumnType', specify precision and scale using 'HasPrecision', or configure a value converter using 'HasConversion'.
2026-05-13 08:23:22 | WRN | No store type was specified for the decimal property 'WagApplyHour' on entity type 'HRWage'. This will cause values to be silently truncated if they do not fit in the default precision and scale. Explicitly specify the SQL server column type that can accommodate all the values in 'OnModelCreating' using 'HasColumnType', specify precision and scale using 'HasPrecision', or configure a value converter using 'HasConversion'.
2026-05-13 08:23:22 | WRN | No store type was specified for the decimal property 'WagIssueHour' on entity type 'HRWage'. This will cause values to be silently truncated if they do not fit in the default precision and scale. Explicitly specify the SQL server column type that can accommodate all the values in 'OnModelCreating' using 'HasColumnType', specify precision and scale using 'HasPrecision', or configure a value converter using 'HasConversion'.
2026-05-13 08:23:22 | WRN | No store type was specified for the decimal property 'WagSubtotal' on entity type 'HRWage'. This will cause values to be silently truncated if they do not fit in the default precision and scale. Explicitly specify the SQL server column type that can accommodate all the values in 'OnModelCreating' using 'HasColumnType', specify precision and scale using 'HasPrecision', or configure a value converter using 'HasConversion'.
2026-05-13 08:23:28 | WRN | The query uses the 'First'/'FirstOrDefault' operator without 'OrderBy' and filter operators. This may lead to unpredictable results.
2026-05-13 08:23:29 | INF | ACTION_TRACE | Acc=admin | Path=/ | IP=::1 | Start=2026-05-13 08:23:21.784 | Elapsed=7255ms | Status=Completed
2026-05-13 08:23:29 | INF | NETWORK_UNSTABLE | Acc=admin | Path=/ | Reason=SlowRequest 7255ms
2026-05-13 08:23:29 | INF | ACTION_TRACE | Acc=admin | Path=/Captcha/Generate | IP=::1 | Start=2026-05-13 08:23:29.309 | Elapsed=46ms | Status=Completed
2026-05-13 08:23:29 | INF | ACTION_TRACE | Acc=admin | Path=/DNTCaptchaImage/Show | IP=::1 | Start=2026-05-13 08:23:29.386 | Elapsed=131ms | Status=Completed
2026-05-13 08:23:58 | INF | ACTION_TRACE | Acc=admin | Path=/Account/Login | IP=::1 | Start=2026-05-13 08:23:50.460 | Elapsed=8494ms | Status=Completed
2026-05-13 08:23:58 | INF | NETWORK_UNSTABLE | Acc=admin | Path=/Account/Login | Reason=SlowRequest 8494ms
2026-05-13 08:23:59 | INF | ACTION_TRACE | Acc=admin | Path=/Home/Index | IP=::1 | Start=2026-05-13 08:23:58.972 | Elapsed=350ms | Status=Completed
2026-05-13 08:24:03 | INF | ACTION_TRACE | Acc=admin | Path=/Home/GetMenu | IP=::1 | Start=2026-05-13 08:24:02.832 | Elapsed=289ms | Status=Completed
2026-05-13 08:24:05 | INF | CONTROLLER_EXEC | Acc= admin | IP=::1 | Path=ATT111001/ATT111001 | Message=GET /ATT111001/ATT111001
2026-05-13 08:24:05 | INF | ACTION_TRACE | Acc=admin | Path=/ATT111001/ATT111001 | IP=::1 | Start=2026-05-13 08:24:05.588 | Elapsed=89ms | Status=Completed
2026-05-13 08:24:05 | INF | CONTROLLER_EXEC | Acc= admin | IP=::1 | Path=ATT111001/GetList | Message=POST /ATT111001/GetList
2026-05-13 08:24:05 | INF | ACTION_TRACE | Acc=admin | Path=/ATT111001/GetList | IP=::1 | Start=2026-05-13 08:24:05.767 | Elapsed=125ms | Status=Completed
2026-05-13 08:24:05 | INF | CONTROLLER_EXEC | Acc= admin | IP=::1 | Path=ATT111001/GetList | Message=POST /ATT111001/GetList
2026-05-13 08:24:05 | INF | ACTION_TRACE | Acc=admin | Path=/ATT111001/GetList | IP=::1 | Start=2026-05-13 08:24:05.967 | Elapsed=13ms | Status=Completed
2026-05-13 08:24:08 | WRN | The query uses the 'First'/'FirstOrDefault' operator without 'OrderBy' and filter operators. This may lead to unpredictable results.
2026-05-13 08:24:08 | INF | CONTROLLER_EXEC | Acc= admin | IP=::1 | Path=ATT111001/GetByNo | Message=GET /ATT111001/GetByNo
2026-05-13 08:24:08 | INF | ACTION_TRACE | Acc=admin | Path=/ATT111001/GetByNo | IP=::1 | Start=2026-05-13 08:24:08.735 | Elapsed=44ms | Status=Completed
2026-05-13 08:24:09 | INF | CONTROLLER_EXEC | Acc= admin | IP=::1 | Path=ATT111001/GetList | Message=POST /ATT111001/GetList
2026-05-13 08:24:09 | INF | ACTION_TRACE | Acc=admin | Path=/ATT111001/GetList | IP=::1 | Start=2026-05-13 08:24:09.870 | Elapsed=9ms | Status=Completed
2026-05-13 08:24:10 | INF | CONTROLLER_EXEC | Acc= admin | IP=::1 | Path=ATT111001/GetByNo | Message=GET /ATT111001/GetByNo
2026-05-13 08:24:10 | INF | ACTION_TRACE | Acc=admin | Path=/ATT111001/GetByNo | IP=::1 | Start=2026-05-13 08:24:10.619 | Elapsed=2ms | Status=Completed
2026-05-13 08:24:11 | INF | CONTROLLER_EXEC | Acc= admin | IP=::1 | Path=ATT111001/GetList | Message=POST /ATT111001/GetList
2026-05-13 08:24:11 | INF | ACTION_TRACE | Acc=admin | Path=/ATT111001/GetList | IP=::1 | Start=2026-05-13 08:24:11.705 | Elapsed=12ms | Status=Completed
2026-05-13 08:24:12 | INF | CONTROLLER_EXEC | Acc= admin | IP=::1 | Path=ATT111001/GetByNo | Message=GET /ATT111001/GetByNo
2026-05-13 08:24:12 | INF | ACTION_TRACE | Acc=admin | Path=/ATT111001/GetByNo | IP=::1 | Start=2026-05-13 08:24:12.591 | Elapsed=5ms | Status=Completed
2026-05-13 08:24:13 | INF | CONTROLLER_EXEC | Acc= admin | IP=::1 | Path=ATT111001/GetList | Message=POST /ATT111001/GetList
2026-05-13 08:24:13 | INF | ACTION_TRACE | Acc=admin | Path=/ATT111001/GetList | IP=::1 | Start=2026-05-13 08:24:13.489 | Elapsed=9ms | Status=Completed
2026-05-13 08:26:04 | WRN | No store type was specified for the decimal property 'OveMoney' on entity type 'HROvertime'. This will cause values to be silently truncated if they do not fit in the default precision and scale. Explicitly specify the SQL server column type that can accommodate all the values in 'OnModelCreating' using 'HasColumnType', specify precision and scale using 'HasPrecision', or configure a value converter using 'HasConversion'.
2026-05-13 08:26:04 | WRN | No store type was specified for the decimal property 'Wag1D1Hour' on entity type 'HRWage'. This will cause values to be silently truncated if they do not fit in the default precision and scale. Explicitly specify the SQL server column type that can accommodate all the values in 'OnModelCreating' using 'HasColumnType', specify precision and scale using 'HasPrecision', or configure a value converter using 'HasConversion'.
2026-05-13 08:26:04 | WRN | No store type was specified for the decimal property 'Wag2D1Hour' on entity type 'HRWage'. This will cause values to be silently truncated if they do not fit in the default precision and scale. Explicitly specify the SQL server column type that can accommodate all the values in 'OnModelCreating' using 'HasColumnType', specify precision and scale using 'HasPrecision', or configure a value converter using 'HasConversion'.
2026-05-13 08:26:04 | WRN | No store type was specified for the decimal property 'Wag4D3Hour' on entity type 'HRWage'. This will cause values to be silently truncated if they do not fit in the default precision and scale. Explicitly specify the SQL server column type that can accommodate all the values in 'OnModelCreating' using 'HasColumnType', specify precision and scale using 'HasPrecision', or configure a value converter using 'HasConversion'.
2026-05-13 08:26:04 | WRN | No store type was specified for the decimal property 'Wag5D3Hour' on entity type 'HRWage'. This will cause values to be silently truncated if they do not fit in the default precision and scale. Explicitly specify the SQL server column type that can accommodate all the values in 'OnModelCreating' using 'HasColumnType', specify precision and scale using 'HasPrecision', or configure a value converter using 'HasConversion'.
2026-05-13 08:26:04 | WRN | No store type was specified for the decimal property 'Wag8D3Hour' on entity type 'HRWage'. This will cause values to be silently truncated if they do not fit in the default precision and scale. Explicitly specify the SQL server column type that can accommodate all the values in 'OnModelCreating' using 'HasColumnType', specify precision and scale using 'HasPrecision', or configure a value converter using 'HasConversion'.
2026-05-13 08:26:04 | WRN | No store type was specified for the decimal property 'WagApplyHour' on entity type 'HRWage'. This will cause values to be silently truncated if they do not fit in the default precision and scale. Explicitly specify the SQL server column type that can accommodate all the values in 'OnModelCreating' using 'HasColumnType', specify precision and scale using 'HasPrecision', or configure a value converter using 'HasConversion'.
2026-05-13 08:26:04 | WRN | No store type was specified for the decimal property 'WagIssueHour' on entity type 'HRWage'. This will cause values to be silently truncated if they do not fit in the default precision and scale. Explicitly specify the SQL server column type that can accommodate all the values in 'OnModelCreating' using 'HasColumnType', specify precision and scale using 'HasPrecision', or configure a value converter using 'HasConversion'.
2026-05-13 08:26:04 | WRN | No store type was specified for the decimal property 'WagSubtotal' on entity type 'HRWage'. This will cause values to be silently truncated if they do not fit in the default precision and scale. Explicitly specify the SQL server column type that can accommodate all the values in 'OnModelCreating' using 'HasColumnType', specify precision and scale using 'HasPrecision', or configure a value converter using 'HasConversion'.
2026-05-13 08:26:10 | WRN | The query uses the 'First'/'FirstOrDefault' operator without 'OrderBy' and filter operators. This may lead to unpredictable results.
2026-05-13 08:26:11 | INF | ACTION_TRACE | Acc=admin | Path=/ | IP=::1 | Start=2026-05-13 08:26:03.918 | Elapsed=7382ms | Status=Completed
2026-05-13 08:26:11 | INF | NETWORK_UNSTABLE | Acc=admin | Path=/ | Reason=SlowRequest 7382ms
2026-05-13 08:26:11 | INF | ACTION_TRACE | Acc=admin | Path=/Captcha/Generate | IP=::1 | Start=2026-05-13 08:26:11.540 | Elapsed=46ms | Status=Completed
2026-05-13 08:26:11 | INF | ACTION_TRACE | Acc=admin | Path=/DNTCaptchaImage/Show | IP=::1 | Start=2026-05-13 08:26:11.619 | Elapsed=121ms | Status=Completed
2026-05-13 08:26:29 | INF | ACTION_TRACE | Acc=admin | Path=/Account/Login | IP=::1 | Start=2026-05-13 08:26:21.615 | Elapsed=7463ms | Status=Completed
2026-05-13 08:26:29 | INF | NETWORK_UNSTABLE | Acc=admin | Path=/Account/Login | Reason=SlowRequest 7463ms
2026-05-13 08:26:29 | INF | ACTION_TRACE | Acc=admin | Path=/Home/Index | IP=::1 | Start=2026-05-13 08:26:29.100 | Elapsed=289ms | Status=Completed
2026-05-13 08:26:36 | INF | ACTION_TRACE | Acc=admin | Path=/Home/GetMenu | IP=::1 | Start=2026-05-13 08:26:36.828 | Elapsed=45ms | Status=Completed
2026-05-13 08:26:39 | INF | CONTROLLER_EXEC | Acc= admin | IP=::1 | Path=ATT111001/ATT111001 | Message=GET /ATT111001/ATT111001
2026-05-13 08:26:39 | INF | ACTION_TRACE | Acc=admin | Path=/ATT111001/ATT111001 | IP=::1 | Start=2026-05-13 08:26:39.303 | Elapsed=98ms | Status=Completed
2026-05-13 08:26:39 | INF | CONTROLLER_EXEC | Acc= admin | IP=::1 | Path=ATT111001/GetList | Message=POST /ATT111001/GetList
2026-05-13 08:26:39 | INF | ACTION_TRACE | Acc=admin | Path=/ATT111001/GetList | IP=::1 | Start=2026-05-13 08:26:39.492 | Elapsed=186ms | Status=Completed
2026-05-13 08:26:39 | INF | CONTROLLER_EXEC | Acc= admin | IP=::1 | Path=ATT111001/GetList | Message=POST /ATT111001/GetList
2026-05-13 08:26:39 | INF | ACTION_TRACE | Acc=admin | Path=/ATT111001/GetList | IP=::1 | Start=2026-05-13 08:26:39.754 | Elapsed=18ms | Status=Completed
2026-05-13 08:26:42 | WRN | The query uses the 'First'/'FirstOrDefault' operator without 'OrderBy' and filter operators. This may lead to unpredictable results.
2026-05-13 08:26:42 | INF | CONTROLLER_EXEC | Acc= admin | IP=::1 | Path=ATT111001/GetByNo | Message=GET /ATT111001/GetByNo
2026-05-13 08:26:42 | INF | ACTION_TRACE | Acc=admin | Path=/ATT111001/GetByNo | IP=::1 | Start=2026-05-13 08:26:42.908 | Elapsed=53ms | Status=Completed
2026-05-13 08:26:48 | INF | CONTROLLER_EXEC | Acc= admin | IP=::1 | Path=ATT111001/GetByNo | Message=GET /ATT111001/GetByNo
2026-05-13 08:26:48 | INF | ACTION_TRACE | Acc=admin | Path=/ATT111001/GetByNo | IP=::1 | Start=2026-05-13 08:26:48.307 | Elapsed=11ms | Status=Completed
2026-05-13 08:26:55 | INF | CONTROLLER_EXEC | Acc= admin | IP=::1 | Path=ATT111001/GetByNo | Message=GET /ATT111001/GetByNo
2026-05-13 08:26:55 | INF | ACTION_TRACE | Acc=admin | Path=/ATT111001/GetByNo | IP=::1 | Start=2026-05-13 08:26:55.290 | Elapsed=7ms | Status=Completed
2026-05-13 08:27:38 | WRN | No store type was specified for the decimal property 'OveMoney' on entity type 'HROvertime'. This will cause values to be silently truncated if they do not fit in the default precision and scale. Explicitly specify the SQL server column type that can accommodate all the values in 'OnModelCreating' using 'HasColumnType', specify precision and scale using 'HasPrecision', or configure a value converter using 'HasConversion'.
2026-05-13 08:27:38 | WRN | No store type was specified for the decimal property 'Wag1D1Hour' on entity type 'HRWage'. This will cause values to be silently truncated if they do not fit in the default precision and scale. Explicitly specify the SQL server column type that can accommodate all the values in 'OnModelCreating' using 'HasColumnType', specify precision and scale using 'HasPrecision', or configure a value converter using 'HasConversion'.
2026-05-13 08:27:38 | WRN | No store type was specified for the decimal property 'Wag2D1Hour' on entity type 'HRWage'. This will cause values to be silently truncated if they do not fit in the default precision and scale. Explicitly specify the SQL server column type that can accommodate all the values in 'OnModelCreating' using 'HasColumnType', specify precision and scale using 'HasPrecision', or configure a value converter using 'HasConversion'.
2026-05-13 08:27:38 | WRN | No store type was specified for the decimal property 'Wag4D3Hour' on entity type 'HRWage'. This will cause values to be silently truncated if they do not fit in the default precision and scale. Explicitly specify the SQL server column type that can accommodate all the values in 'OnModelCreating' using 'HasColumnType', specify precision and scale using 'HasPrecision', or configure a value converter using 'HasConversion'.
2026-05-13 08:27:38 | WRN | No store type was specified for the decimal property 'Wag5D3Hour' on entity type 'HRWage'. This will cause values to be silently truncated if they do not fit in the default precision and scale. Explicitly specify the SQL server column type that can accommodate all the values in 'OnModelCreating' using 'HasColumnType', specify precision and scale using 'HasPrecision', or configure a value converter using 'HasConversion'.
2026-05-13 08:27:38 | WRN | No store type was specified for the decimal property 'Wag8D3Hour' on entity type 'HRWage'. This will cause values to be silently truncated if they do not fit in the default precision and scale. Explicitly specify the SQL server column type that can accommodate all the values in 'OnModelCreating' using 'HasColumnType', specify precision and scale using 'HasPrecision', or configure a value converter using 'HasConversion'.
2026-05-13 08:27:38 | WRN | No store type was specified for the decimal property 'WagApplyHour' on entity type 'HRWage'. This will cause values to be silently truncated if they do not fit in the default precision and scale. Explicitly specify the SQL server column type that can accommodate all the values in 'OnModelCreating' using 'HasColumnType', specify precision and scale using 'HasPrecision', or configure a value converter using 'HasConversion'.
2026-05-13 08:27:38 | WRN | No store type was specified for the decimal property 'WagIssueHour' on entity type 'HRWage'. This will cause values to be silently truncated if they do not fit in the default precision and scale. Explicitly specify the SQL server column type that can accommodate all the values in 'OnModelCreating' using 'HasColumnType', specify precision and scale using 'HasPrecision', or configure a value converter using 'HasConversion'.
2026-05-13 08:27:38 | WRN | No store type was specified for the decimal property 'WagSubtotal' on entity type 'HRWage'. This will cause values to be silently truncated if they do not fit in the default precision and scale. Explicitly specify the SQL server column type that can accommodate all the values in 'OnModelCreating' using 'HasColumnType', specify precision and scale using 'HasPrecision', or configure a value converter using 'HasConversion'.
2026-05-13 08:27:44 | WRN | The query uses the 'First'/'FirstOrDefault' operator without 'OrderBy' and filter operators. This may lead to unpredictable results.
2026-05-13 08:27:45 | INF | ACTION_TRACE | Acc=admin | Path=/ | IP=::1 | Start=2026-05-13 08:27:37.891 | Elapsed=7383ms | Status=Completed
2026-05-13 08:27:45 | INF | NETWORK_UNSTABLE | Acc=admin | Path=/ | Reason=SlowRequest 7383ms
2026-05-13 08:27:45 | INF | ACTION_TRACE | Acc=admin | Path=/Captcha/Generate | IP=::1 | Start=2026-05-13 08:27:45.495 | Elapsed=37ms | Status=Completed
2026-05-13 08:27:45 | INF | ACTION_TRACE | Acc=admin | Path=/DNTCaptchaImage/Show | IP=::1 | Start=2026-05-13 08:27:45.571 | Elapsed=140ms | Status=Completed
2026-05-13 08:28:09 | INF | ACTION_TRACE | Acc=admin | Path=/Account/Login | IP=::1 | Start=2026-05-13 08:28:00.632 | Elapsed=8680ms | Status=Completed
2026-05-13 08:28:09 | INF | NETWORK_UNSTABLE | Acc=admin | Path=/Account/Login | Reason=SlowRequest 8680ms
2026-05-13 08:28:09 | INF | ACTION_TRACE | Acc=admin | Path=/Home/Index | IP=::1 | Start=2026-05-13 08:28:09.326 | Elapsed=295ms | Status=Completed
2026-05-13 08:28:11 | INF | ACTION_TRACE | Acc=admin | Path=/Home/GetMenu | IP=::1 | Start=2026-05-13 08:28:11.658 | Elapsed=36ms | Status=Completed
2026-05-13 08:28:14 | INF | CONTROLLER_EXEC | Acc= admin | IP=::1 | Path=ATT111001/ATT111001 | Message=GET /ATT111001/ATT111001
2026-05-13 08:28:14 | INF | ACTION_TRACE | Acc=admin | Path=/ATT111001/ATT111001 | IP=::1 | Start=2026-05-13 08:28:14.590 | Elapsed=104ms | Status=Completed
2026-05-13 08:28:15 | INF | CONTROLLER_EXEC | Acc= admin | IP=::1 | Path=ATT111001/GetList | Message=POST /ATT111001/GetList
2026-05-13 08:28:15 | INF | ACTION_TRACE | Acc=admin | Path=/ATT111001/GetList | IP=::1 | Start=2026-05-13 08:28:14.990 | Elapsed=202ms | Status=Completed
2026-05-13 08:28:15 | INF | CONTROLLER_EXEC | Acc= admin | IP=::1 | Path=ATT111001/GetList | Message=POST /ATT111001/GetList
2026-05-13 08:28:15 | INF | ACTION_TRACE | Acc=admin | Path=/ATT111001/GetList | IP=::1 | Start=2026-05-13 08:28:15.421 | Elapsed=13ms | Status=Completed
2026-05-13 08:28:18 | WRN | The query uses the 'First'/'FirstOrDefault' operator without 'OrderBy' and filter operators. This may lead to unpredictable results.
2026-05-13 08:28:18 | INF | CONTROLLER_EXEC | Acc= admin | IP=::1 | Path=ATT111001/GetByNo | Message=GET /ATT111001/GetByNo
2026-05-13 08:28:18 | INF | ACTION_TRACE | Acc=admin | Path=/ATT111001/GetByNo | IP=::1 | Start=2026-05-13 08:28:18.631 | Elapsed=149ms | Status=Completed
2026-05-13 08:28:21 | INF | CONTROLLER_EXEC | Acc= admin | IP=::1 | Path=ATT111001/GetByNo | Message=GET /ATT111001/GetByNo
2026-05-13 08:28:21 | INF | ACTION_TRACE | Acc=admin | Path=/ATT111001/GetByNo | IP=::1 | Start=2026-05-13 08:28:21.587 | Elapsed=6ms | Status=Completed
2026-05-13 08:28:23 | INF | CONTROLLER_EXEC | Acc= admin | IP=::1 | Path=ATT111001/GetByNo | Message=GET /ATT111001/GetByNo
2026-05-13 08:28:23 | INF | ACTION_TRACE | Acc=admin | Path=/ATT111001/GetByNo | IP=::1 | Start=2026-05-13 08:28:23.495 | Elapsed=11ms | Status=Completed
2026-05-13 08:28:50 | INF | ACTION_TRACE | Acc=admin | Path=/Home/Index | IP=::1 | Start=2026-05-13 08:28:50.468 | Elapsed=28ms | Status=Completed
2026-05-13 08:28:52 | INF | ACTION_TRACE | Acc=admin | Path=/Home/GetMenu | IP=::1 | Start=2026-05-13 08:28:52.111 | Elapsed=9ms | Status=Completed
2026-05-13 08:28:53 | INF | CONTROLLER_EXEC | Acc= admin | IP=::1 | Path=ATT111001/ATT111001 | Message=GET /ATT111001/ATT111001
2026-05-13 08:28:53 | INF | ACTION_TRACE | Acc=admin | Path=/ATT111001/ATT111001 | IP=::1 | Start=2026-05-13 08:28:53.260 | Elapsed=3ms | Status=Completed
2026-05-13 08:28:53 | INF | CONTROLLER_EXEC | Acc= admin | IP=::1 | Path=ATT111001/GetList | Message=POST /ATT111001/GetList
2026-05-13 08:28:53 | INF | ACTION_TRACE | Acc=admin | Path=/ATT111001/GetList | IP=::1 | Start=2026-05-13 08:28:53.334 | Elapsed=7ms | Status=Completed
2026-05-13 08:28:53 | INF | CONTROLLER_EXEC | Acc= admin | IP=::1 | Path=ATT111001/GetList | Message=POST /ATT111001/GetList
2026-05-13 08:28:53 | INF | ACTION_TRACE | Acc=admin | Path=/ATT111001/GetList | IP=::1 | Start=2026-05-13 08:28:53.386 | Elapsed=6ms | Status=Completed
2026-05-13 08:28:54 | INF | CONTROLLER_EXEC | Acc= admin | IP=::1 | Path=ATT111001/GetByNo | Message=GET /ATT111001/GetByNo
2026-05-13 08:28:54 | INF | ACTION_TRACE | Acc=admin | Path=/ATT111001/GetByNo | IP=::1 | Start=2026-05-13 08:28:54.863 | Elapsed=3ms | Status=Completed
2026-05-13 08:28:56 | INF | CONTROLLER_EXEC | Acc= admin | IP=::1 | Path=ATT111001/GetByNo | Message=GET /ATT111001/GetByNo
2026-05-13 08:28:56 | INF | ACTION_TRACE | Acc=admin | Path=/ATT111001/GetByNo | IP=::1 | Start=2026-05-13 08:28:56.872 | Elapsed=2ms | Status=Completed
2026-05-13 08:28:58 | INF | CONTROLLER_EXEC | Acc= admin | IP=::1 | Path=ATT111001/GetByNo | Message=GET /ATT111001/GetByNo
2026-05-13 08:28:58 | INF | ACTION_TRACE | Acc=admin | Path=/ATT111001/GetByNo | IP=::1 | Start=2026-05-13 08:28:58.253 | Elapsed=2ms | Status=Completed
2026-05-13 08:29:07 | INF | CONTROLLER_EXEC | Acc= admin | IP=::1 | Path=ATT111001/GetList | Message=POST /ATT111001/GetList
2026-05-13 08:29:07 | INF | ACTION_TRACE | Acc=admin | Path=/ATT111001/GetList | IP=::1 | Start=2026-05-13 08:29:07.587 | Elapsed=24ms | Status=Completed
2026-05-13 08:29:08 | INF | ACTION_TRACE | Acc=admin | Path=/Home/Index | IP=::1 | Start=2026-05-13 08:29:08.253 | Elapsed=17ms | Status=Completed
2026-05-13 08:29:10 | INF | ACTION_TRACE | Acc=admin | Path=/Home/GetMenu | IP=::1 | Start=2026-05-13 08:29:10.357 | Elapsed=7ms | Status=Completed
2026-05-13 08:29:11 | INF | CONTROLLER_EXEC | Acc= admin | IP=::1 | Path=ATT111001/ATT111001 | Message=GET /ATT111001/ATT111001
2026-05-13 08:29:11 | INF | ACTION_TRACE | Acc=admin | Path=/ATT111001/ATT111001 | IP=::1 | Start=2026-05-13 08:29:11.790 | Elapsed=6ms | Status=Completed
2026-05-13 08:29:11 | INF | CONTROLLER_EXEC | Acc= admin | IP=::1 | Path=ATT111001/GetList | Message=POST /ATT111001/GetList
2026-05-13 08:29:11 | INF | ACTION_TRACE | Acc=admin | Path=/ATT111001/GetList | IP=::1 | Start=2026-05-13 08:29:11.828 | Elapsed=5ms | Status=Completed
2026-05-13 08:29:11 | INF | CONTROLLER_EXEC | Acc= admin | IP=::1 | Path=ATT111001/GetList | Message=POST /ATT111001/GetList
2026-05-13 08:29:11 | INF | ACTION_TRACE | Acc=admin | Path=/ATT111001/GetList | IP=::1 | Start=2026-05-13 08:29:11.876 | Elapsed=4ms | Status=Completed
2026-05-13 08:29:13 | INF | CONTROLLER_EXEC | Acc= admin | IP=::1 | Path=ATT111001/GetByNo | Message=GET /ATT111001/GetByNo
2026-05-13 08:29:13 | INF | ACTION_TRACE | Acc=admin | Path=/ATT111001/GetByNo | IP=::1 | Start=2026-05-13 08:29:13.085 | Elapsed=4ms | Status=Completed
2026-05-13 08:29:14 | INF | CONTROLLER_EXEC | Acc= admin | IP=::1 | Path=ATT111001/GetByNo | Message=GET /ATT111001/GetByNo
2026-05-13 08:29:14 | INF | ACTION_TRACE | Acc=admin | Path=/ATT111001/GetByNo | IP=::1 | Start=2026-05-13 08:29:14.806 | Elapsed=2ms | Status=Completed
2026-05-13 08:29:23 | INF | CONTROLLER_EXEC | Acc= admin | IP=::1 | Path=ATT111001/ATT111001 | Message=GET /ATT111001/ATT111001
2026-05-13 08:29:23 | INF | ACTION_TRACE | Acc=admin | Path=/ATT111001/ATT111001 | IP=::1 | Start=2026-05-13 08:29:23.006 | Elapsed=2ms | Status=Completed
2026-05-13 08:29:23 | INF | CONTROLLER_EXEC | Acc= admin | IP=::1 | Path=ATT111001/GetList | Message=POST /ATT111001/GetList
2026-05-13 08:29:23 | INF | ACTION_TRACE | Acc=admin | Path=/ATT111001/GetList | IP=::1 | Start=2026-05-13 08:29:23.041 | Elapsed=6ms | Status=Completed
2026-05-13 08:29:23 | INF | CONTROLLER_EXEC | Acc= admin | IP=::1 | Path=ATT111001/GetList | Message=POST /ATT111001/GetList
2026-05-13 08:29:23 | INF | ACTION_TRACE | Acc=admin | Path=/ATT111001/GetList | IP=::1 | Start=2026-05-13 08:29:23.096 | Elapsed=6ms | Status=Completed
2026-05-13 08:29:24 | INF | ACTION_TRACE | Acc=admin | Path=/Home/Index | IP=::1 | Start=2026-05-13 08:29:24.188 | Elapsed=194ms | Status=Completed
2026-05-13 08:29:25 | INF | ACTION_TRACE | Acc=admin | Path=/Home/GetMenu | IP=::1 | Start=2026-05-13 08:29:25.219 | Elapsed=63ms | Status=Completed
2026-05-13 08:29:27 | INF | CONTROLLER_EXEC | Acc= admin | IP=::1 | Path=ATT111001/ATT111001 | Message=GET /ATT111001/ATT111001
2026-05-13 08:29:27 | INF | ACTION_TRACE | Acc=admin | Path=/ATT111001/ATT111001 | IP=::1 | Start=2026-05-13 08:29:27.419 | Elapsed=3ms | Status=Completed
2026-05-13 08:29:27 | INF | CONTROLLER_EXEC | Acc= admin | IP=::1 | Path=ATT111001/GetList | Message=POST /ATT111001/GetList
2026-05-13 08:29:27 | INF | ACTION_TRACE | Acc=admin | Path=/ATT111001/GetList | IP=::1 | Start=2026-05-13 08:29:27.456 | Elapsed=6ms | Status=Completed
2026-05-13 08:29:27 | INF | CONTROLLER_EXEC | Acc= admin | IP=::1 | Path=ATT111001/GetList | Message=POST /ATT111001/GetList
2026-05-13 08:29:27 | INF | ACTION_TRACE | Acc=admin | Path=/ATT111001/GetList | IP=::1 | Start=2026-05-13 08:29:27.506 | Elapsed=5ms | Status=Completed
2026-05-13 08:29:28 | INF | CONTROLLER_EXEC | Acc= admin | IP=::1 | Path=ATT111001/GetByNo | Message=GET /ATT111001/GetByNo
2026-05-13 08:29:28 | INF | ACTION_TRACE | Acc=admin | Path=/ATT111001/GetByNo | IP=::1 | Start=2026-05-13 08:29:28.758 | Elapsed=2ms | Status=Completed
2026-05-13 08:29:31 | INF | CONTROLLER_EXEC | Acc= admin | IP=::1 | Path=ATT111001/GetByNo | Message=GET /ATT111001/GetByNo
2026-05-13 08:29:31 | INF | ACTION_TRACE | Acc=admin | Path=/ATT111001/GetByNo | IP=::1 | Start=2026-05-13 08:29:31.230 | Elapsed=2ms | Status=Completed
2026-05-13 08:29:40 | INF | ACTION_TRACE | Acc=admin | Path=/Home/Index | IP=::1 | Start=2026-05-13 08:29:40.590 | Elapsed=14ms | Status=Completed
2026-05-13 08:29:41 | INF | ACTION_TRACE | Acc=admin | Path=/Home/GetMenu | IP=::1 | Start=2026-05-13 08:29:41.665 | Elapsed=12ms | Status=Completed
2026-05-13 08:29:42 | INF | CONTROLLER_EXEC | Acc= admin | IP=::1 | Path=ATT111001/ATT111001 | Message=GET /ATT111001/ATT111001
2026-05-13 08:29:42 | INF | ACTION_TRACE | Acc=admin | Path=/ATT111001/ATT111001 | IP=::1 | Start=2026-05-13 08:29:42.951 | Elapsed=5ms | Status=Completed
2026-05-13 08:29:42 | INF | CONTROLLER_EXEC | Acc= admin | IP=::1 | Path=ATT111001/GetList | Message=POST /ATT111001/GetList
2026-05-13 08:29:42 | INF | ACTION_TRACE | Acc=admin | Path=/ATT111001/GetList | IP=::1 | Start=2026-05-13 08:29:42.990 | Elapsed=6ms | Status=Completed
2026-05-13 08:29:43 | INF | CONTROLLER_EXEC | Acc= admin | IP=::1 | Path=ATT111001/GetList | Message=POST /ATT111001/GetList
2026-05-13 08:29:43 | INF | ACTION_TRACE | Acc=admin | Path=/ATT111001/GetList | IP=::1 | Start=2026-05-13 08:29:43.038 | Elapsed=17ms | Status=Completed
2026-05-13 08:29:44 | INF | CONTROLLER_EXEC | Acc= admin | IP=::1 | Path=ATT111001/GetByNo | Message=GET /ATT111001/GetByNo
2026-05-13 08:29:44 | INF | ACTION_TRACE | Acc=admin | Path=/ATT111001/GetByNo | IP=::1 | Start=2026-05-13 08:29:44.075 | Elapsed=2ms | Status=Completed
2026-05-13 08:29:45 | INF | CONTROLLER_EXEC | Acc= admin | IP=::1 | Path=ATT111001/GetByNo | Message=GET /ATT111001/GetByNo
2026-05-13 08:29:45 | INF | ACTION_TRACE | Acc=admin | Path=/ATT111001/GetByNo | IP=::1 | Start=2026-05-13 08:29:45.643 | Elapsed=2ms | Status=Completed
2026-05-13 08:29:47 | INF | CONTROLLER_EXEC | Acc= admin | IP=::1 | Path=ATT111001/GetByNo | Message=GET /ATT111001/GetByNo
2026-05-13 08:29:47 | INF | ACTION_TRACE | Acc=admin | Path=/ATT111001/GetByNo | IP=::1 | Start=2026-05-13 08:29:47.112 | Elapsed=5ms | Status=Completed
2026-05-13 08:30:25 | INF | CONTROLLER_EXEC | Acc= admin | IP=::1 | Path=ATT111001/GetByNo | Message=GET /ATT111001/GetByNo
2026-05-13 08:30:25 | INF | ACTION_TRACE | Acc=admin | Path=/ATT111001/GetByNo | IP=::1 | Start=2026-05-13 08:30:25.070 | Elapsed=4ms | Status=Completed
2026-05-13 08:30:27 | INF | CONTROLLER_EXEC | Acc= admin | IP=::1 | Path=ATT111001/GetByNo | Message=GET /ATT111001/GetByNo
2026-05-13 08:30:27 | INF | ACTION_TRACE | Acc=admin | Path=/ATT111001/GetByNo | IP=::1 | Start=2026-05-13 08:30:27.537 | Elapsed=3ms | Status=Completed
2026-05-13 08:30:30 | INF | CONTROLLER_EXEC | Acc= admin | IP=::1 | Path=ATT111001/GetByNo | Message=GET /ATT111001/GetByNo
2026-05-13 08:30:30 | INF | ACTION_TRACE | Acc=admin | Path=/ATT111001/GetByNo | IP=::1 | Start=2026-05-13 08:30:30.212 | Elapsed=100ms | Status=Completed
2026-05-13 08:30:35 | INF | CONTROLLER_EXEC | Acc= admin | IP=::1 | Path=ATT111001/GetByNo | Message=GET /ATT111001/GetByNo
2026-05-13 08:30:35 | INF | ACTION_TRACE | Acc=admin | Path=/ATT111001/GetByNo | IP=::1 | Start=2026-05-13 08:30:35.722 | Elapsed=2ms | Status=Completed
2026-05-13 08:30:37 | INF | CONTROLLER_EXEC | Acc= admin | IP=::1 | Path=ATT111001/GetByNo | Message=GET /ATT111001/GetByNo
2026-05-13 08:30:37 | INF | ACTION_TRACE | Acc=admin | Path=/ATT111001/GetByNo | IP=::1 | Start=2026-05-13 08:30:37.672 | Elapsed=2ms | Status=Completed
2026-05-13 08:30:39 | INF | CONTROLLER_EXEC | Acc= admin | IP=::1 | Path=ATT111001/GetList | Message=POST /ATT111001/GetList
2026-05-13 08:30:39 | INF | ACTION_TRACE | Acc=admin | Path=/ATT111001/GetList | IP=::1 | Start=2026-05-13 08:30:39.375 | Elapsed=79ms | Status=Completed
2026-05-13 08:30:41 | INF | CONTROLLER_EXEC | Acc= admin | IP=::1 | Path=ATT111001/GetByNo | Message=GET /ATT111001/GetByNo
2026-05-13 08:30:41 | INF | ACTION_TRACE | Acc=admin | Path=/ATT111001/GetByNo | IP=::1 | Start=2026-05-13 08:30:41.393 | Elapsed=3ms | Status=Completed
2026-05-13 08:31:21 | WRN | No store type was specified for the decimal property 'OveMoney' on entity type 'HROvertime'. This will cause values to be silently truncated if they do not fit in the default precision and scale. Explicitly specify the SQL server column type that can accommodate all the values in 'OnModelCreating' using 'HasColumnType', specify precision and scale using 'HasPrecision', or configure a value converter using 'HasConversion'.
2026-05-13 08:31:21 | WRN | No store type was specified for the decimal property 'Wag1D1Hour' on entity type 'HRWage'. This will cause values to be silently truncated if they do not fit in the default precision and scale. Explicitly specify the SQL server column type that can accommodate all the values in 'OnModelCreating' using 'HasColumnType', specify precision and scale using 'HasPrecision', or configure a value converter using 'HasConversion'.
2026-05-13 08:31:21 | WRN | No store type was specified for the decimal property 'Wag2D1Hour' on entity type 'HRWage'. This will cause values to be silently truncated if they do not fit in the default precision and scale. Explicitly specify the SQL server column type that can accommodate all the values in 'OnModelCreating' using 'HasColumnType', specify precision and scale using 'HasPrecision', or configure a value converter using 'HasConversion'.
2026-05-13 08:31:21 | WRN | No store type was specified for the decimal property 'Wag4D3Hour' on entity type 'HRWage'. This will cause values to be silently truncated if they do not fit in the default precision and scale. Explicitly specify the SQL server column type that can accommodate all the values in 'OnModelCreating' using 'HasColumnType', specify precision and scale using 'HasPrecision', or configure a value converter using 'HasConversion'.
2026-05-13 08:31:21 | WRN | No store type was specified for the decimal property 'Wag5D3Hour' on entity type 'HRWage'. This will cause values to be silently truncated if they do not fit in the default precision and scale. Explicitly specify the SQL server column type that can accommodate all the values in 'OnModelCreating' using 'HasColumnType', specify precision and scale using 'HasPrecision', or configure a value converter using 'HasConversion'.
2026-05-13 08:31:21 | WRN | No store type was specified for the decimal property 'Wag8D3Hour' on entity type 'HRWage'. This will cause values to be silently truncated if they do not fit in the default precision and scale. Explicitly specify the SQL server column type that can accommodate all the values in 'OnModelCreating' using 'HasColumnType', specify precision and scale using 'HasPrecision', or configure a value converter using 'HasConversion'.
2026-05-13 08:31:21 | WRN | No store type was specified for the decimal property 'WagApplyHour' on entity type 'HRWage'. This will cause values to be silently truncated if they do not fit in the default precision and scale. Explicitly specify the SQL server column type that can accommodate all the values in 'OnModelCreating' using 'HasColumnType', specify precision and scale using 'HasPrecision', or configure a value converter using 'HasConversion'.
2026-05-13 08:31:21 | WRN | No store type was specified for the decimal property 'WagIssueHour' on entity type 'HRWage'. This will cause values to be silently truncated if they do not fit in the default precision and scale. Explicitly specify the SQL server column type that can accommodate all the values in 'OnModelCreating' using 'HasColumnType', specify precision and scale using 'HasPrecision', or configure a value converter using 'HasConversion'.
2026-05-13 08:31:21 | WRN | No store type was specified for the decimal property 'WagSubtotal' on entity type 'HRWage'. This will cause values to be silently truncated if they do not fit in the default precision and scale. Explicitly specify the SQL server column type that can accommodate all the values in 'OnModelCreating' using 'HasColumnType', specify precision and scale using 'HasPrecision', or configure a value converter using 'HasConversion'.
2026-05-13 08:31:26 | WRN | The query uses the 'First'/'FirstOrDefault' operator without 'OrderBy' and filter operators. This may lead to unpredictable results.
2026-05-13 08:32:26 | WRN | No store type was specified for the decimal property 'OveMoney' on entity type 'HROvertime'. This will cause values to be silently truncated if they do not fit in the default precision and scale. Explicitly specify the SQL server column type that can accommodate all the values in 'OnModelCreating' using 'HasColumnType', specify precision and scale using 'HasPrecision', or configure a value converter using 'HasConversion'.
2026-05-13 08:32:26 | WRN | No store type was specified for the decimal property 'Wag1D1Hour' on entity type 'HRWage'. This will cause values to be silently truncated if they do not fit in the default precision and scale. Explicitly specify the SQL server column type that can accommodate all the values in 'OnModelCreating' using 'HasColumnType', specify precision and scale using 'HasPrecision', or configure a value converter using 'HasConversion'.
2026-05-13 08:32:26 | WRN | No store type was specified for the decimal property 'Wag2D1Hour' on entity type 'HRWage'. This will cause values to be silently truncated if they do not fit in the default precision and scale. Explicitly specify the SQL server column type that can accommodate all the values in 'OnModelCreating' using 'HasColumnType', specify precision and scale using 'HasPrecision', or configure a value converter using 'HasConversion'.
2026-05-13 08:32:26 | WRN | No store type was specified for the decimal property 'Wag4D3Hour' on entity type 'HRWage'. This will cause values to be silently truncated if they do not fit in the default precision and scale. Explicitly specify the SQL server column type that can accommodate all the values in 'OnModelCreating' using 'HasColumnType', specify precision and scale using 'HasPrecision', or configure a value converter using 'HasConversion'.
2026-05-13 08:32:26 | WRN | No store type was specified for the decimal property 'Wag5D3Hour' on entity type 'HRWage'. This will cause values to be silently truncated if they do not fit in the default precision and scale. Explicitly specify the SQL server column type that can accommodate all the values in 'OnModelCreating' using 'HasColumnType', specify precision and scale using 'HasPrecision', or configure a value converter using 'HasConversion'.
2026-05-13 08:32:26 | WRN | No store type was specified for the decimal property 'Wag8D3Hour' on entity type 'HRWage'. This will cause values to be silently truncated if they do not fit in the default precision and scale. Explicitly specify the SQL server column type that can accommodate all the values in 'OnModelCreating' using 'HasColumnType', specify precision and scale using 'HasPrecision', or configure a value converter using 'HasConversion'.
2026-05-13 08:32:26 | WRN | No store type was specified for the decimal property 'WagApplyHour' on entity type 'HRWage'. This will cause values to be silently truncated if they do not fit in the default precision and scale. Explicitly specify the SQL server column type that can accommodate all the values in 'OnModelCreating' using 'HasColumnType', specify precision and scale using 'HasPrecision', or configure a value converter using 'HasConversion'.
2026-05-13 08:32:26 | WRN | No store type was specified for the decimal property 'WagIssueHour' on entity type 'HRWage'. This will cause values to be silently truncated if they do not fit in the default precision and scale. Explicitly specify the SQL server column type that can accommodate all the values in 'OnModelCreating' using 'HasColumnType', specify precision and scale using 'HasPrecision', or configure a value converter using 'HasConversion'.
2026-05-13 08:32:26 | WRN | No store type was specified for the decimal property 'WagSubtotal' on entity type 'HRWage'. This will cause values to be silently truncated if they do not fit in the default precision and scale. Explicitly specify the SQL server column type that can accommodate all the values in 'OnModelCreating' using 'HasColumnType', specify precision and scale using 'HasPrecision', or configure a value converter using 'HasConversion'.
2026-05-13 08:32:31 | WRN | The query uses the 'First'/'FirstOrDefault' operator without 'OrderBy' and filter operators. This may lead to unpredictable results.
2026-05-13 08:32:32 | INF | ACTION_TRACE | Acc=admin | Path=/ | IP=::1 | Start=2026-05-13 08:32:25.859 | Elapsed=6939ms | Status=Completed
2026-05-13 08:32:32 | INF | NETWORK_UNSTABLE | Acc=admin | Path=/ | Reason=SlowRequest 6939ms
2026-05-13 08:32:33 | INF | ACTION_TRACE | Acc=admin | Path=/Captcha/Generate | IP=::1 | Start=2026-05-13 08:32:33.041 | Elapsed=35ms | Status=Completed
2026-05-13 08:32:33 | INF | ACTION_TRACE | Acc=admin | Path=/DNTCaptchaImage/Show | IP=::1 | Start=2026-05-13 08:32:33.086 | Elapsed=140ms | Status=Completed
2026-05-13 08:40:11 | WRN | No store type was specified for the decimal property 'OveMoney' on entity type 'HROvertime'. This will cause values to be silently truncated if they do not fit in the default precision and scale. Explicitly specify the SQL server column type that can accommodate all the values in 'OnModelCreating' using 'HasColumnType', specify precision and scale using 'HasPrecision', or configure a value converter using 'HasConversion'.
2026-05-13 08:40:11 | WRN | No store type was specified for the decimal property 'Wag1D1Hour' on entity type 'HRWage'. This will cause values to be silently truncated if they do not fit in the default precision and scale. Explicitly specify the SQL server column type that can accommodate all the values in 'OnModelCreating' using 'HasColumnType', specify precision and scale using 'HasPrecision', or configure a value converter using 'HasConversion'.
2026-05-13 08:40:11 | WRN | No store type was specified for the decimal property 'Wag2D1Hour' on entity type 'HRWage'. This will cause values to be silently truncated if they do not fit in the default precision and scale. Explicitly specify the SQL server column type that can accommodate all the values in 'OnModelCreating' using 'HasColumnType', specify precision and scale using 'HasPrecision', or configure a value converter using 'HasConversion'.
2026-05-13 08:40:11 | WRN | No store type was specified for the decimal property 'Wag4D3Hour' on entity type 'HRWage'. This will cause values to be silently truncated if they do not fit in the default precision and scale. Explicitly specify the SQL server column type that can accommodate all the values in 'OnModelCreating' using 'HasColumnType', specify precision and scale using 'HasPrecision', or configure a value converter using 'HasConversion'.
2026-05-13 08:40:11 | WRN | No store type was specified for the decimal property 'Wag5D3Hour' on entity type 'HRWage'. This will cause values to be silently truncated if they do not fit in the default precision and scale. Explicitly specify the SQL server column type that can accommodate all the values in 'OnModelCreating' using 'HasColumnType', specify precision and scale using 'HasPrecision', or configure a value converter using 'HasConversion'.
2026-05-13 08:40:11 | WRN | No store type was specified for the decimal property 'Wag8D3Hour' on entity type 'HRWage'. This will cause values to be silently truncated if they do not fit in the default precision and scale. Explicitly specify the SQL server column type that can accommodate all the values in 'OnModelCreating' using 'HasColumnType', specify precision and scale using 'HasPrecision', or configure a value converter using 'HasConversion'.
2026-05-13 08:40:11 | WRN | No store type was specified for the decimal property 'WagApplyHour' on entity type 'HRWage'. This will cause values to be silently truncated if they do not fit in the default precision and scale. Explicitly specify the SQL server column type that can accommodate all the values in 'OnModelCreating' using 'HasColumnType', specify precision and scale using 'HasPrecision', or configure a value converter using 'HasConversion'.
2026-05-13 08:40:11 | WRN | No store type was specified for the decimal property 'WagIssueHour' on entity type 'HRWage'. This will cause values to be silently truncated if they do not fit in the default precision and scale. Explicitly specify the SQL server column type that can accommodate all the values in 'OnModelCreating' using 'HasColumnType', specify precision and scale using 'HasPrecision', or configure a value converter using 'HasConversion'.
2026-05-13 08:40:11 | WRN | No store type was specified for the decimal property 'WagSubtotal' on entity type 'HRWage'. This will cause values to be silently truncated if they do not fit in the default precision and scale. Explicitly specify the SQL server column type that can accommodate all the values in 'OnModelCreating' using 'HasColumnType', specify precision and scale using 'HasPrecision', or configure a value converter using 'HasConversion'.
2026-05-13 08:40:16 | WRN | The query uses the 'First'/'FirstOrDefault' operator without 'OrderBy' and filter operators. This may lead to unpredictable results.
2026-05-13 08:40:17 | INF | ACTION_TRACE | Acc=admin | Path=/ | IP=::1 | Start=2026-05-13 08:40:10.359 | Elapsed=7247ms | Status=Completed
2026-05-13 08:40:17 | INF | NETWORK_UNSTABLE | Acc=admin | Path=/ | Reason=SlowRequest 7247ms
2026-05-13 08:40:17 | INF | ACTION_TRACE | Acc=admin | Path=/Captcha/Generate | IP=::1 | Start=2026-05-13 08:40:17.819 | Elapsed=43ms | Status=Completed
2026-05-13 08:40:18 | INF | ACTION_TRACE | Acc=admin | Path=/DNTCaptchaImage/Show | IP=::1 | Start=2026-05-13 08:40:17.891 | Elapsed=123ms | Status=Completed
2026-05-13 08:40:33 | INF | ACTION_TRACE | Acc=admin | Path=/Account/Login | IP=::1 | Start=2026-05-13 08:40:26.699 | Elapsed=7292ms | Status=Completed
2026-05-13 08:40:33 | INF | NETWORK_UNSTABLE | Acc=admin | Path=/Account/Login | Reason=SlowRequest 7292ms
2026-05-13 08:40:34 | INF | ACTION_TRACE | Acc=admin | Path=/Home/Index | IP=::1 | Start=2026-05-13 08:40:34.006 | Elapsed=254ms | Status=Completed
2026-05-13 08:40:41 | INF | ACTION_TRACE | Acc=admin | Path=/Home/GetMenu | IP=::1 | Start=2026-05-13 08:40:41.127 | Elapsed=44ms | Status=Completed
2026-05-13 08:40:43 | INF | CONTROLLER_EXEC | Acc= admin | IP=::1 | Path=ATT111001/ATT111001 | Message=GET /ATT111001/ATT111001
2026-05-13 08:40:43 | INF | ACTION_TRACE | Acc=admin | Path=/ATT111001/ATT111001 | IP=::1 | Start=2026-05-13 08:40:43.411 | Elapsed=93ms | Status=Completed
2026-05-13 08:40:43 | ERR | An exception occurred while iterating over the results of a query for context type 'EHRIS.Core.DbContext.ApplicationDbContext'.
System.Data.SqlTypes.SqlNullValueException: Data is Null. This method or property cannot be called on Null values.
   at Microsoft.Data.SqlClient.SqlDataReader.GetString(Int32 i)
   at lambda_method686(Closure, DbDataReader, Int32[])
   at Microsoft.EntityFrameworkCore.Query.Internal.BufferedDataReader.BufferedDataRecord.ReadObject(DbDataReader reader, Int32 ordinal, ReaderColumn column)
   at Microsoft.EntityFrameworkCore.Query.Internal.BufferedDataReader.BufferedDataRecord.ReadRow()
   at Microsoft.EntityFrameworkCore.Query.Internal.BufferedDataReader.BufferedDataRecord.InitializeAsync(DbDataReader reader, IReadOnlyList`1 columns, CancellationToken cancellationToken)
   at Microsoft.EntityFrameworkCore.Query.Internal.BufferedDataReader.InitializeAsync(IReadOnlyList`1 columns, CancellationToken cancellationToken)
   at Microsoft.EntityFrameworkCore.Query.Internal.BufferedDataReader.InitializeAsync(IReadOnlyList`1 columns, CancellationToken cancellationToken)
   at Microsoft.EntityFrameworkCore.Storage.RelationalCommand.ExecuteReaderAsync(RelationalCommandParameterObject parameterObject, CancellationToken cancellationToken)
   at Microsoft.EntityFrameworkCore.Storage.RelationalCommand.ExecuteReaderAsync(RelationalCommandParameterObject parameterObject, CancellationToken cancellationToken)
   at Microsoft.EntityFrameworkCore.Query.Internal.FromSqlQueryingEnumerable`1.AsyncEnumerator.InitializeReaderAsync(AsyncEnumerator enumerator, CancellationToken cancellationToken)
   at Microsoft.EntityFrameworkCore.Storage.ExecutionStrategy.<>c__DisplayClass30_0`2.<<ExecuteAsync>b__0>d.MoveNext()
--- End of stack trace from previous location ---
   at Microsoft.EntityFrameworkCore.Storage.ExecutionStrategy.ExecuteImplementationAsync[TState,TResult](Func`4 operation, Func`4 verifySucceeded, TState state, CancellationToken cancellationToken)
   at Microsoft.EntityFrameworkCore.Storage.ExecutionStrategy.ExecuteImplementationAsync[TState,TResult](Func`4 operation, Func`4 verifySucceeded, TState state, CancellationToken cancellationToken)
   at Microsoft.EntityFrameworkCore.Storage.ExecutionStrategy.ExecuteAsync[TState,TResult](TState state, Func`4 operation, Func`4 verifySucceeded, CancellationToken cancellationToken)
   at Microsoft.EntityFrameworkCore.Query.Internal.FromSqlQueryingEnumerable`1.AsyncEnumerator.MoveNextAsync()
2026-05-13 08:41:26 | INF | CONTROLLER_EXEC | Acc= admin | IP=::1 | Path=ATT111001/GetList | Message=POST /ATT111001/GetList
2026-05-13 08:41:26 | ERR | REQUEST_EXCEPTION | Path=/ATT111001/GetList | Method=POST
2026-05-13 08:41:26 | INF | NETWORK_UNSTABLE | Acc=admin | Path=/ATT111001/GetList | Reason=SlowRequest 42586ms
2026-05-13 08:41:26 | INF | ACTION_TRACE | Acc=admin | Path=/Home/Index | IP=::1 | Start=2026-05-13 08:41:26.084 | Elapsed=618ms | Status=Completed
2026-05-13 08:41:28 | INF | ACTION_TRACE | Acc=admin | Path=/Home/GetMenu | IP=::1 | Start=2026-05-13 08:41:28.421 | Elapsed=8ms | Status=Completed
2026-05-13 08:41:29 | INF | CONTROLLER_EXEC | Acc= admin | IP=::1 | Path=ATT111001/ATT111001 | Message=GET /ATT111001/ATT111001
2026-05-13 08:41:29 | INF | ACTION_TRACE | Acc=admin | Path=/ATT111001/ATT111001 | IP=::1 | Start=2026-05-13 08:41:29.554 | Elapsed=6ms | Status=Completed
2026-05-13 08:41:29 | INF | CONTROLLER_EXEC | Acc= admin | IP=::1 | Path=ATT111001/GetList | Message=POST /ATT111001/GetList
2026-05-13 08:41:29 | INF | ACTION_TRACE | Acc=admin | Path=/ATT111001/GetList | IP=::1 | Start=2026-05-13 08:41:29.593 | Elapsed=20ms | Status=Completed
2026-05-13 08:41:29 | INF | CONTROLLER_EXEC | Acc= admin | IP=::1 | Path=ATT111001/GetList | Message=POST /ATT111001/GetList
2026-05-13 08:41:29 | INF | ACTION_TRACE | Acc=admin | Path=/ATT111001/GetList | IP=::1 | Start=2026-05-13 08:41:29.671 | Elapsed=5ms | Status=Completed
2026-05-13 08:41:31 | WRN | The query uses the 'First'/'FirstOrDefault' operator without 'OrderBy' and filter operators. This may lead to unpredictable results.
2026-05-13 08:41:31 | INF | CONTROLLER_EXEC | Acc= admin | IP=::1 | Path=ATT111001/GetByNo | Message=GET /ATT111001/GetByNo
2026-05-13 08:41:31 | INF | ACTION_TRACE | Acc=admin | Path=/ATT111001/GetByNo | IP=::1 | Start=2026-05-13 08:41:31.891 | Elapsed=46ms | Status=Completed
2026-05-13 08:41:39 | INF | ACTION_TRACE | Acc=admin | Path=/.well-known/appspecific/com.chrome.devtools.json | IP=::1 | Start=2026-05-13 08:41:39.029 | Elapsed=0ms | Status=Completed
2026-05-13 08:41:39 | INF | ACTION_TRACE | Acc=admin | Path=/lib/html-to-image/html-to-image.js.map | IP=::1 | Start=2026-05-13 08:41:39.122 | Elapsed=0ms | Status=Completed
2026-05-13 08:41:43 | WRN | The query uses the 'First'/'FirstOrDefault' operator without 'OrderBy' and filter operators. This may lead to unpredictable results.
2026-05-13 08:41:44 | INF | CONTROLLER_EXEC | Acc= admin | IP=::1 | Path=ATT111001/Update | Message=POST /ATT111001/Update
2026-05-13 08:41:44 | INF | ACTION_TRACE | Acc=admin | Path=/ATT111001/Update | IP=::1 | Start=2026-05-13 08:41:43.462 | Elapsed=554ms | Status=Completed
2026-05-13 08:41:47 | INF | CONTROLLER_EXEC | Acc= admin | IP=::1 | Path=ATT111001/GetList | Message=POST /ATT111001/GetList
2026-05-13 08:41:47 | INF | ACTION_TRACE | Acc=admin | Path=/ATT111001/GetList | IP=::1 | Start=2026-05-13 08:41:47.678 | Elapsed=6ms | Status=Completed
2026-05-13 09:00:46 | WRN | No store type was specified for the decimal property 'OveMoney' on entity type 'HROvertime'. This will cause values to be silently truncated if they do not fit in the default precision and scale. Explicitly specify the SQL server column type that can accommodate all the values in 'OnModelCreating' using 'HasColumnType', specify precision and scale using 'HasPrecision', or configure a value converter using 'HasConversion'.
2026-05-13 09:00:46 | WRN | No store type was specified for the decimal property 'Wag1D1Hour' on entity type 'HRWage'. This will cause values to be silently truncated if they do not fit in the default precision and scale. Explicitly specify the SQL server column type that can accommodate all the values in 'OnModelCreating' using 'HasColumnType', specify precision and scale using 'HasPrecision', or configure a value converter using 'HasConversion'.
2026-05-13 09:00:46 | WRN | No store type was specified for the decimal property 'Wag2D1Hour' on entity type 'HRWage'. This will cause values to be silently truncated if they do not fit in the default precision and scale. Explicitly specify the SQL server column type that can accommodate all the values in 'OnModelCreating' using 'HasColumnType', specify precision and scale using 'HasPrecision', or configure a value converter using 'HasConversion'.
2026-05-13 09:00:46 | WRN | No store type was specified for the decimal property 'Wag4D3Hour' on entity type 'HRWage'. This will cause values to be silently truncated if they do not fit in the default precision and scale. Explicitly specify the SQL server column type that can accommodate all the values in 'OnModelCreating' using 'HasColumnType', specify precision and scale using 'HasPrecision', or configure a value converter using 'HasConversion'.
2026-05-13 09:00:46 | WRN | No store type was specified for the decimal property 'Wag5D3Hour' on entity type 'HRWage'. This will cause values to be silently truncated if they do not fit in the default precision and scale. Explicitly specify the SQL server column type that can accommodate all the values in 'OnModelCreating' using 'HasColumnType', specify precision and scale using 'HasPrecision', or configure a value converter using 'HasConversion'.
2026-05-13 09:00:46 | WRN | No store type was specified for the decimal property 'Wag8D3Hour' on entity type 'HRWage'. This will cause values to be silently truncated if they do not fit in the default precision and scale. Explicitly specify the SQL server column type that can accommodate all the values in 'OnModelCreating' using 'HasColumnType', specify precision and scale using 'HasPrecision', or configure a value converter using 'HasConversion'.
2026-05-13 09:00:46 | WRN | No store type was specified for the decimal property 'WagApplyHour' on entity type 'HRWage'. This will cause values to be silently truncated if they do not fit in the default precision and scale. Explicitly specify the SQL server column type that can accommodate all the values in 'OnModelCreating' using 'HasColumnType', specify precision and scale using 'HasPrecision', or configure a value converter using 'HasConversion'.
2026-05-13 09:00:46 | WRN | No store type was specified for the decimal property 'WagIssueHour' on entity type 'HRWage'. This will cause values to be silently truncated if they do not fit in the default precision and scale. Explicitly specify the SQL server column type that can accommodate all the values in 'OnModelCreating' using 'HasColumnType', specify precision and scale using 'HasPrecision', or configure a value converter using 'HasConversion'.
2026-05-13 09:00:46 | WRN | No store type was specified for the decimal property 'WagSubtotal' on entity type 'HRWage'. This will cause values to be silently truncated if they do not fit in the default precision and scale. Explicitly specify the SQL server column type that can accommodate all the values in 'OnModelCreating' using 'HasColumnType', specify precision and scale using 'HasPrecision', or configure a value converter using 'HasConversion'.
2026-05-13 09:00:51 | WRN | The query uses the 'First'/'FirstOrDefault' operator without 'OrderBy' and filter operators. This may lead to unpredictable results.
2026-05-13 09:00:53 | INF | ACTION_TRACE | Acc=admin | Path=/ | IP=::1 | Start=2026-05-13 09:00:44.693 | Elapsed=8470ms | Status=Completed
2026-05-13 09:00:53 | INF | NETWORK_UNSTABLE | Acc=admin | Path=/ | Reason=SlowRequest 8470ms
2026-05-13 09:00:54 | INF | ACTION_TRACE | Acc=admin | Path=/Captcha/Generate | IP=::1 | Start=2026-05-13 09:00:54.258 | Elapsed=158ms | Status=Completed
2026-05-13 09:00:54 | INF | ACTION_TRACE | Acc=admin | Path=/DNTCaptchaImage/Show | IP=::1 | Start=2026-05-13 09:00:54.439 | Elapsed=313ms | Status=Completed
2026-05-13 09:01:35 | INF | ACTION_TRACE | Acc=admin | Path=/Account/Login | IP=::1 | Start=2026-05-13 09:01:25.840 | Elapsed=9240ms | Status=Completed
2026-05-13 09:01:35 | INF | NETWORK_UNSTABLE | Acc=admin | Path=/Account/Login | Reason=SlowRequest 9240ms
2026-05-13 09:01:35 | INF | ACTION_TRACE | Acc=admin | Path=/Home/Index | IP=::1 | Start=2026-05-13 09:01:35.103 | Elapsed=322ms | Status=Completed
2026-05-13 09:01:53 | INF | ACTION_TRACE | Acc=admin | Path=/Home/GetMenu | IP=::1 | Start=2026-05-13 09:01:52.988 | Elapsed=16ms | Status=Completed
2026-05-13 09:01:55 | INF | CONTROLLER_EXEC | Acc= admin | IP=::1 | Path=ATT111001/ATT111001 | Message=GET /ATT111001/ATT111001
2026-05-13 09:01:55 | INF | ACTION_TRACE | Acc=admin | Path=/ATT111001/ATT111001 | IP=::1 | Start=2026-05-13 09:01:55.101 | Elapsed=116ms | Status=Completed
2026-05-13 09:01:55 | INF | CONTROLLER_EXEC | Acc= admin | IP=::1 | Path=ATT111001/GetList | Message=POST /ATT111001/GetList
2026-05-13 09:01:55 | INF | ACTION_TRACE | Acc=admin | Path=/ATT111001/GetList | IP=::1 | Start=2026-05-13 09:01:55.368 | Elapsed=178ms | Status=Completed
2026-05-13 09:01:55 | INF | CONTROLLER_EXEC | Acc= admin | IP=::1 | Path=ATT111001/GetList | Message=POST /ATT111001/GetList
2026-05-13 09:01:55 | INF | ACTION_TRACE | Acc=admin | Path=/ATT111001/GetList | IP=::1 | Start=2026-05-13 09:01:55.852 | Elapsed=11ms | Status=Completed
2026-05-13 09:02:09 | WRN | The query uses the 'First'/'FirstOrDefault' operator without 'OrderBy' and filter operators. This may lead to unpredictable results.
2026-05-13 09:02:09 | INF | CONTROLLER_EXEC | Acc= admin | IP=::1 | Path=ATT111001/GetByNo | Message=GET /ATT111001/GetByNo
2026-05-13 09:02:09 | INF | ACTION_TRACE | Acc=admin | Path=/ATT111001/GetByNo | IP=::1 | Start=2026-05-13 09:02:09.702 | Elapsed=67ms | Status=Completed
2026-05-13 09:03:46 | WRN | The query uses the 'First'/'FirstOrDefault' operator without 'OrderBy' and filter operators. This may lead to unpredictable results.
2026-05-13 09:03:47 | INF | CONTROLLER_EXEC | Acc= admin | IP=::1 | Path=ATT111001/Update | Message=POST /ATT111001/Update
2026-05-13 09:03:47 | INF | ACTION_TRACE | Acc=admin | Path=/ATT111001/Update | IP=::1 | Start=2026-05-13 09:03:46.706 | Elapsed=575ms | Status=Completed
2026-05-13 09:03:48 | INF | CONTROLLER_EXEC | Acc= admin | IP=::1 | Path=ATT111001/GetList | Message=POST /ATT111001/GetList
2026-05-13 09:03:48 | INF | ACTION_TRACE | Acc=admin | Path=/ATT111001/GetList | IP=::1 | Start=2026-05-13 09:03:48.133 | Elapsed=13ms | Status=Completed
2026-05-13 09:04:44 | INF | CONTROLLER_EXEC | Acc= admin | IP=::1 | Path=ATT111001/Add | Message=POST /ATT111001/Add
2026-05-13 09:04:44 | INF | ACTION_TRACE | Acc=admin | Path=/ATT111001/Add | IP=::1 | Start=2026-05-13 09:04:44.919 | Elapsed=78ms | Status=Completed
2026-05-13 09:04:46 | INF | CONTROLLER_EXEC | Acc= admin | IP=::1 | Path=ATT111001/GetList | Message=POST /ATT111001/GetList
2026-05-13 09:04:46 | INF | ACTION_TRACE | Acc=admin | Path=/ATT111001/GetList | IP=::1 | Start=2026-05-13 09:04:46.219 | Elapsed=6ms | Status=Completed
2026-05-13 09:04:47 | INF | CONTROLLER_EXEC | Acc= admin | IP=::1 | Path=ATT111001/GetByNo | Message=GET /ATT111001/GetByNo
2026-05-13 09:04:47 | INF | ACTION_TRACE | Acc=admin | Path=/ATT111001/GetByNo | IP=::1 | Start=2026-05-13 09:04:47.922 | Elapsed=3ms | Status=Completed
2026-05-13 09:05:35 | INF | CONTROLLER_EXEC | Acc= admin | IP=::1 | Path=ATT111001/GetByNo | Message=GET /ATT111001/GetByNo
2026-05-13 09:05:35 | INF | ACTION_TRACE | Acc=admin | Path=/ATT111001/GetByNo | IP=::1 | Start=2026-05-13 09:05:35.939 | Elapsed=12ms | Status=Completed
2026-05-13 09:05:41 | INF | CONTROLLER_EXEC | Acc= admin | IP=::1 | Path=ATT111001/Update | Message=POST /ATT111001/Update
2026-05-13 09:05:41 | INF | ACTION_TRACE | Acc=admin | Path=/ATT111001/Update | IP=::1 | Start=2026-05-13 09:05:41.531 | Elapsed=42ms | Status=Completed
2026-05-13 09:05:42 | INF | CONTROLLER_EXEC | Acc= admin | IP=::1 | Path=ATT111001/GetList | Message=POST /ATT111001/GetList
2026-05-13 09:05:42 | INF | ACTION_TRACE | Acc=admin | Path=/ATT111001/GetList | IP=::1 | Start=2026-05-13 09:05:42.560 | Elapsed=7ms | Status=Completed
2026-05-13 09:06:09 | WRN | No store type was specified for the decimal property 'OveMoney' on entity type 'HROvertime'. This will cause values to be silently truncated if they do not fit in the default precision and scale. Explicitly specify the SQL server column type that can accommodate all the values in 'OnModelCreating' using 'HasColumnType', specify precision and scale using 'HasPrecision', or configure a value converter using 'HasConversion'.
2026-05-13 09:06:09 | WRN | No store type was specified for the decimal property 'Wag1D1Hour' on entity type 'HRWage'. This will cause values to be silently truncated if they do not fit in the default precision and scale. Explicitly specify the SQL server column type that can accommodate all the values in 'OnModelCreating' using 'HasColumnType', specify precision and scale using 'HasPrecision', or configure a value converter using 'HasConversion'.
2026-05-13 09:06:09 | WRN | No store type was specified for the decimal property 'Wag2D1Hour' on entity type 'HRWage'. This will cause values to be silently truncated if they do not fit in the default precision and scale. Explicitly specify the SQL server column type that can accommodate all the values in 'OnModelCreating' using 'HasColumnType', specify precision and scale using 'HasPrecision', or configure a value converter using 'HasConversion'.
2026-05-13 09:06:09 | WRN | No store type was specified for the decimal property 'Wag4D3Hour' on entity type 'HRWage'. This will cause values to be silently truncated if they do not fit in the default precision and scale. Explicitly specify the SQL server column type that can accommodate all the values in 'OnModelCreating' using 'HasColumnType', specify precision and scale using 'HasPrecision', or configure a value converter using 'HasConversion'.
2026-05-13 09:06:09 | WRN | No store type was specified for the decimal property 'Wag5D3Hour' on entity type 'HRWage'. This will cause values to be silently truncated if they do not fit in the default precision and scale. Explicitly specify the SQL server column type that can accommodate all the values in 'OnModelCreating' using 'HasColumnType', specify precision and scale using 'HasPrecision', or configure a value converter using 'HasConversion'.
2026-05-13 09:06:09 | WRN | No store type was specified for the decimal property 'Wag8D3Hour' on entity type 'HRWage'. This will cause values to be silently truncated if they do not fit in the default precision and scale. Explicitly specify the SQL server column type that can accommodate all the values in 'OnModelCreating' using 'HasColumnType', specify precision and scale using 'HasPrecision', or configure a value converter using 'HasConversion'.
2026-05-13 09:06:09 | WRN | No store type was specified for the decimal property 'WagApplyHour' on entity type 'HRWage'. This will cause values to be silently truncated if they do not fit in the default precision and scale. Explicitly specify the SQL server column type that can accommodate all the values in 'OnModelCreating' using 'HasColumnType', specify precision and scale using 'HasPrecision', or configure a value converter using 'HasConversion'.
2026-05-13 09:06:09 | WRN | No store type was specified for the decimal property 'WagIssueHour' on entity type 'HRWage'. This will cause values to be silently truncated if they do not fit in the default precision and scale. Explicitly specify the SQL server column type that can accommodate all the values in 'OnModelCreating' using 'HasColumnType', specify precision and scale using 'HasPrecision', or configure a value converter using 'HasConversion'.
2026-05-13 09:06:09 | WRN | No store type was specified for the decimal property 'WagSubtotal' on entity type 'HRWage'. This will cause values to be silently truncated if they do not fit in the default precision and scale. Explicitly specify the SQL server column type that can accommodate all the values in 'OnModelCreating' using 'HasColumnType', specify precision and scale using 'HasPrecision', or configure a value converter using 'HasConversion'.
2026-05-13 09:06:14 | WRN | The query uses the 'First'/'FirstOrDefault' operator without 'OrderBy' and filter operators. This may lead to unpredictable results.
2026-05-13 09:06:15 | INF | ACTION_TRACE | Acc=admin | Path=/ | IP=::1 | Start=2026-05-13 09:06:08.639 | Elapsed=7235ms | Status=Completed
2026-05-13 09:06:15 | INF | NETWORK_UNSTABLE | Acc=admin | Path=/ | Reason=SlowRequest 7235ms
2026-05-13 09:06:16 | INF | ACTION_TRACE | Acc=admin | Path=/Captcha/Generate | IP=::1 | Start=2026-05-13 09:06:16.191 | Elapsed=95ms | Status=Completed
2026-05-13 09:06:16 | INF | ACTION_TRACE | Acc=admin | Path=/DNTCaptchaImage/Show | IP=::1 | Start=2026-05-13 09:06:16.489 | Elapsed=155ms | Status=Completed
2026-05-13 09:06:27 | INF | ACTION_TRACE | Acc=admin | Path=/Account/Login | IP=::1 | Start=2026-05-13 09:06:19.250 | Elapsed=8134ms | Status=Completed
2026-05-13 09:06:27 | INF | NETWORK_UNSTABLE | Acc=admin | Path=/Account/Login | Reason=SlowRequest 8134ms
2026-05-13 09:06:27 | INF | ACTION_TRACE | Acc=admin | Path=/Home/Index | IP=::1 | Start=2026-05-13 09:06:27.415 | Elapsed=273ms | Status=Completed
2026-05-13 09:06:29 | INF | ACTION_TRACE | Acc=admin | Path=/Home/GetMenu | IP=::1 | Start=2026-05-13 09:06:29.800 | Elapsed=18ms | Status=Completed
2026-05-13 09:06:32 | INF | CONTROLLER_EXEC | Acc= admin | IP=::1 | Path=ATT111001/ATT111001 | Message=GET /ATT111001/ATT111001
2026-05-13 09:06:32 | INF | ACTION_TRACE | Acc=admin | Path=/ATT111001/ATT111001 | IP=::1 | Start=2026-05-13 09:06:32.522 | Elapsed=83ms | Status=Completed
2026-05-13 09:06:32 | INF | CONTROLLER_EXEC | Acc= admin | IP=::1 | Path=ATT111001/GetList | Message=POST /ATT111001/GetList
2026-05-13 09:06:32 | INF | ACTION_TRACE | Acc=admin | Path=/ATT111001/GetList | IP=::1 | Start=2026-05-13 09:06:32.674 | Elapsed=113ms | Status=Completed
2026-05-13 09:06:32 | INF | CONTROLLER_EXEC | Acc= admin | IP=::1 | Path=ATT111001/GetList | Message=POST /ATT111001/GetList
2026-05-13 09:06:32 | INF | ACTION_TRACE | Acc=admin | Path=/ATT111001/GetList | IP=::1 | Start=2026-05-13 09:06:32.847 | Elapsed=24ms | Status=Completed
2026-05-13 09:06:35 | WRN | The query uses the 'First'/'FirstOrDefault' operator without 'OrderBy' and filter operators. This may lead to unpredictable results.
2026-05-13 09:06:35 | INF | CONTROLLER_EXEC | Acc= admin | IP=::1 | Path=ATT111001/GetByNo | Message=GET /ATT111001/GetByNo
2026-05-13 09:06:35 | INF | ACTION_TRACE | Acc=admin | Path=/ATT111001/GetByNo | IP=::1 | Start=2026-05-13 09:06:35.673 | Elapsed=41ms | Status=Completed
2026-05-13 09:07:13 | INF | CONTROLLER_EXEC | Acc= admin | IP=::1 | Path=ATT111001/GetByNo | Message=GET /ATT111001/GetByNo
2026-05-13 09:07:13 | INF | ACTION_TRACE | Acc=admin | Path=/ATT111001/GetByNo | IP=::1 | Start=2026-05-13 09:07:13.151 | Elapsed=6ms | Status=Completed
2026-05-13 09:09:41 | INF | ACTION_TRACE | Acc=admin | Path=/Home/Index | IP=::1 | Start=2026-05-13 09:09:41.197 | Elapsed=136ms | Status=Completed
2026-05-13 09:09:47 | INF | ACTION_TRACE | Acc=admin | Path=/Home/GetMenu | IP=::1 | Start=2026-05-13 09:09:47.341 | Elapsed=8ms | Status=Completed
2026-05-13 09:09:50 | INF | CONTROLLER_EXEC | Acc= admin | IP=::1 | Path=ATT111001/ATT111001 | Message=GET /ATT111001/ATT111001
2026-05-13 09:09:50 | INF | ACTION_TRACE | Acc=admin | Path=/ATT111001/ATT111001 | IP=::1 | Start=2026-05-13 09:09:50.072 | Elapsed=5ms | Status=Completed
2026-05-13 09:09:50 | INF | CONTROLLER_EXEC | Acc= admin | IP=::1 | Path=ATT111001/GetList | Message=POST /ATT111001/GetList
2026-05-13 09:09:50 | INF | ACTION_TRACE | Acc=admin | Path=/ATT111001/GetList | IP=::1 | Start=2026-05-13 09:09:50.105 | Elapsed=5ms | Status=Completed
2026-05-13 09:09:50 | INF | CONTROLLER_EXEC | Acc= admin | IP=::1 | Path=ATT111001/GetList | Message=POST /ATT111001/GetList
2026-05-13 09:09:50 | INF | ACTION_TRACE | Acc=admin | Path=/ATT111001/GetList | IP=::1 | Start=2026-05-13 09:09:50.150 | Elapsed=7ms | Status=Completed
2026-05-13 09:09:52 | INF | CONTROLLER_EXEC | Acc= admin | IP=::1 | Path=ATT111001/GetByNo | Message=GET /ATT111001/GetByNo
2026-05-13 09:09:52 | INF | ACTION_TRACE | Acc=admin | Path=/ATT111001/GetByNo | IP=::1 | Start=2026-05-13 09:09:52.510 | Elapsed=2ms | Status=Completed
2026-05-13 09:12:10 | INF | ACTION_TRACE | Acc=admin | Path=/Home/Index | IP=::1 | Start=2026-05-13 09:12:10.644 | Elapsed=56ms | Status=Completed
2026-05-13 09:12:12 | INF | ACTION_TRACE | Acc=admin | Path=/Home/GetMenu | IP=::1 | Start=2026-05-13 09:12:12.888 | Elapsed=12ms | Status=Completed
2026-05-13 09:12:18 | INF | CONTROLLER_EXEC | Acc= admin | IP=::1 | Path=ATT111001/ATT111001 | Message=GET /ATT111001/ATT111001
2026-05-13 09:12:18 | INF | ACTION_TRACE | Acc=admin | Path=/ATT111001/ATT111001 | IP=::1 | Start=2026-05-13 09:12:18.693 | Elapsed=4ms | Status=Completed
2026-05-13 09:12:18 | INF | CONTROLLER_EXEC | Acc= admin | IP=::1 | Path=ATT111001/GetList | Message=POST /ATT111001/GetList
2026-05-13 09:12:18 | INF | ACTION_TRACE | Acc=admin | Path=/ATT111001/GetList | IP=::1 | Start=2026-05-13 09:12:18.764 | Elapsed=13ms | Status=Completed
2026-05-13 09:12:18 | INF | CONTROLLER_EXEC | Acc= admin | IP=::1 | Path=ATT111001/GetList | Message=POST /ATT111001/GetList
2026-05-13 09:12:18 | INF | ACTION_TRACE | Acc=admin | Path=/ATT111001/GetList | IP=::1 | Start=2026-05-13 09:12:18.821 | Elapsed=5ms | Status=Completed
2026-05-13 09:12:20 | INF | CONTROLLER_EXEC | Acc= admin | IP=::1 | Path=ATT111001/GetByNo | Message=GET /ATT111001/GetByNo
2026-05-13 09:12:20 | INF | ACTION_TRACE | Acc=admin | Path=/ATT111001/GetByNo | IP=::1 | Start=2026-05-13 09:12:20.234 | Elapsed=2ms | Status=Completed
2026-05-13 09:12:24 | INF | ACTION_TRACE | Acc=admin | Path=/Home/Index | IP=::1 | Start=2026-05-13 09:12:24.247 | Elapsed=20ms | Status=Completed
2026-05-13 09:12:25 | INF | ACTION_TRACE | Acc=admin | Path=/Home/GetMenu | IP=::1 | Start=2026-05-13 09:12:25.547 | Elapsed=7ms | Status=Completed
2026-05-13 09:12:26 | INF | ACTION_TRACE | Acc=admin | Path=/.well-known/appspecific/com.chrome.devtools.json | IP=::1 | Start=2026-05-13 09:12:26.471 | Elapsed=0ms | Status=Completed
2026-05-13 09:12:26 | INF | ACTION_TRACE | Acc=admin | Path=/lib/html-to-image/html-to-image.js.map | IP=::1 | Start=2026-05-13 09:12:26.530 | Elapsed=0ms | Status=Completed
2026-05-13 09:12:31 | INF | CONTROLLER_EXEC | Acc= admin | IP=::1 | Path=ATT111001/ATT111001 | Message=GET /ATT111001/ATT111001
2026-05-13 09:12:31 | INF | ACTION_TRACE | Acc=admin | Path=/ATT111001/ATT111001 | IP=::1 | Start=2026-05-13 09:12:31.006 | Elapsed=4ms | Status=Completed
2026-05-13 09:12:31 | INF | CONTROLLER_EXEC | Acc= admin | IP=::1 | Path=ATT111001/GetList | Message=POST /ATT111001/GetList
2026-05-13 09:12:31 | INF | ACTION_TRACE | Acc=admin | Path=/ATT111001/GetList | IP=::1 | Start=2026-05-13 09:12:31.114 | Elapsed=12ms | Status=Completed
2026-05-13 09:12:31 | INF | CONTROLLER_EXEC | Acc= admin | IP=::1 | Path=ATT111001/GetList | Message=POST /ATT111001/GetList
2026-05-13 09:12:31 | INF | ACTION_TRACE | Acc=admin | Path=/ATT111001/GetList | IP=::1 | Start=2026-05-13 09:12:31.175 | Elapsed=5ms | Status=Completed
2026-05-13 09:12:40 | INF | CONTROLLER_EXEC | Acc= admin | IP=::1 | Path=ATT111001/GetByNo | Message=GET /ATT111001/GetByNo
2026-05-13 09:12:40 | INF | ACTION_TRACE | Acc=admin | Path=/ATT111001/GetByNo | IP=::1 | Start=2026-05-13 09:12:40.644 | Elapsed=2ms | Status=Completed
2026-05-13 09:16:13 | WRN | No store type was specified for the decimal property 'OveMoney' on entity type 'HROvertime'. This will cause values to be silently truncated if they do not fit in the default precision and scale. Explicitly specify the SQL server column type that can accommodate all the values in 'OnModelCreating' using 'HasColumnType', specify precision and scale using 'HasPrecision', or configure a value converter using 'HasConversion'.
2026-05-13 09:16:13 | WRN | No store type was specified for the decimal property 'Wag1D1Hour' on entity type 'HRWage'. This will cause values to be silently truncated if they do not fit in the default precision and scale. Explicitly specify the SQL server column type that can accommodate all the values in 'OnModelCreating' using 'HasColumnType', specify precision and scale using 'HasPrecision', or configure a value converter using 'HasConversion'.
2026-05-13 09:16:13 | WRN | No store type was specified for the decimal property 'Wag2D1Hour' on entity type 'HRWage'. This will cause values to be silently truncated if they do not fit in the default precision and scale. Explicitly specify the SQL server column type that can accommodate all the values in 'OnModelCreating' using 'HasColumnType', specify precision and scale using 'HasPrecision', or configure a value converter using 'HasConversion'.
2026-05-13 09:16:13 | WRN | No store type was specified for the decimal property 'Wag4D3Hour' on entity type 'HRWage'. This will cause values to be silently truncated if they do not fit in the default precision and scale. Explicitly specify the SQL server column type that can accommodate all the values in 'OnModelCreating' using 'HasColumnType', specify precision and scale using 'HasPrecision', or configure a value converter using 'HasConversion'.
2026-05-13 09:16:13 | WRN | No store type was specified for the decimal property 'Wag5D3Hour' on entity type 'HRWage'. This will cause values to be silently truncated if they do not fit in the default precision and scale. Explicitly specify the SQL server column type that can accommodate all the values in 'OnModelCreating' using 'HasColumnType', specify precision and scale using 'HasPrecision', or configure a value converter using 'HasConversion'.
2026-05-13 09:16:13 | WRN | No store type was specified for the decimal property 'Wag8D3Hour' on entity type 'HRWage'. This will cause values to be silently truncated if they do not fit in the default precision and scale. Explicitly specify the SQL server column type that can accommodate all the values in 'OnModelCreating' using 'HasColumnType', specify precision and scale using 'HasPrecision', or configure a value converter using 'HasConversion'.
2026-05-13 09:16:13 | WRN | No store type was specified for the decimal property 'WagApplyHour' on entity type 'HRWage'. This will cause values to be silently truncated if they do not fit in the default precision and scale. Explicitly specify the SQL server column type that can accommodate all the values in 'OnModelCreating' using 'HasColumnType', specify precision and scale using 'HasPrecision', or configure a value converter using 'HasConversion'.
2026-05-13 09:16:13 | WRN | No store type was specified for the decimal property 'WagIssueHour' on entity type 'HRWage'. This will cause values to be silently truncated if they do not fit in the default precision and scale. Explicitly specify the SQL server column type that can accommodate all the values in 'OnModelCreating' using 'HasColumnType', specify precision and scale using 'HasPrecision', or configure a value converter using 'HasConversion'.
2026-05-13 09:16:13 | WRN | No store type was specified for the decimal property 'WagSubtotal' on entity type 'HRWage'. This will cause values to be silently truncated if they do not fit in the default precision and scale. Explicitly specify the SQL server column type that can accommodate all the values in 'OnModelCreating' using 'HasColumnType', specify precision and scale using 'HasPrecision', or configure a value converter using 'HasConversion'.
2026-05-13 09:16:18 | WRN | The query uses the 'First'/'FirstOrDefault' operator without 'OrderBy' and filter operators. This may lead to unpredictable results.
2026-05-13 09:16:19 | INF | ACTION_TRACE | Acc=admin | Path=/ | IP=::1 | Start=2026-05-13 09:16:12.785 | Elapsed=7119ms | Status=Completed
2026-05-13 09:16:19 | INF | NETWORK_UNSTABLE | Acc=admin | Path=/ | Reason=SlowRequest 7119ms
2026-05-13 09:16:20 | INF | ACTION_TRACE | Acc=admin | Path=/Captcha/Generate | IP=::1 | Start=2026-05-13 09:16:20.217 | Elapsed=42ms | Status=Completed
2026-05-13 09:16:20 | INF | ACTION_TRACE | Acc=admin | Path=/DNTCaptchaImage/Show | IP=::1 | Start=2026-05-13 09:16:20.277 | Elapsed=205ms | Status=Completed
2026-05-13 09:16:36 | INF | ACTION_TRACE | Acc=admin | Path=/Account/Login | IP=::1 | Start=2026-05-13 09:16:29.581 | Elapsed=6664ms | Status=Completed
2026-05-13 09:16:36 | INF | NETWORK_UNSTABLE | Acc=admin | Path=/Account/Login | Reason=SlowRequest 6664ms
2026-05-13 09:16:36 | INF | ACTION_TRACE | Acc=admin | Path=/Home/Index | IP=::1 | Start=2026-05-13 09:16:36.265 | Elapsed=288ms | Status=Completed
2026-05-13 09:16:38 | INF | ACTION_TRACE | Acc=admin | Path=/Home/GetMenu | IP=::1 | Start=2026-05-13 09:16:38.501 | Elapsed=43ms | Status=Completed
2026-05-13 09:16:41 | INF | CONTROLLER_EXEC | Acc= admin | IP=::1 | Path=ATT111001/ATT111001 | Message=GET /ATT111001/ATT111001
2026-05-13 09:16:41 | INF | ACTION_TRACE | Acc=admin | Path=/ATT111001/ATT111001 | IP=::1 | Start=2026-05-13 09:16:41.005 | Elapsed=75ms | Status=Completed
2026-05-13 09:16:41 | INF | CONTROLLER_EXEC | Acc= admin | IP=::1 | Path=ATT111001/GetList | Message=POST /ATT111001/GetList
2026-05-13 09:16:41 | INF | ACTION_TRACE | Acc=admin | Path=/ATT111001/GetList | IP=::1 | Start=2026-05-13 09:16:41.163 | Elapsed=163ms | Status=Completed
2026-05-13 09:16:41 | INF | CONTROLLER_EXEC | Acc= admin | IP=::1 | Path=ATT111001/GetList | Message=POST /ATT111001/GetList
2026-05-13 09:16:41 | INF | ACTION_TRACE | Acc=admin | Path=/ATT111001/GetList | IP=::1 | Start=2026-05-13 09:16:41.381 | Elapsed=12ms | Status=Completed
2026-05-13 09:16:44 | WRN | The query uses the 'First'/'FirstOrDefault' operator without 'OrderBy' and filter operators. This may lead to unpredictable results.
2026-05-13 09:16:44 | INF | CONTROLLER_EXEC | Acc= admin | IP=::1 | Path=ATT111001/GetByNo | Message=GET /ATT111001/GetByNo
2026-05-13 09:16:44 | INF | ACTION_TRACE | Acc=admin | Path=/ATT111001/GetByNo | IP=::1 | Start=2026-05-13 09:16:44.239 | Elapsed=55ms | Status=Completed
2026-05-13 09:21:56 | WRN | No store type was specified for the decimal property 'OveMoney' on entity type 'HROvertime'. This will cause values to be silently truncated if they do not fit in the default precision and scale. Explicitly specify the SQL server column type that can accommodate all the values in 'OnModelCreating' using 'HasColumnType', specify precision and scale using 'HasPrecision', or configure a value converter using 'HasConversion'.
2026-05-13 09:21:56 | WRN | No store type was specified for the decimal property 'Wag1D1Hour' on entity type 'HRWage'. This will cause values to be silently truncated if they do not fit in the default precision and scale. Explicitly specify the SQL server column type that can accommodate all the values in 'OnModelCreating' using 'HasColumnType', specify precision and scale using 'HasPrecision', or configure a value converter using 'HasConversion'.
2026-05-13 09:21:56 | WRN | No store type was specified for the decimal property 'Wag2D1Hour' on entity type 'HRWage'. This will cause values to be silently truncated if they do not fit in the default precision and scale. Explicitly specify the SQL server column type that can accommodate all the values in 'OnModelCreating' using 'HasColumnType', specify precision and scale using 'HasPrecision', or configure a value converter using 'HasConversion'.
2026-05-13 09:21:56 | WRN | No store type was specified for the decimal property 'Wag4D3Hour' on entity type 'HRWage'. This will cause values to be silently truncated if they do not fit in the default precision and scale. Explicitly specify the SQL server column type that can accommodate all the values in 'OnModelCreating' using 'HasColumnType', specify precision and scale using 'HasPrecision', or configure a value converter using 'HasConversion'.
2026-05-13 09:21:56 | WRN | No store type was specified for the decimal property 'Wag5D3Hour' on entity type 'HRWage'. This will cause values to be silently truncated if they do not fit in the default precision and scale. Explicitly specify the SQL server column type that can accommodate all the values in 'OnModelCreating' using 'HasColumnType', specify precision and scale using 'HasPrecision', or configure a value converter using 'HasConversion'.
2026-05-13 09:21:56 | WRN | No store type was specified for the decimal property 'Wag8D3Hour' on entity type 'HRWage'. This will cause values to be silently truncated if they do not fit in the default precision and scale. Explicitly specify the SQL server column type that can accommodate all the values in 'OnModelCreating' using 'HasColumnType', specify precision and scale using 'HasPrecision', or configure a value converter using 'HasConversion'.
2026-05-13 09:21:56 | WRN | No store type was specified for the decimal property 'WagApplyHour' on entity type 'HRWage'. This will cause values to be silently truncated if they do not fit in the default precision and scale. Explicitly specify the SQL server column type that can accommodate all the values in 'OnModelCreating' using 'HasColumnType', specify precision and scale using 'HasPrecision', or configure a value converter using 'HasConversion'.
2026-05-13 09:21:56 | WRN | No store type was specified for the decimal property 'WagIssueHour' on entity type 'HRWage'. This will cause values to be silently truncated if they do not fit in the default precision and scale. Explicitly specify the SQL server column type that can accommodate all the values in 'OnModelCreating' using 'HasColumnType', specify precision and scale using 'HasPrecision', or configure a value converter using 'HasConversion'.
2026-05-13 09:21:56 | WRN | No store type was specified for the decimal property 'WagSubtotal' on entity type 'HRWage'. This will cause values to be silently truncated if they do not fit in the default precision and scale. Explicitly specify the SQL server column type that can accommodate all the values in 'OnModelCreating' using 'HasColumnType', specify precision and scale using 'HasPrecision', or configure a value converter using 'HasConversion'.
2026-05-13 09:22:02 | WRN | The query uses the 'First'/'FirstOrDefault' operator without 'OrderBy' and filter operators. This may lead to unpredictable results.
2026-05-13 09:22:03 | INF | ACTION_TRACE | Acc=admin | Path=/ | IP=::1 | Start=2026-05-13 09:21:55.847 | Elapsed=7640ms | Status=Completed
2026-05-13 09:22:03 | INF | NETWORK_UNSTABLE | Acc=admin | Path=/ | Reason=SlowRequest 7640ms
2026-05-13 09:22:03 | INF | ACTION_TRACE | Acc=admin | Path=/Captcha/Generate | IP=::1 | Start=2026-05-13 09:22:03.715 | Elapsed=37ms | Status=Completed
2026-05-13 09:22:04 | INF | ACTION_TRACE | Acc=admin | Path=/DNTCaptchaImage/Show | IP=::1 | Start=2026-05-13 09:22:03.963 | Elapsed=121ms | Status=Completed
2026-05-13 09:23:22 | INF | ACTION_TRACE | Acc=admin | Path=/Account/Login | IP=::1 | Start=2026-05-13 09:23:14.653 | Elapsed=8273ms | Status=Completed
2026-05-13 09:23:22 | INF | NETWORK_UNSTABLE | Acc=admin | Path=/Account/Login | Reason=SlowRequest 8273ms
2026-05-13 09:23:23 | INF | ACTION_TRACE | Acc=admin | Path=/Home/Index | IP=::1 | Start=2026-05-13 09:23:22.949 | Elapsed=304ms | Status=Completed
2026-05-13 09:23:26 | INF | ACTION_TRACE | Acc=admin | Path=/Home/GetMenu | IP=::1 | Start=2026-05-13 09:23:26.316 | Elapsed=85ms | Status=Completed
2026-05-13 09:23:28 | INF | CONTROLLER_EXEC | Acc= admin | IP=::1 | Path=ATT111001/ATT111001 | Message=GET /ATT111001/ATT111001
2026-05-13 09:23:28 | INF | ACTION_TRACE | Acc=admin | Path=/ATT111001/ATT111001 | IP=::1 | Start=2026-05-13 09:23:28.719 | Elapsed=79ms | Status=Completed
2026-05-13 09:23:29 | INF | CONTROLLER_EXEC | Acc= admin | IP=::1 | Path=ATT111001/GetList | Message=POST /ATT111001/GetList
2026-05-13 09:23:29 | INF | ACTION_TRACE | Acc=admin | Path=/ATT111001/GetList | IP=::1 | Start=2026-05-13 09:23:28.869 | Elapsed=162ms | Status=Completed
2026-05-13 09:23:29 | INF | CONTROLLER_EXEC | Acc= admin | IP=::1 | Path=ATT111001/GetList | Message=POST /ATT111001/GetList
2026-05-13 09:23:29 | INF | ACTION_TRACE | Acc=admin | Path=/ATT111001/GetList | IP=::1 | Start=2026-05-13 09:23:29.085 | Elapsed=11ms | Status=Completed
2026-05-13 09:29:16 | WRN | No store type was specified for the decimal property 'OveMoney' on entity type 'HROvertime'. This will cause values to be silently truncated if they do not fit in the default precision and scale. Explicitly specify the SQL server column type that can accommodate all the values in 'OnModelCreating' using 'HasColumnType', specify precision and scale using 'HasPrecision', or configure a value converter using 'HasConversion'.
2026-05-13 09:29:16 | WRN | No store type was specified for the decimal property 'Wag1D1Hour' on entity type 'HRWage'. This will cause values to be silently truncated if they do not fit in the default precision and scale. Explicitly specify the SQL server column type that can accommodate all the values in 'OnModelCreating' using 'HasColumnType', specify precision and scale using 'HasPrecision', or configure a value converter using 'HasConversion'.
2026-05-13 09:29:16 | WRN | No store type was specified for the decimal property 'Wag2D1Hour' on entity type 'HRWage'. This will cause values to be silently truncated if they do not fit in the default precision and scale. Explicitly specify the SQL server column type that can accommodate all the values in 'OnModelCreating' using 'HasColumnType', specify precision and scale using 'HasPrecision', or configure a value converter using 'HasConversion'.
2026-05-13 09:29:16 | WRN | No store type was specified for the decimal property 'Wag4D3Hour' on entity type 'HRWage'. This will cause values to be silently truncated if they do not fit in the default precision and scale. Explicitly specify the SQL server column type that can accommodate all the values in 'OnModelCreating' using 'HasColumnType', specify precision and scale using 'HasPrecision', or configure a value converter using 'HasConversion'.
2026-05-13 09:29:16 | WRN | No store type was specified for the decimal property 'Wag5D3Hour' on entity type 'HRWage'. This will cause values to be silently truncated if they do not fit in the default precision and scale. Explicitly specify the SQL server column type that can accommodate all the values in 'OnModelCreating' using 'HasColumnType', specify precision and scale using 'HasPrecision', or configure a value converter using 'HasConversion'.
2026-05-13 09:29:16 | WRN | No store type was specified for the decimal property 'Wag8D3Hour' on entity type 'HRWage'. This will cause values to be silently truncated if they do not fit in the default precision and scale. Explicitly specify the SQL server column type that can accommodate all the values in 'OnModelCreating' using 'HasColumnType', specify precision and scale using 'HasPrecision', or configure a value converter using 'HasConversion'.
2026-05-13 09:29:16 | WRN | No store type was specified for the decimal property 'WagApplyHour' on entity type 'HRWage'. This will cause values to be silently truncated if they do not fit in the default precision and scale. Explicitly specify the SQL server column type that can accommodate all the values in 'OnModelCreating' using 'HasColumnType', specify precision and scale using 'HasPrecision', or configure a value converter using 'HasConversion'.
2026-05-13 09:29:16 | WRN | No store type was specified for the decimal property 'WagIssueHour' on entity type 'HRWage'. This will cause values to be silently truncated if they do not fit in the default precision and scale. Explicitly specify the SQL server column type that can accommodate all the values in 'OnModelCreating' using 'HasColumnType', specify precision and scale using 'HasPrecision', or configure a value converter using 'HasConversion'.
2026-05-13 09:29:16 | WRN | No store type was specified for the decimal property 'WagSubtotal' on entity type 'HRWage'. This will cause values to be silently truncated if they do not fit in the default precision and scale. Explicitly specify the SQL server column type that can accommodate all the values in 'OnModelCreating' using 'HasColumnType', specify precision and scale using 'HasPrecision', or configure a value converter using 'HasConversion'.
2026-05-13 09:29:21 | WRN | The query uses the 'First'/'FirstOrDefault' operator without 'OrderBy' and filter operators. This may lead to unpredictable results.
2026-05-13 09:29:22 | INF | ACTION_TRACE | Acc=admin | Path=/ | IP=::1 | Start=2026-05-13 09:29:15.116 | Elapsed=7340ms | Status=Completed
2026-05-13 09:29:22 | INF | NETWORK_UNSTABLE | Acc=admin | Path=/ | Reason=SlowRequest 7340ms
2026-05-13 09:29:22 | INF | ACTION_TRACE | Acc=admin | Path=/Captcha/Generate | IP=::1 | Start=2026-05-13 09:29:22.770 | Elapsed=44ms | Status=Completed
2026-05-13 09:29:23 | INF | ACTION_TRACE | Acc=admin | Path=/DNTCaptchaImage/Show | IP=::1 | Start=2026-05-13 09:29:22.834 | Elapsed=233ms | Status=Completed
2026-05-13 09:29:37 | INF | ACTION_TRACE | Acc=admin | Path=/Account/Login | IP=::1 | Start=2026-05-13 09:29:30.259 | Elapsed=6817ms | Status=Completed
2026-05-13 09:29:37 | INF | NETWORK_UNSTABLE | Acc=admin | Path=/Account/Login | Reason=SlowRequest 6817ms
2026-05-13 09:29:37 | INF | ACTION_TRACE | Acc=admin | Path=/Home/Index | IP=::1 | Start=2026-05-13 09:29:37.092 | Elapsed=254ms | Status=Completed
2026-05-13 09:29:54 | INF | ACTION_TRACE | Acc=admin | Path=/Home/GetMenu | IP=::1 | Start=2026-05-13 09:29:54.301 | Elapsed=37ms | Status=Completed
2026-05-13 09:29:56 | INF | CONTROLLER_EXEC | Acc= admin | IP=::1 | Path=ATT111001/ATT111001 | Message=GET /ATT111001/ATT111001
2026-05-13 09:29:56 | INF | ACTION_TRACE | Acc=admin | Path=/ATT111001/ATT111001 | IP=::1 | Start=2026-05-13 09:29:56.516 | Elapsed=100ms | Status=Completed
2026-05-13 09:29:56 | INF | CONTROLLER_EXEC | Acc= admin | IP=::1 | Path=ATT111001/GetList | Message=POST /ATT111001/GetList
2026-05-13 09:29:56 | INF | ACTION_TRACE | Acc=admin | Path=/ATT111001/GetList | IP=::1 | Start=2026-05-13 09:29:56.704 | Elapsed=166ms | Status=Completed
2026-05-13 09:29:56 | INF | CONTROLLER_EXEC | Acc= admin | IP=::1 | Path=ATT111001/GetList | Message=POST /ATT111001/GetList
2026-05-13 09:29:56 | INF | ACTION_TRACE | Acc=admin | Path=/ATT111001/GetList | IP=::1 | Start=2026-05-13 09:29:56.929 | Elapsed=10ms | Status=Completed
2026-05-13 09:30:26 | WRN | The query uses the 'First'/'FirstOrDefault' operator without 'OrderBy' and filter operators. This may lead to unpredictable results.
2026-05-13 09:30:26 | INF | CONTROLLER_EXEC | Acc= admin | IP=::1 | Path=ATT111001/GetByNo | Message=GET /ATT111001/GetByNo
2026-05-13 09:30:26 | INF | ACTION_TRACE | Acc=admin | Path=/ATT111001/GetByNo | IP=::1 | Start=2026-05-13 09:30:26.270 | Elapsed=51ms | Status=Completed
2026-05-13 09:30:28 | INF | CONTROLLER_EXEC | Acc= admin | IP=::1 | Path=ATT111001/GetList | Message=POST /ATT111001/GetList
2026-05-13 09:30:28 | INF | ACTION_TRACE | Acc=admin | Path=/ATT111001/GetList | IP=::1 | Start=2026-05-13 09:30:28.654 | Elapsed=28ms | Status=Completed
2026-05-13 09:30:29 | INF | CONTROLLER_EXEC | Acc= admin | IP=::1 | Path=ATT111001/GetList | Message=POST /ATT111001/GetList
2026-05-13 09:30:29 | INF | ACTION_TRACE | Acc=admin | Path=/ATT111001/GetList | IP=::1 | Start=2026-05-13 09:30:29.313 | Elapsed=22ms | Status=Completed
2026-05-13 09:30:29 | INF | CONTROLLER_EXEC | Acc= admin | IP=::1 | Path=ATT111001/GetList | Message=POST /ATT111001/GetList
2026-05-13 09:30:29 | INF | ACTION_TRACE | Acc=admin | Path=/ATT111001/GetList | IP=::1 | Start=2026-05-13 09:30:29.841 | Elapsed=6ms | Status=Completed
2026-05-13 09:30:30 | INF | CONTROLLER_EXEC | Acc= admin | IP=::1 | Path=ATT111001/GetList | Message=POST /ATT111001/GetList
2026-05-13 09:30:30 | INF | ACTION_TRACE | Acc=admin | Path=/ATT111001/GetList | IP=::1 | Start=2026-05-13 09:30:30.014 | Elapsed=5ms | Status=Completed
2026-05-13 09:30:31 | INF | CONTROLLER_EXEC | Acc= admin | IP=::1 | Path=ATT111001/GetList | Message=POST /ATT111001/GetList
2026-05-13 09:30:31 | INF | ACTION_TRACE | Acc=admin | Path=/ATT111001/GetList | IP=::1 | Start=2026-05-13 09:30:31.305 | Elapsed=5ms | Status=Completed
2026-05-13 09:30:31 | INF | CONTROLLER_EXEC | Acc= admin | IP=::1 | Path=ATT111001/GetList | Message=POST /ATT111001/GetList
2026-05-13 09:30:31 | INF | ACTION_TRACE | Acc=admin | Path=/ATT111001/GetList | IP=::1 | Start=2026-05-13 09:30:31.593 | Elapsed=21ms | Status=Completed
2026-05-13 09:30:33 | INF | CONTROLLER_EXEC | Acc= admin | IP=::1 | Path=ATT111001/GetList | Message=POST /ATT111001/GetList
2026-05-13 09:30:33 | INF | ACTION_TRACE | Acc=admin | Path=/ATT111001/GetList | IP=::1 | Start=2026-05-13 09:30:33.672 | Elapsed=7ms | Status=Completed
2026-05-13 09:30:35 | INF | CONTROLLER_EXEC | Acc= admin | IP=::1 | Path=ATT111001/GetList | Message=POST /ATT111001/GetList
2026-05-13 09:30:35 | INF | ACTION_TRACE | Acc=admin | Path=/ATT111001/GetList | IP=::1 | Start=2026-05-13 09:30:35.923 | Elapsed=23ms | Status=Completed
2026-05-13 09:30:36 | INF | CONTROLLER_EXEC | Acc= admin | IP=::1 | Path=ATT111001/GetList | Message=POST /ATT111001/GetList
2026-05-13 09:30:36 | INF | ACTION_TRACE | Acc=admin | Path=/ATT111001/GetList | IP=::1 | Start=2026-05-13 09:30:36.319 | Elapsed=23ms | Status=Completed
2026-05-13 09:30:36 | INF | CONTROLLER_EXEC | Acc= admin | IP=::1 | Path=ATT111001/GetList | Message=POST /ATT111001/GetList
2026-05-13 09:30:36 | INF | ACTION_TRACE | Acc=admin | Path=/ATT111001/GetList | IP=::1 | Start=2026-05-13 09:30:36.763 | Elapsed=5ms | Status=Completed
2026-05-13 09:30:36 | INF | CONTROLLER_EXEC | Acc= admin | IP=::1 | Path=ATT111001/GetList | Message=POST /ATT111001/GetList
2026-05-13 09:30:36 | INF | ACTION_TRACE | Acc=admin | Path=/ATT111001/GetList | IP=::1 | Start=2026-05-13 09:30:36.970 | Elapsed=5ms | Status=Completed
2026-05-13 09:30:37 | INF | CONTROLLER_EXEC | Acc= admin | IP=::1 | Path=ATT111001/GetList | Message=POST /ATT111001/GetList
2026-05-13 09:30:37 | INF | ACTION_TRACE | Acc=admin | Path=/ATT111001/GetList | IP=::1 | Start=2026-05-13 09:30:37.614 | Elapsed=5ms | Status=Completed
2026-05-13 09:31:46 | WRN | No store type was specified for the decimal property 'OveMoney' on entity type 'HROvertime'. This will cause values to be silently truncated if they do not fit in the default precision and scale. Explicitly specify the SQL server column type that can accommodate all the values in 'OnModelCreating' using 'HasColumnType', specify precision and scale using 'HasPrecision', or configure a value converter using 'HasConversion'.
2026-05-13 09:31:46 | WRN | No store type was specified for the decimal property 'Wag1D1Hour' on entity type 'HRWage'. This will cause values to be silently truncated if they do not fit in the default precision and scale. Explicitly specify the SQL server column type that can accommodate all the values in 'OnModelCreating' using 'HasColumnType', specify precision and scale using 'HasPrecision', or configure a value converter using 'HasConversion'.
2026-05-13 09:31:46 | WRN | No store type was specified for the decimal property 'Wag2D1Hour' on entity type 'HRWage'. This will cause values to be silently truncated if they do not fit in the default precision and scale. Explicitly specify the SQL server column type that can accommodate all the values in 'OnModelCreating' using 'HasColumnType', specify precision and scale using 'HasPrecision', or configure a value converter using 'HasConversion'.
2026-05-13 09:31:46 | WRN | No store type was specified for the decimal property 'Wag4D3Hour' on entity type 'HRWage'. This will cause values to be silently truncated if they do not fit in the default precision and scale. Explicitly specify the SQL server column type that can accommodate all the values in 'OnModelCreating' using 'HasColumnType', specify precision and scale using 'HasPrecision', or configure a value converter using 'HasConversion'.
2026-05-13 09:31:46 | WRN | No store type was specified for the decimal property 'Wag5D3Hour' on entity type 'HRWage'. This will cause values to be silently truncated if they do not fit in the default precision and scale. Explicitly specify the SQL server column type that can accommodate all the values in 'OnModelCreating' using 'HasColumnType', specify precision and scale using 'HasPrecision', or configure a value converter using 'HasConversion'.
2026-05-13 09:31:46 | WRN | No store type was specified for the decimal property 'Wag8D3Hour' on entity type 'HRWage'. This will cause values to be silently truncated if they do not fit in the default precision and scale. Explicitly specify the SQL server column type that can accommodate all the values in 'OnModelCreating' using 'HasColumnType', specify precision and scale using 'HasPrecision', or configure a value converter using 'HasConversion'.
2026-05-13 09:31:46 | WRN | No store type was specified for the decimal property 'WagApplyHour' on entity type 'HRWage'. This will cause values to be silently truncated if they do not fit in the default precision and scale. Explicitly specify the SQL server column type that can accommodate all the values in 'OnModelCreating' using 'HasColumnType', specify precision and scale using 'HasPrecision', or configure a value converter using 'HasConversion'.
2026-05-13 09:31:46 | WRN | No store type was specified for the decimal property 'WagIssueHour' on entity type 'HRWage'. This will cause values to be silently truncated if they do not fit in the default precision and scale. Explicitly specify the SQL server column type that can accommodate all the values in 'OnModelCreating' using 'HasColumnType', specify precision and scale using 'HasPrecision', or configure a value converter using 'HasConversion'.
2026-05-13 09:31:46 | WRN | No store type was specified for the decimal property 'WagSubtotal' on entity type 'HRWage'. This will cause values to be silently truncated if they do not fit in the default precision and scale. Explicitly specify the SQL server column type that can accommodate all the values in 'OnModelCreating' using 'HasColumnType', specify precision and scale using 'HasPrecision', or configure a value converter using 'HasConversion'.
2026-05-13 09:31:51 | WRN | The query uses the 'First'/'FirstOrDefault' operator without 'OrderBy' and filter operators. This may lead to unpredictable results.
2026-05-13 09:31:52 | INF | ACTION_TRACE | Acc=admin | Path=/ | IP=::1 | Start=2026-05-13 09:31:45.672 | Elapsed=7157ms | Status=Completed
2026-05-13 09:31:52 | INF | NETWORK_UNSTABLE | Acc=admin | Path=/ | Reason=SlowRequest 7157ms
2026-05-13 09:31:53 | INF | ACTION_TRACE | Acc=admin | Path=/Captcha/Generate | IP=::1 | Start=2026-05-13 09:31:53.117 | Elapsed=48ms | Status=Completed
2026-05-13 09:31:53 | INF | ACTION_TRACE | Acc=admin | Path=/DNTCaptchaImage/Show | IP=::1 | Start=2026-05-13 09:31:53.363 | Elapsed=116ms | Status=Completed
2026-05-13 09:32:03 | INF | ACTION_TRACE | Acc=admin | Path=/Account/Login | IP=::1 | Start=2026-05-13 09:31:56.801 | Elapsed=6977ms | Status=Completed
2026-05-13 09:32:03 | INF | NETWORK_UNSTABLE | Acc=admin | Path=/Account/Login | Reason=SlowRequest 6977ms
2026-05-13 09:32:04 | INF | ACTION_TRACE | Acc=admin | Path=/Home/Index | IP=::1 | Start=2026-05-13 09:32:03.793 | Elapsed=226ms | Status=Completed
2026-05-13 09:32:06 | INF | ACTION_TRACE | Acc=admin | Path=/Home/GetMenu | IP=::1 | Start=2026-05-13 09:32:06.487 | Elapsed=431ms | Status=Completed
2026-05-13 09:32:08 | INF | CONTROLLER_EXEC | Acc= admin | IP=::1 | Path=ATT111001/ATT111001 | Message=GET /ATT111001/ATT111001
2026-05-13 09:32:08 | INF | ACTION_TRACE | Acc=admin | Path=/ATT111001/ATT111001 | IP=::1 | Start=2026-05-13 09:32:08.493 | Elapsed=67ms | Status=Completed
2026-05-13 09:32:08 | INF | CONTROLLER_EXEC | Acc= admin | IP=::1 | Path=ATT111001/GetList | Message=POST /ATT111001/GetList
2026-05-13 09:32:08 | INF | ACTION_TRACE | Acc=admin | Path=/ATT111001/GetList | IP=::1 | Start=2026-05-13 09:32:08.629 | Elapsed=140ms | Status=Completed
2026-05-13 09:32:08 | INF | CONTROLLER_EXEC | Acc= admin | IP=::1 | Path=ATT111001/GetList | Message=POST /ATT111001/GetList
2026-05-13 09:32:08 | INF | ACTION_TRACE | Acc=admin | Path=/ATT111001/GetList | IP=::1 | Start=2026-05-13 09:32:08.819 | Elapsed=8ms | Status=Completed
2026-05-13 09:32:40 | WRN | The query uses the 'First'/'FirstOrDefault' operator without 'OrderBy' and filter operators. This may lead to unpredictable results.
2026-05-13 09:32:40 | INF | CONTROLLER_EXEC | Acc= admin | IP=::1 | Path=ATT111001/GetByNo | Message=GET /ATT111001/GetByNo
2026-05-13 09:32:40 | INF | ACTION_TRACE | Acc=admin | Path=/ATT111001/GetByNo | IP=::1 | Start=2026-05-13 09:32:40.151 | Elapsed=47ms | Status=Completed
2026-05-13 09:32:43 | INF | CONTROLLER_EXEC | Acc= admin | IP=::1 | Path=ATT111001/GetByNo | Message=GET /ATT111001/GetByNo
2026-05-13 09:32:43 | INF | ACTION_TRACE | Acc=admin | Path=/ATT111001/GetByNo | IP=::1 | Start=2026-05-13 09:32:43.085 | Elapsed=3ms | Status=Completed
2026-05-13 09:33:29 | INF | CONTROLLER_EXEC | Acc= admin | IP=::1 | Path=ATT111001/GetByNo | Message=GET /ATT111001/GetByNo
2026-05-13 09:33:29 | INF | ACTION_TRACE | Acc=admin | Path=/ATT111001/GetByNo | IP=::1 | Start=2026-05-13 09:33:29.192 | Elapsed=3ms | Status=Completed
2026-05-13 09:34:45 | WRN | No store type was specified for the decimal property 'OveMoney' on entity type 'HROvertime'. This will cause values to be silently truncated if they do not fit in the default precision and scale. Explicitly specify the SQL server column type that can accommodate all the values in 'OnModelCreating' using 'HasColumnType', specify precision and scale using 'HasPrecision', or configure a value converter using 'HasConversion'.
2026-05-13 09:34:45 | WRN | No store type was specified for the decimal property 'Wag1D1Hour' on entity type 'HRWage'. This will cause values to be silently truncated if they do not fit in the default precision and scale. Explicitly specify the SQL server column type that can accommodate all the values in 'OnModelCreating' using 'HasColumnType', specify precision and scale using 'HasPrecision', or configure a value converter using 'HasConversion'.
2026-05-13 09:34:45 | WRN | No store type was specified for the decimal property 'Wag2D1Hour' on entity type 'HRWage'. This will cause values to be silently truncated if they do not fit in the default precision and scale. Explicitly specify the SQL server column type that can accommodate all the values in 'OnModelCreating' using 'HasColumnType', specify precision and scale using 'HasPrecision', or configure a value converter using 'HasConversion'.
2026-05-13 09:34:45 | WRN | No store type was specified for the decimal property 'Wag4D3Hour' on entity type 'HRWage'. This will cause values to be silently truncated if they do not fit in the default precision and scale. Explicitly specify the SQL server column type that can accommodate all the values in 'OnModelCreating' using 'HasColumnType', specify precision and scale using 'HasPrecision', or configure a value converter using 'HasConversion'.
2026-05-13 09:34:45 | WRN | No store type was specified for the decimal property 'Wag5D3Hour' on entity type 'HRWage'. This will cause values to be silently truncated if they do not fit in the default precision and scale. Explicitly specify the SQL server column type that can accommodate all the values in 'OnModelCreating' using 'HasColumnType', specify precision and scale using 'HasPrecision', or configure a value converter using 'HasConversion'.
2026-05-13 09:34:45 | WRN | No store type was specified for the decimal property 'Wag8D3Hour' on entity type 'HRWage'. This will cause values to be silently truncated if they do not fit in the default precision and scale. Explicitly specify the SQL server column type that can accommodate all the values in 'OnModelCreating' using 'HasColumnType', specify precision and scale using 'HasPrecision', or configure a value converter using 'HasConversion'.
2026-05-13 09:34:45 | WRN | No store type was specified for the decimal property 'WagApplyHour' on entity type 'HRWage'. This will cause values to be silently truncated if they do not fit in the default precision and scale. Explicitly specify the SQL server column type that can accommodate all the values in 'OnModelCreating' using 'HasColumnType', specify precision and scale using 'HasPrecision', or configure a value converter using 'HasConversion'.
2026-05-13 09:34:45 | WRN | No store type was specified for the decimal property 'WagIssueHour' on entity type 'HRWage'. This will cause values to be silently truncated if they do not fit in the default precision and scale. Explicitly specify the SQL server column type that can accommodate all the values in 'OnModelCreating' using 'HasColumnType', specify precision and scale using 'HasPrecision', or configure a value converter using 'HasConversion'.
2026-05-13 09:34:45 | WRN | No store type was specified for the decimal property 'WagSubtotal' on entity type 'HRWage'. This will cause values to be silently truncated if they do not fit in the default precision and scale. Explicitly specify the SQL server column type that can accommodate all the values in 'OnModelCreating' using 'HasColumnType', specify precision and scale using 'HasPrecision', or configure a value converter using 'HasConversion'.
2026-05-13 09:34:50 | WRN | The query uses the 'First'/'FirstOrDefault' operator without 'OrderBy' and filter operators. This may lead to unpredictable results.
2026-05-13 09:34:51 | INF | ACTION_TRACE | Acc=admin | Path=/ | IP=::1 | Start=2026-05-13 09:34:44.474 | Elapsed=6889ms | Status=Completed
2026-05-13 09:34:51 | INF | NETWORK_UNSTABLE | Acc=admin | Path=/ | Reason=SlowRequest 6889ms
2026-05-13 09:34:51 | INF | ACTION_TRACE | Acc=admin | Path=/Captcha/Generate | IP=::1 | Start=2026-05-13 09:34:51.601 | Elapsed=44ms | Status=Completed
2026-05-13 09:34:51 | INF | ACTION_TRACE | Acc=admin | Path=/DNTCaptchaImage/Show | IP=::1 | Start=2026-05-13 09:34:51.656 | Elapsed=101ms | Status=Completed
2026-05-13 09:34:54 | INF | ACTION_TRACE | Acc=admin | Path=/AdminPortal/Account/Login | IP=::1 | Start=2026-05-13 09:34:53.915 | Elapsed=114ms | Status=Completed
2026-05-13 09:34:54 | INF | ACTION_TRACE | Acc=admin | Path=/Captcha/Generate | IP=::1 | Start=2026-05-13 09:34:54.093 | Elapsed=4ms | Status=Completed
2026-05-13 09:34:54 | INF | ACTION_TRACE | Acc=admin | Path=/DNTCaptchaImage/Show | IP=::1 | Start=2026-05-13 09:34:54.106 | Elapsed=13ms | Status=Completed
2026-05-13 09:35:00 | WRN | The query uses the 'First'/'FirstOrDefault' operator without 'OrderBy' and filter operators. This may lead to unpredictable results.
2026-05-13 09:35:00 | WRN | The query uses the 'First'/'FirstOrDefault' operator without 'OrderBy' and filter operators. This may lead to unpredictable results.
2026-05-13 09:35:05 | INF | ACTION_TRACE | Acc=admin | Path=/AdminPortal/Account/Login | IP=::1 | Start=2026-05-13 09:34:58.860 | Elapsed=6164ms | Status=Completed
2026-05-13 09:35:05 | INF | NETWORK_UNSTABLE | Acc=admin | Path=/AdminPortal/Account/Login | Reason=SlowRequest 6164ms
2026-05-13 09:35:05 | INF | ACTION_TRACE | Acc=admin | Path=/AdminPortal/Home/Index | IP=::1 | Start=2026-05-13 09:35:05.036 | Elapsed=140ms | Status=Completed
2026-05-13 09:35:15 | WRN | The query uses the 'First'/'FirstOrDefault' operator without 'OrderBy' and filter operators. This may lead to unpredictable results.
2026-05-13 09:35:15 | INF | CONTROLLER_EXEC | Acc= admin | IP=::1 | Path=ADS999999/ADS999999 | Message=GET /ADS999999/ADS999999
2026-05-13 09:35:15 | INF | ACTION_TRACE | Acc=admin | Path=/ADS999999/ADS999999 | IP=::1 | Start=2026-05-13 09:35:15.247 | Elapsed=69ms | Status=Completed
2026-05-13 09:35:25 | INF | CONTROLLER_EXEC | Acc= admin | IP=::1 | Path=ADS999003/ADS999003 | Message=GET /ADS999003/ADS999003
2026-05-13 09:35:25 | INF | ACTION_TRACE | Acc=admin | Path=/ADS999003/ADS999003 | IP=::1 | Start=2026-05-13 09:35:25.942 | Elapsed=44ms | Status=Completed
2026-05-13 09:35:26 | INF | CONTROLLER_EXEC | Acc= admin | IP=::1 | Path=ADS999003/GetAllUserList | Message=POST /ADS999003/GetAllUserList
2026-05-13 09:35:26 | INF | ACTION_TRACE | Acc=admin | Path=/ADS999003/GetAllUserList | IP=::1 | Start=2026-05-13 09:35:26.028 | Elapsed=94ms | Status=Completed
2026-05-13 09:35:48 | INF | CONTROLLER_EXEC | Acc= admin | IP=::1 | Path=ADS999003/GetUserData | Message=GET /ADS999003/GetUserData
2026-05-13 09:35:48 | INF | ACTION_TRACE | Acc=admin | Path=/ADS999003/GetUserData | IP=::1 | Start=2026-05-13 09:35:48.344 | Elapsed=80ms | Status=Completed
2026-05-13 09:37:39 | INF | CONTROLLER_EXEC | Acc= admin | IP=::1 | Path=ADS999999/ADS999999 | Message=GET /ADS999999/ADS999999
2026-05-13 09:37:39 | INF | ACTION_TRACE | Acc=admin | Path=/ADS999999/ADS999999 | IP=::1 | Start=2026-05-13 09:37:39.183 | Elapsed=6ms | Status=Completed
2026-05-13 09:38:26 | INF | ACTION_TRACE | Acc=admin | Path=/AdminPortal/Account/Login | IP=::1 | Start=2026-05-13 09:38:26.623 | Elapsed=2ms | Status=Completed
2026-05-13 09:38:26 | INF | ACTION_TRACE | Acc=admin | Path=/Captcha/Generate | IP=::1 | Start=2026-05-13 09:38:26.693 | Elapsed=1ms | Status=Completed
2026-05-13 09:38:26 | INF | ACTION_TRACE | Acc=admin | Path=/DNTCaptchaImage/Show | IP=::1 | Start=2026-05-13 09:38:26.709 | Elapsed=16ms | Status=Completed
2026-05-13 09:38:28 | INF | ACTION_TRACE | Acc=admin | Path=/ | IP=::1 | Start=2026-05-13 09:38:28.374 | Elapsed=555ms | Status=Completed
2026-05-13 09:38:29 | INF | ACTION_TRACE | Acc=admin | Path=/Captcha/Generate | IP=::1 | Start=2026-05-13 09:38:29.054 | Elapsed=1ms | Status=Completed
2026-05-13 09:38:29 | INF | ACTION_TRACE | Acc=admin | Path=/DNTCaptchaImage/Show | IP=::1 | Start=2026-05-13 09:38:29.118 | Elapsed=33ms | Status=Completed
2026-05-13 09:38:33 | INF | ACTION_TRACE | Acc=admin | Path=/Account/Login | IP=::1 | Start=2026-05-13 09:38:32.255 | Elapsed=1289ms | Status=Completed
2026-05-13 09:38:33 | INF | ACTION_TRACE | Acc=admin | Path=/Home/Index | IP=::1 | Start=2026-05-13 09:38:33.554 | Elapsed=199ms | Status=Completed
2026-05-13 09:38:43 | INF | ACTION_TRACE | Acc=admin | Path=/Home/GetMenu | IP=::1 | Start=2026-05-13 09:38:43.116 | Elapsed=17ms | Status=Completed
2026-05-13 09:38:47 | INF | CONTROLLER_EXEC | Acc= admin | IP=::1 | Path=SYS202004/SYS202004 | Message=GET /SYS202004/SYS202004
2026-05-13 09:38:47 | INF | ACTION_TRACE | Acc=admin | Path=/SYS202004/SYS202004 | IP=::1 | Start=2026-05-13 09:38:47.452 | Elapsed=75ms | Status=Completed
2026-05-13 09:38:47 | INF | CONTROLLER_EXEC | Acc= admin | IP=::1 | Path=SYS202004/GetProfessData | Message=POST /SYS202004/GetProfessData
2026-05-13 09:38:47 | INF | ACTION_TRACE | Acc=admin | Path=/SYS202004/GetProfessData | IP=::1 | Start=2026-05-13 09:38:47.573 | Elapsed=68ms | Status=Completed
2026-05-13 09:38:47 | INF | CONTROLLER_EXEC | Acc= admin | IP=::1 | Path=SYS202004/GetProfessData | Message=POST /SYS202004/GetProfessData
2026-05-13 09:38:47 | INF | ACTION_TRACE | Acc=admin | Path=/SYS202004/GetProfessData | IP=::1 | Start=2026-05-13 09:38:47.695 | Elapsed=14ms | Status=Completed
2026-05-13 09:38:57 | INF | CONTROLLER_EXEC | Acc= admin | IP=::1 | Path=SYS202004/GetProfessData | Message=POST /SYS202004/GetProfessData
2026-05-13 09:38:57 | INF | ACTION_TRACE | Acc=admin | Path=/SYS202004/GetProfessData | IP=::1 | Start=2026-05-13 09:38:57.940 | Elapsed=6ms | Status=Completed
2026-05-13 09:39:06 | WRN | The query uses the 'First'/'FirstOrDefault' operator without 'OrderBy' and filter operators. This may lead to unpredictable results.
2026-05-13 09:39:06 | INF | CONTROLLER_EXEC | Acc= admin | IP=::1 | Path=SYS202004/GetProfessForEdit | Message=GET /SYS202004/GetProfessForEdit
2026-05-13 09:39:06 | INF | ACTION_TRACE | Acc=admin | Path=/SYS202004/GetProfessForEdit | IP=::1 | Start=2026-05-13 09:39:06.806 | Elapsed=62ms | Status=Completed
2026-05-13 09:39:19 | INF | CONTROLLER_EXEC | Acc= admin | IP=::1 | Path=SYS202004/GetProfessData | Message=POST /SYS202004/GetProfessData
2026-05-13 09:39:19 | INF | ACTION_TRACE | Acc=admin | Path=/SYS202004/GetProfessData | IP=::1 | Start=2026-05-13 09:39:19.320 | Elapsed=8ms | Status=Completed
2026-05-13 09:40:35 | INF | CONTROLLER_EXEC | Acc= admin | IP=::1 | Path=SYS202004/GetProfessData | Message=POST /SYS202004/GetProfessData
2026-05-13 09:40:35 | INF | ACTION_TRACE | Acc=admin | Path=/SYS202004/GetProfessData | IP=::1 | Start=2026-05-13 09:40:35.824 | Elapsed=6ms | Status=Completed
2026-05-13 09:40:35 | INF | CONTROLLER_EXEC | Acc= admin | IP=::1 | Path=SYS202004/GetProfessData | Message=POST /SYS202004/GetProfessData
2026-05-13 09:40:35 | INF | ACTION_TRACE | Acc=admin | Path=/SYS202004/GetProfessData | IP=::1 | Start=2026-05-13 09:40:35.876 | Elapsed=5ms | Status=Completed
2026-05-13 09:42:04 | WRN | No store type was specified for the decimal property 'OveMoney' on entity type 'HROvertime'. This will cause values to be silently truncated if they do not fit in the default precision and scale. Explicitly specify the SQL server column type that can accommodate all the values in 'OnModelCreating' using 'HasColumnType', specify precision and scale using 'HasPrecision', or configure a value converter using 'HasConversion'.
2026-05-13 09:42:04 | WRN | No store type was specified for the decimal property 'Wag1D1Hour' on entity type 'HRWage'. This will cause values to be silently truncated if they do not fit in the default precision and scale. Explicitly specify the SQL server column type that can accommodate all the values in 'OnModelCreating' using 'HasColumnType', specify precision and scale using 'HasPrecision', or configure a value converter using 'HasConversion'.
2026-05-13 09:42:04 | WRN | No store type was specified for the decimal property 'Wag2D1Hour' on entity type 'HRWage'. This will cause values to be silently truncated if they do not fit in the default precision and scale. Explicitly specify the SQL server column type that can accommodate all the values in 'OnModelCreating' using 'HasColumnType', specify precision and scale using 'HasPrecision', or configure a value converter using 'HasConversion'.
2026-05-13 09:42:04 | WRN | No store type was specified for the decimal property 'Wag4D3Hour' on entity type 'HRWage'. This will cause values to be silently truncated if they do not fit in the default precision and scale. Explicitly specify the SQL server column type that can accommodate all the values in 'OnModelCreating' using 'HasColumnType', specify precision and scale using 'HasPrecision', or configure a value converter using 'HasConversion'.
2026-05-13 09:42:04 | WRN | No store type was specified for the decimal property 'Wag5D3Hour' on entity type 'HRWage'. This will cause values to be silently truncated if they do not fit in the default precision and scale. Explicitly specify the SQL server column type that can accommodate all the values in 'OnModelCreating' using 'HasColumnType', specify precision and scale using 'HasPrecision', or configure a value converter using 'HasConversion'.
2026-05-13 09:42:04 | WRN | No store type was specified for the decimal property 'Wag8D3Hour' on entity type 'HRWage'. This will cause values to be silently truncated if they do not fit in the default precision and scale. Explicitly specify the SQL server column type that can accommodate all the values in 'OnModelCreating' using 'HasColumnType', specify precision and scale using 'HasPrecision', or configure a value converter using 'HasConversion'.
2026-05-13 09:42:04 | WRN | No store type was specified for the decimal property 'WagApplyHour' on entity type 'HRWage'. This will cause values to be silently truncated if they do not fit in the default precision and scale. Explicitly specify the SQL server column type that can accommodate all the values in 'OnModelCreating' using 'HasColumnType', specify precision and scale using 'HasPrecision', or configure a value converter using 'HasConversion'.
2026-05-13 09:42:04 | WRN | No store type was specified for the decimal property 'WagIssueHour' on entity type 'HRWage'. This will cause values to be silently truncated if they do not fit in the default precision and scale. Explicitly specify the SQL server column type that can accommodate all the values in 'OnModelCreating' using 'HasColumnType', specify precision and scale using 'HasPrecision', or configure a value converter using 'HasConversion'.
2026-05-13 09:42:04 | WRN | No store type was specified for the decimal property 'WagSubtotal' on entity type 'HRWage'. This will cause values to be silently truncated if they do not fit in the default precision and scale. Explicitly specify the SQL server column type that can accommodate all the values in 'OnModelCreating' using 'HasColumnType', specify precision and scale using 'HasPrecision', or configure a value converter using 'HasConversion'.
2026-05-13 09:42:09 | WRN | The query uses the 'First'/'FirstOrDefault' operator without 'OrderBy' and filter operators. This may lead to unpredictable results.
2026-05-13 09:42:10 | INF | ACTION_TRACE | Acc=admin | Path=/ | IP=::1 | Start=2026-05-13 09:42:03.281 | Elapsed=7256ms | Status=Completed
2026-05-13 09:42:10 | INF | NETWORK_UNSTABLE | Acc=admin | Path=/ | Reason=SlowRequest 7256ms
2026-05-13 09:42:10 | INF | ACTION_TRACE | Acc=admin | Path=/Captcha/Generate | IP=::1 | Start=2026-05-13 09:42:10.791 | Elapsed=48ms | Status=Completed
2026-05-13 09:42:10 | INF | ACTION_TRACE | Acc=admin | Path=/DNTCaptchaImage/Show | IP=::1 | Start=2026-05-13 09:42:10.850 | Elapsed=109ms | Status=Completed
2026-05-13 09:42:25 | INF | ACTION_TRACE | Acc=admin | Path=/Account/Login | IP=::1 | Start=2026-05-13 09:42:17.889 | Elapsed=7938ms | Status=Completed
2026-05-13 09:42:25 | INF | NETWORK_UNSTABLE | Acc=admin | Path=/Account/Login | Reason=SlowRequest 7938ms
2026-05-13 09:42:26 | INF | ACTION_TRACE | Acc=admin | Path=/Home/Index | IP=::1 | Start=2026-05-13 09:42:25.841 | Elapsed=272ms | Status=Completed
2026-05-13 09:42:30 | INF | ACTION_TRACE | Acc=admin | Path=/Home/GetMenu | IP=::1 | Start=2026-05-13 09:42:30.033 | Elapsed=40ms | Status=Completed
2026-05-13 09:42:33 | INF | ACTION_TRACE | Acc=admin | Path=/Home/GetMenu | IP=::1 | Start=2026-05-13 09:42:33.863 | Elapsed=33ms | Status=Completed
2026-05-13 09:42:40 | INF | ACTION_TRACE | Acc=admin | Path=/Home/GetMenu | IP=::1 | Start=2026-05-13 09:42:40.936 | Elapsed=28ms | Status=Completed
2026-05-13 09:42:48 | INF | CONTROLLER_EXEC | Acc= admin | IP=::1 | Path=SYS202100/SYS202100 | Message=GET /SYS202100/SYS202100
2026-05-13 09:42:49 | INF | ACTION_TRACE | Acc=admin | Path=/SYS202100/SYS202100 | IP=::1 | Start=2026-05-13 09:42:48.955 | Elapsed=73ms | Status=Completed
2026-05-13 09:42:51 | INF | CONTROLLER_EXEC | Acc= admin | IP=::1 | Path=SYS202006/SYS202006 | Message=GET /SYS202006/SYS202006
2026-05-13 09:42:51 | INF | ACTION_TRACE | Acc=admin | Path=/SYS202006/SYS202006 | IP=::1 | Start=2026-05-13 09:42:51.420 | Elapsed=32ms | Status=Completed
2026-05-13 09:42:51 | INF | CONTROLLER_EXEC | Acc= admin | IP=::1 | Path=SYS202006/GetHolidayData | Message=POST /SYS202006/GetHolidayData
2026-05-13 09:42:51 | INF | ACTION_TRACE | Acc=admin | Path=/SYS202006/GetHolidayData | IP=::1 | Start=2026-05-13 09:42:51.510 | Elapsed=94ms | Status=Completed
2026-05-13 09:42:51 | INF | CONTROLLER_EXEC | Acc= admin | IP=::1 | Path=SYS202006/GetHolidayData | Message=POST /SYS202006/GetHolidayData
2026-05-13 09:42:51 | INF | ACTION_TRACE | Acc=admin | Path=/SYS202006/GetHolidayData | IP=::1 | Start=2026-05-13 09:42:51.643 | Elapsed=14ms | Status=Completed
2026-05-13 09:42:52 | INF | CONTROLLER_EXEC | Acc= admin | IP=::1 | Path=SYS202100/SYS202100 | Message=GET /SYS202100/SYS202100
2026-05-13 09:42:52 | INF | ACTION_TRACE | Acc=admin | Path=/SYS202100/SYS202100 | IP=::1 | Start=2026-05-13 09:42:52.475 | Elapsed=4ms | Status=Completed
2026-05-13 10:52:58 | INF | ACTION_TRACE | Acc=admin | Path=/Home/Index | IP=::1 | Start=2026-05-13 10:52:57.847 | Elapsed=276ms | Status=Completed
2026-05-13 10:53:07 | INF | ACTION_TRACE | Acc=admin | Path=/Home/GetMenu | IP=::1 | Start=2026-05-13 10:53:07.063 | Elapsed=47ms | Status=Completed
2026-05-13 10:53:09 | INF | ACTION_TRACE | Acc=admin | Path=/Home/GetMenu | IP=::1 | Start=2026-05-13 10:53:09.366 | Elapsed=38ms | Status=Completed
2026-05-13 10:53:11 | INF | CONTROLLER_EXEC | Acc= admin | IP=::1 | Path=SYS202100/SYS202100 | Message=GET /SYS202100/SYS202100
2026-05-13 10:53:11 | ERR | The partial view 'SYS202100' was not found. Searched locations: ["/Areas/SYS202100/Views/SYS202100/SYS202100.cshtml","/Areas/SYS202100/Views/Shared/SYS202100.cshtml","/Views/Shared/SYS202100.cshtml","/Views/Shared/Tables/SYS202100.cshtml"]
2026-05-13 10:53:12 | ERR | REQUEST_EXCEPTION | Path=/SYS202100/SYS202100 | Method=GET
2026-05-13 10:53:24 | INF | ACTION_TRACE | Acc=admin | Path=/.well-known/appspecific/com.chrome.devtools.json | IP=::1 | Start=2026-05-13 10:53:24.901 | Elapsed=0ms | Status=Completed
2026-05-13 10:53:24 | INF | ACTION_TRACE | Acc=admin | Path=/lib/html-to-image/html-to-image.js.map | IP=::1 | Start=2026-05-13 10:53:24.942 | Elapsed=0ms | Status=Completed
2026-05-13 10:58:24 | WRN | No store type was specified for the decimal property 'OveMoney' on entity type 'HROvertime'. This will cause values to be silently truncated if they do not fit in the default precision and scale. Explicitly specify the SQL server column type that can accommodate all the values in 'OnModelCreating' using 'HasColumnType', specify precision and scale using 'HasPrecision', or configure a value converter using 'HasConversion'.
2026-05-13 10:58:24 | WRN | No store type was specified for the decimal property 'Wag1D1Hour' on entity type 'HRWage'. This will cause values to be silently truncated if they do not fit in the default precision and scale. Explicitly specify the SQL server column type that can accommodate all the values in 'OnModelCreating' using 'HasColumnType', specify precision and scale using 'HasPrecision', or configure a value converter using 'HasConversion'.
2026-05-13 10:58:24 | WRN | No store type was specified for the decimal property 'Wag2D1Hour' on entity type 'HRWage'. This will cause values to be silently truncated if they do not fit in the default precision and scale. Explicitly specify the SQL server column type that can accommodate all the values in 'OnModelCreating' using 'HasColumnType', specify precision and scale using 'HasPrecision', or configure a value converter using 'HasConversion'.
2026-05-13 10:58:24 | WRN | No store type was specified for the decimal property 'Wag4D3Hour' on entity type 'HRWage'. This will cause values to be silently truncated if they do not fit in the default precision and scale. Explicitly specify the SQL server column type that can accommodate all the values in 'OnModelCreating' using 'HasColumnType', specify precision and scale using 'HasPrecision', or configure a value converter using 'HasConversion'.
2026-05-13 10:58:24 | WRN | No store type was specified for the decimal property 'Wag5D3Hour' on entity type 'HRWage'. This will cause values to be silently truncated if they do not fit in the default precision and scale. Explicitly specify the SQL server column type that can accommodate all the values in 'OnModelCreating' using 'HasColumnType', specify precision and scale using 'HasPrecision', or configure a value converter using 'HasConversion'.
2026-05-13 10:58:24 | WRN | No store type was specified for the decimal property 'Wag8D3Hour' on entity type 'HRWage'. This will cause values to be silently truncated if they do not fit in the default precision and scale. Explicitly specify the SQL server column type that can accommodate all the values in 'OnModelCreating' using 'HasColumnType', specify precision and scale using 'HasPrecision', or configure a value converter using 'HasConversion'.
2026-05-13 10:58:24 | WRN | No store type was specified for the decimal property 'WagApplyHour' on entity type 'HRWage'. This will cause values to be silently truncated if they do not fit in the default precision and scale. Explicitly specify the SQL server column type that can accommodate all the values in 'OnModelCreating' using 'HasColumnType', specify precision and scale using 'HasPrecision', or configure a value converter using 'HasConversion'.
2026-05-13 10:58:24 | WRN | No store type was specified for the decimal property 'WagIssueHour' on entity type 'HRWage'. This will cause values to be silently truncated if they do not fit in the default precision and scale. Explicitly specify the SQL server column type that can accommodate all the values in 'OnModelCreating' using 'HasColumnType', specify precision and scale using 'HasPrecision', or configure a value converter using 'HasConversion'.
2026-05-13 10:58:24 | WRN | No store type was specified for the decimal property 'WagSubtotal' on entity type 'HRWage'. This will cause values to be silently truncated if they do not fit in the default precision and scale. Explicitly specify the SQL server column type that can accommodate all the values in 'OnModelCreating' using 'HasColumnType', specify precision and scale using 'HasPrecision', or configure a value converter using 'HasConversion'.
2026-05-13 10:58:29 | WRN | The query uses the 'First'/'FirstOrDefault' operator without 'OrderBy' and filter operators. This may lead to unpredictable results.
2026-05-13 10:58:30 | INF | ACTION_TRACE | Acc=admin | Path=/ | IP=::1 | Start=2026-05-13 10:58:23.054 | Elapsed=7362ms | Status=Completed
2026-05-13 10:58:30 | INF | NETWORK_UNSTABLE | Acc=admin | Path=/ | Reason=SlowRequest 7362ms
2026-05-13 10:58:30 | INF | ACTION_TRACE | Acc=admin | Path=/Captcha/Generate | IP=::1 | Start=2026-05-13 10:58:30.665 | Elapsed=41ms | Status=Completed
2026-05-13 10:58:30 | INF | ACTION_TRACE | Acc=admin | Path=/DNTCaptchaImage/Show | IP=::1 | Start=2026-05-13 10:58:30.716 | Elapsed=124ms | Status=Completed
2026-05-13 10:58:44 | INF | ACTION_TRACE | Acc=admin | Path=/Account/Login | IP=::1 | Start=2026-05-13 10:58:36.546 | Elapsed=7687ms | Status=Completed
2026-05-13 10:58:44 | INF | NETWORK_UNSTABLE | Acc=admin | Path=/Account/Login | Reason=SlowRequest 7687ms
2026-05-13 10:58:44 | INF | ACTION_TRACE | Acc=admin | Path=/Home/Index | IP=::1 | Start=2026-05-13 10:58:44.249 | Elapsed=234ms | Status=Completed
2026-05-13 10:59:25 | INF | ACTION_TRACE | Acc=admin | Path=/Home/GetMenu | IP=::1 | Start=2026-05-13 10:59:25.536 | Elapsed=49ms | Status=Completed
2026-05-13 10:59:29 | INF | CONTROLLER_EXEC | Acc= admin | IP=::1 | Path=SYS202100/SYS202100 | Message=GET /SYS202100/SYS202100
2026-05-13 10:59:29 | ERR | The partial view 'SYS202100' was not found. Searched locations: ["/Areas/SYS202100/Views/SYS202100/SYS202100.cshtml","/Areas/SYS202100/Views/Shared/SYS202100.cshtml","/Views/Shared/SYS202100.cshtml","/Views/Shared/Tables/SYS202100.cshtml"]
2026-05-13 10:59:29 | ERR | REQUEST_EXCEPTION | Path=/SYS202100/SYS202100 | Method=GET
2026-05-13 10:59:33 | INF | ACTION_TRACE | Acc=admin | Path=/.well-known/appspecific/com.chrome.devtools.json | IP=::1 | Start=2026-05-13 10:59:33.053 | Elapsed=0ms | Status=Completed
2026-05-13 10:59:33 | INF | ACTION_TRACE | Acc=admin | Path=/lib/html-to-image/html-to-image.js.map | IP=::1 | Start=2026-05-13 10:59:33.166 | Elapsed=0ms | Status=Completed
2026-05-13 10:59:46 | INF | ACTION_TRACE | Acc=admin | Path=/ | IP=::1 | Start=2026-05-13 10:59:46.455 | Elapsed=333ms | Status=Completed
2026-05-13 10:59:46 | INF | ACTION_TRACE | Acc=admin | Path=/.well-known/appspecific/com.chrome.devtools.json | IP=::1 | Start=2026-05-13 10:59:46.936 | Elapsed=0ms | Status=Completed
2026-05-13 10:59:47 | INF | ACTION_TRACE | Acc=admin | Path=/Home/Index | IP=::1 | Start=2026-05-13 10:59:47.018 | Elapsed=49ms | Status=Completed
2026-05-13 10:59:47 | INF | ACTION_TRACE | Acc=admin | Path=/.well-known/appspecific/com.chrome.devtools.json | IP=::1 | Start=2026-05-13 10:59:47.214 | Elapsed=0ms | Status=Completed
2026-05-13 10:59:47 | INF | ACTION_TRACE | Acc=admin | Path=/lib/html-to-image/html-to-image.js.map | IP=::1 | Start=2026-05-13 10:59:47.358 | Elapsed=0ms | Status=Completed
2026-05-13 10:59:51 | INF | ACTION_TRACE | Acc=admin | Path=/Home/GetMenu | IP=::1 | Start=2026-05-13 10:59:51.287 | Elapsed=49ms | Status=Completed
2026-05-13 10:59:59 | INF | CONTROLLER_EXEC | Acc= admin | IP=::1 | Path=SYS202100/SYS202100 | Message=GET /SYS202100/SYS202100
2026-05-13 10:59:59 | ERR | The partial view 'SYS202100' was not found. Searched locations: ["/Areas/SYS202100/Views/SYS202100/SYS202100.cshtml","/Areas/SYS202100/Views/Shared/SYS202100.cshtml","/Views/Shared/SYS202100.cshtml","/Views/Shared/Tables/SYS202100.cshtml"]
2026-05-13 10:59:59 | ERR | REQUEST_EXCEPTION | Path=/SYS202100/SYS202100 | Method=GET
2026-05-13 11:04:35 | WRN | No store type was specified for the decimal property 'OveMoney' on entity type 'HROvertime'. This will cause values to be silently truncated if they do not fit in the default precision and scale. Explicitly specify the SQL server column type that can accommodate all the values in 'OnModelCreating' using 'HasColumnType', specify precision and scale using 'HasPrecision', or configure a value converter using 'HasConversion'.
2026-05-13 11:04:35 | WRN | No store type was specified for the decimal property 'Wag1D1Hour' on entity type 'HRWage'. This will cause values to be silently truncated if they do not fit in the default precision and scale. Explicitly specify the SQL server column type that can accommodate all the values in 'OnModelCreating' using 'HasColumnType', specify precision and scale using 'HasPrecision', or configure a value converter using 'HasConversion'.
2026-05-13 11:04:35 | WRN | No store type was specified for the decimal property 'Wag2D1Hour' on entity type 'HRWage'. This will cause values to be silently truncated if they do not fit in the default precision and scale. Explicitly specify the SQL server column type that can accommodate all the values in 'OnModelCreating' using 'HasColumnType', specify precision and scale using 'HasPrecision', or configure a value converter using 'HasConversion'.
2026-05-13 11:04:35 | WRN | No store type was specified for the decimal property 'Wag4D3Hour' on entity type 'HRWage'. This will cause values to be silently truncated if they do not fit in the default precision and scale. Explicitly specify the SQL server column type that can accommodate all the values in 'OnModelCreating' using 'HasColumnType', specify precision and scale using 'HasPrecision', or configure a value converter using 'HasConversion'.
2026-05-13 11:04:35 | WRN | No store type was specified for the decimal property 'Wag5D3Hour' on entity type 'HRWage'. This will cause values to be silently truncated if they do not fit in the default precision and scale. Explicitly specify the SQL server column type that can accommodate all the values in 'OnModelCreating' using 'HasColumnType', specify precision and scale using 'HasPrecision', or configure a value converter using 'HasConversion'.
2026-05-13 11:04:35 | WRN | No store type was specified for the decimal property 'Wag8D3Hour' on entity type 'HRWage'. This will cause values to be silently truncated if they do not fit in the default precision and scale. Explicitly specify the SQL server column type that can accommodate all the values in 'OnModelCreating' using 'HasColumnType', specify precision and scale using 'HasPrecision', or configure a value converter using 'HasConversion'.
2026-05-13 11:04:35 | WRN | No store type was specified for the decimal property 'WagApplyHour' on entity type 'HRWage'. This will cause values to be silently truncated if they do not fit in the default precision and scale. Explicitly specify the SQL server column type that can accommodate all the values in 'OnModelCreating' using 'HasColumnType', specify precision and scale using 'HasPrecision', or configure a value converter using 'HasConversion'.
2026-05-13 11:04:35 | WRN | No store type was specified for the decimal property 'WagIssueHour' on entity type 'HRWage'. This will cause values to be silently truncated if they do not fit in the default precision and scale. Explicitly specify the SQL server column type that can accommodate all the values in 'OnModelCreating' using 'HasColumnType', specify precision and scale using 'HasPrecision', or configure a value converter using 'HasConversion'.
2026-05-13 11:04:35 | WRN | No store type was specified for the decimal property 'WagSubtotal' on entity type 'HRWage'. This will cause values to be silently truncated if they do not fit in the default precision and scale. Explicitly specify the SQL server column type that can accommodate all the values in 'OnModelCreating' using 'HasColumnType', specify precision and scale using 'HasPrecision', or configure a value converter using 'HasConversion'.
2026-05-13 11:04:40 | WRN | The query uses the 'First'/'FirstOrDefault' operator without 'OrderBy' and filter operators. This may lead to unpredictable results.
2026-05-13 11:04:41 | INF | ACTION_TRACE | Acc=admin | Path=/ | IP=::1 | Start=2026-05-13 11:04:34.358 | Elapsed=7217ms | Status=Completed
2026-05-13 11:04:41 | INF | NETWORK_UNSTABLE | Acc=admin | Path=/ | Reason=SlowRequest 7217ms
2026-05-13 11:04:42 | INF | ACTION_TRACE | Acc=admin | Path=/Captcha/Generate | IP=::1 | Start=2026-05-13 11:04:42.091 | Elapsed=44ms | Status=Completed
2026-05-13 11:04:42 | INF | ACTION_TRACE | Acc=admin | Path=/DNTCaptchaImage/Show | IP=::1 | Start=2026-05-13 11:04:42.147 | Elapsed=123ms | Status=Completed
2026-05-13 11:04:54 | INF | ACTION_TRACE | Acc=admin | Path=/Account/Login | IP=::1 | Start=2026-05-13 11:04:47.972 | Elapsed=6936ms | Status=Completed
2026-05-13 11:04:54 | INF | NETWORK_UNSTABLE | Acc=admin | Path=/Account/Login | Reason=SlowRequest 6936ms
2026-05-13 11:04:55 | INF | ACTION_TRACE | Acc=admin | Path=/Home/Index | IP=::1 | Start=2026-05-13 11:04:54.924 | Elapsed=273ms | Status=Completed
2026-05-13 11:04:58 | INF | ACTION_TRACE | Acc=admin | Path=/Home/GetMenu | IP=::1 | Start=2026-05-13 11:04:58.432 | Elapsed=49ms | Status=Completed
2026-05-13 11:05:06 | INF | CONTROLLER_EXEC | Acc= admin | IP=::1 | Path=SYS202100/SYS202100 | Message=GET /SYS202100/SYS202100
2026-05-13 11:05:06 | ERR | The partial view 'SYS202100' was not found. Searched locations: ["/Areas/SYS202100/Views/SYS202100/SYS202100.cshtml","/Areas/SYS202100/Views/Shared/SYS202100.cshtml","/Views/Shared/SYS202100.cshtml","/Views/Shared/Tables/SYS202100.cshtml"]
2026-05-13 11:05:07 | ERR | REQUEST_EXCEPTION | Path=/SYS202100/SYS202100 | Method=GET
2026-05-13 11:26:44 | WRN | No store type was specified for the decimal property 'OveMoney' on entity type 'HROvertime'. This will cause values to be silently truncated if they do not fit in the default precision and scale. Explicitly specify the SQL server column type that can accommodate all the values in 'OnModelCreating' using 'HasColumnType', specify precision and scale using 'HasPrecision', or configure a value converter using 'HasConversion'.
2026-05-13 11:26:44 | WRN | No store type was specified for the decimal property 'Wag1D1Hour' on entity type 'HRWage'. This will cause values to be silently truncated if they do not fit in the default precision and scale. Explicitly specify the SQL server column type that can accommodate all the values in 'OnModelCreating' using 'HasColumnType', specify precision and scale using 'HasPrecision', or configure a value converter using 'HasConversion'.
2026-05-13 11:26:44 | WRN | No store type was specified for the decimal property 'Wag2D1Hour' on entity type 'HRWage'. This will cause values to be silently truncated if they do not fit in the default precision and scale. Explicitly specify the SQL server column type that can accommodate all the values in 'OnModelCreating' using 'HasColumnType', specify precision and scale using 'HasPrecision', or configure a value converter using 'HasConversion'.
2026-05-13 11:26:44 | WRN | No store type was specified for the decimal property 'Wag4D3Hour' on entity type 'HRWage'. This will cause values to be silently truncated if they do not fit in the default precision and scale. Explicitly specify the SQL server column type that can accommodate all the values in 'OnModelCreating' using 'HasColumnType', specify precision and scale using 'HasPrecision', or configure a value converter using 'HasConversion'.
2026-05-13 11:26:44 | WRN | No store type was specified for the decimal property 'Wag5D3Hour' on entity type 'HRWage'. This will cause values to be silently truncated if they do not fit in the default precision and scale. Explicitly specify the SQL server column type that can accommodate all the values in 'OnModelCreating' using 'HasColumnType', specify precision and scale using 'HasPrecision', or configure a value converter using 'HasConversion'.
2026-05-13 11:26:44 | WRN | No store type was specified for the decimal property 'Wag8D3Hour' on entity type 'HRWage'. This will cause values to be silently truncated if they do not fit in the default precision and scale. Explicitly specify the SQL server column type that can accommodate all the values in 'OnModelCreating' using 'HasColumnType', specify precision and scale using 'HasPrecision', or configure a value converter using 'HasConversion'.
2026-05-13 11:26:44 | WRN | No store type was specified for the decimal property 'WagApplyHour' on entity type 'HRWage'. This will cause values to be silently truncated if they do not fit in the default precision and scale. Explicitly specify the SQL server column type that can accommodate all the values in 'OnModelCreating' using 'HasColumnType', specify precision and scale using 'HasPrecision', or configure a value converter using 'HasConversion'.
2026-05-13 11:26:44 | WRN | No store type was specified for the decimal property 'WagIssueHour' on entity type 'HRWage'. This will cause values to be silently truncated if they do not fit in the default precision and scale. Explicitly specify the SQL server column type that can accommodate all the values in 'OnModelCreating' using 'HasColumnType', specify precision and scale using 'HasPrecision', or configure a value converter using 'HasConversion'.
2026-05-13 11:26:44 | WRN | No store type was specified for the decimal property 'WagSubtotal' on entity type 'HRWage'. This will cause values to be silently truncated if they do not fit in the default precision and scale. Explicitly specify the SQL server column type that can accommodate all the values in 'OnModelCreating' using 'HasColumnType', specify precision and scale using 'HasPrecision', or configure a value converter using 'HasConversion'.
2026-05-13 11:26:49 | WRN | The query uses the 'First'/'FirstOrDefault' operator without 'OrderBy' and filter operators. This may lead to unpredictable results.
2026-05-13 11:26:50 | INF | ACTION_TRACE | Acc=admin | Path=/ | IP=::1 | Start=2026-05-13 11:26:43.751 | Elapsed=7135ms | Status=Completed
2026-05-13 11:26:50 | INF | NETWORK_UNSTABLE | Acc=admin | Path=/ | Reason=SlowRequest 7135ms
2026-05-13 11:26:51 | INF | ACTION_TRACE | Acc=admin | Path=/Captcha/Generate | IP=::1 | Start=2026-05-13 11:26:51.103 | Elapsed=135ms | Status=Completed
2026-05-13 11:26:51 | INF | ACTION_TRACE | Acc=admin | Path=/DNTCaptchaImage/Show | IP=::1 | Start=2026-05-13 11:26:51.451 | Elapsed=115ms | Status=Completed
2026-05-13 11:27:22 | INF | ACTION_TRACE | Acc=admin | Path=/Account/Login | IP=::1 | Start=2026-05-13 11:27:15.385 | Elapsed=7036ms | Status=Completed
2026-05-13 11:27:22 | INF | NETWORK_UNSTABLE | Acc=admin | Path=/Account/Login | Reason=SlowRequest 7036ms
2026-05-13 11:27:22 | INF | ACTION_TRACE | Acc=admin | Path=/Home/Index | IP=::1 | Start=2026-05-13 11:27:22.435 | Elapsed=292ms | Status=Completed
2026-05-13 11:27:26 | INF | ACTION_TRACE | Acc=admin | Path=/Home/GetMenu | IP=::1 | Start=2026-05-13 11:27:26.268 | Elapsed=49ms | Status=Completed
2026-05-13 11:27:31 | INF | CONTROLLER_EXEC | Acc= admin | IP=::1 | Path=SYS202100/SYS202100 | Message=GET /SYS202100/SYS202100
2026-05-13 11:27:31 | ERR | The partial view 'SYS202100' was not found. Searched locations: ["/Areas/SYS202100/Views/SYS202100/SYS202100.cshtml","/Areas/SYS202100/Views/Shared/SYS202100.cshtml","/Views/Shared/SYS202100.cshtml","/Views/Shared/Tables/SYS202100.cshtml"]
2026-05-13 11:27:31 | ERR | REQUEST_EXCEPTION | Path=/SYS202100/SYS202100 | Method=GET
2026-05-13 11:27:33 | INF | ACTION_TRACE | Acc=admin | Path=/.well-known/appspecific/com.chrome.devtools.json | IP=::1 | Start=2026-05-13 11:27:33.374 | Elapsed=0ms | Status=Completed
2026-05-13 11:27:33 | INF | ACTION_TRACE | Acc=admin | Path=/lib/html-to-image/html-to-image.js.map | IP=::1 | Start=2026-05-13 11:27:33.479 | Elapsed=0ms | Status=Completed
2026-05-13 11:31:13 | WRN | No store type was specified for the decimal property 'OveMoney' on entity type 'HROvertime'. This will cause values to be silently truncated if they do not fit in the default precision and scale. Explicitly specify the SQL server column type that can accommodate all the values in 'OnModelCreating' using 'HasColumnType', specify precision and scale using 'HasPrecision', or configure a value converter using 'HasConversion'.
2026-05-13 11:31:13 | WRN | No store type was specified for the decimal property 'Wag1D1Hour' on entity type 'HRWage'. This will cause values to be silently truncated if they do not fit in the default precision and scale. Explicitly specify the SQL server column type that can accommodate all the values in 'OnModelCreating' using 'HasColumnType', specify precision and scale using 'HasPrecision', or configure a value converter using 'HasConversion'.
2026-05-13 11:31:13 | WRN | No store type was specified for the decimal property 'Wag2D1Hour' on entity type 'HRWage'. This will cause values to be silently truncated if they do not fit in the default precision and scale. Explicitly specify the SQL server column type that can accommodate all the values in 'OnModelCreating' using 'HasColumnType', specify precision and scale using 'HasPrecision', or configure a value converter using 'HasConversion'.
2026-05-13 11:31:13 | WRN | No store type was specified for the decimal property 'Wag4D3Hour' on entity type 'HRWage'. This will cause values to be silently truncated if they do not fit in the default precision and scale. Explicitly specify the SQL server column type that can accommodate all the values in 'OnModelCreating' using 'HasColumnType', specify precision and scale using 'HasPrecision', or configure a value converter using 'HasConversion'.
2026-05-13 11:31:13 | WRN | No store type was specified for the decimal property 'Wag5D3Hour' on entity type 'HRWage'. This will cause values to be silently truncated if they do not fit in the default precision and scale. Explicitly specify the SQL server column type that can accommodate all the values in 'OnModelCreating' using 'HasColumnType', specify precision and scale using 'HasPrecision', or configure a value converter using 'HasConversion'.
2026-05-13 11:31:13 | WRN | No store type was specified for the decimal property 'Wag8D3Hour' on entity type 'HRWage'. This will cause values to be silently truncated if they do not fit in the default precision and scale. Explicitly specify the SQL server column type that can accommodate all the values in 'OnModelCreating' using 'HasColumnType', specify precision and scale using 'HasPrecision', or configure a value converter using 'HasConversion'.
2026-05-13 11:31:13 | WRN | No store type was specified for the decimal property 'WagApplyHour' on entity type 'HRWage'. This will cause values to be silently truncated if they do not fit in the default precision and scale. Explicitly specify the SQL server column type that can accommodate all the values in 'OnModelCreating' using 'HasColumnType', specify precision and scale using 'HasPrecision', or configure a value converter using 'HasConversion'.
2026-05-13 11:31:13 | WRN | No store type was specified for the decimal property 'WagIssueHour' on entity type 'HRWage'. This will cause values to be silently truncated if they do not fit in the default precision and scale. Explicitly specify the SQL server column type that can accommodate all the values in 'OnModelCreating' using 'HasColumnType', specify precision and scale using 'HasPrecision', or configure a value converter using 'HasConversion'.
2026-05-13 11:31:13 | WRN | No store type was specified for the decimal property 'WagSubtotal' on entity type 'HRWage'. This will cause values to be silently truncated if they do not fit in the default precision and scale. Explicitly specify the SQL server column type that can accommodate all the values in 'OnModelCreating' using 'HasColumnType', specify precision and scale using 'HasPrecision', or configure a value converter using 'HasConversion'.
2026-05-13 11:31:18 | WRN | The query uses the 'First'/'FirstOrDefault' operator without 'OrderBy' and filter operators. This may lead to unpredictable results.
2026-05-13 11:31:19 | INF | ACTION_TRACE | Acc=admin | Path=/ | IP=::1 | Start=2026-05-13 11:31:11.993 | Elapsed=7616ms | Status=Completed
2026-05-13 11:31:19 | INF | NETWORK_UNSTABLE | Acc=admin | Path=/ | Reason=SlowRequest 7616ms
2026-05-13 11:31:19 | INF | ACTION_TRACE | Acc=admin | Path=/Captcha/Generate | IP=::1 | Start=2026-05-13 11:31:19.826 | Elapsed=36ms | Status=Completed
2026-05-13 11:31:20 | INF | ACTION_TRACE | Acc=admin | Path=/DNTCaptchaImage/Show | IP=::1 | Start=2026-05-13 11:31:19.898 | Elapsed=125ms | Status=Completed
2026-05-13 11:31:37 | INF | ACTION_TRACE | Acc=admin | Path=/Account/Login | IP=::1 | Start=2026-05-13 11:31:30.866 | Elapsed=6979ms | Status=Completed
2026-05-13 11:31:37 | INF | NETWORK_UNSTABLE | Acc=admin | Path=/Account/Login | Reason=SlowRequest 6979ms
2026-05-13 11:31:38 | INF | ACTION_TRACE | Acc=admin | Path=/Home/Index | IP=::1 | Start=2026-05-13 11:31:37.859 | Elapsed=286ms | Status=Completed
2026-05-13 11:32:41 | INF | ACTION_TRACE | Acc=admin | Path=/Home/GetMenu | IP=::1 | Start=2026-05-13 11:32:41.123 | Elapsed=57ms | Status=Completed
2026-05-13 11:32:45 | INF | CONTROLLER_EXEC | Acc= admin | IP=::1 | Path=SYS202100/SYS202100 | Message=GET /SYS202100/SYS202100
2026-05-13 11:32:45 | ERR | The partial view 'SYS202100' was not found. Searched locations: ["/Areas/SYS202100/Views/SYS202100/SYS202100.cshtml","/Areas/SYS202100/Views/Shared/SYS202100.cshtml","/Views/Shared/SYS202100.cshtml","/Views/Shared/Tables/SYS202100.cshtml"]
2026-05-13 11:32:45 | ERR | REQUEST_EXCEPTION | Path=/SYS202100/SYS202100 | Method=GET
2026-05-13 11:32:48 | INF | ACTION_TRACE | Acc=admin | Path=/.well-known/appspecific/com.chrome.devtools.json | IP=::1 | Start=2026-05-13 11:32:48.436 | Elapsed=0ms | Status=Completed
2026-05-13 11:32:48 | INF | ACTION_TRACE | Acc=admin | Path=/lib/html-to-image/html-to-image.js.map | IP=::1 | Start=2026-05-13 11:32:48.545 | Elapsed=0ms | Status=Completed
2026-05-13 11:33:08 | INF | ACTION_TRACE | Acc=admin | Path=/Home/Index | IP=::1 | Start=2026-05-13 11:33:08.647 | Elapsed=81ms | Status=Completed
2026-05-13 11:33:08 | INF | ACTION_TRACE | Acc=admin | Path=/.well-known/appspecific/com.chrome.devtools.json | IP=::1 | Start=2026-05-13 11:33:08.789 | Elapsed=0ms | Status=Completed
2026-05-13 11:33:08 | INF | ACTION_TRACE | Acc=admin | Path=/lib/html-to-image/html-to-image.js.map | IP=::1 | Start=2026-05-13 11:33:08.953 | Elapsed=0ms | Status=Completed
2026-05-13 11:34:57 | INF | ACTION_TRACE | Acc=admin | Path=/Home/GetMenu | IP=::1 | Start=2026-05-13 11:34:57.525 | Elapsed=49ms | Status=Completed
2026-05-13 11:35:00 | INF | CONTROLLER_EXEC | Acc= admin | IP=::1 | Path=SYS202100/SYS202100 | Message=GET /SYS202100/SYS202100
2026-05-13 11:35:00 | ERR | The partial view 'SYS202100' was not found. Searched locations: ["/Areas/SYS202100/Views/SYS202100/SYS202100.cshtml","/Areas/SYS202100/Views/Shared/SYS202100.cshtml","/Views/Shared/SYS202100.cshtml","/Views/Shared/Tables/SYS202100.cshtml"]
2026-05-13 11:35:00 | ERR | REQUEST_EXCEPTION | Path=/SYS202100/SYS202100 | Method=GET
2026-05-13 11:38:40 | INF | ACTION_TRACE | Acc=admin | Path=/Home/Index | IP=::1 | Start=2026-05-13 11:38:39.953 | Elapsed=68ms | Status=Completed
2026-05-13 11:38:40 | INF | ACTION_TRACE | Acc=admin | Path=/lib/html-to-image/html-to-image.js.map | IP=::1 | Start=2026-05-13 11:38:40.268 | Elapsed=0ms | Status=Completed
2026-05-13 11:38:42 | INF | ACTION_TRACE | Acc=admin | Path=/Home/GetMenu | IP=::1 | Start=2026-05-13 11:38:42.605 | Elapsed=8ms | Status=Completed
2026-05-13 11:38:44 | INF | ACTION_TRACE | Acc=admin | Path=/Home/GetMenu | IP=::1 | Start=2026-05-13 11:38:44.531 | Elapsed=10ms | Status=Completed
2026-05-13 11:38:44 | INF | ACTION_TRACE | Acc=admin | Path=/.well-known/appspecific/com.chrome.devtools.json | IP=::1 | Start=2026-05-13 11:38:44.724 | Elapsed=0ms | Status=Completed
2026-05-13 11:38:48 | INF | CONTROLLER_EXEC | Acc= admin | IP=::1 | Path=SYS201002/SYS201002 | Message=GET /SYS201002/SYS201002
2026-05-13 11:38:48 | INF | ACTION_TRACE | Acc=admin | Path=/SYS201002/SYS201002 | IP=::1 | Start=2026-05-13 11:38:48.273 | Elapsed=68ms | Status=Completed
2026-05-13 11:38:48 | INF | ACTION_TRACE | Acc=admin | Path=/sm/6cf3a2be173716d0e4726c68ef6634f00cefa4e7428560c2debae6f24389d3c1.map | IP=::1 | Start=2026-05-13 11:38:48.380 | Elapsed=0ms | Status=Completed
2026-05-13 11:38:48 | INF | CONTROLLER_EXEC | Acc= admin | IP=::1 | Path=SYS201002/GetAllRoleList | Message=POST /SYS201002/GetAllRoleList
2026-05-13 11:38:48 | INF | ACTION_TRACE | Acc=admin | Path=/SYS201002/GetAllRoleList | IP=::1 | Start=2026-05-13 11:38:48.502 | Elapsed=89ms | Status=Completed
2026-05-13 11:38:54 | INF | ACTION_TRACE | Acc=admin | Path=/Home/Index | IP=::1 | Start=2026-05-13 11:38:54.764 | Elapsed=17ms | Status=Completed
2026-05-13 11:38:54 | INF | ACTION_TRACE | Acc=admin | Path=/.well-known/appspecific/com.chrome.devtools.json | IP=::1 | Start=2026-05-13 11:38:54.915 | Elapsed=0ms | Status=Completed
2026-05-13 11:38:55 | INF | ACTION_TRACE | Acc=admin | Path=/lib/html-to-image/html-to-image.js.map | IP=::1 | Start=2026-05-13 11:38:55.009 | Elapsed=0ms | Status=Completed
2026-05-13 11:38:59 | INF | ACTION_TRACE | Acc=admin | Path=/Home/GetMenu | IP=::1 | Start=2026-05-13 11:38:59.608 | Elapsed=7ms | Status=Completed
2026-05-13 11:39:08 | INF | CONTROLLER_EXEC | Acc= admin | IP=::1 | Path=SYS202100/SYS202100 | Message=GET /SYS202100/SYS202100
2026-05-13 11:39:08 | ERR | The partial view 'SYS202100' was not found. Searched locations: ["/Areas/SYS202100/Views/SYS202100/SYS202100.cshtml","/Areas/SYS202100/Views/Shared/SYS202100.cshtml","/Views/Shared/SYS202100.cshtml","/Views/Shared/Tables/SYS202100.cshtml"]
2026-05-13 11:39:08 | ERR | REQUEST_EXCEPTION | Path=/SYS202100/SYS202100 | Method=GET
2026-05-13 11:39:21 | INF | ACTION_TRACE | Acc=admin | Path=/ | IP=::1 | Start=2026-05-13 11:39:21.403 | Elapsed=328ms | Status=Completed
2026-05-13 11:39:21 | INF | ACTION_TRACE | Acc=admin | Path=/.well-known/appspecific/com.chrome.devtools.json | IP=::1 | Start=2026-05-13 11:39:21.795 | Elapsed=0ms | Status=Completed
2026-05-13 11:39:22 | INF | ACTION_TRACE | Acc=admin | Path=/Captcha/Generate | IP=::1 | Start=2026-05-13 11:39:22.306 | Elapsed=10ms | Status=Completed
2026-05-13 11:39:22 | INF | ACTION_TRACE | Acc=admin | Path=/DNTCaptchaImage/Show | IP=::1 | Start=2026-05-13 11:39:22.493 | Elapsed=23ms | Status=Completed
2026-05-13 11:39:31 | INF | ACTION_TRACE | Acc=admin | Path=/Account/Login | IP=::1 | Start=2026-05-13 11:39:26.452 | Elapsed=5354ms | Status=Completed
2026-05-13 11:39:31 | INF | NETWORK_UNSTABLE | Acc=admin | Path=/Account/Login | Reason=SlowRequest 5354ms
2026-05-13 11:39:31 | INF | ACTION_TRACE | Acc=admin | Path=/Home/Index | IP=::1 | Start=2026-05-13 11:39:31.820 | Elapsed=13ms | Status=Completed
2026-05-13 11:39:31 | INF | ACTION_TRACE | Acc=admin | Path=/.well-known/appspecific/com.chrome.devtools.json | IP=::1 | Start=2026-05-13 11:39:31.881 | Elapsed=0ms | Status=Completed
2026-05-13 11:39:32 | INF | ACTION_TRACE | Acc=admin | Path=/lib/html-to-image/html-to-image.js.map | IP=::1 | Start=2026-05-13 11:39:32.055 | Elapsed=0ms | Status=Completed
2026-05-13 11:39:38 | INF | ACTION_TRACE | Acc=admin | Path=/Home/GetMenu | IP=::1 | Start=2026-05-13 11:39:38.426 | Elapsed=18ms | Status=Completed
2026-05-13 11:39:42 | INF | CONTROLLER_EXEC | Acc= admin | IP=::1 | Path=SYS202100/SYS202100 | Message=GET /SYS202100/SYS202100
2026-05-13 11:39:42 | ERR | The partial view 'SYS202100' was not found. Searched locations: ["/Areas/SYS202100/Views/SYS202100/SYS202100.cshtml","/Areas/SYS202100/Views/Shared/SYS202100.cshtml","/Views/Shared/SYS202100.cshtml","/Views/Shared/Tables/SYS202100.cshtml"]
2026-05-13 11:39:42 | ERR | REQUEST_EXCEPTION | Path=/SYS202100/SYS202100 | Method=GET
2026-05-13 11:40:12 | INF | ACTION_TRACE | Acc=admin | Path=/ | IP=::1 | Start=2026-05-13 11:40:11.658 | Elapsed=373ms | Status=Completed
2026-05-13 11:40:12 | INF | ACTION_TRACE | Acc=admin | Path=/.well-known/appspecific/com.chrome.devtools.json | IP=::1 | Start=2026-05-13 11:40:12.130 | Elapsed=0ms | Status=Completed
2026-05-13 11:40:12 | INF | ACTION_TRACE | Acc=admin | Path=/Captcha/Generate | IP=::1 | Start=2026-05-13 11:40:12.537 | Elapsed=1ms | Status=Completed
2026-05-13 11:40:12 | INF | ACTION_TRACE | Acc=admin | Path=/DNTCaptchaImage/Show | IP=::1 | Start=2026-05-13 11:40:12.547 | Elapsed=19ms | Status=Completed
2026-05-13 11:40:16 | INF | ACTION_TRACE | Acc=admin | Path=/Account/Login | IP=::1 | Start=2026-05-13 11:40:15.938 | Elapsed=1018ms | Status=Completed
2026-05-13 11:40:16 | INF | ACTION_TRACE | Acc=admin | Path=/Home/Index | IP=::1 | Start=2026-05-13 11:40:16.965 | Elapsed=19ms | Status=Completed
2026-05-13 11:40:17 | INF | ACTION_TRACE | Acc=admin | Path=/.well-known/appspecific/com.chrome.devtools.json | IP=::1 | Start=2026-05-13 11:40:17.097 | Elapsed=0ms | Status=Completed
2026-05-13 11:40:17 | INF | ACTION_TRACE | Acc=admin | Path=/lib/html-to-image/html-to-image.js.map | IP=::1 | Start=2026-05-13 11:40:17.202 | Elapsed=0ms | Status=Completed
2026-05-13 11:40:22 | INF | ACTION_TRACE | Acc=admin | Path=/Home/GetMenu | IP=::1 | Start=2026-05-13 11:40:22.806 | Elapsed=9ms | Status=Completed
2026-05-13 11:40:25 | INF | CONTROLLER_EXEC | Acc= admin | IP=::1 | Path=SYS201002/SYS201002 | Message=GET /SYS201002/SYS201002
2026-05-13 11:40:25 | INF | ACTION_TRACE | Acc=admin | Path=/SYS201002/SYS201002 | IP=::1 | Start=2026-05-13 11:40:25.125 | Elapsed=10ms | Status=Completed
2026-05-13 11:40:25 | INF | ACTION_TRACE | Acc=admin | Path=/sm/6cf3a2be173716d0e4726c68ef6634f00cefa4e7428560c2debae6f24389d3c1.map | IP=::1 | Start=2026-05-13 11:40:25.204 | Elapsed=0ms | Status=Completed
2026-05-13 11:40:25 | INF | CONTROLLER_EXEC | Acc= admin | IP=::1 | Path=SYS201002/GetAllRoleList | Message=POST /SYS201002/GetAllRoleList
2026-05-13 11:40:25 | INF | ACTION_TRACE | Acc=admin | Path=/SYS201002/GetAllRoleList | IP=::1 | Start=2026-05-13 11:40:25.310 | Elapsed=3ms | Status=Completed
2026-05-13 11:40:41 | INF | CONTROLLER_EXEC | Acc= admin | IP=::1 | Path=SYS202100/SYS202100 | Message=GET /SYS202100/SYS202100
2026-05-13 11:40:41 | ERR | The partial view 'SYS202100' was not found. Searched locations: ["/Areas/SYS202100/Views/SYS202100/SYS202100.cshtml","/Areas/SYS202100/Views/Shared/SYS202100.cshtml","/Views/Shared/SYS202100.cshtml","/Views/Shared/Tables/SYS202100.cshtml"]
2026-05-13 11:40:41 | ERR | REQUEST_EXCEPTION | Path=/SYS202100/SYS202100 | Method=GET
2026-05-13 11:40:47 | INF | CONTROLLER_EXEC | Acc= admin | IP=::1 | Path=SYS202100/SYS202100 | Message=GET /SYS202100/SYS202100
2026-05-13 11:40:47 | ERR | The partial view 'SYS202100' was not found. Searched locations: ["/Areas/SYS202100/Views/SYS202100/SYS202100.cshtml","/Areas/SYS202100/Views/Shared/SYS202100.cshtml","/Views/Shared/SYS202100.cshtml","/Views/Shared/Tables/SYS202100.cshtml"]
2026-05-13 11:40:47 | ERR | REQUEST_EXCEPTION | Path=/SYS202100/SYS202100 | Method=GET
2026-05-13 11:40:47 | INF | CONTROLLER_EXEC | Acc= admin | IP=::1 | Path=SYS202100/SYS202100 | Message=GET /SYS202100/SYS202100
2026-05-13 11:40:47 | ERR | The partial view 'SYS202100' was not found. Searched locations: ["/Areas/SYS202100/Views/SYS202100/SYS202100.cshtml","/Areas/SYS202100/Views/Shared/SYS202100.cshtml","/Views/Shared/SYS202100.cshtml","/Views/Shared/Tables/SYS202100.cshtml"]
2026-05-13 11:40:47 | ERR | REQUEST_EXCEPTION | Path=/SYS202100/SYS202100 | Method=GET
2026-05-13 11:40:52 | INF | CONTROLLER_EXEC | Acc= admin | IP=::1 | Path=SYS202100/SYS202100 | Message=GET /SYS202100/SYS202100
2026-05-13 11:40:52 | ERR | The partial view 'SYS202100' was not found. Searched locations: ["/Areas/SYS202100/Views/SYS202100/SYS202100.cshtml","/Areas/SYS202100/Views/Shared/SYS202100.cshtml","/Views/Shared/SYS202100.cshtml","/Views/Shared/Tables/SYS202100.cshtml"]
2026-05-13 11:40:52 | ERR | REQUEST_EXCEPTION | Path=/SYS202100/SYS202100 | Method=GET
2026-05-13 11:40:54 | INF | CONTROLLER_EXEC | Acc= admin | IP=::1 | Path=SYS202002/SYS202002 | Message=GET /SYS202002/SYS202002
2026-05-13 11:40:54 | INF | ACTION_TRACE | Acc=admin | Path=/SYS202002/SYS202002 | IP=::1 | Start=2026-05-13 11:40:54.621 | Elapsed=55ms | Status=Completed
2026-05-13 11:40:54 | INF | CONTROLLER_EXEC | Acc= admin | IP=::1 | Path=SYS202002/GetDataForTree | Message=GET /SYS202002/GetDataForTree
2026-05-13 11:40:54 | INF | ACTION_TRACE | Acc=admin | Path=/SYS202002/GetDataForTree | IP=::1 | Start=2026-05-13 11:40:54.707 | Elapsed=59ms | Status=Completed
2026-05-13 11:40:55 | INF | CONTROLLER_EXEC | Acc= admin | IP=::1 | Path=SYS202100/SYS202100 | Message=GET /SYS202100/SYS202100
2026-05-13 11:40:55 | ERR | The partial view 'SYS202100' was not found. Searched locations: ["/Areas/SYS202100/Views/SYS202100/SYS202100.cshtml","/Areas/SYS202100/Views/Shared/SYS202100.cshtml","/Views/Shared/SYS202100.cshtml","/Views/Shared/Tables/SYS202100.cshtml"]
2026-05-13 11:40:56 | ERR | REQUEST_EXCEPTION | Path=/SYS202100/SYS202100 | Method=GET
2026-05-13 11:40:59 | INF | ACTION_TRACE | Acc=admin | Path=/Home/Index | IP=::1 | Start=2026-05-13 11:40:59.026 | Elapsed=13ms | Status=Completed
2026-05-13 11:41:03 | INF | ACTION_TRACE | Acc=admin | Path=/Home/GetMenu | IP=::1 | Start=2026-05-13 11:41:03.253 | Elapsed=6ms | Status=Completed
2026-05-13 11:41:05 | INF | CONTROLLER_EXEC | Acc= admin | IP=::1 | Path=SYS202100/SYS202100 | Message=GET /SYS202100/SYS202100
2026-05-13 11:41:05 | ERR | The partial view 'SYS202100' was not found. Searched locations: ["/Areas/SYS202100/Views/SYS202100/SYS202100.cshtml","/Areas/SYS202100/Views/Shared/SYS202100.cshtml","/Views/Shared/SYS202100.cshtml","/Views/Shared/Tables/SYS202100.cshtml"]
2026-05-13 11:41:05 | ERR | REQUEST_EXCEPTION | Path=/SYS202100/SYS202100 | Method=GET
2026-05-13 11:41:07 | INF | ACTION_TRACE | Acc=admin | Path=/.well-known/appspecific/com.chrome.devtools.json | IP=::1 | Start=2026-05-13 11:41:07.624 | Elapsed=0ms | Status=Completed
2026-05-13 11:41:07 | INF | ACTION_TRACE | Acc=admin | Path=/lib/html-to-image/html-to-image.js.map | IP=::1 | Start=2026-05-13 11:41:07.713 | Elapsed=0ms | Status=Completed
2026-05-13 11:42:54 | WRN | No store type was specified for the decimal property 'OveMoney' on entity type 'HROvertime'. This will cause values to be silently truncated if they do not fit in the default precision and scale. Explicitly specify the SQL server column type that can accommodate all the values in 'OnModelCreating' using 'HasColumnType', specify precision and scale using 'HasPrecision', or configure a value converter using 'HasConversion'.
2026-05-13 11:42:54 | WRN | No store type was specified for the decimal property 'Wag1D1Hour' on entity type 'HRWage'. This will cause values to be silently truncated if they do not fit in the default precision and scale. Explicitly specify the SQL server column type that can accommodate all the values in 'OnModelCreating' using 'HasColumnType', specify precision and scale using 'HasPrecision', or configure a value converter using 'HasConversion'.
2026-05-13 11:42:54 | WRN | No store type was specified for the decimal property 'Wag2D1Hour' on entity type 'HRWage'. This will cause values to be silently truncated if they do not fit in the default precision and scale. Explicitly specify the SQL server column type that can accommodate all the values in 'OnModelCreating' using 'HasColumnType', specify precision and scale using 'HasPrecision', or configure a value converter using 'HasConversion'.
2026-05-13 11:42:54 | WRN | No store type was specified for the decimal property 'Wag4D3Hour' on entity type 'HRWage'. This will cause values to be silently truncated if they do not fit in the default precision and scale. Explicitly specify the SQL server column type that can accommodate all the values in 'OnModelCreating' using 'HasColumnType', specify precision and scale using 'HasPrecision', or configure a value converter using 'HasConversion'.
2026-05-13 11:42:54 | WRN | No store type was specified for the decimal property 'Wag5D3Hour' on entity type 'HRWage'. This will cause values to be silently truncated if they do not fit in the default precision and scale. Explicitly specify the SQL server column type that can accommodate all the values in 'OnModelCreating' using 'HasColumnType', specify precision and scale using 'HasPrecision', or configure a value converter using 'HasConversion'.
2026-05-13 11:42:54 | WRN | No store type was specified for the decimal property 'Wag8D3Hour' on entity type 'HRWage'. This will cause values to be silently truncated if they do not fit in the default precision and scale. Explicitly specify the SQL server column type that can accommodate all the values in 'OnModelCreating' using 'HasColumnType', specify precision and scale using 'HasPrecision', or configure a value converter using 'HasConversion'.
2026-05-13 11:42:54 | WRN | No store type was specified for the decimal property 'WagApplyHour' on entity type 'HRWage'. This will cause values to be silently truncated if they do not fit in the default precision and scale. Explicitly specify the SQL server column type that can accommodate all the values in 'OnModelCreating' using 'HasColumnType', specify precision and scale using 'HasPrecision', or configure a value converter using 'HasConversion'.
2026-05-13 11:42:54 | WRN | No store type was specified for the decimal property 'WagIssueHour' on entity type 'HRWage'. This will cause values to be silently truncated if they do not fit in the default precision and scale. Explicitly specify the SQL server column type that can accommodate all the values in 'OnModelCreating' using 'HasColumnType', specify precision and scale using 'HasPrecision', or configure a value converter using 'HasConversion'.
2026-05-13 11:42:54 | WRN | No store type was specified for the decimal property 'WagSubtotal' on entity type 'HRWage'. This will cause values to be silently truncated if they do not fit in the default precision and scale. Explicitly specify the SQL server column type that can accommodate all the values in 'OnModelCreating' using 'HasColumnType', specify precision and scale using 'HasPrecision', or configure a value converter using 'HasConversion'.
2026-05-13 11:42:59 | WRN | The query uses the 'First'/'FirstOrDefault' operator without 'OrderBy' and filter operators. This may lead to unpredictable results.
2026-05-13 11:43:00 | INF | ACTION_TRACE | Acc=admin | Path=/ | IP=::1 | Start=2026-05-13 11:42:53.318 | Elapsed=7584ms | Status=Completed
2026-05-13 11:43:00 | INF | NETWORK_UNSTABLE | Acc=admin | Path=/ | Reason=SlowRequest 7584ms
2026-05-13 11:43:01 | INF | ACTION_TRACE | Acc=admin | Path=/Captcha/Generate | IP=::1 | Start=2026-05-13 11:43:01.210 | Elapsed=67ms | Status=Completed
2026-05-13 11:43:01 | INF | ACTION_TRACE | Acc=admin | Path=/DNTCaptchaImage/Show | IP=::1 | Start=2026-05-13 11:43:01.443 | Elapsed=129ms | Status=Completed
2026-05-13 11:43:16 | INF | ACTION_TRACE | Acc=admin | Path=/Account/Login | IP=::1 | Start=2026-05-13 11:43:09.981 | Elapsed=6866ms | Status=Completed
2026-05-13 11:43:16 | INF | NETWORK_UNSTABLE | Acc=admin | Path=/Account/Login | Reason=SlowRequest 6866ms
2026-05-13 11:43:17 | INF | ACTION_TRACE | Acc=admin | Path=/Home/Index | IP=::1 | Start=2026-05-13 11:43:16.863 | Elapsed=238ms | Status=Completed
2026-05-13 11:43:18 | INF | ACTION_TRACE | Acc=admin | Path=/Home/GetMenu | IP=::1 | Start=2026-05-13 11:43:18.744 | Elapsed=57ms | Status=Completed
2026-05-13 11:43:21 | INF | CONTROLLER_EXEC | Acc= admin | IP=::1 | Path=SYS202100/SYS202100 | Message=GET /SYS202100/SYS202100
2026-05-13 11:43:21 | ERR | The partial view 'SYS202100' was not found. Searched locations: ["/Areas/SYS202100/Views/SYS202100/SYS202100.cshtml","/Areas/SYS202100/Views/Shared/SYS202100.cshtml","/Views/Shared/SYS202100.cshtml","/Views/Shared/Tables/SYS202100.cshtml"]
2026-05-13 11:43:21 | ERR | REQUEST_EXCEPTION | Path=/SYS202100/SYS202100 | Method=GET
2026-05-13 11:43:26 | INF | ACTION_TRACE | Acc=admin | Path=/.well-known/appspecific/com.chrome.devtools.json | IP=::1 | Start=2026-05-13 11:43:26.995 | Elapsed=0ms | Status=Completed
2026-05-13 11:43:27 | INF | ACTION_TRACE | Acc=admin | Path=/lib/html-to-image/html-to-image.js.map | IP=::1 | Start=2026-05-13 11:43:27.050 | Elapsed=0ms | Status=Completed
2026-05-13 11:43:44 | INF | ACTION_TRACE | Acc=admin | Path=/Home/Index | IP=::1 | Start=2026-05-13 11:43:44.529 | Elapsed=53ms | Status=Completed
2026-05-13 11:43:44 | INF | ACTION_TRACE | Acc=admin | Path=/.well-known/appspecific/com.chrome.devtools.json | IP=::1 | Start=2026-05-13 11:43:44.676 | Elapsed=0ms | Status=Completed
2026-05-13 11:43:44 | INF | ACTION_TRACE | Acc=admin | Path=/lib/html-to-image/html-to-image.js.map | IP=::1 | Start=2026-05-13 11:43:44.828 | Elapsed=0ms | Status=Completed
2026-05-13 11:43:46 | INF | ACTION_TRACE | Acc=admin | Path=/Home/GetMenu | IP=::1 | Start=2026-05-13 11:43:46.357 | Elapsed=32ms | Status=Completed
2026-05-13 11:43:48 | INF | CONTROLLER_EXEC | Acc= admin | IP=::1 | Path=ATT111001/ATT111001 | Message=GET /ATT111001/ATT111001
2026-05-13 11:43:48 | INF | ACTION_TRACE | Acc=admin | Path=/ATT111001/ATT111001 | IP=::1 | Start=2026-05-13 11:43:48.600 | Elapsed=91ms | Status=Completed
2026-05-13 11:43:48 | INF | CONTROLLER_EXEC | Acc= admin | IP=::1 | Path=ATT111001/GetList | Message=POST /ATT111001/GetList
2026-05-13 11:43:48 | INF | ACTION_TRACE | Acc=admin | Path=/ATT111001/GetList | IP=::1 | Start=2026-05-13 11:43:48.772 | Elapsed=196ms | Status=Completed
2026-05-13 11:43:49 | INF | CONTROLLER_EXEC | Acc= admin | IP=::1 | Path=ATT111001/GetList | Message=POST /ATT111001/GetList
2026-05-13 11:43:49 | INF | ACTION_TRACE | Acc=admin | Path=/ATT111001/GetList | IP=::1 | Start=2026-05-13 11:43:49.038 | Elapsed=13ms | Status=Completed
2026-05-13 11:44:53 | INF | ACTION_TRACE | Acc=admin | Path=/Home/GetMenu | IP=::1 | Start=2026-05-13 11:44:53.661 | Elapsed=19ms | Status=Completed
2026-05-13 11:44:59 | INF | CONTROLLER_EXEC | Acc= admin | IP=::1 | Path=SYS202100/SYS202100 | Message=GET /SYS202100/SYS202100
2026-05-13 11:44:59 | ERR | The partial view 'SYS202100' was not found. Searched locations: ["/Areas/SYS202100/Views/SYS202100/SYS202100.cshtml","/Areas/SYS202100/Views/Shared/SYS202100.cshtml","/Views/Shared/SYS202100.cshtml","/Views/Shared/Tables/SYS202100.cshtml"]
2026-05-13 11:44:59 | ERR | REQUEST_EXCEPTION | Path=/SYS202100/SYS202100 | Method=GET
2026-05-13 11:45:07 | INF | CONTROLLER_EXEC | Acc= admin | IP=::1 | Path=SYS202100/SYS202100 | Message=GET /SYS202100/SYS202100
2026-05-13 11:45:07 | ERR | The partial view 'SYS202100' was not found. Searched locations: ["/Areas/SYS202100/Views/SYS202100/SYS202100.cshtml","/Areas/SYS202100/Views/Shared/SYS202100.cshtml","/Views/Shared/SYS202100.cshtml","/Views/Shared/Tables/SYS202100.cshtml"]
2026-05-13 11:45:07 | ERR | REQUEST_EXCEPTION | Path=/SYS202100/SYS202100 | Method=GET
2026-05-13 11:45:10 | INF | ACTION_TRACE | Acc=admin | Path=/Home/Index | IP=::1 | Start=2026-05-13 11:45:10.072 | Elapsed=15ms | Status=Completed
2026-05-13 11:45:10 | INF | ACTION_TRACE | Acc=admin | Path=/.well-known/appspecific/com.chrome.devtools.json | IP=::1 | Start=2026-05-13 11:45:10.224 | Elapsed=0ms | Status=Completed
2026-05-13 11:45:10 | INF | ACTION_TRACE | Acc=admin | Path=/lib/html-to-image/html-to-image.js.map | IP=::1 | Start=2026-05-13 11:45:10.358 | Elapsed=0ms | Status=Completed
2026-05-13 11:45:11 | INF | ACTION_TRACE | Acc=admin | Path=/Home/GetMenu | IP=::1 | Start=2026-05-13 11:45:11.538 | Elapsed=10ms | Status=Completed
2026-05-13 11:45:16 | INF | CONTROLLER_EXEC | Acc= admin | IP=::1 | Path=SYS201001/SYS201001 | Message=GET /SYS201001/SYS201001
2026-05-13 11:45:16 | INF | ACTION_TRACE | Acc=admin | Path=/SYS201001/SYS201001 | IP=::1 | Start=2026-05-13 11:45:16.365 | Elapsed=210ms | Status=Completed
2026-05-13 11:45:16 | INF | CONTROLLER_EXEC | Acc= admin | IP=::1 | Path=SYS201001/GetAllAdmins | Message=POST /SYS201001/GetAllAdmins
2026-05-13 11:45:16 | INF | ACTION_TRACE | Acc=admin | Path=/SYS201001/GetAllAdmins | IP=::1 | Start=2026-05-13 11:45:16.732 | Elapsed=83ms | Status=Completed
2026-05-13 11:45:16 | INF | CONTROLLER_EXEC | Acc= admin | IP=::1 | Path=SYS201001/GetAllAdmins | Message=POST /SYS201001/GetAllAdmins
2026-05-13 11:45:16 | INF | ACTION_TRACE | Acc=admin | Path=/SYS201001/GetAllAdmins | IP=::1 | Start=2026-05-13 11:45:16.883 | Elapsed=13ms | Status=Completed
2026-05-13 11:45:24 | INF | ACTION_TRACE | Acc=admin | Path=/Home/Index | IP=::1 | Start=2026-05-13 11:45:24.572 | Elapsed=16ms | Status=Completed
2026-05-13 11:45:24 | INF | ACTION_TRACE | Acc=admin | Path=/.well-known/appspecific/com.chrome.devtools.json | IP=::1 | Start=2026-05-13 11:45:24.675 | Elapsed=0ms | Status=Completed
2026-05-13 11:45:24 | INF | ACTION_TRACE | Acc=admin | Path=/lib/html-to-image/html-to-image.js.map | IP=::1 | Start=2026-05-13 11:45:24.879 | Elapsed=0ms | Status=Completed
2026-05-13 11:45:25 | INF | ACTION_TRACE | Acc=admin | Path=/Home/GetMenu | IP=::1 | Start=2026-05-13 11:45:25.879 | Elapsed=12ms | Status=Completed
2026-05-13 11:45:28 | INF | CONTROLLER_EXEC | Acc= admin | IP=::1 | Path=SYS202100/SYS202100 | Message=GET /SYS202100/SYS202100
2026-05-13 11:45:28 | ERR | The partial view 'SYS202100' was not found. Searched locations: ["/Areas/SYS202100/Views/SYS202100/SYS202100.cshtml","/Areas/SYS202100/Views/Shared/SYS202100.cshtml","/Views/Shared/SYS202100.cshtml","/Views/Shared/Tables/SYS202100.cshtml"]
2026-05-13 11:45:28 | ERR | REQUEST_EXCEPTION | Path=/SYS202100/SYS202100 | Method=GET
2026-05-13 11:58:46 | WRN | No store type was specified for the decimal property 'OveMoney' on entity type 'HROvertime'. This will cause values to be silently truncated if they do not fit in the default precision and scale. Explicitly specify the SQL server column type that can accommodate all the values in 'OnModelCreating' using 'HasColumnType', specify precision and scale using 'HasPrecision', or configure a value converter using 'HasConversion'.
2026-05-13 11:58:46 | WRN | No store type was specified for the decimal property 'Wag1D1Hour' on entity type 'HRWage'. This will cause values to be silently truncated if they do not fit in the default precision and scale. Explicitly specify the SQL server column type that can accommodate all the values in 'OnModelCreating' using 'HasColumnType', specify precision and scale using 'HasPrecision', or configure a value converter using 'HasConversion'.
2026-05-13 11:58:46 | WRN | No store type was specified for the decimal property 'Wag2D1Hour' on entity type 'HRWage'. This will cause values to be silently truncated if they do not fit in the default precision and scale. Explicitly specify the SQL server column type that can accommodate all the values in 'OnModelCreating' using 'HasColumnType', specify precision and scale using 'HasPrecision', or configure a value converter using 'HasConversion'.
2026-05-13 11:58:46 | WRN | No store type was specified for the decimal property 'Wag4D3Hour' on entity type 'HRWage'. This will cause values to be silently truncated if they do not fit in the default precision and scale. Explicitly specify the SQL server column type that can accommodate all the values in 'OnModelCreating' using 'HasColumnType', specify precision and scale using 'HasPrecision', or configure a value converter using 'HasConversion'.
2026-05-13 11:58:46 | WRN | No store type was specified for the decimal property 'Wag5D3Hour' on entity type 'HRWage'. This will cause values to be silently truncated if they do not fit in the default precision and scale. Explicitly specify the SQL server column type that can accommodate all the values in 'OnModelCreating' using 'HasColumnType', specify precision and scale using 'HasPrecision', or configure a value converter using 'HasConversion'.
2026-05-13 11:58:46 | WRN | No store type was specified for the decimal property 'Wag8D3Hour' on entity type 'HRWage'. This will cause values to be silently truncated if they do not fit in the default precision and scale. Explicitly specify the SQL server column type that can accommodate all the values in 'OnModelCreating' using 'HasColumnType', specify precision and scale using 'HasPrecision', or configure a value converter using 'HasConversion'.
2026-05-13 11:58:46 | WRN | No store type was specified for the decimal property 'WagApplyHour' on entity type 'HRWage'. This will cause values to be silently truncated if they do not fit in the default precision and scale. Explicitly specify the SQL server column type that can accommodate all the values in 'OnModelCreating' using 'HasColumnType', specify precision and scale using 'HasPrecision', or configure a value converter using 'HasConversion'.
2026-05-13 11:58:46 | WRN | No store type was specified for the decimal property 'WagIssueHour' on entity type 'HRWage'. This will cause values to be silently truncated if they do not fit in the default precision and scale. Explicitly specify the SQL server column type that can accommodate all the values in 'OnModelCreating' using 'HasColumnType', specify precision and scale using 'HasPrecision', or configure a value converter using 'HasConversion'.
2026-05-13 11:58:46 | WRN | No store type was specified for the decimal property 'WagSubtotal' on entity type 'HRWage'. This will cause values to be silently truncated if they do not fit in the default precision and scale. Explicitly specify the SQL server column type that can accommodate all the values in 'OnModelCreating' using 'HasColumnType', specify precision and scale using 'HasPrecision', or configure a value converter using 'HasConversion'.
2026-05-13 11:58:51 | WRN | The query uses the 'First'/'FirstOrDefault' operator without 'OrderBy' and filter operators. This may lead to unpredictable results.
2026-05-13 11:58:52 | INF | ACTION_TRACE | Acc=admin | Path=/ | IP=::1 | Start=2026-05-13 11:58:45.642 | Elapsed=7276ms | Status=Completed
2026-05-13 11:58:52 | INF | NETWORK_UNSTABLE | Acc=admin | Path=/ | Reason=SlowRequest 7276ms
2026-05-13 11:58:53 | INF | ACTION_TRACE | Acc=admin | Path=/Captcha/Generate | IP=::1 | Start=2026-05-13 11:58:53.136 | Elapsed=114ms | Status=Completed
2026-05-13 11:58:53 | INF | ACTION_TRACE | Acc=admin | Path=/DNTCaptchaImage/Show | IP=::1 | Start=2026-05-13 11:58:53.261 | Elapsed=123ms | Status=Completed
2026-05-13 11:59:03 | INF | ACTION_TRACE | Acc=admin | Path=/Account/Login | IP=::1 | Start=2026-05-13 11:58:56.534 | Elapsed=6898ms | Status=Completed
2026-05-13 11:59:03 | INF | NETWORK_UNSTABLE | Acc=admin | Path=/Account/Login | Reason=SlowRequest 6898ms
2026-05-13 11:59:03 | INF | ACTION_TRACE | Acc=admin | Path=/Home/Index | IP=::1 | Start=2026-05-13 11:59:03.448 | Elapsed=294ms | Status=Completed
2026-05-13 11:59:05 | INF | ACTION_TRACE | Acc=admin | Path=/Home/GetMenu | IP=::1 | Start=2026-05-13 11:59:05.275 | Elapsed=60ms | Status=Completed
2026-05-13 11:59:08 | INF | CONTROLLER_EXEC | Acc= admin | IP=::1 | Path=SYS202100/SYS202100 | Message=GET /SYS202100/SYS202100
2026-05-13 11:59:08 | ERR | The partial view 'SYS202100' was not found. Searched locations: ["/Areas/SYS202100/Views/SYS202100/SYS202100.cshtml","/Areas/SYS202100/Views/Shared/SYS202100.cshtml","/Views/Shared/SYS202100.cshtml","/Views/Shared/Tables/SYS202100.cshtml"]
2026-05-13 11:59:08 | ERR | REQUEST_EXCEPTION | Path=/SYS202100/SYS202100 | Method=GET
2026-05-13 11:59:11 | INF | ACTION_TRACE | Acc=admin | Path=/.well-known/appspecific/com.chrome.devtools.json | IP=::1 | Start=2026-05-13 11:59:11.251 | Elapsed=0ms | Status=Completed
2026-05-13 11:59:11 | INF | ACTION_TRACE | Acc=admin | Path=/lib/html-to-image/html-to-image.js.map | IP=::1 | Start=2026-05-13 11:59:11.284 | Elapsed=0ms | Status=Completed
2026-05-13 13:44:39 | INF | ACTION_TRACE | Acc=admin | Path=/Home/Index | IP=::1 | Start=2026-05-13 13:44:39.383 | Elapsed=290ms | Status=Completed
2026-05-13 13:44:47 | INF | ACTION_TRACE | Acc=admin | Path=/Home/GetMenu | IP=::1 | Start=2026-05-13 13:44:47.016 | Elapsed=17ms | Status=Completed
2026-05-13 13:44:49 | INF | CONTROLLER_EXEC | Acc= admin | IP=::1 | Path=SYS202100/SYS202100 | Message=GET /SYS202100/SYS202100
2026-05-13 13:44:49 | ERR | The partial view 'SYS202100' was not found. Searched locations: ["/Areas/SYS202100/Views/SYS202100/SYS202100.cshtml","/Areas/SYS202100/Views/Shared/SYS202100.cshtml","/Views/Shared/SYS202100.cshtml","/Views/Shared/Tables/SYS202100.cshtml"]
2026-05-13 13:44:50 | ERR | REQUEST_EXCEPTION | Path=/SYS202100/SYS202100 | Method=GET
2026-05-13 13:44:57 | INF | ACTION_TRACE | Acc=admin | Path=/.well-known/appspecific/com.chrome.devtools.json | IP=::1 | Start=2026-05-13 13:44:57.842 | Elapsed=0ms | Status=Completed
2026-05-13 13:44:57 | INF | ACTION_TRACE | Acc=admin | Path=/lib/html-to-image/html-to-image.js.map | IP=::1 | Start=2026-05-13 13:44:57.888 | Elapsed=0ms | Status=Completed
2026-05-13 13:48:13 | WRN | No store type was specified for the decimal property 'OveMoney' on entity type 'HROvertime'. This will cause values to be silently truncated if they do not fit in the default precision and scale. Explicitly specify the SQL server column type that can accommodate all the values in 'OnModelCreating' using 'HasColumnType', specify precision and scale using 'HasPrecision', or configure a value converter using 'HasConversion'.
2026-05-13 13:48:13 | WRN | No store type was specified for the decimal property 'Wag1D1Hour' on entity type 'HRWage'. This will cause values to be silently truncated if they do not fit in the default precision and scale. Explicitly specify the SQL server column type that can accommodate all the values in 'OnModelCreating' using 'HasColumnType', specify precision and scale using 'HasPrecision', or configure a value converter using 'HasConversion'.
2026-05-13 13:48:13 | WRN | No store type was specified for the decimal property 'Wag2D1Hour' on entity type 'HRWage'. This will cause values to be silently truncated if they do not fit in the default precision and scale. Explicitly specify the SQL server column type that can accommodate all the values in 'OnModelCreating' using 'HasColumnType', specify precision and scale using 'HasPrecision', or configure a value converter using 'HasConversion'.
2026-05-13 13:48:13 | WRN | No store type was specified for the decimal property 'Wag4D3Hour' on entity type 'HRWage'. This will cause values to be silently truncated if they do not fit in the default precision and scale. Explicitly specify the SQL server column type that can accommodate all the values in 'OnModelCreating' using 'HasColumnType', specify precision and scale using 'HasPrecision', or configure a value converter using 'HasConversion'.
2026-05-13 13:48:13 | WRN | No store type was specified for the decimal property 'Wag5D3Hour' on entity type 'HRWage'. This will cause values to be silently truncated if they do not fit in the default precision and scale. Explicitly specify the SQL server column type that can accommodate all the values in 'OnModelCreating' using 'HasColumnType', specify precision and scale using 'HasPrecision', or configure a value converter using 'HasConversion'.
2026-05-13 13:48:13 | WRN | No store type was specified for the decimal property 'Wag8D3Hour' on entity type 'HRWage'. This will cause values to be silently truncated if they do not fit in the default precision and scale. Explicitly specify the SQL server column type that can accommodate all the values in 'OnModelCreating' using 'HasColumnType', specify precision and scale using 'HasPrecision', or configure a value converter using 'HasConversion'.
2026-05-13 13:48:13 | WRN | No store type was specified for the decimal property 'WagApplyHour' on entity type 'HRWage'. This will cause values to be silently truncated if they do not fit in the default precision and scale. Explicitly specify the SQL server column type that can accommodate all the values in 'OnModelCreating' using 'HasColumnType', specify precision and scale using 'HasPrecision', or configure a value converter using 'HasConversion'.
2026-05-13 13:48:13 | WRN | No store type was specified for the decimal property 'WagIssueHour' on entity type 'HRWage'. This will cause values to be silently truncated if they do not fit in the default precision and scale. Explicitly specify the SQL server column type that can accommodate all the values in 'OnModelCreating' using 'HasColumnType', specify precision and scale using 'HasPrecision', or configure a value converter using 'HasConversion'.
2026-05-13 13:48:13 | WRN | No store type was specified for the decimal property 'WagSubtotal' on entity type 'HRWage'. This will cause values to be silently truncated if they do not fit in the default precision and scale. Explicitly specify the SQL server column type that can accommodate all the values in 'OnModelCreating' using 'HasColumnType', specify precision and scale using 'HasPrecision', or configure a value converter using 'HasConversion'.
2026-05-13 13:48:18 | WRN | The query uses the 'First'/'FirstOrDefault' operator without 'OrderBy' and filter operators. This may lead to unpredictable results.
2026-05-13 13:48:19 | INF | ACTION_TRACE | Acc=admin | Path=/ | IP=::1 | Start=2026-05-13 13:48:12.708 | Elapsed=7186ms | Status=Completed
2026-05-13 13:48:19 | INF | NETWORK_UNSTABLE | Acc=admin | Path=/ | Reason=SlowRequest 7186ms
2026-05-13 13:48:20 | INF | ACTION_TRACE | Acc=admin | Path=/Captcha/Generate | IP=::1 | Start=2026-05-13 13:48:20.112 | Elapsed=37ms | Status=Completed
2026-05-13 13:48:20 | INF | ACTION_TRACE | Acc=admin | Path=/DNTCaptchaImage/Show | IP=::1 | Start=2026-05-13 13:48:20.203 | Elapsed=216ms | Status=Completed
2026-05-13 13:48:30 | INF | ACTION_TRACE | Acc=admin | Path=/Account/Login | IP=::1 | Start=2026-05-13 13:48:23.895 | Elapsed=6673ms | Status=Completed
2026-05-13 13:48:30 | INF | NETWORK_UNSTABLE | Acc=admin | Path=/Account/Login | Reason=SlowRequest 6673ms
2026-05-13 13:48:30 | INF | ACTION_TRACE | Acc=admin | Path=/Home/Index | IP=::1 | Start=2026-05-13 13:48:30.585 | Elapsed=258ms | Status=Completed
2026-05-13 13:48:36 | INF | ACTION_TRACE | Acc=admin | Path=/Home/GetMenu | IP=::1 | Start=2026-05-13 13:48:36.510 | Elapsed=42ms | Status=Completed
2026-05-13 13:48:42 | INF | CONTROLLER_EXEC | Acc= admin | IP=::1 | Path=SYS201002/SYS201002 | Message=GET /SYS201002/SYS201002
2026-05-13 13:48:42 | INF | ACTION_TRACE | Acc=admin | Path=/SYS201002/SYS201002 | IP=::1 | Start=2026-05-13 13:48:42.535 | Elapsed=102ms | Status=Completed
2026-05-13 13:48:42 | INF | CONTROLLER_EXEC | Acc= admin | IP=::1 | Path=SYS201002/GetAllRoleList | Message=POST /SYS201002/GetAllRoleList
2026-05-13 13:48:42 | INF | ACTION_TRACE | Acc=admin | Path=/SYS201002/GetAllRoleList | IP=::1 | Start=2026-05-13 13:48:42.785 | Elapsed=86ms | Status=Completed
2026-05-13 13:48:47 | INF | ACTION_TRACE | Acc=admin | Path=/.well-known/appspecific/com.chrome.devtools.json | IP=::1 | Start=2026-05-13 13:48:47.970 | Elapsed=0ms | Status=Completed
2026-05-13 13:48:48 | INF | ACTION_TRACE | Acc=admin | Path=/lib/html-to-image/html-to-image.js.map | IP=::1 | Start=2026-05-13 13:48:48.085 | Elapsed=0ms | Status=Completed
2026-05-13 13:48:48 | INF | ACTION_TRACE | Acc=admin | Path=/sm/6cf3a2be173716d0e4726c68ef6634f00cefa4e7428560c2debae6f24389d3c1.map | IP=::1 | Start=2026-05-13 13:48:48.096 | Elapsed=0ms | Status=Completed
2026-05-13 13:48:51 | INF | CONTROLLER_EXEC | Acc= admin | IP=::1 | Path=SYS202100/SYS202100 | Message=GET /SYS202100/SYS202100
2026-05-13 13:48:51 | ERR | The partial view 'SYS202100' was not found. Searched locations: ["/Areas/SYS202100/Views/SYS202100/SYS202100.cshtml","/Areas/SYS202100/Views/Shared/SYS202100.cshtml","/Views/Shared/SYS202100.cshtml","/Views/Shared/Tables/SYS202100.cshtml"]
2026-05-13 13:48:51 | ERR | REQUEST_EXCEPTION | Path=/SYS202100/SYS202100 | Method=GET
2026-05-13 13:49:02 | INF | CONTROLLER_EXEC | Acc= admin | IP=::1 | Path=SYS201001/SYS201001 | Message=GET /SYS201001/SYS201001
2026-05-13 13:49:02 | INF | ACTION_TRACE | Acc=admin | Path=/SYS201001/SYS201001 | IP=::1 | Start=2026-05-13 13:49:02.314 | Elapsed=203ms | Status=Completed
2026-05-13 13:49:02 | INF | CONTROLLER_EXEC | Acc= admin | IP=::1 | Path=SYS201001/GetAllAdmins | Message=POST /SYS201001/GetAllAdmins
2026-05-13 13:49:02 | INF | ACTION_TRACE | Acc=admin | Path=/SYS201001/GetAllAdmins | IP=::1 | Start=2026-05-13 13:49:02.625 | Elapsed=93ms | Status=Completed
2026-05-13 13:49:02 | INF | CONTROLLER_EXEC | Acc= admin | IP=::1 | Path=SYS201001/GetAllAdmins | Message=POST /SYS201001/GetAllAdmins
2026-05-13 13:49:02 | INF | ACTION_TRACE | Acc=admin | Path=/SYS201001/GetAllAdmins | IP=::1 | Start=2026-05-13 13:49:02.752 | Elapsed=14ms | Status=Completed
2026-05-13 13:49:17 | INF | CONTROLLER_EXEC | Acc= admin | IP=::1 | Path=SYS202100/SYS202100 | Message=GET /SYS202100/SYS202100
2026-05-13 13:49:17 | ERR | The partial view 'SYS202100' was not found. Searched locations: ["/Areas/SYS202100/Views/SYS202100/SYS202100.cshtml","/Areas/SYS202100/Views/Shared/SYS202100.cshtml","/Views/Shared/SYS202100.cshtml","/Views/Shared/Tables/SYS202100.cshtml"]
2026-05-13 13:49:17 | ERR | REQUEST_EXCEPTION | Path=/SYS202100/SYS202100 | Method=GET
2026-05-13 13:49:25 | INF | CONTROLLER_EXEC | Acc= admin | IP=::1 | Path=SYS202100/SYS202100 | Message=GET /SYS202100/SYS202100
2026-05-13 13:49:25 | ERR | The partial view 'SYS202100' was not found. Searched locations: ["/Areas/SYS202100/Views/SYS202100/SYS202100.cshtml","/Areas/SYS202100/Views/Shared/SYS202100.cshtml","/Views/Shared/SYS202100.cshtml","/Views/Shared/Tables/SYS202100.cshtml"]
2026-05-13 13:49:25 | ERR | REQUEST_EXCEPTION | Path=/SYS202100/SYS202100 | Method=GET
2026-05-13 13:49:39 | INF | CONTROLLER_EXEC | Acc= admin | IP=::1 | Path=SYS202100/SYS202100 | Message=GET /SYS202100/SYS202100
2026-05-13 13:49:39 | ERR | The partial view 'SYS202100' was not found. Searched locations: ["/Areas/SYS202100/Views/SYS202100/SYS202100.cshtml","/Areas/SYS202100/Views/Shared/SYS202100.cshtml","/Views/Shared/SYS202100.cshtml","/Views/Shared/Tables/SYS202100.cshtml"]
2026-05-13 13:49:39 | ERR | REQUEST_EXCEPTION | Path=/SYS202100/SYS202100 | Method=GET
2026-05-13 13:50:27 | INF | ACTION_TRACE | Acc=admin | Path=/Home/Index | IP=::1 | Start=2026-05-13 13:50:27.237 | Elapsed=23ms | Status=Completed
2026-05-13 13:50:27 | INF | ACTION_TRACE | Acc=admin | Path=/.well-known/appspecific/com.chrome.devtools.json | IP=::1 | Start=2026-05-13 13:50:27.441 | Elapsed=0ms | Status=Completed
2026-05-13 13:50:27 | INF | ACTION_TRACE | Acc=admin | Path=/lib/html-to-image/html-to-image.js.map | IP=::1 | Start=2026-05-13 13:50:27.569 | Elapsed=0ms | Status=Completed
2026-05-13 13:50:29 | INF | ACTION_TRACE | Acc=admin | Path=/Home/GetMenu | IP=::1 | Start=2026-05-13 13:50:29.653 | Elapsed=8ms | Status=Completed
2026-05-13 13:50:36 | INF | CONTROLLER_EXEC | Acc= admin | IP=::1 | Path=SYS202100/SYS202100 | Message=GET /SYS202100/SYS202100
2026-05-13 13:50:36 | ERR | The partial view 'SYS202100' was not found. Searched locations: ["/Areas/SYS202100/Views/SYS202100/SYS202100.cshtml","/Areas/SYS202100/Views/Shared/SYS202100.cshtml","/Views/Shared/SYS202100.cshtml","/Views/Shared/Tables/SYS202100.cshtml"]
2026-05-13 13:50:36 | ERR | REQUEST_EXCEPTION | Path=/SYS202100/SYS202100 | Method=GET
2026-05-13 13:54:49 | WRN | No store type was specified for the decimal property 'OveMoney' on entity type 'HROvertime'. This will cause values to be silently truncated if they do not fit in the default precision and scale. Explicitly specify the SQL server column type that can accommodate all the values in 'OnModelCreating' using 'HasColumnType', specify precision and scale using 'HasPrecision', or configure a value converter using 'HasConversion'.
2026-05-13 13:54:49 | WRN | No store type was specified for the decimal property 'Wag1D1Hour' on entity type 'HRWage'. This will cause values to be silently truncated if they do not fit in the default precision and scale. Explicitly specify the SQL server column type that can accommodate all the values in 'OnModelCreating' using 'HasColumnType', specify precision and scale using 'HasPrecision', or configure a value converter using 'HasConversion'.
2026-05-13 13:54:49 | WRN | No store type was specified for the decimal property 'Wag2D1Hour' on entity type 'HRWage'. This will cause values to be silently truncated if they do not fit in the default precision and scale. Explicitly specify the SQL server column type that can accommodate all the values in 'OnModelCreating' using 'HasColumnType', specify precision and scale using 'HasPrecision', or configure a value converter using 'HasConversion'.
2026-05-13 13:54:49 | WRN | No store type was specified for the decimal property 'Wag4D3Hour' on entity type 'HRWage'. This will cause values to be silently truncated if they do not fit in the default precision and scale. Explicitly specify the SQL server column type that can accommodate all the values in 'OnModelCreating' using 'HasColumnType', specify precision and scale using 'HasPrecision', or configure a value converter using 'HasConversion'.
2026-05-13 13:54:49 | WRN | No store type was specified for the decimal property 'Wag5D3Hour' on entity type 'HRWage'. This will cause values to be silently truncated if they do not fit in the default precision and scale. Explicitly specify the SQL server column type that can accommodate all the values in 'OnModelCreating' using 'HasColumnType', specify precision and scale using 'HasPrecision', or configure a value converter using 'HasConversion'.
2026-05-13 13:54:49 | WRN | No store type was specified for the decimal property 'Wag8D3Hour' on entity type 'HRWage'. This will cause values to be silently truncated if they do not fit in the default precision and scale. Explicitly specify the SQL server column type that can accommodate all the values in 'OnModelCreating' using 'HasColumnType', specify precision and scale using 'HasPrecision', or configure a value converter using 'HasConversion'.
2026-05-13 13:54:49 | WRN | No store type was specified for the decimal property 'WagApplyHour' on entity type 'HRWage'. This will cause values to be silently truncated if they do not fit in the default precision and scale. Explicitly specify the SQL server column type that can accommodate all the values in 'OnModelCreating' using 'HasColumnType', specify precision and scale using 'HasPrecision', or configure a value converter using 'HasConversion'.
2026-05-13 13:54:49 | WRN | No store type was specified for the decimal property 'WagIssueHour' on entity type 'HRWage'. This will cause values to be silently truncated if they do not fit in the default precision and scale. Explicitly specify the SQL server column type that can accommodate all the values in 'OnModelCreating' using 'HasColumnType', specify precision and scale using 'HasPrecision', or configure a value converter using 'HasConversion'.
2026-05-13 13:54:49 | WRN | No store type was specified for the decimal property 'WagSubtotal' on entity type 'HRWage'. This will cause values to be silently truncated if they do not fit in the default precision and scale. Explicitly specify the SQL server column type that can accommodate all the values in 'OnModelCreating' using 'HasColumnType', specify precision and scale using 'HasPrecision', or configure a value converter using 'HasConversion'.
2026-05-13 13:54:54 | WRN | The query uses the 'First'/'FirstOrDefault' operator without 'OrderBy' and filter operators. This may lead to unpredictable results.
2026-05-13 13:54:55 | INF | ACTION_TRACE | Acc=admin | Path=/ | IP=::1 | Start=2026-05-13 13:54:47.962 | Elapsed=7231ms | Status=Completed
2026-05-13 13:54:55 | INF | NETWORK_UNSTABLE | Acc=admin | Path=/ | Reason=SlowRequest 7231ms
2026-05-13 13:54:55 | INF | ACTION_TRACE | Acc=admin | Path=/Captcha/Generate | IP=::1 | Start=2026-05-13 13:54:55.414 | Elapsed=35ms | Status=Completed
2026-05-13 13:54:55 | INF | ACTION_TRACE | Acc=admin | Path=/DNTCaptchaImage/Show | IP=::1 | Start=2026-05-13 13:54:55.464 | Elapsed=114ms | Status=Completed
2026-05-13 13:55:40 | INF | ACTION_TRACE | Acc=admin | Path=/Account/Login | IP=::1 | Start=2026-05-13 13:55:32.963 | Elapsed=7756ms | Status=Completed
2026-05-13 13:55:40 | INF | NETWORK_UNSTABLE | Acc=admin | Path=/Account/Login | Reason=SlowRequest 7756ms
2026-05-13 13:55:41 | INF | ACTION_TRACE | Acc=admin | Path=/Home/Index | IP=::1 | Start=2026-05-13 13:55:40.738 | Elapsed=300ms | Status=Completed
2026-05-13 13:55:44 | INF | ACTION_TRACE | Acc=admin | Path=/Home/GetMenu | IP=::1 | Start=2026-05-13 13:55:43.983 | Elapsed=44ms | Status=Completed
2026-05-13 13:55:46 | INF | CONTROLLER_EXEC | Acc= admin | IP=::1 | Path=SYS202100/SYS202100 | Message=GET /SYS202100/SYS202100
2026-05-13 13:55:46 | ERR | The partial view 'SYS202100' was not found. Searched locations: ["/Areas/SYS202100/Views/SYS202100/SYS202100.cshtml","/Areas/SYS202100/Views/Shared/SYS202100.cshtml","/Views/Shared/SYS202100.cshtml","/Views/Shared/Tables/SYS202100.cshtml"]
2026-05-13 13:55:46 | ERR | REQUEST_EXCEPTION | Path=/SYS202100/SYS202100 | Method=GET
2026-05-13 13:55:50 | INF | ACTION_TRACE | Acc=admin | Path=/.well-known/appspecific/com.chrome.devtools.json | IP=::1 | Start=2026-05-13 13:55:50.457 | Elapsed=0ms | Status=Completed
2026-05-13 13:55:50 | INF | ACTION_TRACE | Acc=admin | Path=/lib/html-to-image/html-to-image.js.map | IP=::1 | Start=2026-05-13 13:55:50.498 | Elapsed=0ms | Status=Completed
2026-05-13 13:55:51 | INF | ACTION_TRACE | Acc=admin | Path=/Home/Index | IP=::1 | Start=2026-05-13 13:55:51.902 | Elapsed=50ms | Status=Completed
2026-05-13 13:55:52 | INF | ACTION_TRACE | Acc=admin | Path=/.well-known/appspecific/com.chrome.devtools.json | IP=::1 | Start=2026-05-13 13:55:52.058 | Elapsed=0ms | Status=Completed
2026-05-13 13:55:52 | INF | ACTION_TRACE | Acc=admin | Path=/lib/html-to-image/html-to-image.js.map | IP=::1 | Start=2026-05-13 13:55:52.179 | Elapsed=0ms | Status=Completed
2026-05-13 13:55:55 | INF | ACTION_TRACE | Acc=admin | Path=/Home/GetMenu | IP=::1 | Start=2026-05-13 13:55:55.605 | Elapsed=53ms | Status=Completed
2026-05-13 13:55:58 | INF | CONTROLLER_EXEC | Acc= admin | IP=::1 | Path=SYS202100/SYS202100 | Message=GET /SYS202100/SYS202100
2026-05-13 13:55:58 | ERR | The partial view 'SYS202100' was not found. Searched locations: ["/Areas/SYS202100/Views/SYS202100/SYS202100.cshtml","/Areas/SYS202100/Views/Shared/SYS202100.cshtml","/Views/Shared/SYS202100.cshtml","/Views/Shared/Tables/SYS202100.cshtml"]
2026-05-13 13:55:58 | ERR | REQUEST_EXCEPTION | Path=/SYS202100/SYS202100 | Method=GET
2026-05-13 13:57:54 | WRN | No store type was specified for the decimal property 'OveMoney' on entity type 'HROvertime'. This will cause values to be silently truncated if they do not fit in the default precision and scale. Explicitly specify the SQL server column type that can accommodate all the values in 'OnModelCreating' using 'HasColumnType', specify precision and scale using 'HasPrecision', or configure a value converter using 'HasConversion'.
2026-05-13 13:57:54 | WRN | No store type was specified for the decimal property 'Wag1D1Hour' on entity type 'HRWage'. This will cause values to be silently truncated if they do not fit in the default precision and scale. Explicitly specify the SQL server column type that can accommodate all the values in 'OnModelCreating' using 'HasColumnType', specify precision and scale using 'HasPrecision', or configure a value converter using 'HasConversion'.
2026-05-13 13:57:54 | WRN | No store type was specified for the decimal property 'Wag2D1Hour' on entity type 'HRWage'. This will cause values to be silently truncated if they do not fit in the default precision and scale. Explicitly specify the SQL server column type that can accommodate all the values in 'OnModelCreating' using 'HasColumnType', specify precision and scale using 'HasPrecision', or configure a value converter using 'HasConversion'.
2026-05-13 13:57:54 | WRN | No store type was specified for the decimal property 'Wag4D3Hour' on entity type 'HRWage'. This will cause values to be silently truncated if they do not fit in the default precision and scale. Explicitly specify the SQL server column type that can accommodate all the values in 'OnModelCreating' using 'HasColumnType', specify precision and scale using 'HasPrecision', or configure a value converter using 'HasConversion'.
2026-05-13 13:57:54 | WRN | No store type was specified for the decimal property 'Wag5D3Hour' on entity type 'HRWage'. This will cause values to be silently truncated if they do not fit in the default precision and scale. Explicitly specify the SQL server column type that can accommodate all the values in 'OnModelCreating' using 'HasColumnType', specify precision and scale using 'HasPrecision', or configure a value converter using 'HasConversion'.
2026-05-13 13:57:54 | WRN | No store type was specified for the decimal property 'Wag8D3Hour' on entity type 'HRWage'. This will cause values to be silently truncated if they do not fit in the default precision and scale. Explicitly specify the SQL server column type that can accommodate all the values in 'OnModelCreating' using 'HasColumnType', specify precision and scale using 'HasPrecision', or configure a value converter using 'HasConversion'.
2026-05-13 13:57:54 | WRN | No store type was specified for the decimal property 'WagApplyHour' on entity type 'HRWage'. This will cause values to be silently truncated if they do not fit in the default precision and scale. Explicitly specify the SQL server column type that can accommodate all the values in 'OnModelCreating' using 'HasColumnType', specify precision and scale using 'HasPrecision', or configure a value converter using 'HasConversion'.
2026-05-13 13:57:54 | WRN | No store type was specified for the decimal property 'WagIssueHour' on entity type 'HRWage'. This will cause values to be silently truncated if they do not fit in the default precision and scale. Explicitly specify the SQL server column type that can accommodate all the values in 'OnModelCreating' using 'HasColumnType', specify precision and scale using 'HasPrecision', or configure a value converter using 'HasConversion'.
2026-05-13 13:57:54 | WRN | No store type was specified for the decimal property 'WagSubtotal' on entity type 'HRWage'. This will cause values to be silently truncated if they do not fit in the default precision and scale. Explicitly specify the SQL server column type that can accommodate all the values in 'OnModelCreating' using 'HasColumnType', specify precision and scale using 'HasPrecision', or configure a value converter using 'HasConversion'.
2026-05-13 13:57:59 | WRN | The query uses the 'First'/'FirstOrDefault' operator without 'OrderBy' and filter operators. This may lead to unpredictable results.
2026-05-13 13:58:01 | INF | ACTION_TRACE | Acc=admin | Path=/ | IP=::1 | Start=2026-05-13 13:57:53.809 | Elapsed=7250ms | Status=Completed
2026-05-13 13:58:01 | INF | NETWORK_UNSTABLE | Acc=admin | Path=/ | Reason=SlowRequest 7250ms
2026-05-13 13:58:01 | INF | ACTION_TRACE | Acc=admin | Path=/Captcha/Generate | IP=::1 | Start=2026-05-13 13:58:01.283 | Elapsed=106ms | Status=Completed
2026-05-13 13:58:01 | INF | ACTION_TRACE | Acc=admin | Path=/DNTCaptchaImage/Show | IP=::1 | Start=2026-05-13 13:58:01.533 | Elapsed=99ms | Status=Completed
2026-05-13 13:59:13 | INF | ACTION_TRACE | Acc=admin | Path=/Account/Login | IP=::1 | Start=2026-05-13 13:59:03.076 | Elapsed=10115ms | Status=Completed
2026-05-13 13:59:13 | INF | NETWORK_UNSTABLE | Acc=admin | Path=/Account/Login | Reason=SlowRequest 10115ms
2026-05-13 13:59:13 | INF | ACTION_TRACE | Acc=admin | Path=/Home/Index | IP=::1 | Start=2026-05-13 13:59:13.209 | Elapsed=228ms | Status=Completed
2026-05-13 13:59:15 | INF | ACTION_TRACE | Acc=admin | Path=/Home/GetMenu | IP=::1 | Start=2026-05-13 13:59:15.365 | Elapsed=60ms | Status=Completed
2026-05-13 13:59:18 | INF | CONTROLLER_EXEC | Acc= admin | IP=::1 | Path=SYS202100/SYS202100 | Message=GET /SYS202100/SYS202100
2026-05-13 13:59:18 | ERR | The partial view 'SYS202100' was not found. Searched locations: ["/Areas/SYS202100/Views/SYS202100/SYS202100.cshtml","/Areas/SYS202100/Views/Shared/SYS202100.cshtml","/Views/Shared/SYS202100.cshtml","/Views/Shared/Tables/SYS202100.cshtml"]
2026-05-13 13:59:18 | ERR | REQUEST_EXCEPTION | Path=/SYS202100/SYS202100 | Method=GET
2026-05-13 13:59:47 | INF | ACTION_TRACE | Acc=admin | Path=/Home/Index | IP=::1 | Start=2026-05-13 13:59:47.074 | Elapsed=94ms | Status=Completed
2026-05-13 13:59:48 | INF | ACTION_TRACE | Acc=admin | Path=/Home/GetMenu | IP=::1 | Start=2026-05-13 13:59:48.413 | Elapsed=59ms | Status=Completed
2026-05-13 13:59:51 | INF | CONTROLLER_EXEC | Acc= admin | IP=::1 | Path=SYS202100/SYS202100 | Message=GET /SYS202100/SYS202100
2026-05-13 13:59:51 | ERR | The partial view 'SYS202100' was not found. Searched locations: ["/Areas/SYS202100/Views/SYS202100/SYS202100.cshtml","/Areas/SYS202100/Views/Shared/SYS202100.cshtml","/Views/Shared/SYS202100.cshtml","/Views/Shared/Tables/SYS202100.cshtml"]
2026-05-13 13:59:51 | ERR | REQUEST_EXCEPTION | Path=/SYS202100/SYS202100 | Method=GET
2026-05-13 13:59:56 | INF | ACTION_TRACE | Acc=admin | Path=/Home/Index | IP=::1 | Start=2026-05-13 13:59:55.940 | Elapsed=87ms | Status=Completed
2026-05-13 13:59:57 | INF | ACTION_TRACE | Acc=admin | Path=/Home/GetMenu | IP=::1 | Start=2026-05-13 13:59:57.730 | Elapsed=55ms | Status=Completed
2026-05-13 14:00:00 | INF | CONTROLLER_EXEC | Acc= admin | IP=::1 | Path=SYS202100/SYS202100 | Message=GET /SYS202100/SYS202100
2026-05-13 14:00:00 | ERR | The partial view 'SYS202100' was not found. Searched locations: ["/Areas/SYS202100/Views/SYS202100/SYS202100.cshtml","/Areas/SYS202100/Views/Shared/SYS202100.cshtml","/Views/Shared/SYS202100.cshtml","/Views/Shared/Tables/SYS202100.cshtml"]
2026-05-13 14:00:00 | ERR | REQUEST_EXCEPTION | Path=/SYS202100/SYS202100 | Method=GET
2026-05-13 14:00:03 | INF | ACTION_TRACE | Acc=admin | Path=/.well-known/appspecific/com.chrome.devtools.json | IP=::1 | Start=2026-05-13 14:00:03.495 | Elapsed=0ms | Status=Completed
2026-05-13 14:00:03 | INF | ACTION_TRACE | Acc=admin | Path=/lib/html-to-image/html-to-image.js.map | IP=::1 | Start=2026-05-13 14:00:03.624 | Elapsed=0ms | Status=Completed
2026-05-13 14:00:07 | INF | ACTION_TRACE | Acc=admin | Path=/Home/Index | IP=::1 | Start=2026-05-13 14:00:07.309 | Elapsed=64ms | Status=Completed
2026-05-13 14:00:07 | INF | ACTION_TRACE | Acc=admin | Path=/.well-known/appspecific/com.chrome.devtools.json | IP=::1 | Start=2026-05-13 14:00:07.497 | Elapsed=0ms | Status=Completed
2026-05-13 14:00:07 | INF | ACTION_TRACE | Acc=admin | Path=/lib/html-to-image/html-to-image.js.map | IP=::1 | Start=2026-05-13 14:00:07.613 | Elapsed=0ms | Status=Completed
2026-05-13 14:00:08 | INF | ACTION_TRACE | Acc=admin | Path=/Home/GetMenu | IP=::1 | Start=2026-05-13 14:00:08.939 | Elapsed=51ms | Status=Completed
2026-05-13 14:00:11 | INF | CONTROLLER_EXEC | Acc= admin | IP=::1 | Path=SYS202100/SYS202100 | Message=GET /SYS202100/SYS202100
2026-05-13 14:00:11 | ERR | The partial view 'SYS202100' was not found. Searched locations: ["/Areas/SYS202100/Views/SYS202100/SYS202100.cshtml","/Areas/SYS202100/Views/Shared/SYS202100.cshtml","/Views/Shared/SYS202100.cshtml","/Views/Shared/Tables/SYS202100.cshtml"]
2026-05-13 14:00:11 | ERR | REQUEST_EXCEPTION | Path=/SYS202100/SYS202100 | Method=GET
2026-05-13 14:00:21 | INF | ACTION_TRACE | Acc=admin | Path=/Home/Index | IP=::1 | Start=2026-05-13 14:00:21.488 | Elapsed=38ms | Status=Completed
2026-05-13 14:00:21 | INF | ACTION_TRACE | Acc=admin | Path=/.well-known/appspecific/com.chrome.devtools.json | IP=::1 | Start=2026-05-13 14:00:21.573 | Elapsed=0ms | Status=Completed
2026-05-13 14:00:21 | INF | ACTION_TRACE | Acc=admin | Path=/lib/html-to-image/html-to-image.js.map | IP=::1 | Start=2026-05-13 14:00:21.709 | Elapsed=0ms | Status=Completed
2026-05-13 14:00:22 | INF | ACTION_TRACE | Acc=admin | Path=/Home/GetMenu | IP=::1 | Start=2026-05-13 14:00:22.733 | Elapsed=51ms | Status=Completed
2026-05-13 14:00:26 | INF | ACTION_TRACE | Acc=admin | Path=/Home/GetMenu | IP=::1 | Start=2026-05-13 14:00:26.763 | Elapsed=36ms | Status=Completed
2026-05-13 14:00:29 | INF | CONTROLLER_EXEC | Acc= admin | IP=::1 | Path=SYS202100/SYS202100 | Message=GET /SYS202100/SYS202100
2026-05-13 14:00:29 | ERR | The partial view 'SYS202100' was not found. Searched locations: ["/Areas/SYS202100/Views/SYS202100/SYS202100.cshtml","/Areas/SYS202100/Views/Shared/SYS202100.cshtml","/Views/Shared/SYS202100.cshtml","/Views/Shared/Tables/SYS202100.cshtml"]
2026-05-13 14:00:29 | ERR | REQUEST_EXCEPTION | Path=/SYS202100/SYS202100 | Method=GET
2026-05-13 14:00:38 | INF | ACTION_TRACE | Acc=admin | Path=/Home/Index | IP=::1 | Start=2026-05-13 14:00:38.416 | Elapsed=111ms | Status=Completed
2026-05-13 14:00:39 | INF | ACTION_TRACE | Acc=admin | Path=/Home/GetMenu | IP=::1 | Start=2026-05-13 14:00:39.616 | Elapsed=12ms | Status=Completed
2026-05-13 14:00:41 | INF | CONTROLLER_EXEC | Acc= admin | IP=::1 | Path=SYS202100/SYS202100 | Message=GET /SYS202100/SYS202100
2026-05-13 14:00:41 | ERR | The partial view 'SYS202100' was not found. Searched locations: ["/Areas/SYS202100/Views/SYS202100/SYS202100.cshtml","/Areas/SYS202100/Views/Shared/SYS202100.cshtml","/Views/Shared/SYS202100.cshtml","/Views/Shared/Tables/SYS202100.cshtml"]
2026-05-13 14:00:42 | ERR | REQUEST_EXCEPTION | Path=/SYS202100/SYS202100 | Method=GET
2026-05-13 14:00:43 | INF | ACTION_TRACE | Acc=admin | Path=/.well-known/appspecific/com.chrome.devtools.json | IP=::1 | Start=2026-05-13 14:00:43.970 | Elapsed=0ms | Status=Completed
2026-05-13 14:00:44 | INF | ACTION_TRACE | Acc=admin | Path=/lib/html-to-image/html-to-image.js.map | IP=::1 | Start=2026-05-13 14:00:44.066 | Elapsed=0ms | Status=Completed
2026-05-13 14:00:57 | INF | ACTION_TRACE | Acc=admin | Path=/Home/Index | IP=::1 | Start=2026-05-13 14:00:57.119 | Elapsed=21ms | Status=Completed
2026-05-13 14:00:57 | INF | ACTION_TRACE | Acc=admin | Path=/.well-known/appspecific/com.chrome.devtools.json | IP=::1 | Start=2026-05-13 14:00:57.282 | Elapsed=0ms | Status=Completed
2026-05-13 14:00:57 | INF | ACTION_TRACE | Acc=admin | Path=/lib/html-to-image/html-to-image.js.map | IP=::1 | Start=2026-05-13 14:00:57.379 | Elapsed=0ms | Status=Completed
2026-05-13 14:00:59 | INF | ACTION_TRACE | Acc=admin | Path=/Home/GetMenu | IP=::1 | Start=2026-05-13 14:00:59.437 | Elapsed=54ms | Status=Completed
2026-05-13 14:01:02 | INF | CONTROLLER_EXEC | Acc= admin | IP=::1 | Path=SYS201001/SYS201001 | Message=GET /SYS201001/SYS201001
2026-05-13 14:01:03 | INF | ACTION_TRACE | Acc=admin | Path=/SYS201001/SYS201001 | IP=::1 | Start=2026-05-13 14:01:02.807 | Elapsed=213ms | Status=Completed
2026-05-13 14:01:03 | INF | CONTROLLER_EXEC | Acc= admin | IP=::1 | Path=SYS201001/GetAllAdmins | Message=POST /SYS201001/GetAllAdmins
2026-05-13 14:01:03 | INF | ACTION_TRACE | Acc=admin | Path=/SYS201001/GetAllAdmins | IP=::1 | Start=2026-05-13 14:01:03.122 | Elapsed=101ms | Status=Completed
2026-05-13 14:01:03 | INF | CONTROLLER_EXEC | Acc= admin | IP=::1 | Path=SYS201001/GetAllAdmins | Message=POST /SYS201001/GetAllAdmins
2026-05-13 14:01:03 | INF | ACTION_TRACE | Acc=admin | Path=/SYS201001/GetAllAdmins | IP=::1 | Start=2026-05-13 14:01:03.259 | Elapsed=9ms | Status=Completed
2026-05-13 14:01:18 | INF | CONTROLLER_EXEC | Acc= admin | IP=::1 | Path=SYS202100/SYS202100 | Message=GET /SYS202100/SYS202100
2026-05-13 14:01:18 | ERR | The partial view 'SYS202100' was not found. Searched locations: ["/Areas/SYS202100/Views/SYS202100/SYS202100.cshtml","/Areas/SYS202100/Views/Shared/SYS202100.cshtml","/Views/Shared/SYS202100.cshtml","/Views/Shared/Tables/SYS202100.cshtml"]
2026-05-13 14:01:18 | ERR | REQUEST_EXCEPTION | Path=/SYS202100/SYS202100 | Method=GET
2026-05-13 14:02:29 | INF | ACTION_TRACE | Acc=admin | Path=/Home/Index | IP=::1 | Start=2026-05-13 14:02:29.636 | Elapsed=49ms | Status=Completed
2026-05-13 14:02:29 | INF | ACTION_TRACE | Acc=admin | Path=/.well-known/appspecific/com.chrome.devtools.json | IP=::1 | Start=2026-05-13 14:02:29.885 | Elapsed=0ms | Status=Completed
2026-05-13 14:02:29 | INF | ACTION_TRACE | Acc=admin | Path=/lib/html-to-image/html-to-image.js.map | IP=::1 | Start=2026-05-13 14:02:29.936 | Elapsed=0ms | Status=Completed
2026-05-13 14:02:36 | INF | ACTION_TRACE | Acc=admin | Path=/Home/Index | IP=::1 | Start=2026-05-13 14:02:36.258 | Elapsed=70ms | Status=Completed
2026-05-13 14:02:36 | INF | ACTION_TRACE | Acc=admin | Path=/.well-known/appspecific/com.chrome.devtools.json | IP=::1 | Start=2026-05-13 14:02:36.468 | Elapsed=0ms | Status=Completed
2026-05-13 14:02:36 | INF | ACTION_TRACE | Acc=admin | Path=/lib/html-to-image/html-to-image.js.map | IP=::1 | Start=2026-05-13 14:02:36.665 | Elapsed=0ms | Status=Completed
2026-05-13 14:02:37 | INF | ACTION_TRACE | Acc=admin | Path=/Home/GetMenu | IP=::1 | Start=2026-05-13 14:02:37.114 | Elapsed=14ms | Status=Completed
2026-05-13 14:02:39 | INF | CONTROLLER_EXEC | Acc= admin | IP=::1 | Path=SYS202100/SYS202100 | Message=GET /SYS202100/SYS202100
2026-05-13 14:02:39 | INF | ACTION_TRACE | Acc=admin | Path=/SYS202100/SYS202100 | IP=::1 | Start=2026-05-13 14:02:39.547 | Elapsed=61ms | Status=Completed
2026-05-13 14:02:39 | INF | CONTROLLER_EXEC | Acc= admin | IP=::1 | Path=SYS202100/GetList | Message=POST /SYS202100/GetList
2026-05-13 14:02:39 | INF | ACTION_TRACE | Acc=admin | Path=/SYS202100/GetList | IP=::1 | Start=2026-05-13 14:02:39.693 | Elapsed=125ms | Status=Completed
2026-05-13 14:02:39 | INF | CONTROLLER_EXEC | Acc= admin | IP=::1 | Path=SYS202100/GetList | Message=POST /SYS202100/GetList
2026-05-13 14:02:39 | INF | ACTION_TRACE | Acc=admin | Path=/SYS202100/GetList | IP=::1 | Start=2026-05-13 14:02:39.860 | Elapsed=5ms | Status=Completed
2026-05-13 14:02:41 | INF | CONTROLLER_EXEC | Acc= admin | IP=::1 | Path=SYS202100/GetList | Message=POST /SYS202100/GetList
2026-05-13 14:02:41 | INF | ACTION_TRACE | Acc=admin | Path=/SYS202100/GetList | IP=::1 | Start=2026-05-13 14:02:41.173 | Elapsed=15ms | Status=Completed
2026-05-13 14:02:41 | INF | CONTROLLER_EXEC | Acc= admin | IP=::1 | Path=SYS202100/GetList | Message=POST /SYS202100/GetList
2026-05-13 14:02:41 | INF | ACTION_TRACE | Acc=admin | Path=/SYS202100/GetList | IP=::1 | Start=2026-05-13 14:02:41.241 | Elapsed=6ms | Status=Completed
2026-05-13 14:02:47 | INF | CONTROLLER_EXEC | Acc= admin | IP=::1 | Path=SYS202100/GetList | Message=POST /SYS202100/GetList
2026-05-13 14:02:47 | INF | ACTION_TRACE | Acc=admin | Path=/SYS202100/GetList | IP=::1 | Start=2026-05-13 14:02:47.710 | Elapsed=8ms | Status=Completed
2026-05-13 14:02:49 | INF | CONTROLLER_EXEC | Acc= admin | IP=::1 | Path=SYS202100/GetList | Message=POST /SYS202100/GetList
2026-05-13 14:02:49 | INF | ACTION_TRACE | Acc=admin | Path=/SYS202100/GetList | IP=::1 | Start=2026-05-13 14:02:49.814 | Elapsed=7ms | Status=Completed
2026-05-13 14:02:58 | INF | CONTROLLER_EXEC | Acc= admin | IP=::1 | Path=SYS202100/GetList | Message=POST /SYS202100/GetList
2026-05-13 14:02:58 | INF | ACTION_TRACE | Acc=admin | Path=/SYS202100/GetList | IP=::1 | Start=2026-05-13 14:02:58.976 | Elapsed=12ms | Status=Completed
2026-05-13 14:10:34 | WRN | No store type was specified for the decimal property 'OveMoney' on entity type 'HROvertime'. This will cause values to be silently truncated if they do not fit in the default precision and scale. Explicitly specify the SQL server column type that can accommodate all the values in 'OnModelCreating' using 'HasColumnType', specify precision and scale using 'HasPrecision', or configure a value converter using 'HasConversion'.
2026-05-13 14:10:34 | WRN | No store type was specified for the decimal property 'Wag1D1Hour' on entity type 'HRWage'. This will cause values to be silently truncated if they do not fit in the default precision and scale. Explicitly specify the SQL server column type that can accommodate all the values in 'OnModelCreating' using 'HasColumnType', specify precision and scale using 'HasPrecision', or configure a value converter using 'HasConversion'.
2026-05-13 14:10:34 | WRN | No store type was specified for the decimal property 'Wag2D1Hour' on entity type 'HRWage'. This will cause values to be silently truncated if they do not fit in the default precision and scale. Explicitly specify the SQL server column type that can accommodate all the values in 'OnModelCreating' using 'HasColumnType', specify precision and scale using 'HasPrecision', or configure a value converter using 'HasConversion'.
2026-05-13 14:10:34 | WRN | No store type was specified for the decimal property 'Wag4D3Hour' on entity type 'HRWage'. This will cause values to be silently truncated if they do not fit in the default precision and scale. Explicitly specify the SQL server column type that can accommodate all the values in 'OnModelCreating' using 'HasColumnType', specify precision and scale using 'HasPrecision', or configure a value converter using 'HasConversion'.
2026-05-13 14:10:34 | WRN | No store type was specified for the decimal property 'Wag5D3Hour' on entity type 'HRWage'. This will cause values to be silently truncated if they do not fit in the default precision and scale. Explicitly specify the SQL server column type that can accommodate all the values in 'OnModelCreating' using 'HasColumnType', specify precision and scale using 'HasPrecision', or configure a value converter using 'HasConversion'.
2026-05-13 14:10:34 | WRN | No store type was specified for the decimal property 'Wag8D3Hour' on entity type 'HRWage'. This will cause values to be silently truncated if they do not fit in the default precision and scale. Explicitly specify the SQL server column type that can accommodate all the values in 'OnModelCreating' using 'HasColumnType', specify precision and scale using 'HasPrecision', or configure a value converter using 'HasConversion'.
2026-05-13 14:10:34 | WRN | No store type was specified for the decimal property 'WagApplyHour' on entity type 'HRWage'. This will cause values to be silently truncated if they do not fit in the default precision and scale. Explicitly specify the SQL server column type that can accommodate all the values in 'OnModelCreating' using 'HasColumnType', specify precision and scale using 'HasPrecision', or configure a value converter using 'HasConversion'.
2026-05-13 14:10:34 | WRN | No store type was specified for the decimal property 'WagIssueHour' on entity type 'HRWage'. This will cause values to be silently truncated if they do not fit in the default precision and scale. Explicitly specify the SQL server column type that can accommodate all the values in 'OnModelCreating' using 'HasColumnType', specify precision and scale using 'HasPrecision', or configure a value converter using 'HasConversion'.
2026-05-13 14:10:34 | WRN | No store type was specified for the decimal property 'WagSubtotal' on entity type 'HRWage'. This will cause values to be silently truncated if they do not fit in the default precision and scale. Explicitly specify the SQL server column type that can accommodate all the values in 'OnModelCreating' using 'HasColumnType', specify precision and scale using 'HasPrecision', or configure a value converter using 'HasConversion'.
2026-05-13 14:10:39 | WRN | The query uses the 'First'/'FirstOrDefault' operator without 'OrderBy' and filter operators. This may lead to unpredictable results.
2026-05-13 14:10:40 | INF | ACTION_TRACE | Acc=admin | Path=/ | IP=::1 | Start=2026-05-13 14:10:33.512 | Elapsed=7193ms | Status=Completed
2026-05-13 14:10:40 | INF | NETWORK_UNSTABLE | Acc=admin | Path=/ | Reason=SlowRequest 7193ms
2026-05-13 14:10:40 | INF | ACTION_TRACE | Acc=admin | Path=/Captcha/Generate | IP=::1 | Start=2026-05-13 14:10:40.923 | Elapsed=49ms | Status=Completed
2026-05-13 14:10:41 | INF | ACTION_TRACE | Acc=admin | Path=/DNTCaptchaImage/Show | IP=::1 | Start=2026-05-13 14:10:40.996 | Elapsed=166ms | Status=Completed
2026-05-13 14:11:06 | INF | ACTION_TRACE | Acc=admin | Path=/Account/Login | IP=::1 | Start=2026-05-13 14:10:59.783 | Elapsed=6945ms | Status=Completed
2026-05-13 14:11:06 | INF | NETWORK_UNSTABLE | Acc=admin | Path=/Account/Login | Reason=SlowRequest 6945ms
2026-05-13 14:11:07 | INF | ACTION_TRACE | Acc=admin | Path=/Home/Index | IP=::1 | Start=2026-05-13 14:11:06.745 | Elapsed=314ms | Status=Completed
2026-05-13 14:11:10 | INF | ACTION_TRACE | Acc=admin | Path=/Home/GetMenu | IP=::1 | Start=2026-05-13 14:11:10.143 | Elapsed=37ms | Status=Completed
2026-05-13 14:11:14 | INF | CONTROLLER_EXEC | Acc= admin | IP=::1 | Path=SYS202100/SYS202100 | Message=GET /SYS202100/SYS202100
2026-05-13 14:11:14 | INF | ACTION_TRACE | Acc=admin | Path=/SYS202100/SYS202100 | IP=::1 | Start=2026-05-13 14:11:14.263 | Elapsed=111ms | Status=Completed
2026-05-13 14:11:14 | INF | CONTROLLER_EXEC | Acc= admin | IP=::1 | Path=SYS202100/GetList | Message=POST /SYS202100/GetList
2026-05-13 14:11:14 | INF | ACTION_TRACE | Acc=admin | Path=/SYS202100/GetList | IP=::1 | Start=2026-05-13 14:11:14.427 | Elapsed=105ms | Status=Completed
2026-05-13 14:11:14 | INF | CONTROLLER_EXEC | Acc= admin | IP=::1 | Path=SYS202100/GetList | Message=POST /SYS202100/GetList
2026-05-13 14:11:14 | INF | ACTION_TRACE | Acc=admin | Path=/SYS202100/GetList | IP=::1 | Start=2026-05-13 14:11:14.575 | Elapsed=8ms | Status=Completed
2026-05-13 14:14:42 | INF | ACTION_TRACE | Acc=admin | Path=/Home/Index | IP=::1 | Start=2026-05-13 14:14:42.590 | Elapsed=43ms | Status=Completed
2026-05-13 14:15:03 | INF | ACTION_TRACE | Acc=admin | Path=/Home/GetMenu | IP=::1 | Start=2026-05-13 14:15:03.576 | Elapsed=55ms | Status=Completed
2026-05-13 14:15:06 | INF | CONTROLLER_EXEC | Acc= admin | IP=::1 | Path=SYS202100/SYS202100 | Message=GET /SYS202100/SYS202100
2026-05-13 14:15:06 | INF | ACTION_TRACE | Acc=admin | Path=/SYS202100/SYS202100 | IP=::1 | Start=2026-05-13 14:15:06.677 | Elapsed=41ms | Status=Completed
2026-05-13 14:15:06 | INF | CONTROLLER_EXEC | Acc= admin | IP=::1 | Path=SYS202100/GetList | Message=POST /SYS202100/GetList
2026-05-13 14:15:06 | INF | ACTION_TRACE | Acc=admin | Path=/SYS202100/GetList | IP=::1 | Start=2026-05-13 14:15:06.759 | Elapsed=26ms | Status=Completed
2026-05-13 14:15:06 | INF | CONTROLLER_EXEC | Acc= admin | IP=::1 | Path=SYS202100/GetList | Message=POST /SYS202100/GetList
2026-05-13 14:15:06 | INF | ACTION_TRACE | Acc=admin | Path=/SYS202100/GetList | IP=::1 | Start=2026-05-13 14:15:06.816 | Elapsed=7ms | Status=Completed
2026-05-13 14:15:57 | INF | ACTION_TRACE | Acc=admin | Path=/Home/Index | IP=::1 | Start=2026-05-13 14:15:57.320 | Elapsed=47ms | Status=Completed
2026-05-13 14:15:59 | INF | ACTION_TRACE | Acc=admin | Path=/Home/GetMenu | IP=::1 | Start=2026-05-13 14:15:59.331 | Elapsed=41ms | Status=Completed
2026-05-13 14:16:02 | INF | CONTROLLER_EXEC | Acc= admin | IP=::1 | Path=SYS202100/SYS202100 | Message=GET /SYS202100/SYS202100
2026-05-13 14:16:02 | INF | ACTION_TRACE | Acc=admin | Path=/SYS202100/SYS202100 | IP=::1 | Start=2026-05-13 14:16:02.344 | Elapsed=50ms | Status=Completed
2026-05-13 14:16:02 | INF | CONTROLLER_EXEC | Acc= admin | IP=::1 | Path=SYS202100/GetList | Message=POST /SYS202100/GetList
2026-05-13 14:16:02 | INF | ACTION_TRACE | Acc=admin | Path=/SYS202100/GetList | IP=::1 | Start=2026-05-13 14:16:02.425 | Elapsed=23ms | Status=Completed
2026-05-13 14:16:02 | INF | CONTROLLER_EXEC | Acc= admin | IP=::1 | Path=SYS202100/GetList | Message=POST /SYS202100/GetList
2026-05-13 14:16:02 | INF | ACTION_TRACE | Acc=admin | Path=/SYS202100/GetList | IP=::1 | Start=2026-05-13 14:16:02.471 | Elapsed=6ms | Status=Completed
2026-05-13 14:16:36 | INF | ACTION_TRACE | Acc=admin | Path=/Home/Index | IP=::1 | Start=2026-05-13 14:16:36.482 | Elapsed=57ms | Status=Completed
2026-05-13 14:17:03 | INF | ACTION_TRACE | Acc=admin | Path=/Home/Index | IP=::1 | Start=2026-05-13 14:17:02.929 | Elapsed=94ms | Status=Completed
2026-05-13 14:18:03 | INF | ACTION_TRACE | Acc=admin | Path=/Home/Index | IP=::1 | Start=2026-05-13 14:18:03.037 | Elapsed=63ms | Status=Completed
2026-05-13 14:18:03 | INF | ACTION_TRACE | Acc=admin | Path=/Home/GetMenu | IP=::1 | Start=2026-05-13 14:18:03.680 | Elapsed=50ms | Status=Completed
2026-05-13 14:18:05 | INF | CONTROLLER_EXEC | Acc= admin | IP=::1 | Path=SYS202100/SYS202100 | Message=GET /SYS202100/SYS202100
2026-05-13 14:18:06 | INF | ACTION_TRACE | Acc=admin | Path=/SYS202100/SYS202100 | IP=::1 | Start=2026-05-13 14:18:05.985 | Elapsed=44ms | Status=Completed
2026-05-13 14:18:06 | INF | CONTROLLER_EXEC | Acc= admin | IP=::1 | Path=SYS202100/GetList | Message=POST /SYS202100/GetList
2026-05-13 14:18:06 | INF | ACTION_TRACE | Acc=admin | Path=/SYS202100/GetList | IP=::1 | Start=2026-05-13 14:18:06.067 | Elapsed=15ms | Status=Completed
2026-05-13 14:18:06 | INF | CONTROLLER_EXEC | Acc= admin | IP=::1 | Path=SYS202100/GetList | Message=POST /SYS202100/GetList
2026-05-13 14:18:06 | INF | ACTION_TRACE | Acc=admin | Path=/SYS202100/GetList | IP=::1 | Start=2026-05-13 14:18:06.104 | Elapsed=7ms | Status=Completed
2026-05-13 14:20:01 | INF | ACTION_TRACE | Acc=admin | Path=/Home/Index | IP=::1 | Start=2026-05-13 14:20:01.148 | Elapsed=56ms | Status=Completed
2026-05-13 14:21:10 | INF | ACTION_TRACE | Acc=admin | Path=/Home/Index | IP=::1 | Start=2026-05-13 14:21:10.496 | Elapsed=92ms | Status=Completed
2026-05-13 14:22:02 | INF | ACTION_TRACE | Acc=admin | Path=/Home/Index | IP=::1 | Start=2026-05-13 14:22:02.533 | Elapsed=105ms | Status=Completed
2026-05-13 14:22:03 | INF | ACTION_TRACE | Acc=admin | Path=/Home/GetMenu | IP=::1 | Start=2026-05-13 14:22:03.115 | Elapsed=51ms | Status=Completed
2026-05-13 14:22:05 | INF | CONTROLLER_EXEC | Acc= admin | IP=::1 | Path=SYS202100/SYS202100 | Message=GET /SYS202100/SYS202100
2026-05-13 14:22:05 | INF | ACTION_TRACE | Acc=admin | Path=/SYS202100/SYS202100 | IP=::1 | Start=2026-05-13 14:22:05.745 | Elapsed=34ms | Status=Completed
2026-05-13 14:22:05 | ERR | An exception occurred while iterating over the results of a query for context type 'EHRIS.Core.DbContext.ApplicationDbContext'.
System.InvalidOperationException: The required column 'ModifyDisplay' was not present in the results of a 'FromSql' operation.
   at Microsoft.EntityFrameworkCore.Query.Internal.BufferedDataReader.BufferedDataRecord.InitializeFields()
   at Microsoft.EntityFrameworkCore.Query.Internal.BufferedDataReader.BufferedDataRecord.InitializeAsync(DbDataReader reader, IReadOnlyList`1 columns, CancellationToken cancellationToken)
   at Microsoft.EntityFrameworkCore.Query.Internal.BufferedDataReader.InitializeAsync(IReadOnlyList`1 columns, CancellationToken cancellationToken)
   at Microsoft.EntityFrameworkCore.Query.Internal.BufferedDataReader.InitializeAsync(IReadOnlyList`1 columns, CancellationToken cancellationToken)
   at Microsoft.EntityFrameworkCore.Storage.RelationalCommand.ExecuteReaderAsync(RelationalCommandParameterObject parameterObject, CancellationToken cancellationToken)
   at Microsoft.EntityFrameworkCore.Storage.RelationalCommand.ExecuteReaderAsync(RelationalCommandParameterObject parameterObject, CancellationToken cancellationToken)
   at Microsoft.EntityFrameworkCore.Query.Internal.FromSqlQueryingEnumerable`1.AsyncEnumerator.InitializeReaderAsync(AsyncEnumerator enumerator, CancellationToken cancellationToken)
   at Microsoft.EntityFrameworkCore.Storage.ExecutionStrategy.<>c__DisplayClass30_0`2.<<ExecuteAsync>b__0>d.MoveNext()
--- End of stack trace from previous location ---
   at Microsoft.EntityFrameworkCore.Storage.ExecutionStrategy.ExecuteImplementationAsync[TState,TResult](Func`4 operation, Func`4 verifySucceeded, TState state, CancellationToken cancellationToken)
   at Microsoft.EntityFrameworkCore.Storage.ExecutionStrategy.ExecuteImplementationAsync[TState,TResult](Func`4 operation, Func`4 verifySucceeded, TState state, CancellationToken cancellationToken)
   at Microsoft.EntityFrameworkCore.Storage.ExecutionStrategy.ExecuteAsync[TState,TResult](TState state, Func`4 operation, Func`4 verifySucceeded, CancellationToken cancellationToken)
   at Microsoft.EntityFrameworkCore.Query.Internal.FromSqlQueryingEnumerable`1.AsyncEnumerator.MoveNextAsync()
2026-05-13 14:22:06 | INF | CONTROLLER_EXEC | Acc= admin | IP=::1 | Path=SYS202100/GetList | Message=POST /SYS202100/GetList
2026-05-13 14:22:06 | ERR | REQUEST_EXCEPTION | Path=/SYS202100/GetList | Method=POST
2026-05-13 14:22:08 | ERR | An exception occurred while iterating over the results of a query for context type 'EHRIS.Core.DbContext.ApplicationDbContext'.
System.InvalidOperationException: The required column 'ModifyDisplay' was not present in the results of a 'FromSql' operation.
   at Microsoft.EntityFrameworkCore.Query.Internal.BufferedDataReader.BufferedDataRecord.InitializeFields()
   at Microsoft.EntityFrameworkCore.Query.Internal.BufferedDataReader.BufferedDataRecord.InitializeAsync(DbDataReader reader, IReadOnlyList`1 columns, CancellationToken cancellationToken)
   at Microsoft.EntityFrameworkCore.Query.Internal.BufferedDataReader.InitializeAsync(IReadOnlyList`1 columns, CancellationToken cancellationToken)
   at Microsoft.EntityFrameworkCore.Query.Internal.BufferedDataReader.InitializeAsync(IReadOnlyList`1 columns, CancellationToken cancellationToken)
   at Microsoft.EntityFrameworkCore.Storage.RelationalCommand.ExecuteReaderAsync(RelationalCommandParameterObject parameterObject, CancellationToken cancellationToken)
   at Microsoft.EntityFrameworkCore.Storage.RelationalCommand.ExecuteReaderAsync(RelationalCommandParameterObject parameterObject, CancellationToken cancellationToken)
   at Microsoft.EntityFrameworkCore.Query.Internal.FromSqlQueryingEnumerable`1.AsyncEnumerator.InitializeReaderAsync(AsyncEnumerator enumerator, CancellationToken cancellationToken)
   at Microsoft.EntityFrameworkCore.Storage.ExecutionStrategy.<>c__DisplayClass30_0`2.<<ExecuteAsync>b__0>d.MoveNext()
--- End of stack trace from previous location ---
   at Microsoft.EntityFrameworkCore.Storage.ExecutionStrategy.ExecuteImplementationAsync[TState,TResult](Func`4 operation, Func`4 verifySucceeded, TState state, CancellationToken cancellationToken)
   at Microsoft.EntityFrameworkCore.Storage.ExecutionStrategy.ExecuteImplementationAsync[TState,TResult](Func`4 operation, Func`4 verifySucceeded, TState state, CancellationToken cancellationToken)
   at Microsoft.EntityFrameworkCore.Storage.ExecutionStrategy.ExecuteAsync[TState,TResult](TState state, Func`4 operation, Func`4 verifySucceeded, CancellationToken cancellationToken)
   at Microsoft.EntityFrameworkCore.Query.Internal.FromSqlQueryingEnumerable`1.AsyncEnumerator.MoveNextAsync()
2026-05-13 14:22:08 | INF | CONTROLLER_EXEC | Acc= admin | IP=::1 | Path=SYS202100/GetList | Message=POST /SYS202100/GetList
2026-05-13 14:22:09 | ERR | REQUEST_EXCEPTION | Path=/SYS202100/GetList | Method=POST
2026-05-13 14:22:09 | INF | ACTION_TRACE | Acc=admin | Path=/.well-known/appspecific/com.chrome.devtools.json | IP=::1 | Start=2026-05-13 14:22:09.424 | Elapsed=64ms | Status=Completed
2026-05-13 14:22:09 | INF | ACTION_TRACE | Acc=admin | Path=/lib/html-to-image/html-to-image.js.map | IP=::1 | Start=2026-05-13 14:22:09.424 | Elapsed=64ms | Status=Completed
2026-05-13 14:23:58 | WRN | No store type was specified for the decimal property 'OveMoney' on entity type 'HROvertime'. This will cause values to be silently truncated if they do not fit in the default precision and scale. Explicitly specify the SQL server column type that can accommodate all the values in 'OnModelCreating' using 'HasColumnType', specify precision and scale using 'HasPrecision', or configure a value converter using 'HasConversion'.
2026-05-13 14:23:58 | WRN | No store type was specified for the decimal property 'Wag1D1Hour' on entity type 'HRWage'. This will cause values to be silently truncated if they do not fit in the default precision and scale. Explicitly specify the SQL server column type that can accommodate all the values in 'OnModelCreating' using 'HasColumnType', specify precision and scale using 'HasPrecision', or configure a value converter using 'HasConversion'.
2026-05-13 14:23:58 | WRN | No store type was specified for the decimal property 'Wag2D1Hour' on entity type 'HRWage'. This will cause values to be silently truncated if they do not fit in the default precision and scale. Explicitly specify the SQL server column type that can accommodate all the values in 'OnModelCreating' using 'HasColumnType', specify precision and scale using 'HasPrecision', or configure a value converter using 'HasConversion'.
2026-05-13 14:23:58 | WRN | No store type was specified for the decimal property 'Wag4D3Hour' on entity type 'HRWage'. This will cause values to be silently truncated if they do not fit in the default precision and scale. Explicitly specify the SQL server column type that can accommodate all the values in 'OnModelCreating' using 'HasColumnType', specify precision and scale using 'HasPrecision', or configure a value converter using 'HasConversion'.
2026-05-13 14:23:58 | WRN | No store type was specified for the decimal property 'Wag5D3Hour' on entity type 'HRWage'. This will cause values to be silently truncated if they do not fit in the default precision and scale. Explicitly specify the SQL server column type that can accommodate all the values in 'OnModelCreating' using 'HasColumnType', specify precision and scale using 'HasPrecision', or configure a value converter using 'HasConversion'.
2026-05-13 14:23:58 | WRN | No store type was specified for the decimal property 'Wag8D3Hour' on entity type 'HRWage'. This will cause values to be silently truncated if they do not fit in the default precision and scale. Explicitly specify the SQL server column type that can accommodate all the values in 'OnModelCreating' using 'HasColumnType', specify precision and scale using 'HasPrecision', or configure a value converter using 'HasConversion'.
2026-05-13 14:23:58 | WRN | No store type was specified for the decimal property 'WagApplyHour' on entity type 'HRWage'. This will cause values to be silently truncated if they do not fit in the default precision and scale. Explicitly specify the SQL server column type that can accommodate all the values in 'OnModelCreating' using 'HasColumnType', specify precision and scale using 'HasPrecision', or configure a value converter using 'HasConversion'.
2026-05-13 14:23:58 | WRN | No store type was specified for the decimal property 'WagIssueHour' on entity type 'HRWage'. This will cause values to be silently truncated if they do not fit in the default precision and scale. Explicitly specify the SQL server column type that can accommodate all the values in 'OnModelCreating' using 'HasColumnType', specify precision and scale using 'HasPrecision', or configure a value converter using 'HasConversion'.
2026-05-13 14:23:58 | WRN | No store type was specified for the decimal property 'WagSubtotal' on entity type 'HRWage'. This will cause values to be silently truncated if they do not fit in the default precision and scale. Explicitly specify the SQL server column type that can accommodate all the values in 'OnModelCreating' using 'HasColumnType', specify precision and scale using 'HasPrecision', or configure a value converter using 'HasConversion'.
2026-05-13 14:24:03 | WRN | The query uses the 'First'/'FirstOrDefault' operator without 'OrderBy' and filter operators. This may lead to unpredictable results.
2026-05-13 14:24:05 | INF | ACTION_TRACE | Acc=admin | Path=/ | IP=::1 | Start=2026-05-13 14:23:57.313 | Elapsed=7689ms | Status=Completed
2026-05-13 14:24:05 | INF | NETWORK_UNSTABLE | Acc=admin | Path=/ | Reason=SlowRequest 7689ms
2026-05-13 14:24:05 | INF | ACTION_TRACE | Acc=admin | Path=/Captcha/Generate | IP=::1 | Start=2026-05-13 14:24:05.300 | Elapsed=54ms | Status=Completed
2026-05-13 14:24:05 | INF | ACTION_TRACE | Acc=admin | Path=/DNTCaptchaImage/Show | IP=::1 | Start=2026-05-13 14:24:05.546 | Elapsed=136ms | Status=Completed
2026-05-13 14:24:18 | INF | ACTION_TRACE | Acc=admin | Path=/Account/Login | IP=::1 | Start=2026-05-13 14:24:11.050 | Elapsed=7161ms | Status=Completed
2026-05-13 14:24:18 | INF | NETWORK_UNSTABLE | Acc=admin | Path=/Account/Login | Reason=SlowRequest 7161ms
2026-05-13 14:24:18 | INF | ACTION_TRACE | Acc=admin | Path=/Home/Index | IP=::1 | Start=2026-05-13 14:24:18.229 | Elapsed=286ms | Status=Completed
2026-05-13 14:25:09 | INF | ACTION_TRACE | Acc=admin | Path=/Home/GetMenu | IP=::1 | Start=2026-05-13 14:25:09.841 | Elapsed=21ms | Status=Completed
2026-05-13 14:25:14 | INF | CONTROLLER_EXEC | Acc= admin | IP=::1 | Path=SYS202100/SYS202100 | Message=GET /SYS202100/SYS202100
2026-05-13 14:25:14 | INF | ACTION_TRACE | Acc=admin | Path=/SYS202100/SYS202100 | IP=::1 | Start=2026-05-13 14:25:13.959 | Elapsed=101ms | Status=Completed
2026-05-13 14:25:14 | ERR | An exception occurred while iterating over the results of a query for context type 'EHRIS.Core.DbContext.ApplicationDbContext'.
System.InvalidCastException: Unable to cast object of type 'System.DateTime' to type 'System.String'.
   at Microsoft.Data.SqlClient.SqlDataReader.GetString(Int32 i)
   at lambda_method675(Closure, DbDataReader, Int32[])
   at Microsoft.EntityFrameworkCore.Query.Internal.BufferedDataReader.BufferedDataRecord.ReadObject(DbDataReader reader, Int32 ordinal, ReaderColumn column)
   at Microsoft.EntityFrameworkCore.Query.Internal.BufferedDataReader.BufferedDataRecord.ReadRow()
   at Microsoft.EntityFrameworkCore.Query.Internal.BufferedDataReader.BufferedDataRecord.InitializeAsync(DbDataReader reader, IReadOnlyList`1 columns, CancellationToken cancellationToken)
   at Microsoft.EntityFrameworkCore.Query.Internal.BufferedDataReader.InitializeAsync(IReadOnlyList`1 columns, CancellationToken cancellationToken)
   at Microsoft.EntityFrameworkCore.Query.Internal.BufferedDataReader.InitializeAsync(IReadOnlyList`1 columns, CancellationToken cancellationToken)
   at Microsoft.EntityFrameworkCore.Storage.RelationalCommand.ExecuteReaderAsync(RelationalCommandParameterObject parameterObject, CancellationToken cancellationToken)
   at Microsoft.EntityFrameworkCore.Storage.RelationalCommand.ExecuteReaderAsync(RelationalCommandParameterObject parameterObject, CancellationToken cancellationToken)
   at Microsoft.EntityFrameworkCore.Query.Internal.FromSqlQueryingEnumerable`1.AsyncEnumerator.InitializeReaderAsync(AsyncEnumerator enumerator, CancellationToken cancellationToken)
   at Microsoft.EntityFrameworkCore.Storage.ExecutionStrategy.<>c__DisplayClass30_0`2.<<ExecuteAsync>b__0>d.MoveNext()
--- End of stack trace from previous location ---
   at Microsoft.EntityFrameworkCore.Storage.ExecutionStrategy.ExecuteImplementationAsync[TState,TResult](Func`4 operation, Func`4 verifySucceeded, TState state, CancellationToken cancellationToken)
   at Microsoft.EntityFrameworkCore.Storage.ExecutionStrategy.ExecuteImplementationAsync[TState,TResult](Func`4 operation, Func`4 verifySucceeded, TState state, CancellationToken cancellationToken)
   at Microsoft.EntityFrameworkCore.Storage.ExecutionStrategy.ExecuteAsync[TState,TResult](TState state, Func`4 operation, Func`4 verifySucceeded, CancellationToken cancellationToken)
   at Microsoft.EntityFrameworkCore.Query.Internal.FromSqlQueryingEnumerable`1.AsyncEnumerator.MoveNextAsync()
2026-05-13 14:26:15 | WRN | No store type was specified for the decimal property 'OveMoney' on entity type 'HROvertime'. This will cause values to be silently truncated if they do not fit in the default precision and scale. Explicitly specify the SQL server column type that can accommodate all the values in 'OnModelCreating' using 'HasColumnType', specify precision and scale using 'HasPrecision', or configure a value converter using 'HasConversion'.
2026-05-13 14:26:15 | WRN | No store type was specified for the decimal property 'Wag1D1Hour' on entity type 'HRWage'. This will cause values to be silently truncated if they do not fit in the default precision and scale. Explicitly specify the SQL server column type that can accommodate all the values in 'OnModelCreating' using 'HasColumnType', specify precision and scale using 'HasPrecision', or configure a value converter using 'HasConversion'.
2026-05-13 14:26:15 | WRN | No store type was specified for the decimal property 'Wag2D1Hour' on entity type 'HRWage'. This will cause values to be silently truncated if they do not fit in the default precision and scale. Explicitly specify the SQL server column type that can accommodate all the values in 'OnModelCreating' using 'HasColumnType', specify precision and scale using 'HasPrecision', or configure a value converter using 'HasConversion'.
2026-05-13 14:26:15 | WRN | No store type was specified for the decimal property 'Wag4D3Hour' on entity type 'HRWage'. This will cause values to be silently truncated if they do not fit in the default precision and scale. Explicitly specify the SQL server column type that can accommodate all the values in 'OnModelCreating' using 'HasColumnType', specify precision and scale using 'HasPrecision', or configure a value converter using 'HasConversion'.
2026-05-13 14:26:15 | WRN | No store type was specified for the decimal property 'Wag5D3Hour' on entity type 'HRWage'. This will cause values to be silently truncated if they do not fit in the default precision and scale. Explicitly specify the SQL server column type that can accommodate all the values in 'OnModelCreating' using 'HasColumnType', specify precision and scale using 'HasPrecision', or configure a value converter using 'HasConversion'.
2026-05-13 14:26:15 | WRN | No store type was specified for the decimal property 'Wag8D3Hour' on entity type 'HRWage'. This will cause values to be silently truncated if they do not fit in the default precision and scale. Explicitly specify the SQL server column type that can accommodate all the values in 'OnModelCreating' using 'HasColumnType', specify precision and scale using 'HasPrecision', or configure a value converter using 'HasConversion'.
2026-05-13 14:26:15 | WRN | No store type was specified for the decimal property 'WagApplyHour' on entity type 'HRWage'. This will cause values to be silently truncated if they do not fit in the default precision and scale. Explicitly specify the SQL server column type that can accommodate all the values in 'OnModelCreating' using 'HasColumnType', specify precision and scale using 'HasPrecision', or configure a value converter using 'HasConversion'.
2026-05-13 14:26:15 | WRN | No store type was specified for the decimal property 'WagIssueHour' on entity type 'HRWage'. This will cause values to be silently truncated if they do not fit in the default precision and scale. Explicitly specify the SQL server column type that can accommodate all the values in 'OnModelCreating' using 'HasColumnType', specify precision and scale using 'HasPrecision', or configure a value converter using 'HasConversion'.
2026-05-13 14:26:15 | WRN | No store type was specified for the decimal property 'WagSubtotal' on entity type 'HRWage'. This will cause values to be silently truncated if they do not fit in the default precision and scale. Explicitly specify the SQL server column type that can accommodate all the values in 'OnModelCreating' using 'HasColumnType', specify precision and scale using 'HasPrecision', or configure a value converter using 'HasConversion'.
2026-05-13 14:26:20 | WRN | The query uses the 'First'/'FirstOrDefault' operator without 'OrderBy' and filter operators. This may lead to unpredictable results.
2026-05-13 14:26:21 | INF | ACTION_TRACE | Acc=admin | Path=/ | IP=::1 | Start=2026-05-13 14:26:14.425 | Elapsed=7278ms | Status=Completed
2026-05-13 14:26:21 | INF | NETWORK_UNSTABLE | Acc=admin | Path=/ | Reason=SlowRequest 7278ms
2026-05-13 14:26:22 | INF | ACTION_TRACE | Acc=admin | Path=/Captcha/Generate | IP=::1 | Start=2026-05-13 14:26:22.005 | Elapsed=44ms | Status=Completed
2026-05-13 14:26:22 | INF | ACTION_TRACE | Acc=admin | Path=/DNTCaptchaImage/Show | IP=::1 | Start=2026-05-13 14:26:22.224 | Elapsed=104ms | Status=Completed
2026-05-13 14:26:34 | INF | ACTION_TRACE | Acc=admin | Path=/Account/Login | IP=::1 | Start=2026-05-13 14:26:26.576 | Elapsed=8257ms | Status=Completed
2026-05-13 14:26:34 | INF | NETWORK_UNSTABLE | Acc=admin | Path=/Account/Login | Reason=SlowRequest 8257ms
2026-05-13 14:26:35 | INF | ACTION_TRACE | Acc=admin | Path=/Home/Index | IP=::1 | Start=2026-05-13 14:26:34.848 | Elapsed=300ms | Status=Completed
2026-05-13 14:26:37 | INF | ACTION_TRACE | Acc=admin | Path=/Home/GetMenu | IP=::1 | Start=2026-05-13 14:26:37.827 | Elapsed=15ms | Status=Completed
2026-05-13 14:26:40 | INF | CONTROLLER_EXEC | Acc= admin | IP=::1 | Path=SYS202100/SYS202100 | Message=GET /SYS202100/SYS202100
2026-05-13 14:26:40 | INF | ACTION_TRACE | Acc=admin | Path=/SYS202100/SYS202100 | IP=::1 | Start=2026-05-13 14:26:40.653 | Elapsed=104ms | Status=Completed
2026-05-13 14:26:40 | INF | CONTROLLER_EXEC | Acc= admin | IP=::1 | Path=SYS202100/GetList | Message=POST /SYS202100/GetList
2026-05-13 14:26:40 | INF | ACTION_TRACE | Acc=admin | Path=/SYS202100/GetList | IP=::1 | Start=2026-05-13 14:26:40.817 | Elapsed=108ms | Status=Completed
2026-05-13 14:26:47 | INF | CONTROLLER_EXEC | Acc= admin | IP=::1 | Path=SYS202100/GetList | Message=POST /SYS202100/GetList
2026-05-13 14:26:47 | INF | ACTION_TRACE | Acc=admin | Path=/SYS202100/GetList | IP=::1 | Start=2026-05-13 14:26:47.591 | Elapsed=7ms | Status=Completed
2026-05-13 14:29:17 | INF | ACTION_TRACE | Acc=admin | Path=/Home/Index | IP=::1 | Start=2026-05-13 14:29:17.727 | Elapsed=20ms | Status=Completed
2026-05-13 14:30:27 | INF | ACTION_TRACE | Acc=admin | Path=/Home/GetMenu | IP=::1 | Start=2026-05-13 14:30:27.071 | Elapsed=72ms | Status=Completed
2026-05-13 14:30:29 | INF | CONTROLLER_EXEC | Acc= admin | IP=::1 | Path=SYS202100/SYS202100 | Message=GET /SYS202100/SYS202100
2026-05-13 14:30:29 | INF | ACTION_TRACE | Acc=admin | Path=/SYS202100/SYS202100 | IP=::1 | Start=2026-05-13 14:30:29.830 | Elapsed=6ms | Status=Completed
2026-05-13 14:30:29 | INF | CONTROLLER_EXEC | Acc= admin | IP=::1 | Path=SYS202100/GetList | Message=POST /SYS202100/GetList
2026-05-13 14:30:29 | INF | ACTION_TRACE | Acc=admin | Path=/SYS202100/GetList | IP=::1 | Start=2026-05-13 14:30:29.872 | Elapsed=7ms | Status=Completed
2026-05-13 14:30:30 | INF | CONTROLLER_EXEC | Acc= admin | IP=::1 | Path=SYS202100/GetList | Message=POST /SYS202100/GetList
2026-05-13 14:30:30 | INF | ACTION_TRACE | Acc=admin | Path=/SYS202100/GetList | IP=::1 | Start=2026-05-13 14:30:30.831 | Elapsed=7ms | Status=Completed
2026-05-13 14:33:31 | WRN | No store type was specified for the decimal property 'OveMoney' on entity type 'HROvertime'. This will cause values to be silently truncated if they do not fit in the default precision and scale. Explicitly specify the SQL server column type that can accommodate all the values in 'OnModelCreating' using 'HasColumnType', specify precision and scale using 'HasPrecision', or configure a value converter using 'HasConversion'.
2026-05-13 14:33:31 | WRN | No store type was specified for the decimal property 'Wag1D1Hour' on entity type 'HRWage'. This will cause values to be silently truncated if they do not fit in the default precision and scale. Explicitly specify the SQL server column type that can accommodate all the values in 'OnModelCreating' using 'HasColumnType', specify precision and scale using 'HasPrecision', or configure a value converter using 'HasConversion'.
2026-05-13 14:33:31 | WRN | No store type was specified for the decimal property 'Wag2D1Hour' on entity type 'HRWage'. This will cause values to be silently truncated if they do not fit in the default precision and scale. Explicitly specify the SQL server column type that can accommodate all the values in 'OnModelCreating' using 'HasColumnType', specify precision and scale using 'HasPrecision', or configure a value converter using 'HasConversion'.
2026-05-13 14:33:31 | WRN | No store type was specified for the decimal property 'Wag4D3Hour' on entity type 'HRWage'. This will cause values to be silently truncated if they do not fit in the default precision and scale. Explicitly specify the SQL server column type that can accommodate all the values in 'OnModelCreating' using 'HasColumnType', specify precision and scale using 'HasPrecision', or configure a value converter using 'HasConversion'.
2026-05-13 14:33:31 | WRN | No store type was specified for the decimal property 'Wag5D3Hour' on entity type 'HRWage'. This will cause values to be silently truncated if they do not fit in the default precision and scale. Explicitly specify the SQL server column type that can accommodate all the values in 'OnModelCreating' using 'HasColumnType', specify precision and scale using 'HasPrecision', or configure a value converter using 'HasConversion'.
2026-05-13 14:33:31 | WRN | No store type was specified for the decimal property 'Wag8D3Hour' on entity type 'HRWage'. This will cause values to be silently truncated if they do not fit in the default precision and scale. Explicitly specify the SQL server column type that can accommodate all the values in 'OnModelCreating' using 'HasColumnType', specify precision and scale using 'HasPrecision', or configure a value converter using 'HasConversion'.
2026-05-13 14:33:31 | WRN | No store type was specified for the decimal property 'WagApplyHour' on entity type 'HRWage'. This will cause values to be silently truncated if they do not fit in the default precision and scale. Explicitly specify the SQL server column type that can accommodate all the values in 'OnModelCreating' using 'HasColumnType', specify precision and scale using 'HasPrecision', or configure a value converter using 'HasConversion'.
2026-05-13 14:33:31 | WRN | No store type was specified for the decimal property 'WagIssueHour' on entity type 'HRWage'. This will cause values to be silently truncated if they do not fit in the default precision and scale. Explicitly specify the SQL server column type that can accommodate all the values in 'OnModelCreating' using 'HasColumnType', specify precision and scale using 'HasPrecision', or configure a value converter using 'HasConversion'.
2026-05-13 14:33:31 | WRN | No store type was specified for the decimal property 'WagSubtotal' on entity type 'HRWage'. This will cause values to be silently truncated if they do not fit in the default precision and scale. Explicitly specify the SQL server column type that can accommodate all the values in 'OnModelCreating' using 'HasColumnType', specify precision and scale using 'HasPrecision', or configure a value converter using 'HasConversion'.
2026-05-13 14:33:36 | WRN | The query uses the 'First'/'FirstOrDefault' operator without 'OrderBy' and filter operators. This may lead to unpredictable results.
2026-05-13 14:33:37 | INF | ACTION_TRACE | Acc=admin | Path=/ | IP=::1 | Start=2026-05-13 14:33:30.583 | Elapsed=7301ms | Status=Completed
2026-05-13 14:33:37 | INF | NETWORK_UNSTABLE | Acc=admin | Path=/ | Reason=SlowRequest 7301ms
2026-05-13 14:33:38 | INF | ACTION_TRACE | Acc=admin | Path=/Captcha/Generate | IP=::1 | Start=2026-05-13 14:33:38.098 | Elapsed=34ms | Status=Completed
2026-05-13 14:33:38 | INF | ACTION_TRACE | Acc=admin | Path=/DNTCaptchaImage/Show | IP=::1 | Start=2026-05-13 14:33:38.161 | Elapsed=117ms | Status=Completed
2026-05-13 14:33:48 | INF | ACTION_TRACE | Acc=admin | Path=/Account/Login | IP=::1 | Start=2026-05-13 14:33:41.462 | Elapsed=7035ms | Status=Completed
2026-05-13 14:33:48 | INF | NETWORK_UNSTABLE | Acc=admin | Path=/Account/Login | Reason=SlowRequest 7035ms
2026-05-13 14:33:48 | INF | ACTION_TRACE | Acc=admin | Path=/Home/Index | IP=::1 | Start=2026-05-13 14:33:48.511 | Elapsed=242ms | Status=Completed
2026-05-13 14:33:56 | INF | ACTION_TRACE | Acc=admin | Path=/Home/GetMenu | IP=::1 | Start=2026-05-13 14:33:56.506 | Elapsed=51ms | Status=Completed
2026-05-13 14:34:01 | INF | CONTROLLER_EXEC | Acc= admin | IP=::1 | Path=SYS202100/SYS202100 | Message=GET /SYS202100/SYS202100
2026-05-13 14:34:01 | INF | ACTION_TRACE | Acc=admin | Path=/SYS202100/SYS202100 | IP=::1 | Start=2026-05-13 14:34:01.643 | Elapsed=84ms | Status=Completed
2026-05-13 14:34:01 | INF | CONTROLLER_EXEC | Acc= admin | IP=::1 | Path=SYS202100/GetList | Message=POST /SYS202100/GetList
2026-05-13 14:34:01 | INF | ACTION_TRACE | Acc=admin | Path=/SYS202100/GetList | IP=::1 | Start=2026-05-13 14:34:01.785 | Elapsed=116ms | Status=Completed
2026-05-13 14:34:01 | INF | CONTROLLER_EXEC | Acc= admin | IP=::1 | Path=SYS202100/GetList | Message=POST /SYS202100/GetList
2026-05-13 14:34:01 | INF | ACTION_TRACE | Acc=admin | Path=/SYS202100/GetList | IP=::1 | Start=2026-05-13 14:34:01.942 | Elapsed=10ms | Status=Completed
2026-05-13 14:34:02 | INF | CONTROLLER_EXEC | Acc= admin | IP=::1 | Path=SYS202100/GetList | Message=POST /SYS202100/GetList
2026-05-13 14:34:02 | INF | ACTION_TRACE | Acc=admin | Path=/SYS202100/GetList | IP=::1 | Start=2026-05-13 14:34:02.755 | Elapsed=194ms | Status=Completed
2026-05-13 14:34:23 | INF | ACTION_TRACE | Acc=admin | Path=/Home/Index | IP=::1 | Start=2026-05-13 14:34:23.337 | Elapsed=58ms | Status=Completed
2026-05-13 14:34:31 | INF | ACTION_TRACE | Acc=admin | Path=/Home/Index | IP=::1 | Start=2026-05-13 14:34:31.030 | Elapsed=19ms | Status=Completed
2026-05-13 14:34:31 | INF | ACTION_TRACE | Acc=admin | Path=/Home/GetMenu | IP=::1 | Start=2026-05-13 14:34:31.662 | Elapsed=11ms | Status=Completed
2026-05-13 14:34:34 | INF | CONTROLLER_EXEC | Acc= admin | IP=::1 | Path=SYS202100/SYS202100 | Message=GET /SYS202100/SYS202100
2026-05-13 14:34:34 | INF | ACTION_TRACE | Acc=admin | Path=/SYS202100/SYS202100 | IP=::1 | Start=2026-05-13 14:34:34.191 | Elapsed=54ms | Status=Completed
2026-05-13 14:34:34 | INF | CONTROLLER_EXEC | Acc= admin | IP=::1 | Path=SYS202100/GetList | Message=POST /SYS202100/GetList
2026-05-13 14:34:34 | INF | ACTION_TRACE | Acc=admin | Path=/SYS202100/GetList | IP=::1 | Start=2026-05-13 14:34:34.297 | Elapsed=20ms | Status=Completed
2026-05-13 14:34:34 | INF | CONTROLLER_EXEC | Acc= admin | IP=::1 | Path=SYS202100/GetList | Message=POST /SYS202100/GetList
2026-05-13 14:34:34 | INF | ACTION_TRACE | Acc=admin | Path=/SYS202100/GetList | IP=::1 | Start=2026-05-13 14:34:34.346 | Elapsed=4ms | Status=Completed
2026-05-13 14:34:49 | INF | CONTROLLER_EXEC | Acc= admin | IP=::1 | Path=SYS202100/GetList | Message=POST /SYS202100/GetList
2026-05-13 14:34:49 | INF | ACTION_TRACE | Acc=admin | Path=/SYS202100/GetList | IP=::1 | Start=2026-05-13 14:34:49.685 | Elapsed=12ms | Status=Completed
2026-05-13 14:34:52 | INF | ACTION_TRACE | Acc=admin | Path=/Home/Index | IP=::1 | Start=2026-05-13 14:34:52.879 | Elapsed=19ms | Status=Completed
2026-05-13 14:34:54 | INF | CONTROLLER_EXEC | Acc= admin | IP=::1 | Path=SYS202100/GetList | Message=POST /SYS202100/GetList
2026-05-13 14:34:54 | INF | ACTION_TRACE | Acc=admin | Path=/SYS202100/GetList | IP=::1 | Start=2026-05-13 14:34:49.691 | Elapsed=4551ms | Status=Completed
2026-05-13 14:34:54 | INF | NETWORK_UNSTABLE | Acc=admin | Path=/SYS202100/GetList | Reason=SlowRequest 4551ms
2026-05-13 14:34:54 | INF | ACTION_TRACE | Acc=admin | Path=/Home/GetMenu | IP=::1 | Start=2026-05-13 14:34:54.439 | Elapsed=58ms | Status=Completed
2026-05-13 14:34:56 | INF | CONTROLLER_EXEC | Acc= admin | IP=::1 | Path=SYS202100/SYS202100 | Message=GET /SYS202100/SYS202100
2026-05-13 14:34:56 | INF | ACTION_TRACE | Acc=admin | Path=/SYS202100/SYS202100 | IP=::1 | Start=2026-05-13 14:34:56.968 | Elapsed=9ms | Status=Completed
2026-05-13 14:34:57 | INF | CONTROLLER_EXEC | Acc= admin | IP=::1 | Path=SYS202100/GetList | Message=POST /SYS202100/GetList
2026-05-13 14:34:57 | INF | ACTION_TRACE | Acc=admin | Path=/SYS202100/GetList | IP=::1 | Start=2026-05-13 14:34:57.019 | Elapsed=9ms | Status=Completed
2026-05-13 14:34:57 | INF | CONTROLLER_EXEC | Acc= admin | IP=::1 | Path=SYS202100/GetList | Message=POST /SYS202100/GetList
2026-05-13 14:34:57 | INF | ACTION_TRACE | Acc=admin | Path=/SYS202100/GetList | IP=::1 | Start=2026-05-13 14:34:57.059 | Elapsed=5ms | Status=Completed
2026-05-13 14:35:32 | INF | ACTION_TRACE | Acc=admin | Path=/Home/Index | IP=::1 | Start=2026-05-13 14:35:32.103 | Elapsed=16ms | Status=Completed
2026-05-13 14:35:34 | INF | ACTION_TRACE | Acc=admin | Path=/Home/GetMenu | IP=::1 | Start=2026-05-13 14:35:34.251 | Elapsed=15ms | Status=Completed
2026-05-13 14:35:37 | INF | CONTROLLER_EXEC | Acc= admin | IP=::1 | Path=SYS202100/SYS202100 | Message=GET /SYS202100/SYS202100
2026-05-13 14:35:37 | INF | ACTION_TRACE | Acc=admin | Path=/SYS202100/SYS202100 | IP=::1 | Start=2026-05-13 14:35:37.164 | Elapsed=2ms | Status=Completed
2026-05-13 14:35:37 | INF | CONTROLLER_EXEC | Acc= admin | IP=::1 | Path=SYS202100/GetList | Message=POST /SYS202100/GetList
2026-05-13 14:35:37 | INF | ACTION_TRACE | Acc=admin | Path=/SYS202100/GetList | IP=::1 | Start=2026-05-13 14:35:37.199 | Elapsed=7ms | Status=Completed
2026-05-13 14:35:37 | INF | CONTROLLER_EXEC | Acc= admin | IP=::1 | Path=SYS202100/GetList | Message=POST /SYS202100/GetList
2026-05-13 14:35:37 | INF | ACTION_TRACE | Acc=admin | Path=/SYS202100/GetList | IP=::1 | Start=2026-05-13 14:35:37.234 | Elapsed=21ms | Status=Completed
2026-05-13 14:36:05 | INF | ACTION_TRACE | Acc=admin | Path=/Home/Index | IP=::1 | Start=2026-05-13 14:36:05.209 | Elapsed=19ms | Status=Completed
2026-05-13 14:36:13 | INF | ACTION_TRACE | Acc=admin | Path=/Home/Index | IP=::1 | Start=2026-05-13 14:36:13.351 | Elapsed=63ms | Status=Completed
2026-05-13 14:36:14 | INF | ACTION_TRACE | Acc=admin | Path=/Home/GetMenu | IP=::1 | Start=2026-05-13 14:36:14.773 | Elapsed=7ms | Status=Completed
2026-05-13 14:36:17 | INF | CONTROLLER_EXEC | Acc= admin | IP=::1 | Path=SYS202100/SYS202100 | Message=GET /SYS202100/SYS202100
2026-05-13 14:36:17 | INF | ACTION_TRACE | Acc=admin | Path=/SYS202100/SYS202100 | IP=::1 | Start=2026-05-13 14:36:17.582 | Elapsed=53ms | Status=Completed
2026-05-13 14:36:17 | INF | CONTROLLER_EXEC | Acc= admin | IP=::1 | Path=SYS202100/GetList | Message=POST /SYS202100/GetList
2026-05-13 14:36:17 | INF | ACTION_TRACE | Acc=admin | Path=/SYS202100/GetList | IP=::1 | Start=2026-05-13 14:36:17.671 | Elapsed=17ms | Status=Completed
2026-05-13 14:36:17 | INF | CONTROLLER_EXEC | Acc= admin | IP=::1 | Path=SYS202100/GetList | Message=POST /SYS202100/GetList
2026-05-13 14:36:17 | INF | ACTION_TRACE | Acc=admin | Path=/SYS202100/GetList | IP=::1 | Start=2026-05-13 14:36:17.716 | Elapsed=8ms | Status=Completed
2026-05-13 14:36:24 | INF | CONTROLLER_EXEC | Acc= admin | IP=::1 | Path=SYS202100/GetList | Message=POST /SYS202100/GetList
2026-05-13 14:36:24 | INF | ACTION_TRACE | Acc=admin | Path=/SYS202100/GetList | IP=::1 | Start=2026-05-13 14:36:24.724 | Elapsed=14ms | Status=Completed
2026-05-13 14:36:27 | INF | CONTROLLER_EXEC | Acc= admin | IP=::1 | Path=SYS202100/GetList | Message=POST /SYS202100/GetList
2026-05-13 14:36:27 | INF | ACTION_TRACE | Acc=admin | Path=/SYS202100/GetList | IP=::1 | Start=2026-05-13 14:36:27.143 | Elapsed=4ms | Status=Completed
2026-05-13 14:36:31 | INF | ACTION_TRACE | Acc=admin | Path=/Home/Index | IP=::1 | Start=2026-05-13 14:36:31.822 | Elapsed=53ms | Status=Completed
2026-05-13 14:36:32 | INF | ACTION_TRACE | Acc=admin | Path=/Home/GetMenu | IP=::1 | Start=2026-05-13 14:36:32.741 | Elapsed=9ms | Status=Completed
2026-05-13 14:36:35 | INF | CONTROLLER_EXEC | Acc= admin | IP=::1 | Path=SYS202100/SYS202100 | Message=GET /SYS202100/SYS202100
2026-05-13 14:36:35 | INF | ACTION_TRACE | Acc=admin | Path=/SYS202100/SYS202100 | IP=::1 | Start=2026-05-13 14:36:35.425 | Elapsed=67ms | Status=Completed
2026-05-13 14:36:35 | INF | CONTROLLER_EXEC | Acc= admin | IP=::1 | Path=SYS202100/GetList | Message=POST /SYS202100/GetList
2026-05-13 14:36:35 | INF | ACTION_TRACE | Acc=admin | Path=/SYS202100/GetList | IP=::1 | Start=2026-05-13 14:36:35.531 | Elapsed=19ms | Status=Completed
2026-05-13 14:36:35 | INF | CONTROLLER_EXEC | Acc= admin | IP=::1 | Path=SYS202100/GetList | Message=POST /SYS202100/GetList
2026-05-13 14:36:35 | INF | ACTION_TRACE | Acc=admin | Path=/SYS202100/GetList | IP=::1 | Start=2026-05-13 14:36:35.586 | Elapsed=10ms | Status=Completed
2026-05-13 14:36:43 | INF | ACTION_TRACE | Acc=admin | Path=/Home/Index | IP=::1 | Start=2026-05-13 14:36:43.828 | Elapsed=62ms | Status=Completed
2026-05-13 14:36:45 | INF | ACTION_TRACE | Acc=admin | Path=/Home/GetMenu | IP=::1 | Start=2026-05-13 14:36:45.635 | Elapsed=12ms | Status=Completed
2026-05-13 14:36:46 | INF | CONTROLLER_EXEC | Acc= admin | IP=::1 | Path=SYS201001/SYS201001 | Message=GET /SYS201001/SYS201001
2026-05-13 14:36:47 | INF | ACTION_TRACE | Acc=admin | Path=/SYS201001/SYS201001 | IP=::1 | Start=2026-05-13 14:36:46.838 | Elapsed=214ms | Status=Completed
2026-05-13 14:36:47 | INF | CONTROLLER_EXEC | Acc= admin | IP=::1 | Path=SYS201001/GetAllAdmins | Message=POST /SYS201001/GetAllAdmins
2026-05-13 14:36:47 | INF | ACTION_TRACE | Acc=admin | Path=/SYS201001/GetAllAdmins | IP=::1 | Start=2026-05-13 14:36:47.125 | Elapsed=77ms | Status=Completed
2026-05-13 14:36:47 | INF | CONTROLLER_EXEC | Acc= admin | IP=::1 | Path=SYS201001/GetAllAdmins | Message=POST /SYS201001/GetAllAdmins
2026-05-13 14:36:47 | INF | ACTION_TRACE | Acc=admin | Path=/SYS201001/GetAllAdmins | IP=::1 | Start=2026-05-13 14:36:47.228 | Elapsed=6ms | Status=Completed
2026-05-13 14:36:49 | INF | CONTROLLER_EXEC | Acc= admin | IP=::1 | Path=SYS201002/SYS201002 | Message=GET /SYS201002/SYS201002
2026-05-13 14:36:50 | INF | ACTION_TRACE | Acc=admin | Path=/SYS201002/SYS201002 | IP=::1 | Start=2026-05-13 14:36:49.948 | Elapsed=87ms | Status=Completed
2026-05-13 14:36:50 | INF | CONTROLLER_EXEC | Acc= admin | IP=::1 | Path=SYS201002/GetAllRoleList | Message=POST /SYS201002/GetAllRoleList
2026-05-13 14:36:50 | INF | ACTION_TRACE | Acc=admin | Path=/SYS201002/GetAllRoleList | IP=::1 | Start=2026-05-13 14:36:50.104 | Elapsed=58ms | Status=Completed
2026-05-13 14:36:53 | INF | CONTROLLER_EXEC | Acc= admin | IP=::1 | Path=SYS202001/SYS202001 | Message=GET /SYS202001/SYS202001
2026-05-13 14:36:53 | INF | ACTION_TRACE | Acc=admin | Path=/SYS202001/SYS202001 | IP=::1 | Start=2026-05-13 14:36:53.711 | Elapsed=37ms | Status=Completed
2026-05-13 14:36:53 | INF | CONTROLLER_EXEC | Acc= admin | IP=::1 | Path=SYS202001/GetDepartments | Message=POST /SYS202001/GetDepartments
2026-05-13 14:36:53 | INF | ACTION_TRACE | Acc=admin | Path=/SYS202001/GetDepartments | IP=::1 | Start=2026-05-13 14:36:53.795 | Elapsed=152ms | Status=Completed
2026-05-13 14:36:53 | INF | CONTROLLER_EXEC | Acc= admin | IP=::1 | Path=SYS202001/GetDepartments | Message=POST /SYS202001/GetDepartments
2026-05-13 14:36:53 | INF | ACTION_TRACE | Acc=admin | Path=/SYS202001/GetDepartments | IP=::1 | Start=2026-05-13 14:36:53.971 | Elapsed=11ms | Status=Completed
2026-05-13 14:36:59 | INF | CONTROLLER_EXEC | Acc= admin | IP=::1 | Path=SYS202002/SYS202002 | Message=GET /SYS202002/SYS202002
2026-05-13 14:36:59 | INF | ACTION_TRACE | Acc=admin | Path=/SYS202002/SYS202002 | IP=::1 | Start=2026-05-13 14:36:58.994 | Elapsed=44ms | Status=Completed
2026-05-13 14:36:59 | INF | CONTROLLER_EXEC | Acc= admin | IP=::1 | Path=SYS202002/GetDataForTree | Message=GET /SYS202002/GetDataForTree
2026-05-13 14:36:59 | INF | ACTION_TRACE | Acc=admin | Path=/SYS202002/GetDataForTree | IP=::1 | Start=2026-05-13 14:36:59.075 | Elapsed=44ms | Status=Completed
2026-05-13 14:37:00 | INF | CONTROLLER_EXEC | Acc= admin | IP=::1 | Path=SYS202003/SYS202003 | Message=GET /SYS202003/SYS202003
2026-05-13 14:37:00 | INF | ACTION_TRACE | Acc=admin | Path=/SYS202003/SYS202003 | IP=::1 | Start=2026-05-13 14:37:00.532 | Elapsed=31ms | Status=Completed
2026-05-13 14:37:00 | INF | CONTROLLER_EXEC | Acc= admin | IP=::1 | Path=SYS202003/GetPTypeData | Message=POST /SYS202003/GetPTypeData
2026-05-13 14:37:00 | INF | ACTION_TRACE | Acc=admin | Path=/SYS202003/GetPTypeData | IP=::1 | Start=2026-05-13 14:37:00.611 | Elapsed=54ms | Status=Completed
2026-05-13 14:37:00 | INF | CONTROLLER_EXEC | Acc= admin | IP=::1 | Path=SYS202003/GetPTypeData | Message=POST /SYS202003/GetPTypeData
2026-05-13 14:37:00 | INF | ACTION_TRACE | Acc=admin | Path=/SYS202003/GetPTypeData | IP=::1 | Start=2026-05-13 14:37:00.693 | Elapsed=5ms | Status=Completed
2026-05-13 14:37:04 | INF | CONTROLLER_EXEC | Acc= admin | IP=::1 | Path=SYS202005/SYS202005 | Message=GET /SYS202005/SYS202005
2026-05-13 14:37:04 | INF | ACTION_TRACE | Acc=admin | Path=/SYS202005/SYS202005 | IP=::1 | Start=2026-05-13 14:37:04.679 | Elapsed=36ms | Status=Completed
2026-05-13 14:37:04 | INF | CONTROLLER_EXEC | Acc= admin | IP=::1 | Path=SYS202005/GetList | Message=POST /SYS202005/GetList
2026-05-13 14:37:04 | INF | ACTION_TRACE | Acc=admin | Path=/SYS202005/GetList | IP=::1 | Start=2026-05-13 14:37:04.752 | Elapsed=46ms | Status=Completed
2026-05-13 14:37:04 | INF | CONTROLLER_EXEC | Acc= admin | IP=::1 | Path=SYS202005/GetList | Message=POST /SYS202005/GetList
2026-05-13 14:37:04 | INF | ACTION_TRACE | Acc=admin | Path=/SYS202005/GetList | IP=::1 | Start=2026-05-13 14:37:04.823 | Elapsed=8ms | Status=Completed
2026-05-13 14:37:33 | INF | CONTROLLER_EXEC | Acc= admin | IP=::1 | Path=SYS201001/SYS201001 | Message=GET /SYS201001/SYS201001
2026-05-13 14:37:33 | INF | ACTION_TRACE | Acc=admin | Path=/SYS201001/SYS201001 | IP=::1 | Start=2026-05-13 14:37:33.631 | Elapsed=15ms | Status=Completed
2026-05-13 14:37:33 | INF | CONTROLLER_EXEC | Acc= admin | IP=::1 | Path=SYS201001/GetAllAdmins | Message=POST /SYS201001/GetAllAdmins
2026-05-13 14:37:33 | INF | ACTION_TRACE | Acc=admin | Path=/SYS201001/GetAllAdmins | IP=::1 | Start=2026-05-13 14:37:33.708 | Elapsed=26ms | Status=Completed
2026-05-13 14:37:33 | INF | CONTROLLER_EXEC | Acc= admin | IP=::1 | Path=SYS201001/GetAllAdmins | Message=POST /SYS201001/GetAllAdmins
2026-05-13 14:37:33 | INF | ACTION_TRACE | Acc=admin | Path=/SYS201001/GetAllAdmins | IP=::1 | Start=2026-05-13 14:37:33.766 | Elapsed=12ms | Status=Completed
2026-05-13 14:37:35 | INF | CONTROLLER_EXEC | Acc= admin | IP=::1 | Path=SYS201002/SYS201002 | Message=GET /SYS201002/SYS201002
2026-05-13 14:37:35 | INF | ACTION_TRACE | Acc=admin | Path=/SYS201002/SYS201002 | IP=::1 | Start=2026-05-13 14:37:35.428 | Elapsed=11ms | Status=Completed
2026-05-13 14:37:35 | INF | CONTROLLER_EXEC | Acc= admin | IP=::1 | Path=SYS201002/GetAllRoleList | Message=POST /SYS201002/GetAllRoleList
2026-05-13 14:37:35 | INF | ACTION_TRACE | Acc=admin | Path=/SYS201002/GetAllRoleList | IP=::1 | Start=2026-05-13 14:37:35.469 | Elapsed=5ms | Status=Completed
2026-05-13 14:38:13 | INF | ACTION_TRACE | Acc=admin | Path=/Home/Index | IP=::1 | Start=2026-05-13 14:38:13.195 | Elapsed=63ms | Status=Completed
2026-05-13 14:38:14 | INF | ACTION_TRACE | Acc=admin | Path=/Home/GetMenu | IP=::1 | Start=2026-05-13 14:38:14.735 | Elapsed=12ms | Status=Completed
2026-05-13 14:38:17 | INF | CONTROLLER_EXEC | Acc= admin | IP=::1 | Path=SYS201002/SYS201002 | Message=GET /SYS201002/SYS201002
2026-05-13 14:38:17 | INF | ACTION_TRACE | Acc=admin | Path=/SYS201002/SYS201002 | IP=::1 | Start=2026-05-13 14:38:17.210 | Elapsed=69ms | Status=Completed
2026-05-13 14:38:17 | INF | CONTROLLER_EXEC | Acc= admin | IP=::1 | Path=SYS201002/GetAllRoleList | Message=POST /SYS201002/GetAllRoleList
2026-05-13 14:38:17 | INF | ACTION_TRACE | Acc=admin | Path=/SYS201002/GetAllRoleList | IP=::1 | Start=2026-05-13 14:38:17.319 | Elapsed=15ms | Status=Completed
2026-05-13 14:38:20 | INF | CONTROLLER_EXEC | Acc= admin | IP=::1 | Path=SYS202001/SYS202001 | Message=GET /SYS202001/SYS202001
2026-05-13 14:38:20 | INF | ACTION_TRACE | Acc=admin | Path=/SYS202001/SYS202001 | IP=::1 | Start=2026-05-13 14:38:20.888 | Elapsed=22ms | Status=Completed
2026-05-13 14:38:20 | INF | CONTROLLER_EXEC | Acc= admin | IP=::1 | Path=SYS202001/GetDepartments | Message=POST /SYS202001/GetDepartments
2026-05-13 14:38:20 | INF | ACTION_TRACE | Acc=admin | Path=/SYS202001/GetDepartments | IP=::1 | Start=2026-05-13 14:38:20.944 | Elapsed=20ms | Status=Completed
2026-05-13 14:38:20 | INF | CONTROLLER_EXEC | Acc= admin | IP=::1 | Path=SYS202001/GetDepartments | Message=POST /SYS202001/GetDepartments
2026-05-13 14:38:20 | INF | ACTION_TRACE | Acc=admin | Path=/SYS202001/GetDepartments | IP=::1 | Start=2026-05-13 14:38:20.984 | Elapsed=13ms | Status=Completed
2026-05-13 14:38:27 | INF | CONTROLLER_EXEC | Acc= admin | IP=::1 | Path=SYS202001/SYS202001 | Message=GET /SYS202001/SYS202001
2026-05-13 14:38:27 | INF | ACTION_TRACE | Acc=admin | Path=/SYS202001/SYS202001 | IP=::1 | Start=2026-05-13 14:38:27.422 | Elapsed=11ms | Status=Completed
2026-05-13 14:38:27 | INF | CONTROLLER_EXEC | Acc= admin | IP=::1 | Path=SYS202001/GetDepartments | Message=POST /SYS202001/GetDepartments
2026-05-13 14:38:27 | INF | ACTION_TRACE | Acc=admin | Path=/SYS202001/GetDepartments | IP=::1 | Start=2026-05-13 14:38:27.452 | Elapsed=8ms | Status=Completed
2026-05-13 14:38:27 | INF | CONTROLLER_EXEC | Acc= admin | IP=::1 | Path=SYS202001/GetDepartments | Message=POST /SYS202001/GetDepartments
2026-05-13 14:38:27 | INF | ACTION_TRACE | Acc=admin | Path=/SYS202001/GetDepartments | IP=::1 | Start=2026-05-13 14:38:27.476 | Elapsed=18ms | Status=Completed
2026-05-13 14:38:28 | INF | CONTROLLER_EXEC | Acc= admin | IP=::1 | Path=SYS201001/SYS201001 | Message=GET /SYS201001/SYS201001
2026-05-13 14:38:28 | INF | ACTION_TRACE | Acc=admin | Path=/SYS201001/SYS201001 | IP=::1 | Start=2026-05-13 14:38:28.902 | Elapsed=38ms | Status=Completed
2026-05-13 14:38:29 | INF | CONTROLLER_EXEC | Acc= admin | IP=::1 | Path=SYS201001/GetAllAdmins | Message=POST /SYS201001/GetAllAdmins
2026-05-13 14:38:29 | INF | ACTION_TRACE | Acc=admin | Path=/SYS201001/GetAllAdmins | IP=::1 | Start=2026-05-13 14:38:28.990 | Elapsed=120ms | Status=Completed
2026-05-13 14:38:29 | INF | CONTROLLER_EXEC | Acc= admin | IP=::1 | Path=SYS201001/GetAllAdmins | Message=POST /SYS201001/GetAllAdmins
2026-05-13 14:38:29 | INF | ACTION_TRACE | Acc=admin | Path=/SYS201001/GetAllAdmins | IP=::1 | Start=2026-05-13 14:38:29.127 | Elapsed=5ms | Status=Completed
2026-05-13 14:38:31 | INF | CONTROLLER_EXEC | Acc= admin | IP=::1 | Path=SYS201002/SYS201002 | Message=GET /SYS201002/SYS201002
2026-05-13 14:38:31 | INF | ACTION_TRACE | Acc=admin | Path=/SYS201002/SYS201002 | IP=::1 | Start=2026-05-13 14:38:31.795 | Elapsed=2ms | Status=Completed
2026-05-13 14:38:31 | INF | CONTROLLER_EXEC | Acc= admin | IP=::1 | Path=SYS201002/GetAllRoleList | Message=POST /SYS201002/GetAllRoleList
2026-05-13 14:38:31 | INF | ACTION_TRACE | Acc=admin | Path=/SYS201002/GetAllRoleList | IP=::1 | Start=2026-05-13 14:38:31.823 | Elapsed=3ms | Status=Completed
2026-05-13 14:38:34 | INF | CONTROLLER_EXEC | Acc= admin | IP=::1 | Path=SYS202001/SYS202001 | Message=GET /SYS202001/SYS202001
2026-05-13 14:38:34 | INF | ACTION_TRACE | Acc=admin | Path=/SYS202001/SYS202001 | IP=::1 | Start=2026-05-13 14:38:34.871 | Elapsed=3ms | Status=Completed
2026-05-13 14:38:34 | INF | CONTROLLER_EXEC | Acc= admin | IP=::1 | Path=SYS202001/GetDepartments | Message=POST /SYS202001/GetDepartments
2026-05-13 14:38:34 | INF | ACTION_TRACE | Acc=admin | Path=/SYS202001/GetDepartments | IP=::1 | Start=2026-05-13 14:38:34.895 | Elapsed=4ms | Status=Completed
2026-05-13 14:38:34 | INF | CONTROLLER_EXEC | Acc= admin | IP=::1 | Path=SYS202001/GetDepartments | Message=POST /SYS202001/GetDepartments
2026-05-13 14:38:34 | INF | ACTION_TRACE | Acc=admin | Path=/SYS202001/GetDepartments | IP=::1 | Start=2026-05-13 14:38:34.924 | Elapsed=7ms | Status=Completed
2026-05-13 14:38:42 | INF | CONTROLLER_EXEC | Acc= admin | IP=::1 | Path=SYS202001/SYS202001 | Message=GET /SYS202001/SYS202001
2026-05-13 14:38:42 | INF | ACTION_TRACE | Acc=admin | Path=/SYS202001/SYS202001 | IP=::1 | Start=2026-05-13 14:38:42.764 | Elapsed=5ms | Status=Completed
2026-05-13 14:38:42 | INF | CONTROLLER_EXEC | Acc= admin | IP=::1 | Path=SYS202001/GetDepartments | Message=POST /SYS202001/GetDepartments
2026-05-13 14:38:42 | INF | ACTION_TRACE | Acc=admin | Path=/SYS202001/GetDepartments | IP=::1 | Start=2026-05-13 14:38:42.798 | Elapsed=4ms | Status=Completed
2026-05-13 14:38:42 | INF | CONTROLLER_EXEC | Acc= admin | IP=::1 | Path=SYS202001/GetDepartments | Message=POST /SYS202001/GetDepartments
2026-05-13 14:38:42 | INF | ACTION_TRACE | Acc=admin | Path=/SYS202001/GetDepartments | IP=::1 | Start=2026-05-13 14:38:42.825 | Elapsed=7ms | Status=Completed
2026-05-13 14:39:34 | INF | CONTROLLER_EXEC | Acc= admin | IP=::1 | Path=SYS202002/SYS202002 | Message=GET /SYS202002/SYS202002
2026-05-13 14:39:34 | INF | ACTION_TRACE | Acc=admin | Path=/SYS202002/SYS202002 | IP=::1 | Start=2026-05-13 14:39:34.704 | Elapsed=22ms | Status=Completed
2026-05-13 14:39:34 | INF | CONTROLLER_EXEC | Acc= admin | IP=::1 | Path=SYS202002/GetDataForTree | Message=GET /SYS202002/GetDataForTree
2026-05-13 14:39:34 | INF | ACTION_TRACE | Acc=admin | Path=/SYS202002/GetDataForTree | IP=::1 | Start=2026-05-13 14:39:34.749 | Elapsed=12ms | Status=Completed
2026-05-13 14:39:36 | INF | CONTROLLER_EXEC | Acc= admin | IP=::1 | Path=SYS202003/SYS202003 | Message=GET /SYS202003/SYS202003
2026-05-13 14:39:36 | INF | ACTION_TRACE | Acc=admin | Path=/SYS202003/SYS202003 | IP=::1 | Start=2026-05-13 14:39:36.496 | Elapsed=22ms | Status=Completed
2026-05-13 14:39:36 | INF | CONTROLLER_EXEC | Acc= admin | IP=::1 | Path=SYS202003/GetPTypeData | Message=POST /SYS202003/GetPTypeData
2026-05-13 14:39:36 | INF | ACTION_TRACE | Acc=admin | Path=/SYS202003/GetPTypeData | IP=::1 | Start=2026-05-13 14:39:36.551 | Elapsed=15ms | Status=Completed
2026-05-13 14:39:36 | INF | CONTROLLER_EXEC | Acc= admin | IP=::1 | Path=SYS202003/GetPTypeData | Message=POST /SYS202003/GetPTypeData
2026-05-13 14:39:36 | INF | ACTION_TRACE | Acc=admin | Path=/SYS202003/GetPTypeData | IP=::1 | Start=2026-05-13 14:39:36.586 | Elapsed=5ms | Status=Completed
2026-05-13 14:39:39 | INF | CONTROLLER_EXEC | Acc= admin | IP=::1 | Path=SYS202001/SYS202001 | Message=GET /SYS202001/SYS202001
2026-05-13 14:39:39 | INF | ACTION_TRACE | Acc=admin | Path=/SYS202001/SYS202001 | IP=::1 | Start=2026-05-13 14:39:39.904 | Elapsed=4ms | Status=Completed
2026-05-13 14:39:39 | INF | CONTROLLER_EXEC | Acc= admin | IP=::1 | Path=SYS202001/GetDepartments | Message=POST /SYS202001/GetDepartments
2026-05-13 14:39:39 | INF | ACTION_TRACE | Acc=admin | Path=/SYS202001/GetDepartments | IP=::1 | Start=2026-05-13 14:39:39.935 | Elapsed=13ms | Status=Completed
2026-05-13 14:39:39 | INF | CONTROLLER_EXEC | Acc= admin | IP=::1 | Path=SYS202001/GetDepartments | Message=POST /SYS202001/GetDepartments
2026-05-13 14:39:39 | INF | ACTION_TRACE | Acc=admin | Path=/SYS202001/GetDepartments | IP=::1 | Start=2026-05-13 14:39:39.974 | Elapsed=5ms | Status=Completed
2026-05-13 14:39:41 | INF | CONTROLLER_EXEC | Acc= admin | IP=::1 | Path=SYS202003/SYS202003 | Message=GET /SYS202003/SYS202003
2026-05-13 14:39:41 | INF | ACTION_TRACE | Acc=admin | Path=/SYS202003/SYS202003 | IP=::1 | Start=2026-05-13 14:39:41.551 | Elapsed=3ms | Status=Completed
2026-05-13 14:39:41 | INF | CONTROLLER_EXEC | Acc= admin | IP=::1 | Path=SYS202003/GetPTypeData | Message=POST /SYS202003/GetPTypeData
2026-05-13 14:39:41 | INF | ACTION_TRACE | Acc=admin | Path=/SYS202003/GetPTypeData | IP=::1 | Start=2026-05-13 14:39:41.576 | Elapsed=3ms | Status=Completed
2026-05-13 14:39:41 | INF | CONTROLLER_EXEC | Acc= admin | IP=::1 | Path=SYS202003/GetPTypeData | Message=POST /SYS202003/GetPTypeData
2026-05-13 14:39:41 | INF | ACTION_TRACE | Acc=admin | Path=/SYS202003/GetPTypeData | IP=::1 | Start=2026-05-13 14:39:41.597 | Elapsed=8ms | Status=Completed
2026-05-13 14:39:42 | INF | CONTROLLER_EXEC | Acc= admin | IP=::1 | Path=SYS202004/SYS202004 | Message=GET /SYS202004/SYS202004
2026-05-13 14:39:42 | INF | ACTION_TRACE | Acc=admin | Path=/SYS202004/SYS202004 | IP=::1 | Start=2026-05-13 14:39:42.861 | Elapsed=37ms | Status=Completed
2026-05-13 14:39:42 | INF | CONTROLLER_EXEC | Acc= admin | IP=::1 | Path=SYS202004/GetProfessData | Message=POST /SYS202004/GetProfessData
2026-05-13 14:39:43 | INF | ACTION_TRACE | Acc=admin | Path=/SYS202004/GetProfessData | IP=::1 | Start=2026-05-13 14:39:42.940 | Elapsed=60ms | Status=Completed
2026-05-13 14:39:43 | INF | CONTROLLER_EXEC | Acc= admin | IP=::1 | Path=SYS202004/GetProfessData | Message=POST /SYS202004/GetProfessData
2026-05-13 14:39:43 | INF | ACTION_TRACE | Acc=admin | Path=/SYS202004/GetProfessData | IP=::1 | Start=2026-05-13 14:39:43.021 | Elapsed=17ms | Status=Completed
2026-05-13 14:39:47 | INF | CONTROLLER_EXEC | Acc= admin | IP=::1 | Path=SYS202005/SYS202005 | Message=GET /SYS202005/SYS202005
2026-05-13 14:39:47 | INF | ACTION_TRACE | Acc=admin | Path=/SYS202005/SYS202005 | IP=::1 | Start=2026-05-13 14:39:47.123 | Elapsed=21ms | Status=Completed
2026-05-13 14:39:47 | INF | CONTROLLER_EXEC | Acc= admin | IP=::1 | Path=SYS202005/GetList | Message=POST /SYS202005/GetList
2026-05-13 14:39:47 | INF | ACTION_TRACE | Acc=admin | Path=/SYS202005/GetList | IP=::1 | Start=2026-05-13 14:39:47.167 | Elapsed=15ms | Status=Completed
2026-05-13 14:39:47 | INF | CONTROLLER_EXEC | Acc= admin | IP=::1 | Path=SYS202005/GetList | Message=POST /SYS202005/GetList
2026-05-13 14:39:47 | INF | ACTION_TRACE | Acc=admin | Path=/SYS202005/GetList | IP=::1 | Start=2026-05-13 14:39:47.208 | Elapsed=16ms | Status=Completed
2026-05-13 14:40:10 | INF | CONTROLLER_EXEC | Acc= admin | IP=::1 | Path=SYS202005/SYS202005 | Message=GET /SYS202005/SYS202005
2026-05-13 14:40:10 | INF | ACTION_TRACE | Acc=admin | Path=/SYS202005/SYS202005 | IP=::1 | Start=2026-05-13 14:40:10.304 | Elapsed=4ms | Status=Completed
2026-05-13 14:40:10 | INF | CONTROLLER_EXEC | Acc= admin | IP=::1 | Path=SYS202005/GetList | Message=POST /SYS202005/GetList
2026-05-13 14:40:10 | INF | ACTION_TRACE | Acc=admin | Path=/SYS202005/GetList | IP=::1 | Start=2026-05-13 14:40:10.329 | Elapsed=5ms | Status=Completed
2026-05-13 14:40:10 | INF | CONTROLLER_EXEC | Acc= admin | IP=::1 | Path=SYS202005/GetList | Message=POST /SYS202005/GetList
2026-05-13 14:40:10 | INF | ACTION_TRACE | Acc=admin | Path=/SYS202005/GetList | IP=::1 | Start=2026-05-13 14:40:10.351 | Elapsed=15ms | Status=Completed
2026-05-13 14:40:13 | INF | CONTROLLER_EXEC | Acc= admin | IP=::1 | Path=SYS202005/SYS202005 | Message=GET /SYS202005/SYS202005
2026-05-13 14:40:13 | INF | ACTION_TRACE | Acc=admin | Path=/SYS202005/SYS202005 | IP=::1 | Start=2026-05-13 14:40:13.491 | Elapsed=4ms | Status=Completed
2026-05-13 14:40:13 | INF | CONTROLLER_EXEC | Acc= admin | IP=::1 | Path=SYS202005/GetList | Message=POST /SYS202005/GetList
2026-05-13 14:40:13 | INF | ACTION_TRACE | Acc=admin | Path=/SYS202005/GetList | IP=::1 | Start=2026-05-13 14:40:13.514 | Elapsed=3ms | Status=Completed
2026-05-13 14:40:13 | INF | CONTROLLER_EXEC | Acc= admin | IP=::1 | Path=SYS202005/GetList | Message=POST /SYS202005/GetList
2026-05-13 14:40:13 | INF | ACTION_TRACE | Acc=admin | Path=/SYS202005/GetList | IP=::1 | Start=2026-05-13 14:40:13.534 | Elapsed=11ms | Status=Completed
2026-05-13 14:40:14 | INF | CONTROLLER_EXEC | Acc= admin | IP=::1 | Path=SYS202006/SYS202006 | Message=GET /SYS202006/SYS202006
2026-05-13 14:40:14 | INF | ACTION_TRACE | Acc=admin | Path=/SYS202006/SYS202006 | IP=::1 | Start=2026-05-13 14:40:14.933 | Elapsed=31ms | Status=Completed
2026-05-13 14:40:15 | INF | CONTROLLER_EXEC | Acc= admin | IP=::1 | Path=SYS202006/GetHolidayData | Message=POST /SYS202006/GetHolidayData
2026-05-13 14:40:15 | INF | ACTION_TRACE | Acc=admin | Path=/SYS202006/GetHolidayData | IP=::1 | Start=2026-05-13 14:40:15.012 | Elapsed=52ms | Status=Completed
2026-05-13 14:40:15 | INF | CONTROLLER_EXEC | Acc= admin | IP=::1 | Path=SYS202006/GetHolidayData | Message=POST /SYS202006/GetHolidayData
2026-05-13 14:40:15 | INF | ACTION_TRACE | Acc=admin | Path=/SYS202006/GetHolidayData | IP=::1 | Start=2026-05-13 14:40:15.097 | Elapsed=14ms | Status=Completed
2026-05-13 14:40:18 | INF | CONTROLLER_EXEC | Acc= admin | IP=::1 | Path=SYS202100/SYS202100 | Message=GET /SYS202100/SYS202100
2026-05-13 14:40:18 | INF | ACTION_TRACE | Acc=admin | Path=/SYS202100/SYS202100 | IP=::1 | Start=2026-05-13 14:40:18.494 | Elapsed=31ms | Status=Completed
2026-05-13 14:40:18 | INF | CONTROLLER_EXEC | Acc= admin | IP=::1 | Path=SYS202100/GetList | Message=POST /SYS202100/GetList
2026-05-13 14:40:18 | INF | ACTION_TRACE | Acc=admin | Path=/SYS202100/GetList | IP=::1 | Start=2026-05-13 14:40:18.559 | Elapsed=15ms | Status=Completed
2026-05-13 14:40:18 | INF | CONTROLLER_EXEC | Acc= admin | IP=::1 | Path=SYS202100/GetList | Message=POST /SYS202100/GetList
2026-05-13 14:40:18 | INF | ACTION_TRACE | Acc=admin | Path=/SYS202100/GetList | IP=::1 | Start=2026-05-13 14:40:18.607 | Elapsed=5ms | Status=Completed
2026-05-13 14:40:44 | INF | ACTION_TRACE | Acc=admin | Path=/Home/Index | IP=::1 | Start=2026-05-13 14:40:44.886 | Elapsed=46ms | Status=Completed
2026-05-13 14:41:06 | INF | ACTION_TRACE | Acc=admin | Path=/Home/Index | IP=::1 | Start=2026-05-13 14:41:06.042 | Elapsed=26ms | Status=Completed
2026-05-13 14:41:07 | INF | ACTION_TRACE | Acc=admin | Path=/Home/GetMenu | IP=::1 | Start=2026-05-13 14:41:07.347 | Elapsed=8ms | Status=Completed
2026-05-13 14:41:10 | INF | CONTROLLER_EXEC | Acc= admin | IP=::1 | Path=SYS202100/SYS202100 | Message=GET /SYS202100/SYS202100
2026-05-13 14:41:10 | INF | ACTION_TRACE | Acc=admin | Path=/SYS202100/SYS202100 | IP=::1 | Start=2026-05-13 14:41:10.050 | Elapsed=44ms | Status=Completed
2026-05-13 14:41:10 | INF | CONTROLLER_EXEC | Acc= admin | IP=::1 | Path=SYS202100/GetList | Message=POST /SYS202100/GetList
2026-05-13 14:41:10 | INF | ACTION_TRACE | Acc=admin | Path=/SYS202100/GetList | IP=::1 | Start=2026-05-13 14:41:10.133 | Elapsed=19ms | Status=Completed
2026-05-13 14:41:10 | INF | CONTROLLER_EXEC | Acc= admin | IP=::1 | Path=SYS202100/GetList | Message=POST /SYS202100/GetList
2026-05-13 14:41:10 | INF | ACTION_TRACE | Acc=admin | Path=/SYS202100/GetList | IP=::1 | Start=2026-05-13 14:41:10.186 | Elapsed=8ms | Status=Completed
2026-05-13 14:41:17 | INF | CONTROLLER_EXEC | Acc= admin | IP=::1 | Path=SYS201001/SYS201001 | Message=GET /SYS201001/SYS201001
2026-05-13 14:41:17 | INF | ACTION_TRACE | Acc=admin | Path=/SYS201001/SYS201001 | IP=::1 | Start=2026-05-13 14:41:17.513 | Elapsed=37ms | Status=Completed
2026-05-13 14:41:17 | INF | CONTROLLER_EXEC | Acc= admin | IP=::1 | Path=SYS201001/GetAllAdmins | Message=POST /SYS201001/GetAllAdmins
2026-05-13 14:41:17 | INF | ACTION_TRACE | Acc=admin | Path=/SYS201001/GetAllAdmins | IP=::1 | Start=2026-05-13 14:41:17.610 | Elapsed=18ms | Status=Completed
2026-05-13 14:41:17 | INF | CONTROLLER_EXEC | Acc= admin | IP=::1 | Path=SYS201001/GetAllAdmins | Message=POST /SYS201001/GetAllAdmins
2026-05-13 14:41:17 | INF | ACTION_TRACE | Acc=admin | Path=/SYS201001/GetAllAdmins | IP=::1 | Start=2026-05-13 14:41:17.650 | Elapsed=4ms | Status=Completed
2026-05-13 14:41:19 | INF | CONTROLLER_EXEC | Acc= admin | IP=::1 | Path=SYS201002/SYS201002 | Message=GET /SYS201002/SYS201002
2026-05-13 14:41:19 | INF | ACTION_TRACE | Acc=admin | Path=/SYS201002/SYS201002 | IP=::1 | Start=2026-05-13 14:41:19.550 | Elapsed=34ms | Status=Completed
2026-05-13 14:41:19 | INF | CONTROLLER_EXEC | Acc= admin | IP=::1 | Path=SYS201002/GetAllRoleList | Message=POST /SYS201002/GetAllRoleList
2026-05-13 14:41:19 | INF | ACTION_TRACE | Acc=admin | Path=/SYS201002/GetAllRoleList | IP=::1 | Start=2026-05-13 14:41:19.623 | Elapsed=24ms | Status=Completed
2026-05-13 14:41:22 | INF | CONTROLLER_EXEC | Acc= admin | IP=::1 | Path=SYS202001/SYS202001 | Message=GET /SYS202001/SYS202001
2026-05-13 14:41:22 | INF | ACTION_TRACE | Acc=admin | Path=/SYS202001/SYS202001 | IP=::1 | Start=2026-05-13 14:41:22.596 | Elapsed=15ms | Status=Completed
2026-05-13 14:41:22 | INF | CONTROLLER_EXEC | Acc= admin | IP=::1 | Path=SYS202001/GetDepartments | Message=POST /SYS202001/GetDepartments
2026-05-13 14:41:22 | INF | ACTION_TRACE | Acc=admin | Path=/SYS202001/GetDepartments | IP=::1 | Start=2026-05-13 14:41:22.636 | Elapsed=15ms | Status=Completed
2026-05-13 14:41:22 | INF | CONTROLLER_EXEC | Acc= admin | IP=::1 | Path=SYS202001/GetDepartments | Message=POST /SYS202001/GetDepartments
2026-05-13 14:41:22 | INF | ACTION_TRACE | Acc=admin | Path=/SYS202001/GetDepartments | IP=::1 | Start=2026-05-13 14:41:22.671 | Elapsed=8ms | Status=Completed
2026-05-13 14:41:23 | INF | CONTROLLER_EXEC | Acc= admin | IP=::1 | Path=SYS202002/SYS202002 | Message=GET /SYS202002/SYS202002
2026-05-13 14:41:23 | INF | ACTION_TRACE | Acc=admin | Path=/SYS202002/SYS202002 | IP=::1 | Start=2026-05-13 14:41:23.966 | Elapsed=17ms | Status=Completed
2026-05-13 14:41:24 | INF | CONTROLLER_EXEC | Acc= admin | IP=::1 | Path=SYS202002/GetDataForTree | Message=GET /SYS202002/GetDataForTree
2026-05-13 14:41:24 | INF | ACTION_TRACE | Acc=admin | Path=/SYS202002/GetDataForTree | IP=::1 | Start=2026-05-13 14:41:24.002 | Elapsed=12ms | Status=Completed
2026-05-13 14:41:25 | INF | CONTROLLER_EXEC | Acc= admin | IP=::1 | Path=SYS202004/SYS202004 | Message=GET /SYS202004/SYS202004
2026-05-13 14:41:25 | INF | ACTION_TRACE | Acc=admin | Path=/SYS202004/SYS202004 | IP=::1 | Start=2026-05-13 14:41:25.668 | Elapsed=16ms | Status=Completed
2026-05-13 14:41:25 | INF | CONTROLLER_EXEC | Acc= admin | IP=::1 | Path=SYS202004/GetProfessData | Message=POST /SYS202004/GetProfessData
2026-05-13 14:41:25 | INF | ACTION_TRACE | Acc=admin | Path=/SYS202004/GetProfessData | IP=::1 | Start=2026-05-13 14:41:25.716 | Elapsed=19ms | Status=Completed
2026-05-13 14:41:25 | INF | CONTROLLER_EXEC | Acc= admin | IP=::1 | Path=SYS202004/GetProfessData | Message=POST /SYS202004/GetProfessData
2026-05-13 14:41:25 | INF | ACTION_TRACE | Acc=admin | Path=/SYS202004/GetProfessData | IP=::1 | Start=2026-05-13 14:41:25.761 | Elapsed=23ms | Status=Completed
2026-05-13 14:41:27 | INF | CONTROLLER_EXEC | Acc= admin | IP=::1 | Path=SYS202006/SYS202006 | Message=GET /SYS202006/SYS202006
2026-05-13 14:41:27 | INF | ACTION_TRACE | Acc=admin | Path=/SYS202006/SYS202006 | IP=::1 | Start=2026-05-13 14:41:27.685 | Elapsed=15ms | Status=Completed
2026-05-13 14:41:27 | INF | CONTROLLER_EXEC | Acc= admin | IP=::1 | Path=SYS202006/GetHolidayData | Message=POST /SYS202006/GetHolidayData
2026-05-13 14:41:27 | INF | ACTION_TRACE | Acc=admin | Path=/SYS202006/GetHolidayData | IP=::1 | Start=2026-05-13 14:41:27.730 | Elapsed=13ms | Status=Completed
2026-05-13 14:41:27 | INF | CONTROLLER_EXEC | Acc= admin | IP=::1 | Path=SYS202006/GetHolidayData | Message=POST /SYS202006/GetHolidayData
2026-05-13 14:41:27 | INF | ACTION_TRACE | Acc=admin | Path=/SYS202006/GetHolidayData | IP=::1 | Start=2026-05-13 14:41:27.767 | Elapsed=8ms | Status=Completed
2026-05-13 14:41:29 | INF | CONTROLLER_EXEC | Acc= admin | IP=::1 | Path=SYS202100/SYS202100 | Message=GET /SYS202100/SYS202100
2026-05-13 14:41:29 | INF | ACTION_TRACE | Acc=admin | Path=/SYS202100/SYS202100 | IP=::1 | Start=2026-05-13 14:41:29.064 | Elapsed=2ms | Status=Completed
2026-05-13 14:41:29 | INF | CONTROLLER_EXEC | Acc= admin | IP=::1 | Path=SYS202100/GetList | Message=POST /SYS202100/GetList
2026-05-13 14:41:29 | INF | ACTION_TRACE | Acc=admin | Path=/SYS202100/GetList | IP=::1 | Start=2026-05-13 14:41:29.092 | Elapsed=5ms | Status=Completed
2026-05-13 14:41:29 | INF | CONTROLLER_EXEC | Acc= admin | IP=::1 | Path=SYS202100/GetList | Message=POST /SYS202100/GetList
2026-05-13 14:41:29 | INF | ACTION_TRACE | Acc=admin | Path=/SYS202100/GetList | IP=::1 | Start=2026-05-13 14:41:29.130 | Elapsed=4ms | Status=Completed
2026-05-13 14:41:51 | INF | CONTROLLER_EXEC | Acc= admin | IP=::1 | Path=SYS202100/GetList | Message=POST /SYS202100/GetList
2026-05-13 14:41:51 | INF | ACTION_TRACE | Acc=admin | Path=/SYS202100/GetList | IP=::1 | Start=2026-05-13 14:41:51.019 | Elapsed=10ms | Status=Completed
2026-05-13 14:41:51 | INF | CONTROLLER_EXEC | Acc= admin | IP=::1 | Path=SYS202100/GetList | Message=POST /SYS202100/GetList
2026-05-13 14:41:51 | INF | ACTION_TRACE | Acc=admin | Path=/SYS202100/GetList | IP=::1 | Start=2026-05-13 14:41:51.035 | Elapsed=4ms | Status=Completed
2026-05-13 14:41:51 | INF | CONTROLLER_EXEC | Acc= admin | IP=::1 | Path=SYS202004/GetProfessData | Message=POST /SYS202004/GetProfessData
2026-05-13 14:41:51 | INF | ACTION_TRACE | Acc=admin | Path=/SYS202004/GetProfessData | IP=::1 | Start=2026-05-13 14:41:51.080 | Elapsed=5ms | Status=Completed
2026-05-13 14:41:54 | INF | CONTROLLER_EXEC | Acc= admin | IP=::1 | Path=SYS202100/GetList | Message=POST /SYS202100/GetList
2026-05-13 14:41:54 | INF | ACTION_TRACE | Acc=admin | Path=/SYS202100/GetList | IP=::1 | Start=2026-05-13 14:41:54.960 | Elapsed=5ms | Status=Completed
2026-05-13 14:41:54 | INF | CONTROLLER_EXEC | Acc= admin | IP=::1 | Path=SYS202100/GetList | Message=POST /SYS202100/GetList
2026-05-13 14:41:54 | INF | ACTION_TRACE | Acc=admin | Path=/SYS202100/GetList | IP=::1 | Start=2026-05-13 14:41:54.971 | Elapsed=5ms | Status=Completed
2026-05-13 14:41:55 | INF | CONTROLLER_EXEC | Acc= admin | IP=::1 | Path=SYS202004/GetProfessData | Message=POST /SYS202004/GetProfessData
2026-05-13 14:41:55 | INF | ACTION_TRACE | Acc=admin | Path=/SYS202004/GetProfessData | IP=::1 | Start=2026-05-13 14:41:55.026 | Elapsed=5ms | Status=Completed
2026-05-13 14:41:55 | INF | CONTROLLER_EXEC | Acc= admin | IP=::1 | Path=SYS202006/GetHolidayData | Message=POST /SYS202006/GetHolidayData
2026-05-13 14:41:55 | INF | ACTION_TRACE | Acc=admin | Path=/SYS202006/GetHolidayData | IP=::1 | Start=2026-05-13 14:41:51.081 | Elapsed=4567ms | Status=Completed
2026-05-13 14:41:55 | INF | NETWORK_UNSTABLE | Acc=admin | Path=/SYS202006/GetHolidayData | Reason=SlowRequest 4567ms
2026-05-13 14:41:55 | INF | CONTROLLER_EXEC | Acc= admin | IP=::1 | Path=SYS202006/GetHolidayData | Message=POST /SYS202006/GetHolidayData
2026-05-13 14:41:55 | INF | ACTION_TRACE | Acc=admin | Path=/SYS202006/GetHolidayData | IP=::1 | Start=2026-05-13 14:41:55.028 | Elapsed=623ms | Status=Completed
2026-05-13 14:42:55 | INF | CONTROLLER_EXEC | Acc= admin | IP=::1 | Path=SYS202100/GetList | Message=POST /SYS202100/GetList
2026-05-13 14:42:55 | INF | ACTION_TRACE | Acc=admin | Path=/SYS202100/GetList | IP=::1 | Start=2026-05-13 14:42:55.216 | Elapsed=6ms | Status=Completed
2026-05-13 14:42:55 | INF | CONTROLLER_EXEC | Acc= admin | IP=::1 | Path=SYS202100/GetList | Message=POST /SYS202100/GetList
2026-05-13 14:42:55 | INF | ACTION_TRACE | Acc=admin | Path=/SYS202100/GetList | IP=::1 | Start=2026-05-13 14:42:55.219 | Elapsed=6ms | Status=Completed
2026-05-13 14:42:55 | INF | CONTROLLER_EXEC | Acc= admin | IP=::1 | Path=SYS202100/GetList | Message=POST /SYS202100/GetList
2026-05-13 14:42:55 | INF | ACTION_TRACE | Acc=admin | Path=/SYS202100/GetList | IP=::1 | Start=2026-05-13 14:42:55.229 | Elapsed=3ms | Status=Completed
2026-05-13 14:42:55 | INF | CONTROLLER_EXEC | Acc= admin | IP=::1 | Path=SYS202100/GetList | Message=POST /SYS202100/GetList
2026-05-13 14:42:55 | INF | ACTION_TRACE | Acc=admin | Path=/SYS202100/GetList | IP=::1 | Start=2026-05-13 14:42:55.233 | Elapsed=8ms | Status=Completed
2026-05-13 14:42:55 | INF | CONTROLLER_EXEC | Acc= admin | IP=::1 | Path=SYS202100/GetList | Message=POST /SYS202100/GetList
2026-05-13 14:42:55 | INF | ACTION_TRACE | Acc=admin | Path=/SYS202100/GetList | IP=::1 | Start=2026-05-13 14:42:55.236 | Elapsed=7ms | Status=Completed
2026-05-13 14:42:55 | INF | CONTROLLER_EXEC | Acc= admin | IP=::1 | Path=SYS202100/GetList | Message=POST /SYS202100/GetList
2026-05-13 14:42:55 | INF | ACTION_TRACE | Acc=admin | Path=/SYS202100/GetList | IP=::1 | Start=2026-05-13 14:42:55.244 | Elapsed=7ms | Status=Completed
2026-05-13 14:42:55 | INF | CONTROLLER_EXEC | Acc= admin | IP=::1 | Path=SYS202006/GetHolidayData | Message=POST /SYS202006/GetHolidayData
2026-05-13 14:42:55 | INF | ACTION_TRACE | Acc=admin | Path=/SYS202006/GetHolidayData | IP=::1 | Start=2026-05-13 14:42:55.294 | Elapsed=3ms | Status=Completed
2026-05-13 14:42:55 | INF | CONTROLLER_EXEC | Acc= admin | IP=::1 | Path=SYS202004/GetProfessData | Message=POST /SYS202004/GetProfessData
2026-05-13 14:42:55 | INF | ACTION_TRACE | Acc=admin | Path=/SYS202004/GetProfessData | IP=::1 | Start=2026-05-13 14:42:55.293 | Elapsed=4ms | Status=Completed
2026-05-13 14:42:55 | INF | CONTROLLER_EXEC | Acc= admin | IP=::1 | Path=SYS202006/GetHolidayData | Message=POST /SYS202006/GetHolidayData
2026-05-13 14:42:55 | INF | ACTION_TRACE | Acc=admin | Path=/SYS202006/GetHolidayData | IP=::1 | Start=2026-05-13 14:42:55.333 | Elapsed=2ms | Status=Completed
2026-05-13 14:42:55 | INF | CONTROLLER_EXEC | Acc= admin | IP=::1 | Path=SYS202100/GetList | Message=POST /SYS202100/GetList
2026-05-13 14:42:55 | INF | ACTION_TRACE | Acc=admin | Path=/SYS202100/GetList | IP=::1 | Start=2026-05-13 14:42:55.336 | Elapsed=8ms | Status=Completed
2026-05-13 14:42:55 | INF | CONTROLLER_EXEC | Acc= admin | IP=::1 | Path=SYS202100/GetList | Message=POST /SYS202100/GetList
2026-05-13 14:42:55 | INF | ACTION_TRACE | Acc=admin | Path=/SYS202100/GetList | IP=::1 | Start=2026-05-13 14:42:55.342 | Elapsed=3ms | Status=Completed
2026-05-13 14:42:55 | INF | CONTROLLER_EXEC | Acc= admin | IP=::1 | Path=SYS202006/GetHolidayData | Message=POST /SYS202006/GetHolidayData
2026-05-13 14:42:55 | INF | CONTROLLER_EXEC | Acc= admin | IP=::1 | Path=SYS202004/GetProfessData | Message=POST /SYS202004/GetProfessData
2026-05-13 14:42:55 | INF | ACTION_TRACE | Acc=admin | Path=/SYS202006/GetHolidayData | IP=::1 | Start=2026-05-13 14:42:55.396 | Elapsed=3ms | Status=Completed
2026-05-13 14:42:55 | INF | ACTION_TRACE | Acc=admin | Path=/SYS202004/GetProfessData | IP=::1 | Start=2026-05-13 14:42:55.395 | Elapsed=5ms | Status=Completed
2026-05-13 14:43:00 | INF | ACTION_TRACE | Acc=admin | Path=/Home/Index | IP=::1 | Start=2026-05-13 14:43:00.748 | Elapsed=18ms | Status=Completed
2026-05-13 14:43:29 | INF | CONTROLLER_EXEC | Acc= admin | IP=::1 | Path=SYS202100/GetList | Message=POST /SYS202100/GetList
2026-05-13 14:43:29 | INF | ACTION_TRACE | Acc=admin | Path=/SYS202100/GetList | IP=::1 | Start=2026-05-13 14:43:29.736 | Elapsed=8ms | Status=Completed
2026-05-13 14:43:29 | INF | CONTROLLER_EXEC | Acc= admin | IP=::1 | Path=SYS202100/GetList | Message=POST /SYS202100/GetList
2026-05-13 14:43:29 | INF | ACTION_TRACE | Acc=admin | Path=/SYS202100/GetList | IP=::1 | Start=2026-05-13 14:43:29.751 | Elapsed=8ms | Status=Completed
2026-05-13 14:43:29 | INF | CONTROLLER_EXEC | Acc= admin | IP=::1 | Path=SYS202004/GetProfessData | Message=POST /SYS202004/GetProfessData
2026-05-13 14:43:29 | INF | ACTION_TRACE | Acc=admin | Path=/SYS202004/GetProfessData | IP=::1 | Start=2026-05-13 14:43:29.804 | Elapsed=6ms | Status=Completed
2026-05-13 14:43:29 | INF | CONTROLLER_EXEC | Acc= admin | IP=::1 | Path=SYS202006/GetHolidayData | Message=POST /SYS202006/GetHolidayData
2026-05-13 14:43:29 | INF | ACTION_TRACE | Acc=admin | Path=/SYS202006/GetHolidayData | IP=::1 | Start=2026-05-13 14:43:29.806 | Elapsed=5ms | Status=Completed
2026-05-13 14:58:15 | INF | CONTROLLER_EXEC | Acc= admin | IP=::1 | Path=SYS202100/GetList | Message=POST /SYS202100/GetList
2026-05-13 14:58:15 | INF | ACTION_TRACE | Acc=admin | Path=/SYS202100/GetList | IP=::1 | Start=2026-05-13 14:58:11.263 | Elapsed=4617ms | Status=Completed
2026-05-13 14:58:15 | INF | NETWORK_UNSTABLE | Acc=admin | Path=/SYS202100/GetList | Reason=SlowRequest 4617ms
2026-05-13 14:58:20 | INF | CONTROLLER_EXEC | Acc= admin | IP=::1 | Path=SYS202100/GetList | Message=POST /SYS202100/GetList
2026-05-13 14:58:20 | INF | CONTROLLER_EXEC | Acc= admin | IP=::1 | Path=SYS202100/GetList | Message=POST /SYS202100/GetList
2026-05-13 14:58:20 | INF | ACTION_TRACE | Acc=admin | Path=/SYS202100/GetList | IP=::1 | Start=2026-05-13 14:58:11.263 | Elapsed=9150ms | Status=Completed
2026-05-13 14:58:20 | INF | ACTION_TRACE | Acc=admin | Path=/SYS202100/GetList | IP=::1 | Start=2026-05-13 14:58:11.263 | Elapsed=9150ms | Status=Completed
2026-05-13 14:58:20 | INF | NETWORK_UNSTABLE | Acc=admin | Path=/SYS202100/GetList | Reason=SlowRequest 9150ms
2026-05-13 14:58:20 | INF | NETWORK_UNSTABLE | Acc=admin | Path=/SYS202100/GetList | Reason=SlowRequest 9150ms
2026-05-13 14:58:24 | INF | CONTROLLER_EXEC | Acc= admin | IP=::1 | Path=SYS202006/GetHolidayData | Message=POST /SYS202006/GetHolidayData
2026-05-13 14:58:24 | INF | CONTROLLER_EXEC | Acc= admin | IP=::1 | Path=SYS202006/GetHolidayData | Message=POST /SYS202006/GetHolidayData
2026-05-13 14:58:24 | INF | ACTION_TRACE | Acc=admin | Path=/SYS202006/GetHolidayData | IP=::1 | Start=2026-05-13 14:58:11.263 | Elapsed=13705ms | Status=Completed
2026-05-13 14:58:24 | INF | ACTION_TRACE | Acc=admin | Path=/SYS202006/GetHolidayData | IP=::1 | Start=2026-05-13 14:58:11.265 | Elapsed=13703ms | Status=Completed
2026-05-13 14:58:24 | INF | NETWORK_UNSTABLE | Acc=admin | Path=/SYS202006/GetHolidayData | Reason=SlowRequest 13705ms
2026-05-13 14:58:24 | INF | NETWORK_UNSTABLE | Acc=admin | Path=/SYS202006/GetHolidayData | Reason=SlowRequest 13703ms
2026-05-13 14:58:24 | INF | CONTROLLER_EXEC | Acc= admin | IP=::1 | Path=SYS202004/GetProfessData | Message=POST /SYS202004/GetProfessData
2026-05-13 14:58:24 | INF | ACTION_TRACE | Acc=admin | Path=/SYS202004/GetProfessData | IP=::1 | Start=2026-05-13 14:58:11.264 | Elapsed=13706ms | Status=Completed
2026-05-13 14:58:24 | INF | NETWORK_UNSTABLE | Acc=admin | Path=/SYS202004/GetProfessData | Reason=SlowRequest 13706ms
2026-05-13 14:58:29 | INF | CONTROLLER_EXEC | Acc= admin | IP=::1 | Path=SYS202100/GetList | Message=POST /SYS202100/GetList
2026-05-13 14:58:29 | INF | CONTROLLER_EXEC | Acc= admin | IP=::1 | Path=SYS202100/GetList | Message=POST /SYS202100/GetList
2026-05-13 14:58:29 | INF | ACTION_TRACE | Acc=admin | Path=/SYS202100/GetList | IP=::1 | Start=2026-05-13 14:58:11.263 | Elapsed=18238ms | Status=Completed
2026-05-13 14:58:29 | INF | ACTION_TRACE | Acc=admin | Path=/SYS202100/GetList | IP=::1 | Start=2026-05-13 14:58:11.269 | Elapsed=18232ms | Status=Completed
2026-05-13 14:58:29 | INF | NETWORK_UNSTABLE | Acc=admin | Path=/SYS202100/GetList | Reason=SlowRequest 18238ms
2026-05-13 14:58:29 | INF | NETWORK_UNSTABLE | Acc=admin | Path=/SYS202100/GetList | Reason=SlowRequest 18232ms
2026-05-13 14:58:29 | INF | CONTROLLER_EXEC | Acc= admin | IP=::1 | Path=SYS202100/GetList | Message=POST /SYS202100/GetList
2026-05-13 14:58:29 | INF | CONTROLLER_EXEC | Acc= admin | IP=::1 | Path=SYS202100/GetList | Message=POST /SYS202100/GetList
2026-05-13 14:58:29 | INF | ACTION_TRACE | Acc=admin | Path=/SYS202100/GetList | IP=::1 | Start=2026-05-13 14:58:11.269 | Elapsed=18233ms | Status=Completed
2026-05-13 14:58:29 | INF | NETWORK_UNSTABLE | Acc=admin | Path=/SYS202100/GetList | Reason=SlowRequest 18233ms
2026-05-13 14:58:29 | INF | ACTION_TRACE | Acc=admin | Path=/SYS202100/GetList | IP=::1 | Start=2026-05-13 14:58:11.263 | Elapsed=18239ms | Status=Completed
2026-05-13 14:58:29 | INF | NETWORK_UNSTABLE | Acc=admin | Path=/SYS202100/GetList | Reason=SlowRequest 18239ms
2026-05-13 14:58:34 | INF | CONTROLLER_EXEC | Acc= admin | IP=::1 | Path=SYS202006/GetHolidayData | Message=POST /SYS202006/GetHolidayData
2026-05-13 14:58:34 | INF | ACTION_TRACE | Acc=admin | Path=/SYS202006/GetHolidayData | IP=::1 | Start=2026-05-13 14:58:11.330 | Elapsed=22741ms | Status=Completed
2026-05-13 14:58:34 | INF | NETWORK_UNSTABLE | Acc=admin | Path=/SYS202006/GetHolidayData | Reason=SlowRequest 22741ms
2026-05-13 14:58:34 | INF | CONTROLLER_EXEC | Acc= admin | IP=::1 | Path=SYS202004/GetProfessData | Message=POST /SYS202004/GetProfessData
2026-05-13 14:58:34 | INF | CONTROLLER_EXEC | Acc= admin | IP=::1 | Path=SYS202100/GetList | Message=POST /SYS202100/GetList
2026-05-13 14:58:34 | INF | ACTION_TRACE | Acc=admin | Path=/SYS202004/GetProfessData | IP=::1 | Start=2026-05-13 14:58:11.270 | Elapsed=22812ms | Status=Completed
2026-05-13 14:58:34 | INF | NETWORK_UNSTABLE | Acc=admin | Path=/SYS202004/GetProfessData | Reason=SlowRequest 22812ms
2026-05-13 14:58:34 | INF | ACTION_TRACE | Acc=admin | Path=/SYS202100/GetList | IP=::1 | Start=2026-05-13 14:58:15.812 | Elapsed=18271ms | Status=Completed
2026-05-13 14:58:34 | INF | NETWORK_UNSTABLE | Acc=admin | Path=/SYS202100/GetList | Reason=SlowRequest 18271ms
2026-05-13 14:58:45 | INF | CONTROLLER_EXEC | Acc= admin | IP=::1 | Path=SYS202100/GetList | Message=POST /SYS202100/GetList
2026-05-13 14:58:45 | INF | ACTION_TRACE | Acc=admin | Path=/SYS202100/GetList | IP=::1 | Start=2026-05-13 14:58:45.422 | Elapsed=7ms | Status=Completed
2026-05-13 14:58:45 | INF | CONTROLLER_EXEC | Acc= admin | IP=::1 | Path=SYS202100/GetList | Message=POST /SYS202100/GetList
2026-05-13 14:58:45 | INF | ACTION_TRACE | Acc=admin | Path=/SYS202100/GetList | IP=::1 | Start=2026-05-13 14:58:45.436 | Elapsed=8ms | Status=Completed
2026-05-13 14:58:45 | INF | CONTROLLER_EXEC | Acc= admin | IP=::1 | Path=SYS202004/GetProfessData | Message=POST /SYS202004/GetProfessData
2026-05-13 14:58:45 | INF | ACTION_TRACE | Acc=admin | Path=/SYS202004/GetProfessData | IP=::1 | Start=2026-05-13 14:58:45.481 | Elapsed=4ms | Status=Completed
2026-05-13 14:58:45 | INF | CONTROLLER_EXEC | Acc= admin | IP=::1 | Path=SYS202006/GetHolidayData | Message=POST /SYS202006/GetHolidayData
2026-05-13 14:58:45 | INF | ACTION_TRACE | Acc=admin | Path=/SYS202006/GetHolidayData | IP=::1 | Start=2026-05-13 14:58:45.483 | Elapsed=3ms | Status=Completed
2026-05-13 14:58:48 | INF | CONTROLLER_EXEC | Acc= admin | IP=::1 | Path=SYS202100/GetList | Message=POST /SYS202100/GetList
2026-05-13 14:58:48 | INF | ACTION_TRACE | Acc=admin | Path=/SYS202100/GetList | IP=::1 | Start=2026-05-13 14:58:48.637 | Elapsed=6ms | Status=Completed
2026-05-13 14:58:48 | INF | CONTROLLER_EXEC | Acc= admin | IP=::1 | Path=SYS202100/GetList | Message=POST /SYS202100/GetList
2026-05-13 14:58:48 | INF | ACTION_TRACE | Acc=admin | Path=/SYS202100/GetList | IP=::1 | Start=2026-05-13 14:58:48.643 | Elapsed=4ms | Status=Completed
2026-05-13 14:58:48 | INF | CONTROLLER_EXEC | Acc= admin | IP=::1 | Path=SYS202100/GetList | Message=POST /SYS202100/GetList
2026-05-13 14:58:48 | INF | ACTION_TRACE | Acc=admin | Path=/SYS202100/GetList | IP=::1 | Start=2026-05-13 14:58:48.651 | Elapsed=3ms | Status=Completed
2026-05-13 14:58:48 | INF | CONTROLLER_EXEC | Acc= admin | IP=::1 | Path=SYS202100/GetList | Message=POST /SYS202100/GetList
2026-05-13 14:58:48 | INF | ACTION_TRACE | Acc=admin | Path=/SYS202100/GetList | IP=::1 | Start=2026-05-13 14:58:48.655 | Elapsed=6ms | Status=Completed
2026-05-13 14:58:48 | INF | CONTROLLER_EXEC | Acc= admin | IP=::1 | Path=SYS202100/GetList | Message=POST /SYS202100/GetList
2026-05-13 14:58:48 | INF | ACTION_TRACE | Acc=admin | Path=/SYS202100/GetList | IP=::1 | Start=2026-05-13 14:58:48.660 | Elapsed=6ms | Status=Completed
2026-05-13 14:58:48 | INF | CONTROLLER_EXEC | Acc= admin | IP=::1 | Path=SYS202100/GetList | Message=POST /SYS202100/GetList
2026-05-13 14:58:48 | INF | ACTION_TRACE | Acc=admin | Path=/SYS202100/GetList | IP=::1 | Start=2026-05-13 14:58:48.664 | Elapsed=4ms | Status=Completed
2026-05-13 14:58:48 | INF | CONTROLLER_EXEC | Acc= admin | IP=::1 | Path=SYS202006/GetHolidayData | Message=POST /SYS202006/GetHolidayData
2026-05-13 14:58:48 | INF | CONTROLLER_EXEC | Acc= admin | IP=::1 | Path=SYS202004/GetProfessData | Message=POST /SYS202004/GetProfessData
2026-05-13 14:58:48 | INF | ACTION_TRACE | Acc=admin | Path=/SYS202006/GetHolidayData | IP=::1 | Start=2026-05-13 14:58:48.714 | Elapsed=4ms | Status=Completed
2026-05-13 14:58:48 | INF | ACTION_TRACE | Acc=admin | Path=/SYS202004/GetProfessData | IP=::1 | Start=2026-05-13 14:58:48.713 | Elapsed=5ms | Status=Completed
2026-05-13 14:58:48 | INF | CONTROLLER_EXEC | Acc= admin | IP=::1 | Path=SYS202006/GetHolidayData | Message=POST /SYS202006/GetHolidayData
2026-05-13 14:58:48 | INF | ACTION_TRACE | Acc=admin | Path=/SYS202006/GetHolidayData | IP=::1 | Start=2026-05-13 14:58:48.761 | Elapsed=3ms | Status=Completed
2026-05-13 14:58:48 | INF | CONTROLLER_EXEC | Acc= admin | IP=::1 | Path=SYS202100/GetList | Message=POST /SYS202100/GetList
2026-05-13 14:58:48 | INF | ACTION_TRACE | Acc=admin | Path=/SYS202100/GetList | IP=::1 | Start=2026-05-13 14:58:48.764 | Elapsed=5ms | Status=Completed
2026-05-13 14:58:48 | INF | CONTROLLER_EXEC | Acc= admin | IP=::1 | Path=SYS202100/GetList | Message=POST /SYS202100/GetList
2026-05-13 14:58:48 | INF | ACTION_TRACE | Acc=admin | Path=/SYS202100/GetList | IP=::1 | Start=2026-05-13 14:58:48.768 | Elapsed=5ms | Status=Completed
2026-05-13 14:58:48 | INF | CONTROLLER_EXEC | Acc= admin | IP=::1 | Path=SYS202004/GetProfessData | Message=POST /SYS202004/GetProfessData
2026-05-13 14:58:48 | INF | ACTION_TRACE | Acc=admin | Path=/SYS202004/GetProfessData | IP=::1 | Start=2026-05-13 14:58:48.821 | Elapsed=5ms | Status=Completed
2026-05-13 14:58:48 | INF | CONTROLLER_EXEC | Acc= admin | IP=::1 | Path=SYS202006/GetHolidayData | Message=POST /SYS202006/GetHolidayData
2026-05-13 14:58:48 | INF | ACTION_TRACE | Acc=admin | Path=/SYS202006/GetHolidayData | IP=::1 | Start=2026-05-13 14:58:48.823 | Elapsed=4ms | Status=Completed
2026-05-13 14:58:50 | INF | CONTROLLER_EXEC | Acc= admin | IP=::1 | Path=SYS202100/GetByVariable | Message=GET /SYS202100/GetByVariable
2026-05-13 14:58:50 | INF | ACTION_TRACE | Acc=admin | Path=/SYS202100/GetByVariable | IP=::1 | Start=2026-05-13 14:58:49.969 | Elapsed=101ms | Status=Completed
2026-05-13 14:59:24 | INF | CONTROLLER_EXEC | Acc= admin | IP=::1 | Path=SYS202100/GetList | Message=POST /SYS202100/GetList
2026-05-13 14:59:24 | INF | ACTION_TRACE | Acc=admin | Path=/SYS202100/GetList | IP=::1 | Start=2026-05-13 14:59:24.875 | Elapsed=17ms | Status=Completed
2026-05-13 14:59:24 | INF | CONTROLLER_EXEC | Acc= admin | IP=::1 | Path=SYS202100/GetList | Message=POST /SYS202100/GetList
2026-05-13 14:59:24 | INF | ACTION_TRACE | Acc=admin | Path=/SYS202100/GetList | IP=::1 | Start=2026-05-13 14:59:24.887 | Elapsed=15ms | Status=Completed
2026-05-13 14:59:24 | INF | CONTROLLER_EXEC | Acc= admin | IP=::1 | Path=SYS202004/GetProfessData | Message=POST /SYS202004/GetProfessData
2026-05-13 14:59:24 | INF | ACTION_TRACE | Acc=admin | Path=/SYS202004/GetProfessData | IP=::1 | Start=2026-05-13 14:59:24.942 | Elapsed=30ms | Status=Completed
2026-05-13 14:59:24 | INF | CONTROLLER_EXEC | Acc= admin | IP=::1 | Path=SYS202006/GetHolidayData | Message=POST /SYS202006/GetHolidayData
2026-05-13 14:59:24 | INF | ACTION_TRACE | Acc=admin | Path=/SYS202006/GetHolidayData | IP=::1 | Start=2026-05-13 14:59:24.971 | Elapsed=6ms | Status=Completed
2026-05-13 15:02:20 | INF | CONTROLLER_EXEC | Acc= admin | IP=::1 | Path=SYS202100/GetList | Message=POST /SYS202100/GetList
2026-05-13 15:02:20 | INF | ACTION_TRACE | Acc=admin | Path=/SYS202100/GetList | IP=::1 | Start=2026-05-13 15:02:15.779 | Elapsed=4540ms | Status=Completed
2026-05-13 15:02:20 | INF | NETWORK_UNSTABLE | Acc=admin | Path=/SYS202100/GetList | Reason=SlowRequest 4540ms
2026-05-13 15:02:24 | INF | CONTROLLER_EXEC | Acc= admin | IP=::1 | Path=SYS202100/GetList | Message=POST /SYS202100/GetList
2026-05-13 15:02:24 | INF | CONTROLLER_EXEC | Acc= admin | IP=::1 | Path=SYS202100/GetList | Message=POST /SYS202100/GetList
2026-05-13 15:02:24 | INF | ACTION_TRACE | Acc=admin | Path=/SYS202100/GetList | IP=::1 | Start=2026-05-13 15:02:15.816 | Elapsed=9041ms | Status=Completed
2026-05-13 15:02:24 | INF | ACTION_TRACE | Acc=admin | Path=/SYS202100/GetList | IP=::1 | Start=2026-05-13 15:02:15.816 | Elapsed=9041ms | Status=Completed
2026-05-13 15:02:24 | INF | NETWORK_UNSTABLE | Acc=admin | Path=/SYS202100/GetList | Reason=SlowRequest 9041ms
2026-05-13 15:02:24 | INF | NETWORK_UNSTABLE | Acc=admin | Path=/SYS202100/GetList | Reason=SlowRequest 9041ms
2026-05-13 15:02:29 | INF | CONTROLLER_EXEC | Acc= admin | IP=::1 | Path=SYS202100/GetList | Message=POST /SYS202100/GetList
2026-05-13 15:02:29 | INF | CONTROLLER_EXEC | Acc= admin | IP=::1 | Path=SYS202100/GetList | Message=POST /SYS202100/GetList
2026-05-13 15:02:29 | INF | ACTION_TRACE | Acc=admin | Path=/SYS202100/GetList | IP=::1 | Start=2026-05-13 15:02:15.815 | Elapsed=13570ms | Status=Completed
2026-05-13 15:02:29 | INF | NETWORK_UNSTABLE | Acc=admin | Path=/SYS202100/GetList | Reason=SlowRequest 13570ms
2026-05-13 15:02:29 | INF | CONTROLLER_EXEC | Acc= admin | IP=::1 | Path=SYS202100/GetList | Message=POST /SYS202100/GetList
2026-05-13 15:02:29 | INF | ACTION_TRACE | Acc=admin | Path=/SYS202100/GetList | IP=::1 | Start=2026-05-13 15:02:15.823 | Elapsed=13563ms | Status=Completed
2026-05-13 15:02:29 | INF | NETWORK_UNSTABLE | Acc=admin | Path=/SYS202100/GetList | Reason=SlowRequest 13563ms
2026-05-13 15:02:29 | INF | ACTION_TRACE | Acc=admin | Path=/SYS202100/GetList | IP=::1 | Start=2026-05-13 15:02:15.820 | Elapsed=13566ms | Status=Completed
2026-05-13 15:02:29 | INF | NETWORK_UNSTABLE | Acc=admin | Path=/SYS202100/GetList | Reason=SlowRequest 13566ms
2026-05-13 15:02:30 | INF | CONTROLLER_EXEC | Acc= admin | IP=::1 | Path=SYS202100/GetByVariable | Message=GET /SYS202100/GetByVariable
2026-05-13 15:02:30 | INF | ACTION_TRACE | Acc=admin | Path=/SYS202100/GetByVariable | IP=::1 | Start=2026-05-13 15:02:30.065 | Elapsed=5ms | Status=Completed
2026-05-13 15:02:33 | INF | CONTROLLER_EXEC | Acc= admin | IP=::1 | Path=SYS202006/GetHolidayData | Message=POST /SYS202006/GetHolidayData
2026-05-13 15:02:33 | INF | ACTION_TRACE | Acc=admin | Path=/SYS202006/GetHolidayData | IP=::1 | Start=2026-05-13 15:02:15.863 | Elapsed=18065ms | Status=Completed
2026-05-13 15:02:33 | INF | NETWORK_UNSTABLE | Acc=admin | Path=/SYS202006/GetHolidayData | Reason=SlowRequest 18065ms
2026-05-13 15:02:33 | INF | CONTROLLER_EXEC | Acc= admin | IP=::1 | Path=SYS202006/GetHolidayData | Message=POST /SYS202006/GetHolidayData
2026-05-13 15:02:33 | INF | ACTION_TRACE | Acc=admin | Path=/SYS202006/GetHolidayData | IP=::1 | Start=2026-05-13 15:02:15.910 | Elapsed=18019ms | Status=Completed
2026-05-13 15:02:33 | INF | NETWORK_UNSTABLE | Acc=admin | Path=/SYS202006/GetHolidayData | Reason=SlowRequest 18019ms
2026-05-13 15:02:33 | INF | CONTROLLER_EXEC | Acc= admin | IP=::1 | Path=SYS202004/GetProfessData | Message=POST /SYS202004/GetProfessData
2026-05-13 15:02:33 | INF | ACTION_TRACE | Acc=admin | Path=/SYS202004/GetProfessData | IP=::1 | Start=2026-05-13 15:02:15.862 | Elapsed=18069ms | Status=Completed
2026-05-13 15:02:33 | INF | NETWORK_UNSTABLE | Acc=admin | Path=/SYS202004/GetProfessData | Reason=SlowRequest 18069ms
2026-05-13 15:02:33 | INF | CONTROLLER_EXEC | Acc= admin | IP=::1 | Path=SYS202100/GetList | Message=POST /SYS202100/GetList
2026-05-13 15:02:33 | INF | ACTION_TRACE | Acc=admin | Path=/SYS202100/GetList | IP=::1 | Start=2026-05-13 15:02:15.913 | Elapsed=18023ms | Status=Completed
2026-05-13 15:02:33 | INF | NETWORK_UNSTABLE | Acc=admin | Path=/SYS202100/GetList | Reason=SlowRequest 18023ms
2026-05-13 15:02:38 | INF | CONTROLLER_EXEC | Acc= admin | IP=::1 | Path=SYS202004/GetProfessData | Message=POST /SYS202004/GetProfessData
2026-05-13 15:02:38 | INF | ACTION_TRACE | Acc=admin | Path=/SYS202004/GetProfessData | IP=::1 | Start=2026-05-13 15:02:15.973 | Elapsed=22483ms | Status=Completed
2026-05-13 15:02:38 | INF | NETWORK_UNSTABLE | Acc=admin | Path=/SYS202004/GetProfessData | Reason=SlowRequest 22483ms
2026-05-13 15:02:38 | INF | CONTROLLER_EXEC | Acc= admin | IP=::1 | Path=SYS202100/GetList | Message=POST /SYS202100/GetList
2026-05-13 15:02:38 | INF | CONTROLLER_EXEC | Acc= admin | IP=::1 | Path=SYS202006/GetHolidayData | Message=POST /SYS202006/GetHolidayData
2026-05-13 15:02:38 | INF | ACTION_TRACE | Acc=admin | Path=/SYS202006/GetHolidayData | IP=::1 | Start=2026-05-13 15:02:15.976 | Elapsed=22482ms | Status=Completed
2026-05-13 15:02:38 | INF | NETWORK_UNSTABLE | Acc=admin | Path=/SYS202006/GetHolidayData | Reason=SlowRequest 22482ms
2026-05-13 15:02:38 | INF | ACTION_TRACE | Acc=admin | Path=/SYS202100/GetList | IP=::1 | Start=2026-05-13 15:02:15.915 | Elapsed=22543ms | Status=Completed
2026-05-13 15:02:38 | INF | NETWORK_UNSTABLE | Acc=admin | Path=/SYS202100/GetList | Reason=SlowRequest 22543ms
2026-05-13 15:04:02 | INF | CONTROLLER_EXEC | Acc= admin | IP=::1 | Path=SYS202100/GetList | Message=POST /SYS202100/GetList
2026-05-13 15:04:02 | INF | ACTION_TRACE | Acc=admin | Path=/SYS202100/GetList | IP=::1 | Start=2026-05-13 15:04:02.148 | Elapsed=5ms | Status=Completed
2026-05-13 15:04:02 | INF | CONTROLLER_EXEC | Acc= admin | IP=::1 | Path=SYS202100/GetList | Message=POST /SYS202100/GetList
2026-05-13 15:04:02 | INF | ACTION_TRACE | Acc=admin | Path=/SYS202100/GetList | IP=::1 | Start=2026-05-13 15:04:02.160 | Elapsed=4ms | Status=Completed
2026-05-13 15:04:02 | INF | CONTROLLER_EXEC | Acc= admin | IP=::1 | Path=SYS202100/GetList | Message=POST /SYS202100/GetList
2026-05-13 15:04:02 | INF | ACTION_TRACE | Acc=admin | Path=/SYS202100/GetList | IP=::1 | Start=2026-05-13 15:04:02.167 | Elapsed=9ms | Status=Completed
2026-05-13 15:04:02 | INF | CONTROLLER_EXEC | Acc= admin | IP=::1 | Path=SYS202100/GetList | Message=POST /SYS202100/GetList
2026-05-13 15:04:02 | INF | ACTION_TRACE | Acc=admin | Path=/SYS202100/GetList | IP=::1 | Start=2026-05-13 15:04:02.170 | Elapsed=44ms | Status=Completed
2026-05-13 15:04:02 | INF | CONTROLLER_EXEC | Acc= admin | IP=::1 | Path=SYS202100/GetList | Message=POST /SYS202100/GetList
2026-05-13 15:04:02 | INF | ACTION_TRACE | Acc=admin | Path=/SYS202100/GetList | IP=::1 | Start=2026-05-13 15:04:02.212 | Elapsed=6ms | Status=Completed
2026-05-13 15:04:02 | INF | CONTROLLER_EXEC | Acc= admin | IP=::1 | Path=SYS202004/GetProfessData | Message=POST /SYS202004/GetProfessData
2026-05-13 15:04:02 | INF | ACTION_TRACE | Acc=admin | Path=/SYS202004/GetProfessData | IP=::1 | Start=2026-05-13 15:04:02.223 | Elapsed=6ms | Status=Completed
2026-05-13 15:04:02 | INF | CONTROLLER_EXEC | Acc= admin | IP=::1 | Path=SYS202006/GetHolidayData | Message=POST /SYS202006/GetHolidayData
2026-05-13 15:04:02 | INF | ACTION_TRACE | Acc=admin | Path=/SYS202006/GetHolidayData | IP=::1 | Start=2026-05-13 15:04:02.226 | Elapsed=4ms | Status=Completed
2026-05-13 15:04:02 | INF | CONTROLLER_EXEC | Acc= admin | IP=::1 | Path=SYS202006/GetHolidayData | Message=POST /SYS202006/GetHolidayData
2026-05-13 15:04:02 | INF | ACTION_TRACE | Acc=admin | Path=/SYS202006/GetHolidayData | IP=::1 | Start=2026-05-13 15:04:02.271 | Elapsed=9ms | Status=Completed
2026-05-13 15:04:02 | INF | CONTROLLER_EXEC | Acc= admin | IP=::1 | Path=SYS202100/GetList | Message=POST /SYS202100/GetList
2026-05-13 15:04:02 | INF | ACTION_TRACE | Acc=admin | Path=/SYS202100/GetList | IP=::1 | Start=2026-05-13 15:04:02.276 | Elapsed=9ms | Status=Completed
2026-05-13 15:04:02 | INF | CONTROLLER_EXEC | Acc= admin | IP=::1 | Path=SYS202100/GetList | Message=POST /SYS202100/GetList
2026-05-13 15:04:02 | INF | ACTION_TRACE | Acc=admin | Path=/SYS202100/GetList | IP=::1 | Start=2026-05-13 15:04:02.150 | Elapsed=137ms | Status=Completed
2026-05-13 15:04:02 | INF | CONTROLLER_EXEC | Acc= admin | IP=::1 | Path=SYS202100/GetList | Message=POST /SYS202100/GetList
2026-05-13 15:04:02 | INF | ACTION_TRACE | Acc=admin | Path=/SYS202100/GetList | IP=::1 | Start=2026-05-13 15:04:02.281 | Elapsed=8ms | Status=Completed
2026-05-13 15:04:02 | INF | CONTROLLER_EXEC | Acc= admin | IP=::1 | Path=SYS202006/GetHolidayData | Message=POST /SYS202006/GetHolidayData
2026-05-13 15:04:02 | INF | ACTION_TRACE | Acc=admin | Path=/SYS202006/GetHolidayData | IP=::1 | Start=2026-05-13 15:04:02.330 | Elapsed=4ms | Status=Completed
2026-05-13 15:04:02 | INF | CONTROLLER_EXEC | Acc= admin | IP=::1 | Path=SYS202004/GetProfessData | Message=POST /SYS202004/GetProfessData
2026-05-13 15:04:02 | INF | ACTION_TRACE | Acc=admin | Path=/SYS202004/GetProfessData | IP=::1 | Start=2026-05-13 15:04:02.329 | Elapsed=6ms | Status=Completed
2026-05-13 15:04:03 | INF | CONTROLLER_EXEC | Acc= admin | IP=::1 | Path=SYS202100/GetByVariable | Message=GET /SYS202100/GetByVariable
2026-05-13 15:04:03 | INF | ACTION_TRACE | Acc=admin | Path=/SYS202100/GetByVariable | IP=::1 | Start=2026-05-13 15:04:03.768 | Elapsed=4ms | Status=Completed
2026-05-13 15:24:08 | WRN | No store type was specified for the decimal property 'OveMoney' on entity type 'HROvertime'. This will cause values to be silently truncated if they do not fit in the default precision and scale. Explicitly specify the SQL server column type that can accommodate all the values in 'OnModelCreating' using 'HasColumnType', specify precision and scale using 'HasPrecision', or configure a value converter using 'HasConversion'.
2026-05-13 15:24:08 | WRN | No store type was specified for the decimal property 'Wag1D1Hour' on entity type 'HRWage'. This will cause values to be silently truncated if they do not fit in the default precision and scale. Explicitly specify the SQL server column type that can accommodate all the values in 'OnModelCreating' using 'HasColumnType', specify precision and scale using 'HasPrecision', or configure a value converter using 'HasConversion'.
2026-05-13 15:24:08 | WRN | No store type was specified for the decimal property 'Wag2D1Hour' on entity type 'HRWage'. This will cause values to be silently truncated if they do not fit in the default precision and scale. Explicitly specify the SQL server column type that can accommodate all the values in 'OnModelCreating' using 'HasColumnType', specify precision and scale using 'HasPrecision', or configure a value converter using 'HasConversion'.
2026-05-13 15:24:08 | WRN | No store type was specified for the decimal property 'Wag4D3Hour' on entity type 'HRWage'. This will cause values to be silently truncated if they do not fit in the default precision and scale. Explicitly specify the SQL server column type that can accommodate all the values in 'OnModelCreating' using 'HasColumnType', specify precision and scale using 'HasPrecision', or configure a value converter using 'HasConversion'.
2026-05-13 15:24:08 | WRN | No store type was specified for the decimal property 'Wag5D3Hour' on entity type 'HRWage'. This will cause values to be silently truncated if they do not fit in the default precision and scale. Explicitly specify the SQL server column type that can accommodate all the values in 'OnModelCreating' using 'HasColumnType', specify precision and scale using 'HasPrecision', or configure a value converter using 'HasConversion'.
2026-05-13 15:24:08 | WRN | No store type was specified for the decimal property 'Wag8D3Hour' on entity type 'HRWage'. This will cause values to be silently truncated if they do not fit in the default precision and scale. Explicitly specify the SQL server column type that can accommodate all the values in 'OnModelCreating' using 'HasColumnType', specify precision and scale using 'HasPrecision', or configure a value converter using 'HasConversion'.
2026-05-13 15:24:08 | WRN | No store type was specified for the decimal property 'WagApplyHour' on entity type 'HRWage'. This will cause values to be silently truncated if they do not fit in the default precision and scale. Explicitly specify the SQL server column type that can accommodate all the values in 'OnModelCreating' using 'HasColumnType', specify precision and scale using 'HasPrecision', or configure a value converter using 'HasConversion'.
2026-05-13 15:24:08 | WRN | No store type was specified for the decimal property 'WagIssueHour' on entity type 'HRWage'. This will cause values to be silently truncated if they do not fit in the default precision and scale. Explicitly specify the SQL server column type that can accommodate all the values in 'OnModelCreating' using 'HasColumnType', specify precision and scale using 'HasPrecision', or configure a value converter using 'HasConversion'.
2026-05-13 15:24:08 | WRN | No store type was specified for the decimal property 'WagSubtotal' on entity type 'HRWage'. This will cause values to be silently truncated if they do not fit in the default precision and scale. Explicitly specify the SQL server column type that can accommodate all the values in 'OnModelCreating' using 'HasColumnType', specify precision and scale using 'HasPrecision', or configure a value converter using 'HasConversion'.
2026-05-13 15:24:13 | WRN | The query uses the 'First'/'FirstOrDefault' operator without 'OrderBy' and filter operators. This may lead to unpredictable results.
2026-05-13 15:24:14 | INF | ACTION_TRACE | Acc=admin | Path=/ | IP=::1 | Start=2026-05-13 15:24:07.754 | Elapsed=7196ms | Status=Completed
2026-05-13 15:24:14 | INF | NETWORK_UNSTABLE | Acc=admin | Path=/ | Reason=SlowRequest 7196ms
2026-05-13 15:24:15 | INF | ACTION_TRACE | Acc=admin | Path=/Captcha/Generate | IP=::1 | Start=2026-05-13 15:24:15.160 | Elapsed=36ms | Status=Completed
2026-05-13 15:24:15 | INF | ACTION_TRACE | Acc=admin | Path=/DNTCaptchaImage/Show | IP=::1 | Start=2026-05-13 15:24:15.240 | Elapsed=119ms | Status=Completed
2026-05-13 15:24:28 | INF | ACTION_TRACE | Acc=admin | Path=/Account/Login | IP=::1 | Start=2026-05-13 15:24:21.465 | Elapsed=6953ms | Status=Completed
2026-05-13 15:24:28 | INF | NETWORK_UNSTABLE | Acc=admin | Path=/Account/Login | Reason=SlowRequest 6953ms
2026-05-13 15:24:28 | INF | ACTION_TRACE | Acc=admin | Path=/Home/Index | IP=::1 | Start=2026-05-13 15:24:28.435 | Elapsed=252ms | Status=Completed
2026-05-13 15:26:48 | INF | ACTION_TRACE | Acc=admin | Path=/Home/GetMenu | IP=::1 | Start=2026-05-13 15:26:48.108 | Elapsed=47ms | Status=Completed
2026-05-13 15:26:52 | INF | CONTROLLER_EXEC | Acc= admin | IP=::1 | Path=SYS202100/SYS202100 | Message=GET /SYS202100/SYS202100
2026-05-13 15:26:52 | INF | ACTION_TRACE | Acc=admin | Path=/SYS202100/SYS202100 | IP=::1 | Start=2026-05-13 15:26:52.042 | Elapsed=80ms | Status=Completed
2026-05-13 15:26:52 | INF | CONTROLLER_EXEC | Acc= admin | IP=::1 | Path=SYS202100/GetList | Message=POST /SYS202100/GetList
2026-05-13 15:26:52 | INF | ACTION_TRACE | Acc=admin | Path=/SYS202100/GetList | IP=::1 | Start=2026-05-13 15:26:52.166 | Elapsed=108ms | Status=Completed
2026-05-13 15:26:52 | INF | CONTROLLER_EXEC | Acc= admin | IP=::1 | Path=SYS202100/GetList | Message=POST /SYS202100/GetList
2026-05-13 15:26:52 | INF | ACTION_TRACE | Acc=admin | Path=/SYS202100/GetList | IP=::1 | Start=2026-05-13 15:26:52.314 | Elapsed=7ms | Status=Completed
2026-05-13 15:28:45 | INF | ACTION_TRACE | Acc=admin | Path=/Home/Index | IP=::1 | Start=2026-05-13 15:28:45.633 | Elapsed=102ms | Status=Completed
2026-05-13 15:28:46 | INF | ACTION_TRACE | Acc=admin | Path=/Home/GetMenu | IP=::1 | Start=2026-05-13 15:28:46.871 | Elapsed=57ms | Status=Completed
2026-05-13 15:28:50 | INF | CONTROLLER_EXEC | Acc= admin | IP=::1 | Path=SYS202100/SYS202100 | Message=GET /SYS202100/SYS202100
2026-05-13 15:28:50 | INF | ACTION_TRACE | Acc=admin | Path=/SYS202100/SYS202100 | IP=::1 | Start=2026-05-13 15:28:50.721 | Elapsed=45ms | Status=Completed
2026-05-13 15:28:50 | INF | CONTROLLER_EXEC | Acc= admin | IP=::1 | Path=SYS202100/GetList | Message=POST /SYS202100/GetList
2026-05-13 15:28:50 | INF | ACTION_TRACE | Acc=admin | Path=/SYS202100/GetList | IP=::1 | Start=2026-05-13 15:28:50.794 | Elapsed=21ms | Status=Completed
2026-05-13 15:28:50 | INF | CONTROLLER_EXEC | Acc= admin | IP=::1 | Path=SYS202100/GetList | Message=POST /SYS202100/GetList
2026-05-13 15:28:50 | INF | ACTION_TRACE | Acc=admin | Path=/SYS202100/GetList | IP=::1 | Start=2026-05-13 15:28:50.837 | Elapsed=4ms | Status=Completed
2026-05-13 15:33:31 | WRN | No store type was specified for the decimal property 'OveMoney' on entity type 'HROvertime'. This will cause values to be silently truncated if they do not fit in the default precision and scale. Explicitly specify the SQL server column type that can accommodate all the values in 'OnModelCreating' using 'HasColumnType', specify precision and scale using 'HasPrecision', or configure a value converter using 'HasConversion'.
2026-05-13 15:33:31 | WRN | No store type was specified for the decimal property 'Wag1D1Hour' on entity type 'HRWage'. This will cause values to be silently truncated if they do not fit in the default precision and scale. Explicitly specify the SQL server column type that can accommodate all the values in 'OnModelCreating' using 'HasColumnType', specify precision and scale using 'HasPrecision', or configure a value converter using 'HasConversion'.
2026-05-13 15:33:31 | WRN | No store type was specified for the decimal property 'Wag2D1Hour' on entity type 'HRWage'. This will cause values to be silently truncated if they do not fit in the default precision and scale. Explicitly specify the SQL server column type that can accommodate all the values in 'OnModelCreating' using 'HasColumnType', specify precision and scale using 'HasPrecision', or configure a value converter using 'HasConversion'.
2026-05-13 15:33:31 | WRN | No store type was specified for the decimal property 'Wag4D3Hour' on entity type 'HRWage'. This will cause values to be silently truncated if they do not fit in the default precision and scale. Explicitly specify the SQL server column type that can accommodate all the values in 'OnModelCreating' using 'HasColumnType', specify precision and scale using 'HasPrecision', or configure a value converter using 'HasConversion'.
2026-05-13 15:33:31 | WRN | No store type was specified for the decimal property 'Wag5D3Hour' on entity type 'HRWage'. This will cause values to be silently truncated if they do not fit in the default precision and scale. Explicitly specify the SQL server column type that can accommodate all the values in 'OnModelCreating' using 'HasColumnType', specify precision and scale using 'HasPrecision', or configure a value converter using 'HasConversion'.
2026-05-13 15:33:31 | WRN | No store type was specified for the decimal property 'Wag8D3Hour' on entity type 'HRWage'. This will cause values to be silently truncated if they do not fit in the default precision and scale. Explicitly specify the SQL server column type that can accommodate all the values in 'OnModelCreating' using 'HasColumnType', specify precision and scale using 'HasPrecision', or configure a value converter using 'HasConversion'.
2026-05-13 15:33:31 | WRN | No store type was specified for the decimal property 'WagApplyHour' on entity type 'HRWage'. This will cause values to be silently truncated if they do not fit in the default precision and scale. Explicitly specify the SQL server column type that can accommodate all the values in 'OnModelCreating' using 'HasColumnType', specify precision and scale using 'HasPrecision', or configure a value converter using 'HasConversion'.
2026-05-13 15:33:31 | WRN | No store type was specified for the decimal property 'WagIssueHour' on entity type 'HRWage'. This will cause values to be silently truncated if they do not fit in the default precision and scale. Explicitly specify the SQL server column type that can accommodate all the values in 'OnModelCreating' using 'HasColumnType', specify precision and scale using 'HasPrecision', or configure a value converter using 'HasConversion'.
2026-05-13 15:33:31 | WRN | No store type was specified for the decimal property 'WagSubtotal' on entity type 'HRWage'. This will cause values to be silently truncated if they do not fit in the default precision and scale. Explicitly specify the SQL server column type that can accommodate all the values in 'OnModelCreating' using 'HasColumnType', specify precision and scale using 'HasPrecision', or configure a value converter using 'HasConversion'.
2026-05-13 15:33:36 | WRN | The query uses the 'First'/'FirstOrDefault' operator without 'OrderBy' and filter operators. This may lead to unpredictable results.
2026-05-13 15:33:37 | INF | ACTION_TRACE | Acc=admin | Path=/ | IP=::1 | Start=2026-05-13 15:33:30.555 | Elapsed=7322ms | Status=Completed
2026-05-13 15:33:37 | INF | NETWORK_UNSTABLE | Acc=admin | Path=/ | Reason=SlowRequest 7322ms
2026-05-13 15:33:38 | INF | ACTION_TRACE | Acc=admin | Path=/Captcha/Generate | IP=::1 | Start=2026-05-13 15:33:38.183 | Elapsed=47ms | Status=Completed
2026-05-13 15:33:38 | INF | ACTION_TRACE | Acc=admin | Path=/DNTCaptchaImage/Show | IP=::1 | Start=2026-05-13 15:33:38.377 | Elapsed=121ms | Status=Completed
2026-05-13 15:33:54 | INF | ACTION_TRACE | Acc=admin | Path=/Account/Login | IP=::1 | Start=2026-05-13 15:33:46.180 | Elapsed=8073ms | Status=Completed
2026-05-13 15:33:54 | INF | NETWORK_UNSTABLE | Acc=admin | Path=/Account/Login | Reason=SlowRequest 8073ms
2026-05-13 15:33:54 | INF | ACTION_TRACE | Acc=admin | Path=/Home/Index | IP=::1 | Start=2026-05-13 15:33:54.270 | Elapsed=267ms | Status=Completed
2026-05-13 15:36:23 | INF | ACTION_TRACE | Acc=admin | Path=/Home/GetMenu | IP=::1 | Start=2026-05-13 15:36:23.875 | Elapsed=19ms | Status=Completed
2026-05-13 15:36:37 | INF | CONTROLLER_EXEC | Acc= admin | IP=::1 | Path=SYS202100/SYS202100 | Message=GET /SYS202100/SYS202100
2026-05-13 15:36:37 | INF | ACTION_TRACE | Acc=admin | Path=/SYS202100/SYS202100 | IP=::1 | Start=2026-05-13 15:36:36.950 | Elapsed=157ms | Status=Completed
2026-05-13 15:36:37 | INF | CONTROLLER_EXEC | Acc= admin | IP=::1 | Path=SYS202100/GetList | Message=POST /SYS202100/GetList
2026-05-13 15:36:37 | INF | ACTION_TRACE | Acc=admin | Path=/SYS202100/GetList | IP=::1 | Start=2026-05-13 15:36:37.154 | Elapsed=120ms | Status=Completed
2026-05-13 15:36:37 | INF | CONTROLLER_EXEC | Acc= admin | IP=::1 | Path=SYS202100/GetList | Message=POST /SYS202100/GetList
2026-05-13 15:36:37 | INF | ACTION_TRACE | Acc=admin | Path=/SYS202100/GetList | IP=::1 | Start=2026-05-13 15:36:37.321 | Elapsed=9ms | Status=Completed
2026-05-13 15:36:40 | INF | CONTROLLER_EXEC | Acc= admin | IP=::1 | Path=SYS202100/GetByVariable | Message=GET /SYS202100/GetByVariable
2026-05-13 15:36:40 | INF | ACTION_TRACE | Acc=admin | Path=/SYS202100/GetByVariable | IP=::1 | Start=2026-05-13 15:36:40.489 | Elapsed=84ms | Status=Completed
2026-05-13 15:36:43 | INF | ACTION_TRACE | Acc=admin | Path=/Home/Index | IP=::1 | Start=2026-05-13 15:36:43.777 | Elapsed=22ms | Status=Completed
2026-05-13 15:36:44 | INF | ACTION_TRACE | Acc=admin | Path=/Home/GetMenu | IP=::1 | Start=2026-05-13 15:36:44.944 | Elapsed=13ms | Status=Completed
2026-05-13 15:36:48 | INF | CONTROLLER_EXEC | Acc= admin | IP=::1 | Path=SYS202100/SYS202100 | Message=GET /SYS202100/SYS202100
2026-05-13 15:36:48 | INF | ACTION_TRACE | Acc=admin | Path=/SYS202100/SYS202100 | IP=::1 | Start=2026-05-13 15:36:48.042 | Elapsed=11ms | Status=Completed
2026-05-13 15:36:48 | INF | CONTROLLER_EXEC | Acc= admin | IP=::1 | Path=SYS202100/GetList | Message=POST /SYS202100/GetList
2026-05-13 15:36:48 | INF | ACTION_TRACE | Acc=admin | Path=/SYS202100/GetList | IP=::1 | Start=2026-05-13 15:36:48.089 | Elapsed=12ms | Status=Completed
2026-05-13 15:36:48 | INF | CONTROLLER_EXEC | Acc= admin | IP=::1 | Path=SYS202100/GetList | Message=POST /SYS202100/GetList
2026-05-13 15:36:48 | INF | ACTION_TRACE | Acc=admin | Path=/SYS202100/GetList | IP=::1 | Start=2026-05-13 15:36:48.125 | Elapsed=7ms | Status=Completed
2026-05-13 15:37:09 | INF | CONTROLLER_EXEC | Acc= admin | IP=::1 | Path=SYS202100/GetList | Message=POST /SYS202100/GetList
2026-05-13 15:37:09 | INF | ACTION_TRACE | Acc=admin | Path=/SYS202100/GetList | IP=::1 | Start=2026-05-13 15:37:09.737 | Elapsed=37ms | Status=Completed
2026-05-13 15:37:11 | INF | CONTROLLER_EXEC | Acc= admin | IP=::1 | Path=SYS202100/GetByVariable | Message=GET /SYS202100/GetByVariable
2026-05-13 15:37:11 | INF | ACTION_TRACE | Acc=admin | Path=/SYS202100/GetByVariable | IP=::1 | Start=2026-05-13 15:37:11.835 | Elapsed=5ms | Status=Completed
2026-05-13 15:37:14 | INF | CONTROLLER_EXEC | Acc= admin | IP=::1 | Path=SYS202100/GetList | Message=POST /SYS202100/GetList
2026-05-13 15:37:14 | INF | ACTION_TRACE | Acc=admin | Path=/SYS202100/GetList | IP=::1 | Start=2026-05-13 15:37:09.734 | Elapsed=4601ms | Status=Completed
2026-05-13 15:37:14 | INF | NETWORK_UNSTABLE | Acc=admin | Path=/SYS202100/GetList | Reason=SlowRequest 4601ms
2026-05-13 15:37:14 | INF | CONTROLLER_EXEC | Acc= admin | IP=::1 | Path=SYS202100/GetList | Message=POST /SYS202100/GetList
2026-05-13 15:37:14 | INF | ACTION_TRACE | Acc=admin | Path=/SYS202100/GetList | IP=::1 | Start=2026-05-13 15:37:14.333 | Elapsed=8ms | Status=Completed
2026-05-13 15:37:14 | INF | ACTION_TRACE | Acc=admin | Path=/.well-known/appspecific/com.chrome.devtools.json | IP=::1 | Start=2026-05-13 15:37:14.486 | Elapsed=0ms | Status=Completed
2026-05-13 15:37:14 | INF | ACTION_TRACE | Acc=admin | Path=/lib/html-to-image/html-to-image.js.map | IP=::1 | Start=2026-05-13 15:37:14.537 | Elapsed=0ms | Status=Completed
2026-05-13 15:37:19 | INF | CONTROLLER_EXEC | Acc= admin | IP=::1 | Path=SYS202100/GetList | Message=POST /SYS202100/GetList
2026-05-13 15:37:19 | INF | ACTION_TRACE | Acc=admin | Path=/SYS202100/GetList | IP=::1 | Start=2026-05-13 15:37:19.114 | Elapsed=11ms | Status=Completed
2026-05-13 15:37:35 | INF | CONTROLLER_EXEC | Acc= admin | IP=::1 | Path=SYS202100/GetList | Message=POST /SYS202100/GetList
2026-05-13 15:37:35 | INF | ACTION_TRACE | Acc=admin | Path=/SYS202100/GetList | IP=::1 | Start=2026-05-13 15:37:35.059 | Elapsed=29ms | Status=Completed
2026-05-13 15:37:35 | INF | CONTROLLER_EXEC | Acc= admin | IP=::1 | Path=SYS202100/GetList | Message=POST /SYS202100/GetList
2026-05-13 15:37:35 | INF | ACTION_TRACE | Acc=admin | Path=/SYS202100/GetList | IP=::1 | Start=2026-05-13 15:37:35.117 | Elapsed=17ms | Status=Completed
2026-05-13 15:39:52 | WRN | No store type was specified for the decimal property 'OveMoney' on entity type 'HROvertime'. This will cause values to be silently truncated if they do not fit in the default precision and scale. Explicitly specify the SQL server column type that can accommodate all the values in 'OnModelCreating' using 'HasColumnType', specify precision and scale using 'HasPrecision', or configure a value converter using 'HasConversion'.
2026-05-13 15:39:52 | WRN | No store type was specified for the decimal property 'Wag1D1Hour' on entity type 'HRWage'. This will cause values to be silently truncated if they do not fit in the default precision and scale. Explicitly specify the SQL server column type that can accommodate all the values in 'OnModelCreating' using 'HasColumnType', specify precision and scale using 'HasPrecision', or configure a value converter using 'HasConversion'.
2026-05-13 15:39:52 | WRN | No store type was specified for the decimal property 'Wag2D1Hour' on entity type 'HRWage'. This will cause values to be silently truncated if they do not fit in the default precision and scale. Explicitly specify the SQL server column type that can accommodate all the values in 'OnModelCreating' using 'HasColumnType', specify precision and scale using 'HasPrecision', or configure a value converter using 'HasConversion'.
2026-05-13 15:39:52 | WRN | No store type was specified for the decimal property 'Wag4D3Hour' on entity type 'HRWage'. This will cause values to be silently truncated if they do not fit in the default precision and scale. Explicitly specify the SQL server column type that can accommodate all the values in 'OnModelCreating' using 'HasColumnType', specify precision and scale using 'HasPrecision', or configure a value converter using 'HasConversion'.
2026-05-13 15:39:52 | WRN | No store type was specified for the decimal property 'Wag5D3Hour' on entity type 'HRWage'. This will cause values to be silently truncated if they do not fit in the default precision and scale. Explicitly specify the SQL server column type that can accommodate all the values in 'OnModelCreating' using 'HasColumnType', specify precision and scale using 'HasPrecision', or configure a value converter using 'HasConversion'.
2026-05-13 15:39:52 | WRN | No store type was specified for the decimal property 'Wag8D3Hour' on entity type 'HRWage'. This will cause values to be silently truncated if they do not fit in the default precision and scale. Explicitly specify the SQL server column type that can accommodate all the values in 'OnModelCreating' using 'HasColumnType', specify precision and scale using 'HasPrecision', or configure a value converter using 'HasConversion'.
2026-05-13 15:39:52 | WRN | No store type was specified for the decimal property 'WagApplyHour' on entity type 'HRWage'. This will cause values to be silently truncated if they do not fit in the default precision and scale. Explicitly specify the SQL server column type that can accommodate all the values in 'OnModelCreating' using 'HasColumnType', specify precision and scale using 'HasPrecision', or configure a value converter using 'HasConversion'.
2026-05-13 15:39:52 | WRN | No store type was specified for the decimal property 'WagIssueHour' on entity type 'HRWage'. This will cause values to be silently truncated if they do not fit in the default precision and scale. Explicitly specify the SQL server column type that can accommodate all the values in 'OnModelCreating' using 'HasColumnType', specify precision and scale using 'HasPrecision', or configure a value converter using 'HasConversion'.
2026-05-13 15:39:52 | WRN | No store type was specified for the decimal property 'WagSubtotal' on entity type 'HRWage'. This will cause values to be silently truncated if they do not fit in the default precision and scale. Explicitly specify the SQL server column type that can accommodate all the values in 'OnModelCreating' using 'HasColumnType', specify precision and scale using 'HasPrecision', or configure a value converter using 'HasConversion'.
2026-05-13 15:39:58 | WRN | The query uses the 'First'/'FirstOrDefault' operator without 'OrderBy' and filter operators. This may lead to unpredictable results.
2026-05-13 15:39:59 | INF | ACTION_TRACE | Acc=admin | Path=/ | IP=::1 | Start=2026-05-13 15:39:51.815 | Elapsed=7284ms | Status=Completed
2026-05-13 15:39:59 | INF | NETWORK_UNSTABLE | Acc=admin | Path=/ | Reason=SlowRequest 7284ms
2026-05-13 15:39:59 | INF | ACTION_TRACE | Acc=admin | Path=/Captcha/Generate | IP=::1 | Start=2026-05-13 15:39:59.372 | Elapsed=55ms | Status=Completed
2026-05-13 15:39:59 | INF | ACTION_TRACE | Acc=admin | Path=/DNTCaptchaImage/Show | IP=::1 | Start=2026-05-13 15:39:59.440 | Elapsed=113ms | Status=Completed
2026-05-13 15:40:10 | INF | ACTION_TRACE | Acc=admin | Path=/Account/Login | IP=::1 | Start=2026-05-13 15:40:03.201 | Elapsed=7265ms | Status=Completed
2026-05-13 15:40:10 | INF | NETWORK_UNSTABLE | Acc=admin | Path=/Account/Login | Reason=SlowRequest 7265ms
2026-05-13 15:40:10 | INF | ACTION_TRACE | Acc=admin | Path=/Home/Index | IP=::1 | Start=2026-05-13 15:40:10.480 | Elapsed=257ms | Status=Completed
2026-05-13 15:46:56 | INF | ACTION_TRACE | Acc=admin | Path=/Home/GetMenu | IP=::1 | Start=2026-05-13 15:46:56.288 | Elapsed=65ms | Status=Completed
2026-05-13 15:47:00 | INF | CONTROLLER_EXEC | Acc= admin | IP=::1 | Path=SYS202100/SYS202100 | Message=GET /SYS202100/SYS202100
2026-05-13 15:47:00 | INF | ACTION_TRACE | Acc=admin | Path=/SYS202100/SYS202100 | IP=::1 | Start=2026-05-13 15:47:00.812 | Elapsed=102ms | Status=Completed
2026-05-13 15:47:01 | INF | CONTROLLER_EXEC | Acc= admin | IP=::1 | Path=SYS202100/GetList | Message=POST /SYS202100/GetList
2026-05-13 15:47:01 | INF | ACTION_TRACE | Acc=admin | Path=/SYS202100/GetList | IP=::1 | Start=2026-05-13 15:47:00.956 | Elapsed=108ms | Status=Completed
2026-05-13 15:47:01 | INF | CONTROLLER_EXEC | Acc= admin | IP=::1 | Path=SYS202100/GetList | Message=POST /SYS202100/GetList
2026-05-13 15:47:01 | INF | ACTION_TRACE | Acc=admin | Path=/SYS202100/GetList | IP=::1 | Start=2026-05-13 15:47:01.102 | Elapsed=10ms | Status=Completed
2026-05-13 15:47:06 | INF | CONTROLLER_EXEC | Acc= admin | IP=::1 | Path=SYS202100/GetList | Message=POST /SYS202100/GetList
2026-05-13 15:47:06 | INF | ACTION_TRACE | Acc=admin | Path=/SYS202100/GetList | IP=::1 | Start=2026-05-13 15:47:06.908 | Elapsed=10ms | Status=Completed
2026-05-13 15:47:07 | INF | CONTROLLER_EXEC | Acc= admin | IP=::1 | Path=SYS202100/GetList | Message=POST /SYS202100/GetList
2026-05-13 15:47:07 | INF | ACTION_TRACE | Acc=admin | Path=/SYS202100/GetList | IP=::1 | Start=2026-05-13 15:47:07.558 | Elapsed=8ms | Status=Completed
2026-05-13 15:47:07 | INF | ACTION_TRACE | Acc=admin | Path=/.well-known/appspecific/com.chrome.devtools.json | IP=::1 | Start=2026-05-13 15:47:07.626 | Elapsed=0ms | Status=Completed
2026-05-13 15:47:07 | INF | ACTION_TRACE | Acc=admin | Path=/lib/html-to-image/html-to-image.js.map | IP=::1 | Start=2026-05-13 15:47:07.687 | Elapsed=0ms | Status=Completed
2026-05-13 15:47:15 | INF | CONTROLLER_EXEC | Acc= admin | IP=::1 | Path=SYS202100/GetList | Message=POST /SYS202100/GetList
2026-05-13 15:47:15 | INF | ACTION_TRACE | Acc=admin | Path=/SYS202100/GetList | IP=::1 | Start=2026-05-13 15:47:15.581 | Elapsed=7ms | Status=Completed
2026-05-13 15:47:16 | INF | CONTROLLER_EXEC | Acc= admin | IP=::1 | Path=SYS202100/GetList | Message=POST /SYS202100/GetList
2026-05-13 15:47:16 | INF | ACTION_TRACE | Acc=admin | Path=/SYS202100/GetList | IP=::1 | Start=2026-05-13 15:47:16.646 | Elapsed=10ms | Status=Completed
2026-05-13 15:47:16 | INF | ACTION_TRACE | Acc=admin | Path=/.well-known/appspecific/com.chrome.devtools.json | IP=::1 | Start=2026-05-13 15:47:16.765 | Elapsed=0ms | Status=Completed
2026-05-13 15:47:16 | INF | ACTION_TRACE | Acc=admin | Path=/lib/html-to-image/html-to-image.js.map | IP=::1 | Start=2026-05-13 15:47:16.795 | Elapsed=0ms | Status=Completed
2026-05-13 15:47:19 | INF | CONTROLLER_EXEC | Acc= admin | IP=::1 | Path=SYS202100/GetByVariable | Message=GET /SYS202100/GetByVariable
2026-05-13 15:47:19 | INF | ACTION_TRACE | Acc=admin | Path=/SYS202100/GetByVariable | IP=::1 | Start=2026-05-13 15:47:18.939 | Elapsed=102ms | Status=Completed
2026-05-13 15:47:42 | INF | CONTROLLER_EXEC | Acc= admin | IP=::1 | Path=SYS202100/GetList | Message=POST /SYS202100/GetList
2026-05-13 15:47:42 | INF | ACTION_TRACE | Acc=admin | Path=/SYS202100/GetList | IP=::1 | Start=2026-05-13 15:47:42.149 | Elapsed=8ms | Status=Completed
2026-05-13 15:47:43 | INF | CONTROLLER_EXEC | Acc= admin | IP=::1 | Path=SYS202100/GetList | Message=POST /SYS202100/GetList
2026-05-13 15:47:43 | INF | ACTION_TRACE | Acc=admin | Path=/SYS202100/GetList | IP=::1 | Start=2026-05-13 15:47:43.633 | Elapsed=11ms | Status=Completed
2026-05-13 15:47:45 | INF | ACTION_TRACE | Acc=admin | Path=/Home/Index | IP=::1 | Start=2026-05-13 15:47:45.762 | Elapsed=21ms | Status=Completed
2026-05-13 15:47:48 | INF | CONTROLLER_EXEC | Acc= admin | IP=::1 | Path=SYS202100/GetList | Message=POST /SYS202100/GetList
2026-05-13 15:47:48 | INF | ACTION_TRACE | Acc=admin | Path=/SYS202100/GetList | IP=::1 | Start=2026-05-13 15:47:43.638 | Elapsed=4562ms | Status=Completed
2026-05-13 15:47:48 | INF | NETWORK_UNSTABLE | Acc=admin | Path=/SYS202100/GetList | Reason=SlowRequest 4562ms
2026-05-13 15:48:00 | INF | ACTION_TRACE | Acc=admin | Path=/Home/GetMenu | IP=::1 | Start=2026-05-13 15:48:00.055 | Elapsed=54ms | Status=Completed
2026-05-13 15:48:03 | INF | CONTROLLER_EXEC | Acc= admin | IP=::1 | Path=SYS202100/SYS202100 | Message=GET /SYS202100/SYS202100
2026-05-13 15:48:03 | INF | ACTION_TRACE | Acc=admin | Path=/SYS202100/SYS202100 | IP=::1 | Start=2026-05-13 15:48:03.355 | Elapsed=131ms | Status=Completed
2026-05-13 15:48:03 | INF | CONTROLLER_EXEC | Acc= admin | IP=::1 | Path=SYS202100/GetList | Message=POST /SYS202100/GetList
2026-05-13 15:48:03 | INF | ACTION_TRACE | Acc=admin | Path=/SYS202100/GetList | IP=::1 | Start=2026-05-13 15:48:03.529 | Elapsed=193ms | Status=Completed
2026-05-13 15:48:03 | INF | CONTROLLER_EXEC | Acc= admin | IP=::1 | Path=SYS202100/GetList | Message=POST /SYS202100/GetList
2026-05-13 15:48:03 | INF | ACTION_TRACE | Acc=admin | Path=/SYS202100/GetList | IP=::1 | Start=2026-05-13 15:48:03.765 | Elapsed=178ms | Status=Completed
2026-05-13 15:48:04 | INF | ACTION_TRACE | Acc=admin | Path=/.well-known/appspecific/com.chrome.devtools.json | IP=::1 | Start=2026-05-13 15:48:04.951 | Elapsed=0ms | Status=Completed
2026-05-13 15:48:05 | INF | ACTION_TRACE | Acc=admin | Path=/lib/html-to-image/html-to-image.js.map | IP=::1 | Start=2026-05-13 15:48:05.003 | Elapsed=0ms | Status=Completed
2026-05-13 15:48:05 | INF | CONTROLLER_EXEC | Acc= admin | IP=::1 | Path=SYS202100/GetList | Message=POST /SYS202100/GetList
2026-05-13 15:48:05 | INF | ACTION_TRACE | Acc=admin | Path=/SYS202100/GetList | IP=::1 | Start=2026-05-13 15:48:04.872 | Elapsed=136ms | Status=Completed
2026-05-13 15:49:19 | INF | CONTROLLER_EXEC | Acc= admin | IP=::1 | Path=SYS202100/GetList | Message=POST /SYS202100/GetList
2026-05-13 15:49:19 | INF | ACTION_TRACE | Acc=admin | Path=/SYS202100/GetList | IP=::1 | Start=2026-05-13 15:49:19.866 | Elapsed=7ms | Status=Completed
2026-05-13 15:49:20 | INF | CONTROLLER_EXEC | Acc= admin | IP=::1 | Path=SYS202100/GetList | Message=POST /SYS202100/GetList
2026-05-13 15:49:20 | INF | ACTION_TRACE | Acc=admin | Path=/SYS202100/GetList | IP=::1 | Start=2026-05-13 15:49:20.277 | Elapsed=27ms | Status=Completed
2026-05-13 15:49:56 | INF | CONTROLLER_EXEC | Acc= admin | IP=::1 | Path=SYS202100/GetList | Message=POST /SYS202100/GetList
2026-05-13 15:49:56 | INF | ACTION_TRACE | Acc=admin | Path=/SYS202100/GetList | IP=::1 | Start=2026-05-13 15:49:56.349 | Elapsed=11ms | Status=Completed
2026-05-13 15:49:57 | INF | CONTROLLER_EXEC | Acc= admin | IP=::1 | Path=SYS202100/GetList | Message=POST /SYS202100/GetList
2026-05-13 15:49:57 | INF | ACTION_TRACE | Acc=admin | Path=/SYS202100/GetList | IP=::1 | Start=2026-05-13 15:49:57.321 | Elapsed=6ms | Status=Completed
2026-05-13 15:49:57 | INF | ACTION_TRACE | Acc=admin | Path=/.well-known/appspecific/com.chrome.devtools.json | IP=::1 | Start=2026-05-13 15:49:57.406 | Elapsed=0ms | Status=Completed
2026-05-13 15:49:57 | INF | ACTION_TRACE | Acc=admin | Path=/lib/html-to-image/html-to-image.js.map | IP=::1 | Start=2026-05-13 15:49:57.486 | Elapsed=0ms | Status=Completed
2026-05-13 15:49:59 | INF | CONTROLLER_EXEC | Acc= admin | IP=::1 | Path=SYS202100/Add | Message=POST /SYS202100/Add
2026-05-13 15:49:59 | INF | ACTION_TRACE | Acc=admin | Path=/SYS202100/Add | IP=::1 | Start=2026-05-13 15:49:54.434 | Elapsed=5073ms | Status=Completed
2026-05-13 15:49:59 | INF | NETWORK_UNSTABLE | Acc=admin | Path=/SYS202100/Add | Reason=SlowRequest 5073ms
2026-05-13 15:50:00 | INF | CONTROLLER_EXEC | Acc= admin | IP=::1 | Path=SYS202100/GetList | Message=POST /SYS202100/GetList
2026-05-13 15:50:00 | INF | CONTROLLER_EXEC | Acc= admin | IP=::1 | Path=SYS202100/GetList | Message=POST /SYS202100/GetList
2026-05-13 15:50:00 | INF | ACTION_TRACE | Acc=admin | Path=/SYS202100/GetList | IP=::1 | Start=2026-05-13 15:50:00.692 | Elapsed=9ms | Status=Completed
2026-05-13 15:50:00 | INF | ACTION_TRACE | Acc=admin | Path=/SYS202100/GetList | IP=::1 | Start=2026-05-13 15:50:00.690 | Elapsed=12ms | Status=Completed
2026-05-13 15:50:00 | INF | CONTROLLER_EXEC | Acc= admin | IP=::1 | Path=SYS202100/GetList | Message=POST /SYS202100/GetList
2026-05-13 15:50:00 | INF | ACTION_TRACE | Acc=admin | Path=/SYS202100/GetList | IP=::1 | Start=2026-05-13 15:50:00.699 | Elapsed=9ms | Status=Completed
2026-05-13 15:51:17 | INF | CONTROLLER_EXEC | Acc= admin | IP=::1 | Path=SYS202100/GetByVariable | Message=GET /SYS202100/GetByVariable
2026-05-13 15:51:17 | INF | ACTION_TRACE | Acc=admin | Path=/SYS202100/GetByVariable | IP=::1 | Start=2026-05-13 15:51:17.858 | Elapsed=12ms | Status=Completed
2026-05-13 15:51:19 | INF | CONTROLLER_EXEC | Acc= admin | IP=::1 | Path=SYS202100/GetList | Message=POST /SYS202100/GetList
2026-05-13 15:51:19 | INF | ACTION_TRACE | Acc=admin | Path=/SYS202100/GetList | IP=::1 | Start=2026-05-13 15:51:19.835 | Elapsed=6ms | Status=Completed
2026-05-13 15:53:44 | WRN | No store type was specified for the decimal property 'OveMoney' on entity type 'HROvertime'. This will cause values to be silently truncated if they do not fit in the default precision and scale. Explicitly specify the SQL server column type that can accommodate all the values in 'OnModelCreating' using 'HasColumnType', specify precision and scale using 'HasPrecision', or configure a value converter using 'HasConversion'.
2026-05-13 15:53:44 | WRN | No store type was specified for the decimal property 'Wag1D1Hour' on entity type 'HRWage'. This will cause values to be silently truncated if they do not fit in the default precision and scale. Explicitly specify the SQL server column type that can accommodate all the values in 'OnModelCreating' using 'HasColumnType', specify precision and scale using 'HasPrecision', or configure a value converter using 'HasConversion'.
2026-05-13 15:53:44 | WRN | No store type was specified for the decimal property 'Wag2D1Hour' on entity type 'HRWage'. This will cause values to be silently truncated if they do not fit in the default precision and scale. Explicitly specify the SQL server column type that can accommodate all the values in 'OnModelCreating' using 'HasColumnType', specify precision and scale using 'HasPrecision', or configure a value converter using 'HasConversion'.
2026-05-13 15:53:44 | WRN | No store type was specified for the decimal property 'Wag4D3Hour' on entity type 'HRWage'. This will cause values to be silently truncated if they do not fit in the default precision and scale. Explicitly specify the SQL server column type that can accommodate all the values in 'OnModelCreating' using 'HasColumnType', specify precision and scale using 'HasPrecision', or configure a value converter using 'HasConversion'.
2026-05-13 15:53:44 | WRN | No store type was specified for the decimal property 'Wag5D3Hour' on entity type 'HRWage'. This will cause values to be silently truncated if they do not fit in the default precision and scale. Explicitly specify the SQL server column type that can accommodate all the values in 'OnModelCreating' using 'HasColumnType', specify precision and scale using 'HasPrecision', or configure a value converter using 'HasConversion'.
2026-05-13 15:53:44 | WRN | No store type was specified for the decimal property 'Wag8D3Hour' on entity type 'HRWage'. This will cause values to be silently truncated if they do not fit in the default precision and scale. Explicitly specify the SQL server column type that can accommodate all the values in 'OnModelCreating' using 'HasColumnType', specify precision and scale using 'HasPrecision', or configure a value converter using 'HasConversion'.
2026-05-13 15:53:44 | WRN | No store type was specified for the decimal property 'WagApplyHour' on entity type 'HRWage'. This will cause values to be silently truncated if they do not fit in the default precision and scale. Explicitly specify the SQL server column type that can accommodate all the values in 'OnModelCreating' using 'HasColumnType', specify precision and scale using 'HasPrecision', or configure a value converter using 'HasConversion'.
2026-05-13 15:53:44 | WRN | No store type was specified for the decimal property 'WagIssueHour' on entity type 'HRWage'. This will cause values to be silently truncated if they do not fit in the default precision and scale. Explicitly specify the SQL server column type that can accommodate all the values in 'OnModelCreating' using 'HasColumnType', specify precision and scale using 'HasPrecision', or configure a value converter using 'HasConversion'.
2026-05-13 15:53:44 | WRN | No store type was specified for the decimal property 'WagSubtotal' on entity type 'HRWage'. This will cause values to be silently truncated if they do not fit in the default precision and scale. Explicitly specify the SQL server column type that can accommodate all the values in 'OnModelCreating' using 'HasColumnType', specify precision and scale using 'HasPrecision', or configure a value converter using 'HasConversion'.
2026-05-13 15:53:49 | WRN | The query uses the 'First'/'FirstOrDefault' operator without 'OrderBy' and filter operators. This may lead to unpredictable results.
2026-05-13 15:53:50 | INF | ACTION_TRACE | Acc=admin | Path=/ | IP=::1 | Start=2026-05-13 15:53:43.074 | Elapsed=7118ms | Status=Completed
2026-05-13 15:53:50 | INF | NETWORK_UNSTABLE | Acc=admin | Path=/ | Reason=SlowRequest 7118ms
2026-05-13 15:53:50 | INF | ACTION_TRACE | Acc=admin | Path=/Captcha/Generate | IP=::1 | Start=2026-05-13 15:53:50.412 | Elapsed=46ms | Status=Completed
2026-05-13 15:53:50 | INF | ACTION_TRACE | Acc=admin | Path=/DNTCaptchaImage/Show | IP=::1 | Start=2026-05-13 15:53:50.495 | Elapsed=217ms | Status=Completed
2026-05-13 15:54:05 | INF | ACTION_TRACE | Acc=admin | Path=/Account/Login | IP=::1 | Start=2026-05-13 15:53:59.421 | Elapsed=6546ms | Status=Completed
2026-05-13 15:54:05 | INF | NETWORK_UNSTABLE | Acc=admin | Path=/Account/Login | Reason=SlowRequest 6546ms
2026-05-13 15:54:06 | INF | ACTION_TRACE | Acc=admin | Path=/Home/Index | IP=::1 | Start=2026-05-13 15:54:05.986 | Elapsed=245ms | Status=Completed
2026-05-13 15:54:20 | INF | ACTION_TRACE | Acc=admin | Path=/Home/GetMenu | IP=::1 | Start=2026-05-13 15:54:20.746 | Elapsed=43ms | Status=Completed
2026-05-13 15:54:24 | INF | CONTROLLER_EXEC | Acc= admin | IP=::1 | Path=SYS202100/SYS202100 | Message=GET /SYS202100/SYS202100
2026-05-13 15:54:24 | INF | ACTION_TRACE | Acc=admin | Path=/SYS202100/SYS202100 | IP=::1 | Start=2026-05-13 15:54:24.772 | Elapsed=99ms | Status=Completed
2026-05-13 15:54:25 | INF | CONTROLLER_EXEC | Acc= admin | IP=::1 | Path=SYS202100/GetList | Message=POST /SYS202100/GetList
2026-05-13 15:54:25 | INF | ACTION_TRACE | Acc=admin | Path=/SYS202100/GetList | IP=::1 | Start=2026-05-13 15:54:24.932 | Elapsed=97ms | Status=Completed
2026-05-13 15:54:25 | INF | CONTROLLER_EXEC | Acc= admin | IP=::1 | Path=SYS202100/GetList | Message=POST /SYS202100/GetList
2026-05-13 15:54:25 | INF | ACTION_TRACE | Acc=admin | Path=/SYS202100/GetList | IP=::1 | Start=2026-05-13 15:54:25.075 | Elapsed=12ms | Status=Completed
2026-05-13 15:54:25 | INF | CONTROLLER_EXEC | Acc= admin | IP=::1 | Path=SYS202100/GetList | Message=POST /SYS202100/GetList
2026-05-13 15:54:25 | INF | ACTION_TRACE | Acc=admin | Path=/SYS202100/GetList | IP=::1 | Start=2026-05-13 15:54:25.937 | Elapsed=11ms | Status=Completed
2026-05-13 15:54:27 | INF | CONTROLLER_EXEC | Acc= admin | IP=::1 | Path=SYS202100/GetByVariable | Message=GET /SYS202100/GetByVariable
2026-05-13 15:54:27 | INF | ACTION_TRACE | Acc=admin | Path=/SYS202100/GetByVariable | IP=::1 | Start=2026-05-13 15:54:27.238 | Elapsed=83ms | Status=Completed
2026-05-13 15:54:34 | INF | CONTROLLER_EXEC | Acc= admin | IP=::1 | Path=SYS202100/GetList | Message=POST /SYS202100/GetList
2026-05-13 15:54:34 | INF | ACTION_TRACE | Acc=admin | Path=/SYS202100/GetList | IP=::1 | Start=2026-05-13 15:54:34.305 | Elapsed=14ms | Status=Completed
2026-05-13 15:54:34 | INF | CONTROLLER_EXEC | Acc= admin | IP=::1 | Path=SYS202100/GetList | Message=POST /SYS202100/GetList
2026-05-13 15:54:34 | INF | ACTION_TRACE | Acc=admin | Path=/SYS202100/GetList | IP=::1 | Start=2026-05-13 15:54:34.309 | Elapsed=14ms | Status=Completed
2026-05-13 15:55:05 | INF | ACTION_TRACE | Acc=admin | Path=/Home/Index | IP=::1 | Start=2026-05-13 15:55:05.272 | Elapsed=21ms | Status=Completed
2026-05-13 15:55:07 | INF | ACTION_TRACE | Acc=admin | Path=/Home/GetMenu | IP=::1 | Start=2026-05-13 15:55:07.110 | Elapsed=14ms | Status=Completed
2026-05-13 15:55:08 | INF | CONTROLLER_EXEC | Acc= admin | IP=::1 | Path=SYS202100/SYS202100 | Message=GET /SYS202100/SYS202100
2026-05-13 15:55:08 | INF | ACTION_TRACE | Acc=admin | Path=/SYS202100/SYS202100 | IP=::1 | Start=2026-05-13 15:55:08.957 | Elapsed=6ms | Status=Completed
2026-05-13 15:55:09 | INF | CONTROLLER_EXEC | Acc= admin | IP=::1 | Path=SYS202100/GetList | Message=POST /SYS202100/GetList
2026-05-13 15:55:09 | INF | ACTION_TRACE | Acc=admin | Path=/SYS202100/GetList | IP=::1 | Start=2026-05-13 15:55:09.002 | Elapsed=6ms | Status=Completed
2026-05-13 15:55:09 | INF | CONTROLLER_EXEC | Acc= admin | IP=::1 | Path=SYS202100/GetList | Message=POST /SYS202100/GetList
2026-05-13 15:55:09 | INF | ACTION_TRACE | Acc=admin | Path=/SYS202100/GetList | IP=::1 | Start=2026-05-13 15:55:09.035 | Elapsed=6ms | Status=Completed
2026-05-13 15:55:10 | INF | CONTROLLER_EXEC | Acc= admin | IP=::1 | Path=SYS202100/GetByVariable | Message=GET /SYS202100/GetByVariable
2026-05-13 15:55:10 | INF | ACTION_TRACE | Acc=admin | Path=/SYS202100/GetByVariable | IP=::1 | Start=2026-05-13 15:55:10.826 | Elapsed=5ms | Status=Completed
2026-05-13 16:00:39 | WRN | No store type was specified for the decimal property 'OveMoney' on entity type 'HROvertime'. This will cause values to be silently truncated if they do not fit in the default precision and scale. Explicitly specify the SQL server column type that can accommodate all the values in 'OnModelCreating' using 'HasColumnType', specify precision and scale using 'HasPrecision', or configure a value converter using 'HasConversion'.
2026-05-13 16:00:39 | WRN | No store type was specified for the decimal property 'Wag1D1Hour' on entity type 'HRWage'. This will cause values to be silently truncated if they do not fit in the default precision and scale. Explicitly specify the SQL server column type that can accommodate all the values in 'OnModelCreating' using 'HasColumnType', specify precision and scale using 'HasPrecision', or configure a value converter using 'HasConversion'.
2026-05-13 16:00:39 | WRN | No store type was specified for the decimal property 'Wag2D1Hour' on entity type 'HRWage'. This will cause values to be silently truncated if they do not fit in the default precision and scale. Explicitly specify the SQL server column type that can accommodate all the values in 'OnModelCreating' using 'HasColumnType', specify precision and scale using 'HasPrecision', or configure a value converter using 'HasConversion'.
2026-05-13 16:00:39 | WRN | No store type was specified for the decimal property 'Wag4D3Hour' on entity type 'HRWage'. This will cause values to be silently truncated if they do not fit in the default precision and scale. Explicitly specify the SQL server column type that can accommodate all the values in 'OnModelCreating' using 'HasColumnType', specify precision and scale using 'HasPrecision', or configure a value converter using 'HasConversion'.
2026-05-13 16:00:39 | WRN | No store type was specified for the decimal property 'Wag5D3Hour' on entity type 'HRWage'. This will cause values to be silently truncated if they do not fit in the default precision and scale. Explicitly specify the SQL server column type that can accommodate all the values in 'OnModelCreating' using 'HasColumnType', specify precision and scale using 'HasPrecision', or configure a value converter using 'HasConversion'.
2026-05-13 16:00:39 | WRN | No store type was specified for the decimal property 'Wag8D3Hour' on entity type 'HRWage'. This will cause values to be silently truncated if they do not fit in the default precision and scale. Explicitly specify the SQL server column type that can accommodate all the values in 'OnModelCreating' using 'HasColumnType', specify precision and scale using 'HasPrecision', or configure a value converter using 'HasConversion'.
2026-05-13 16:00:39 | WRN | No store type was specified for the decimal property 'WagApplyHour' on entity type 'HRWage'. This will cause values to be silently truncated if they do not fit in the default precision and scale. Explicitly specify the SQL server column type that can accommodate all the values in 'OnModelCreating' using 'HasColumnType', specify precision and scale using 'HasPrecision', or configure a value converter using 'HasConversion'.
2026-05-13 16:00:39 | WRN | No store type was specified for the decimal property 'WagIssueHour' on entity type 'HRWage'. This will cause values to be silently truncated if they do not fit in the default precision and scale. Explicitly specify the SQL server column type that can accommodate all the values in 'OnModelCreating' using 'HasColumnType', specify precision and scale using 'HasPrecision', or configure a value converter using 'HasConversion'.
2026-05-13 16:00:39 | WRN | No store type was specified for the decimal property 'WagSubtotal' on entity type 'HRWage'. This will cause values to be silently truncated if they do not fit in the default precision and scale. Explicitly specify the SQL server column type that can accommodate all the values in 'OnModelCreating' using 'HasColumnType', specify precision and scale using 'HasPrecision', or configure a value converter using 'HasConversion'.
2026-05-13 16:00:44 | WRN | The query uses the 'First'/'FirstOrDefault' operator without 'OrderBy' and filter operators. This may lead to unpredictable results.
2026-05-13 16:00:45 | INF | ACTION_TRACE | Acc=admin | Path=/ | IP=::1 | Start=2026-05-13 16:00:38.205 | Elapsed=6924ms | Status=Completed
2026-05-13 16:00:45 | INF | NETWORK_UNSTABLE | Acc=admin | Path=/ | Reason=SlowRequest 6924ms
2026-05-13 16:00:45 | INF | ACTION_TRACE | Acc=admin | Path=/Captcha/Generate | IP=::1 | Start=2026-05-13 16:00:45.369 | Elapsed=41ms | Status=Completed
2026-05-13 16:00:45 | INF | ACTION_TRACE | Acc=admin | Path=/DNTCaptchaImage/Show | IP=::1 | Start=2026-05-13 16:00:45.550 | Elapsed=92ms | Status=Completed
2026-05-13 16:05:12 | INF | ACTION_TRACE | Acc=admin | Path=/Account/Login | IP=::1 | Start=2026-05-13 16:05:03.141 | Elapsed=8893ms | Status=Completed
2026-05-13 16:05:12 | INF | NETWORK_UNSTABLE | Acc=admin | Path=/Account/Login | Reason=SlowRequest 8893ms
2026-05-13 16:05:12 | INF | ACTION_TRACE | Acc=admin | Path=/Home/Index | IP=::1 | Start=2026-05-13 16:05:12.049 | Elapsed=442ms | Status=Completed
2026-05-13 16:05:19 | INF | ACTION_TRACE | Acc=admin | Path=/Home/GetMenu | IP=::1 | Start=2026-05-13 16:05:19.020 | Elapsed=52ms | Status=Completed
2026-05-13 16:05:21 | INF | CONTROLLER_EXEC | Acc= admin | IP=::1 | Path=SYS202100/SYS202100 | Message=GET /SYS202100/SYS202100
2026-05-13 16:05:21 | INF | ACTION_TRACE | Acc=admin | Path=/SYS202100/SYS202100 | IP=::1 | Start=2026-05-13 16:05:21.824 | Elapsed=100ms | Status=Completed
2026-05-13 16:05:22 | INF | CONTROLLER_EXEC | Acc= admin | IP=::1 | Path=SYS202100/GetList | Message=POST /SYS202100/GetList
2026-05-13 16:05:22 | INF | ACTION_TRACE | Acc=admin | Path=/SYS202100/GetList | IP=::1 | Start=2026-05-13 16:05:21.964 | Elapsed=99ms | Status=Completed
2026-05-13 16:05:22 | INF | CONTROLLER_EXEC | Acc= admin | IP=::1 | Path=SYS202100/GetList | Message=POST /SYS202100/GetList
2026-05-13 16:05:22 | INF | ACTION_TRACE | Acc=admin | Path=/SYS202100/GetList | IP=::1 | Start=2026-05-13 16:05:22.106 | Elapsed=7ms | Status=Completed
2026-05-13 16:05:24 | INF | CONTROLLER_EXEC | Acc= admin | IP=::1 | Path=SYS202100/GetList | Message=POST /SYS202100/GetList
2026-05-13 16:05:24 | INF | ACTION_TRACE | Acc=admin | Path=/SYS202100/GetList | IP=::1 | Start=2026-05-13 16:05:24.455 | Elapsed=18ms | Status=Completed
2026-05-13 16:05:45 | INF | CONTROLLER_EXEC | Acc= admin | IP=::1 | Path=SYS202100/GetList | Message=POST /SYS202100/GetList
2026-05-13 16:05:45 | INF | ACTION_TRACE | Acc=admin | Path=/SYS202100/GetList | IP=::1 | Start=2026-05-13 16:05:45.491 | Elapsed=7ms | Status=Completed
2026-05-13 16:05:46 | INF | CONTROLLER_EXEC | Acc= admin | IP=::1 | Path=SYS202100/GetByVariable | Message=GET /SYS202100/GetByVariable
2026-05-13 16:05:46 | INF | ACTION_TRACE | Acc=admin | Path=/SYS202100/GetByVariable | IP=::1 | Start=2026-05-13 16:05:46.522 | Elapsed=84ms | Status=Completed
2026-05-13 16:05:50 | INF | CONTROLLER_EXEC | Acc= admin | IP=::1 | Path=SYS202100/GetList | Message=POST /SYS202100/GetList
2026-05-13 16:05:50 | INF | ACTION_TRACE | Acc=admin | Path=/SYS202100/GetList | IP=::1 | Start=2026-05-13 16:05:50.027 | Elapsed=5ms | Status=Completed
2026-05-13 16:16:59 | WRN | No store type was specified for the decimal property 'OveMoney' on entity type 'HROvertime'. This will cause values to be silently truncated if they do not fit in the default precision and scale. Explicitly specify the SQL server column type that can accommodate all the values in 'OnModelCreating' using 'HasColumnType', specify precision and scale using 'HasPrecision', or configure a value converter using 'HasConversion'.
2026-05-13 16:16:59 | WRN | No store type was specified for the decimal property 'Wag1D1Hour' on entity type 'HRWage'. This will cause values to be silently truncated if they do not fit in the default precision and scale. Explicitly specify the SQL server column type that can accommodate all the values in 'OnModelCreating' using 'HasColumnType', specify precision and scale using 'HasPrecision', or configure a value converter using 'HasConversion'.
2026-05-13 16:16:59 | WRN | No store type was specified for the decimal property 'Wag2D1Hour' on entity type 'HRWage'. This will cause values to be silently truncated if they do not fit in the default precision and scale. Explicitly specify the SQL server column type that can accommodate all the values in 'OnModelCreating' using 'HasColumnType', specify precision and scale using 'HasPrecision', or configure a value converter using 'HasConversion'.
2026-05-13 16:16:59 | WRN | No store type was specified for the decimal property 'Wag4D3Hour' on entity type 'HRWage'. This will cause values to be silently truncated if they do not fit in the default precision and scale. Explicitly specify the SQL server column type that can accommodate all the values in 'OnModelCreating' using 'HasColumnType', specify precision and scale using 'HasPrecision', or configure a value converter using 'HasConversion'.
2026-05-13 16:16:59 | WRN | No store type was specified for the decimal property 'Wag5D3Hour' on entity type 'HRWage'. This will cause values to be silently truncated if they do not fit in the default precision and scale. Explicitly specify the SQL server column type that can accommodate all the values in 'OnModelCreating' using 'HasColumnType', specify precision and scale using 'HasPrecision', or configure a value converter using 'HasConversion'.
2026-05-13 16:16:59 | WRN | No store type was specified for the decimal property 'Wag8D3Hour' on entity type 'HRWage'. This will cause values to be silently truncated if they do not fit in the default precision and scale. Explicitly specify the SQL server column type that can accommodate all the values in 'OnModelCreating' using 'HasColumnType', specify precision and scale using 'HasPrecision', or configure a value converter using 'HasConversion'.
2026-05-13 16:16:59 | WRN | No store type was specified for the decimal property 'WagApplyHour' on entity type 'HRWage'. This will cause values to be silently truncated if they do not fit in the default precision and scale. Explicitly specify the SQL server column type that can accommodate all the values in 'OnModelCreating' using 'HasColumnType', specify precision and scale using 'HasPrecision', or configure a value converter using 'HasConversion'.
2026-05-13 16:16:59 | WRN | No store type was specified for the decimal property 'WagIssueHour' on entity type 'HRWage'. This will cause values to be silently truncated if they do not fit in the default precision and scale. Explicitly specify the SQL server column type that can accommodate all the values in 'OnModelCreating' using 'HasColumnType', specify precision and scale using 'HasPrecision', or configure a value converter using 'HasConversion'.
2026-05-13 16:16:59 | WRN | No store type was specified for the decimal property 'WagSubtotal' on entity type 'HRWage'. This will cause values to be silently truncated if they do not fit in the default precision and scale. Explicitly specify the SQL server column type that can accommodate all the values in 'OnModelCreating' using 'HasColumnType', specify precision and scale using 'HasPrecision', or configure a value converter using 'HasConversion'.
2026-05-13 16:17:04 | WRN | The query uses the 'First'/'FirstOrDefault' operator without 'OrderBy' and filter operators. This may lead to unpredictable results.
2026-05-13 16:17:05 | INF | ACTION_TRACE | Acc=admin | Path=/ | IP=::1 | Start=2026-05-13 16:16:58.203 | Elapsed=7113ms | Status=Completed
2026-05-13 16:17:05 | INF | NETWORK_UNSTABLE | Acc=admin | Path=/ | Reason=SlowRequest 7113ms
2026-05-13 16:17:05 | INF | ACTION_TRACE | Acc=admin | Path=/Captcha/Generate | IP=::1 | Start=2026-05-13 16:17:05.531 | Elapsed=33ms | Status=Completed
2026-05-13 16:17:05 | INF | ACTION_TRACE | Acc=admin | Path=/DNTCaptchaImage/Show | IP=::1 | Start=2026-05-13 16:17:05.584 | Elapsed=163ms | Status=Completed
2026-05-13 16:18:44 | INF | ACTION_TRACE | Acc=admin | Path=/Account/Login | IP=::1 | Start=2026-05-13 16:18:36.991 | Elapsed=7145ms | Status=Completed
2026-05-13 16:18:44 | INF | NETWORK_UNSTABLE | Acc=admin | Path=/Account/Login | Reason=SlowRequest 7145ms
2026-05-13 16:18:44 | INF | ACTION_TRACE | Acc=admin | Path=/Home/Index | IP=::1 | Start=2026-05-13 16:18:44.154 | Elapsed=278ms | Status=Completed
2026-05-13 16:20:03 | INF | ACTION_TRACE | Acc=admin | Path=/Home/GetMenu | IP=::1 | Start=2026-05-13 16:20:03.426 | Elapsed=119ms | Status=Completed
2026-05-13 16:20:06 | INF | CONTROLLER_EXEC | Acc= admin | IP=::1 | Path=SYS201001/SYS201001 | Message=GET /SYS201001/SYS201001
2026-05-13 16:20:06 | INF | ACTION_TRACE | Acc=admin | Path=/SYS201001/SYS201001 | IP=::1 | Start=2026-05-13 16:20:06.430 | Elapsed=310ms | Status=Completed
2026-05-13 16:20:06 | INF | CONTROLLER_EXEC | Acc= admin | IP=::1 | Path=SYS201001/GetAllAdmins | Message=POST /SYS201001/GetAllAdmins
2026-05-13 16:20:06 | INF | ACTION_TRACE | Acc=admin | Path=/SYS201001/GetAllAdmins | IP=::1 | Start=2026-05-13 16:20:06.799 | Elapsed=96ms | Status=Completed
2026-05-13 16:20:06 | INF | CONTROLLER_EXEC | Acc= admin | IP=::1 | Path=SYS201001/GetAllAdmins | Message=POST /SYS201001/GetAllAdmins
2026-05-13 16:20:06 | INF | ACTION_TRACE | Acc=admin | Path=/SYS201001/GetAllAdmins | IP=::1 | Start=2026-05-13 16:20:06.924 | Elapsed=11ms | Status=Completed
2026-05-13 16:20:18 | INF | ACTION_TRACE | Acc=admin | Path=/Home/Index | IP=::1 | Start=2026-05-13 16:20:18.381 | Elapsed=28ms | Status=Completed
2026-05-13 16:20:19 | INF | ACTION_TRACE | Acc=admin | Path=/Home/GetMenu | IP=::1 | Start=2026-05-13 16:20:19.861 | Elapsed=14ms | Status=Completed
2026-05-13 16:20:22 | INF | CONTROLLER_EXEC | Acc= admin | IP=::1 | Path=SYS201002/SYS201002 | Message=GET /SYS201002/SYS201002
2026-05-13 16:20:22 | INF | ACTION_TRACE | Acc=admin | Path=/SYS201002/SYS201002 | IP=::1 | Start=2026-05-13 16:20:22.020 | Elapsed=39ms | Status=Completed
2026-05-13 16:20:22 | INF | CONTROLLER_EXEC | Acc= admin | IP=::1 | Path=SYS201002/GetAllRoleList | Message=POST /SYS201002/GetAllRoleList
2026-05-13 16:20:22 | INF | ACTION_TRACE | Acc=admin | Path=/SYS201002/GetAllRoleList | IP=::1 | Start=2026-05-13 16:20:22.097 | Elapsed=50ms | Status=Completed
2026-05-13 16:20:23 | INF | CONTROLLER_EXEC | Acc= admin | IP=::1 | Path=SYS201001/SYS201001 | Message=GET /SYS201001/SYS201001
2026-05-13 16:20:23 | INF | ACTION_TRACE | Acc=admin | Path=/SYS201001/SYS201001 | IP=::1 | Start=2026-05-13 16:20:23.001 | Elapsed=19ms | Status=Completed
2026-05-13 16:20:23 | INF | CONTROLLER_EXEC | Acc= admin | IP=::1 | Path=SYS201001/GetAllAdmins | Message=POST /SYS201001/GetAllAdmins
2026-05-13 16:20:23 | INF | ACTION_TRACE | Acc=admin | Path=/SYS201001/GetAllAdmins | IP=::1 | Start=2026-05-13 16:20:23.061 | Elapsed=5ms | Status=Completed
2026-05-13 16:20:23 | INF | CONTROLLER_EXEC | Acc= admin | IP=::1 | Path=SYS201001/GetAllAdmins | Message=POST /SYS201001/GetAllAdmins
2026-05-13 16:20:23 | INF | ACTION_TRACE | Acc=admin | Path=/SYS201001/GetAllAdmins | IP=::1 | Start=2026-05-13 16:20:23.082 | Elapsed=6ms | Status=Completed
2026-05-13 16:20:47 | INF | ACTION_TRACE | Acc=admin | Path=/.well-known/appspecific/com.chrome.devtools.json | IP=::1 | Start=2026-05-13 16:20:47.259 | Elapsed=0ms | Status=Completed
2026-05-13 16:20:47 | INF | ACTION_TRACE | Acc=admin | Path=/lib/html-to-image/html-to-image.js.map | IP=::1 | Start=2026-05-13 16:20:47.376 | Elapsed=0ms | Status=Completed
2026-05-13 16:20:50 | INF | ACTION_TRACE | Acc=admin | Path=/Home/Index | IP=::1 | Start=2026-05-13 16:20:50.077 | Elapsed=34ms | Status=Completed
2026-05-13 16:20:50 | INF | ACTION_TRACE | Acc=admin | Path=/.well-known/appspecific/com.chrome.devtools.json | IP=::1 | Start=2026-05-13 16:20:50.222 | Elapsed=0ms | Status=Completed
2026-05-13 16:20:50 | INF | ACTION_TRACE | Acc=admin | Path=/lib/html-to-image/html-to-image.js.map | IP=::1 | Start=2026-05-13 16:20:50.357 | Elapsed=0ms | Status=Completed
2026-05-13 16:20:52 | INF | ACTION_TRACE | Acc=admin | Path=/Home/Index | IP=::1 | Start=2026-05-13 16:20:52.178 | Elapsed=13ms | Status=Completed
2026-05-13 16:20:52 | INF | ACTION_TRACE | Acc=admin | Path=/.well-known/appspecific/com.chrome.devtools.json | IP=::1 | Start=2026-05-13 16:20:52.323 | Elapsed=0ms | Status=Completed
2026-05-13 16:20:52 | INF | ACTION_TRACE | Acc=admin | Path=/lib/html-to-image/html-to-image.js.map | IP=::1 | Start=2026-05-13 16:20:52.396 | Elapsed=0ms | Status=Completed
2026-05-13 16:20:54 | INF | ACTION_TRACE | Acc=admin | Path=/Home/GetMenu | IP=::1 | Start=2026-05-13 16:20:54.406 | Elapsed=57ms | Status=Completed
2026-05-13 16:20:56 | INF | CONTROLLER_EXEC | Acc= admin | IP=::1 | Path=SYS201001/SYS201001 | Message=GET /SYS201001/SYS201001
2026-05-13 16:20:56 | INF | ACTION_TRACE | Acc=admin | Path=/SYS201001/SYS201001 | IP=::1 | Start=2026-05-13 16:20:56.453 | Elapsed=19ms | Status=Completed
2026-05-13 16:20:56 | INF | CONTROLLER_EXEC | Acc= admin | IP=::1 | Path=SYS201001/GetAllAdmins | Message=POST /SYS201001/GetAllAdmins
2026-05-13 16:20:56 | INF | ACTION_TRACE | Acc=admin | Path=/SYS201001/GetAllAdmins | IP=::1 | Start=2026-05-13 16:20:56.574 | Elapsed=7ms | Status=Completed
2026-05-13 16:20:56 | INF | CONTROLLER_EXEC | Acc= admin | IP=::1 | Path=SYS201001/GetAllAdmins | Message=POST /SYS201001/GetAllAdmins
2026-05-13 16:20:56 | INF | ACTION_TRACE | Acc=admin | Path=/SYS201001/GetAllAdmins | IP=::1 | Start=2026-05-13 16:20:56.615 | Elapsed=8ms | Status=Completed
2026-05-13 16:21:43 | INF | ACTION_TRACE | Acc=admin | Path=/Home/Index | IP=::1 | Start=2026-05-13 16:21:43.071 | Elapsed=76ms | Status=Completed
2026-05-13 16:21:44 | INF | ACTION_TRACE | Acc=admin | Path=/Home/GetMenu | IP=::1 | Start=2026-05-13 16:21:44.608 | Elapsed=51ms | Status=Completed
2026-05-13 16:21:45 | INF | CONTROLLER_EXEC | Acc= admin | IP=::1 | Path=SYS201001/SYS201001 | Message=GET /SYS201001/SYS201001
2026-05-13 16:21:45 | INF | ACTION_TRACE | Acc=admin | Path=/SYS201001/SYS201001 | IP=::1 | Start=2026-05-13 16:21:45.867 | Elapsed=61ms | Status=Completed
2026-05-13 16:21:46 | INF | CONTROLLER_EXEC | Acc= admin | IP=::1 | Path=SYS201001/GetAllAdmins | Message=POST /SYS201001/GetAllAdmins
2026-05-13 16:21:46 | INF | ACTION_TRACE | Acc=admin | Path=/SYS201001/GetAllAdmins | IP=::1 | Start=2026-05-13 16:21:45.999 | Elapsed=9ms | Status=Completed
2026-05-13 16:21:46 | INF | CONTROLLER_EXEC | Acc= admin | IP=::1 | Path=SYS201001/GetAllAdmins | Message=POST /SYS201001/GetAllAdmins
2026-05-13 16:21:46 | INF | ACTION_TRACE | Acc=admin | Path=/SYS201001/GetAllAdmins | IP=::1 | Start=2026-05-13 16:21:46.028 | Elapsed=4ms | Status=Completed
2026-05-13 16:21:53 | INF | CONTROLLER_EXEC | Acc= admin | IP=::1 | Path=SYS201002/SYS201002 | Message=GET /SYS201002/SYS201002
2026-05-13 16:21:53 | INF | ACTION_TRACE | Acc=admin | Path=/SYS201002/SYS201002 | IP=::1 | Start=2026-05-13 16:21:53.731 | Elapsed=17ms | Status=Completed
2026-05-13 16:21:53 | INF | CONTROLLER_EXEC | Acc= admin | IP=::1 | Path=SYS201002/GetAllRoleList | Message=POST /SYS201002/GetAllRoleList
2026-05-13 16:21:53 | INF | ACTION_TRACE | Acc=admin | Path=/SYS201002/GetAllRoleList | IP=::1 | Start=2026-05-13 16:21:53.790 | Elapsed=3ms | Status=Completed
2026-05-13 16:21:59 | INF | CONTROLLER_EXEC | Acc= admin | IP=::1 | Path=SYS202001/SYS202001 | Message=GET /SYS202001/SYS202001
2026-05-13 16:21:59 | INF | ACTION_TRACE | Acc=admin | Path=/SYS202001/SYS202001 | IP=::1 | Start=2026-05-13 16:21:59.007 | Elapsed=33ms | Status=Completed
2026-05-13 16:21:59 | INF | CONTROLLER_EXEC | Acc= admin | IP=::1 | Path=SYS202001/GetDepartments | Message=POST /SYS202001/GetDepartments
2026-05-13 16:21:59 | INF | ACTION_TRACE | Acc=admin | Path=/SYS202001/GetDepartments | IP=::1 | Start=2026-05-13 16:21:59.066 | Elapsed=170ms | Status=Completed
2026-05-13 16:21:59 | INF | CONTROLLER_EXEC | Acc= admin | IP=::1 | Path=SYS202001/GetDepartments | Message=POST /SYS202001/GetDepartments
2026-05-13 16:21:59 | INF | ACTION_TRACE | Acc=admin | Path=/SYS202001/GetDepartments | IP=::1 | Start=2026-05-13 16:21:59.262 | Elapsed=17ms | Status=Completed
2026-05-13 16:22:13 | INF | ACTION_TRACE | Acc=admin | Path=/Home/Index | IP=::1 | Start=2026-05-13 16:22:12.995 | Elapsed=15ms | Status=Completed
2026-05-13 16:22:15 | INF | ACTION_TRACE | Acc=admin | Path=/Home/Index | IP=::1 | Start=2026-05-13 16:22:15.425 | Elapsed=22ms | Status=Completed
2026-05-13 16:22:35 | INF | ACTION_TRACE | Acc=admin | Path=/Home/Index | IP=::1 | Start=2026-05-13 16:22:35.266 | Elapsed=59ms | Status=Completed
2026-05-13 16:22:58 | INF | ACTION_TRACE | Acc=admin | Path=/Home/Index | IP=::1 | Start=2026-05-13 16:22:58.119 | Elapsed=14ms | Status=Completed
2026-05-13 16:23:02 | INF | ACTION_TRACE | Acc=admin | Path=/Home/GetMenu | IP=::1 | Start=2026-05-13 16:23:02.592 | Elapsed=57ms | Status=Completed
2026-05-13 16:23:04 | INF | CONTROLLER_EXEC | Acc= admin | IP=::1 | Path=SYS201001/SYS201001 | Message=GET /SYS201001/SYS201001
2026-05-13 16:23:04 | INF | ACTION_TRACE | Acc=admin | Path=/SYS201001/SYS201001 | IP=::1 | Start=2026-05-13 16:23:04.084 | Elapsed=19ms | Status=Completed
2026-05-13 16:23:04 | INF | CONTROLLER_EXEC | Acc= admin | IP=::1 | Path=SYS201001/GetAllAdmins | Message=POST /SYS201001/GetAllAdmins
2026-05-13 16:23:04 | INF | ACTION_TRACE | Acc=admin | Path=/SYS201001/GetAllAdmins | IP=::1 | Start=2026-05-13 16:23:04.176 | Elapsed=6ms | Status=Completed
2026-05-13 16:23:04 | INF | CONTROLLER_EXEC | Acc= admin | IP=::1 | Path=SYS201001/GetAllAdmins | Message=POST /SYS201001/GetAllAdmins
2026-05-13 16:23:04 | INF | ACTION_TRACE | Acc=admin | Path=/SYS201001/GetAllAdmins | IP=::1 | Start=2026-05-13 16:23:04.214 | Elapsed=14ms | Status=Completed
2026-05-13 16:23:08 | INF | CONTROLLER_EXEC | Acc= admin | IP=::1 | Path=SYS202001/SYS202001 | Message=GET /SYS202001/SYS202001
2026-05-13 16:23:08 | INF | ACTION_TRACE | Acc=admin | Path=/SYS202001/SYS202001 | IP=::1 | Start=2026-05-13 16:23:08.240 | Elapsed=3ms | Status=Completed
2026-05-13 16:23:08 | INF | CONTROLLER_EXEC | Acc= admin | IP=::1 | Path=SYS202001/GetDepartments | Message=POST /SYS202001/GetDepartments
2026-05-13 16:23:08 | INF | ACTION_TRACE | Acc=admin | Path=/SYS202001/GetDepartments | IP=::1 | Start=2026-05-13 16:23:08.265 | Elapsed=12ms | Status=Completed
2026-05-13 16:23:08 | INF | CONTROLLER_EXEC | Acc= admin | IP=::1 | Path=SYS202001/GetDepartments | Message=POST /SYS202001/GetDepartments
2026-05-13 16:23:08 | INF | ACTION_TRACE | Acc=admin | Path=/SYS202001/GetDepartments | IP=::1 | Start=2026-05-13 16:23:08.298 | Elapsed=13ms | Status=Completed
2026-05-13 16:23:13 | INF | ACTION_TRACE | Acc=admin | Path=/Home/GetMenu | IP=::1 | Start=2026-05-13 16:23:13.665 | Elapsed=8ms | Status=Completed
2026-05-13 16:23:14 | INF | ACTION_TRACE | Acc=admin | Path=/Home/GetMenu | IP=::1 | Start=2026-05-13 16:23:14.161 | Elapsed=53ms | Status=Completed
2026-05-13 16:23:15 | INF | ACTION_TRACE | Acc=admin | Path=/Home/GetMenu | IP=::1 | Start=2026-05-13 16:23:15.208 | Elapsed=6ms | Status=Completed
2026-05-13 16:23:17 | INF | CONTROLLER_EXEC | Acc= admin | IP=::1 | Path=SYS201002/SYS201002 | Message=GET /SYS201002/SYS201002
2026-05-13 16:23:17 | INF | ACTION_TRACE | Acc=admin | Path=/SYS201002/SYS201002 | IP=::1 | Start=2026-05-13 16:23:17.699 | Elapsed=7ms | Status=Completed
2026-05-13 16:23:17 | INF | CONTROLLER_EXEC | Acc= admin | IP=::1 | Path=SYS201002/GetAllRoleList | Message=POST /SYS201002/GetAllRoleList
2026-05-13 16:23:17 | INF | ACTION_TRACE | Acc=admin | Path=/SYS201002/GetAllRoleList | IP=::1 | Start=2026-05-13 16:23:17.733 | Elapsed=4ms | Status=Completed
2026-05-13 16:23:19 | INF | CONTROLLER_EXEC | Acc= admin | IP=::1 | Path=SYS201002/GetPermission | Message=POST /SYS201002/GetPermission
2026-05-13 16:23:19 | INF | ACTION_TRACE | Acc=admin | Path=/SYS201002/GetPermission | IP=::1 | Start=2026-05-13 16:23:19.414 | Elapsed=44ms | Status=Completed
2026-05-13 16:23:27 | INF | CONTROLLER_EXEC | Acc= admin | IP=::1 | Path=SYS201002/GetRoleByNo | Message=GET /SYS201002/GetRoleByNo
2026-05-13 16:23:27 | INF | ACTION_TRACE | Acc=admin | Path=/SYS201002/GetRoleByNo | IP=::1 | Start=2026-05-13 16:23:27.181 | Elapsed=24ms | Status=Completed
2026-05-13 16:23:29 | INF | CONTROLLER_EXEC | Acc= admin | IP=::1 | Path=SYS201002/GetPermission | Message=POST /SYS201002/GetPermission
2026-05-13 16:23:29 | INF | ACTION_TRACE | Acc=admin | Path=/SYS201002/GetPermission | IP=::1 | Start=2026-05-13 16:23:29.907 | Elapsed=4ms | Status=Completed
2026-05-13 16:23:39 | INF | CONTROLLER_EXEC | Acc= admin | IP=::1 | Path=SYS201002/UpdatePermission | Message=POST /SYS201002/UpdatePermission
2026-05-13 16:23:39 | INF | ACTION_TRACE | Acc=admin | Path=/SYS201002/UpdatePermission | IP=::1 | Start=2026-05-13 16:23:38.773 | Elapsed=664ms | Status=Completed
2026-05-13 16:23:40 | INF | CONTROLLER_EXEC | Acc= admin | IP=::1 | Path=SYS201002/SYS201002 | Message=GET /SYS201002/SYS201002
2026-05-13 16:23:40 | INF | ACTION_TRACE | Acc=admin | Path=/SYS201002/SYS201002 | IP=::1 | Start=2026-05-13 16:23:40.878 | Elapsed=2ms | Status=Completed
2026-05-13 16:23:40 | INF | CONTROLLER_EXEC | Acc= admin | IP=::1 | Path=SYS201002/GetAllRoleList | Message=POST /SYS201002/GetAllRoleList
2026-05-13 16:23:40 | INF | ACTION_TRACE | Acc=admin | Path=/SYS201002/GetAllRoleList | IP=::1 | Start=2026-05-13 16:23:40.908 | Elapsed=5ms | Status=Completed
2026-05-13 16:23:43 | INF | CONTROLLER_EXEC | Acc= admin | IP=::1 | Path=SYS201001/SYS201001 | Message=GET /SYS201001/SYS201001
2026-05-13 16:23:43 | INF | ACTION_TRACE | Acc=admin | Path=/SYS201001/SYS201001 | IP=::1 | Start=2026-05-13 16:23:42.989 | Elapsed=67ms | Status=Completed
2026-05-13 16:23:43 | INF | CONTROLLER_EXEC | Acc= admin | IP=::1 | Path=SYS201001/GetAllAdmins | Message=POST /SYS201001/GetAllAdmins
2026-05-13 16:23:43 | INF | ACTION_TRACE | Acc=admin | Path=/SYS201001/GetAllAdmins | IP=::1 | Start=2026-05-13 16:23:43.095 | Elapsed=4ms | Status=Completed
2026-05-13 16:23:43 | INF | CONTROLLER_EXEC | Acc= admin | IP=::1 | Path=SYS201001/GetAllAdmins | Message=POST /SYS201001/GetAllAdmins
2026-05-13 16:23:43 | INF | ACTION_TRACE | Acc=admin | Path=/SYS201001/GetAllAdmins | IP=::1 | Start=2026-05-13 16:23:43.121 | Elapsed=5ms | Status=Completed
2026-05-13 16:23:44 | INF | CONTROLLER_EXEC | Acc= admin | IP=::1 | Path=SYS201002/SYS201002 | Message=GET /SYS201002/SYS201002
2026-05-13 16:23:44 | INF | ACTION_TRACE | Acc=admin | Path=/SYS201002/SYS201002 | IP=::1 | Start=2026-05-13 16:23:44.316 | Elapsed=11ms | Status=Completed
2026-05-13 16:23:44 | INF | CONTROLLER_EXEC | Acc= admin | IP=::1 | Path=SYS201002/GetAllRoleList | Message=POST /SYS201002/GetAllRoleList
2026-05-13 16:23:44 | INF | ACTION_TRACE | Acc=admin | Path=/SYS201002/GetAllRoleList | IP=::1 | Start=2026-05-13 16:23:44.353 | Elapsed=4ms | Status=Completed
2026-05-13 16:23:48 | INF | CONTROLLER_EXEC | Acc= admin | IP=::1 | Path=SYS202001/SYS202001 | Message=GET /SYS202001/SYS202001
2026-05-13 16:23:48 | INF | ACTION_TRACE | Acc=admin | Path=/SYS202001/SYS202001 | IP=::1 | Start=2026-05-13 16:23:48.030 | Elapsed=5ms | Status=Completed
2026-05-13 16:23:48 | INF | CONTROLLER_EXEC | Acc= admin | IP=::1 | Path=SYS202001/GetDepartments | Message=POST /SYS202001/GetDepartments
2026-05-13 16:23:48 | INF | ACTION_TRACE | Acc=admin | Path=/SYS202001/GetDepartments | IP=::1 | Start=2026-05-13 16:23:48.056 | Elapsed=8ms | Status=Completed
2026-05-13 16:23:48 | INF | CONTROLLER_EXEC | Acc= admin | IP=::1 | Path=SYS202001/GetDepartments | Message=POST /SYS202001/GetDepartments
2026-05-13 16:23:48 | INF | ACTION_TRACE | Acc=admin | Path=/SYS202001/GetDepartments | IP=::1 | Start=2026-05-13 16:23:48.089 | Elapsed=10ms | Status=Completed
2026-05-13 16:23:49 | INF | ACTION_TRACE | Acc=admin | Path=/Account/Logout | IP=::1 | Start=2026-05-13 16:23:49.908 | Elapsed=15ms | Status=Completed
2026-05-13 16:23:55 | INF | ACTION_TRACE | Acc=admin | Path=/Home/Index | IP=::1 | Start=2026-05-13 16:23:55.243 | Elapsed=13ms | Status=Completed
2026-05-13 16:23:57 | INF | ACTION_TRACE | Acc=admin | Path=/Home/GetMenu | IP=::1 | Start=2026-05-13 16:23:57.140 | Elapsed=7ms | Status=Completed
2026-05-13 16:23:59 | INF | CONTROLLER_EXEC | Acc= admin | IP=::1 | Path=SYS202001/SYS202001 | Message=GET /SYS202001/SYS202001
2026-05-13 16:23:59 | INF | ACTION_TRACE | Acc=admin | Path=/SYS202001/SYS202001 | IP=::1 | Start=2026-05-13 16:23:59.347 | Elapsed=5ms | Status=Completed
2026-05-13 16:23:59 | INF | CONTROLLER_EXEC | Acc= admin | IP=::1 | Path=SYS202001/GetDepartments | Message=POST /SYS202001/GetDepartments
2026-05-13 16:23:59 | INF | ACTION_TRACE | Acc=admin | Path=/SYS202001/GetDepartments | IP=::1 | Start=2026-05-13 16:23:59.385 | Elapsed=12ms | Status=Completed
2026-05-13 16:23:59 | INF | CONTROLLER_EXEC | Acc= admin | IP=::1 | Path=SYS202001/GetDepartments | Message=POST /SYS202001/GetDepartments
2026-05-13 16:23:59 | INF | ACTION_TRACE | Acc=admin | Path=/SYS202001/GetDepartments | IP=::1 | Start=2026-05-13 16:23:59.428 | Elapsed=8ms | Status=Completed
2026-05-13 16:24:21 | INF | ACTION_TRACE | Acc=admin | Path=/Home/Index | IP=::1 | Start=2026-05-13 16:24:21.112 | Elapsed=19ms | Status=Completed
2026-05-13 16:24:25 | INF | ACTION_TRACE | Acc=admin | Path=/Home/GetMenu | IP=::1 | Start=2026-05-13 16:24:25.730 | Elapsed=5ms | Status=Completed
2026-05-13 16:24:26 | INF | CONTROLLER_EXEC | Acc= admin | IP=::1 | Path=SYS201001/SYS201001 | Message=GET /SYS201001/SYS201001
2026-05-13 16:24:26 | INF | ACTION_TRACE | Acc=admin | Path=/SYS201001/SYS201001 | IP=::1 | Start=2026-05-13 16:24:26.881 | Elapsed=20ms | Status=Completed
2026-05-13 16:24:26 | INF | CONTROLLER_EXEC | Acc= admin | IP=::1 | Path=SYS201001/GetAllAdmins | Message=POST /SYS201001/GetAllAdmins
2026-05-13 16:24:26 | INF | ACTION_TRACE | Acc=admin | Path=/SYS201001/GetAllAdmins | IP=::1 | Start=2026-05-13 16:24:26.957 | Elapsed=6ms | Status=Completed
2026-05-13 16:24:26 | INF | CONTROLLER_EXEC | Acc= admin | IP=::1 | Path=SYS201001/GetAllAdmins | Message=POST /SYS201001/GetAllAdmins
2026-05-13 16:24:26 | INF | ACTION_TRACE | Acc=admin | Path=/SYS201001/GetAllAdmins | IP=::1 | Start=2026-05-13 16:24:26.990 | Elapsed=3ms | Status=Completed
2026-05-13 16:24:41 | INF | CONTROLLER_EXEC | Acc= admin | IP=::1 | Path=SYS201002/SYS201002 | Message=GET /SYS201002/SYS201002
2026-05-13 16:24:41 | INF | ACTION_TRACE | Acc=admin | Path=/SYS201002/SYS201002 | IP=::1 | Start=2026-05-13 16:24:41.760 | Elapsed=3ms | Status=Completed
2026-05-13 16:24:41 | INF | CONTROLLER_EXEC | Acc= admin | IP=::1 | Path=SYS201002/GetAllRoleList | Message=POST /SYS201002/GetAllRoleList
2026-05-13 16:24:41 | INF | ACTION_TRACE | Acc=admin | Path=/SYS201002/GetAllRoleList | IP=::1 | Start=2026-05-13 16:24:41.792 | Elapsed=3ms | Status=Completed
2026-05-13 16:26:28 | INF | ACTION_TRACE | Acc=admin | Path=/Home/Index | IP=::1 | Start=2026-05-13 16:26:28.066 | Elapsed=42ms | Status=Completed
2026-05-13 16:26:29 | INF | ACTION_TRACE | Acc=admin | Path=/Home/GetMenu | IP=::1 | Start=2026-05-13 16:26:29.281 | Elapsed=96ms | Status=Completed
2026-05-13 16:26:31 | INF | CONTROLLER_EXEC | Acc= admin | IP=::1 | Path=SYS201001/SYS201001 | Message=GET /SYS201001/SYS201001
2026-05-13 16:26:31 | INF | ACTION_TRACE | Acc=admin | Path=/SYS201001/SYS201001 | IP=::1 | Start=2026-05-13 16:26:30.959 | Elapsed=109ms | Status=Completed
2026-05-13 16:26:31 | INF | CONTROLLER_EXEC | Acc= admin | IP=::1 | Path=SYS201001/GetAllAdmins | Message=POST /SYS201001/GetAllAdmins
2026-05-13 16:26:31 | INF | ACTION_TRACE | Acc=admin | Path=/SYS201001/GetAllAdmins | IP=::1 | Start=2026-05-13 16:26:31.123 | Elapsed=6ms | Status=Completed
2026-05-13 16:26:31 | INF | CONTROLLER_EXEC | Acc= admin | IP=::1 | Path=SYS201001/GetAllAdmins | Message=POST /SYS201001/GetAllAdmins
2026-05-13 16:26:31 | INF | ACTION_TRACE | Acc=admin | Path=/SYS201001/GetAllAdmins | IP=::1 | Start=2026-05-13 16:26:31.149 | Elapsed=8ms | Status=Completed
2026-05-13 16:26:43 | INF | ACTION_TRACE | Acc=admin | Path=/Home/Index | IP=::1 | Start=2026-05-13 16:26:43.715 | Elapsed=139ms | Status=Completed
2026-05-13 16:26:44 | INF | ACTION_TRACE | Acc=admin | Path=/Home/GetMenu | IP=::1 | Start=2026-05-13 16:26:44.899 | Elapsed=76ms | Status=Completed
2026-05-13 16:26:46 | INF | CONTROLLER_EXEC | Acc= admin | IP=::1 | Path=SYS201001/SYS201001 | Message=GET /SYS201001/SYS201001
2026-05-13 16:26:46 | INF | ACTION_TRACE | Acc=admin | Path=/SYS201001/SYS201001 | IP=::1 | Start=2026-05-13 16:26:46.230 | Elapsed=134ms | Status=Completed
2026-05-13 16:26:46 | INF | CONTROLLER_EXEC | Acc= admin | IP=::1 | Path=SYS201001/GetAllAdmins | Message=POST /SYS201001/GetAllAdmins
2026-05-13 16:26:46 | INF | ACTION_TRACE | Acc=admin | Path=/SYS201001/GetAllAdmins | IP=::1 | Start=2026-05-13 16:26:46.425 | Elapsed=8ms | Status=Completed
2026-05-13 16:26:46 | INF | CONTROLLER_EXEC | Acc= admin | IP=::1 | Path=SYS201001/GetAllAdmins | Message=POST /SYS201001/GetAllAdmins
2026-05-13 16:26:46 | INF | ACTION_TRACE | Acc=admin | Path=/SYS201001/GetAllAdmins | IP=::1 | Start=2026-05-13 16:26:46.460 | Elapsed=6ms | Status=Completed
2026-05-13 16:26:51 | INF | ACTION_TRACE | Acc=admin | Path=/Home/Index | IP=::1 | Start=2026-05-13 16:26:51.611 | Elapsed=185ms | Status=Completed
2026-05-13 16:26:53 | INF | ACTION_TRACE | Acc=admin | Path=/Home/GetMenu | IP=::1 | Start=2026-05-13 16:26:53.097 | Elapsed=62ms | Status=Completed
2026-05-13 16:26:54 | INF | CONTROLLER_EXEC | Acc= admin | IP=::1 | Path=SYS201001/SYS201001 | Message=GET /SYS201001/SYS201001
2026-05-13 16:26:54 | INF | ACTION_TRACE | Acc=admin | Path=/SYS201001/SYS201001 | IP=::1 | Start=2026-05-13 16:26:54.180 | Elapsed=126ms | Status=Completed
2026-05-13 16:26:54 | INF | CONTROLLER_EXEC | Acc= admin | IP=::1 | Path=SYS201001/GetAllAdmins | Message=POST /SYS201001/GetAllAdmins
2026-05-13 16:26:54 | INF | ACTION_TRACE | Acc=admin | Path=/SYS201001/GetAllAdmins | IP=::1 | Start=2026-05-13 16:26:54.360 | Elapsed=5ms | Status=Completed
2026-05-13 16:26:54 | INF | CONTROLLER_EXEC | Acc= admin | IP=::1 | Path=SYS201001/GetAllAdmins | Message=POST /SYS201001/GetAllAdmins
2026-05-13 16:26:54 | INF | ACTION_TRACE | Acc=admin | Path=/SYS201001/GetAllAdmins | IP=::1 | Start=2026-05-13 16:26:54.382 | Elapsed=7ms | Status=Completed
2026-05-13 16:26:59 | INF | ACTION_TRACE | Acc=admin | Path=/Home/Index | IP=::1 | Start=2026-05-13 16:26:59.360 | Elapsed=79ms | Status=Completed
2026-05-13 16:28:16 | INF | ACTION_TRACE | Acc=admin | Path=/Home/Index | IP=::1 | Start=2026-05-13 16:28:16.099 | Elapsed=75ms | Status=Completed
2026-05-13 16:28:25 | INF | ACTION_TRACE | Acc=admin | Path=/Home/GetMenu | IP=::1 | Start=2026-05-13 16:28:24.959 | Elapsed=41ms | Status=Completed
2026-05-13 16:28:26 | INF | CONTROLLER_EXEC | Acc= admin | IP=::1 | Path=SYS201001/SYS201001 | Message=GET /SYS201001/SYS201001
2026-05-13 16:28:26 | INF | ACTION_TRACE | Acc=admin | Path=/SYS201001/SYS201001 | IP=::1 | Start=2026-05-13 16:28:26.411 | Elapsed=66ms | Status=Completed
2026-05-13 16:28:26 | INF | CONTROLLER_EXEC | Acc= admin | IP=::1 | Path=SYS201001/GetAllAdmins | Message=POST /SYS201001/GetAllAdmins
2026-05-13 16:28:26 | INF | ACTION_TRACE | Acc=admin | Path=/SYS201001/GetAllAdmins | IP=::1 | Start=2026-05-13 16:28:26.537 | Elapsed=6ms | Status=Completed
2026-05-13 16:28:26 | INF | CONTROLLER_EXEC | Acc= admin | IP=::1 | Path=SYS201001/GetAllAdmins | Message=POST /SYS201001/GetAllAdmins
2026-05-13 16:28:26 | INF | ACTION_TRACE | Acc=admin | Path=/SYS201001/GetAllAdmins | IP=::1 | Start=2026-05-13 16:28:26.563 | Elapsed=4ms | Status=Completed
2026-05-13 16:29:11 | INF | ACTION_TRACE | Acc=admin | Path=/Home/Index | IP=::1 | Start=2026-05-13 16:29:11.559 | Elapsed=114ms | Status=Completed
2026-05-13 16:29:14 | INF | ACTION_TRACE | Acc=admin | Path=/Home/GetMenu | IP=::1 | Start=2026-05-13 16:29:14.698 | Elapsed=45ms | Status=Completed
2026-05-13 16:29:15 | INF | CONTROLLER_EXEC | Acc= admin | IP=::1 | Path=SYS201001/SYS201001 | Message=GET /SYS201001/SYS201001
2026-05-13 16:29:15 | INF | ACTION_TRACE | Acc=admin | Path=/SYS201001/SYS201001 | IP=::1 | Start=2026-05-13 16:29:15.869 | Elapsed=39ms | Status=Completed
2026-05-13 16:29:15 | INF | CONTROLLER_EXEC | Acc= admin | IP=::1 | Path=SYS201001/GetAllAdmins | Message=POST /SYS201001/GetAllAdmins
2026-05-13 16:29:15 | INF | ACTION_TRACE | Acc=admin | Path=/SYS201001/GetAllAdmins | IP=::1 | Start=2026-05-13 16:29:15.953 | Elapsed=7ms | Status=Completed
2026-05-13 16:29:15 | INF | CONTROLLER_EXEC | Acc= admin | IP=::1 | Path=SYS201001/GetAllAdmins | Message=POST /SYS201001/GetAllAdmins
2026-05-13 16:29:15 | INF | ACTION_TRACE | Acc=admin | Path=/SYS201001/GetAllAdmins | IP=::1 | Start=2026-05-13 16:29:15.978 | Elapsed=4ms | Status=Completed
2026-05-13 16:30:05 | INF | ACTION_TRACE | Acc=admin | Path=/Home/Index | IP=::1 | Start=2026-05-13 16:30:05.108 | Elapsed=366ms | Status=Completed
2026-05-13 16:30:06 | INF | ACTION_TRACE | Acc=admin | Path=/Home/GetMenu | IP=::1 | Start=2026-05-13 16:30:06.715 | Elapsed=15ms | Status=Completed
2026-05-13 16:30:09 | INF | CONTROLLER_EXEC | Acc= admin | IP=::1 | Path=SYS202001/SYS202001 | Message=GET /SYS202001/SYS202001
2026-05-13 16:30:09 | INF | ACTION_TRACE | Acc=admin | Path=/SYS202001/SYS202001 | IP=::1 | Start=2026-05-13 16:30:09.432 | Elapsed=6ms | Status=Completed
2026-05-13 16:30:09 | INF | CONTROLLER_EXEC | Acc= admin | IP=::1 | Path=SYS202001/GetDepartments | Message=POST /SYS202001/GetDepartments
2026-05-13 16:30:09 | INF | ACTION_TRACE | Acc=admin | Path=/SYS202001/GetDepartments | IP=::1 | Start=2026-05-13 16:30:09.462 | Elapsed=5ms | Status=Completed
2026-05-13 16:30:09 | INF | CONTROLLER_EXEC | Acc= admin | IP=::1 | Path=SYS202001/GetDepartments | Message=POST /SYS202001/GetDepartments
2026-05-13 16:30:09 | INF | ACTION_TRACE | Acc=admin | Path=/SYS202001/GetDepartments | IP=::1 | Start=2026-05-13 16:30:09.498 | Elapsed=7ms | Status=Completed
2026-05-13 16:30:17 | INF | ACTION_TRACE | Acc=admin | Path=/.well-known/appspecific/com.chrome.devtools.json | IP=::1 | Start=2026-05-13 16:30:17.858 | Elapsed=0ms | Status=Completed
2026-05-13 16:30:17 | INF | ACTION_TRACE | Acc=admin | Path=/lib/html-to-image/html-to-image.js.map | IP=::1 | Start=2026-05-13 16:30:17.936 | Elapsed=0ms | Status=Completed
2026-05-13 16:30:18 | INF | ACTION_TRACE | Acc=admin | Path=/Home/Index | IP=::1 | Start=2026-05-13 16:30:18.549 | Elapsed=19ms | Status=Completed
2026-05-13 16:30:18 | INF | ACTION_TRACE | Acc=admin | Path=/.well-known/appspecific/com.chrome.devtools.json | IP=::1 | Start=2026-05-13 16:30:18.678 | Elapsed=0ms | Status=Completed
2026-05-13 16:30:18 | INF | ACTION_TRACE | Acc=admin | Path=/lib/html-to-image/html-to-image.js.map | IP=::1 | Start=2026-05-13 16:30:18.748 | Elapsed=0ms | Status=Completed
2026-05-13 16:30:20 | INF | ACTION_TRACE | Acc=admin | Path=/Home/GetMenu | IP=::1 | Start=2026-05-13 16:30:20.910 | Elapsed=54ms | Status=Completed
2026-05-13 16:30:23 | INF | CONTROLLER_EXEC | Acc= admin | IP=::1 | Path=SYS202001/SYS202001 | Message=GET /SYS202001/SYS202001
2026-05-13 16:30:23 | INF | ACTION_TRACE | Acc=admin | Path=/SYS202001/SYS202001 | IP=::1 | Start=2026-05-13 16:30:23.111 | Elapsed=3ms | Status=Completed
2026-05-13 16:30:23 | INF | CONTROLLER_EXEC | Acc= admin | IP=::1 | Path=SYS202001/GetDepartments | Message=POST /SYS202001/GetDepartments
2026-05-13 16:30:23 | INF | ACTION_TRACE | Acc=admin | Path=/SYS202001/GetDepartments | IP=::1 | Start=2026-05-13 16:30:23.160 | Elapsed=6ms | Status=Completed
2026-05-13 16:30:23 | INF | CONTROLLER_EXEC | Acc= admin | IP=::1 | Path=SYS202001/GetDepartments | Message=POST /SYS202001/GetDepartments
2026-05-13 16:30:23 | INF | ACTION_TRACE | Acc=admin | Path=/SYS202001/GetDepartments | IP=::1 | Start=2026-05-13 16:30:23.195 | Elapsed=9ms | Status=Completed
2026-05-13 16:32:01 | INF | ACTION_TRACE | Acc=admin | Path=/Home/Index | IP=::1 | Start=2026-05-13 16:32:01.630 | Elapsed=14ms | Status=Completed
2026-05-13 16:32:03 | INF | ACTION_TRACE | Acc=admin | Path=/Home/GetMenu | IP=::1 | Start=2026-05-13 16:32:02.979 | Elapsed=48ms | Status=Completed
2026-05-13 16:32:06 | INF | ACTION_TRACE | Acc=admin | Path=/Home/Index | IP=::1 | Start=2026-05-13 16:32:01.575 | Elapsed=4637ms | Status=Completed
2026-05-13 16:32:06 | INF | NETWORK_UNSTABLE | Acc=admin | Path=/Home/Index | Reason=SlowRequest 4637ms
2026-05-13 16:32:06 | INF | CONTROLLER_EXEC | Acc= admin | IP=::1 | Path=SYS201001/SYS201001 | Message=GET /SYS201001/SYS201001
2026-05-13 16:32:06 | INF | ACTION_TRACE | Acc=admin | Path=/SYS201001/SYS201001 | IP=::1 | Start=2026-05-13 16:32:06.243 | Elapsed=73ms | Status=Completed
2026-05-13 16:32:06 | INF | CONTROLLER_EXEC | Acc= admin | IP=::1 | Path=SYS201001/GetAllAdmins | Message=POST /SYS201001/GetAllAdmins
2026-05-13 16:32:06 | INF | ACTION_TRACE | Acc=admin | Path=/SYS201001/GetAllAdmins | IP=::1 | Start=2026-05-13 16:32:06.376 | Elapsed=5ms | Status=Completed
2026-05-13 16:32:06 | INF | CONTROLLER_EXEC | Acc= admin | IP=::1 | Path=SYS201001/GetAllAdmins | Message=POST /SYS201001/GetAllAdmins
2026-05-13 16:32:06 | INF | ACTION_TRACE | Acc=admin | Path=/SYS201001/GetAllAdmins | IP=::1 | Start=2026-05-13 16:32:06.400 | Elapsed=7ms | Status=Completed
2026-05-13 16:32:17 | INF | ACTION_TRACE | Acc=admin | Path=/Home/Index | IP=::1 | Start=2026-05-13 16:32:17.845 | Elapsed=56ms | Status=Completed
2026-05-13 16:32:18 | INF | ACTION_TRACE | Acc=admin | Path=/Home/GetMenu | IP=::1 | Start=2026-05-13 16:32:18.926 | Elapsed=44ms | Status=Completed
2026-05-13 16:32:20 | INF | CONTROLLER_EXEC | Acc= admin | IP=::1 | Path=SYS201001/SYS201001 | Message=GET /SYS201001/SYS201001
2026-05-13 16:32:20 | INF | ACTION_TRACE | Acc=admin | Path=/SYS201001/SYS201001 | IP=::1 | Start=2026-05-13 16:32:20.868 | Elapsed=14ms | Status=Completed
2026-05-13 16:32:20 | INF | CONTROLLER_EXEC | Acc= admin | IP=::1 | Path=SYS201001/GetAllAdmins | Message=POST /SYS201001/GetAllAdmins
2026-05-13 16:32:20 | INF | ACTION_TRACE | Acc=admin | Path=/SYS201001/GetAllAdmins | IP=::1 | Start=2026-05-13 16:32:20.922 | Elapsed=7ms | Status=Completed
2026-05-13 16:32:20 | INF | CONTROLLER_EXEC | Acc= admin | IP=::1 | Path=SYS201001/GetAllAdmins | Message=POST /SYS201001/GetAllAdmins
2026-05-13 16:32:20 | INF | ACTION_TRACE | Acc=admin | Path=/SYS201001/GetAllAdmins | IP=::1 | Start=2026-05-13 16:32:20.945 | Elapsed=4ms | Status=Completed
2026-05-13 16:32:42 | INF | ACTION_TRACE | Acc=admin | Path=/Home/Index | IP=::1 | Start=2026-05-13 16:32:42.383 | Elapsed=67ms | Status=Completed
2026-05-13 16:32:43 | INF | ACTION_TRACE | Acc=admin | Path=/Home/GetMenu | IP=::1 | Start=2026-05-13 16:32:43.747 | Elapsed=49ms | Status=Completed
2026-05-13 16:32:48 | INF | CONTROLLER_EXEC | Acc= admin | IP=::1 | Path=SYS202001/SYS202001 | Message=GET /SYS202001/SYS202001
2026-05-13 16:32:48 | INF | ACTION_TRACE | Acc=admin | Path=/SYS202001/SYS202001 | IP=::1 | Start=2026-05-13 16:32:48.507 | Elapsed=4ms | Status=Completed
2026-05-13 16:32:48 | INF | CONTROLLER_EXEC | Acc= admin | IP=::1 | Path=SYS202001/GetDepartments | Message=POST /SYS202001/GetDepartments
2026-05-13 16:32:48 | INF | ACTION_TRACE | Acc=admin | Path=/SYS202001/GetDepartments | IP=::1 | Start=2026-05-13 16:32:48.540 | Elapsed=5ms | Status=Completed
2026-05-13 16:32:48 | INF | CONTROLLER_EXEC | Acc= admin | IP=::1 | Path=SYS202001/GetDepartments | Message=POST /SYS202001/GetDepartments
2026-05-13 16:32:48 | INF | ACTION_TRACE | Acc=admin | Path=/SYS202001/GetDepartments | IP=::1 | Start=2026-05-13 16:32:48.563 | Elapsed=5ms | Status=Completed
2026-05-13 16:33:59 | INF | ACTION_TRACE | Acc=admin | Path=/Home/Index | IP=::1 | Start=2026-05-13 16:33:59.891 | Elapsed=16ms | Status=Completed
2026-05-13 16:34:01 | INF | ACTION_TRACE | Acc=admin | Path=/Home/GetMenu | IP=::1 | Start=2026-05-13 16:34:01.066 | Elapsed=47ms | Status=Completed
2026-05-13 16:34:05 | INF | CONTROLLER_EXEC | Acc= admin | IP=::1 | Path=SYS202002/SYS202002 | Message=GET /SYS202002/SYS202002
2026-05-13 16:34:05 | INF | ACTION_TRACE | Acc=admin | Path=/SYS202002/SYS202002 | IP=::1 | Start=2026-05-13 16:34:05.205 | Elapsed=135ms | Status=Completed
2026-05-13 16:34:05 | INF | CONTROLLER_EXEC | Acc= admin | IP=::1 | Path=SYS202002/GetDataForTree | Message=GET /SYS202002/GetDataForTree
2026-05-13 16:34:05 | INF | ACTION_TRACE | Acc=admin | Path=/SYS202002/GetDataForTree | IP=::1 | Start=2026-05-13 16:34:05.367 | Elapsed=195ms | Status=Completed
2026-05-13 16:34:15 | INF | ACTION_TRACE | Acc=admin | Path=/Home/Index | IP=::1 | Start=2026-05-13 16:34:15.264 | Elapsed=23ms | Status=Completed
2026-05-13 16:34:16 | INF | ACTION_TRACE | Acc=admin | Path=/Home/GetMenu | IP=::1 | Start=2026-05-13 16:34:16.492 | Elapsed=41ms | Status=Completed
2026-05-13 16:34:19 | INF | CONTROLLER_EXEC | Acc= admin | IP=::1 | Path=SYS202002/SYS202002 | Message=GET /SYS202002/SYS202002
2026-05-13 16:34:19 | INF | ACTION_TRACE | Acc=admin | Path=/SYS202002/SYS202002 | IP=::1 | Start=2026-05-13 16:34:19.973 | Elapsed=5ms | Status=Completed
2026-05-13 16:34:20 | INF | CONTROLLER_EXEC | Acc= admin | IP=::1 | Path=SYS202002/GetDataForTree | Message=GET /SYS202002/GetDataForTree
2026-05-13 16:34:20 | INF | ACTION_TRACE | Acc=admin | Path=/SYS202002/GetDataForTree | IP=::1 | Start=2026-05-13 16:34:20.010 | Elapsed=21ms | Status=Completed
2026-05-13 16:39:21 | INF | ACTION_TRACE | Acc=admin | Path=/Home/Index | IP=::1 | Start=2026-05-13 16:39:16.552 | Elapsed=4619ms | Status=Completed
2026-05-13 16:39:21 | INF | NETWORK_UNSTABLE | Acc=admin | Path=/Home/Index | Reason=SlowRequest 4619ms
2026-05-13 16:39:36 | INF | ACTION_TRACE | Acc=admin | Path=/Home/Index | IP=::1 | Start=2026-05-13 16:39:36.865 | Elapsed=58ms | Status=Completed
2026-05-13 16:39:37 | INF | ACTION_TRACE | Acc=admin | Path=/Home/GetMenu | IP=::1 | Start=2026-05-13 16:39:37.509 | Elapsed=49ms | Status=Completed
2026-05-13 16:39:40 | INF | CONTROLLER_EXEC | Acc= admin | IP=::1 | Path=SYS202003/SYS202003 | Message=GET /SYS202003/SYS202003
2026-05-13 16:39:40 | INF | ACTION_TRACE | Acc=admin | Path=/SYS202003/SYS202003 | IP=::1 | Start=2026-05-13 16:39:40.259 | Elapsed=36ms | Status=Completed
2026-05-13 16:39:40 | INF | CONTROLLER_EXEC | Acc= admin | IP=::1 | Path=SYS202003/GetPTypeData | Message=POST /SYS202003/GetPTypeData
2026-05-13 16:39:40 | INF | ACTION_TRACE | Acc=admin | Path=/SYS202003/GetPTypeData | IP=::1 | Start=2026-05-13 16:39:40.329 | Elapsed=70ms | Status=Completed
2026-05-13 16:39:40 | INF | CONTROLLER_EXEC | Acc= admin | IP=::1 | Path=SYS202003/GetPTypeData | Message=POST /SYS202003/GetPTypeData
2026-05-13 16:39:40 | INF | ACTION_TRACE | Acc=admin | Path=/SYS202003/GetPTypeData | IP=::1 | Start=2026-05-13 16:39:40.427 | Elapsed=4ms | Status=Completed
2026-05-13 16:39:59 | INF | CONTROLLER_EXEC | Acc= admin | IP=::1 | Path=SYS202003/GetPTypeData | Message=POST /SYS202003/GetPTypeData
2026-05-13 16:39:59 | INF | ACTION_TRACE | Acc=admin | Path=/SYS202003/GetPTypeData | IP=::1 | Start=2026-05-13 16:39:59.551 | Elapsed=11ms | Status=Completed
2026-05-13 16:39:59 | INF | ACTION_TRACE | Acc=admin | Path=/.well-known/appspecific/com.chrome.devtools.json | IP=::1 | Start=2026-05-13 16:39:59.598 | Elapsed=0ms | Status=Completed
2026-05-13 16:39:59 | INF | ACTION_TRACE | Acc=admin | Path=/lib/html-to-image/html-to-image.js.map | IP=::1 | Start=2026-05-13 16:39:59.698 | Elapsed=0ms | Status=Completed
2026-05-13 16:39:59 | INF | ACTION_TRACE | Acc=admin | Path=/Home/Index | IP=::1 | Start=2026-05-13 16:39:59.874 | Elapsed=25ms | Status=Completed
2026-05-13 16:40:00 | INF | ACTION_TRACE | Acc=admin | Path=/.well-known/appspecific/com.chrome.devtools.json | IP=::1 | Start=2026-05-13 16:40:00.009 | Elapsed=0ms | Status=Completed
2026-05-13 16:40:00 | INF | ACTION_TRACE | Acc=admin | Path=/lib/html-to-image/html-to-image.js.map | IP=::1 | Start=2026-05-13 16:40:00.068 | Elapsed=0ms | Status=Completed
2026-05-13 16:40:02 | INF | ACTION_TRACE | Acc=admin | Path=/Home/GetMenu | IP=::1 | Start=2026-05-13 16:40:02.663 | Elapsed=241ms | Status=Completed
2026-05-13 16:40:06 | INF | CONTROLLER_EXEC | Acc= admin | IP=::1 | Path=SYS202003/SYS202003 | Message=GET /SYS202003/SYS202003
2026-05-13 16:40:06 | INF | ACTION_TRACE | Acc=admin | Path=/SYS202003/SYS202003 | IP=::1 | Start=2026-05-13 16:40:06.062 | Elapsed=104ms | Status=Completed
2026-05-13 16:40:06 | INF | CONTROLLER_EXEC | Acc= admin | IP=::1 | Path=SYS202003/GetPTypeData | Message=POST /SYS202003/GetPTypeData
2026-05-13 16:40:06 | INF | ACTION_TRACE | Acc=admin | Path=/SYS202003/GetPTypeData | IP=::1 | Start=2026-05-13 16:40:06.202 | Elapsed=36ms | Status=Completed
2026-05-13 16:40:06 | INF | CONTROLLER_EXEC | Acc= admin | IP=::1 | Path=SYS202003/GetPTypeData | Message=POST /SYS202003/GetPTypeData
2026-05-13 16:40:06 | INF | ACTION_TRACE | Acc=admin | Path=/SYS202003/GetPTypeData | IP=::1 | Start=2026-05-13 16:40:06.273 | Elapsed=4ms | Status=Completed
2026-05-13 16:40:15 | INF | ACTION_TRACE | Acc=admin | Path=/.well-known/appspecific/com.chrome.devtools.json | IP=::1 | Start=2026-05-13 16:40:15.267 | Elapsed=0ms | Status=Completed
2026-05-13 16:40:15 | INF | CONTROLLER_EXEC | Acc= admin | IP=::1 | Path=SYS202003/GetPTypeData | Message=POST /SYS202003/GetPTypeData
2026-05-13 16:40:15 | INF | ACTION_TRACE | Acc=admin | Path=/SYS202003/GetPTypeData | IP=::1 | Start=2026-05-13 16:40:15.267 | Elapsed=6ms | Status=Completed
2026-05-13 16:40:15 | INF | ACTION_TRACE | Acc=admin | Path=/lib/html-to-image/html-to-image.js.map | IP=::1 | Start=2026-05-13 16:40:15.290 | Elapsed=0ms | Status=Completed
2026-05-13 16:40:17 | INF | ACTION_TRACE | Acc=admin | Path=/Home/Index | IP=::1 | Start=2026-05-13 16:40:17.395 | Elapsed=33ms | Status=Completed
2026-05-13 16:40:17 | INF | ACTION_TRACE | Acc=admin | Path=/.well-known/appspecific/com.chrome.devtools.json | IP=::1 | Start=2026-05-13 16:40:17.535 | Elapsed=0ms | Status=Completed
2026-05-13 16:40:17 | INF | ACTION_TRACE | Acc=admin | Path=/lib/html-to-image/html-to-image.js.map | IP=::1 | Start=2026-05-13 16:40:17.638 | Elapsed=0ms | Status=Completed
2026-05-13 16:40:18 | INF | ACTION_TRACE | Acc=admin | Path=/Home/Index | IP=::1 | Start=2026-05-13 16:40:18.245 | Elapsed=165ms | Status=Completed
2026-05-13 16:40:18 | INF | ACTION_TRACE | Acc=admin | Path=/.well-known/appspecific/com.chrome.devtools.json | IP=::1 | Start=2026-05-13 16:40:18.548 | Elapsed=0ms | Status=Completed
2026-05-13 16:40:18 | INF | ACTION_TRACE | Acc=admin | Path=/lib/html-to-image/html-to-image.js.map | IP=::1 | Start=2026-05-13 16:40:18.597 | Elapsed=0ms | Status=Completed
2026-05-13 16:40:19 | INF | ACTION_TRACE | Acc=admin | Path=/Home/Index | IP=::1 | Start=2026-05-13 16:40:19.081 | Elapsed=165ms | Status=Completed
2026-05-13 16:40:19 | INF | ACTION_TRACE | Acc=admin | Path=/.well-known/appspecific/com.chrome.devtools.json | IP=::1 | Start=2026-05-13 16:40:19.347 | Elapsed=0ms | Status=Completed
2026-05-13 16:40:19 | INF | ACTION_TRACE | Acc=admin | Path=/lib/html-to-image/html-to-image.js.map | IP=::1 | Start=2026-05-13 16:40:19.427 | Elapsed=0ms | Status=Completed
2026-05-13 16:40:21 | INF | ACTION_TRACE | Acc=admin | Path=/Home/GetMenu | IP=::1 | Start=2026-05-13 16:40:21.279 | Elapsed=10ms | Status=Completed
2026-05-13 16:40:23 | INF | CONTROLLER_EXEC | Acc= admin | IP=::1 | Path=SYS202003/SYS202003 | Message=GET /SYS202003/SYS202003
2026-05-13 16:40:23 | INF | ACTION_TRACE | Acc=admin | Path=/SYS202003/SYS202003 | IP=::1 | Start=2026-05-13 16:40:23.965 | Elapsed=3ms | Status=Completed
2026-05-13 16:40:24 | INF | CONTROLLER_EXEC | Acc= admin | IP=::1 | Path=SYS202003/GetPTypeData | Message=POST /SYS202003/GetPTypeData
2026-05-13 16:40:24 | INF | ACTION_TRACE | Acc=admin | Path=/SYS202003/GetPTypeData | IP=::1 | Start=2026-05-13 16:40:24.001 | Elapsed=6ms | Status=Completed
2026-05-13 16:40:24 | INF | CONTROLLER_EXEC | Acc= admin | IP=::1 | Path=SYS202003/GetPTypeData | Message=POST /SYS202003/GetPTypeData
2026-05-13 16:40:24 | INF | ACTION_TRACE | Acc=admin | Path=/SYS202003/GetPTypeData | IP=::1 | Start=2026-05-13 16:40:24.034 | Elapsed=6ms | Status=Completed
2026-05-13 16:40:28 | INF | CONTROLLER_EXEC | Acc= admin | IP=::1 | Path=SYS202003/GetPTypeData | Message=POST /SYS202003/GetPTypeData
2026-05-13 16:40:28 | INF | ACTION_TRACE | Acc=admin | Path=/SYS202003/GetPTypeData | IP=::1 | Start=2026-05-13 16:40:28.113 | Elapsed=2ms | Status=Completed
2026-05-13 16:40:29 | INF | CONTROLLER_EXEC | Acc= admin | IP=::1 | Path=SYS202003/GetPTypeData | Message=POST /SYS202003/GetPTypeData
2026-05-13 16:40:29 | INF | ACTION_TRACE | Acc=admin | Path=/SYS202003/GetPTypeData | IP=::1 | Start=2026-05-13 16:40:29.512 | Elapsed=4ms | Status=Completed
2026-05-13 16:40:29 | INF | ACTION_TRACE | Acc=admin | Path=/.well-known/appspecific/com.chrome.devtools.json | IP=::1 | Start=2026-05-13 16:40:29.608 | Elapsed=0ms | Status=Completed
2026-05-13 16:40:29 | INF | ACTION_TRACE | Acc=admin | Path=/lib/html-to-image/html-to-image.js.map | IP=::1 | Start=2026-05-13 16:40:29.682 | Elapsed=0ms | Status=Completed
2026-05-13 16:40:32 | INF | ACTION_TRACE | Acc=admin | Path=/Home/Index | IP=::1 | Start=2026-05-13 16:40:32.169 | Elapsed=18ms | Status=Completed
2026-05-13 16:40:32 | INF | ACTION_TRACE | Acc=admin | Path=/.well-known/appspecific/com.chrome.devtools.json | IP=::1 | Start=2026-05-13 16:40:32.326 | Elapsed=0ms | Status=Completed
2026-05-13 16:40:32 | INF | ACTION_TRACE | Acc=admin | Path=/lib/html-to-image/html-to-image.js.map | IP=::1 | Start=2026-05-13 16:40:32.412 | Elapsed=0ms | Status=Completed
2026-05-13 16:40:33 | INF | ACTION_TRACE | Acc=admin | Path=/Home/Index | IP=::1 | Start=2026-05-13 16:40:33.098 | Elapsed=17ms | Status=Completed
2026-05-13 16:40:33 | INF | ACTION_TRACE | Acc=admin | Path=/.well-known/appspecific/com.chrome.devtools.json | IP=::1 | Start=2026-05-13 16:40:33.165 | Elapsed=0ms | Status=Completed
2026-05-13 16:40:33 | INF | ACTION_TRACE | Acc=admin | Path=/lib/html-to-image/html-to-image.js.map | IP=::1 | Start=2026-05-13 16:40:33.298 | Elapsed=0ms | Status=Completed
2026-05-13 16:40:34 | INF | ACTION_TRACE | Acc=admin | Path=/Home/GetMenu | IP=::1 | Start=2026-05-13 16:40:34.256 | Elapsed=7ms | Status=Completed
2026-05-13 16:40:37 | INF | CONTROLLER_EXEC | Acc= admin | IP=::1 | Path=SYS202003/SYS202003 | Message=GET /SYS202003/SYS202003
2026-05-13 16:40:37 | INF | ACTION_TRACE | Acc=admin | Path=/SYS202003/SYS202003 | IP=::1 | Start=2026-05-13 16:40:37.116 | Elapsed=8ms | Status=Completed
2026-05-13 16:40:37 | INF | CONTROLLER_EXEC | Acc= admin | IP=::1 | Path=SYS202003/GetPTypeData | Message=POST /SYS202003/GetPTypeData
2026-05-13 16:40:37 | INF | ACTION_TRACE | Acc=admin | Path=/SYS202003/GetPTypeData | IP=::1 | Start=2026-05-13 16:40:37.180 | Elapsed=3ms | Status=Completed
2026-05-13 16:40:37 | INF | CONTROLLER_EXEC | Acc= admin | IP=::1 | Path=SYS202003/GetPTypeData | Message=POST /SYS202003/GetPTypeData
2026-05-13 16:40:37 | INF | ACTION_TRACE | Acc=admin | Path=/SYS202003/GetPTypeData | IP=::1 | Start=2026-05-13 16:40:37.216 | Elapsed=15ms | Status=Completed
2026-05-13 16:40:39 | INF | CONTROLLER_EXEC | Acc= admin | IP=::1 | Path=SYS202003/GetPTypeData | Message=POST /SYS202003/GetPTypeData
2026-05-13 16:40:39 | INF | ACTION_TRACE | Acc=admin | Path=/SYS202003/GetPTypeData | IP=::1 | Start=2026-05-13 16:40:39.496 | Elapsed=3ms | Status=Completed
2026-05-13 16:40:41 | INF | CONTROLLER_EXEC | Acc= admin | IP=::1 | Path=SYS202003/GetPTypeData | Message=POST /SYS202003/GetPTypeData
2026-05-13 16:40:41 | INF | ACTION_TRACE | Acc=admin | Path=/SYS202003/GetPTypeData | IP=::1 | Start=2026-05-13 16:40:41.613 | Elapsed=3ms | Status=Completed
2026-05-13 16:41:39 | INF | ACTION_TRACE | Acc=admin | Path=/Home/Index | IP=::1 | Start=2026-05-13 16:41:39.830 | Elapsed=20ms | Status=Completed
2026-05-13 16:41:49 | INF | ACTION_TRACE | Acc=admin | Path=/Home/Index | IP=::1 | Start=2026-05-13 16:41:49.665 | Elapsed=16ms | Status=Completed
2026-05-13 16:41:53 | INF | ACTION_TRACE | Acc=admin | Path=/Home/GetMenu | IP=::1 | Start=2026-05-13 16:41:53.628 | Elapsed=6ms | Status=Completed
2026-05-13 16:41:57 | INF | CONTROLLER_EXEC | Acc= admin | IP=::1 | Path=SYS202005/SYS202005 | Message=GET /SYS202005/SYS202005
2026-05-13 16:41:57 | INF | ACTION_TRACE | Acc=admin | Path=/SYS202005/SYS202005 | IP=::1 | Start=2026-05-13 16:41:57.693 | Elapsed=24ms | Status=Completed
2026-05-13 16:41:57 | INF | CONTROLLER_EXEC | Acc= admin | IP=::1 | Path=SYS202005/GetList | Message=POST /SYS202005/GetList
2026-05-13 16:41:57 | INF | ACTION_TRACE | Acc=admin | Path=/SYS202005/GetList | IP=::1 | Start=2026-05-13 16:41:57.745 | Elapsed=51ms | Status=Completed
2026-05-13 16:41:57 | INF | CONTROLLER_EXEC | Acc= admin | IP=::1 | Path=SYS202005/GetList | Message=POST /SYS202005/GetList
2026-05-13 16:41:57 | INF | ACTION_TRACE | Acc=admin | Path=/SYS202005/GetList | IP=::1 | Start=2026-05-13 16:41:57.818 | Elapsed=9ms | Status=Completed
2026-05-13 16:42:02 | INF | CONTROLLER_EXEC | Acc= admin | IP=::1 | Path=SYS202005/GetList | Message=POST /SYS202005/GetList
2026-05-13 16:42:02 | INF | ACTION_TRACE | Acc=admin | Path=/SYS202005/GetList | IP=::1 | Start=2026-05-13 16:42:02.711 | Elapsed=4ms | Status=Completed
2026-05-13 16:42:02 | INF | ACTION_TRACE | Acc=admin | Path=/.well-known/appspecific/com.chrome.devtools.json | IP=::1 | Start=2026-05-13 16:42:02.779 | Elapsed=0ms | Status=Completed
2026-05-13 16:42:02 | INF | ACTION_TRACE | Acc=admin | Path=/lib/html-to-image/html-to-image.js.map | IP=::1 | Start=2026-05-13 16:42:02.862 | Elapsed=0ms | Status=Completed
2026-05-13 16:42:03 | INF | CONTROLLER_EXEC | Acc= admin | IP=::1 | Path=SYS202005/GetList | Message=POST /SYS202005/GetList
2026-05-13 16:42:03 | INF | ACTION_TRACE | Acc=admin | Path=/SYS202005/GetList | IP=::1 | Start=2026-05-13 16:42:03.330 | Elapsed=6ms | Status=Completed
2026-05-13 16:42:05 | INF | ACTION_TRACE | Acc=admin | Path=/Home/Index | IP=::1 | Start=2026-05-13 16:42:05.367 | Elapsed=13ms | Status=Completed
2026-05-13 16:42:05 | INF | ACTION_TRACE | Acc=admin | Path=/.well-known/appspecific/com.chrome.devtools.json | IP=::1 | Start=2026-05-13 16:42:05.517 | Elapsed=0ms | Status=Completed
2026-05-13 16:42:05 | INF | ACTION_TRACE | Acc=admin | Path=/lib/html-to-image/html-to-image.js.map | IP=::1 | Start=2026-05-13 16:42:05.573 | Elapsed=0ms | Status=Completed
2026-05-13 16:42:06 | INF | ACTION_TRACE | Acc=admin | Path=/Home/GetMenu | IP=::1 | Start=2026-05-13 16:42:06.694 | Elapsed=10ms | Status=Completed
2026-05-13 16:42:09 | INF | CONTROLLER_EXEC | Acc= admin | IP=::1 | Path=SYS202004/SYS202004 | Message=GET /SYS202004/SYS202004
2026-05-13 16:42:09 | INF | ACTION_TRACE | Acc=admin | Path=/SYS202004/SYS202004 | IP=::1 | Start=2026-05-13 16:42:09.867 | Elapsed=39ms | Status=Completed
2026-05-13 16:42:10 | INF | CONTROLLER_EXEC | Acc= admin | IP=::1 | Path=SYS202004/GetProfessData | Message=POST /SYS202004/GetProfessData
2026-05-13 16:42:10 | INF | ACTION_TRACE | Acc=admin | Path=/SYS202004/GetProfessData | IP=::1 | Start=2026-05-13 16:42:09.976 | Elapsed=55ms | Status=Completed
2026-05-13 16:42:10 | INF | CONTROLLER_EXEC | Acc= admin | IP=::1 | Path=SYS202004/GetProfessData | Message=POST /SYS202004/GetProfessData
2026-05-13 16:42:10 | INF | ACTION_TRACE | Acc=admin | Path=/SYS202004/GetProfessData | IP=::1 | Start=2026-05-13 16:42:10.065 | Elapsed=10ms | Status=Completed
2026-05-13 16:42:16 | INF | CONTROLLER_EXEC | Acc= admin | IP=::1 | Path=SYS202004/GetProfessData | Message=POST /SYS202004/GetProfessData
2026-05-13 16:42:16 | INF | ACTION_TRACE | Acc=admin | Path=/SYS202004/GetProfessData | IP=::1 | Start=2026-05-13 16:42:16.880 | Elapsed=7ms | Status=Completed
2026-05-13 16:42:54 | INF | CONTROLLER_EXEC | Acc= admin | IP=::1 | Path=SYS202004/GetProfessData | Message=POST /SYS202004/GetProfessData
2026-05-13 16:42:54 | INF | ACTION_TRACE | Acc=admin | Path=/SYS202004/GetProfessData | IP=::1 | Start=2026-05-13 16:42:54.858 | Elapsed=22ms | Status=Completed
2026-05-13 16:43:26 | INF | ACTION_TRACE | Acc=admin | Path=/Home/Index | IP=::1 | Start=2026-05-13 16:43:26.257 | Elapsed=18ms | Status=Completed
2026-05-13 16:43:27 | INF | ACTION_TRACE | Acc=admin | Path=/Home/GetMenu | IP=::1 | Start=2026-05-13 16:43:27.450 | Elapsed=13ms | Status=Completed
2026-05-13 16:43:30 | INF | CONTROLLER_EXEC | Acc= admin | IP=::1 | Path=SYS202002/SYS202002 | Message=GET /SYS202002/SYS202002
2026-05-13 16:43:30 | INF | ACTION_TRACE | Acc=admin | Path=/SYS202002/SYS202002 | IP=::1 | Start=2026-05-13 16:43:30.078 | Elapsed=5ms | Status=Completed
2026-05-13 16:43:30 | INF | CONTROLLER_EXEC | Acc= admin | IP=::1 | Path=SYS202002/GetDataForTree | Message=GET /SYS202002/GetDataForTree
2026-05-13 16:43:30 | INF | ACTION_TRACE | Acc=admin | Path=/SYS202002/GetDataForTree | IP=::1 | Start=2026-05-13 16:43:30.112 | Elapsed=3ms | Status=Completed
2026-05-13 16:43:33 | INF | ACTION_TRACE | Acc=admin | Path=/.well-known/appspecific/com.chrome.devtools.json | IP=::1 | Start=2026-05-13 16:43:33.678 | Elapsed=0ms | Status=Completed
2026-05-13 16:43:33 | INF | ACTION_TRACE | Acc=admin | Path=/lib/html-to-image/html-to-image.js.map | IP=::1 | Start=2026-05-13 16:43:33.772 | Elapsed=0ms | Status=Completed
2026-05-13 16:43:33 | INF | ACTION_TRACE | Acc=admin | Path=/sm/6cf3a2be173716d0e4726c68ef6634f00cefa4e7428560c2debae6f24389d3c1.map | IP=::1 | Start=2026-05-13 16:43:33.844 | Elapsed=0ms | Status=Completed
2026-05-13 16:43:37 | INF | ACTION_TRACE | Acc=admin | Path=/Home/Index | IP=::1 | Start=2026-05-13 16:43:37.202 | Elapsed=12ms | Status=Completed
2026-05-13 16:43:37 | INF | ACTION_TRACE | Acc=admin | Path=/.well-known/appspecific/com.chrome.devtools.json | IP=::1 | Start=2026-05-13 16:43:37.349 | Elapsed=0ms | Status=Completed
2026-05-13 16:43:37 | INF | ACTION_TRACE | Acc=admin | Path=/lib/html-to-image/html-to-image.js.map | IP=::1 | Start=2026-05-13 16:43:37.411 | Elapsed=0ms | Status=Completed
2026-05-13 16:43:38 | INF | ACTION_TRACE | Acc=admin | Path=/Home/Index | IP=::1 | Start=2026-05-13 16:43:38.015 | Elapsed=16ms | Status=Completed
2026-05-13 16:43:38 | INF | ACTION_TRACE | Acc=admin | Path=/.well-known/appspecific/com.chrome.devtools.json | IP=::1 | Start=2026-05-13 16:43:38.144 | Elapsed=0ms | Status=Completed
2026-05-13 16:43:38 | INF | ACTION_TRACE | Acc=admin | Path=/lib/html-to-image/html-to-image.js.map | IP=::1 | Start=2026-05-13 16:43:38.215 | Elapsed=0ms | Status=Completed
2026-05-13 16:43:38 | INF | ACTION_TRACE | Acc=admin | Path=/Home/GetMenu | IP=::1 | Start=2026-05-13 16:43:38.866 | Elapsed=9ms | Status=Completed
2026-05-13 16:43:41 | INF | CONTROLLER_EXEC | Acc= admin | IP=::1 | Path=SYS202002/SYS202002 | Message=GET /SYS202002/SYS202002
2026-05-13 16:43:41 | INF | ACTION_TRACE | Acc=admin | Path=/SYS202002/SYS202002 | IP=::1 | Start=2026-05-13 16:43:41.384 | Elapsed=7ms | Status=Completed
2026-05-13 16:43:41 | INF | ACTION_TRACE | Acc=admin | Path=/sm/6cf3a2be173716d0e4726c68ef6634f00cefa4e7428560c2debae6f24389d3c1.map | IP=::1 | Start=2026-05-13 16:43:41.441 | Elapsed=0ms | Status=Completed
2026-05-13 16:43:41 | INF | CONTROLLER_EXEC | Acc= admin | IP=::1 | Path=SYS202002/GetDataForTree | Message=GET /SYS202002/GetDataForTree
2026-05-13 16:43:41 | INF | ACTION_TRACE | Acc=admin | Path=/SYS202002/GetDataForTree | IP=::1 | Start=2026-05-13 16:43:41.517 | Elapsed=12ms | Status=Completed
2026-05-13 16:43:54 | INF | ACTION_TRACE | Acc=admin | Path=/Home/Index | IP=::1 | Start=2026-05-13 16:43:54.967 | Elapsed=14ms | Status=Completed
2026-05-13 16:43:55 | INF | ACTION_TRACE | Acc=admin | Path=/.well-known/appspecific/com.chrome.devtools.json | IP=::1 | Start=2026-05-13 16:43:55.090 | Elapsed=0ms | Status=Completed
2026-05-13 16:43:55 | INF | ACTION_TRACE | Acc=admin | Path=/lib/html-to-image/html-to-image.js.map | IP=::1 | Start=2026-05-13 16:43:55.179 | Elapsed=0ms | Status=Completed
2026-05-13 16:43:56 | INF | ACTION_TRACE | Acc=admin | Path=/Home/GetMenu | IP=::1 | Start=2026-05-13 16:43:56.813 | Elapsed=13ms | Status=Completed
2026-05-13 16:43:58 | INF | CONTROLLER_EXEC | Acc= admin | IP=::1 | Path=SYS202003/SYS202003 | Message=GET /SYS202003/SYS202003
2026-05-13 16:43:58 | INF | ACTION_TRACE | Acc=admin | Path=/SYS202003/SYS202003 | IP=::1 | Start=2026-05-13 16:43:58.857 | Elapsed=5ms | Status=Completed
2026-05-13 16:43:58 | INF | CONTROLLER_EXEC | Acc= admin | IP=::1 | Path=SYS202003/GetPTypeData | Message=POST /SYS202003/GetPTypeData
2026-05-13 16:43:58 | INF | ACTION_TRACE | Acc=admin | Path=/SYS202003/GetPTypeData | IP=::1 | Start=2026-05-13 16:43:58.946 | Elapsed=4ms | Status=Completed
2026-05-13 16:43:59 | INF | CONTROLLER_EXEC | Acc= admin | IP=::1 | Path=SYS202003/GetPTypeData | Message=POST /SYS202003/GetPTypeData
2026-05-13 16:43:59 | INF | ACTION_TRACE | Acc=admin | Path=/SYS202003/GetPTypeData | IP=::1 | Start=2026-05-13 16:43:59.002 | Elapsed=4ms | Status=Completed
2026-05-13 16:43:59 | INF | CONTROLLER_EXEC | Acc= admin | IP=::1 | Path=SYS202002/SYS202002 | Message=GET /SYS202002/SYS202002
2026-05-13 16:43:59 | INF | ACTION_TRACE | Acc=admin | Path=/SYS202002/SYS202002 | IP=::1 | Start=2026-05-13 16:43:59.396 | Elapsed=3ms | Status=Completed
2026-05-13 16:43:59 | INF | ACTION_TRACE | Acc=admin | Path=/sm/6cf3a2be173716d0e4726c68ef6634f00cefa4e7428560c2debae6f24389d3c1.map | IP=::1 | Start=2026-05-13 16:43:59.465 | Elapsed=0ms | Status=Completed
2026-05-13 16:43:59 | INF | CONTROLLER_EXEC | Acc= admin | IP=::1 | Path=SYS202002/GetDataForTree | Message=GET /SYS202002/GetDataForTree
2026-05-13 16:43:59 | INF | ACTION_TRACE | Acc=admin | Path=/SYS202002/GetDataForTree | IP=::1 | Start=2026-05-13 16:43:59.514 | Elapsed=3ms | Status=Completed
2026-05-13 16:44:13 | INF | ACTION_TRACE | Acc=admin | Path=/Home/Index | IP=::1 | Start=2026-05-13 16:44:13.916 | Elapsed=14ms | Status=Completed
2026-05-13 16:44:14 | INF | ACTION_TRACE | Acc=admin | Path=/.well-known/appspecific/com.chrome.devtools.json | IP=::1 | Start=2026-05-13 16:44:14.040 | Elapsed=0ms | Status=Completed
2026-05-13 16:44:14 | INF | ACTION_TRACE | Acc=admin | Path=/lib/html-to-image/html-to-image.js.map | IP=::1 | Start=2026-05-13 16:44:14.147 | Elapsed=0ms | Status=Completed
2026-05-13 16:44:15 | INF | ACTION_TRACE | Acc=admin | Path=/Home/GetMenu | IP=::1 | Start=2026-05-13 16:44:15.463 | Elapsed=12ms | Status=Completed
2026-05-13 16:44:19 | INF | CONTROLLER_EXEC | Acc= admin | IP=::1 | Path=SYS202002/SYS202002 | Message=GET /SYS202002/SYS202002
2026-05-13 16:44:19 | INF | ACTION_TRACE | Acc=admin | Path=/SYS202002/SYS202002 | IP=::1 | Start=2026-05-13 16:44:19.020 | Elapsed=8ms | Status=Completed
2026-05-13 16:44:19 | INF | ACTION_TRACE | Acc=admin | Path=/sm/6cf3a2be173716d0e4726c68ef6634f00cefa4e7428560c2debae6f24389d3c1.map | IP=::1 | Start=2026-05-13 16:44:19.096 | Elapsed=0ms | Status=Completed
2026-05-13 16:44:19 | INF | CONTROLLER_EXEC | Acc= admin | IP=::1 | Path=SYS202002/GetDataForTree | Message=GET /SYS202002/GetDataForTree
2026-05-13 16:44:19 | INF | ACTION_TRACE | Acc=admin | Path=/SYS202002/GetDataForTree | IP=::1 | Start=2026-05-13 16:44:19.142 | Elapsed=3ms | Status=Completed
2026-05-13 16:46:34 | WRN | No store type was specified for the decimal property 'OveMoney' on entity type 'HROvertime'. This will cause values to be silently truncated if they do not fit in the default precision and scale. Explicitly specify the SQL server column type that can accommodate all the values in 'OnModelCreating' using 'HasColumnType', specify precision and scale using 'HasPrecision', or configure a value converter using 'HasConversion'.
2026-05-13 16:46:34 | WRN | No store type was specified for the decimal property 'Wag1D1Hour' on entity type 'HRWage'. This will cause values to be silently truncated if they do not fit in the default precision and scale. Explicitly specify the SQL server column type that can accommodate all the values in 'OnModelCreating' using 'HasColumnType', specify precision and scale using 'HasPrecision', or configure a value converter using 'HasConversion'.
2026-05-13 16:46:34 | WRN | No store type was specified for the decimal property 'Wag2D1Hour' on entity type 'HRWage'. This will cause values to be silently truncated if they do not fit in the default precision and scale. Explicitly specify the SQL server column type that can accommodate all the values in 'OnModelCreating' using 'HasColumnType', specify precision and scale using 'HasPrecision', or configure a value converter using 'HasConversion'.
2026-05-13 16:46:34 | WRN | No store type was specified for the decimal property 'Wag4D3Hour' on entity type 'HRWage'. This will cause values to be silently truncated if they do not fit in the default precision and scale. Explicitly specify the SQL server column type that can accommodate all the values in 'OnModelCreating' using 'HasColumnType', specify precision and scale using 'HasPrecision', or configure a value converter using 'HasConversion'.
2026-05-13 16:46:34 | WRN | No store type was specified for the decimal property 'Wag5D3Hour' on entity type 'HRWage'. This will cause values to be silently truncated if they do not fit in the default precision and scale. Explicitly specify the SQL server column type that can accommodate all the values in 'OnModelCreating' using 'HasColumnType', specify precision and scale using 'HasPrecision', or configure a value converter using 'HasConversion'.
2026-05-13 16:46:34 | WRN | No store type was specified for the decimal property 'Wag8D3Hour' on entity type 'HRWage'. This will cause values to be silently truncated if they do not fit in the default precision and scale. Explicitly specify the SQL server column type that can accommodate all the values in 'OnModelCreating' using 'HasColumnType', specify precision and scale using 'HasPrecision', or configure a value converter using 'HasConversion'.
2026-05-13 16:46:34 | WRN | No store type was specified for the decimal property 'WagApplyHour' on entity type 'HRWage'. This will cause values to be silently truncated if they do not fit in the default precision and scale. Explicitly specify the SQL server column type that can accommodate all the values in 'OnModelCreating' using 'HasColumnType', specify precision and scale using 'HasPrecision', or configure a value converter using 'HasConversion'.
2026-05-13 16:46:34 | WRN | No store type was specified for the decimal property 'WagIssueHour' on entity type 'HRWage'. This will cause values to be silently truncated if they do not fit in the default precision and scale. Explicitly specify the SQL server column type that can accommodate all the values in 'OnModelCreating' using 'HasColumnType', specify precision and scale using 'HasPrecision', or configure a value converter using 'HasConversion'.
2026-05-13 16:46:34 | WRN | No store type was specified for the decimal property 'WagSubtotal' on entity type 'HRWage'. This will cause values to be silently truncated if they do not fit in the default precision and scale. Explicitly specify the SQL server column type that can accommodate all the values in 'OnModelCreating' using 'HasColumnType', specify precision and scale using 'HasPrecision', or configure a value converter using 'HasConversion'.
2026-05-13 16:46:39 | WRN | The query uses the 'First'/'FirstOrDefault' operator without 'OrderBy' and filter operators. This may lead to unpredictable results.
2026-05-13 16:46:40 | INF | ACTION_TRACE | Acc=admin | Path=/ | IP=::1 | Start=2026-05-13 16:46:33.263 | Elapsed=7138ms | Status=Completed
2026-05-13 16:46:40 | INF | NETWORK_UNSTABLE | Acc=admin | Path=/ | Reason=SlowRequest 7138ms
2026-05-13 16:46:40 | INF | ACTION_TRACE | Acc=admin | Path=/Captcha/Generate | IP=::1 | Start=2026-05-13 16:46:40.610 | Elapsed=72ms | Status=Completed
2026-05-13 16:46:40 | INF | ACTION_TRACE | Acc=admin | Path=/DNTCaptchaImage/Show | IP=::1 | Start=2026-05-13 16:46:40.711 | Elapsed=164ms | Status=Completed
2026-05-13 16:46:50 | INF | ACTION_TRACE | Acc=admin | Path=/Account/Login | IP=::1 | Start=2026-05-13 16:46:43.987 | Elapsed=6975ms | Status=Completed
2026-05-13 16:46:50 | INF | NETWORK_UNSTABLE | Acc=admin | Path=/Account/Login | Reason=SlowRequest 6975ms
2026-05-13 16:46:51 | INF | ACTION_TRACE | Acc=admin | Path=/Home/Index | IP=::1 | Start=2026-05-13 16:46:51.058 | Elapsed=316ms | Status=Completed
2026-05-13 16:47:36 | WRN | No store type was specified for the decimal property 'OveMoney' on entity type 'HROvertime'. This will cause values to be silently truncated if they do not fit in the default precision and scale. Explicitly specify the SQL server column type that can accommodate all the values in 'OnModelCreating' using 'HasColumnType', specify precision and scale using 'HasPrecision', or configure a value converter using 'HasConversion'.
2026-05-13 16:47:36 | WRN | No store type was specified for the decimal property 'Wag1D1Hour' on entity type 'HRWage'. This will cause values to be silently truncated if they do not fit in the default precision and scale. Explicitly specify the SQL server column type that can accommodate all the values in 'OnModelCreating' using 'HasColumnType', specify precision and scale using 'HasPrecision', or configure a value converter using 'HasConversion'.
2026-05-13 16:47:36 | WRN | No store type was specified for the decimal property 'Wag2D1Hour' on entity type 'HRWage'. This will cause values to be silently truncated if they do not fit in the default precision and scale. Explicitly specify the SQL server column type that can accommodate all the values in 'OnModelCreating' using 'HasColumnType', specify precision and scale using 'HasPrecision', or configure a value converter using 'HasConversion'.
2026-05-13 16:47:36 | WRN | No store type was specified for the decimal property 'Wag4D3Hour' on entity type 'HRWage'. This will cause values to be silently truncated if they do not fit in the default precision and scale. Explicitly specify the SQL server column type that can accommodate all the values in 'OnModelCreating' using 'HasColumnType', specify precision and scale using 'HasPrecision', or configure a value converter using 'HasConversion'.
2026-05-13 16:47:36 | WRN | No store type was specified for the decimal property 'Wag5D3Hour' on entity type 'HRWage'. This will cause values to be silently truncated if they do not fit in the default precision and scale. Explicitly specify the SQL server column type that can accommodate all the values in 'OnModelCreating' using 'HasColumnType', specify precision and scale using 'HasPrecision', or configure a value converter using 'HasConversion'.
2026-05-13 16:47:36 | WRN | No store type was specified for the decimal property 'Wag8D3Hour' on entity type 'HRWage'. This will cause values to be silently truncated if they do not fit in the default precision and scale. Explicitly specify the SQL server column type that can accommodate all the values in 'OnModelCreating' using 'HasColumnType', specify precision and scale using 'HasPrecision', or configure a value converter using 'HasConversion'.
2026-05-13 16:47:36 | WRN | No store type was specified for the decimal property 'WagApplyHour' on entity type 'HRWage'. This will cause values to be silently truncated if they do not fit in the default precision and scale. Explicitly specify the SQL server column type that can accommodate all the values in 'OnModelCreating' using 'HasColumnType', specify precision and scale using 'HasPrecision', or configure a value converter using 'HasConversion'.
2026-05-13 16:47:36 | WRN | No store type was specified for the decimal property 'WagIssueHour' on entity type 'HRWage'. This will cause values to be silently truncated if they do not fit in the default precision and scale. Explicitly specify the SQL server column type that can accommodate all the values in 'OnModelCreating' using 'HasColumnType', specify precision and scale using 'HasPrecision', or configure a value converter using 'HasConversion'.
2026-05-13 16:47:36 | WRN | No store type was specified for the decimal property 'WagSubtotal' on entity type 'HRWage'. This will cause values to be silently truncated if they do not fit in the default precision and scale. Explicitly specify the SQL server column type that can accommodate all the values in 'OnModelCreating' using 'HasColumnType', specify precision and scale using 'HasPrecision', or configure a value converter using 'HasConversion'.
2026-05-13 16:47:41 | WRN | The query uses the 'First'/'FirstOrDefault' operator without 'OrderBy' and filter operators. This may lead to unpredictable results.
2026-05-13 16:47:42 | INF | ACTION_TRACE | Acc=admin | Path=/ | IP=::1 | Start=2026-05-13 16:47:35.723 | Elapsed=7161ms | Status=Completed
2026-05-13 16:47:42 | INF | NETWORK_UNSTABLE | Acc=admin | Path=/ | Reason=SlowRequest 7161ms
2026-05-13 16:47:43 | INF | ACTION_TRACE | Acc=admin | Path=/Captcha/Generate | IP=::1 | Start=2026-05-13 16:47:43.096 | Elapsed=35ms | Status=Completed
2026-05-13 16:47:43 | INF | ACTION_TRACE | Acc=admin | Path=/DNTCaptchaImage/Show | IP=::1 | Start=2026-05-13 16:47:43.156 | Elapsed=114ms | Status=Completed
2026-05-13 16:47:56 | INF | ACTION_TRACE | Acc=admin | Path=/Account/Login | IP=::1 | Start=2026-05-13 16:47:49.827 | Elapsed=7088ms | Status=Completed
2026-05-13 16:47:56 | INF | NETWORK_UNSTABLE | Acc=admin | Path=/Account/Login | Reason=SlowRequest 7088ms
2026-05-13 16:47:57 | INF | ACTION_TRACE | Acc=admin | Path=/Home/Index | IP=::1 | Start=2026-05-13 16:47:56.935 | Elapsed=312ms | Status=Completed
2026-05-13 16:48:01 | INF | ACTION_TRACE | Acc=admin | Path=/Home/GetMenu | IP=::1 | Start=2026-05-13 16:48:01.305 | Elapsed=51ms | Status=Completed
2026-05-13 16:48:05 | INF | CONTROLLER_EXEC | Acc= admin | IP=::1 | Path=SYS202005/SYS202005 | Message=GET /SYS202005/SYS202005
2026-05-13 16:48:05 | INF | ACTION_TRACE | Acc=admin | Path=/SYS202005/SYS202005 | IP=::1 | Start=2026-05-13 16:48:05.248 | Elapsed=71ms | Status=Completed
2026-05-13 16:48:05 | INF | CONTROLLER_EXEC | Acc= admin | IP=::1 | Path=SYS202005/GetList | Message=POST /SYS202005/GetList
2026-05-13 16:48:05 | INF | ACTION_TRACE | Acc=admin | Path=/SYS202005/GetList | IP=::1 | Start=2026-05-13 16:48:05.364 | Elapsed=103ms | Status=Completed
2026-05-13 16:48:05 | INF | CONTROLLER_EXEC | Acc= admin | IP=::1 | Path=SYS202005/GetList | Message=POST /SYS202005/GetList
2026-05-13 16:48:05 | INF | ACTION_TRACE | Acc=admin | Path=/SYS202005/GetList | IP=::1 | Start=2026-05-13 16:48:05.499 | Elapsed=12ms | Status=Completed
2026-05-13 16:48:09 | INF | CONTROLLER_EXEC | Acc= admin | IP=::1 | Path=SYS202005/GetList | Message=POST /SYS202005/GetList
2026-05-13 16:48:09 | INF | ACTION_TRACE | Acc=admin | Path=/SYS202005/GetList | IP=::1 | Start=2026-05-13 16:48:09.626 | Elapsed=20ms | Status=Completed
2026-05-13 16:48:09 | INF | ACTION_TRACE | Acc=admin | Path=/.well-known/appspecific/com.chrome.devtools.json | IP=::1 | Start=2026-05-13 16:48:09.685 | Elapsed=0ms | Status=Completed
2026-05-13 16:48:09 | INF | ACTION_TRACE | Acc=admin | Path=/lib/html-to-image/html-to-image.js.map | IP=::1 | Start=2026-05-13 16:48:09.731 | Elapsed=0ms | Status=Completed
2026-05-13 16:48:10 | INF | CONTROLLER_EXEC | Acc= admin | IP=::1 | Path=SYS202005/GetList | Message=POST /SYS202005/GetList
2026-05-13 16:48:10 | INF | ACTION_TRACE | Acc=admin | Path=/SYS202005/GetList | IP=::1 | Start=2026-05-13 16:48:10.132 | Elapsed=7ms | Status=Completed
2026-05-13 16:48:11 | INF | ACTION_TRACE | Acc=admin | Path=/Home/Index | IP=::1 | Start=2026-05-13 16:48:11.613 | Elapsed=26ms | Status=Completed
2026-05-13 16:48:11 | INF | ACTION_TRACE | Acc=admin | Path=/lib/html-to-image/html-to-image.js.map | IP=::1 | Start=2026-05-13 16:48:11.860 | Elapsed=0ms | Status=Completed
2026-05-13 16:48:14 | INF | ACTION_TRACE | Acc=admin | Path=/Home/GetMenu | IP=::1 | Start=2026-05-13 16:48:14.092 | Elapsed=20ms | Status=Completed
2026-05-13 16:48:16 | INF | ACTION_TRACE | Acc=admin | Path=/.well-known/appspecific/com.chrome.devtools.json | IP=::1 | Start=2026-05-13 16:48:16.293 | Elapsed=0ms | Status=Completed
2026-05-13 16:48:19 | INF | CONTROLLER_EXEC | Acc= admin | IP=::1 | Path=SYS202004/SYS202004 | Message=GET /SYS202004/SYS202004
2026-05-13 16:48:19 | INF | ACTION_TRACE | Acc=admin | Path=/SYS202004/SYS202004 | IP=::1 | Start=2026-05-13 16:48:19.424 | Elapsed=31ms | Status=Completed
2026-05-13 16:48:19 | INF | CONTROLLER_EXEC | Acc= admin | IP=::1 | Path=SYS202004/GetProfessData | Message=POST /SYS202004/GetProfessData
2026-05-13 16:48:19 | INF | ACTION_TRACE | Acc=admin | Path=/SYS202004/GetProfessData | IP=::1 | Start=2026-05-13 16:48:19.512 | Elapsed=73ms | Status=Completed
2026-05-13 16:48:19 | INF | CONTROLLER_EXEC | Acc= admin | IP=::1 | Path=SYS202004/GetProfessData | Message=POST /SYS202004/GetProfessData
2026-05-13 16:48:19 | INF | ACTION_TRACE | Acc=admin | Path=/SYS202004/GetProfessData | IP=::1 | Start=2026-05-13 16:48:19.627 | Elapsed=17ms | Status=Completed
2026-05-13 16:48:28 | INF | CONTROLLER_EXEC | Acc= admin | IP=::1 | Path=SYS202005/SYS202005 | Message=GET /SYS202005/SYS202005
2026-05-13 16:48:28 | INF | ACTION_TRACE | Acc=admin | Path=/SYS202005/SYS202005 | IP=::1 | Start=2026-05-13 16:48:28.373 | Elapsed=7ms | Status=Completed
2026-05-13 16:48:28 | INF | CONTROLLER_EXEC | Acc= admin | IP=::1 | Path=SYS202005/GetList | Message=POST /SYS202005/GetList
2026-05-13 16:48:28 | INF | ACTION_TRACE | Acc=admin | Path=/SYS202005/GetList | IP=::1 | Start=2026-05-13 16:48:28.429 | Elapsed=6ms | Status=Completed
2026-05-13 16:48:28 | INF | CONTROLLER_EXEC | Acc= admin | IP=::1 | Path=SYS202005/GetList | Message=POST /SYS202005/GetList
2026-05-13 16:48:28 | INF | ACTION_TRACE | Acc=admin | Path=/SYS202005/GetList | IP=::1 | Start=2026-05-13 16:48:28.464 | Elapsed=10ms | Status=Completed
2026-05-13 16:48:34 | INF | CONTROLLER_EXEC | Acc= admin | IP=::1 | Path=SYS202006/SYS202006 | Message=GET /SYS202006/SYS202006
2026-05-13 16:48:34 | INF | ACTION_TRACE | Acc=admin | Path=/SYS202006/SYS202006 | IP=::1 | Start=2026-05-13 16:48:34.279 | Elapsed=34ms | Status=Completed
2026-05-13 16:48:34 | INF | CONTROLLER_EXEC | Acc= admin | IP=::1 | Path=SYS202006/GetHolidayData | Message=POST /SYS202006/GetHolidayData
2026-05-13 16:48:34 | INF | ACTION_TRACE | Acc=admin | Path=/SYS202006/GetHolidayData | IP=::1 | Start=2026-05-13 16:48:34.397 | Elapsed=55ms | Status=Completed
2026-05-13 16:48:34 | INF | CONTROLLER_EXEC | Acc= admin | IP=::1 | Path=SYS202006/GetHolidayData | Message=POST /SYS202006/GetHolidayData
2026-05-13 16:48:34 | INF | ACTION_TRACE | Acc=admin | Path=/SYS202006/GetHolidayData | IP=::1 | Start=2026-05-13 16:48:34.482 | Elapsed=5ms | Status=Completed
2026-05-13 16:48:44 | INF | CONTROLLER_EXEC | Acc= admin | IP=::1 | Path=SYS202100/SYS202100 | Message=GET /SYS202100/SYS202100
2026-05-13 16:48:44 | INF | ACTION_TRACE | Acc=admin | Path=/SYS202100/SYS202100 | IP=::1 | Start=2026-05-13 16:48:43.992 | Elapsed=75ms | Status=Completed
2026-05-13 16:48:44 | INF | CONTROLLER_EXEC | Acc= admin | IP=::1 | Path=SYS202100/GetList | Message=POST /SYS202100/GetList
2026-05-13 16:48:44 | INF | ACTION_TRACE | Acc=admin | Path=/SYS202100/GetList | IP=::1 | Start=2026-05-13 16:48:44.134 | Elapsed=54ms | Status=Completed
2026-05-13 16:48:44 | INF | CONTROLLER_EXEC | Acc= admin | IP=::1 | Path=SYS202100/GetList | Message=POST /SYS202100/GetList
2026-05-13 16:48:44 | INF | ACTION_TRACE | Acc=admin | Path=/SYS202100/GetList | IP=::1 | Start=2026-05-13 16:48:44.220 | Elapsed=14ms | Status=Completed
2026-05-13 16:49:31 | INF | ACTION_TRACE | Acc=admin | Path=/Home/Index | IP=::1 | Start=2026-05-13 16:49:31.503 | Elapsed=21ms | Status=Completed
2026-05-13 16:49:31 | INF | ACTION_TRACE | Acc=admin | Path=/.well-known/appspecific/com.chrome.devtools.json | IP=::1 | Start=2026-05-13 16:49:31.656 | Elapsed=0ms | Status=Completed
2026-05-13 16:49:31 | INF | ACTION_TRACE | Acc=admin | Path=/lib/html-to-image/html-to-image.js.map | IP=::1 | Start=2026-05-13 16:49:31.780 | Elapsed=0ms | Status=Completed
2026-05-13 16:49:33 | INF | ACTION_TRACE | Acc=admin | Path=/Home/GetMenu | IP=::1 | Start=2026-05-13 16:49:33.893 | Elapsed=9ms | Status=Completed
2026-05-13 16:49:37 | INF | CONTROLLER_EXEC | Acc= admin | IP=::1 | Path=SYS202100/SYS202100 | Message=GET /SYS202100/SYS202100
2026-05-13 16:49:37 | INF | ACTION_TRACE | Acc=admin | Path=/SYS202100/SYS202100 | IP=::1 | Start=2026-05-13 16:49:37.310 | Elapsed=11ms | Status=Completed
2026-05-13 16:49:37 | INF | CONTROLLER_EXEC | Acc= admin | IP=::1 | Path=SYS202100/GetList | Message=POST /SYS202100/GetList
2026-05-13 16:49:37 | INF | ACTION_TRACE | Acc=admin | Path=/SYS202100/GetList | IP=::1 | Start=2026-05-13 16:49:37.380 | Elapsed=6ms | Status=Completed
2026-05-13 16:49:37 | INF | CONTROLLER_EXEC | Acc= admin | IP=::1 | Path=SYS202100/GetList | Message=POST /SYS202100/GetList
2026-05-13 16:49:37 | INF | ACTION_TRACE | Acc=admin | Path=/SYS202100/GetList | IP=::1 | Start=2026-05-13 16:49:37.422 | Elapsed=12ms | Status=Completed
2026-05-13 16:49:59 | INF | CONTROLLER_EXEC | Acc= admin | IP=::1 | Path=SYS202100/GetByVariable | Message=GET /SYS202100/GetByVariable
2026-05-13 16:49:59 | INF | ACTION_TRACE | Acc=admin | Path=/SYS202100/GetByVariable | IP=::1 | Start=2026-05-13 16:49:59.099 | Elapsed=83ms | Status=Completed
2026-05-13 16:50:06 | ERR | An exception occurred in the database while saving changes for context type 'EHRIS.Core.DbContext.ApplicationDbContext'.
Microsoft.EntityFrameworkCore.DbUpdateException: An error occurred while saving the entity changes. See the inner exception for details.
 ---> Microsoft.Data.SqlClient.SqlException (0x80131904): 無法插入 NULL 值到資料行 'arg_createname'，資料表 'EHRIS.dbo.arguments'; 資料行不得有 Null。UPDATE 失敗。
   at Microsoft.Data.SqlClient.SqlConnection.OnError(SqlException exception, Boolean breakConnection, Action`1 wrapCloseInAction)
   at Microsoft.Data.SqlClient.SqlInternalConnection.OnError(SqlException exception, Boolean breakConnection, Action`1 wrapCloseInAction)
   at Microsoft.Data.SqlClient.TdsParser.ThrowExceptionAndWarning(TdsParserStateObject stateObj, SqlCommand command, Boolean callerHasConnectionLock, Boolean asyncClose)
   at Microsoft.Data.SqlClient.TdsParser.TryRun(RunBehavior runBehavior, SqlCommand cmdHandler, SqlDataReader dataStream, BulkCopySimpleResultSet bulkCopyHandler, TdsParserStateObject stateObj, Boolean& dataReady)
   at Microsoft.Data.SqlClient.SqlDataReader.TryHasMoreRows(Boolean& moreRows)
   at Microsoft.Data.SqlClient.SqlDataReader.TryReadInternal(Boolean setTimeout, Boolean& more)
   at Microsoft.Data.SqlClient.SqlDataReader.ReadAsyncExecute(Task task, Object state)
   at Microsoft.Data.SqlClient.SqlDataReader.InvokeAsyncCall[T](SqlDataReaderBaseAsyncCallContext`1 context)
--- End of stack trace from previous location ---
   at Microsoft.EntityFrameworkCore.Update.AffectedCountModificationCommandBatch.ConsumeResultSetWithRowsAffectedOnlyAsync(Int32 commandIndex, RelationalDataReader reader, CancellationToken cancellationToken)
   at Microsoft.EntityFrameworkCore.Update.AffectedCountModificationCommandBatch.ConsumeAsync(RelationalDataReader reader, CancellationToken cancellationToken)
ClientConnectionId:0fc91fb0-5c21-4b3c-bd68-280ecac15466
Error Number:515,State:2,Class:16
   --- End of inner exception stack trace ---
   at Microsoft.EntityFrameworkCore.Update.AffectedCountModificationCommandBatch.ConsumeAsync(RelationalDataReader reader, CancellationToken cancellationToken)
   at Microsoft.EntityFrameworkCore.Update.ReaderModificationCommandBatch.ExecuteAsync(IRelationalConnection connection, CancellationToken cancellationToken)
   at Microsoft.EntityFrameworkCore.Update.ReaderModificationCommandBatch.ExecuteAsync(IRelationalConnection connection, CancellationToken cancellationToken)
   at Microsoft.EntityFrameworkCore.SqlServer.Update.Internal.SqlServerModificationCommandBatch.ExecuteAsync(IRelationalConnection connection, CancellationToken cancellationToken)
   at Microsoft.EntityFrameworkCore.Update.Internal.BatchExecutor.ExecuteAsync(IEnumerable`1 commandBatches, IRelationalConnection connection, CancellationToken cancellationToken)
   at Microsoft.EntityFrameworkCore.Update.Internal.BatchExecutor.ExecuteAsync(IEnumerable`1 commandBatches, IRelationalConnection connection, CancellationToken cancellationToken)
   at Microsoft.EntityFrameworkCore.Update.Internal.BatchExecutor.ExecuteAsync(IEnumerable`1 commandBatches, IRelationalConnection connection, CancellationToken cancellationToken)
   at Microsoft.EntityFrameworkCore.Storage.RelationalDatabase.SaveChangesAsync(IList`1 entries, CancellationToken cancellationToken)
   at Microsoft.EntityFrameworkCore.ChangeTracking.Internal.StateManager.SaveChangesAsync(IList`1 entriesToSave, CancellationToken cancellationToken)
   at Microsoft.EntityFrameworkCore.ChangeTracking.Internal.StateManager.SaveChangesAsync(StateManager stateManager, Boolean acceptAllChangesOnSuccess, CancellationToken cancellationToken)
   at Microsoft.EntityFrameworkCore.Storage.ExecutionStrategy.<>c__DisplayClass30_0`2.<<ExecuteAsync>b__0>d.MoveNext()
--- End of stack trace from previous location ---
   at Microsoft.EntityFrameworkCore.Storage.ExecutionStrategy.ExecuteImplementationAsync[TState,TResult](Func`4 operation, Func`4 verifySucceeded, TState state, CancellationToken cancellationToken)
   at Microsoft.EntityFrameworkCore.Storage.ExecutionStrategy.ExecuteImplementationAsync[TState,TResult](Func`4 operation, Func`4 verifySucceeded, TState state, CancellationToken cancellationToken)
   at Microsoft.EntityFrameworkCore.Storage.ExecutionStrategy.ExecuteAsync[TState,TResult](TState state, Func`4 operation, Func`4 verifySucceeded, CancellationToken cancellationToken)
   at Microsoft.EntityFrameworkCore.DbContext.SaveChangesAsync(Boolean acceptAllChangesOnSuccess, CancellationToken cancellationToken)
2026-05-13 16:50:06 | INF | CONTROLLER_EXEC | Acc= admin | IP=::1 | Path=SYS202100/Update | Message=POST /SYS202100/Update
2026-05-13 16:50:06 | INF | ACTION_TRACE | Acc=admin | Path=/SYS202100/Update | IP=::1 | Start=2026-05-13 16:50:05.087 | Elapsed=1144ms | Status=Completed
2026-05-13 16:50:12 | ERR | An exception occurred in the database while saving changes for context type 'EHRIS.Core.DbContext.ApplicationDbContext'.
Microsoft.EntityFrameworkCore.DbUpdateException: An error occurred while saving the entity changes. See the inner exception for details.
 ---> Microsoft.Data.SqlClient.SqlException (0x80131904): 無法插入 NULL 值到資料行 'arg_createname'，資料表 'EHRIS.dbo.arguments'; 資料行不得有 Null。UPDATE 失敗。
   at Microsoft.Data.SqlClient.SqlConnection.OnError(SqlException exception, Boolean breakConnection, Action`1 wrapCloseInAction)
   at Microsoft.Data.SqlClient.SqlInternalConnection.OnError(SqlException exception, Boolean breakConnection, Action`1 wrapCloseInAction)
   at Microsoft.Data.SqlClient.TdsParser.ThrowExceptionAndWarning(TdsParserStateObject stateObj, SqlCommand command, Boolean callerHasConnectionLock, Boolean asyncClose)
   at Microsoft.Data.SqlClient.TdsParser.TryRun(RunBehavior runBehavior, SqlCommand cmdHandler, SqlDataReader dataStream, BulkCopySimpleResultSet bulkCopyHandler, TdsParserStateObject stateObj, Boolean& dataReady)
   at Microsoft.Data.SqlClient.SqlDataReader.TryHasMoreRows(Boolean& moreRows)
   at Microsoft.Data.SqlClient.SqlDataReader.TryReadInternal(Boolean setTimeout, Boolean& more)
   at Microsoft.Data.SqlClient.SqlDataReader.ReadAsyncExecute(Task task, Object state)
   at Microsoft.Data.SqlClient.SqlDataReader.InvokeAsyncCall[T](SqlDataReaderBaseAsyncCallContext`1 context)
--- End of stack trace from previous location ---
   at Microsoft.EntityFrameworkCore.Update.AffectedCountModificationCommandBatch.ConsumeResultSetWithRowsAffectedOnlyAsync(Int32 commandIndex, RelationalDataReader reader, CancellationToken cancellationToken)
   at Microsoft.EntityFrameworkCore.Update.AffectedCountModificationCommandBatch.ConsumeAsync(RelationalDataReader reader, CancellationToken cancellationToken)
ClientConnectionId:0fc91fb0-5c21-4b3c-bd68-280ecac15466
Error Number:515,State:2,Class:16
   --- End of inner exception stack trace ---
   at Microsoft.EntityFrameworkCore.Update.AffectedCountModificationCommandBatch.ConsumeAsync(RelationalDataReader reader, CancellationToken cancellationToken)
   at Microsoft.EntityFrameworkCore.Update.ReaderModificationCommandBatch.ExecuteAsync(IRelationalConnection connection, CancellationToken cancellationToken)
   at Microsoft.EntityFrameworkCore.Update.ReaderModificationCommandBatch.ExecuteAsync(IRelationalConnection connection, CancellationToken cancellationToken)
   at Microsoft.EntityFrameworkCore.SqlServer.Update.Internal.SqlServerModificationCommandBatch.ExecuteAsync(IRelationalConnection connection, CancellationToken cancellationToken)
   at Microsoft.EntityFrameworkCore.Update.Internal.BatchExecutor.ExecuteAsync(IEnumerable`1 commandBatches, IRelationalConnection connection, CancellationToken cancellationToken)
   at Microsoft.EntityFrameworkCore.Update.Internal.BatchExecutor.ExecuteAsync(IEnumerable`1 commandBatches, IRelationalConnection connection, CancellationToken cancellationToken)
   at Microsoft.EntityFrameworkCore.Update.Internal.BatchExecutor.ExecuteAsync(IEnumerable`1 commandBatches, IRelationalConnection connection, CancellationToken cancellationToken)
   at Microsoft.EntityFrameworkCore.Storage.RelationalDatabase.SaveChangesAsync(IList`1 entries, CancellationToken cancellationToken)
   at Microsoft.EntityFrameworkCore.ChangeTracking.Internal.StateManager.SaveChangesAsync(IList`1 entriesToSave, CancellationToken cancellationToken)
   at Microsoft.EntityFrameworkCore.ChangeTracking.Internal.StateManager.SaveChangesAsync(StateManager stateManager, Boolean acceptAllChangesOnSuccess, CancellationToken cancellationToken)
   at Microsoft.EntityFrameworkCore.Storage.ExecutionStrategy.<>c__DisplayClass30_0`2.<<ExecuteAsync>b__0>d.MoveNext()
--- End of stack trace from previous location ---
   at Microsoft.EntityFrameworkCore.Storage.ExecutionStrategy.ExecuteImplementationAsync[TState,TResult](Func`4 operation, Func`4 verifySucceeded, TState state, CancellationToken cancellationToken)
   at Microsoft.EntityFrameworkCore.Storage.ExecutionStrategy.ExecuteImplementationAsync[TState,TResult](Func`4 operation, Func`4 verifySucceeded, TState state, CancellationToken cancellationToken)
   at Microsoft.EntityFrameworkCore.Storage.ExecutionStrategy.ExecuteAsync[TState,TResult](TState state, Func`4 operation, Func`4 verifySucceeded, CancellationToken cancellationToken)
   at Microsoft.EntityFrameworkCore.DbContext.SaveChangesAsync(Boolean acceptAllChangesOnSuccess, CancellationToken cancellationToken)
2026-05-13 16:50:12 | INF | CONTROLLER_EXEC | Acc= admin | IP=::1 | Path=SYS202100/Update | Message=POST /SYS202100/Update
2026-05-13 16:50:12 | INF | ACTION_TRACE | Acc=admin | Path=/SYS202100/Update | IP=::1 | Start=2026-05-13 16:50:12.333 | Elapsed=168ms | Status=Completed
2026-05-13 16:50:25 | INF | CONTROLLER_EXEC | Acc= admin | IP=::1 | Path=SYS202100/GetList | Message=POST /SYS202100/GetList
2026-05-13 16:50:25 | INF | ACTION_TRACE | Acc=admin | Path=/SYS202100/GetList | IP=::1 | Start=2026-05-13 16:50:25.148 | Elapsed=50ms | Status=Completed
2026-05-13 16:50:25 | INF | CONTROLLER_EXEC | Acc= admin | IP=::1 | Path=SYS202100/GetList | Message=POST /SYS202100/GetList
2026-05-13 16:50:25 | INF | ACTION_TRACE | Acc=admin | Path=/SYS202100/GetList | IP=::1 | Start=2026-05-13 16:50:25.648 | Elapsed=45ms | Status=Completed
2026-05-13 16:50:26 | INF | CONTROLLER_EXEC | Acc= admin | IP=::1 | Path=SYS202100/GetList | Message=POST /SYS202100/GetList
2026-05-13 16:50:26 | INF | ACTION_TRACE | Acc=admin | Path=/SYS202100/GetList | IP=::1 | Start=2026-05-13 16:50:26.663 | Elapsed=5ms | Status=Completed
2026-05-13 16:50:26 | INF | ACTION_TRACE | Acc=admin | Path=/.well-known/appspecific/com.chrome.devtools.json | IP=::1 | Start=2026-05-13 16:50:26.825 | Elapsed=0ms | Status=Completed
2026-05-13 16:50:26 | INF | ACTION_TRACE | Acc=admin | Path=/lib/html-to-image/html-to-image.js.map | IP=::1 | Start=2026-05-13 16:50:26.866 | Elapsed=0ms | Status=Completed
2026-05-13 16:50:29 | INF | CONTROLLER_EXEC | Acc= admin | IP=::1 | Path=SYS202100/GetList | Message=POST /SYS202100/GetList
2026-05-13 16:50:29 | INF | ACTION_TRACE | Acc=admin | Path=/SYS202100/GetList | IP=::1 | Start=2026-05-13 16:50:25.144 | Elapsed=4610ms | Status=Completed
2026-05-13 16:50:29 | INF | NETWORK_UNSTABLE | Acc=admin | Path=/SYS202100/GetList | Reason=SlowRequest 4610ms
2026-05-13 16:50:32 | INF | CONTROLLER_EXEC | Acc= admin | IP=::1 | Path=SYS202100/GetByVariable | Message=GET /SYS202100/GetByVariable
2026-05-13 16:50:32 | INF | ACTION_TRACE | Acc=admin | Path=/SYS202100/GetByVariable | IP=::1 | Start=2026-05-13 16:50:32.151 | Elapsed=8ms | Status=Completed
2026-05-13 16:50:35 | ERR | An exception occurred in the database while saving changes for context type 'EHRIS.Core.DbContext.ApplicationDbContext'.
Microsoft.EntityFrameworkCore.DbUpdateException: An error occurred while saving the entity changes. See the inner exception for details.
 ---> Microsoft.Data.SqlClient.SqlException (0x80131904): 無法插入 NULL 值到資料行 'arg_createname'，資料表 'EHRIS.dbo.arguments'; 資料行不得有 Null。UPDATE 失敗。
   at Microsoft.Data.SqlClient.SqlConnection.OnError(SqlException exception, Boolean breakConnection, Action`1 wrapCloseInAction)
   at Microsoft.Data.SqlClient.SqlInternalConnection.OnError(SqlException exception, Boolean breakConnection, Action`1 wrapCloseInAction)
   at Microsoft.Data.SqlClient.TdsParser.ThrowExceptionAndWarning(TdsParserStateObject stateObj, SqlCommand command, Boolean callerHasConnectionLock, Boolean asyncClose)
   at Microsoft.Data.SqlClient.TdsParser.TryRun(RunBehavior runBehavior, SqlCommand cmdHandler, SqlDataReader dataStream, BulkCopySimpleResultSet bulkCopyHandler, TdsParserStateObject stateObj, Boolean& dataReady)
   at Microsoft.Data.SqlClient.SqlDataReader.TryHasMoreRows(Boolean& moreRows)
   at Microsoft.Data.SqlClient.SqlDataReader.TryReadInternal(Boolean setTimeout, Boolean& more)
   at Microsoft.Data.SqlClient.SqlDataReader.ReadAsyncExecute(Task task, Object state)
   at Microsoft.Data.SqlClient.SqlDataReader.InvokeAsyncCall[T](SqlDataReaderBaseAsyncCallContext`1 context)
--- End of stack trace from previous location ---
   at Microsoft.EntityFrameworkCore.Update.AffectedCountModificationCommandBatch.ConsumeResultSetWithRowsAffectedOnlyAsync(Int32 commandIndex, RelationalDataReader reader, CancellationToken cancellationToken)
   at Microsoft.EntityFrameworkCore.Update.AffectedCountModificationCommandBatch.ConsumeAsync(RelationalDataReader reader, CancellationToken cancellationToken)
ClientConnectionId:63a97132-ce65-4c5d-b180-9d97f3594e1c
Error Number:515,State:2,Class:16
   --- End of inner exception stack trace ---
   at Microsoft.EntityFrameworkCore.Update.AffectedCountModificationCommandBatch.ConsumeAsync(RelationalDataReader reader, CancellationToken cancellationToken)
   at Microsoft.EntityFrameworkCore.Update.ReaderModificationCommandBatch.ExecuteAsync(IRelationalConnection connection, CancellationToken cancellationToken)
   at Microsoft.EntityFrameworkCore.Update.ReaderModificationCommandBatch.ExecuteAsync(IRelationalConnection connection, CancellationToken cancellationToken)
   at Microsoft.EntityFrameworkCore.SqlServer.Update.Internal.SqlServerModificationCommandBatch.ExecuteAsync(IRelationalConnection connection, CancellationToken cancellationToken)
   at Microsoft.EntityFrameworkCore.Update.Internal.BatchExecutor.ExecuteAsync(IEnumerable`1 commandBatches, IRelationalConnection connection, CancellationToken cancellationToken)
   at Microsoft.EntityFrameworkCore.Update.Internal.BatchExecutor.ExecuteAsync(IEnumerable`1 commandBatches, IRelationalConnection connection, CancellationToken cancellationToken)
   at Microsoft.EntityFrameworkCore.Update.Internal.BatchExecutor.ExecuteAsync(IEnumerable`1 commandBatches, IRelationalConnection connection, CancellationToken cancellationToken)
   at Microsoft.EntityFrameworkCore.Storage.RelationalDatabase.SaveChangesAsync(IList`1 entries, CancellationToken cancellationToken)
   at Microsoft.EntityFrameworkCore.ChangeTracking.Internal.StateManager.SaveChangesAsync(IList`1 entriesToSave, CancellationToken cancellationToken)
   at Microsoft.EntityFrameworkCore.ChangeTracking.Internal.StateManager.SaveChangesAsync(StateManager stateManager, Boolean acceptAllChangesOnSuccess, CancellationToken cancellationToken)
   at Microsoft.EntityFrameworkCore.Storage.ExecutionStrategy.<>c__DisplayClass30_0`2.<<ExecuteAsync>b__0>d.MoveNext()
--- End of stack trace from previous location ---
   at Microsoft.EntityFrameworkCore.Storage.ExecutionStrategy.ExecuteImplementationAsync[TState,TResult](Func`4 operation, Func`4 verifySucceeded, TState state, CancellationToken cancellationToken)
   at Microsoft.EntityFrameworkCore.Storage.ExecutionStrategy.ExecuteImplementationAsync[TState,TResult](Func`4 operation, Func`4 verifySucceeded, TState state, CancellationToken cancellationToken)
   at Microsoft.EntityFrameworkCore.Storage.ExecutionStrategy.ExecuteAsync[TState,TResult](TState state, Func`4 operation, Func`4 verifySucceeded, CancellationToken cancellationToken)
   at Microsoft.EntityFrameworkCore.DbContext.SaveChangesAsync(Boolean acceptAllChangesOnSuccess, CancellationToken cancellationToken)
2026-05-13 16:50:36 | INF | CONTROLLER_EXEC | Acc= admin | IP=::1 | Path=SYS202100/Update | Message=POST /SYS202100/Update
2026-05-13 16:50:36 | INF | ACTION_TRACE | Acc=admin | Path=/SYS202100/Update | IP=::1 | Start=2026-05-13 16:50:35.939 | Elapsed=195ms | Status=Completed
2026-05-13 16:50:42 | INF | CONTROLLER_EXEC | Acc= admin | IP=::1 | Path=SYS202100/GetList | Message=POST /SYS202100/GetList
2026-05-13 16:50:42 | INF | ACTION_TRACE | Acc=admin | Path=/SYS202100/GetList | IP=::1 | Start=2026-05-13 16:50:42.495 | Elapsed=7ms | Status=Completed
2026-05-13 16:50:42 | INF | CONTROLLER_EXEC | Acc= admin | IP=::1 | Path=SYS202100/GetList | Message=POST /SYS202100/GetList
2026-05-13 16:50:42 | INF | ACTION_TRACE | Acc=admin | Path=/SYS202100/GetList | IP=::1 | Start=2026-05-13 16:50:42.498 | Elapsed=10ms | Status=Completed
2026-05-13 16:50:44 | INF | CONTROLLER_EXEC | Acc= admin | IP=::1 | Path=SYS202100/GetByVariable | Message=GET /SYS202100/GetByVariable
2026-05-13 16:50:44 | INF | ACTION_TRACE | Acc=admin | Path=/SYS202100/GetByVariable | IP=::1 | Start=2026-05-13 16:50:44.758 | Elapsed=8ms | Status=Completed
2026-05-13 16:50:46 | ERR | An exception occurred in the database while saving changes for context type 'EHRIS.Core.DbContext.ApplicationDbContext'.
Microsoft.EntityFrameworkCore.DbUpdateException: An error occurred while saving the entity changes. See the inner exception for details.
 ---> Microsoft.Data.SqlClient.SqlException (0x80131904): 無法插入 NULL 值到資料行 'arg_createname'，資料表 'EHRIS.dbo.arguments'; 資料行不得有 Null。UPDATE 失敗。
   at Microsoft.Data.SqlClient.SqlConnection.OnError(SqlException exception, Boolean breakConnection, Action`1 wrapCloseInAction)
   at Microsoft.Data.SqlClient.SqlInternalConnection.OnError(SqlException exception, Boolean breakConnection, Action`1 wrapCloseInAction)
   at Microsoft.Data.SqlClient.TdsParser.ThrowExceptionAndWarning(TdsParserStateObject stateObj, SqlCommand command, Boolean callerHasConnectionLock, Boolean asyncClose)
   at Microsoft.Data.SqlClient.TdsParser.TryRun(RunBehavior runBehavior, SqlCommand cmdHandler, SqlDataReader dataStream, BulkCopySimpleResultSet bulkCopyHandler, TdsParserStateObject stateObj, Boolean& dataReady)
   at Microsoft.Data.SqlClient.SqlDataReader.TryHasMoreRows(Boolean& moreRows)
   at Microsoft.Data.SqlClient.SqlDataReader.TryReadInternal(Boolean setTimeout, Boolean& more)
   at Microsoft.Data.SqlClient.SqlDataReader.ReadAsyncExecute(Task task, Object state)
   at Microsoft.Data.SqlClient.SqlDataReader.InvokeAsyncCall[T](SqlDataReaderBaseAsyncCallContext`1 context)
--- End of stack trace from previous location ---
   at Microsoft.EntityFrameworkCore.Update.AffectedCountModificationCommandBatch.ConsumeResultSetWithRowsAffectedOnlyAsync(Int32 commandIndex, RelationalDataReader reader, CancellationToken cancellationToken)
   at Microsoft.EntityFrameworkCore.Update.AffectedCountModificationCommandBatch.ConsumeAsync(RelationalDataReader reader, CancellationToken cancellationToken)
ClientConnectionId:63a97132-ce65-4c5d-b180-9d97f3594e1c
Error Number:515,State:2,Class:16
   --- End of inner exception stack trace ---
   at Microsoft.EntityFrameworkCore.Update.AffectedCountModificationCommandBatch.ConsumeAsync(RelationalDataReader reader, CancellationToken cancellationToken)
   at Microsoft.EntityFrameworkCore.Update.ReaderModificationCommandBatch.ExecuteAsync(IRelationalConnection connection, CancellationToken cancellationToken)
   at Microsoft.EntityFrameworkCore.Update.ReaderModificationCommandBatch.ExecuteAsync(IRelationalConnection connection, CancellationToken cancellationToken)
   at Microsoft.EntityFrameworkCore.SqlServer.Update.Internal.SqlServerModificationCommandBatch.ExecuteAsync(IRelationalConnection connection, CancellationToken cancellationToken)
   at Microsoft.EntityFrameworkCore.Update.Internal.BatchExecutor.ExecuteAsync(IEnumerable`1 commandBatches, IRelationalConnection connection, CancellationToken cancellationToken)
   at Microsoft.EntityFrameworkCore.Update.Internal.BatchExecutor.ExecuteAsync(IEnumerable`1 commandBatches, IRelationalConnection connection, CancellationToken cancellationToken)
   at Microsoft.EntityFrameworkCore.Update.Internal.BatchExecutor.ExecuteAsync(IEnumerable`1 commandBatches, IRelationalConnection connection, CancellationToken cancellationToken)
   at Microsoft.EntityFrameworkCore.Storage.RelationalDatabase.SaveChangesAsync(IList`1 entries, CancellationToken cancellationToken)
   at Microsoft.EntityFrameworkCore.ChangeTracking.Internal.StateManager.SaveChangesAsync(IList`1 entriesToSave, CancellationToken cancellationToken)
   at Microsoft.EntityFrameworkCore.ChangeTracking.Internal.StateManager.SaveChangesAsync(StateManager stateManager, Boolean acceptAllChangesOnSuccess, CancellationToken cancellationToken)
   at Microsoft.EntityFrameworkCore.Storage.ExecutionStrategy.<>c__DisplayClass30_0`2.<<ExecuteAsync>b__0>d.MoveNext()
--- End of stack trace from previous location ---
   at Microsoft.EntityFrameworkCore.Storage.ExecutionStrategy.ExecuteImplementationAsync[TState,TResult](Func`4 operation, Func`4 verifySucceeded, TState state, CancellationToken cancellationToken)
   at Microsoft.EntityFrameworkCore.Storage.ExecutionStrategy.ExecuteImplementationAsync[TState,TResult](Func`4 operation, Func`4 verifySucceeded, TState state, CancellationToken cancellationToken)
   at Microsoft.EntityFrameworkCore.Storage.ExecutionStrategy.ExecuteAsync[TState,TResult](TState state, Func`4 operation, Func`4 verifySucceeded, CancellationToken cancellationToken)
   at Microsoft.EntityFrameworkCore.DbContext.SaveChangesAsync(Boolean acceptAllChangesOnSuccess, CancellationToken cancellationToken)
2026-05-13 16:50:46 | INF | CONTROLLER_EXEC | Acc= admin | IP=::1 | Path=SYS202100/Update | Message=POST /SYS202100/Update
2026-05-13 16:50:46 | INF | ACTION_TRACE | Acc=admin | Path=/SYS202100/Update | IP=::1 | Start=2026-05-13 16:50:46.086 | Elapsed=227ms | Status=Completed
2026-05-13 16:50:53 | INF | CONTROLLER_EXEC | Acc= admin | IP=::1 | Path=SYS202100/GetList | Message=POST /SYS202100/GetList
2026-05-13 16:50:53 | INF | ACTION_TRACE | Acc=admin | Path=/SYS202100/GetList | IP=::1 | Start=2026-05-13 16:50:53.416 | Elapsed=21ms | Status=Completed
2026-05-13 16:50:53 | INF | CONTROLLER_EXEC | Acc= admin | IP=::1 | Path=SYS202100/GetList | Message=POST /SYS202100/GetList
2026-05-13 16:50:53 | INF | ACTION_TRACE | Acc=admin | Path=/SYS202100/GetList | IP=::1 | Start=2026-05-13 16:50:53.483 | Elapsed=10ms | Status=Completed
2026-05-13 16:50:54 | INF | CONTROLLER_EXEC | Acc= admin | IP=::1 | Path=SYS202100/GetList | Message=POST /SYS202100/GetList
2026-05-13 16:50:54 | INF | ACTION_TRACE | Acc=admin | Path=/SYS202100/GetList | IP=::1 | Start=2026-05-13 16:50:54.703 | Elapsed=10ms | Status=Completed
2026-05-13 16:53:36 | WRN | No store type was specified for the decimal property 'OveMoney' on entity type 'HROvertime'. This will cause values to be silently truncated if they do not fit in the default precision and scale. Explicitly specify the SQL server column type that can accommodate all the values in 'OnModelCreating' using 'HasColumnType', specify precision and scale using 'HasPrecision', or configure a value converter using 'HasConversion'.
2026-05-13 16:53:36 | WRN | No store type was specified for the decimal property 'Wag1D1Hour' on entity type 'HRWage'. This will cause values to be silently truncated if they do not fit in the default precision and scale. Explicitly specify the SQL server column type that can accommodate all the values in 'OnModelCreating' using 'HasColumnType', specify precision and scale using 'HasPrecision', or configure a value converter using 'HasConversion'.
2026-05-13 16:53:36 | WRN | No store type was specified for the decimal property 'Wag2D1Hour' on entity type 'HRWage'. This will cause values to be silently truncated if they do not fit in the default precision and scale. Explicitly specify the SQL server column type that can accommodate all the values in 'OnModelCreating' using 'HasColumnType', specify precision and scale using 'HasPrecision', or configure a value converter using 'HasConversion'.
2026-05-13 16:53:36 | WRN | No store type was specified for the decimal property 'Wag4D3Hour' on entity type 'HRWage'. This will cause values to be silently truncated if they do not fit in the default precision and scale. Explicitly specify the SQL server column type that can accommodate all the values in 'OnModelCreating' using 'HasColumnType', specify precision and scale using 'HasPrecision', or configure a value converter using 'HasConversion'.
2026-05-13 16:53:36 | WRN | No store type was specified for the decimal property 'Wag5D3Hour' on entity type 'HRWage'. This will cause values to be silently truncated if they do not fit in the default precision and scale. Explicitly specify the SQL server column type that can accommodate all the values in 'OnModelCreating' using 'HasColumnType', specify precision and scale using 'HasPrecision', or configure a value converter using 'HasConversion'.
2026-05-13 16:53:36 | WRN | No store type was specified for the decimal property 'Wag8D3Hour' on entity type 'HRWage'. This will cause values to be silently truncated if they do not fit in the default precision and scale. Explicitly specify the SQL server column type that can accommodate all the values in 'OnModelCreating' using 'HasColumnType', specify precision and scale using 'HasPrecision', or configure a value converter using 'HasConversion'.
2026-05-13 16:53:36 | WRN | No store type was specified for the decimal property 'WagApplyHour' on entity type 'HRWage'. This will cause values to be silently truncated if they do not fit in the default precision and scale. Explicitly specify the SQL server column type that can accommodate all the values in 'OnModelCreating' using 'HasColumnType', specify precision and scale using 'HasPrecision', or configure a value converter using 'HasConversion'.
2026-05-13 16:53:36 | WRN | No store type was specified for the decimal property 'WagIssueHour' on entity type 'HRWage'. This will cause values to be silently truncated if they do not fit in the default precision and scale. Explicitly specify the SQL server column type that can accommodate all the values in 'OnModelCreating' using 'HasColumnType', specify precision and scale using 'HasPrecision', or configure a value converter using 'HasConversion'.
2026-05-13 16:53:36 | WRN | No store type was specified for the decimal property 'WagSubtotal' on entity type 'HRWage'. This will cause values to be silently truncated if they do not fit in the default precision and scale. Explicitly specify the SQL server column type that can accommodate all the values in 'OnModelCreating' using 'HasColumnType', specify precision and scale using 'HasPrecision', or configure a value converter using 'HasConversion'.
2026-05-13 16:53:41 | WRN | The query uses the 'First'/'FirstOrDefault' operator without 'OrderBy' and filter operators. This may lead to unpredictable results.
2026-05-13 16:53:42 | INF | ACTION_TRACE | Acc=admin | Path=/ | IP=::1 | Start=2026-05-13 16:53:35.187 | Elapsed=7059ms | Status=Completed
2026-05-13 16:53:42 | INF | NETWORK_UNSTABLE | Acc=admin | Path=/ | Reason=SlowRequest 7059ms
2026-05-13 16:53:42 | INF | ACTION_TRACE | Acc=admin | Path=/Captcha/Generate | IP=::1 | Start=2026-05-13 16:53:42.460 | Elapsed=106ms | Status=Completed
2026-05-13 16:53:42 | INF | ACTION_TRACE | Acc=admin | Path=/DNTCaptchaImage/Show | IP=::1 | Start=2026-05-13 16:53:42.730 | Elapsed=99ms | Status=Completed
2026-05-13 16:53:55 | INF | ACTION_TRACE | Acc=admin | Path=/Account/Login | IP=::1 | Start=2026-05-13 16:53:48.479 | Elapsed=7219ms | Status=Completed
2026-05-13 16:53:55 | INF | NETWORK_UNSTABLE | Acc=admin | Path=/Account/Login | Reason=SlowRequest 7219ms
2026-05-13 16:53:55 | INF | ACTION_TRACE | Acc=admin | Path=/Home/Index | IP=::1 | Start=2026-05-13 16:53:55.715 | Elapsed=235ms | Status=Completed
2026-05-13 16:53:59 | INF | ACTION_TRACE | Acc=admin | Path=/Home/GetMenu | IP=::1 | Start=2026-05-13 16:53:59.528 | Elapsed=17ms | Status=Completed
2026-05-13 16:54:02 | INF | CONTROLLER_EXEC | Acc= admin | IP=::1 | Path=SYS202100/SYS202100 | Message=GET /SYS202100/SYS202100
2026-05-13 16:54:02 | INF | ACTION_TRACE | Acc=admin | Path=/SYS202100/SYS202100 | IP=::1 | Start=2026-05-13 16:54:02.618 | Elapsed=100ms | Status=Completed
2026-05-13 16:54:02 | INF | CONTROLLER_EXEC | Acc= admin | IP=::1 | Path=SYS202100/GetList | Message=POST /SYS202100/GetList
2026-05-13 16:54:02 | INF | ACTION_TRACE | Acc=admin | Path=/SYS202100/GetList | IP=::1 | Start=2026-05-13 16:54:02.780 | Elapsed=100ms | Status=Completed
2026-05-13 16:54:02 | INF | CONTROLLER_EXEC | Acc= admin | IP=::1 | Path=SYS202100/GetList | Message=POST /SYS202100/GetList
2026-05-13 16:54:02 | INF | ACTION_TRACE | Acc=admin | Path=/SYS202100/GetList | IP=::1 | Start=2026-05-13 16:54:02.917 | Elapsed=12ms | Status=Completed
2026-05-13 16:54:15 | INF | ACTION_TRACE | Acc=admin | Path=/Home/GetMenu | IP=::1 | Start=2026-05-13 16:54:15.347 | Elapsed=12ms | Status=Completed
2026-05-13 16:54:17 | INF | CONTROLLER_EXEC | Acc= admin | IP=::1 | Path=ATT111001/ATT111001 | Message=GET /ATT111001/ATT111001
2026-05-13 16:54:17 | INF | ACTION_TRACE | Acc=admin | Path=/ATT111001/ATT111001 | IP=::1 | Start=2026-05-13 16:54:17.020 | Elapsed=52ms | Status=Completed
2026-05-13 16:54:17 | INF | CONTROLLER_EXEC | Acc= admin | IP=::1 | Path=ATT111001/GetList | Message=POST /ATT111001/GetList
2026-05-13 16:54:17 | INF | ACTION_TRACE | Acc=admin | Path=/ATT111001/GetList | IP=::1 | Start=2026-05-13 16:54:17.130 | Elapsed=87ms | Status=Completed
2026-05-13 16:54:17 | INF | CONTROLLER_EXEC | Acc= admin | IP=::1 | Path=ATT111001/GetList | Message=POST /ATT111001/GetList
2026-05-13 16:54:17 | INF | ACTION_TRACE | Acc=admin | Path=/ATT111001/GetList | IP=::1 | Start=2026-05-13 16:54:17.262 | Elapsed=7ms | Status=Completed
2026-05-13 16:54:31 | INF | ACTION_TRACE | Acc=admin | Path=/Account/Logout | IP=::1 | Start=2026-05-13 16:54:31.898 | Elapsed=14ms | Status=Completed
2026-05-13 16:54:37 | INF | ACTION_TRACE | Acc=admin | Path=/AdminPortal/Home/Index | IP=::1 | Start=2026-05-13 16:54:37.776 | Elapsed=124ms | Status=Completed
2026-05-13 16:54:40 | INF | ACTION_TRACE | Acc=admin | Path=/ADS999001/ADS999001 | IP=::1 | Start=2026-05-13 16:54:40.893 | Elapsed=0ms | Status=Completed
2026-05-13 16:54:41 | INF | CONTROLLER_EXEC | Acc= admin | IP=::1 | Path=ADS999003/ADS999003 | Message=GET /ADS999003/ADS999003
2026-05-13 16:54:41 | INF | ACTION_TRACE | Acc=admin | Path=/ADS999003/ADS999003 | IP=::1 | Start=2026-05-13 16:54:41.890 | Elapsed=36ms | Status=Completed
2026-05-13 16:54:42 | INF | CONTROLLER_EXEC | Acc= admin | IP=::1 | Path=ADS999003/GetAllUserList | Message=POST /ADS999003/GetAllUserList
2026-05-13 16:54:42 | INF | ACTION_TRACE | Acc=admin | Path=/ADS999003/GetAllUserList | IP=::1 | Start=2026-05-13 16:54:41.975 | Elapsed=58ms | Status=Completed
2026-05-13 16:54:42 | INF | CONTROLLER_EXEC | Acc= admin | IP=::1 | Path=ADS999002/ADS999002 | Message=GET /ADS999002/ADS999002
2026-05-13 16:54:42 | INF | ACTION_TRACE | Acc=admin | Path=/ADS999002/ADS999002 | IP=::1 | Start=2026-05-13 16:54:42.376 | Elapsed=37ms | Status=Completed
2026-05-13 16:54:42 | INF | CONTROLLER_EXEC | Acc= admin | IP=::1 | Path=ADS999002/GetAllRoleList | Message=POST /ADS999002/GetAllRoleList
2026-05-13 16:54:42 | INF | ACTION_TRACE | Acc=admin | Path=/ADS999002/GetAllRoleList | IP=::1 | Start=2026-05-13 16:54:42.484 | Elapsed=46ms | Status=Completed
2026-05-13 16:55:01 | INF | ACTION_TRACE | Acc=admin | Path=/AdminPortal/Home/Index | IP=::1 | Start=2026-05-13 16:55:01.190 | Elapsed=6ms | Status=Completed
2026-05-13 16:55:04 | INF | CONTROLLER_EXEC | Acc= admin | IP=::1 | Path=ADS999003/ADS999003 | Message=GET /ADS999003/ADS999003
2026-05-13 16:55:04 | INF | ACTION_TRACE | Acc=admin | Path=/ADS999003/ADS999003 | IP=::1 | Start=2026-05-13 16:55:04.246 | Elapsed=3ms | Status=Completed
2026-05-13 16:55:04 | INF | CONTROLLER_EXEC | Acc= admin | IP=::1 | Path=ADS999003/GetAllUserList | Message=POST /ADS999003/GetAllUserList
2026-05-13 16:55:04 | INF | ACTION_TRACE | Acc=admin | Path=/ADS999003/GetAllUserList | IP=::1 | Start=2026-05-13 16:55:04.278 | Elapsed=4ms | Status=Completed
2026-05-13 16:55:04 | INF | CONTROLLER_EXEC | Acc= admin | IP=::1 | Path=ADS999002/ADS999002 | Message=GET /ADS999002/ADS999002
2026-05-13 16:55:04 | INF | ACTION_TRACE | Acc=admin | Path=/ADS999002/ADS999002 | IP=::1 | Start=2026-05-13 16:55:04.684 | Elapsed=3ms | Status=Completed
2026-05-13 16:55:04 | INF | CONTROLLER_EXEC | Acc= admin | IP=::1 | Path=ADS999002/GetAllRoleList | Message=POST /ADS999002/GetAllRoleList
2026-05-13 16:55:04 | INF | ACTION_TRACE | Acc=admin | Path=/ADS999002/GetAllRoleList | IP=::1 | Start=2026-05-13 16:55:04.712 | Elapsed=2ms | Status=Completed
2026-05-13 16:55:11 | INF | ACTION_TRACE | Acc=admin | Path=/AdminPortal/Home/Index | IP=::1 | Start=2026-05-13 16:55:11.648 | Elapsed=8ms | Status=Completed
2026-05-13 16:55:14 | INF | CONTROLLER_EXEC | Acc= admin | IP=::1 | Path=ADS999002/ADS999002 | Message=GET /ADS999002/ADS999002
2026-05-13 16:55:14 | INF | ACTION_TRACE | Acc=admin | Path=/ADS999002/ADS999002 | IP=::1 | Start=2026-05-13 16:55:14.902 | Elapsed=8ms | Status=Completed
2026-05-13 16:55:14 | INF | CONTROLLER_EXEC | Acc= admin | IP=::1 | Path=ADS999002/GetAllRoleList | Message=POST /ADS999002/GetAllRoleList
2026-05-13 16:55:14 | INF | ACTION_TRACE | Acc=admin | Path=/ADS999002/GetAllRoleList | IP=::1 | Start=2026-05-13 16:55:14.934 | Elapsed=2ms | Status=Completed
2026-05-13 16:55:19 | INF | CONTROLLER_EXEC | Acc= admin | IP=::1 | Path=ADS999003/ADS999003 | Message=GET /ADS999003/ADS999003
2026-05-13 16:55:19 | INF | ACTION_TRACE | Acc=admin | Path=/ADS999003/ADS999003 | IP=::1 | Start=2026-05-13 16:55:19.482 | Elapsed=2ms | Status=Completed
2026-05-13 16:55:19 | INF | CONTROLLER_EXEC | Acc= admin | IP=::1 | Path=ADS999003/GetAllUserList | Message=POST /ADS999003/GetAllUserList
2026-05-13 16:55:19 | INF | ACTION_TRACE | Acc=admin | Path=/ADS999003/GetAllUserList | IP=::1 | Start=2026-05-13 16:55:19.504 | Elapsed=8ms | Status=Completed
2026-05-13 16:55:32 | WRN | The query uses the 'First'/'FirstOrDefault' operator without 'OrderBy' and filter operators. This may lead to unpredictable results.
2026-05-13 16:55:32 | INF | CONTROLLER_EXEC | Acc= admin | IP=::1 | Path=ADS999999/ADS999999 | Message=GET /ADS999999/ADS999999
2026-05-13 16:55:32 | INF | ACTION_TRACE | Acc=admin | Path=/ADS999999/ADS999999 | IP=::1 | Start=2026-05-13 16:55:32.386 | Elapsed=55ms | Status=Completed
2026-05-13 16:55:42 | INF | CONTROLLER_EXEC | Acc= admin | IP=::1 | Path=ADS999999/GetLevelData | Message=GET /ADS999999/GetLevelData
2026-05-13 16:55:42 | INF | ACTION_TRACE | Acc=admin | Path=/ADS999999/GetLevelData | IP=::1 | Start=2026-05-13 16:55:42.154 | Elapsed=25ms | Status=Completed
2026-05-13 16:55:58 | INF | ACTION_TRACE | Acc=admin | Path=/AdminPortal/Home/Index | IP=::1 | Start=2026-05-13 16:55:58.848 | Elapsed=4ms | Status=Completed
2026-05-13 16:56:06 | INF | ACTION_TRACE | Acc=admin | Path=/.well-known/appspecific/com.chrome.devtools.json | IP=::1 | Start=2026-05-13 16:56:06.631 | Elapsed=0ms | Status=Completed
2026-05-13 16:56:07 | INF | ACTION_TRACE | Acc=admin | Path=/AdminPortal/Home/Index | IP=::1 | Start=2026-05-13 16:56:07.993 | Elapsed=5ms | Status=Completed
2026-05-13 16:56:08 | INF | ACTION_TRACE | Acc=admin | Path=/.well-known/appspecific/com.chrome.devtools.json | IP=::1 | Start=2026-05-13 16:56:08.078 | Elapsed=0ms | Status=Completed
2026-05-13 16:56:11 | INF | CONTROLLER_EXEC | Acc= admin | IP=::1 | Path=ADS999003/ADS999003 | Message=GET /ADS999003/ADS999003
2026-05-13 16:56:11 | INF | ACTION_TRACE | Acc=admin | Path=/ADS999003/ADS999003 | IP=::1 | Start=2026-05-13 16:56:11.577 | Elapsed=3ms | Status=Completed
2026-05-13 16:56:11 | INF | CONTROLLER_EXEC | Acc= admin | IP=::1 | Path=ADS999003/GetAllUserList | Message=POST /ADS999003/GetAllUserList
2026-05-13 16:56:11 | INF | ACTION_TRACE | Acc=admin | Path=/ADS999003/GetAllUserList | IP=::1 | Start=2026-05-13 16:56:11.626 | Elapsed=7ms | Status=Completed
2026-05-13 16:56:12 | INF | CONTROLLER_EXEC | Acc= admin | IP=::1 | Path=ADS999999/ADS999999 | Message=GET /ADS999999/ADS999999
2026-05-13 16:56:12 | INF | ACTION_TRACE | Acc=admin | Path=/ADS999999/ADS999999 | IP=::1 | Start=2026-05-13 16:56:12.013 | Elapsed=6ms | Status=Completed
2026-05-13 16:56:13 | INF | CONTROLLER_EXEC | Acc= admin | IP=::1 | Path=ADS999999/GetLevelData | Message=GET /ADS999999/GetLevelData
2026-05-13 16:56:13 | INF | ACTION_TRACE | Acc=admin | Path=/ADS999999/GetLevelData | IP=::1 | Start=2026-05-13 16:56:13.280 | Elapsed=2ms | Status=Completed
2026-05-13 16:56:23 | INF | ACTION_TRACE | Acc=admin | Path=/AdminPortal/Home/Index | IP=::1 | Start=2026-05-13 16:56:23.303 | Elapsed=7ms | Status=Completed
2026-05-13 16:56:25 | INF | ACTION_TRACE | Acc=admin | Path=/.well-known/appspecific/com.chrome.devtools.json | IP=::1 | Start=2026-05-13 16:56:25.729 | Elapsed=0ms | Status=Completed
2026-05-13 16:56:29 | INF | ACTION_TRACE | Acc=admin | Path=/AdminPortal/Home/Index | IP=::1 | Start=2026-05-13 16:56:29.397 | Elapsed=6ms | Status=Completed
2026-05-13 16:56:29 | INF | ACTION_TRACE | Acc=admin | Path=/.well-known/appspecific/com.chrome.devtools.json | IP=::1 | Start=2026-05-13 16:56:29.537 | Elapsed=0ms | Status=Completed
2026-05-13 16:56:35 | INF | CONTROLLER_EXEC | Acc= admin | IP=::1 | Path=ADS999999/ADS999999 | Message=GET /ADS999999/ADS999999
2026-05-13 16:56:35 | INF | ACTION_TRACE | Acc=admin | Path=/ADS999999/ADS999999 | IP=::1 | Start=2026-05-13 16:56:35.736 | Elapsed=5ms | Status=Completed
2026-05-13 16:56:37 | INF | CONTROLLER_EXEC | Acc= admin | IP=::1 | Path=ADS999999/GetLevelData | Message=GET /ADS999999/GetLevelData
2026-05-13 16:56:37 | INF | ACTION_TRACE | Acc=admin | Path=/ADS999999/GetLevelData | IP=::1 | Start=2026-05-13 16:56:37.725 | Elapsed=3ms | Status=Completed
2026-05-13 16:57:16 | INF | CONTROLLER_EXEC | Acc= admin | IP=::1 | Path=ADS999999/GetLevelData | Message=GET /ADS999999/GetLevelData
2026-05-13 16:57:16 | INF | ACTION_TRACE | Acc=admin | Path=/ADS999999/GetLevelData | IP=::1 | Start=2026-05-13 16:57:16.622 | Elapsed=3ms | Status=Completed
2026-05-13 16:57:31 | INF | ACTION_TRACE | Acc=admin | Path=/AdminPortal/Home/Index | IP=::1 | Start=2026-05-13 16:57:31.600 | Elapsed=7ms | Status=Completed
2026-05-13 16:57:35 | INF | CONTROLLER_EXEC | Acc= admin | IP=::1 | Path=ADS999999/ADS999999 | Message=GET /ADS999999/ADS999999
2026-05-13 16:57:35 | INF | ACTION_TRACE | Acc=admin | Path=/ADS999999/ADS999999 | IP=::1 | Start=2026-05-13 16:57:35.426 | Elapsed=4ms | Status=Completed
2026-05-13 16:57:36 | INF | CONTROLLER_EXEC | Acc= admin | IP=::1 | Path=ADS999999/GetLevelData | Message=GET /ADS999999/GetLevelData
2026-05-13 16:57:36 | INF | ACTION_TRACE | Acc=admin | Path=/ADS999999/GetLevelData | IP=::1 | Start=2026-05-13 16:57:36.911 | Elapsed=2ms | Status=Completed
2026-05-13 16:58:15 | INF | ACTION_TRACE | Acc=admin | Path=/AdminPortal/Home/Index | IP=::1 | Start=2026-05-13 16:58:15.478 | Elapsed=18ms | Status=Completed
2026-05-13 16:58:22 | INF | CONTROLLER_EXEC | Acc= admin | IP=::1 | Path=ADS999999/ADS999999 | Message=GET /ADS999999/ADS999999
2026-05-13 16:58:22 | INF | ACTION_TRACE | Acc=admin | Path=/ADS999999/ADS999999 | IP=::1 | Start=2026-05-13 16:58:22.129 | Elapsed=33ms | Status=Completed
2026-05-13 16:58:23 | INF | CONTROLLER_EXEC | Acc= admin | IP=::1 | Path=ADS999999/GetLevelData | Message=GET /ADS999999/GetLevelData
2026-05-13 16:58:23 | INF | ACTION_TRACE | Acc=admin | Path=/ADS999999/GetLevelData | IP=::1 | Start=2026-05-13 16:58:23.649 | Elapsed=2ms | Status=Completed
2026-05-13 16:58:37 | INF | ACTION_TRACE | Acc=admin | Path=/AdminPortal/Home/Index | IP=::1 | Start=2026-05-13 16:58:37.610 | Elapsed=5ms | Status=Completed
2026-05-13 16:58:43 | INF | CONTROLLER_EXEC | Acc= admin | IP=::1 | Path=ADS999003/ADS999003 | Message=GET /ADS999003/ADS999003
2026-05-13 16:58:43 | INF | ACTION_TRACE | Acc=admin | Path=/ADS999003/ADS999003 | IP=::1 | Start=2026-05-13 16:58:43.121 | Elapsed=5ms | Status=Completed
2026-05-13 16:58:43 | INF | CONTROLLER_EXEC | Acc= admin | IP=::1 | Path=ADS999003/GetAllUserList | Message=POST /ADS999003/GetAllUserList
2026-05-13 16:58:43 | INF | ACTION_TRACE | Acc=admin | Path=/ADS999003/GetAllUserList | IP=::1 | Start=2026-05-13 16:58:43.164 | Elapsed=4ms | Status=Completed
2026-05-13 16:58:44 | INF | CONTROLLER_EXEC | Acc= admin | IP=::1 | Path=ADS999999/ADS999999 | Message=GET /ADS999999/ADS999999
2026-05-13 16:58:44 | INF | ACTION_TRACE | Acc=admin | Path=/ADS999999/ADS999999 | IP=::1 | Start=2026-05-13 16:58:44.109 | Elapsed=4ms | Status=Completed
2026-05-13 16:58:45 | INF | CONTROLLER_EXEC | Acc= admin | IP=::1 | Path=ADS999999/GetLevelData | Message=GET /ADS999999/GetLevelData
2026-05-13 16:58:45 | INF | ACTION_TRACE | Acc=admin | Path=/ADS999999/GetLevelData | IP=::1 | Start=2026-05-13 16:58:45.118 | Elapsed=2ms | Status=Completed
2026-05-13 16:58:57 | INF | ACTION_TRACE | Acc=admin | Path=/AdminPortal/Home/Index | IP=::1 | Start=2026-05-13 16:58:57.341 | Elapsed=5ms | Status=Completed
2026-05-13 16:59:00 | INF | CONTROLLER_EXEC | Acc= admin | IP=::1 | Path=ADS999999/ADS999999 | Message=GET /ADS999999/ADS999999
2026-05-13 16:59:00 | INF | ACTION_TRACE | Acc=admin | Path=/ADS999999/ADS999999 | IP=::1 | Start=2026-05-13 16:59:00.614 | Elapsed=3ms | Status=Completed
2026-05-13 16:59:02 | INF | CONTROLLER_EXEC | Acc= admin | IP=::1 | Path=ADS999999/GetLevelData | Message=GET /ADS999999/GetLevelData
2026-05-13 16:59:02 | INF | ACTION_TRACE | Acc=admin | Path=/ADS999999/GetLevelData | IP=::1 | Start=2026-05-13 16:59:02.750 | Elapsed=2ms | Status=Completed
2026-05-13 16:59:41 | INF | ACTION_TRACE | Acc=admin | Path=/AdminPortal/Home/Index | IP=::1 | Start=2026-05-13 16:59:41.141 | Elapsed=38ms | Status=Completed
2026-05-13 16:59:45 | INF | ACTION_TRACE | Acc=admin | Path=/AdminPortal/Home/Index | IP=::1 | Start=2026-05-13 16:59:45.675 | Elapsed=16ms | Status=Completed
2026-05-13 17:00:21 | INF | ACTION_TRACE | Acc=admin | Path=/AdminPortal/Home/Index | IP=::1 | Start=2026-05-13 17:00:21.102 | Elapsed=6ms | Status=Completed
2026-05-13 17:00:22 | INF | ACTION_TRACE | Acc=admin | Path=/AdminPortal/Home/Index | IP=::1 | Start=2026-05-13 17:00:22.174 | Elapsed=7ms | Status=Completed
2026-05-13 17:00:24 | INF | CONTROLLER_EXEC | Acc= admin | IP=::1 | Path=ADS999002/ADS999002 | Message=GET /ADS999002/ADS999002
2026-05-13 17:00:24 | INF | ACTION_TRACE | Acc=admin | Path=/ADS999002/ADS999002 | IP=::1 | Start=2026-05-13 17:00:24.886 | Elapsed=2ms | Status=Completed
2026-05-13 17:00:24 | INF | CONTROLLER_EXEC | Acc= admin | IP=::1 | Path=ADS999002/GetAllRoleList | Message=POST /ADS999002/GetAllRoleList
2026-05-13 17:00:24 | INF | ACTION_TRACE | Acc=admin | Path=/ADS999002/GetAllRoleList | IP=::1 | Start=2026-05-13 17:00:24.930 | Elapsed=2ms | Status=Completed
2026-05-13 17:00:36 | INF | CONTROLLER_EXEC | Acc= admin | IP=::1 | Path=ADS999002/ADS999002 | Message=GET /ADS999002/ADS999002
2026-05-13 17:00:36 | INF | ACTION_TRACE | Acc=admin | Path=/ADS999002/ADS999002 | IP=::1 | Start=2026-05-13 17:00:36.041 | Elapsed=2ms | Status=Completed
2026-05-13 17:00:36 | INF | CONTROLLER_EXEC | Acc= admin | IP=::1 | Path=ADS999002/GetAllRoleList | Message=POST /ADS999002/GetAllRoleList
2026-05-13 17:00:36 | INF | ACTION_TRACE | Acc=admin | Path=/ADS999002/GetAllRoleList | IP=::1 | Start=2026-05-13 17:00:36.059 | Elapsed=7ms | Status=Completed
2026-05-13 17:00:43 | INF | ACTION_TRACE | Acc=admin | Path=/AdminPortal/Home/Index | IP=::1 | Start=2026-05-13 17:00:43.132 | Elapsed=10ms | Status=Completed
2026-05-13 17:00:46 | INF | CONTROLLER_EXEC | Acc= admin | IP=::1 | Path=ADS999002/ADS999002 | Message=GET /ADS999002/ADS999002
2026-05-13 17:00:46 | INF | ACTION_TRACE | Acc=admin | Path=/ADS999002/ADS999002 | IP=::1 | Start=2026-05-13 17:00:46.261 | Elapsed=2ms | Status=Completed
2026-05-13 17:00:46 | INF | CONTROLLER_EXEC | Acc= admin | IP=::1 | Path=ADS999002/GetAllRoleList | Message=POST /ADS999002/GetAllRoleList
2026-05-13 17:00:46 | INF | ACTION_TRACE | Acc=admin | Path=/ADS999002/GetAllRoleList | IP=::1 | Start=2026-05-13 17:00:46.288 | Elapsed=6ms | Status=Completed
2026-05-13 17:00:51 | INF | CONTROLLER_EXEC | Acc= admin | IP=::1 | Path=ADS999003/ADS999003 | Message=GET /ADS999003/ADS999003
2026-05-13 17:00:51 | INF | ACTION_TRACE | Acc=admin | Path=/ADS999003/ADS999003 | IP=::1 | Start=2026-05-13 17:00:51.567 | Elapsed=2ms | Status=Completed
2026-05-13 17:00:51 | INF | CONTROLLER_EXEC | Acc= admin | IP=::1 | Path=ADS999003/GetAllUserList | Message=POST /ADS999003/GetAllUserList
2026-05-13 17:00:51 | INF | ACTION_TRACE | Acc=admin | Path=/ADS999003/GetAllUserList | IP=::1 | Start=2026-05-13 17:00:51.594 | Elapsed=8ms | Status=Completed
2026-05-13 17:01:02 | INF | ACTION_TRACE | Acc=admin | Path=/AdminPortal/Home/Index | IP=::1 | Start=2026-05-13 17:01:02.624 | Elapsed=6ms | Status=Completed
2026-05-13 17:01:07 | INF | ACTION_TRACE | Acc=admin | Path=/AdminPortal/Home/Index | IP=::1 | Start=2026-05-13 17:01:07.653 | Elapsed=7ms | Status=Completed
2026-05-13 17:01:09 | INF | CONTROLLER_EXEC | Acc= admin | IP=::1 | Path=ADS999002/ADS999002 | Message=GET /ADS999002/ADS999002
2026-05-13 17:01:09 | INF | ACTION_TRACE | Acc=admin | Path=/ADS999002/ADS999002 | IP=::1 | Start=2026-05-13 17:01:09.804 | Elapsed=6ms | Status=Completed
2026-05-13 17:01:09 | INF | CONTROLLER_EXEC | Acc= admin | IP=::1 | Path=ADS999002/GetAllRoleList | Message=POST /ADS999002/GetAllRoleList
2026-05-13 17:01:09 | INF | ACTION_TRACE | Acc=admin | Path=/ADS999002/GetAllRoleList | IP=::1 | Start=2026-05-13 17:01:09.834 | Elapsed=1ms | Status=Completed
2026-05-13 17:01:10 | INF | CONTROLLER_EXEC | Acc= admin | IP=::1 | Path=ADS999003/ADS999003 | Message=GET /ADS999003/ADS999003
2026-05-13 17:01:10 | INF | ACTION_TRACE | Acc=admin | Path=/ADS999003/ADS999003 | IP=::1 | Start=2026-05-13 17:01:10.318 | Elapsed=2ms | Status=Completed
2026-05-13 17:01:10 | INF | CONTROLLER_EXEC | Acc= admin | IP=::1 | Path=ADS999003/GetAllUserList | Message=POST /ADS999003/GetAllUserList
2026-05-13 17:01:10 | INF | ACTION_TRACE | Acc=admin | Path=/ADS999003/GetAllUserList | IP=::1 | Start=2026-05-13 17:01:10.341 | Elapsed=6ms | Status=Completed
2026-05-13 17:01:20 | INF | CONTROLLER_EXEC | Acc= admin | IP=::1 | Path=ADS999002/ADS999002 | Message=GET /ADS999002/ADS999002
2026-05-13 17:01:20 | INF | ACTION_TRACE | Acc=admin | Path=/ADS999002/ADS999002 | IP=::1 | Start=2026-05-13 17:01:20.130 | Elapsed=2ms | Status=Completed
2026-05-13 17:01:20 | INF | CONTROLLER_EXEC | Acc= admin | IP=::1 | Path=ADS999002/GetAllRoleList | Message=POST /ADS999002/GetAllRoleList
2026-05-13 17:01:20 | INF | ACTION_TRACE | Acc=admin | Path=/ADS999002/GetAllRoleList | IP=::1 | Start=2026-05-13 17:01:20.149 | Elapsed=2ms | Status=Completed
2026-05-13 17:01:28 | INF | CONTROLLER_EXEC | Acc= admin | IP=::1 | Path=ADS999003/ADS999003 | Message=GET /ADS999003/ADS999003
2026-05-13 17:01:28 | INF | ACTION_TRACE | Acc=admin | Path=/ADS999003/ADS999003 | IP=::1 | Start=2026-05-13 17:01:28.385 | Elapsed=2ms | Status=Completed
2026-05-13 17:01:28 | INF | CONTROLLER_EXEC | Acc= admin | IP=::1 | Path=ADS999003/GetAllUserList | Message=POST /ADS999003/GetAllUserList
2026-05-13 17:01:28 | INF | ACTION_TRACE | Acc=admin | Path=/ADS999003/GetAllUserList | IP=::1 | Start=2026-05-13 17:01:28.409 | Elapsed=5ms | Status=Completed
2026-05-13 17:01:31 | INF | CONTROLLER_EXEC | Acc= admin | IP=::1 | Path=ADS999003/GetUserData | Message=GET /ADS999003/GetUserData
2026-05-13 17:01:31 | INF | ACTION_TRACE | Acc=admin | Path=/ADS999003/GetUserData | IP=::1 | Start=2026-05-13 17:01:31.153 | Elapsed=64ms | Status=Completed
2026-05-13 17:01:42 | INF | ACTION_TRACE | Acc=admin | Path=/AdminPortal/Home/Index | IP=::1 | Start=2026-05-13 17:01:42.779 | Elapsed=5ms | Status=Completed
2026-05-13 17:01:45 | INF | CONTROLLER_EXEC | Acc= admin | IP=::1 | Path=ADS999002/ADS999002 | Message=GET /ADS999002/ADS999002
2026-05-13 17:01:45 | INF | ACTION_TRACE | Acc=admin | Path=/ADS999002/ADS999002 | IP=::1 | Start=2026-05-13 17:01:45.708 | Elapsed=4ms | Status=Completed
2026-05-13 17:01:45 | INF | CONTROLLER_EXEC | Acc= admin | IP=::1 | Path=ADS999002/GetAllRoleList | Message=POST /ADS999002/GetAllRoleList
2026-05-13 17:01:45 | INF | ACTION_TRACE | Acc=admin | Path=/ADS999002/GetAllRoleList | IP=::1 | Start=2026-05-13 17:01:45.736 | Elapsed=4ms | Status=Completed
2026-05-13 17:01:46 | INF | CONTROLLER_EXEC | Acc= admin | IP=::1 | Path=ADS999003/ADS999003 | Message=GET /ADS999003/ADS999003
2026-05-13 17:01:46 | INF | ACTION_TRACE | Acc=admin | Path=/ADS999003/ADS999003 | IP=::1 | Start=2026-05-13 17:01:46.425 | Elapsed=6ms | Status=Completed
2026-05-13 17:01:46 | INF | CONTROLLER_EXEC | Acc= admin | IP=::1 | Path=ADS999003/GetAllUserList | Message=POST /ADS999003/GetAllUserList
2026-05-13 17:01:46 | INF | ACTION_TRACE | Acc=admin | Path=/ADS999003/GetAllUserList | IP=::1 | Start=2026-05-13 17:01:46.452 | Elapsed=8ms | Status=Completed
2026-05-13 17:01:53 | INF | ACTION_TRACE | Acc=admin | Path=/AdminPortal/Home/Index | IP=::1 | Start=2026-05-13 17:01:53.488 | Elapsed=8ms | Status=Completed
2026-05-13 17:01:57 | INF | CONTROLLER_EXEC | Acc= admin | IP=::1 | Path=ADS999003/ADS999003 | Message=GET /ADS999003/ADS999003
2026-05-13 17:01:57 | INF | ACTION_TRACE | Acc=admin | Path=/ADS999003/ADS999003 | IP=::1 | Start=2026-05-13 17:01:57.883 | Elapsed=2ms | Status=Completed
2026-05-13 17:01:57 | INF | CONTROLLER_EXEC | Acc= admin | IP=::1 | Path=ADS999003/GetAllUserList | Message=POST /ADS999003/GetAllUserList
2026-05-13 17:01:57 | INF | ACTION_TRACE | Acc=admin | Path=/ADS999003/GetAllUserList | IP=::1 | Start=2026-05-13 17:01:57.910 | Elapsed=5ms | Status=Completed
2026-05-13 17:02:14 | INF | ACTION_TRACE | Acc=admin | Path=/AdminPortal/Home/Index | IP=::1 | Start=2026-05-13 17:02:14.774 | Elapsed=6ms | Status=Completed
2026-05-13 17:02:17 | INF | CONTROLLER_EXEC | Acc= admin | IP=::1 | Path=ADS999003/ADS999003 | Message=GET /ADS999003/ADS999003
2026-05-13 17:02:17 | INF | ACTION_TRACE | Acc=admin | Path=/ADS999003/ADS999003 | IP=::1 | Start=2026-05-13 17:02:17.346 | Elapsed=2ms | Status=Completed
2026-05-13 17:02:17 | INF | CONTROLLER_EXEC | Acc= admin | IP=::1 | Path=ADS999003/GetAllUserList | Message=POST /ADS999003/GetAllUserList
2026-05-13 17:02:17 | INF | ACTION_TRACE | Acc=admin | Path=/ADS999003/GetAllUserList | IP=::1 | Start=2026-05-13 17:02:17.372 | Elapsed=6ms | Status=Completed
2026-05-13 17:02:30 | INF | ACTION_TRACE | Acc=admin | Path=/AdminPortal/Home/Index | IP=::1 | Start=2026-05-13 17:02:30.650 | Elapsed=4ms | Status=Completed
2026-05-13 17:02:34 | INF | ACTION_TRACE | Acc=admin | Path=/AdminPortal/Home/Index | IP=::1 | Start=2026-05-13 17:02:34.651 | Elapsed=4ms | Status=Completed
2026-05-13 17:02:40 | INF | CONTROLLER_EXEC | Acc= admin | IP=::1 | Path=ADS999999/ADS999999 | Message=GET /ADS999999/ADS999999
2026-05-13 17:02:40 | INF | ACTION_TRACE | Acc=admin | Path=/ADS999999/ADS999999 | IP=::1 | Start=2026-05-13 17:02:40.817 | Elapsed=7ms | Status=Completed
2026-05-13 17:02:42 | INF | CONTROLLER_EXEC | Acc= admin | IP=::1 | Path=ADS999003/ADS999003 | Message=GET /ADS999003/ADS999003
2026-05-13 17:02:42 | INF | ACTION_TRACE | Acc=admin | Path=/ADS999003/ADS999003 | IP=::1 | Start=2026-05-13 17:02:42.063 | Elapsed=2ms | Status=Completed
2026-05-13 17:02:42 | INF | CONTROLLER_EXEC | Acc= admin | IP=::1 | Path=ADS999003/GetAllUserList | Message=POST /ADS999003/GetAllUserList
2026-05-13 17:02:42 | INF | ACTION_TRACE | Acc=admin | Path=/ADS999003/GetAllUserList | IP=::1 | Start=2026-05-13 17:02:42.090 | Elapsed=5ms | Status=Completed
2026-05-13 17:02:56 | INF | ACTION_TRACE | Acc=admin | Path=/AdminPortal/Home/Index | IP=::1 | Start=2026-05-13 17:02:56.275 | Elapsed=5ms | Status=Completed
2026-05-13 17:03:25 | INF | ACTION_TRACE | Acc=admin | Path=/AdminPortal/Account/Login | IP=::1 | Start=2026-05-13 17:03:25.710 | Elapsed=1ms | Status=Completed
2026-05-13 17:03:25 | INF | ACTION_TRACE | Acc=admin | Path=/Captcha/Generate | IP=::1 | Start=2026-05-13 17:03:25.894 | Elapsed=1ms | Status=Completed
2026-05-13 17:03:25 | INF | ACTION_TRACE | Acc=admin | Path=/DNTCaptchaImage/Show | IP=::1 | Start=2026-05-13 17:03:25.901 | Elapsed=36ms | Status=Completed
2026-05-13 17:03:28 | INF | ACTION_TRACE | Acc=admin | Path=/ | IP=::1 | Start=2026-05-13 17:03:27.888 | Elapsed=563ms | Status=Completed
2026-05-13 17:03:28 | INF | ACTION_TRACE | Acc=admin | Path=/Captcha/Generate | IP=::1 | Start=2026-05-13 17:03:28.678 | Elapsed=1ms | Status=Completed
2026-05-13 17:03:28 | INF | ACTION_TRACE | Acc=admin | Path=/DNTCaptchaImage/Show | IP=::1 | Start=2026-05-13 17:03:28.687 | Elapsed=12ms | Status=Completed
2026-05-13 17:03:37 | INF | ACTION_TRACE | Acc=admin | Path=/Account/Login | IP=::1 | Start=2026-05-13 17:03:32.257 | Elapsed=5309ms | Status=Completed
2026-05-13 17:03:37 | INF | NETWORK_UNSTABLE | Acc=admin | Path=/Account/Login | Reason=SlowRequest 5309ms
2026-05-13 17:03:37 | INF | ACTION_TRACE | Acc=admin | Path=/Home/Index | IP=::1 | Start=2026-05-13 17:03:37.579 | Elapsed=16ms | Status=Completed
2026-05-13 17:03:39 | INF | ACTION_TRACE | Acc=admin | Path=/Home/GetMenu | IP=::1 | Start=2026-05-13 17:03:39.965 | Elapsed=6ms | Status=Completed
2026-05-13 17:03:45 | INF | CONTROLLER_EXEC | Acc= admin | IP=::1 | Path=SYS202100/SYS202100 | Message=GET /SYS202100/SYS202100
2026-05-13 17:03:45 | INF | ACTION_TRACE | Acc=admin | Path=/SYS202100/SYS202100 | IP=::1 | Start=2026-05-13 17:03:45.051 | Elapsed=6ms | Status=Completed
2026-05-13 17:03:45 | INF | CONTROLLER_EXEC | Acc= admin | IP=::1 | Path=SYS202100/GetList | Message=POST /SYS202100/GetList
2026-05-13 17:03:45 | INF | ACTION_TRACE | Acc=admin | Path=/SYS202100/GetList | IP=::1 | Start=2026-05-13 17:03:45.086 | Elapsed=3ms | Status=Completed
2026-05-13 17:03:45 | INF | CONTROLLER_EXEC | Acc= admin | IP=::1 | Path=SYS202100/GetList | Message=POST /SYS202100/GetList
2026-05-13 17:03:45 | INF | ACTION_TRACE | Acc=admin | Path=/SYS202100/GetList | IP=::1 | Start=2026-05-13 17:03:45.125 | Elapsed=4ms | Status=Completed
2026-05-13 17:03:49 | INF | CONTROLLER_EXEC | Acc= admin | IP=::1 | Path=SYS202100/Delete | Message=POST /SYS202100/Delete
2026-05-13 17:03:49 | INF | ACTION_TRACE | Acc=admin | Path=/SYS202100/Delete | IP=::1 | Start=2026-05-13 17:03:48.710 | Elapsed=350ms | Status=Completed
2026-05-13 17:03:49 | INF | CONTROLLER_EXEC | Acc= admin | IP=::1 | Path=SYS202100/GetList | Message=POST /SYS202100/GetList
2026-05-13 17:03:49 | INF | ACTION_TRACE | Acc=admin | Path=/SYS202100/GetList | IP=::1 | Start=2026-05-13 17:03:49.797 | Elapsed=4ms | Status=Completed
2026-05-13 17:04:29 | INF | ACTION_TRACE | Acc=admin | Path=/Home/Index | IP=::1 | Start=2026-05-13 17:04:29.927 | Elapsed=15ms | Status=Completed
2026-05-13 17:04:30 | INF | ACTION_TRACE | Acc=admin | Path=/Home/GetMenu | IP=::1 | Start=2026-05-13 17:04:30.961 | Elapsed=9ms | Status=Completed
2026-05-13 17:04:33 | INF | CONTROLLER_EXEC | Acc= admin | IP=::1 | Path=SYS202100/SYS202100 | Message=GET /SYS202100/SYS202100
2026-05-13 17:04:33 | INF | ACTION_TRACE | Acc=admin | Path=/SYS202100/SYS202100 | IP=::1 | Start=2026-05-13 17:04:33.344 | Elapsed=3ms | Status=Completed
2026-05-13 17:04:33 | INF | CONTROLLER_EXEC | Acc= admin | IP=::1 | Path=SYS202100/GetList | Message=POST /SYS202100/GetList
2026-05-13 17:04:33 | INF | ACTION_TRACE | Acc=admin | Path=/SYS202100/GetList | IP=::1 | Start=2026-05-13 17:04:33.371 | Elapsed=4ms | Status=Completed
2026-05-13 17:04:33 | INF | CONTROLLER_EXEC | Acc= admin | IP=::1 | Path=SYS202100/GetList | Message=POST /SYS202100/GetList
2026-05-13 17:04:33 | INF | ACTION_TRACE | Acc=admin | Path=/SYS202100/GetList | IP=::1 | Start=2026-05-13 17:04:33.396 | Elapsed=3ms | Status=Completed
2026-05-13 17:04:35 | INF | CONTROLLER_EXEC | Acc= admin | IP=::1 | Path=SYS202100/GetByVariable | Message=GET /SYS202100/GetByVariable
2026-05-13 17:04:35 | INF | ACTION_TRACE | Acc=admin | Path=/SYS202100/GetByVariable | IP=::1 | Start=2026-05-13 17:04:35.713 | Elapsed=55ms | Status=Completed
2026-05-13 17:04:41 | ERR | An exception occurred in the database while saving changes for context type 'EHRIS.Core.DbContext.ApplicationDbContext'.
Microsoft.EntityFrameworkCore.DbUpdateException: An error occurred while saving the entity changes. See the inner exception for details.
 ---> Microsoft.Data.SqlClient.SqlException (0x80131904): 無法插入 NULL 值到資料行 'arg_createname'，資料表 'EHRIS.dbo.arguments'; 資料行不得有 Null。UPDATE 失敗。
   at Microsoft.Data.SqlClient.SqlConnection.OnError(SqlException exception, Boolean breakConnection, Action`1 wrapCloseInAction)
   at Microsoft.Data.SqlClient.SqlInternalConnection.OnError(SqlException exception, Boolean breakConnection, Action`1 wrapCloseInAction)
   at Microsoft.Data.SqlClient.TdsParser.ThrowExceptionAndWarning(TdsParserStateObject stateObj, SqlCommand command, Boolean callerHasConnectionLock, Boolean asyncClose)
   at Microsoft.Data.SqlClient.TdsParser.TryRun(RunBehavior runBehavior, SqlCommand cmdHandler, SqlDataReader dataStream, BulkCopySimpleResultSet bulkCopyHandler, TdsParserStateObject stateObj, Boolean& dataReady)
   at Microsoft.Data.SqlClient.SqlDataReader.TryHasMoreRows(Boolean& moreRows)
   at Microsoft.Data.SqlClient.SqlDataReader.TryReadInternal(Boolean setTimeout, Boolean& more)
   at Microsoft.Data.SqlClient.SqlDataReader.ReadAsyncExecute(Task task, Object state)
   at Microsoft.Data.SqlClient.SqlDataReader.InvokeAsyncCall[T](SqlDataReaderBaseAsyncCallContext`1 context)
--- End of stack trace from previous location ---
   at Microsoft.EntityFrameworkCore.Update.AffectedCountModificationCommandBatch.ConsumeResultSetWithRowsAffectedOnlyAsync(Int32 commandIndex, RelationalDataReader reader, CancellationToken cancellationToken)
   at Microsoft.EntityFrameworkCore.Update.AffectedCountModificationCommandBatch.ConsumeAsync(RelationalDataReader reader, CancellationToken cancellationToken)
ClientConnectionId:2bb47cd9-7c3c-4bed-a004-3ebca89a1889
Error Number:515,State:2,Class:16
   --- End of inner exception stack trace ---
   at Microsoft.EntityFrameworkCore.Update.AffectedCountModificationCommandBatch.ConsumeAsync(RelationalDataReader reader, CancellationToken cancellationToken)
   at Microsoft.EntityFrameworkCore.Update.ReaderModificationCommandBatch.ExecuteAsync(IRelationalConnection connection, CancellationToken cancellationToken)
   at Microsoft.EntityFrameworkCore.Update.ReaderModificationCommandBatch.ExecuteAsync(IRelationalConnection connection, CancellationToken cancellationToken)
   at Microsoft.EntityFrameworkCore.SqlServer.Update.Internal.SqlServerModificationCommandBatch.ExecuteAsync(IRelationalConnection connection, CancellationToken cancellationToken)
   at Microsoft.EntityFrameworkCore.Update.Internal.BatchExecutor.ExecuteAsync(IEnumerable`1 commandBatches, IRelationalConnection connection, CancellationToken cancellationToken)
   at Microsoft.EntityFrameworkCore.Update.Internal.BatchExecutor.ExecuteAsync(IEnumerable`1 commandBatches, IRelationalConnection connection, CancellationToken cancellationToken)
   at Microsoft.EntityFrameworkCore.Update.Internal.BatchExecutor.ExecuteAsync(IEnumerable`1 commandBatches, IRelationalConnection connection, CancellationToken cancellationToken)
   at Microsoft.EntityFrameworkCore.Storage.RelationalDatabase.SaveChangesAsync(IList`1 entries, CancellationToken cancellationToken)
   at Microsoft.EntityFrameworkCore.ChangeTracking.Internal.StateManager.SaveChangesAsync(IList`1 entriesToSave, CancellationToken cancellationToken)
   at Microsoft.EntityFrameworkCore.ChangeTracking.Internal.StateManager.SaveChangesAsync(StateManager stateManager, Boolean acceptAllChangesOnSuccess, CancellationToken cancellationToken)
   at Microsoft.EntityFrameworkCore.Storage.ExecutionStrategy.<>c__DisplayClass30_0`2.<<ExecuteAsync>b__0>d.MoveNext()
--- End of stack trace from previous location ---
   at Microsoft.EntityFrameworkCore.Storage.ExecutionStrategy.ExecuteImplementationAsync[TState,TResult](Func`4 operation, Func`4 verifySucceeded, TState state, CancellationToken cancellationToken)
   at Microsoft.EntityFrameworkCore.Storage.ExecutionStrategy.ExecuteImplementationAsync[TState,TResult](Func`4 operation, Func`4 verifySucceeded, TState state, CancellationToken cancellationToken)
   at Microsoft.EntityFrameworkCore.Storage.ExecutionStrategy.ExecuteAsync[TState,TResult](TState state, Func`4 operation, Func`4 verifySucceeded, CancellationToken cancellationToken)
   at Microsoft.EntityFrameworkCore.DbContext.SaveChangesAsync(Boolean acceptAllChangesOnSuccess, CancellationToken cancellationToken)
2026-05-13 17:04:41 | INF | CONTROLLER_EXEC | Acc= admin | IP=::1 | Path=SYS202100/Update | Message=POST /SYS202100/Update
2026-05-13 17:04:41 | INF | ACTION_TRACE | Acc=admin | Path=/SYS202100/Update | IP=::1 | Start=2026-05-13 17:04:41.533 | Elapsed=281ms | Status=Completed
2026-05-13 17:04:51 | INF | CONTROLLER_EXEC | Acc= admin | IP=::1 | Path=SYS202100/GetList | Message=POST /SYS202100/GetList
2026-05-13 17:04:51 | INF | ACTION_TRACE | Acc=admin | Path=/SYS202100/GetList | IP=::1 | Start=2026-05-13 17:04:51.724 | Elapsed=4ms | Status=Completed
2026-05-13 17:04:51 | INF | CONTROLLER_EXEC | Acc= admin | IP=::1 | Path=SYS202100/GetList | Message=POST /SYS202100/GetList
2026-05-13 17:04:51 | INF | ACTION_TRACE | Acc=admin | Path=/SYS202100/GetList | IP=::1 | Start=2026-05-13 17:04:51.727 | Elapsed=65ms | Status=Completed
2026-05-13 17:04:52 | INF | CONTROLLER_EXEC | Acc= admin | IP=::1 | Path=SYS202100/GetByVariable | Message=GET /SYS202100/GetByVariable
2026-05-13 17:04:52 | INF | ACTION_TRACE | Acc=admin | Path=/SYS202100/GetByVariable | IP=::1 | Start=2026-05-13 17:04:52.810 | Elapsed=4ms | Status=Completed
2026-05-13 17:04:53 | ERR | An exception occurred in the database while saving changes for context type 'EHRIS.Core.DbContext.ApplicationDbContext'.
Microsoft.EntityFrameworkCore.DbUpdateException: An error occurred while saving the entity changes. See the inner exception for details.
 ---> Microsoft.Data.SqlClient.SqlException (0x80131904): 無法插入 NULL 值到資料行 'arg_createname'，資料表 'EHRIS.dbo.arguments'; 資料行不得有 Null。UPDATE 失敗。
   at Microsoft.Data.SqlClient.SqlConnection.OnError(SqlException exception, Boolean breakConnection, Action`1 wrapCloseInAction)
   at Microsoft.Data.SqlClient.SqlInternalConnection.OnError(SqlException exception, Boolean breakConnection, Action`1 wrapCloseInAction)
   at Microsoft.Data.SqlClient.TdsParser.ThrowExceptionAndWarning(TdsParserStateObject stateObj, SqlCommand command, Boolean callerHasConnectionLock, Boolean asyncClose)
   at Microsoft.Data.SqlClient.TdsParser.TryRun(RunBehavior runBehavior, SqlCommand cmdHandler, SqlDataReader dataStream, BulkCopySimpleResultSet bulkCopyHandler, TdsParserStateObject stateObj, Boolean& dataReady)
   at Microsoft.Data.SqlClient.SqlDataReader.TryHasMoreRows(Boolean& moreRows)
   at Microsoft.Data.SqlClient.SqlDataReader.TryReadInternal(Boolean setTimeout, Boolean& more)
   at Microsoft.Data.SqlClient.SqlDataReader.ReadAsyncExecute(Task task, Object state)
   at Microsoft.Data.SqlClient.SqlDataReader.InvokeAsyncCall[T](SqlDataReaderBaseAsyncCallContext`1 context)
--- End of stack trace from previous location ---
   at Microsoft.EntityFrameworkCore.Update.AffectedCountModificationCommandBatch.ConsumeResultSetWithRowsAffectedOnlyAsync(Int32 commandIndex, RelationalDataReader reader, CancellationToken cancellationToken)
   at Microsoft.EntityFrameworkCore.Update.AffectedCountModificationCommandBatch.ConsumeAsync(RelationalDataReader reader, CancellationToken cancellationToken)
ClientConnectionId:2bb47cd9-7c3c-4bed-a004-3ebca89a1889
Error Number:515,State:2,Class:16
   --- End of inner exception stack trace ---
   at Microsoft.EntityFrameworkCore.Update.AffectedCountModificationCommandBatch.ConsumeAsync(RelationalDataReader reader, CancellationToken cancellationToken)
   at Microsoft.EntityFrameworkCore.Update.ReaderModificationCommandBatch.ExecuteAsync(IRelationalConnection connection, CancellationToken cancellationToken)
   at Microsoft.EntityFrameworkCore.Update.ReaderModificationCommandBatch.ExecuteAsync(IRelationalConnection connection, CancellationToken cancellationToken)
   at Microsoft.EntityFrameworkCore.SqlServer.Update.Internal.SqlServerModificationCommandBatch.ExecuteAsync(IRelationalConnection connection, CancellationToken cancellationToken)
   at Microsoft.EntityFrameworkCore.Update.Internal.BatchExecutor.ExecuteAsync(IEnumerable`1 commandBatches, IRelationalConnection connection, CancellationToken cancellationToken)
   at Microsoft.EntityFrameworkCore.Update.Internal.BatchExecutor.ExecuteAsync(IEnumerable`1 commandBatches, IRelationalConnection connection, CancellationToken cancellationToken)
   at Microsoft.EntityFrameworkCore.Update.Internal.BatchExecutor.ExecuteAsync(IEnumerable`1 commandBatches, IRelationalConnection connection, CancellationToken cancellationToken)
   at Microsoft.EntityFrameworkCore.Storage.RelationalDatabase.SaveChangesAsync(IList`1 entries, CancellationToken cancellationToken)
   at Microsoft.EntityFrameworkCore.ChangeTracking.Internal.StateManager.SaveChangesAsync(IList`1 entriesToSave, CancellationToken cancellationToken)
   at Microsoft.EntityFrameworkCore.ChangeTracking.Internal.StateManager.SaveChangesAsync(StateManager stateManager, Boolean acceptAllChangesOnSuccess, CancellationToken cancellationToken)
   at Microsoft.EntityFrameworkCore.Storage.ExecutionStrategy.<>c__DisplayClass30_0`2.<<ExecuteAsync>b__0>d.MoveNext()
--- End of stack trace from previous location ---
   at Microsoft.EntityFrameworkCore.Storage.ExecutionStrategy.ExecuteImplementationAsync[TState,TResult](Func`4 operation, Func`4 verifySucceeded, TState state, CancellationToken cancellationToken)
   at Microsoft.EntityFrameworkCore.Storage.ExecutionStrategy.ExecuteImplementationAsync[TState,TResult](Func`4 operation, Func`4 verifySucceeded, TState state, CancellationToken cancellationToken)
   at Microsoft.EntityFrameworkCore.Storage.ExecutionStrategy.ExecuteAsync[TState,TResult](TState state, Func`4 operation, Func`4 verifySucceeded, CancellationToken cancellationToken)
   at Microsoft.EntityFrameworkCore.DbContext.SaveChangesAsync(Boolean acceptAllChangesOnSuccess, CancellationToken cancellationToken)
2026-05-13 17:04:53 | INF | CONTROLLER_EXEC | Acc= admin | IP=::1 | Path=SYS202100/Update | Message=POST /SYS202100/Update
2026-05-13 17:04:53 | INF | ACTION_TRACE | Acc=admin | Path=/SYS202100/Update | IP=::1 | Start=2026-05-13 17:04:53.811 | Elapsed=157ms | Status=Completed
