2026-05-06 08:45:51 | INF | ACTION_TRACE | Acc=admin | Path=/Home/Index | IP=::1 | Start=2026-05-06 08:45:51.709 | Elapsed=270ms | Status=Completed
2026-05-06 08:45:59 | INF | ACTION_TRACE | Acc=admin | Path=/Home/GetMenu | IP=::1 | Start=2026-05-06 08:45:59.898 | Elapsed=50ms | Status=Completed
2026-05-06 08:46:02 | INF | CONTROLLER_EXEC | Acc= admin | IP=::1 | Path=ATT111001/ATT111001 | Message=GET /ATT111001/ATT111001
2026-05-06 08:46:02 | INF | ACTION_TRACE | Acc=admin | Path=/ATT111001/ATT111001 | IP=::1 | Start=2026-05-06 08:46:02.652 | Elapsed=167ms | Status=Completed
2026-05-06 08:46:03 | INF | CONTROLLER_EXEC | Acc= admin | IP=::1 | Path=ATT111001/GetList | Message=POST /ATT111001/GetList
2026-05-06 08:46:03 | INF | ACTION_TRACE | Acc=admin | Path=/ATT111001/GetList | IP=::1 | Start=2026-05-06 08:46:02.863 | Elapsed=351ms | Status=Completed
2026-05-06 08:49:06 | INF | CONTROLLER_EXEC | Acc= admin | IP=::1 | Path=ATT111001/ATT111001 | Message=GET /ATT111001/ATT111001
2026-05-06 08:49:06 | INF | ACTION_TRACE | Acc=admin | Path=/ATT111001/ATT111001 | IP=::1 | Start=2026-05-06 08:49:06.181 | Elapsed=7ms | Status=Completed
2026-05-06 08:49:06 | INF | CONTROLLER_EXEC | Acc= admin | IP=::1 | Path=ATT111001/GetList | Message=POST /ATT111001/GetList
2026-05-06 08:49:06 | INF | ACTION_TRACE | Acc=admin | Path=/ATT111001/GetList | IP=::1 | Start=2026-05-06 08:49:06.212 | Elapsed=9ms | Status=Completed
2026-05-06 10:02:52 | INF | ACTION_TRACE | Acc=admin | Path=/Home/Index | IP=::1 | Start=2026-05-06 10:02:52.037 | Elapsed=202ms | Status=Completed
2026-05-06 10:02:55 | INF | ACTION_TRACE | Acc=admin | Path=/Home/GetMenu | IP=::1 | Start=2026-05-06 10:02:55.038 | Elapsed=14ms | Status=Completed
2026-05-06 10:02:58 | INF | CONTROLLER_EXEC | Acc= admin | IP=::1 | Path=ATT111001/ATT111001 | Message=GET /ATT111001/ATT111001
2026-05-06 10:02:58 | INF | ACTION_TRACE | Acc=admin | Path=/ATT111001/ATT111001 | IP=::1 | Start=2026-05-06 10:02:58.879 | Elapsed=70ms | Status=Completed
2026-05-06 10:02:59 | INF | CONTROLLER_EXEC | Acc= admin | IP=::1 | Path=ATT111001/GetList | Message=POST /ATT111001/GetList
2026-05-06 10:02:59 | INF | ACTION_TRACE | Acc=admin | Path=/ATT111001/GetList | IP=::1 | Start=2026-05-06 10:02:58.990 | Elapsed=92ms | Status=Completed
2026-05-06 10:03:22 | INF | ACTION_TRACE | Acc=admin | Path=/.well-known/appspecific/com.chrome.devtools.json | IP=::1 | Start=2026-05-06 10:03:22.738 | Elapsed=0ms | Status=Completed
2026-05-06 10:03:22 | INF | ACTION_TRACE | Acc=admin | Path=/lib/html-to-image/html-to-image.js.map | IP=::1 | Start=2026-05-06 10:03:22.791 | Elapsed=0ms | Status=Completed
2026-05-06 10:05:14 | WRN | No store type was specified for the decimal property 'OveMoney' on entity type 'HROvertime'. This will cause values to be silently truncated if they do not fit in the default precision and scale. Explicitly specify the SQL server column type that can accommodate all the values in 'OnModelCreating' using 'HasColumnType', specify precision and scale using 'HasPrecision', or configure a value converter using 'HasConversion'.
2026-05-06 10:05:14 | WRN | No store type was specified for the decimal property 'Wag1D1Hour' on entity type 'HRWage'. This will cause values to be silently truncated if they do not fit in the default precision and scale. Explicitly specify the SQL server column type that can accommodate all the values in 'OnModelCreating' using 'HasColumnType', specify precision and scale using 'HasPrecision', or configure a value converter using 'HasConversion'.
2026-05-06 10:05:14 | WRN | No store type was specified for the decimal property 'Wag2D1Hour' on entity type 'HRWage'. This will cause values to be silently truncated if they do not fit in the default precision and scale. Explicitly specify the SQL server column type that can accommodate all the values in 'OnModelCreating' using 'HasColumnType', specify precision and scale using 'HasPrecision', or configure a value converter using 'HasConversion'.
2026-05-06 10:05:14 | WRN | No store type was specified for the decimal property 'Wag4D3Hour' on entity type 'HRWage'. This will cause values to be silently truncated if they do not fit in the default precision and scale. Explicitly specify the SQL server column type that can accommodate all the values in 'OnModelCreating' using 'HasColumnType', specify precision and scale using 'HasPrecision', or configure a value converter using 'HasConversion'.
2026-05-06 10:05:14 | WRN | No store type was specified for the decimal property 'Wag5D3Hour' on entity type 'HRWage'. This will cause values to be silently truncated if they do not fit in the default precision and scale. Explicitly specify the SQL server column type that can accommodate all the values in 'OnModelCreating' using 'HasColumnType', specify precision and scale using 'HasPrecision', or configure a value converter using 'HasConversion'.
2026-05-06 10:05:14 | WRN | No store type was specified for the decimal property 'Wag8D3Hour' on entity type 'HRWage'. This will cause values to be silently truncated if they do not fit in the default precision and scale. Explicitly specify the SQL server column type that can accommodate all the values in 'OnModelCreating' using 'HasColumnType', specify precision and scale using 'HasPrecision', or configure a value converter using 'HasConversion'.
2026-05-06 10:05:14 | WRN | No store type was specified for the decimal property 'WagApplyHour' on entity type 'HRWage'. This will cause values to be silently truncated if they do not fit in the default precision and scale. Explicitly specify the SQL server column type that can accommodate all the values in 'OnModelCreating' using 'HasColumnType', specify precision and scale using 'HasPrecision', or configure a value converter using 'HasConversion'.
2026-05-06 10:05:14 | WRN | No store type was specified for the decimal property 'WagIssueHour' on entity type 'HRWage'. This will cause values to be silently truncated if they do not fit in the default precision and scale. Explicitly specify the SQL server column type that can accommodate all the values in 'OnModelCreating' using 'HasColumnType', specify precision and scale using 'HasPrecision', or configure a value converter using 'HasConversion'.
2026-05-06 10:05:14 | WRN | No store type was specified for the decimal property 'WagSubtotal' on entity type 'HRWage'. This will cause values to be silently truncated if they do not fit in the default precision and scale. Explicitly specify the SQL server column type that can accommodate all the values in 'OnModelCreating' using 'HasColumnType', specify precision and scale using 'HasPrecision', or configure a value converter using 'HasConversion'.
2026-05-06 10:05:19 | WRN | The query uses the 'First'/'FirstOrDefault' operator without 'OrderBy' and filter operators. This may lead to unpredictable results.
2026-05-06 10:05:20 | INF | ACTION_TRACE | Acc=admin | Path=/ | IP=::1 | Start=2026-05-06 10:05:13.398 | Elapsed=7046ms | Status=Completed
2026-05-06 10:05:20 | INF | NETWORK_UNSTABLE | Acc=admin | Path=/ | Reason=SlowRequest 7046ms
2026-05-06 10:05:20 | INF | ACTION_TRACE | Acc=admin | Path=/Captcha/Generate | IP=::1 | Start=2026-05-06 10:05:20.638 | Elapsed=32ms | Status=Completed
2026-05-06 10:05:20 | INF | ACTION_TRACE | Acc=admin | Path=/DNTCaptchaImage/Show | IP=::1 | Start=2026-05-06 10:05:20.691 | Elapsed=179ms | Status=Completed
2026-05-06 10:05:37 | INF | ACTION_TRACE | Acc=admin | Path=/Account/Login | IP=::1 | Start=2026-05-06 10:05:29.452 | Elapsed=8362ms | Status=Completed
2026-05-06 10:05:37 | INF | NETWORK_UNSTABLE | Acc=admin | Path=/Account/Login | Reason=SlowRequest 8362ms
2026-05-06 10:05:38 | INF | ACTION_TRACE | Acc=admin | Path=/Home/Index | IP=::1 | Start=2026-05-06 10:05:37.829 | Elapsed=221ms | Status=Completed
2026-05-06 10:05:41 | INF | ACTION_TRACE | Acc=admin | Path=/Home/GetMenu | IP=::1 | Start=2026-05-06 10:05:41.361 | Elapsed=56ms | Status=Completed
2026-05-06 10:05:46 | INF | CONTROLLER_EXEC | Acc= admin | IP=::1 | Path=ATT111001/ATT111001 | Message=GET /ATT111001/ATT111001
2026-05-06 10:05:46 | INF | ACTION_TRACE | Acc=admin | Path=/ATT111001/ATT111001 | IP=::1 | Start=2026-05-06 10:05:46.250 | Elapsed=68ms | Status=Completed
2026-05-06 10:05:46 | INF | CONTROLLER_EXEC | Acc= admin | IP=::1 | Path=ATT111001/GetList | Message=POST /ATT111001/GetList
2026-05-06 10:05:46 | INF | ACTION_TRACE | Acc=admin | Path=/ATT111001/GetList | IP=::1 | Start=2026-05-06 10:05:46.357 | Elapsed=93ms | Status=Completed
2026-05-06 10:05:49 | INF | ACTION_TRACE | Acc=admin | Path=/.well-known/appspecific/com.chrome.devtools.json | IP=::1 | Start=2026-05-06 10:05:49.586 | Elapsed=0ms | Status=Completed
2026-05-06 10:05:49 | INF | ACTION_TRACE | Acc=admin | Path=/lib/html-to-image/html-to-image.js.map | IP=::1 | Start=2026-05-06 10:05:49.636 | Elapsed=0ms | Status=Completed
2026-05-06 10:05:58 | INF | ACTION_TRACE | Acc=admin | Path=/Home/Index | IP=::1 | Start=2026-05-06 10:05:58.510 | Elapsed=34ms | Status=Completed
2026-05-06 10:05:58 | INF | ACTION_TRACE | Acc=admin | Path=/.well-known/appspecific/com.chrome.devtools.json | IP=::1 | Start=2026-05-06 10:05:58.583 | Elapsed=0ms | Status=Completed
2026-05-06 10:05:58 | INF | ACTION_TRACE | Acc=admin | Path=/lib/html-to-image/html-to-image.js.map | IP=::1 | Start=2026-05-06 10:05:58.870 | Elapsed=0ms | Status=Completed
2026-05-06 10:06:02 | INF | ACTION_TRACE | Acc=admin | Path=/Home/GetMenu | IP=::1 | Start=2026-05-06 10:06:01.764 | Elapsed=284ms | Status=Completed
2026-05-06 10:06:04 | INF | CONTROLLER_EXEC | Acc= admin | IP=::1 | Path=ATT111001/ATT111001 | Message=GET /ATT111001/ATT111001
2026-05-06 10:06:04 | INF | ACTION_TRACE | Acc=admin | Path=/ATT111001/ATT111001 | IP=::1 | Start=2026-05-06 10:06:03.992 | Elapsed=9ms | Status=Completed
2026-05-06 10:06:04 | INF | CONTROLLER_EXEC | Acc= admin | IP=::1 | Path=ATT111001/GetList | Message=POST /ATT111001/GetList
2026-05-06 10:06:04 | INF | ACTION_TRACE | Acc=admin | Path=/ATT111001/GetList | IP=::1 | Start=2026-05-06 10:06:04.109 | Elapsed=7ms | Status=Completed
2026-05-06 10:07:16 | INF | ACTION_TRACE | Acc=admin | Path=/.well-known/appspecific/com.chrome.devtools.json | IP=::1 | Start=2026-05-06 10:07:16.191 | Elapsed=0ms | Status=Completed
2026-05-06 10:07:16 | INF | ACTION_TRACE | Acc=admin | Path=/lib/html-to-image/html-to-image.js.map | IP=::1 | Start=2026-05-06 10:07:16.241 | Elapsed=0ms | Status=Completed
2026-05-06 10:09:21 | WRN | No store type was specified for the decimal property 'OveMoney' on entity type 'HROvertime'. This will cause values to be silently truncated if they do not fit in the default precision and scale. Explicitly specify the SQL server column type that can accommodate all the values in 'OnModelCreating' using 'HasColumnType', specify precision and scale using 'HasPrecision', or configure a value converter using 'HasConversion'.
2026-05-06 10:09:21 | WRN | No store type was specified for the decimal property 'Wag1D1Hour' on entity type 'HRWage'. This will cause values to be silently truncated if they do not fit in the default precision and scale. Explicitly specify the SQL server column type that can accommodate all the values in 'OnModelCreating' using 'HasColumnType', specify precision and scale using 'HasPrecision', or configure a value converter using 'HasConversion'.
2026-05-06 10:09:21 | WRN | No store type was specified for the decimal property 'Wag2D1Hour' on entity type 'HRWage'. This will cause values to be silently truncated if they do not fit in the default precision and scale. Explicitly specify the SQL server column type that can accommodate all the values in 'OnModelCreating' using 'HasColumnType', specify precision and scale using 'HasPrecision', or configure a value converter using 'HasConversion'.
2026-05-06 10:09:21 | WRN | No store type was specified for the decimal property 'Wag4D3Hour' on entity type 'HRWage'. This will cause values to be silently truncated if they do not fit in the default precision and scale. Explicitly specify the SQL server column type that can accommodate all the values in 'OnModelCreating' using 'HasColumnType', specify precision and scale using 'HasPrecision', or configure a value converter using 'HasConversion'.
2026-05-06 10:09:21 | WRN | No store type was specified for the decimal property 'Wag5D3Hour' on entity type 'HRWage'. This will cause values to be silently truncated if they do not fit in the default precision and scale. Explicitly specify the SQL server column type that can accommodate all the values in 'OnModelCreating' using 'HasColumnType', specify precision and scale using 'HasPrecision', or configure a value converter using 'HasConversion'.
2026-05-06 10:09:21 | WRN | No store type was specified for the decimal property 'Wag8D3Hour' on entity type 'HRWage'. This will cause values to be silently truncated if they do not fit in the default precision and scale. Explicitly specify the SQL server column type that can accommodate all the values in 'OnModelCreating' using 'HasColumnType', specify precision and scale using 'HasPrecision', or configure a value converter using 'HasConversion'.
2026-05-06 10:09:21 | WRN | No store type was specified for the decimal property 'WagApplyHour' on entity type 'HRWage'. This will cause values to be silently truncated if they do not fit in the default precision and scale. Explicitly specify the SQL server column type that can accommodate all the values in 'OnModelCreating' using 'HasColumnType', specify precision and scale using 'HasPrecision', or configure a value converter using 'HasConversion'.
2026-05-06 10:09:21 | WRN | No store type was specified for the decimal property 'WagIssueHour' on entity type 'HRWage'. This will cause values to be silently truncated if they do not fit in the default precision and scale. Explicitly specify the SQL server column type that can accommodate all the values in 'OnModelCreating' using 'HasColumnType', specify precision and scale using 'HasPrecision', or configure a value converter using 'HasConversion'.
2026-05-06 10:09:21 | WRN | No store type was specified for the decimal property 'WagSubtotal' on entity type 'HRWage'. This will cause values to be silently truncated if they do not fit in the default precision and scale. Explicitly specify the SQL server column type that can accommodate all the values in 'OnModelCreating' using 'HasColumnType', specify precision and scale using 'HasPrecision', or configure a value converter using 'HasConversion'.
2026-05-06 10:09:27 | WRN | The query uses the 'First'/'FirstOrDefault' operator without 'OrderBy' and filter operators. This may lead to unpredictable results.
2026-05-06 10:09:28 | INF | ACTION_TRACE | Acc=admin | Path=/ | IP=::1 | Start=2026-05-06 10:09:20.955 | Elapsed=7098ms | Status=Completed
2026-05-06 10:09:28 | INF | NETWORK_UNSTABLE | Acc=admin | Path=/ | Reason=SlowRequest 7098ms
2026-05-06 10:09:28 | INF | ACTION_TRACE | Acc=admin | Path=/Captcha/Generate | IP=::1 | Start=2026-05-06 10:09:28.319 | Elapsed=39ms | Status=Completed
2026-05-06 10:09:28 | INF | ACTION_TRACE | Acc=admin | Path=/DNTCaptchaImage/Show | IP=::1 | Start=2026-05-06 10:09:28.371 | Elapsed=119ms | Status=Completed
2026-05-06 10:09:39 | INF | ACTION_TRACE | Acc=admin | Path=/Account/Login | IP=::1 | Start=2026-05-06 10:09:33.004 | Elapsed=6927ms | Status=Completed
2026-05-06 10:09:39 | INF | NETWORK_UNSTABLE | Acc=admin | Path=/Account/Login | Reason=SlowRequest 6927ms
2026-05-06 10:09:40 | INF | ACTION_TRACE | Acc=admin | Path=/Home/Index | IP=::1 | Start=2026-05-06 10:09:39.946 | Elapsed=251ms | Status=Completed
2026-05-06 10:09:41 | INF | ACTION_TRACE | Acc=admin | Path=/Home/GetMenu | IP=::1 | Start=2026-05-06 10:09:41.686 | Elapsed=60ms | Status=Completed
2026-05-06 10:09:45 | INF | CONTROLLER_EXEC | Acc= admin | IP=::1 | Path=ATT111001/ATT111001 | Message=GET /ATT111001/ATT111001
2026-05-06 10:09:45 | INF | ACTION_TRACE | Acc=admin | Path=/ATT111001/ATT111001 | IP=::1 | Start=2026-05-06 10:09:45.090 | Elapsed=73ms | Status=Completed
2026-05-06 10:09:45 | INF | CONTROLLER_EXEC | Acc= admin | IP=::1 | Path=ATT111001/GetList | Message=POST /ATT111001/GetList
2026-05-06 10:09:45 | INF | ACTION_TRACE | Acc=admin | Path=/ATT111001/GetList | IP=::1 | Start=2026-05-06 10:09:45.205 | Elapsed=94ms | Status=Completed
2026-05-06 10:09:50 | INF | ACTION_TRACE | Acc=admin | Path=/.well-known/appspecific/com.chrome.devtools.json | IP=::1 | Start=2026-05-06 10:09:50.205 | Elapsed=0ms | Status=Completed
2026-05-06 10:09:50 | INF | ACTION_TRACE | Acc=admin | Path=/lib/html-to-image/html-to-image.js.map | IP=::1 | Start=2026-05-06 10:09:50.262 | Elapsed=0ms | Status=Completed
2026-05-06 10:09:57 | INF | ACTION_TRACE | Acc=admin | Path=/Home/Index | IP=::1 | Start=2026-05-06 10:09:57.891 | Elapsed=26ms | Status=Completed
2026-05-06 10:09:57 | INF | ACTION_TRACE | Acc=admin | Path=/.well-known/appspecific/com.chrome.devtools.json | IP=::1 | Start=2026-05-06 10:09:57.963 | Elapsed=0ms | Status=Completed
2026-05-06 10:09:58 | INF | ACTION_TRACE | Acc=admin | Path=/lib/html-to-image/html-to-image.js.map | IP=::1 | Start=2026-05-06 10:09:58.129 | Elapsed=0ms | Status=Completed
2026-05-06 10:10:00 | INF | ACTION_TRACE | Acc=admin | Path=/Home/GetMenu | IP=::1 | Start=2026-05-06 10:10:00.357 | Elapsed=72ms | Status=Completed
2026-05-06 10:10:01 | INF | CONTROLLER_EXEC | Acc= admin | IP=::1 | Path=ATT111001/ATT111001 | Message=GET /ATT111001/ATT111001
2026-05-06 10:10:01 | INF | ACTION_TRACE | Acc=admin | Path=/ATT111001/ATT111001 | IP=::1 | Start=2026-05-06 10:10:01.794 | Elapsed=116ms | Status=Completed
2026-05-06 10:10:02 | INF | CONTROLLER_EXEC | Acc= admin | IP=::1 | Path=ATT111001/GetList | Message=POST /ATT111001/GetList
2026-05-06 10:10:02 | INF | ACTION_TRACE | Acc=admin | Path=/ATT111001/GetList | IP=::1 | Start=2026-05-06 10:10:01.967 | Elapsed=298ms | Status=Completed
2026-05-06 10:13:00 | WRN | No store type was specified for the decimal property 'OveMoney' on entity type 'HROvertime'. This will cause values to be silently truncated if they do not fit in the default precision and scale. Explicitly specify the SQL server column type that can accommodate all the values in 'OnModelCreating' using 'HasColumnType', specify precision and scale using 'HasPrecision', or configure a value converter using 'HasConversion'.
2026-05-06 10:13:00 | WRN | No store type was specified for the decimal property 'Wag1D1Hour' on entity type 'HRWage'. This will cause values to be silently truncated if they do not fit in the default precision and scale. Explicitly specify the SQL server column type that can accommodate all the values in 'OnModelCreating' using 'HasColumnType', specify precision and scale using 'HasPrecision', or configure a value converter using 'HasConversion'.
2026-05-06 10:13:00 | WRN | No store type was specified for the decimal property 'Wag2D1Hour' on entity type 'HRWage'. This will cause values to be silently truncated if they do not fit in the default precision and scale. Explicitly specify the SQL server column type that can accommodate all the values in 'OnModelCreating' using 'HasColumnType', specify precision and scale using 'HasPrecision', or configure a value converter using 'HasConversion'.
2026-05-06 10:13:00 | WRN | No store type was specified for the decimal property 'Wag4D3Hour' on entity type 'HRWage'. This will cause values to be silently truncated if they do not fit in the default precision and scale. Explicitly specify the SQL server column type that can accommodate all the values in 'OnModelCreating' using 'HasColumnType', specify precision and scale using 'HasPrecision', or configure a value converter using 'HasConversion'.
2026-05-06 10:13:00 | WRN | No store type was specified for the decimal property 'Wag5D3Hour' on entity type 'HRWage'. This will cause values to be silently truncated if they do not fit in the default precision and scale. Explicitly specify the SQL server column type that can accommodate all the values in 'OnModelCreating' using 'HasColumnType', specify precision and scale using 'HasPrecision', or configure a value converter using 'HasConversion'.
2026-05-06 10:13:00 | WRN | No store type was specified for the decimal property 'Wag8D3Hour' on entity type 'HRWage'. This will cause values to be silently truncated if they do not fit in the default precision and scale. Explicitly specify the SQL server column type that can accommodate all the values in 'OnModelCreating' using 'HasColumnType', specify precision and scale using 'HasPrecision', or configure a value converter using 'HasConversion'.
2026-05-06 10:13:00 | WRN | No store type was specified for the decimal property 'WagApplyHour' on entity type 'HRWage'. This will cause values to be silently truncated if they do not fit in the default precision and scale. Explicitly specify the SQL server column type that can accommodate all the values in 'OnModelCreating' using 'HasColumnType', specify precision and scale using 'HasPrecision', or configure a value converter using 'HasConversion'.
2026-05-06 10:13:00 | WRN | No store type was specified for the decimal property 'WagIssueHour' on entity type 'HRWage'. This will cause values to be silently truncated if they do not fit in the default precision and scale. Explicitly specify the SQL server column type that can accommodate all the values in 'OnModelCreating' using 'HasColumnType', specify precision and scale using 'HasPrecision', or configure a value converter using 'HasConversion'.
2026-05-06 10:13:00 | WRN | No store type was specified for the decimal property 'WagSubtotal' on entity type 'HRWage'. This will cause values to be silently truncated if they do not fit in the default precision and scale. Explicitly specify the SQL server column type that can accommodate all the values in 'OnModelCreating' using 'HasColumnType', specify precision and scale using 'HasPrecision', or configure a value converter using 'HasConversion'.
2026-05-06 10:13:05 | WRN | The query uses the 'First'/'FirstOrDefault' operator without 'OrderBy' and filter operators. This may lead to unpredictable results.
2026-05-06 10:13:06 | INF | ACTION_TRACE | Acc=admin | Path=/ | IP=::1 | Start=2026-05-06 10:12:59.072 | Elapsed=7097ms | Status=Completed
2026-05-06 10:13:06 | INF | NETWORK_UNSTABLE | Acc=admin | Path=/ | Reason=SlowRequest 7097ms
2026-05-06 10:13:06 | INF | ACTION_TRACE | Acc=admin | Path=/Captcha/Generate | IP=::1 | Start=2026-05-06 10:13:06.385 | Elapsed=39ms | Status=Completed
2026-05-06 10:13:06 | INF | ACTION_TRACE | Acc=admin | Path=/DNTCaptchaImage/Show | IP=::1 | Start=2026-05-06 10:13:06.439 | Elapsed=169ms | Status=Completed
2026-05-06 10:13:17 | INF | ACTION_TRACE | Acc=admin | Path=/Account/Login | IP=::1 | Start=2026-05-06 10:13:10.456 | Elapsed=7085ms | Status=Completed
2026-05-06 10:13:17 | INF | NETWORK_UNSTABLE | Acc=admin | Path=/Account/Login | Reason=SlowRequest 7085ms
2026-05-06 10:13:17 | INF | ACTION_TRACE | Acc=admin | Path=/Home/Index | IP=::1 | Start=2026-05-06 10:13:17.553 | Elapsed=274ms | Status=Completed
2026-05-06 10:13:19 | INF | ACTION_TRACE | Acc=admin | Path=/Home/GetMenu | IP=::1 | Start=2026-05-06 10:13:19.409 | Elapsed=14ms | Status=Completed
2026-05-06 10:13:22 | INF | ACTION_TRACE | Acc=admin | Path=/.well-known/appspecific/com.chrome.devtools.json | IP=::1 | Start=2026-05-06 10:13:22.566 | Elapsed=0ms | Status=Completed
2026-05-06 10:13:22 | INF | ACTION_TRACE | Acc=admin | Path=/lib/html-to-image/html-to-image.js.map | IP=::1 | Start=2026-05-06 10:13:22.637 | Elapsed=0ms | Status=Completed
2026-05-06 10:13:24 | INF | ACTION_TRACE | Acc=admin | Path=/Home/Index | IP=::1 | Start=2026-05-06 10:13:24.041 | Elapsed=23ms | Status=Completed
2026-05-06 10:13:24 | INF | ACTION_TRACE | Acc=admin | Path=/.well-known/appspecific/com.chrome.devtools.json | IP=::1 | Start=2026-05-06 10:13:24.160 | Elapsed=0ms | Status=Completed
2026-05-06 10:13:24 | INF | ACTION_TRACE | Acc=admin | Path=/lib/html-to-image/html-to-image.js.map | IP=::1 | Start=2026-05-06 10:13:24.254 | Elapsed=0ms | Status=Completed
2026-05-06 10:13:26 | INF | ACTION_TRACE | Acc=admin | Path=/Home/GetMenu | IP=::1 | Start=2026-05-06 10:13:26.646 | Elapsed=10ms | Status=Completed
2026-05-06 10:13:28 | INF | CONTROLLER_EXEC | Acc= admin | IP=::1 | Path=ATT111001/ATT111001 | Message=GET /ATT111001/ATT111001
2026-05-06 10:13:28 | INF | ACTION_TRACE | Acc=admin | Path=/ATT111001/ATT111001 | IP=::1 | Start=2026-05-06 10:13:28.887 | Elapsed=98ms | Status=Completed
2026-05-06 10:13:56 | ERR | REQUEST_EXCEPTION | Path=/ATT111001/GetList | Method=POST
2026-05-06 10:15:42 | WRN | No store type was specified for the decimal property 'OveMoney' on entity type 'HROvertime'. This will cause values to be silently truncated if they do not fit in the default precision and scale. Explicitly specify the SQL server column type that can accommodate all the values in 'OnModelCreating' using 'HasColumnType', specify precision and scale using 'HasPrecision', or configure a value converter using 'HasConversion'.
2026-05-06 10:15:42 | WRN | No store type was specified for the decimal property 'Wag1D1Hour' on entity type 'HRWage'. This will cause values to be silently truncated if they do not fit in the default precision and scale. Explicitly specify the SQL server column type that can accommodate all the values in 'OnModelCreating' using 'HasColumnType', specify precision and scale using 'HasPrecision', or configure a value converter using 'HasConversion'.
2026-05-06 10:15:42 | WRN | No store type was specified for the decimal property 'Wag2D1Hour' on entity type 'HRWage'. This will cause values to be silently truncated if they do not fit in the default precision and scale. Explicitly specify the SQL server column type that can accommodate all the values in 'OnModelCreating' using 'HasColumnType', specify precision and scale using 'HasPrecision', or configure a value converter using 'HasConversion'.
2026-05-06 10:15:42 | WRN | No store type was specified for the decimal property 'Wag4D3Hour' on entity type 'HRWage'. This will cause values to be silently truncated if they do not fit in the default precision and scale. Explicitly specify the SQL server column type that can accommodate all the values in 'OnModelCreating' using 'HasColumnType', specify precision and scale using 'HasPrecision', or configure a value converter using 'HasConversion'.
2026-05-06 10:15:42 | WRN | No store type was specified for the decimal property 'Wag5D3Hour' on entity type 'HRWage'. This will cause values to be silently truncated if they do not fit in the default precision and scale. Explicitly specify the SQL server column type that can accommodate all the values in 'OnModelCreating' using 'HasColumnType', specify precision and scale using 'HasPrecision', or configure a value converter using 'HasConversion'.
2026-05-06 10:15:42 | WRN | No store type was specified for the decimal property 'Wag8D3Hour' on entity type 'HRWage'. This will cause values to be silently truncated if they do not fit in the default precision and scale. Explicitly specify the SQL server column type that can accommodate all the values in 'OnModelCreating' using 'HasColumnType', specify precision and scale using 'HasPrecision', or configure a value converter using 'HasConversion'.
2026-05-06 10:15:42 | WRN | No store type was specified for the decimal property 'WagApplyHour' on entity type 'HRWage'. This will cause values to be silently truncated if they do not fit in the default precision and scale. Explicitly specify the SQL server column type that can accommodate all the values in 'OnModelCreating' using 'HasColumnType', specify precision and scale using 'HasPrecision', or configure a value converter using 'HasConversion'.
2026-05-06 10:15:42 | WRN | No store type was specified for the decimal property 'WagIssueHour' on entity type 'HRWage'. This will cause values to be silently truncated if they do not fit in the default precision and scale. Explicitly specify the SQL server column type that can accommodate all the values in 'OnModelCreating' using 'HasColumnType', specify precision and scale using 'HasPrecision', or configure a value converter using 'HasConversion'.
2026-05-06 10:15:42 | WRN | No store type was specified for the decimal property 'WagSubtotal' on entity type 'HRWage'. This will cause values to be silently truncated if they do not fit in the default precision and scale. Explicitly specify the SQL server column type that can accommodate all the values in 'OnModelCreating' using 'HasColumnType', specify precision and scale using 'HasPrecision', or configure a value converter using 'HasConversion'.
2026-05-06 10:15:47 | WRN | The query uses the 'First'/'FirstOrDefault' operator without 'OrderBy' and filter operators. This may lead to unpredictable results.
2026-05-06 10:15:48 | INF | ACTION_TRACE | Acc=admin | Path=/ | IP=::1 | Start=2026-05-06 10:15:41.421 | Elapsed=7100ms | Status=Completed
2026-05-06 10:15:48 | INF | NETWORK_UNSTABLE | Acc=admin | Path=/ | Reason=SlowRequest 7100ms
2026-05-06 10:15:48 | INF | ACTION_TRACE | Acc=admin | Path=/Captcha/Generate | IP=::1 | Start=2026-05-06 10:15:48.728 | Elapsed=40ms | Status=Completed
2026-05-06 10:15:48 | INF | ACTION_TRACE | Acc=admin | Path=/DNTCaptchaImage/Show | IP=::1 | Start=2026-05-06 10:15:48.783 | Elapsed=108ms | Status=Completed
2026-05-06 10:16:02 | INF | ACTION_TRACE | Acc=admin | Path=/Account/Login | IP=::1 | Start=2026-05-06 10:15:55.266 | Elapsed=6768ms | Status=Completed
2026-05-06 10:16:02 | INF | NETWORK_UNSTABLE | Acc=admin | Path=/Account/Login | Reason=SlowRequest 6768ms
2026-05-06 10:16:02 | INF | ACTION_TRACE | Acc=admin | Path=/Home/Index | IP=::1 | Start=2026-05-06 10:16:02.050 | Elapsed=247ms | Status=Completed
2026-05-06 10:16:03 | INF | ACTION_TRACE | Acc=admin | Path=/Home/GetMenu | IP=::1 | Start=2026-05-06 10:16:03.981 | Elapsed=16ms | Status=Completed
2026-05-06 10:16:08 | INF | CONTROLLER_EXEC | Acc= admin | IP=::1 | Path=ATT111001/ATT111001 | Message=GET /ATT111001/ATT111001
2026-05-06 10:16:08 | INF | ACTION_TRACE | Acc=admin | Path=/ATT111001/ATT111001 | IP=::1 | Start=2026-05-06 10:16:08.445 | Elapsed=71ms | Status=Completed
2026-05-06 10:16:12 | INF | ACTION_TRACE | Acc=admin | Path=/.well-known/appspecific/com.chrome.devtools.json | IP=::1 | Start=2026-05-06 10:16:12.138 | Elapsed=0ms | Status=Completed
2026-05-06 10:16:12 | INF | ACTION_TRACE | Acc=admin | Path=/lib/html-to-image/html-to-image.js.map | IP=::1 | Start=2026-05-06 10:16:12.200 | Elapsed=0ms | Status=Completed
2026-05-06 10:16:19 | INF | CONTROLLER_EXEC | Acc= admin | IP=::1 | Path=ATT111001/ATT111001 | Message=GET /ATT111001/ATT111001
2026-05-06 10:16:19 | INF | ACTION_TRACE | Acc=admin | Path=/ATT111001/ATT111001 | IP=::1 | Start=2026-05-06 10:16:19.893 | Elapsed=6ms | Status=Completed
2026-05-06 10:16:20 | INF | CONTROLLER_EXEC | Acc= admin | IP=::1 | Path=ATT111001/GetList | Message=POST /ATT111001/GetList
2026-05-06 10:16:20 | INF | ACTION_TRACE | Acc=admin | Path=/ATT111001/GetList | IP=::1 | Start=2026-05-06 10:16:20.000 | Elapsed=142ms | Status=Completed
2026-05-06 10:16:22 | INF | ACTION_TRACE | Acc=admin | Path=/Home/Index | IP=::1 | Start=2026-05-06 10:16:22.189 | Elapsed=24ms | Status=Completed
2026-05-06 10:16:22 | INF | ACTION_TRACE | Acc=admin | Path=/.well-known/appspecific/com.chrome.devtools.json | IP=::1 | Start=2026-05-06 10:16:22.323 | Elapsed=0ms | Status=Completed
2026-05-06 10:16:22 | INF | ACTION_TRACE | Acc=admin | Path=/lib/html-to-image/html-to-image.js.map | IP=::1 | Start=2026-05-06 10:16:22.509 | Elapsed=0ms | Status=Completed
2026-05-06 10:16:25 | INF | ACTION_TRACE | Acc=admin | Path=/Home/GetMenu | IP=::1 | Start=2026-05-06 10:16:25.788 | Elapsed=10ms | Status=Completed
2026-05-06 10:16:29 | INF | CONTROLLER_EXEC | Acc= admin | IP=::1 | Path=ATT111001/ATT111001 | Message=GET /ATT111001/ATT111001
2026-05-06 10:16:29 | INF | ACTION_TRACE | Acc=admin | Path=/ATT111001/ATT111001 | IP=::1 | Start=2026-05-06 10:16:29.579 | Elapsed=8ms | Status=Completed
2026-05-06 10:18:18 | WRN | No store type was specified for the decimal property 'OveMoney' on entity type 'HROvertime'. This will cause values to be silently truncated if they do not fit in the default precision and scale. Explicitly specify the SQL server column type that can accommodate all the values in 'OnModelCreating' using 'HasColumnType', specify precision and scale using 'HasPrecision', or configure a value converter using 'HasConversion'.
2026-05-06 10:18:18 | WRN | No store type was specified for the decimal property 'Wag1D1Hour' on entity type 'HRWage'. This will cause values to be silently truncated if they do not fit in the default precision and scale. Explicitly specify the SQL server column type that can accommodate all the values in 'OnModelCreating' using 'HasColumnType', specify precision and scale using 'HasPrecision', or configure a value converter using 'HasConversion'.
2026-05-06 10:18:18 | WRN | No store type was specified for the decimal property 'Wag2D1Hour' on entity type 'HRWage'. This will cause values to be silently truncated if they do not fit in the default precision and scale. Explicitly specify the SQL server column type that can accommodate all the values in 'OnModelCreating' using 'HasColumnType', specify precision and scale using 'HasPrecision', or configure a value converter using 'HasConversion'.
2026-05-06 10:18:18 | WRN | No store type was specified for the decimal property 'Wag4D3Hour' on entity type 'HRWage'. This will cause values to be silently truncated if they do not fit in the default precision and scale. Explicitly specify the SQL server column type that can accommodate all the values in 'OnModelCreating' using 'HasColumnType', specify precision and scale using 'HasPrecision', or configure a value converter using 'HasConversion'.
2026-05-06 10:18:18 | WRN | No store type was specified for the decimal property 'Wag5D3Hour' on entity type 'HRWage'. This will cause values to be silently truncated if they do not fit in the default precision and scale. Explicitly specify the SQL server column type that can accommodate all the values in 'OnModelCreating' using 'HasColumnType', specify precision and scale using 'HasPrecision', or configure a value converter using 'HasConversion'.
2026-05-06 10:18:18 | WRN | No store type was specified for the decimal property 'Wag8D3Hour' on entity type 'HRWage'. This will cause values to be silently truncated if they do not fit in the default precision and scale. Explicitly specify the SQL server column type that can accommodate all the values in 'OnModelCreating' using 'HasColumnType', specify precision and scale using 'HasPrecision', or configure a value converter using 'HasConversion'.
2026-05-06 10:18:18 | WRN | No store type was specified for the decimal property 'WagApplyHour' on entity type 'HRWage'. This will cause values to be silently truncated if they do not fit in the default precision and scale. Explicitly specify the SQL server column type that can accommodate all the values in 'OnModelCreating' using 'HasColumnType', specify precision and scale using 'HasPrecision', or configure a value converter using 'HasConversion'.
2026-05-06 10:18:18 | WRN | No store type was specified for the decimal property 'WagIssueHour' on entity type 'HRWage'. This will cause values to be silently truncated if they do not fit in the default precision and scale. Explicitly specify the SQL server column type that can accommodate all the values in 'OnModelCreating' using 'HasColumnType', specify precision and scale using 'HasPrecision', or configure a value converter using 'HasConversion'.
2026-05-06 10:18:18 | WRN | No store type was specified for the decimal property 'WagSubtotal' on entity type 'HRWage'. This will cause values to be silently truncated if they do not fit in the default precision and scale. Explicitly specify the SQL server column type that can accommodate all the values in 'OnModelCreating' using 'HasColumnType', specify precision and scale using 'HasPrecision', or configure a value converter using 'HasConversion'.
2026-05-06 10:18:23 | WRN | The query uses the 'First'/'FirstOrDefault' operator without 'OrderBy' and filter operators. This may lead to unpredictable results.
2026-05-06 10:18:24 | INF | ACTION_TRACE | Acc=admin | Path=/ | IP=::1 | Start=2026-05-06 10:18:17.562 | Elapsed=7033ms | Status=Completed
2026-05-06 10:18:24 | INF | NETWORK_UNSTABLE | Acc=admin | Path=/ | Reason=SlowRequest 7033ms
2026-05-06 10:18:24 | INF | ACTION_TRACE | Acc=admin | Path=/Captcha/Generate | IP=::1 | Start=2026-05-06 10:18:24.803 | Elapsed=34ms | Status=Completed
2026-05-06 10:18:25 | INF | ACTION_TRACE | Acc=admin | Path=/DNTCaptchaImage/Show | IP=::1 | Start=2026-05-06 10:18:24.860 | Elapsed=246ms | Status=Completed
2026-05-06 10:18:38 | INF | ACTION_TRACE | Acc=admin | Path=/Account/Login | IP=::1 | Start=2026-05-06 10:18:29.416 | Elapsed=8802ms | Status=Completed
2026-05-06 10:18:38 | INF | NETWORK_UNSTABLE | Acc=admin | Path=/Account/Login | Reason=SlowRequest 8802ms
2026-05-06 10:18:38 | INF | ACTION_TRACE | Acc=admin | Path=/Home/Index | IP=::1 | Start=2026-05-06 10:18:38.232 | Elapsed=230ms | Status=Completed
2026-05-06 10:18:40 | INF | ACTION_TRACE | Acc=admin | Path=/Home/GetMenu | IP=::1 | Start=2026-05-06 10:18:40.198 | Elapsed=14ms | Status=Completed
2026-05-06 10:18:44 | INF | CONTROLLER_EXEC | Acc= admin | IP=::1 | Path=ATT111001/ATT111001 | Message=GET /ATT111001/ATT111001
2026-05-06 10:18:44 | INF | ACTION_TRACE | Acc=admin | Path=/ATT111001/ATT111001 | IP=::1 | Start=2026-05-06 10:18:44.609 | Elapsed=81ms | Status=Completed
2026-05-06 10:18:46 | INF | ACTION_TRACE | Acc=admin | Path=/.well-known/appspecific/com.chrome.devtools.json | IP=::1 | Start=2026-05-06 10:18:46.641 | Elapsed=0ms | Status=Completed
2026-05-06 10:18:46 | INF | ACTION_TRACE | Acc=admin | Path=/lib/html-to-image/html-to-image.js.map | IP=::1 | Start=2026-05-06 10:18:46.744 | Elapsed=0ms | Status=Completed
2026-05-06 10:19:11 | INF | CONTROLLER_EXEC | Acc= admin | IP=::1 | Path=ATT111001/ATT111001 | Message=GET /ATT111001/ATT111001
2026-05-06 10:19:11 | INF | ACTION_TRACE | Acc=admin | Path=/ATT111001/ATT111001 | IP=::1 | Start=2026-05-06 10:19:11.753 | Elapsed=5ms | Status=Completed
2026-05-06 10:19:11 | INF | CONTROLLER_EXEC | Acc= admin | IP=::1 | Path=ATT111001/GetList | Message=POST /ATT111001/GetList
2026-05-06 10:19:11 | INF | ACTION_TRACE | Acc=admin | Path=/ATT111001/GetList | IP=::1 | Start=2026-05-06 10:19:11.821 | Elapsed=112ms | Status=Completed
2026-05-06 10:19:15 | INF | ACTION_TRACE | Acc=admin | Path=/Home/Index | IP=::1 | Start=2026-05-06 10:19:15.300 | Elapsed=17ms | Status=Completed
2026-05-06 10:19:15 | INF | ACTION_TRACE | Acc=admin | Path=/.well-known/appspecific/com.chrome.devtools.json | IP=::1 | Start=2026-05-06 10:19:15.423 | Elapsed=0ms | Status=Completed
2026-05-06 10:19:15 | INF | ACTION_TRACE | Acc=admin | Path=/lib/html-to-image/html-to-image.js.map | IP=::1 | Start=2026-05-06 10:19:15.646 | Elapsed=0ms | Status=Completed
2026-05-06 10:19:16 | INF | ACTION_TRACE | Acc=admin | Path=/Home/GetMenu | IP=::1 | Start=2026-05-06 10:19:16.333 | Elapsed=65ms | Status=Completed
2026-05-06 10:19:20 | INF | CONTROLLER_EXEC | Acc= admin | IP=::1 | Path=ATT111001/ATT111001 | Message=GET /ATT111001/ATT111001
2026-05-06 10:19:20 | INF | ACTION_TRACE | Acc=admin | Path=/ATT111001/ATT111001 | IP=::1 | Start=2026-05-06 10:19:20.975 | Elapsed=8ms | Status=Completed
2026-05-06 10:20:30 | INF | ACTION_TRACE | Acc=admin | Path=/Home/Index | IP=::1 | Start=2026-05-06 10:20:30.511 | Elapsed=18ms | Status=Completed
2026-05-06 10:20:31 | INF | ACTION_TRACE | Acc=admin | Path=/.well-known/appspecific/com.chrome.devtools.json | IP=::1 | Start=2026-05-06 10:20:31.864 | Elapsed=0ms | Status=Completed
2026-05-06 10:20:31 | INF | ACTION_TRACE | Acc=admin | Path=/lib/html-to-image/html-to-image.js.map | IP=::1 | Start=2026-05-06 10:20:31.935 | Elapsed=0ms | Status=Completed
2026-05-06 10:20:32 | INF | ACTION_TRACE | Acc=admin | Path=/Home/GetMenu | IP=::1 | Start=2026-05-06 10:20:32.396 | Elapsed=7ms | Status=Completed
2026-05-06 10:20:36 | INF | CONTROLLER_EXEC | Acc= admin | IP=::1 | Path=ATT111001/ATT111001 | Message=GET /ATT111001/ATT111001
2026-05-06 10:20:36 | INF | ACTION_TRACE | Acc=admin | Path=/ATT111001/ATT111001 | IP=::1 | Start=2026-05-06 10:20:36.223 | Elapsed=7ms | Status=Completed
2026-05-06 10:42:29 | WRN | No store type was specified for the decimal property 'OveMoney' on entity type 'HROvertime'. This will cause values to be silently truncated if they do not fit in the default precision and scale. Explicitly specify the SQL server column type that can accommodate all the values in 'OnModelCreating' using 'HasColumnType', specify precision and scale using 'HasPrecision', or configure a value converter using 'HasConversion'.
2026-05-06 10:42:29 | WRN | No store type was specified for the decimal property 'Wag1D1Hour' on entity type 'HRWage'. This will cause values to be silently truncated if they do not fit in the default precision and scale. Explicitly specify the SQL server column type that can accommodate all the values in 'OnModelCreating' using 'HasColumnType', specify precision and scale using 'HasPrecision', or configure a value converter using 'HasConversion'.
2026-05-06 10:42:29 | WRN | No store type was specified for the decimal property 'Wag2D1Hour' on entity type 'HRWage'. This will cause values to be silently truncated if they do not fit in the default precision and scale. Explicitly specify the SQL server column type that can accommodate all the values in 'OnModelCreating' using 'HasColumnType', specify precision and scale using 'HasPrecision', or configure a value converter using 'HasConversion'.
2026-05-06 10:42:29 | WRN | No store type was specified for the decimal property 'Wag4D3Hour' on entity type 'HRWage'. This will cause values to be silently truncated if they do not fit in the default precision and scale. Explicitly specify the SQL server column type that can accommodate all the values in 'OnModelCreating' using 'HasColumnType', specify precision and scale using 'HasPrecision', or configure a value converter using 'HasConversion'.
2026-05-06 10:42:29 | WRN | No store type was specified for the decimal property 'Wag5D3Hour' on entity type 'HRWage'. This will cause values to be silently truncated if they do not fit in the default precision and scale. Explicitly specify the SQL server column type that can accommodate all the values in 'OnModelCreating' using 'HasColumnType', specify precision and scale using 'HasPrecision', or configure a value converter using 'HasConversion'.
2026-05-06 10:42:29 | WRN | No store type was specified for the decimal property 'Wag8D3Hour' on entity type 'HRWage'. This will cause values to be silently truncated if they do not fit in the default precision and scale. Explicitly specify the SQL server column type that can accommodate all the values in 'OnModelCreating' using 'HasColumnType', specify precision and scale using 'HasPrecision', or configure a value converter using 'HasConversion'.
2026-05-06 10:42:29 | WRN | No store type was specified for the decimal property 'WagApplyHour' on entity type 'HRWage'. This will cause values to be silently truncated if they do not fit in the default precision and scale. Explicitly specify the SQL server column type that can accommodate all the values in 'OnModelCreating' using 'HasColumnType', specify precision and scale using 'HasPrecision', or configure a value converter using 'HasConversion'.
2026-05-06 10:42:29 | WRN | No store type was specified for the decimal property 'WagIssueHour' on entity type 'HRWage'. This will cause values to be silently truncated if they do not fit in the default precision and scale. Explicitly specify the SQL server column type that can accommodate all the values in 'OnModelCreating' using 'HasColumnType', specify precision and scale using 'HasPrecision', or configure a value converter using 'HasConversion'.
2026-05-06 10:42:29 | WRN | No store type was specified for the decimal property 'WagSubtotal' on entity type 'HRWage'. This will cause values to be silently truncated if they do not fit in the default precision and scale. Explicitly specify the SQL server column type that can accommodate all the values in 'OnModelCreating' using 'HasColumnType', specify precision and scale using 'HasPrecision', or configure a value converter using 'HasConversion'.
2026-05-06 10:42:34 | WRN | The query uses the 'First'/'FirstOrDefault' operator without 'OrderBy' and filter operators. This may lead to unpredictable results.
2026-05-06 10:42:35 | INF | ACTION_TRACE | Acc=admin | Path=/ | IP=::1 | Start=2026-05-06 10:42:28.462 | Elapsed=7027ms | Status=Completed
2026-05-06 10:42:35 | INF | NETWORK_UNSTABLE | Acc=admin | Path=/ | Reason=SlowRequest 7027ms
2026-05-06 10:42:35 | INF | ACTION_TRACE | Acc=admin | Path=/Captcha/Generate | IP=::1 | Start=2026-05-06 10:42:35.757 | Elapsed=38ms | Status=Completed
2026-05-06 10:42:35 | INF | ACTION_TRACE | Acc=admin | Path=/DNTCaptchaImage/Show | IP=::1 | Start=2026-05-06 10:42:35.814 | Elapsed=142ms | Status=Completed
2026-05-06 10:42:48 | INF | ACTION_TRACE | Acc=admin | Path=/Account/Login | IP=::1 | Start=2026-05-06 10:42:41.530 | Elapsed=6546ms | Status=Completed
2026-05-06 10:42:48 | INF | NETWORK_UNSTABLE | Acc=admin | Path=/Account/Login | Reason=SlowRequest 6546ms
2026-05-06 10:42:48 | INF | ACTION_TRACE | Acc=admin | Path=/Home/Index | IP=::1 | Start=2026-05-06 10:42:48.089 | Elapsed=211ms | Status=Completed
2026-05-06 10:42:49 | INF | ACTION_TRACE | Acc=admin | Path=/Home/GetMenu | IP=::1 | Start=2026-05-06 10:42:49.657 | Elapsed=12ms | Status=Completed
2026-05-06 10:42:51 | INF | CONTROLLER_EXEC | Acc= admin | IP=::1 | Path=ATT111001/ATT111001 | Message=GET /ATT111001/ATT111001
2026-05-06 10:42:51 | INF | ACTION_TRACE | Acc=admin | Path=/ATT111001/ATT111001 | IP=::1 | Start=2026-05-06 10:42:51.858 | Elapsed=70ms | Status=Completed
2026-05-06 10:42:54 | INF | ACTION_TRACE | Acc=admin | Path=/.well-known/appspecific/com.chrome.devtools.json | IP=::1 | Start=2026-05-06 10:42:54.117 | Elapsed=0ms | Status=Completed
2026-05-06 10:42:54 | INF | ACTION_TRACE | Acc=admin | Path=/lib/html-to-image/html-to-image.js.map | IP=::1 | Start=2026-05-06 10:42:54.211 | Elapsed=0ms | Status=Completed
2026-05-06 10:43:38 | WRN | No store type was specified for the decimal property 'OveMoney' on entity type 'HROvertime'. This will cause values to be silently truncated if they do not fit in the default precision and scale. Explicitly specify the SQL server column type that can accommodate all the values in 'OnModelCreating' using 'HasColumnType', specify precision and scale using 'HasPrecision', or configure a value converter using 'HasConversion'.
2026-05-06 10:43:38 | WRN | No store type was specified for the decimal property 'Wag1D1Hour' on entity type 'HRWage'. This will cause values to be silently truncated if they do not fit in the default precision and scale. Explicitly specify the SQL server column type that can accommodate all the values in 'OnModelCreating' using 'HasColumnType', specify precision and scale using 'HasPrecision', or configure a value converter using 'HasConversion'.
2026-05-06 10:43:38 | WRN | No store type was specified for the decimal property 'Wag2D1Hour' on entity type 'HRWage'. This will cause values to be silently truncated if they do not fit in the default precision and scale. Explicitly specify the SQL server column type that can accommodate all the values in 'OnModelCreating' using 'HasColumnType', specify precision and scale using 'HasPrecision', or configure a value converter using 'HasConversion'.
2026-05-06 10:43:38 | WRN | No store type was specified for the decimal property 'Wag4D3Hour' on entity type 'HRWage'. This will cause values to be silently truncated if they do not fit in the default precision and scale. Explicitly specify the SQL server column type that can accommodate all the values in 'OnModelCreating' using 'HasColumnType', specify precision and scale using 'HasPrecision', or configure a value converter using 'HasConversion'.
2026-05-06 10:43:38 | WRN | No store type was specified for the decimal property 'Wag5D3Hour' on entity type 'HRWage'. This will cause values to be silently truncated if they do not fit in the default precision and scale. Explicitly specify the SQL server column type that can accommodate all the values in 'OnModelCreating' using 'HasColumnType', specify precision and scale using 'HasPrecision', or configure a value converter using 'HasConversion'.
2026-05-06 10:43:38 | WRN | No store type was specified for the decimal property 'Wag8D3Hour' on entity type 'HRWage'. This will cause values to be silently truncated if they do not fit in the default precision and scale. Explicitly specify the SQL server column type that can accommodate all the values in 'OnModelCreating' using 'HasColumnType', specify precision and scale using 'HasPrecision', or configure a value converter using 'HasConversion'.
2026-05-06 10:43:38 | WRN | No store type was specified for the decimal property 'WagApplyHour' on entity type 'HRWage'. This will cause values to be silently truncated if they do not fit in the default precision and scale. Explicitly specify the SQL server column type that can accommodate all the values in 'OnModelCreating' using 'HasColumnType', specify precision and scale using 'HasPrecision', or configure a value converter using 'HasConversion'.
2026-05-06 10:43:38 | WRN | No store type was specified for the decimal property 'WagIssueHour' on entity type 'HRWage'. This will cause values to be silently truncated if they do not fit in the default precision and scale. Explicitly specify the SQL server column type that can accommodate all the values in 'OnModelCreating' using 'HasColumnType', specify precision and scale using 'HasPrecision', or configure a value converter using 'HasConversion'.
2026-05-06 10:43:38 | WRN | No store type was specified for the decimal property 'WagSubtotal' on entity type 'HRWage'. This will cause values to be silently truncated if they do not fit in the default precision and scale. Explicitly specify the SQL server column type that can accommodate all the values in 'OnModelCreating' using 'HasColumnType', specify precision and scale using 'HasPrecision', or configure a value converter using 'HasConversion'.
2026-05-06 10:43:43 | WRN | The query uses the 'First'/'FirstOrDefault' operator without 'OrderBy' and filter operators. This may lead to unpredictable results.
2026-05-06 10:43:44 | INF | ACTION_TRACE | Acc=admin | Path=/ | IP=::1 | Start=2026-05-06 10:43:37.488 | Elapsed=7009ms | Status=Completed
2026-05-06 10:43:44 | INF | NETWORK_UNSTABLE | Acc=admin | Path=/ | Reason=SlowRequest 7009ms
2026-05-06 10:43:44 | INF | ACTION_TRACE | Acc=admin | Path=/Captcha/Generate | IP=::1 | Start=2026-05-06 10:43:44.695 | Elapsed=210ms | Status=Completed
2026-05-06 10:43:45 | INF | ACTION_TRACE | Acc=admin | Path=/DNTCaptchaImage/Show | IP=::1 | Start=2026-05-06 10:43:44.953 | Elapsed=91ms | Status=Completed
2026-05-06 10:43:58 | INF | ACTION_TRACE | Acc=admin | Path=/Account/Login | IP=::1 | Start=2026-05-06 10:43:51.503 | Elapsed=7282ms | Status=Completed
2026-05-06 10:43:58 | INF | NETWORK_UNSTABLE | Acc=admin | Path=/Account/Login | Reason=SlowRequest 7282ms
2026-05-06 10:43:59 | INF | ACTION_TRACE | Acc=admin | Path=/Home/Index | IP=::1 | Start=2026-05-06 10:43:58.798 | Elapsed=226ms | Status=Completed
2026-05-06 10:44:02 | INF | ACTION_TRACE | Acc=admin | Path=/Home/GetMenu | IP=::1 | Start=2026-05-06 10:44:02.089 | Elapsed=17ms | Status=Completed
2026-05-06 10:44:05 | INF | CONTROLLER_EXEC | Acc= admin | IP=::1 | Path=ATT111001/ATT111001 | Message=GET /ATT111001/ATT111001
2026-05-06 10:44:05 | INF | ACTION_TRACE | Acc=admin | Path=/ATT111001/ATT111001 | IP=::1 | Start=2026-05-06 10:44:05.179 | Elapsed=68ms | Status=Completed
2026-05-06 10:44:10 | INF | ACTION_TRACE | Acc=admin | Path=/.well-known/appspecific/com.chrome.devtools.json | IP=::1 | Start=2026-05-06 10:44:10.526 | Elapsed=0ms | Status=Completed
2026-05-06 10:44:10 | INF | ACTION_TRACE | Acc=admin | Path=/lib/html-to-image/html-to-image.js.map | IP=::1 | Start=2026-05-06 10:44:10.622 | Elapsed=0ms | Status=Completed
2026-05-06 10:44:19 | INF | CONTROLLER_EXEC | Acc= admin | IP=::1 | Path=ATT111001/ATT111001 | Message=GET /ATT111001/ATT111001
2026-05-06 10:44:19 | INF | ACTION_TRACE | Acc=admin | Path=/ATT111001/ATT111001 | IP=::1 | Start=2026-05-06 10:44:19.577 | Elapsed=4ms | Status=Completed
2026-05-06 10:44:19 | INF | CONTROLLER_EXEC | Acc= admin | IP=::1 | Path=ATT111001/GetList | Message=POST /ATT111001/GetList
2026-05-06 10:44:19 | INF | ACTION_TRACE | Acc=admin | Path=/ATT111001/GetList | IP=::1 | Start=2026-05-06 10:44:19.626 | Elapsed=114ms | Status=Completed
2026-05-06 10:44:23 | INF | CONTROLLER_EXEC | Acc= admin | IP=::1 | Path=ATT111001/ATT111001 | Message=GET /ATT111001/ATT111001
2026-05-06 10:44:23 | INF | ACTION_TRACE | Acc=admin | Path=/ATT111001/ATT111001 | IP=::1 | Start=2026-05-06 10:44:23.188 | Elapsed=13ms | Status=Completed
2026-05-06 10:44:23 | INF | CONTROLLER_EXEC | Acc= admin | IP=::1 | Path=ATT111001/GetList | Message=POST /ATT111001/GetList
2026-05-06 10:44:23 | INF | ACTION_TRACE | Acc=admin | Path=/ATT111001/GetList | IP=::1 | Start=2026-05-06 10:44:23.240 | Elapsed=11ms | Status=Completed
2026-05-06 10:44:25 | INF | ACTION_TRACE | Acc=admin | Path=/Home/Index | IP=::1 | Start=2026-05-06 10:44:25.856 | Elapsed=18ms | Status=Completed
2026-05-06 10:44:25 | INF | ACTION_TRACE | Acc=admin | Path=/.well-known/appspecific/com.chrome.devtools.json | IP=::1 | Start=2026-05-06 10:44:25.986 | Elapsed=0ms | Status=Completed
2026-05-06 10:44:26 | INF | ACTION_TRACE | Acc=admin | Path=/lib/html-to-image/html-to-image.js.map | IP=::1 | Start=2026-05-06 10:44:26.144 | Elapsed=0ms | Status=Completed
2026-05-06 10:44:27 | INF | ACTION_TRACE | Acc=admin | Path=/Home/GetMenu | IP=::1 | Start=2026-05-06 10:44:27.102 | Elapsed=10ms | Status=Completed
2026-05-06 10:44:30 | INF | CONTROLLER_EXEC | Acc= admin | IP=::1 | Path=ATT111001/ATT111001 | Message=GET /ATT111001/ATT111001
2026-05-06 10:44:30 | INF | ACTION_TRACE | Acc=admin | Path=/ATT111001/ATT111001 | IP=::1 | Start=2026-05-06 10:44:30.715 | Elapsed=8ms | Status=Completed
2026-05-06 10:46:17 | WRN | No store type was specified for the decimal property 'OveMoney' on entity type 'HROvertime'. This will cause values to be silently truncated if they do not fit in the default precision and scale. Explicitly specify the SQL server column type that can accommodate all the values in 'OnModelCreating' using 'HasColumnType', specify precision and scale using 'HasPrecision', or configure a value converter using 'HasConversion'.
2026-05-06 10:46:17 | WRN | No store type was specified for the decimal property 'Wag1D1Hour' on entity type 'HRWage'. This will cause values to be silently truncated if they do not fit in the default precision and scale. Explicitly specify the SQL server column type that can accommodate all the values in 'OnModelCreating' using 'HasColumnType', specify precision and scale using 'HasPrecision', or configure a value converter using 'HasConversion'.
2026-05-06 10:46:17 | WRN | No store type was specified for the decimal property 'Wag2D1Hour' on entity type 'HRWage'. This will cause values to be silently truncated if they do not fit in the default precision and scale. Explicitly specify the SQL server column type that can accommodate all the values in 'OnModelCreating' using 'HasColumnType', specify precision and scale using 'HasPrecision', or configure a value converter using 'HasConversion'.
2026-05-06 10:46:17 | WRN | No store type was specified for the decimal property 'Wag4D3Hour' on entity type 'HRWage'. This will cause values to be silently truncated if they do not fit in the default precision and scale. Explicitly specify the SQL server column type that can accommodate all the values in 'OnModelCreating' using 'HasColumnType', specify precision and scale using 'HasPrecision', or configure a value converter using 'HasConversion'.
2026-05-06 10:46:17 | WRN | No store type was specified for the decimal property 'Wag5D3Hour' on entity type 'HRWage'. This will cause values to be silently truncated if they do not fit in the default precision and scale. Explicitly specify the SQL server column type that can accommodate all the values in 'OnModelCreating' using 'HasColumnType', specify precision and scale using 'HasPrecision', or configure a value converter using 'HasConversion'.
2026-05-06 10:46:17 | WRN | No store type was specified for the decimal property 'Wag8D3Hour' on entity type 'HRWage'. This will cause values to be silently truncated if they do not fit in the default precision and scale. Explicitly specify the SQL server column type that can accommodate all the values in 'OnModelCreating' using 'HasColumnType', specify precision and scale using 'HasPrecision', or configure a value converter using 'HasConversion'.
2026-05-06 10:46:17 | WRN | No store type was specified for the decimal property 'WagApplyHour' on entity type 'HRWage'. This will cause values to be silently truncated if they do not fit in the default precision and scale. Explicitly specify the SQL server column type that can accommodate all the values in 'OnModelCreating' using 'HasColumnType', specify precision and scale using 'HasPrecision', or configure a value converter using 'HasConversion'.
2026-05-06 10:46:17 | WRN | No store type was specified for the decimal property 'WagIssueHour' on entity type 'HRWage'. This will cause values to be silently truncated if they do not fit in the default precision and scale. Explicitly specify the SQL server column type that can accommodate all the values in 'OnModelCreating' using 'HasColumnType', specify precision and scale using 'HasPrecision', or configure a value converter using 'HasConversion'.
2026-05-06 10:46:17 | WRN | No store type was specified for the decimal property 'WagSubtotal' on entity type 'HRWage'. This will cause values to be silently truncated if they do not fit in the default precision and scale. Explicitly specify the SQL server column type that can accommodate all the values in 'OnModelCreating' using 'HasColumnType', specify precision and scale using 'HasPrecision', or configure a value converter using 'HasConversion'.
2026-05-06 10:46:22 | WRN | The query uses the 'First'/'FirstOrDefault' operator without 'OrderBy' and filter operators. This may lead to unpredictable results.
2026-05-06 10:46:23 | INF | ACTION_TRACE | Acc=admin | Path=/ | IP=::1 | Start=2026-05-06 10:46:16.588 | Elapsed=7037ms | Status=Completed
2026-05-06 10:46:23 | INF | NETWORK_UNSTABLE | Acc=admin | Path=/ | Reason=SlowRequest 7037ms
2026-05-06 10:46:23 | INF | ACTION_TRACE | Acc=admin | Path=/Captcha/Generate | IP=::1 | Start=2026-05-06 10:46:23.834 | Elapsed=48ms | Status=Completed
2026-05-06 10:46:24 | INF | ACTION_TRACE | Acc=admin | Path=/DNTCaptchaImage/Show | IP=::1 | Start=2026-05-06 10:46:23.897 | Elapsed=112ms | Status=Completed
2026-05-06 10:46:44 | INF | ACTION_TRACE | Acc=admin | Path=/Account/Login | IP=::1 | Start=2026-05-06 10:46:35.980 | Elapsed=8651ms | Status=Completed
2026-05-06 10:46:44 | INF | NETWORK_UNSTABLE | Acc=admin | Path=/Account/Login | Reason=SlowRequest 8651ms
2026-05-06 10:46:44 | INF | ACTION_TRACE | Acc=admin | Path=/Home/Index | IP=::1 | Start=2026-05-06 10:46:44.647 | Elapsed=226ms | Status=Completed
2026-05-06 10:46:46 | INF | ACTION_TRACE | Acc=admin | Path=/Home/GetMenu | IP=::1 | Start=2026-05-06 10:46:46.663 | Elapsed=60ms | Status=Completed
2026-05-06 10:46:52 | INF | CONTROLLER_EXEC | Acc= admin | IP=::1 | Path=ATT111001/ATT111001 | Message=GET /ATT111001/ATT111001
2026-05-06 10:46:52 | INF | ACTION_TRACE | Acc=admin | Path=/ATT111001/ATT111001 | IP=::1 | Start=2026-05-06 10:46:52.207 | Elapsed=87ms | Status=Completed
2026-05-06 10:49:17 | WRN | No store type was specified for the decimal property 'OveMoney' on entity type 'HROvertime'. This will cause values to be silently truncated if they do not fit in the default precision and scale. Explicitly specify the SQL server column type that can accommodate all the values in 'OnModelCreating' using 'HasColumnType', specify precision and scale using 'HasPrecision', or configure a value converter using 'HasConversion'.
2026-05-06 10:49:17 | WRN | No store type was specified for the decimal property 'Wag1D1Hour' on entity type 'HRWage'. This will cause values to be silently truncated if they do not fit in the default precision and scale. Explicitly specify the SQL server column type that can accommodate all the values in 'OnModelCreating' using 'HasColumnType', specify precision and scale using 'HasPrecision', or configure a value converter using 'HasConversion'.
2026-05-06 10:49:17 | WRN | No store type was specified for the decimal property 'Wag2D1Hour' on entity type 'HRWage'. This will cause values to be silently truncated if they do not fit in the default precision and scale. Explicitly specify the SQL server column type that can accommodate all the values in 'OnModelCreating' using 'HasColumnType', specify precision and scale using 'HasPrecision', or configure a value converter using 'HasConversion'.
2026-05-06 10:49:17 | WRN | No store type was specified for the decimal property 'Wag4D3Hour' on entity type 'HRWage'. This will cause values to be silently truncated if they do not fit in the default precision and scale. Explicitly specify the SQL server column type that can accommodate all the values in 'OnModelCreating' using 'HasColumnType', specify precision and scale using 'HasPrecision', or configure a value converter using 'HasConversion'.
2026-05-06 10:49:17 | WRN | No store type was specified for the decimal property 'Wag5D3Hour' on entity type 'HRWage'. This will cause values to be silently truncated if they do not fit in the default precision and scale. Explicitly specify the SQL server column type that can accommodate all the values in 'OnModelCreating' using 'HasColumnType', specify precision and scale using 'HasPrecision', or configure a value converter using 'HasConversion'.
2026-05-06 10:49:17 | WRN | No store type was specified for the decimal property 'Wag8D3Hour' on entity type 'HRWage'. This will cause values to be silently truncated if they do not fit in the default precision and scale. Explicitly specify the SQL server column type that can accommodate all the values in 'OnModelCreating' using 'HasColumnType', specify precision and scale using 'HasPrecision', or configure a value converter using 'HasConversion'.
2026-05-06 10:49:17 | WRN | No store type was specified for the decimal property 'WagApplyHour' on entity type 'HRWage'. This will cause values to be silently truncated if they do not fit in the default precision and scale. Explicitly specify the SQL server column type that can accommodate all the values in 'OnModelCreating' using 'HasColumnType', specify precision and scale using 'HasPrecision', or configure a value converter using 'HasConversion'.
2026-05-06 10:49:17 | WRN | No store type was specified for the decimal property 'WagIssueHour' on entity type 'HRWage'. This will cause values to be silently truncated if they do not fit in the default precision and scale. Explicitly specify the SQL server column type that can accommodate all the values in 'OnModelCreating' using 'HasColumnType', specify precision and scale using 'HasPrecision', or configure a value converter using 'HasConversion'.
2026-05-06 10:49:17 | WRN | No store type was specified for the decimal property 'WagSubtotal' on entity type 'HRWage'. This will cause values to be silently truncated if they do not fit in the default precision and scale. Explicitly specify the SQL server column type that can accommodate all the values in 'OnModelCreating' using 'HasColumnType', specify precision and scale using 'HasPrecision', or configure a value converter using 'HasConversion'.
2026-05-06 10:49:23 | WRN | The query uses the 'First'/'FirstOrDefault' operator without 'OrderBy' and filter operators. This may lead to unpredictable results.
2026-05-06 10:49:24 | INF | ACTION_TRACE | Acc=admin | Path=/ | IP=::1 | Start=2026-05-06 10:49:16.929 | Elapsed=7098ms | Status=Completed
2026-05-06 10:49:24 | INF | NETWORK_UNSTABLE | Acc=admin | Path=/ | Reason=SlowRequest 7098ms
2026-05-06 10:49:24 | INF | ACTION_TRACE | Acc=admin | Path=/Captcha/Generate | IP=::1 | Start=2026-05-06 10:49:24.264 | Elapsed=45ms | Status=Completed
2026-05-06 10:49:24 | INF | ACTION_TRACE | Acc=admin | Path=/DNTCaptchaImage/Show | IP=::1 | Start=2026-05-06 10:49:24.321 | Elapsed=112ms | Status=Completed
2026-05-06 10:49:37 | INF | ACTION_TRACE | Acc=admin | Path=/Account/Login | IP=::1 | Start=2026-05-06 10:49:28.855 | Elapsed=8805ms | Status=Completed
2026-05-06 10:49:37 | INF | NETWORK_UNSTABLE | Acc=admin | Path=/Account/Login | Reason=SlowRequest 8805ms
2026-05-06 10:49:37 | INF | ACTION_TRACE | Acc=admin | Path=/Home/Index | IP=::1 | Start=2026-05-06 10:49:37.674 | Elapsed=254ms | Status=Completed
2026-05-06 10:49:40 | INF | ACTION_TRACE | Acc=admin | Path=/Home/GetMenu | IP=::1 | Start=2026-05-06 10:49:40.191 | Elapsed=40ms | Status=Completed
2026-05-06 10:49:44 | INF | CONTROLLER_EXEC | Acc= admin | IP=::1 | Path=ATT111001/ATT111001 | Message=GET /ATT111001/ATT111001
2026-05-06 10:49:44 | INF | ACTION_TRACE | Acc=admin | Path=/ATT111001/ATT111001 | IP=::1 | Start=2026-05-06 10:49:44.026 | Elapsed=68ms | Status=Completed
2026-05-06 10:55:36 | WRN | No store type was specified for the decimal property 'OveMoney' on entity type 'HROvertime'. This will cause values to be silently truncated if they do not fit in the default precision and scale. Explicitly specify the SQL server column type that can accommodate all the values in 'OnModelCreating' using 'HasColumnType', specify precision and scale using 'HasPrecision', or configure a value converter using 'HasConversion'.
2026-05-06 10:55:36 | WRN | No store type was specified for the decimal property 'Wag1D1Hour' on entity type 'HRWage'. This will cause values to be silently truncated if they do not fit in the default precision and scale. Explicitly specify the SQL server column type that can accommodate all the values in 'OnModelCreating' using 'HasColumnType', specify precision and scale using 'HasPrecision', or configure a value converter using 'HasConversion'.
2026-05-06 10:55:36 | WRN | No store type was specified for the decimal property 'Wag2D1Hour' on entity type 'HRWage'. This will cause values to be silently truncated if they do not fit in the default precision and scale. Explicitly specify the SQL server column type that can accommodate all the values in 'OnModelCreating' using 'HasColumnType', specify precision and scale using 'HasPrecision', or configure a value converter using 'HasConversion'.
2026-05-06 10:55:36 | WRN | No store type was specified for the decimal property 'Wag4D3Hour' on entity type 'HRWage'. This will cause values to be silently truncated if they do not fit in the default precision and scale. Explicitly specify the SQL server column type that can accommodate all the values in 'OnModelCreating' using 'HasColumnType', specify precision and scale using 'HasPrecision', or configure a value converter using 'HasConversion'.
2026-05-06 10:55:36 | WRN | No store type was specified for the decimal property 'Wag5D3Hour' on entity type 'HRWage'. This will cause values to be silently truncated if they do not fit in the default precision and scale. Explicitly specify the SQL server column type that can accommodate all the values in 'OnModelCreating' using 'HasColumnType', specify precision and scale using 'HasPrecision', or configure a value converter using 'HasConversion'.
2026-05-06 10:55:36 | WRN | No store type was specified for the decimal property 'Wag8D3Hour' on entity type 'HRWage'. This will cause values to be silently truncated if they do not fit in the default precision and scale. Explicitly specify the SQL server column type that can accommodate all the values in 'OnModelCreating' using 'HasColumnType', specify precision and scale using 'HasPrecision', or configure a value converter using 'HasConversion'.
2026-05-06 10:55:36 | WRN | No store type was specified for the decimal property 'WagApplyHour' on entity type 'HRWage'. This will cause values to be silently truncated if they do not fit in the default precision and scale. Explicitly specify the SQL server column type that can accommodate all the values in 'OnModelCreating' using 'HasColumnType', specify precision and scale using 'HasPrecision', or configure a value converter using 'HasConversion'.
2026-05-06 10:55:36 | WRN | No store type was specified for the decimal property 'WagIssueHour' on entity type 'HRWage'. This will cause values to be silently truncated if they do not fit in the default precision and scale. Explicitly specify the SQL server column type that can accommodate all the values in 'OnModelCreating' using 'HasColumnType', specify precision and scale using 'HasPrecision', or configure a value converter using 'HasConversion'.
2026-05-06 10:55:36 | WRN | No store type was specified for the decimal property 'WagSubtotal' on entity type 'HRWage'. This will cause values to be silently truncated if they do not fit in the default precision and scale. Explicitly specify the SQL server column type that can accommodate all the values in 'OnModelCreating' using 'HasColumnType', specify precision and scale using 'HasPrecision', or configure a value converter using 'HasConversion'.
2026-05-06 10:55:41 | WRN | The query uses the 'First'/'FirstOrDefault' operator without 'OrderBy' and filter operators. This may lead to unpredictable results.
2026-05-06 10:55:42 | INF | ACTION_TRACE | Acc=admin | Path=/ | IP=::1 | Start=2026-05-06 10:55:35.375 | Elapsed=6991ms | Status=Completed
2026-05-06 10:55:42 | INF | NETWORK_UNSTABLE | Acc=admin | Path=/ | Reason=SlowRequest 6991ms
2026-05-06 10:55:42 | INF | ACTION_TRACE | Acc=admin | Path=/Captcha/Generate | IP=::1 | Start=2026-05-06 10:55:42.559 | Elapsed=52ms | Status=Completed
2026-05-06 10:55:42 | INF | ACTION_TRACE | Acc=admin | Path=/DNTCaptchaImage/Show | IP=::1 | Start=2026-05-06 10:55:42.634 | Elapsed=121ms | Status=Completed
2026-05-06 10:56:32 | INF | ACTION_TRACE | Acc=admin | Path=/Account/Login | IP=::1 | Start=2026-05-06 10:56:25.105 | Elapsed=6947ms | Status=Completed
2026-05-06 10:56:32 | INF | NETWORK_UNSTABLE | Acc=admin | Path=/Account/Login | Reason=SlowRequest 6947ms
2026-05-06 10:56:32 | INF | ACTION_TRACE | Acc=admin | Path=/Home/Index | IP=::1 | Start=2026-05-06 10:56:32.071 | Elapsed=198ms | Status=Completed
2026-05-06 10:56:35 | INF | ACTION_TRACE | Acc=admin | Path=/Home/GetMenu | IP=::1 | Start=2026-05-06 10:56:35.798 | Elapsed=14ms | Status=Completed
2026-05-06 10:56:40 | INF | CONTROLLER_EXEC | Acc= admin | IP=::1 | Path=ATT111001/ATT111001 | Message=GET /ATT111001/ATT111001
2026-05-06 10:56:40 | INF | ACTION_TRACE | Acc=admin | Path=/ATT111001/ATT111001 | IP=::1 | Start=2026-05-06 10:56:40.171 | Elapsed=70ms | Status=Completed
2026-05-06 11:08:39 | WRN | No store type was specified for the decimal property 'OveMoney' on entity type 'HROvertime'. This will cause values to be silently truncated if they do not fit in the default precision and scale. Explicitly specify the SQL server column type that can accommodate all the values in 'OnModelCreating' using 'HasColumnType', specify precision and scale using 'HasPrecision', or configure a value converter using 'HasConversion'.
2026-05-06 11:08:39 | WRN | No store type was specified for the decimal property 'Wag1D1Hour' on entity type 'HRWage'. This will cause values to be silently truncated if they do not fit in the default precision and scale. Explicitly specify the SQL server column type that can accommodate all the values in 'OnModelCreating' using 'HasColumnType', specify precision and scale using 'HasPrecision', or configure a value converter using 'HasConversion'.
2026-05-06 11:08:39 | WRN | No store type was specified for the decimal property 'Wag2D1Hour' on entity type 'HRWage'. This will cause values to be silently truncated if they do not fit in the default precision and scale. Explicitly specify the SQL server column type that can accommodate all the values in 'OnModelCreating' using 'HasColumnType', specify precision and scale using 'HasPrecision', or configure a value converter using 'HasConversion'.
2026-05-06 11:08:39 | WRN | No store type was specified for the decimal property 'Wag4D3Hour' on entity type 'HRWage'. This will cause values to be silently truncated if they do not fit in the default precision and scale. Explicitly specify the SQL server column type that can accommodate all the values in 'OnModelCreating' using 'HasColumnType', specify precision and scale using 'HasPrecision', or configure a value converter using 'HasConversion'.
2026-05-06 11:08:39 | WRN | No store type was specified for the decimal property 'Wag5D3Hour' on entity type 'HRWage'. This will cause values to be silently truncated if they do not fit in the default precision and scale. Explicitly specify the SQL server column type that can accommodate all the values in 'OnModelCreating' using 'HasColumnType', specify precision and scale using 'HasPrecision', or configure a value converter using 'HasConversion'.
2026-05-06 11:08:39 | WRN | No store type was specified for the decimal property 'Wag8D3Hour' on entity type 'HRWage'. This will cause values to be silently truncated if they do not fit in the default precision and scale. Explicitly specify the SQL server column type that can accommodate all the values in 'OnModelCreating' using 'HasColumnType', specify precision and scale using 'HasPrecision', or configure a value converter using 'HasConversion'.
2026-05-06 11:08:39 | WRN | No store type was specified for the decimal property 'WagApplyHour' on entity type 'HRWage'. This will cause values to be silently truncated if they do not fit in the default precision and scale. Explicitly specify the SQL server column type that can accommodate all the values in 'OnModelCreating' using 'HasColumnType', specify precision and scale using 'HasPrecision', or configure a value converter using 'HasConversion'.
2026-05-06 11:08:39 | WRN | No store type was specified for the decimal property 'WagIssueHour' on entity type 'HRWage'. This will cause values to be silently truncated if they do not fit in the default precision and scale. Explicitly specify the SQL server column type that can accommodate all the values in 'OnModelCreating' using 'HasColumnType', specify precision and scale using 'HasPrecision', or configure a value converter using 'HasConversion'.
2026-05-06 11:08:39 | WRN | No store type was specified for the decimal property 'WagSubtotal' on entity type 'HRWage'. This will cause values to be silently truncated if they do not fit in the default precision and scale. Explicitly specify the SQL server column type that can accommodate all the values in 'OnModelCreating' using 'HasColumnType', specify precision and scale using 'HasPrecision', or configure a value converter using 'HasConversion'.
2026-05-06 11:08:45 | WRN | The query uses the 'First'/'FirstOrDefault' operator without 'OrderBy' and filter operators. This may lead to unpredictable results.
2026-05-06 11:08:46 | INF | ACTION_TRACE | Acc=admin | Path=/ | IP=::1 | Start=2026-05-06 11:08:38.969 | Elapsed=7096ms | Status=Completed
2026-05-06 11:08:46 | INF | NETWORK_UNSTABLE | Acc=admin | Path=/ | Reason=SlowRequest 7096ms
2026-05-06 11:08:46 | INF | ACTION_TRACE | Acc=admin | Path=/Captcha/Generate | IP=::1 | Start=2026-05-06 11:08:46.326 | Elapsed=42ms | Status=Completed
2026-05-06 11:08:46 | INF | ACTION_TRACE | Acc=admin | Path=/DNTCaptchaImage/Show | IP=::1 | Start=2026-05-06 11:08:46.381 | Elapsed=104ms | Status=Completed
2026-05-06 11:10:08 | INF | ACTION_TRACE | Acc=admin | Path=/Account/Login | IP=::1 | Start=2026-05-06 11:10:01.254 | Elapsed=7486ms | Status=Completed
2026-05-06 11:10:08 | INF | NETWORK_UNSTABLE | Acc=admin | Path=/Account/Login | Reason=SlowRequest 7486ms
2026-05-06 11:10:09 | INF | ACTION_TRACE | Acc=admin | Path=/Home/Index | IP=::1 | Start=2026-05-06 11:10:08.753 | Elapsed=312ms | Status=Completed
2026-05-06 11:11:56 | INF | ACTION_TRACE | Acc=admin | Path=/Home/GetMenu | IP=::1 | Start=2026-05-06 11:11:56.028 | Elapsed=23ms | Status=Completed
2026-05-06 11:11:58 | INF | CONTROLLER_EXEC | Acc= admin | IP=::1 | Path=ATT111001/ATT111001 | Message=GET /ATT111001/ATT111001
2026-05-06 11:11:58 | INF | ACTION_TRACE | Acc=admin | Path=/ATT111001/ATT111001 | IP=::1 | Start=2026-05-06 11:11:58.610 | Elapsed=74ms | Status=Completed
2026-05-06 11:12:49 | INF | ACTION_TRACE | Acc=admin | Path=/.well-known/appspecific/com.chrome.devtools.json | IP=::1 | Start=2026-05-06 11:12:49.388 | Elapsed=0ms | Status=Completed
2026-05-06 11:12:49 | INF | ACTION_TRACE | Acc=admin | Path=/lib/html-to-image/html-to-image.js.map | IP=::1 | Start=2026-05-06 11:12:49.550 | Elapsed=0ms | Status=Completed
2026-05-06 11:13:05 | WRN | No store type was specified for the decimal property 'OveMoney' on entity type 'HROvertime'. This will cause values to be silently truncated if they do not fit in the default precision and scale. Explicitly specify the SQL server column type that can accommodate all the values in 'OnModelCreating' using 'HasColumnType', specify precision and scale using 'HasPrecision', or configure a value converter using 'HasConversion'.
2026-05-06 11:13:05 | WRN | No store type was specified for the decimal property 'Wag1D1Hour' on entity type 'HRWage'. This will cause values to be silently truncated if they do not fit in the default precision and scale. Explicitly specify the SQL server column type that can accommodate all the values in 'OnModelCreating' using 'HasColumnType', specify precision and scale using 'HasPrecision', or configure a value converter using 'HasConversion'.
2026-05-06 11:13:05 | WRN | No store type was specified for the decimal property 'Wag2D1Hour' on entity type 'HRWage'. This will cause values to be silently truncated if they do not fit in the default precision and scale. Explicitly specify the SQL server column type that can accommodate all the values in 'OnModelCreating' using 'HasColumnType', specify precision and scale using 'HasPrecision', or configure a value converter using 'HasConversion'.
2026-05-06 11:13:05 | WRN | No store type was specified for the decimal property 'Wag4D3Hour' on entity type 'HRWage'. This will cause values to be silently truncated if they do not fit in the default precision and scale. Explicitly specify the SQL server column type that can accommodate all the values in 'OnModelCreating' using 'HasColumnType', specify precision and scale using 'HasPrecision', or configure a value converter using 'HasConversion'.
2026-05-06 11:13:05 | WRN | No store type was specified for the decimal property 'Wag5D3Hour' on entity type 'HRWage'. This will cause values to be silently truncated if they do not fit in the default precision and scale. Explicitly specify the SQL server column type that can accommodate all the values in 'OnModelCreating' using 'HasColumnType', specify precision and scale using 'HasPrecision', or configure a value converter using 'HasConversion'.
2026-05-06 11:13:05 | WRN | No store type was specified for the decimal property 'Wag8D3Hour' on entity type 'HRWage'. This will cause values to be silently truncated if they do not fit in the default precision and scale. Explicitly specify the SQL server column type that can accommodate all the values in 'OnModelCreating' using 'HasColumnType', specify precision and scale using 'HasPrecision', or configure a value converter using 'HasConversion'.
2026-05-06 11:13:05 | WRN | No store type was specified for the decimal property 'WagApplyHour' on entity type 'HRWage'. This will cause values to be silently truncated if they do not fit in the default precision and scale. Explicitly specify the SQL server column type that can accommodate all the values in 'OnModelCreating' using 'HasColumnType', specify precision and scale using 'HasPrecision', or configure a value converter using 'HasConversion'.
2026-05-06 11:13:05 | WRN | No store type was specified for the decimal property 'WagIssueHour' on entity type 'HRWage'. This will cause values to be silently truncated if they do not fit in the default precision and scale. Explicitly specify the SQL server column type that can accommodate all the values in 'OnModelCreating' using 'HasColumnType', specify precision and scale using 'HasPrecision', or configure a value converter using 'HasConversion'.
2026-05-06 11:13:05 | WRN | No store type was specified for the decimal property 'WagSubtotal' on entity type 'HRWage'. This will cause values to be silently truncated if they do not fit in the default precision and scale. Explicitly specify the SQL server column type that can accommodate all the values in 'OnModelCreating' using 'HasColumnType', specify precision and scale using 'HasPrecision', or configure a value converter using 'HasConversion'.
2026-05-06 11:13:11 | WRN | The query uses the 'First'/'FirstOrDefault' operator without 'OrderBy' and filter operators. This may lead to unpredictable results.
2026-05-06 11:13:12 | INF | ACTION_TRACE | Acc=admin | Path=/ | IP=::1 | Start=2026-05-06 11:13:04.971 | Elapsed=7085ms | Status=Completed
2026-05-06 11:13:12 | INF | NETWORK_UNSTABLE | Acc=admin | Path=/ | Reason=SlowRequest 7085ms
2026-05-06 11:13:12 | INF | ACTION_TRACE | Acc=admin | Path=/.well-known/appspecific/com.chrome.devtools.json | IP=::1 | Start=2026-05-06 11:13:12.103 | Elapsed=0ms | Status=Completed
2026-05-06 11:13:12 | INF | ACTION_TRACE | Acc=admin | Path=/Captcha/Generate | IP=::1 | Start=2026-05-06 11:13:12.698 | Elapsed=43ms | Status=Completed
2026-05-06 11:13:12 | INF | ACTION_TRACE | Acc=admin | Path=/DNTCaptchaImage/Show | IP=::1 | Start=2026-05-06 11:13:12.746 | Elapsed=108ms | Status=Completed
2026-05-06 11:13:25 | INF | ACTION_TRACE | Acc=admin | Path=/Account/Login | IP=::1 | Start=2026-05-06 11:13:15.806 | Elapsed=9265ms | Status=Completed
2026-05-06 11:13:25 | INF | NETWORK_UNSTABLE | Acc=admin | Path=/Account/Login | Reason=SlowRequest 9265ms
2026-05-06 11:13:25 | INF | ACTION_TRACE | Acc=admin | Path=/Home/Index | IP=::1 | Start=2026-05-06 11:13:25.096 | Elapsed=216ms | Status=Completed
2026-05-06 11:13:25 | INF | ACTION_TRACE | Acc=admin | Path=/.well-known/appspecific/com.chrome.devtools.json | IP=::1 | Start=2026-05-06 11:13:25.420 | Elapsed=0ms | Status=Completed
2026-05-06 11:13:25 | INF | ACTION_TRACE | Acc=admin | Path=/lib/html-to-image/html-to-image.js.map | IP=::1 | Start=2026-05-06 11:13:25.567 | Elapsed=0ms | Status=Completed
2026-05-06 11:13:29 | INF | ACTION_TRACE | Acc=admin | Path=/Home/GetMenu | IP=::1 | Start=2026-05-06 11:13:29.142 | Elapsed=22ms | Status=Completed
2026-05-06 11:13:34 | INF | CONTROLLER_EXEC | Acc= admin | IP=::1 | Path=ATT111001/ATT111001 | Message=GET /ATT111001/ATT111001
2026-05-06 11:13:34 | INF | ACTION_TRACE | Acc=admin | Path=/ATT111001/ATT111001 | IP=::1 | Start=2026-05-06 11:13:34.261 | Elapsed=75ms | Status=Completed
2026-05-06 11:14:35 | WRN | No store type was specified for the decimal property 'OveMoney' on entity type 'HROvertime'. This will cause values to be silently truncated if they do not fit in the default precision and scale. Explicitly specify the SQL server column type that can accommodate all the values in 'OnModelCreating' using 'HasColumnType', specify precision and scale using 'HasPrecision', or configure a value converter using 'HasConversion'.
2026-05-06 11:14:35 | WRN | No store type was specified for the decimal property 'Wag1D1Hour' on entity type 'HRWage'. This will cause values to be silently truncated if they do not fit in the default precision and scale. Explicitly specify the SQL server column type that can accommodate all the values in 'OnModelCreating' using 'HasColumnType', specify precision and scale using 'HasPrecision', or configure a value converter using 'HasConversion'.
2026-05-06 11:14:35 | WRN | No store type was specified for the decimal property 'Wag2D1Hour' on entity type 'HRWage'. This will cause values to be silently truncated if they do not fit in the default precision and scale. Explicitly specify the SQL server column type that can accommodate all the values in 'OnModelCreating' using 'HasColumnType', specify precision and scale using 'HasPrecision', or configure a value converter using 'HasConversion'.
2026-05-06 11:14:35 | WRN | No store type was specified for the decimal property 'Wag4D3Hour' on entity type 'HRWage'. This will cause values to be silently truncated if they do not fit in the default precision and scale. Explicitly specify the SQL server column type that can accommodate all the values in 'OnModelCreating' using 'HasColumnType', specify precision and scale using 'HasPrecision', or configure a value converter using 'HasConversion'.
2026-05-06 11:14:35 | WRN | No store type was specified for the decimal property 'Wag5D3Hour' on entity type 'HRWage'. This will cause values to be silently truncated if they do not fit in the default precision and scale. Explicitly specify the SQL server column type that can accommodate all the values in 'OnModelCreating' using 'HasColumnType', specify precision and scale using 'HasPrecision', or configure a value converter using 'HasConversion'.
2026-05-06 11:14:35 | WRN | No store type was specified for the decimal property 'Wag8D3Hour' on entity type 'HRWage'. This will cause values to be silently truncated if they do not fit in the default precision and scale. Explicitly specify the SQL server column type that can accommodate all the values in 'OnModelCreating' using 'HasColumnType', specify precision and scale using 'HasPrecision', or configure a value converter using 'HasConversion'.
2026-05-06 11:14:35 | WRN | No store type was specified for the decimal property 'WagApplyHour' on entity type 'HRWage'. This will cause values to be silently truncated if they do not fit in the default precision and scale. Explicitly specify the SQL server column type that can accommodate all the values in 'OnModelCreating' using 'HasColumnType', specify precision and scale using 'HasPrecision', or configure a value converter using 'HasConversion'.
2026-05-06 11:14:35 | WRN | No store type was specified for the decimal property 'WagIssueHour' on entity type 'HRWage'. This will cause values to be silently truncated if they do not fit in the default precision and scale. Explicitly specify the SQL server column type that can accommodate all the values in 'OnModelCreating' using 'HasColumnType', specify precision and scale using 'HasPrecision', or configure a value converter using 'HasConversion'.
2026-05-06 11:14:35 | WRN | No store type was specified for the decimal property 'WagSubtotal' on entity type 'HRWage'. This will cause values to be silently truncated if they do not fit in the default precision and scale. Explicitly specify the SQL server column type that can accommodate all the values in 'OnModelCreating' using 'HasColumnType', specify precision and scale using 'HasPrecision', or configure a value converter using 'HasConversion'.
2026-05-06 11:14:40 | WRN | The query uses the 'First'/'FirstOrDefault' operator without 'OrderBy' and filter operators. This may lead to unpredictable results.
2026-05-06 11:14:41 | INF | ACTION_TRACE | Acc=admin | Path=/ | IP=::1 | Start=2026-05-06 11:14:34.327 | Elapsed=7029ms | Status=Completed
2026-05-06 11:14:41 | INF | NETWORK_UNSTABLE | Acc=admin | Path=/ | Reason=SlowRequest 7029ms
2026-05-06 11:14:41 | INF | ACTION_TRACE | Acc=admin | Path=/Captcha/Generate | IP=::1 | Start=2026-05-06 11:14:41.568 | Elapsed=37ms | Status=Completed
2026-05-06 11:14:41 | INF | ACTION_TRACE | Acc=admin | Path=/DNTCaptchaImage/Show | IP=::1 | Start=2026-05-06 11:14:41.617 | Elapsed=114ms | Status=Completed
2026-05-06 11:15:57 | INF | ACTION_TRACE | Acc=admin | Path=/Account/Login | IP=::1 | Start=2026-05-06 11:15:47.924 | Elapsed=9185ms | Status=Completed
2026-05-06 11:15:57 | INF | NETWORK_UNSTABLE | Acc=admin | Path=/Account/Login | Reason=SlowRequest 9185ms
2026-05-06 11:15:57 | INF | ACTION_TRACE | Acc=admin | Path=/Home/Index | IP=::1 | Start=2026-05-06 11:15:57.122 | Elapsed=263ms | Status=Completed
2026-05-06 11:15:59 | INF | ACTION_TRACE | Acc=admin | Path=/Home/GetMenu | IP=::1 | Start=2026-05-06 11:15:59.827 | Elapsed=16ms | Status=Completed
2026-05-06 11:16:03 | INF | CONTROLLER_EXEC | Acc= admin | IP=::1 | Path=ATT111001/ATT111001 | Message=GET /ATT111001/ATT111001
2026-05-06 11:16:03 | INF | ACTION_TRACE | Acc=admin | Path=/ATT111001/ATT111001 | IP=::1 | Start=2026-05-06 11:16:03.187 | Elapsed=72ms | Status=Completed
2026-05-06 11:16:07 | INF | ACTION_TRACE | Acc=admin | Path=/.well-known/appspecific/com.chrome.devtools.json | IP=::1 | Start=2026-05-06 11:16:07.526 | Elapsed=0ms | Status=Completed
2026-05-06 11:16:07 | INF | ACTION_TRACE | Acc=admin | Path=/lib/html-to-image/html-to-image.js.map | IP=::1 | Start=2026-05-06 11:16:07.652 | Elapsed=0ms | Status=Completed
2026-05-06 11:16:21 | INF | CONTROLLER_EXEC | Acc= admin | IP=::1 | Path=ATT111001/ATT111001 | Message=GET /ATT111001/ATT111001
2026-05-06 11:16:21 | INF | ACTION_TRACE | Acc=admin | Path=/ATT111001/ATT111001 | IP=::1 | Start=2026-05-06 11:16:21.979 | Elapsed=4ms | Status=Completed
2026-05-06 11:16:22 | INF | CONTROLLER_EXEC | Acc= admin | IP=::1 | Path=ATT111001/GetList | Message=POST /ATT111001/GetList
2026-05-06 11:16:22 | INF | ACTION_TRACE | Acc=admin | Path=/ATT111001/GetList | IP=::1 | Start=2026-05-06 11:16:22.047 | Elapsed=112ms | Status=Completed
2026-05-06 11:16:24 | INF | ACTION_TRACE | Acc=admin | Path=/Home/Index | IP=::1 | Start=2026-05-06 11:16:24.320 | Elapsed=25ms | Status=Completed
2026-05-06 11:16:24 | INF | ACTION_TRACE | Acc=admin | Path=/.well-known/appspecific/com.chrome.devtools.json | IP=::1 | Start=2026-05-06 11:16:24.389 | Elapsed=0ms | Status=Completed
2026-05-06 11:16:24 | INF | ACTION_TRACE | Acc=admin | Path=/lib/html-to-image/html-to-image.js.map | IP=::1 | Start=2026-05-06 11:16:24.598 | Elapsed=0ms | Status=Completed
2026-05-06 11:16:26 | INF | ACTION_TRACE | Acc=admin | Path=/Home/GetMenu | IP=::1 | Start=2026-05-06 11:16:26.565 | Elapsed=10ms | Status=Completed
2026-05-06 11:16:32 | INF | CONTROLLER_EXEC | Acc= admin | IP=::1 | Path=ATT111001/ATT111001 | Message=GET /ATT111001/ATT111001
2026-05-06 11:16:32 | INF | ACTION_TRACE | Acc=admin | Path=/ATT111001/ATT111001 | IP=::1 | Start=2026-05-06 11:16:32.791 | Elapsed=4ms | Status=Completed
2026-05-06 11:17:27 | WRN | No store type was specified for the decimal property 'OveMoney' on entity type 'HROvertime'. This will cause values to be silently truncated if they do not fit in the default precision and scale. Explicitly specify the SQL server column type that can accommodate all the values in 'OnModelCreating' using 'HasColumnType', specify precision and scale using 'HasPrecision', or configure a value converter using 'HasConversion'.
2026-05-06 11:17:27 | WRN | No store type was specified for the decimal property 'Wag1D1Hour' on entity type 'HRWage'. This will cause values to be silently truncated if they do not fit in the default precision and scale. Explicitly specify the SQL server column type that can accommodate all the values in 'OnModelCreating' using 'HasColumnType', specify precision and scale using 'HasPrecision', or configure a value converter using 'HasConversion'.
2026-05-06 11:17:27 | WRN | No store type was specified for the decimal property 'Wag2D1Hour' on entity type 'HRWage'. This will cause values to be silently truncated if they do not fit in the default precision and scale. Explicitly specify the SQL server column type that can accommodate all the values in 'OnModelCreating' using 'HasColumnType', specify precision and scale using 'HasPrecision', or configure a value converter using 'HasConversion'.
2026-05-06 11:17:27 | WRN | No store type was specified for the decimal property 'Wag4D3Hour' on entity type 'HRWage'. This will cause values to be silently truncated if they do not fit in the default precision and scale. Explicitly specify the SQL server column type that can accommodate all the values in 'OnModelCreating' using 'HasColumnType', specify precision and scale using 'HasPrecision', or configure a value converter using 'HasConversion'.
2026-05-06 11:17:27 | WRN | No store type was specified for the decimal property 'Wag5D3Hour' on entity type 'HRWage'. This will cause values to be silently truncated if they do not fit in the default precision and scale. Explicitly specify the SQL server column type that can accommodate all the values in 'OnModelCreating' using 'HasColumnType', specify precision and scale using 'HasPrecision', or configure a value converter using 'HasConversion'.
2026-05-06 11:17:27 | WRN | No store type was specified for the decimal property 'Wag8D3Hour' on entity type 'HRWage'. This will cause values to be silently truncated if they do not fit in the default precision and scale. Explicitly specify the SQL server column type that can accommodate all the values in 'OnModelCreating' using 'HasColumnType', specify precision and scale using 'HasPrecision', or configure a value converter using 'HasConversion'.
2026-05-06 11:17:27 | WRN | No store type was specified for the decimal property 'WagApplyHour' on entity type 'HRWage'. This will cause values to be silently truncated if they do not fit in the default precision and scale. Explicitly specify the SQL server column type that can accommodate all the values in 'OnModelCreating' using 'HasColumnType', specify precision and scale using 'HasPrecision', or configure a value converter using 'HasConversion'.
2026-05-06 11:17:27 | WRN | No store type was specified for the decimal property 'WagIssueHour' on entity type 'HRWage'. This will cause values to be silently truncated if they do not fit in the default precision and scale. Explicitly specify the SQL server column type that can accommodate all the values in 'OnModelCreating' using 'HasColumnType', specify precision and scale using 'HasPrecision', or configure a value converter using 'HasConversion'.
2026-05-06 11:17:27 | WRN | No store type was specified for the decimal property 'WagSubtotal' on entity type 'HRWage'. This will cause values to be silently truncated if they do not fit in the default precision and scale. Explicitly specify the SQL server column type that can accommodate all the values in 'OnModelCreating' using 'HasColumnType', specify precision and scale using 'HasPrecision', or configure a value converter using 'HasConversion'.
2026-05-06 11:17:32 | WRN | The query uses the 'First'/'FirstOrDefault' operator without 'OrderBy' and filter operators. This may lead to unpredictable results.
2026-05-06 11:17:33 | INF | ACTION_TRACE | Acc=admin | Path=/ | IP=::1 | Start=2026-05-06 11:17:26.605 | Elapsed=7031ms | Status=Completed
2026-05-06 11:17:33 | INF | NETWORK_UNSTABLE | Acc=admin | Path=/ | Reason=SlowRequest 7031ms
2026-05-06 11:17:33 | INF | ACTION_TRACE | Acc=admin | Path=/Captcha/Generate | IP=::1 | Start=2026-05-06 11:17:33.846 | Elapsed=47ms | Status=Completed
2026-05-06 11:17:34 | INF | ACTION_TRACE | Acc=admin | Path=/DNTCaptchaImage/Show | IP=::1 | Start=2026-05-06 11:17:33.923 | Elapsed=121ms | Status=Completed
2026-05-06 11:17:51 | INF | ACTION_TRACE | Acc=admin | Path=/Account/Login | IP=::1 | Start=2026-05-06 11:17:44.149 | Elapsed=7026ms | Status=Completed
2026-05-06 11:17:51 | INF | NETWORK_UNSTABLE | Acc=admin | Path=/Account/Login | Reason=SlowRequest 7026ms
2026-05-06 11:17:51 | INF | ACTION_TRACE | Acc=admin | Path=/Home/Index | IP=::1 | Start=2026-05-06 11:17:51.189 | Elapsed=224ms | Status=Completed
2026-05-06 11:17:54 | INF | ACTION_TRACE | Acc=admin | Path=/Home/GetMenu | IP=::1 | Start=2026-05-06 11:17:54.739 | Elapsed=52ms | Status=Completed
2026-05-06 11:17:57 | INF | CONTROLLER_EXEC | Acc= admin | IP=::1 | Path=ATT111001/ATT111001 | Message=GET /ATT111001/ATT111001
2026-05-06 11:17:57 | INF | ACTION_TRACE | Acc=admin | Path=/ATT111001/ATT111001 | IP=::1 | Start=2026-05-06 11:17:57.035 | Elapsed=73ms | Status=Completed
2026-05-06 11:17:59 | INF | ACTION_TRACE | Acc=admin | Path=/.well-known/appspecific/com.chrome.devtools.json | IP=::1 | Start=2026-05-06 11:17:59.207 | Elapsed=0ms | Status=Completed
2026-05-06 11:17:59 | INF | ACTION_TRACE | Acc=admin | Path=/lib/html-to-image/html-to-image.js.map | IP=::1 | Start=2026-05-06 11:17:59.324 | Elapsed=0ms | Status=Completed
2026-05-06 11:18:03 | INF | CONTROLLER_EXEC | Acc= admin | IP=::1 | Path=ATT111001/ATT111001 | Message=GET /ATT111001/ATT111001
2026-05-06 11:18:03 | INF | ACTION_TRACE | Acc=admin | Path=/ATT111001/ATT111001 | IP=::1 | Start=2026-05-06 11:18:03.459 | Elapsed=4ms | Status=Completed
2026-05-06 11:18:03 | INF | CONTROLLER_EXEC | Acc= admin | IP=::1 | Path=ATT111001/GetList | Message=POST /ATT111001/GetList
2026-05-06 11:18:03 | INF | ACTION_TRACE | Acc=admin | Path=/ATT111001/GetList | IP=::1 | Start=2026-05-06 11:18:03.504 | Elapsed=103ms | Status=Completed
2026-05-06 11:18:04 | INF | ACTION_TRACE | Acc=admin | Path=/Home/Index | IP=::1 | Start=2026-05-06 11:18:04.627 | Elapsed=19ms | Status=Completed
2026-05-06 11:18:04 | INF | ACTION_TRACE | Acc=admin | Path=/.well-known/appspecific/com.chrome.devtools.json | IP=::1 | Start=2026-05-06 11:18:04.758 | Elapsed=0ms | Status=Completed
2026-05-06 11:18:04 | INF | ACTION_TRACE | Acc=admin | Path=/lib/html-to-image/html-to-image.js.map | IP=::1 | Start=2026-05-06 11:18:04.888 | Elapsed=0ms | Status=Completed
2026-05-06 11:18:06 | INF | ACTION_TRACE | Acc=admin | Path=/Home/Index | IP=::1 | Start=2026-05-06 11:18:06.428 | Elapsed=20ms | Status=Completed
2026-05-06 11:18:06 | INF | ACTION_TRACE | Acc=admin | Path=/.well-known/appspecific/com.chrome.devtools.json | IP=::1 | Start=2026-05-06 11:18:06.556 | Elapsed=0ms | Status=Completed
2026-05-06 11:18:06 | INF | ACTION_TRACE | Acc=admin | Path=/lib/html-to-image/html-to-image.js.map | IP=::1 | Start=2026-05-06 11:18:06.653 | Elapsed=0ms | Status=Completed
2026-05-06 11:18:06 | INF | ACTION_TRACE | Acc=admin | Path=/Home/Index | IP=::1 | Start=2026-05-06 11:18:06.631 | Elapsed=27ms | Status=Completed
2026-05-06 11:18:06 | INF | ACTION_TRACE | Acc=admin | Path=/.well-known/appspecific/com.chrome.devtools.json | IP=::1 | Start=2026-05-06 11:18:06.773 | Elapsed=0ms | Status=Completed
2026-05-06 11:18:06 | INF | ACTION_TRACE | Acc=admin | Path=/Home/Index | IP=::1 | Start=2026-05-06 11:18:06.830 | Elapsed=28ms | Status=Completed
2026-05-06 11:18:06 | INF | ACTION_TRACE | Acc=admin | Path=/.well-known/appspecific/com.chrome.devtools.json | IP=::1 | Start=2026-05-06 11:18:06.908 | Elapsed=0ms | Status=Completed
2026-05-06 11:18:07 | INF | ACTION_TRACE | Acc=admin | Path=/Home/Index | IP=::1 | Start=2026-05-06 11:18:06.993 | Elapsed=18ms | Status=Completed
2026-05-06 11:18:07 | INF | ACTION_TRACE | Acc=admin | Path=/lib/html-to-image/html-to-image.js.map | IP=::1 | Start=2026-05-06 11:18:07.029 | Elapsed=0ms | Status=Completed
2026-05-06 11:18:07 | INF | ACTION_TRACE | Acc=admin | Path=/.well-known/appspecific/com.chrome.devtools.json | IP=::1 | Start=2026-05-06 11:18:07.099 | Elapsed=0ms | Status=Completed
2026-05-06 11:18:07 | INF | ACTION_TRACE | Acc=admin | Path=/Home/Index | IP=::1 | Start=2026-05-06 11:18:07.183 | Elapsed=45ms | Status=Completed
2026-05-06 11:18:07 | INF | ACTION_TRACE | Acc=admin | Path=/lib/html-to-image/html-to-image.js.map | IP=::1 | Start=2026-05-06 11:18:07.228 | Elapsed=0ms | Status=Completed
2026-05-06 11:18:07 | INF | ACTION_TRACE | Acc=admin | Path=/.well-known/appspecific/com.chrome.devtools.json | IP=::1 | Start=2026-05-06 11:18:07.277 | Elapsed=0ms | Status=Completed
2026-05-06 11:18:07 | INF | ACTION_TRACE | Acc=admin | Path=/Home/Index | IP=::1 | Start=2026-05-06 11:18:07.337 | Elapsed=43ms | Status=Completed
2026-05-06 11:18:07 | INF | ACTION_TRACE | Acc=admin | Path=/lib/html-to-image/html-to-image.js.map | IP=::1 | Start=2026-05-06 11:18:07.405 | Elapsed=0ms | Status=Completed
2026-05-06 11:18:07 | INF | ACTION_TRACE | Acc=admin | Path=/.well-known/appspecific/com.chrome.devtools.json | IP=::1 | Start=2026-05-06 11:18:07.456 | Elapsed=0ms | Status=Completed
2026-05-06 11:18:07 | INF | ACTION_TRACE | Acc=admin | Path=/lib/html-to-image/html-to-image.js.map | IP=::1 | Start=2026-05-06 11:18:07.582 | Elapsed=0ms | Status=Completed
2026-05-06 11:18:07 | INF | ACTION_TRACE | Acc=admin | Path=/Home/Index | IP=::1 | Start=2026-05-06 11:18:07.609 | Elapsed=15ms | Status=Completed
2026-05-06 11:18:07 | INF | ACTION_TRACE | Acc=admin | Path=/.well-known/appspecific/com.chrome.devtools.json | IP=::1 | Start=2026-05-06 11:18:07.671 | Elapsed=0ms | Status=Completed
2026-05-06 11:18:07 | INF | ACTION_TRACE | Acc=admin | Path=/lib/html-to-image/html-to-image.js.map | IP=::1 | Start=2026-05-06 11:18:07.800 | Elapsed=0ms | Status=Completed
2026-05-06 11:18:07 | INF | ACTION_TRACE | Acc=admin | Path=/Home/Index | IP=::1 | Start=2026-05-06 11:18:07.767 | Elapsed=42ms | Status=Completed
2026-05-06 11:18:07 | INF | ACTION_TRACE | Acc=admin | Path=/.well-known/appspecific/com.chrome.devtools.json | IP=::1 | Start=2026-05-06 11:18:07.855 | Elapsed=0ms | Status=Completed
2026-05-06 11:18:07 | INF | ACTION_TRACE | Acc=admin | Path=/Home/Index | IP=::1 | Start=2026-05-06 11:18:07.894 | Elapsed=49ms | Status=Completed
2026-05-06 11:18:08 | INF | ACTION_TRACE | Acc=admin | Path=/.well-known/appspecific/com.chrome.devtools.json | IP=::1 | Start=2026-05-06 11:18:08.031 | Elapsed=0ms | Status=Completed
2026-05-06 11:18:08 | INF | ACTION_TRACE | Acc=admin | Path=/lib/html-to-image/html-to-image.js.map | IP=::1 | Start=2026-05-06 11:18:08.159 | Elapsed=0ms | Status=Completed
2026-05-06 11:18:09 | INF | ACTION_TRACE | Acc=admin | Path=/Home/GetMenu | IP=::1 | Start=2026-05-06 11:18:09.430 | Elapsed=12ms | Status=Completed
2026-05-06 11:18:15 | INF | CONTROLLER_EXEC | Acc= admin | IP=::1 | Path=ATT111001/ATT111001 | Message=GET /ATT111001/ATT111001
2026-05-06 11:18:15 | INF | ACTION_TRACE | Acc=admin | Path=/ATT111001/ATT111001 | IP=::1 | Start=2026-05-06 11:18:15.515 | Elapsed=6ms | Status=Completed
2026-05-06 11:19:13 | WRN | No store type was specified for the decimal property 'OveMoney' on entity type 'HROvertime'. This will cause values to be silently truncated if they do not fit in the default precision and scale. Explicitly specify the SQL server column type that can accommodate all the values in 'OnModelCreating' using 'HasColumnType', specify precision and scale using 'HasPrecision', or configure a value converter using 'HasConversion'.
2026-05-06 11:19:13 | WRN | No store type was specified for the decimal property 'Wag1D1Hour' on entity type 'HRWage'. This will cause values to be silently truncated if they do not fit in the default precision and scale. Explicitly specify the SQL server column type that can accommodate all the values in 'OnModelCreating' using 'HasColumnType', specify precision and scale using 'HasPrecision', or configure a value converter using 'HasConversion'.
2026-05-06 11:19:13 | WRN | No store type was specified for the decimal property 'Wag2D1Hour' on entity type 'HRWage'. This will cause values to be silently truncated if they do not fit in the default precision and scale. Explicitly specify the SQL server column type that can accommodate all the values in 'OnModelCreating' using 'HasColumnType', specify precision and scale using 'HasPrecision', or configure a value converter using 'HasConversion'.
2026-05-06 11:19:13 | WRN | No store type was specified for the decimal property 'Wag4D3Hour' on entity type 'HRWage'. This will cause values to be silently truncated if they do not fit in the default precision and scale. Explicitly specify the SQL server column type that can accommodate all the values in 'OnModelCreating' using 'HasColumnType', specify precision and scale using 'HasPrecision', or configure a value converter using 'HasConversion'.
2026-05-06 11:19:13 | WRN | No store type was specified for the decimal property 'Wag5D3Hour' on entity type 'HRWage'. This will cause values to be silently truncated if they do not fit in the default precision and scale. Explicitly specify the SQL server column type that can accommodate all the values in 'OnModelCreating' using 'HasColumnType', specify precision and scale using 'HasPrecision', or configure a value converter using 'HasConversion'.
2026-05-06 11:19:13 | WRN | No store type was specified for the decimal property 'Wag8D3Hour' on entity type 'HRWage'. This will cause values to be silently truncated if they do not fit in the default precision and scale. Explicitly specify the SQL server column type that can accommodate all the values in 'OnModelCreating' using 'HasColumnType', specify precision and scale using 'HasPrecision', or configure a value converter using 'HasConversion'.
2026-05-06 11:19:13 | WRN | No store type was specified for the decimal property 'WagApplyHour' on entity type 'HRWage'. This will cause values to be silently truncated if they do not fit in the default precision and scale. Explicitly specify the SQL server column type that can accommodate all the values in 'OnModelCreating' using 'HasColumnType', specify precision and scale using 'HasPrecision', or configure a value converter using 'HasConversion'.
2026-05-06 11:19:13 | WRN | No store type was specified for the decimal property 'WagIssueHour' on entity type 'HRWage'. This will cause values to be silently truncated if they do not fit in the default precision and scale. Explicitly specify the SQL server column type that can accommodate all the values in 'OnModelCreating' using 'HasColumnType', specify precision and scale using 'HasPrecision', or configure a value converter using 'HasConversion'.
2026-05-06 11:19:13 | WRN | No store type was specified for the decimal property 'WagSubtotal' on entity type 'HRWage'. This will cause values to be silently truncated if they do not fit in the default precision and scale. Explicitly specify the SQL server column type that can accommodate all the values in 'OnModelCreating' using 'HasColumnType', specify precision and scale using 'HasPrecision', or configure a value converter using 'HasConversion'.
2026-05-06 11:19:18 | WRN | The query uses the 'First'/'FirstOrDefault' operator without 'OrderBy' and filter operators. This may lead to unpredictable results.
2026-05-06 11:19:19 | INF | ACTION_TRACE | Acc=admin | Path=/ | IP=::1 | Start=2026-05-06 11:19:12.038 | Elapsed=7140ms | Status=Completed
2026-05-06 11:19:19 | INF | NETWORK_UNSTABLE | Acc=admin | Path=/ | Reason=SlowRequest 7140ms
2026-05-06 11:19:19 | INF | ACTION_TRACE | Acc=admin | Path=/Captcha/Generate | IP=::1 | Start=2026-05-06 11:19:19.445 | Elapsed=51ms | Status=Completed
2026-05-06 11:19:19 | INF | ACTION_TRACE | Acc=admin | Path=/DNTCaptchaImage/Show | IP=::1 | Start=2026-05-06 11:19:19.507 | Elapsed=129ms | Status=Completed
2026-05-06 11:19:31 | INF | ACTION_TRACE | Acc=admin | Path=/Account/Login | IP=::1 | Start=2026-05-06 11:19:22.654 | Elapsed=9340ms | Status=Completed
2026-05-06 11:19:31 | INF | NETWORK_UNSTABLE | Acc=admin | Path=/Account/Login | Reason=SlowRequest 9340ms
2026-05-06 11:19:32 | INF | ACTION_TRACE | Acc=admin | Path=/Home/Index | IP=::1 | Start=2026-05-06 11:19:32.009 | Elapsed=203ms | Status=Completed
2026-05-06 11:19:34 | INF | ACTION_TRACE | Acc=admin | Path=/Home/GetMenu | IP=::1 | Start=2026-05-06 11:19:34.274 | Elapsed=94ms | Status=Completed
2026-05-06 11:19:36 | INF | CONTROLLER_EXEC | Acc= admin | IP=::1 | Path=ATT111001/ATT111001 | Message=GET /ATT111001/ATT111001
2026-05-06 11:19:36 | INF | ACTION_TRACE | Acc=admin | Path=/ATT111001/ATT111001 | IP=::1 | Start=2026-05-06 11:19:36.484 | Elapsed=77ms | Status=Completed
2026-05-06 11:20:38 | WRN | No store type was specified for the decimal property 'OveMoney' on entity type 'HROvertime'. This will cause values to be silently truncated if they do not fit in the default precision and scale. Explicitly specify the SQL server column type that can accommodate all the values in 'OnModelCreating' using 'HasColumnType', specify precision and scale using 'HasPrecision', or configure a value converter using 'HasConversion'.
2026-05-06 11:20:38 | WRN | No store type was specified for the decimal property 'Wag1D1Hour' on entity type 'HRWage'. This will cause values to be silently truncated if they do not fit in the default precision and scale. Explicitly specify the SQL server column type that can accommodate all the values in 'OnModelCreating' using 'HasColumnType', specify precision and scale using 'HasPrecision', or configure a value converter using 'HasConversion'.
2026-05-06 11:20:38 | WRN | No store type was specified for the decimal property 'Wag2D1Hour' on entity type 'HRWage'. This will cause values to be silently truncated if they do not fit in the default precision and scale. Explicitly specify the SQL server column type that can accommodate all the values in 'OnModelCreating' using 'HasColumnType', specify precision and scale using 'HasPrecision', or configure a value converter using 'HasConversion'.
2026-05-06 11:20:38 | WRN | No store type was specified for the decimal property 'Wag4D3Hour' on entity type 'HRWage'. This will cause values to be silently truncated if they do not fit in the default precision and scale. Explicitly specify the SQL server column type that can accommodate all the values in 'OnModelCreating' using 'HasColumnType', specify precision and scale using 'HasPrecision', or configure a value converter using 'HasConversion'.
2026-05-06 11:20:38 | WRN | No store type was specified for the decimal property 'Wag5D3Hour' on entity type 'HRWage'. This will cause values to be silently truncated if they do not fit in the default precision and scale. Explicitly specify the SQL server column type that can accommodate all the values in 'OnModelCreating' using 'HasColumnType', specify precision and scale using 'HasPrecision', or configure a value converter using 'HasConversion'.
2026-05-06 11:20:38 | WRN | No store type was specified for the decimal property 'Wag8D3Hour' on entity type 'HRWage'. This will cause values to be silently truncated if they do not fit in the default precision and scale. Explicitly specify the SQL server column type that can accommodate all the values in 'OnModelCreating' using 'HasColumnType', specify precision and scale using 'HasPrecision', or configure a value converter using 'HasConversion'.
2026-05-06 11:20:38 | WRN | No store type was specified for the decimal property 'WagApplyHour' on entity type 'HRWage'. This will cause values to be silently truncated if they do not fit in the default precision and scale. Explicitly specify the SQL server column type that can accommodate all the values in 'OnModelCreating' using 'HasColumnType', specify precision and scale using 'HasPrecision', or configure a value converter using 'HasConversion'.
2026-05-06 11:20:38 | WRN | No store type was specified for the decimal property 'WagIssueHour' on entity type 'HRWage'. This will cause values to be silently truncated if they do not fit in the default precision and scale. Explicitly specify the SQL server column type that can accommodate all the values in 'OnModelCreating' using 'HasColumnType', specify precision and scale using 'HasPrecision', or configure a value converter using 'HasConversion'.
2026-05-06 11:20:38 | WRN | No store type was specified for the decimal property 'WagSubtotal' on entity type 'HRWage'. This will cause values to be silently truncated if they do not fit in the default precision and scale. Explicitly specify the SQL server column type that can accommodate all the values in 'OnModelCreating' using 'HasColumnType', specify precision and scale using 'HasPrecision', or configure a value converter using 'HasConversion'.
2026-05-06 11:20:43 | WRN | The query uses the 'First'/'FirstOrDefault' operator without 'OrderBy' and filter operators. This may lead to unpredictable results.
2026-05-06 11:20:44 | INF | ACTION_TRACE | Acc=admin | Path=/ | IP=::1 | Start=2026-05-06 11:20:37.900 | Elapsed=7012ms | Status=Completed
2026-05-06 11:20:44 | INF | NETWORK_UNSTABLE | Acc=admin | Path=/ | Reason=SlowRequest 7012ms
2026-05-06 11:20:45 | INF | ACTION_TRACE | Acc=admin | Path=/Captcha/Generate | IP=::1 | Start=2026-05-06 11:20:45.110 | Elapsed=40ms | Status=Completed
2026-05-06 11:20:45 | INF | ACTION_TRACE | Acc=admin | Path=/DNTCaptchaImage/Show | IP=::1 | Start=2026-05-06 11:20:45.183 | Elapsed=106ms | Status=Completed
2026-05-06 11:23:51 | INF | ACTION_TRACE | Acc=admin | Path=/Account/Login | IP=::1 | Start=2026-05-06 11:23:42.904 | Elapsed=8358ms | Status=Completed
2026-05-06 11:23:51 | INF | NETWORK_UNSTABLE | Acc=admin | Path=/Account/Login | Reason=SlowRequest 8358ms
2026-05-06 11:23:51 | INF | ACTION_TRACE | Acc=admin | Path=/Home/Index | IP=::1 | Start=2026-05-06 11:23:51.278 | Elapsed=226ms | Status=Completed
2026-05-06 11:23:54 | INF | ACTION_TRACE | Acc=admin | Path=/Home/GetMenu | IP=::1 | Start=2026-05-06 11:23:54.570 | Elapsed=60ms | Status=Completed
2026-05-06 11:23:58 | INF | CONTROLLER_EXEC | Acc= admin | IP=::1 | Path=ATT111001/ATT111001 | Message=GET /ATT111001/ATT111001
2026-05-06 11:23:58 | INF | ACTION_TRACE | Acc=admin | Path=/ATT111001/ATT111001 | IP=::1 | Start=2026-05-06 11:23:58.660 | Elapsed=74ms | Status=Completed
2026-05-06 11:24:48 | WRN | No store type was specified for the decimal property 'OveMoney' on entity type 'HROvertime'. This will cause values to be silently truncated if they do not fit in the default precision and scale. Explicitly specify the SQL server column type that can accommodate all the values in 'OnModelCreating' using 'HasColumnType', specify precision and scale using 'HasPrecision', or configure a value converter using 'HasConversion'.
2026-05-06 11:24:48 | WRN | No store type was specified for the decimal property 'Wag1D1Hour' on entity type 'HRWage'. This will cause values to be silently truncated if they do not fit in the default precision and scale. Explicitly specify the SQL server column type that can accommodate all the values in 'OnModelCreating' using 'HasColumnType', specify precision and scale using 'HasPrecision', or configure a value converter using 'HasConversion'.
2026-05-06 11:24:48 | WRN | No store type was specified for the decimal property 'Wag2D1Hour' on entity type 'HRWage'. This will cause values to be silently truncated if they do not fit in the default precision and scale. Explicitly specify the SQL server column type that can accommodate all the values in 'OnModelCreating' using 'HasColumnType', specify precision and scale using 'HasPrecision', or configure a value converter using 'HasConversion'.
2026-05-06 11:24:48 | WRN | No store type was specified for the decimal property 'Wag4D3Hour' on entity type 'HRWage'. This will cause values to be silently truncated if they do not fit in the default precision and scale. Explicitly specify the SQL server column type that can accommodate all the values in 'OnModelCreating' using 'HasColumnType', specify precision and scale using 'HasPrecision', or configure a value converter using 'HasConversion'.
2026-05-06 11:24:48 | WRN | No store type was specified for the decimal property 'Wag5D3Hour' on entity type 'HRWage'. This will cause values to be silently truncated if they do not fit in the default precision and scale. Explicitly specify the SQL server column type that can accommodate all the values in 'OnModelCreating' using 'HasColumnType', specify precision and scale using 'HasPrecision', or configure a value converter using 'HasConversion'.
2026-05-06 11:24:48 | WRN | No store type was specified for the decimal property 'Wag8D3Hour' on entity type 'HRWage'. This will cause values to be silently truncated if they do not fit in the default precision and scale. Explicitly specify the SQL server column type that can accommodate all the values in 'OnModelCreating' using 'HasColumnType', specify precision and scale using 'HasPrecision', or configure a value converter using 'HasConversion'.
2026-05-06 11:24:48 | WRN | No store type was specified for the decimal property 'WagApplyHour' on entity type 'HRWage'. This will cause values to be silently truncated if they do not fit in the default precision and scale. Explicitly specify the SQL server column type that can accommodate all the values in 'OnModelCreating' using 'HasColumnType', specify precision and scale using 'HasPrecision', or configure a value converter using 'HasConversion'.
2026-05-06 11:24:48 | WRN | No store type was specified for the decimal property 'WagIssueHour' on entity type 'HRWage'. This will cause values to be silently truncated if they do not fit in the default precision and scale. Explicitly specify the SQL server column type that can accommodate all the values in 'OnModelCreating' using 'HasColumnType', specify precision and scale using 'HasPrecision', or configure a value converter using 'HasConversion'.
2026-05-06 11:24:48 | WRN | No store type was specified for the decimal property 'WagSubtotal' on entity type 'HRWage'. This will cause values to be silently truncated if they do not fit in the default precision and scale. Explicitly specify the SQL server column type that can accommodate all the values in 'OnModelCreating' using 'HasColumnType', specify precision and scale using 'HasPrecision', or configure a value converter using 'HasConversion'.
2026-05-06 11:24:53 | WRN | The query uses the 'First'/'FirstOrDefault' operator without 'OrderBy' and filter operators. This may lead to unpredictable results.
2026-05-06 11:24:54 | INF | ACTION_TRACE | Acc=admin | Path=/ | IP=::1 | Start=2026-05-06 11:24:47.375 | Elapsed=7090ms | Status=Completed
2026-05-06 11:24:54 | INF | NETWORK_UNSTABLE | Acc=admin | Path=/ | Reason=SlowRequest 7090ms
2026-05-06 11:24:54 | INF | ACTION_TRACE | Acc=admin | Path=/Captcha/Generate | IP=::1 | Start=2026-05-06 11:24:54.669 | Elapsed=38ms | Status=Completed
2026-05-06 11:24:54 | INF | ACTION_TRACE | Acc=admin | Path=/DNTCaptchaImage/Show | IP=::1 | Start=2026-05-06 11:24:54.728 | Elapsed=107ms | Status=Completed
2026-05-06 11:25:01 | INF | ACTION_TRACE | Acc=admin | Path=/Account/Login | IP=::1 | Start=2026-05-06 11:25:00.012 | Elapsed=1358ms | Status=Completed
2026-05-06 11:25:01 | INF | ACTION_TRACE | Acc=admin | Path=/Captcha/Generate | IP=::1 | Start=2026-05-06 11:25:01.651 | Elapsed=1ms | Status=Completed
2026-05-06 11:25:01 | INF | ACTION_TRACE | Acc=admin | Path=/DNTCaptchaImage/Show | IP=::1 | Start=2026-05-06 11:25:01.659 | Elapsed=15ms | Status=Completed
2026-05-06 11:25:13 | INF | ACTION_TRACE | Acc=admin | Path=/Account/Login | IP=::1 | Start=2026-05-06 11:25:07.749 | Elapsed=5712ms | Status=Completed
2026-05-06 11:25:13 | INF | NETWORK_UNSTABLE | Acc=admin | Path=/Account/Login | Reason=SlowRequest 5712ms
2026-05-06 11:25:13 | INF | ACTION_TRACE | Acc=admin | Path=/Home/Index | IP=::1 | Start=2026-05-06 11:25:13.474 | Elapsed=217ms | Status=Completed
2026-05-06 11:25:18 | INF | ACTION_TRACE | Acc=admin | Path=/Home/GetMenu | IP=::1 | Start=2026-05-06 11:25:18.364 | Elapsed=17ms | Status=Completed
2026-05-06 11:25:20 | INF | CONTROLLER_EXEC | Acc= admin | IP=::1 | Path=ATT111001/ATT111001 | Message=GET /ATT111001/ATT111001
2026-05-06 11:25:20 | INF | ACTION_TRACE | Acc=admin | Path=/ATT111001/ATT111001 | IP=::1 | Start=2026-05-06 11:25:20.161 | Elapsed=64ms | Status=Completed
2026-05-06 11:31:33 | WRN | No store type was specified for the decimal property 'OveMoney' on entity type 'HROvertime'. This will cause values to be silently truncated if they do not fit in the default precision and scale. Explicitly specify the SQL server column type that can accommodate all the values in 'OnModelCreating' using 'HasColumnType', specify precision and scale using 'HasPrecision', or configure a value converter using 'HasConversion'.
2026-05-06 11:31:33 | WRN | No store type was specified for the decimal property 'Wag1D1Hour' on entity type 'HRWage'. This will cause values to be silently truncated if they do not fit in the default precision and scale. Explicitly specify the SQL server column type that can accommodate all the values in 'OnModelCreating' using 'HasColumnType', specify precision and scale using 'HasPrecision', or configure a value converter using 'HasConversion'.
2026-05-06 11:31:33 | WRN | No store type was specified for the decimal property 'Wag2D1Hour' on entity type 'HRWage'. This will cause values to be silently truncated if they do not fit in the default precision and scale. Explicitly specify the SQL server column type that can accommodate all the values in 'OnModelCreating' using 'HasColumnType', specify precision and scale using 'HasPrecision', or configure a value converter using 'HasConversion'.
2026-05-06 11:31:33 | WRN | No store type was specified for the decimal property 'Wag4D3Hour' on entity type 'HRWage'. This will cause values to be silently truncated if they do not fit in the default precision and scale. Explicitly specify the SQL server column type that can accommodate all the values in 'OnModelCreating' using 'HasColumnType', specify precision and scale using 'HasPrecision', or configure a value converter using 'HasConversion'.
2026-05-06 11:31:33 | WRN | No store type was specified for the decimal property 'Wag5D3Hour' on entity type 'HRWage'. This will cause values to be silently truncated if they do not fit in the default precision and scale. Explicitly specify the SQL server column type that can accommodate all the values in 'OnModelCreating' using 'HasColumnType', specify precision and scale using 'HasPrecision', or configure a value converter using 'HasConversion'.
2026-05-06 11:31:33 | WRN | No store type was specified for the decimal property 'Wag8D3Hour' on entity type 'HRWage'. This will cause values to be silently truncated if they do not fit in the default precision and scale. Explicitly specify the SQL server column type that can accommodate all the values in 'OnModelCreating' using 'HasColumnType', specify precision and scale using 'HasPrecision', or configure a value converter using 'HasConversion'.
2026-05-06 11:31:33 | WRN | No store type was specified for the decimal property 'WagApplyHour' on entity type 'HRWage'. This will cause values to be silently truncated if they do not fit in the default precision and scale. Explicitly specify the SQL server column type that can accommodate all the values in 'OnModelCreating' using 'HasColumnType', specify precision and scale using 'HasPrecision', or configure a value converter using 'HasConversion'.
2026-05-06 11:31:33 | WRN | No store type was specified for the decimal property 'WagIssueHour' on entity type 'HRWage'. This will cause values to be silently truncated if they do not fit in the default precision and scale. Explicitly specify the SQL server column type that can accommodate all the values in 'OnModelCreating' using 'HasColumnType', specify precision and scale using 'HasPrecision', or configure a value converter using 'HasConversion'.
2026-05-06 11:31:33 | WRN | No store type was specified for the decimal property 'WagSubtotal' on entity type 'HRWage'. This will cause values to be silently truncated if they do not fit in the default precision and scale. Explicitly specify the SQL server column type that can accommodate all the values in 'OnModelCreating' using 'HasColumnType', specify precision and scale using 'HasPrecision', or configure a value converter using 'HasConversion'.
2026-05-06 11:31:38 | WRN | The query uses the 'First'/'FirstOrDefault' operator without 'OrderBy' and filter operators. This may lead to unpredictable results.
2026-05-06 11:31:39 | INF | ACTION_TRACE | Acc=admin | Path=/ | IP=::1 | Start=2026-05-06 11:31:32.457 | Elapsed=7096ms | Status=Completed
2026-05-06 11:31:39 | INF | NETWORK_UNSTABLE | Acc=admin | Path=/ | Reason=SlowRequest 7096ms
2026-05-06 11:31:39 | INF | ACTION_TRACE | Acc=admin | Path=/Captcha/Generate | IP=::1 | Start=2026-05-06 11:31:39.736 | Elapsed=30ms | Status=Completed
2026-05-06 11:31:39 | INF | ACTION_TRACE | Acc=admin | Path=/DNTCaptchaImage/Show | IP=::1 | Start=2026-05-06 11:31:39.783 | Elapsed=114ms | Status=Completed
2026-05-06 11:31:50 | INF | ACTION_TRACE | Acc=admin | Path=/Account/Login | IP=::1 | Start=2026-05-06 11:31:43.519 | Elapsed=6832ms | Status=Completed
2026-05-06 11:31:50 | INF | NETWORK_UNSTABLE | Acc=admin | Path=/Account/Login | Reason=SlowRequest 6832ms
2026-05-06 11:31:50 | INF | ACTION_TRACE | Acc=admin | Path=/Home/Index | IP=::1 | Start=2026-05-06 11:31:50.365 | Elapsed=306ms | Status=Completed
2026-05-06 11:31:52 | INF | ACTION_TRACE | Acc=admin | Path=/Home/GetMenu | IP=::1 | Start=2026-05-06 11:31:52.581 | Elapsed=15ms | Status=Completed
2026-05-06 11:31:58 | INF | CONTROLLER_EXEC | Acc= admin | IP=::1 | Path=ATT111001/ATT111001 | Message=GET /ATT111001/ATT111001
2026-05-06 11:31:58 | INF | ACTION_TRACE | Acc=admin | Path=/ATT111001/ATT111001 | IP=::1 | Start=2026-05-06 11:31:58.200 | Elapsed=64ms | Status=Completed
2026-05-06 11:32:01 | INF | ACTION_TRACE | Acc=admin | Path=/.well-known/appspecific/com.chrome.devtools.json | IP=::1 | Start=2026-05-06 11:32:01.010 | Elapsed=0ms | Status=Completed
2026-05-06 11:32:01 | INF | ACTION_TRACE | Acc=admin | Path=/lib/html-to-image/html-to-image.js.map | IP=::1 | Start=2026-05-06 11:32:01.113 | Elapsed=0ms | Status=Completed
2026-05-06 11:32:07 | INF | ACTION_TRACE | Acc=admin | Path=/Home/Index | IP=::1 | Start=2026-05-06 11:32:07.579 | Elapsed=17ms | Status=Completed
2026-05-06 11:32:07 | INF | ACTION_TRACE | Acc=admin | Path=/.well-known/appspecific/com.chrome.devtools.json | IP=::1 | Start=2026-05-06 11:32:07.705 | Elapsed=0ms | Status=Completed
2026-05-06 11:32:07 | INF | ACTION_TRACE | Acc=admin | Path=/lib/html-to-image/html-to-image.js.map | IP=::1 | Start=2026-05-06 11:32:07.857 | Elapsed=0ms | Status=Completed
2026-05-06 11:32:13 | INF | ACTION_TRACE | Acc=admin | Path=/Home/GetMenu | IP=::1 | Start=2026-05-06 11:32:13.571 | Elapsed=14ms | Status=Completed
2026-05-06 11:32:17 | INF | CONTROLLER_EXEC | Acc= admin | IP=::1 | Path=ATT111001/ATT111001 | Message=GET /ATT111001/ATT111001
2026-05-06 11:32:17 | INF | ACTION_TRACE | Acc=admin | Path=/ATT111001/ATT111001 | IP=::1 | Start=2026-05-06 11:32:17.435 | Elapsed=4ms | Status=Completed
2026-05-06 11:33:04 | WRN | No store type was specified for the decimal property 'OveMoney' on entity type 'HROvertime'. This will cause values to be silently truncated if they do not fit in the default precision and scale. Explicitly specify the SQL server column type that can accommodate all the values in 'OnModelCreating' using 'HasColumnType', specify precision and scale using 'HasPrecision', or configure a value converter using 'HasConversion'.
2026-05-06 11:33:04 | WRN | No store type was specified for the decimal property 'Wag1D1Hour' on entity type 'HRWage'. This will cause values to be silently truncated if they do not fit in the default precision and scale. Explicitly specify the SQL server column type that can accommodate all the values in 'OnModelCreating' using 'HasColumnType', specify precision and scale using 'HasPrecision', or configure a value converter using 'HasConversion'.
2026-05-06 11:33:04 | WRN | No store type was specified for the decimal property 'Wag2D1Hour' on entity type 'HRWage'. This will cause values to be silently truncated if they do not fit in the default precision and scale. Explicitly specify the SQL server column type that can accommodate all the values in 'OnModelCreating' using 'HasColumnType', specify precision and scale using 'HasPrecision', or configure a value converter using 'HasConversion'.
2026-05-06 11:33:04 | WRN | No store type was specified for the decimal property 'Wag4D3Hour' on entity type 'HRWage'. This will cause values to be silently truncated if they do not fit in the default precision and scale. Explicitly specify the SQL server column type that can accommodate all the values in 'OnModelCreating' using 'HasColumnType', specify precision and scale using 'HasPrecision', or configure a value converter using 'HasConversion'.
2026-05-06 11:33:04 | WRN | No store type was specified for the decimal property 'Wag5D3Hour' on entity type 'HRWage'. This will cause values to be silently truncated if they do not fit in the default precision and scale. Explicitly specify the SQL server column type that can accommodate all the values in 'OnModelCreating' using 'HasColumnType', specify precision and scale using 'HasPrecision', or configure a value converter using 'HasConversion'.
2026-05-06 11:33:04 | WRN | No store type was specified for the decimal property 'Wag8D3Hour' on entity type 'HRWage'. This will cause values to be silently truncated if they do not fit in the default precision and scale. Explicitly specify the SQL server column type that can accommodate all the values in 'OnModelCreating' using 'HasColumnType', specify precision and scale using 'HasPrecision', or configure a value converter using 'HasConversion'.
2026-05-06 11:33:04 | WRN | No store type was specified for the decimal property 'WagApplyHour' on entity type 'HRWage'. This will cause values to be silently truncated if they do not fit in the default precision and scale. Explicitly specify the SQL server column type that can accommodate all the values in 'OnModelCreating' using 'HasColumnType', specify precision and scale using 'HasPrecision', or configure a value converter using 'HasConversion'.
2026-05-06 11:33:04 | WRN | No store type was specified for the decimal property 'WagIssueHour' on entity type 'HRWage'. This will cause values to be silently truncated if they do not fit in the default precision and scale. Explicitly specify the SQL server column type that can accommodate all the values in 'OnModelCreating' using 'HasColumnType', specify precision and scale using 'HasPrecision', or configure a value converter using 'HasConversion'.
2026-05-06 11:33:04 | WRN | No store type was specified for the decimal property 'WagSubtotal' on entity type 'HRWage'. This will cause values to be silently truncated if they do not fit in the default precision and scale. Explicitly specify the SQL server column type that can accommodate all the values in 'OnModelCreating' using 'HasColumnType', specify precision and scale using 'HasPrecision', or configure a value converter using 'HasConversion'.
2026-05-06 11:33:09 | WRN | The query uses the 'First'/'FirstOrDefault' operator without 'OrderBy' and filter operators. This may lead to unpredictable results.
2026-05-06 11:33:10 | INF | ACTION_TRACE | Acc=admin | Path=/ | IP=::1 | Start=2026-05-06 11:33:03.825 | Elapsed=7022ms | Status=Completed
2026-05-06 11:33:10 | INF | NETWORK_UNSTABLE | Acc=admin | Path=/ | Reason=SlowRequest 7022ms
2026-05-06 11:33:11 | INF | ACTION_TRACE | Acc=admin | Path=/Captcha/Generate | IP=::1 | Start=2026-05-06 11:33:11.103 | Elapsed=46ms | Status=Completed
2026-05-06 11:33:11 | INF | ACTION_TRACE | Acc=admin | Path=/DNTCaptchaImage/Show | IP=::1 | Start=2026-05-06 11:33:11.164 | Elapsed=104ms | Status=Completed
2026-05-06 11:33:34 | INF | ACTION_TRACE | Acc=admin | Path=/Account/Login | IP=::1 | Start=2026-05-06 11:33:27.028 | Elapsed=7037ms | Status=Completed
2026-05-06 11:33:34 | INF | NETWORK_UNSTABLE | Acc=admin | Path=/Account/Login | Reason=SlowRequest 7037ms
2026-05-06 11:33:34 | INF | ACTION_TRACE | Acc=admin | Path=/Home/Index | IP=::1 | Start=2026-05-06 11:33:34.081 | Elapsed=224ms | Status=Completed
2026-05-06 11:33:38 | INF | ACTION_TRACE | Acc=admin | Path=/Home/GetMenu | IP=::1 | Start=2026-05-06 11:33:38.933 | Elapsed=46ms | Status=Completed
2026-05-06 11:33:42 | INF | CONTROLLER_EXEC | Acc= admin | IP=::1 | Path=ATT111001/ATT111001 | Message=GET /ATT111001/ATT111001
2026-05-06 11:33:42 | INF | ACTION_TRACE | Acc=admin | Path=/ATT111001/ATT111001 | IP=::1 | Start=2026-05-06 11:33:42.452 | Elapsed=74ms | Status=Completed
2026-05-06 11:33:44 | INF | ACTION_TRACE | Acc=admin | Path=/.well-known/appspecific/com.chrome.devtools.json | IP=::1 | Start=2026-05-06 11:33:44.914 | Elapsed=0ms | Status=Completed
2026-05-06 11:33:45 | INF | ACTION_TRACE | Acc=admin | Path=/lib/html-to-image/html-to-image.js.map | IP=::1 | Start=2026-05-06 11:33:45.009 | Elapsed=0ms | Status=Completed
2026-05-06 11:33:51 | INF | ACTION_TRACE | Acc=admin | Path=/Home/Index | IP=::1 | Start=2026-05-06 11:33:51.108 | Elapsed=57ms | Status=Completed
2026-05-06 11:33:51 | INF | ACTION_TRACE | Acc=admin | Path=/.well-known/appspecific/com.chrome.devtools.json | IP=::1 | Start=2026-05-06 11:33:51.271 | Elapsed=0ms | Status=Completed
2026-05-06 11:33:51 | INF | ACTION_TRACE | Acc=admin | Path=/lib/html-to-image/html-to-image.js.map | IP=::1 | Start=2026-05-06 11:33:51.408 | Elapsed=0ms | Status=Completed
2026-05-06 11:33:53 | INF | ACTION_TRACE | Acc=admin | Path=/Home/GetMenu | IP=::1 | Start=2026-05-06 11:33:53.860 | Elapsed=51ms | Status=Completed
2026-05-06 11:33:58 | INF | CONTROLLER_EXEC | Acc= admin | IP=::1 | Path=ATT111001/ATT111001 | Message=GET /ATT111001/ATT111001
2026-05-06 11:33:58 | INF | ACTION_TRACE | Acc=admin | Path=/ATT111001/ATT111001 | IP=::1 | Start=2026-05-06 11:33:58.323 | Elapsed=4ms | Status=Completed
2026-05-06 11:34:52 | WRN | No store type was specified for the decimal property 'OveMoney' on entity type 'HROvertime'. This will cause values to be silently truncated if they do not fit in the default precision and scale. Explicitly specify the SQL server column type that can accommodate all the values in 'OnModelCreating' using 'HasColumnType', specify precision and scale using 'HasPrecision', or configure a value converter using 'HasConversion'.
2026-05-06 11:34:52 | WRN | No store type was specified for the decimal property 'Wag1D1Hour' on entity type 'HRWage'. This will cause values to be silently truncated if they do not fit in the default precision and scale. Explicitly specify the SQL server column type that can accommodate all the values in 'OnModelCreating' using 'HasColumnType', specify precision and scale using 'HasPrecision', or configure a value converter using 'HasConversion'.
2026-05-06 11:34:52 | WRN | No store type was specified for the decimal property 'Wag2D1Hour' on entity type 'HRWage'. This will cause values to be silently truncated if they do not fit in the default precision and scale. Explicitly specify the SQL server column type that can accommodate all the values in 'OnModelCreating' using 'HasColumnType', specify precision and scale using 'HasPrecision', or configure a value converter using 'HasConversion'.
2026-05-06 11:34:52 | WRN | No store type was specified for the decimal property 'Wag4D3Hour' on entity type 'HRWage'. This will cause values to be silently truncated if they do not fit in the default precision and scale. Explicitly specify the SQL server column type that can accommodate all the values in 'OnModelCreating' using 'HasColumnType', specify precision and scale using 'HasPrecision', or configure a value converter using 'HasConversion'.
2026-05-06 11:34:52 | WRN | No store type was specified for the decimal property 'Wag5D3Hour' on entity type 'HRWage'. This will cause values to be silently truncated if they do not fit in the default precision and scale. Explicitly specify the SQL server column type that can accommodate all the values in 'OnModelCreating' using 'HasColumnType', specify precision and scale using 'HasPrecision', or configure a value converter using 'HasConversion'.
2026-05-06 11:34:52 | WRN | No store type was specified for the decimal property 'Wag8D3Hour' on entity type 'HRWage'. This will cause values to be silently truncated if they do not fit in the default precision and scale. Explicitly specify the SQL server column type that can accommodate all the values in 'OnModelCreating' using 'HasColumnType', specify precision and scale using 'HasPrecision', or configure a value converter using 'HasConversion'.
2026-05-06 11:34:52 | WRN | No store type was specified for the decimal property 'WagApplyHour' on entity type 'HRWage'. This will cause values to be silently truncated if they do not fit in the default precision and scale. Explicitly specify the SQL server column type that can accommodate all the values in 'OnModelCreating' using 'HasColumnType', specify precision and scale using 'HasPrecision', or configure a value converter using 'HasConversion'.
2026-05-06 11:34:52 | WRN | No store type was specified for the decimal property 'WagIssueHour' on entity type 'HRWage'. This will cause values to be silently truncated if they do not fit in the default precision and scale. Explicitly specify the SQL server column type that can accommodate all the values in 'OnModelCreating' using 'HasColumnType', specify precision and scale using 'HasPrecision', or configure a value converter using 'HasConversion'.
2026-05-06 11:34:52 | WRN | No store type was specified for the decimal property 'WagSubtotal' on entity type 'HRWage'. This will cause values to be silently truncated if they do not fit in the default precision and scale. Explicitly specify the SQL server column type that can accommodate all the values in 'OnModelCreating' using 'HasColumnType', specify precision and scale using 'HasPrecision', or configure a value converter using 'HasConversion'.
2026-05-06 11:34:57 | WRN | The query uses the 'First'/'FirstOrDefault' operator without 'OrderBy' and filter operators. This may lead to unpredictable results.
2026-05-06 11:34:58 | INF | ACTION_TRACE | Acc=admin | Path=/ | IP=::1 | Start=2026-05-06 11:34:51.373 | Elapsed=7055ms | Status=Completed
2026-05-06 11:34:58 | INF | NETWORK_UNSTABLE | Acc=admin | Path=/ | Reason=SlowRequest 7055ms
2026-05-06 11:34:58 | INF | ACTION_TRACE | Acc=admin | Path=/Captcha/Generate | IP=::1 | Start=2026-05-06 11:34:58.635 | Elapsed=35ms | Status=Completed
2026-05-06 11:34:58 | INF | ACTION_TRACE | Acc=admin | Path=/DNTCaptchaImage/Show | IP=::1 | Start=2026-05-06 11:34:58.681 | Elapsed=112ms | Status=Completed
2026-05-06 11:36:18 | INF | ACTION_TRACE | Acc=admin | Path=/Account/Login | IP=::1 | Start=2026-05-06 11:36:10.081 | Elapsed=8468ms | Status=Completed
2026-05-06 11:36:18 | INF | NETWORK_UNSTABLE | Acc=admin | Path=/Account/Login | Reason=SlowRequest 8468ms
2026-05-06 11:36:18 | INF | ACTION_TRACE | Acc=admin | Path=/Home/Index | IP=::1 | Start=2026-05-06 11:36:18.564 | Elapsed=292ms | Status=Completed
2026-05-06 11:36:37 | INF | ACTION_TRACE | Acc=admin | Path=/Home/GetMenu | IP=::1 | Start=2026-05-06 11:36:37.375 | Elapsed=49ms | Status=Completed
2026-05-06 11:36:40 | INF | CONTROLLER_EXEC | Acc= admin | IP=::1 | Path=ATT111001/ATT111001 | Message=GET /ATT111001/ATT111001
2026-05-06 11:36:40 | INF | ACTION_TRACE | Acc=admin | Path=/ATT111001/ATT111001 | IP=::1 | Start=2026-05-06 11:36:40.709 | Elapsed=95ms | Status=Completed
2026-05-06 11:36:42 | INF | ACTION_TRACE | Acc=admin | Path=/.well-known/appspecific/com.chrome.devtools.json | IP=::1 | Start=2026-05-06 11:36:42.707 | Elapsed=0ms | Status=Completed
2026-05-06 11:36:42 | INF | ACTION_TRACE | Acc=admin | Path=/lib/html-to-image/html-to-image.js.map | IP=::1 | Start=2026-05-06 11:36:42.786 | Elapsed=0ms | Status=Completed
2026-05-06 11:37:43 | WRN | No store type was specified for the decimal property 'OveMoney' on entity type 'HROvertime'. This will cause values to be silently truncated if they do not fit in the default precision and scale. Explicitly specify the SQL server column type that can accommodate all the values in 'OnModelCreating' using 'HasColumnType', specify precision and scale using 'HasPrecision', or configure a value converter using 'HasConversion'.
2026-05-06 11:37:43 | WRN | No store type was specified for the decimal property 'Wag1D1Hour' on entity type 'HRWage'. This will cause values to be silently truncated if they do not fit in the default precision and scale. Explicitly specify the SQL server column type that can accommodate all the values in 'OnModelCreating' using 'HasColumnType', specify precision and scale using 'HasPrecision', or configure a value converter using 'HasConversion'.
2026-05-06 11:37:43 | WRN | No store type was specified for the decimal property 'Wag2D1Hour' on entity type 'HRWage'. This will cause values to be silently truncated if they do not fit in the default precision and scale. Explicitly specify the SQL server column type that can accommodate all the values in 'OnModelCreating' using 'HasColumnType', specify precision and scale using 'HasPrecision', or configure a value converter using 'HasConversion'.
2026-05-06 11:37:43 | WRN | No store type was specified for the decimal property 'Wag4D3Hour' on entity type 'HRWage'. This will cause values to be silently truncated if they do not fit in the default precision and scale. Explicitly specify the SQL server column type that can accommodate all the values in 'OnModelCreating' using 'HasColumnType', specify precision and scale using 'HasPrecision', or configure a value converter using 'HasConversion'.
2026-05-06 11:37:43 | WRN | No store type was specified for the decimal property 'Wag5D3Hour' on entity type 'HRWage'. This will cause values to be silently truncated if they do not fit in the default precision and scale. Explicitly specify the SQL server column type that can accommodate all the values in 'OnModelCreating' using 'HasColumnType', specify precision and scale using 'HasPrecision', or configure a value converter using 'HasConversion'.
2026-05-06 11:37:43 | WRN | No store type was specified for the decimal property 'Wag8D3Hour' on entity type 'HRWage'. This will cause values to be silently truncated if they do not fit in the default precision and scale. Explicitly specify the SQL server column type that can accommodate all the values in 'OnModelCreating' using 'HasColumnType', specify precision and scale using 'HasPrecision', or configure a value converter using 'HasConversion'.
2026-05-06 11:37:43 | WRN | No store type was specified for the decimal property 'WagApplyHour' on entity type 'HRWage'. This will cause values to be silently truncated if they do not fit in the default precision and scale. Explicitly specify the SQL server column type that can accommodate all the values in 'OnModelCreating' using 'HasColumnType', specify precision and scale using 'HasPrecision', or configure a value converter using 'HasConversion'.
2026-05-06 11:37:43 | WRN | No store type was specified for the decimal property 'WagIssueHour' on entity type 'HRWage'. This will cause values to be silently truncated if they do not fit in the default precision and scale. Explicitly specify the SQL server column type that can accommodate all the values in 'OnModelCreating' using 'HasColumnType', specify precision and scale using 'HasPrecision', or configure a value converter using 'HasConversion'.
2026-05-06 11:37:43 | WRN | No store type was specified for the decimal property 'WagSubtotal' on entity type 'HRWage'. This will cause values to be silently truncated if they do not fit in the default precision and scale. Explicitly specify the SQL server column type that can accommodate all the values in 'OnModelCreating' using 'HasColumnType', specify precision and scale using 'HasPrecision', or configure a value converter using 'HasConversion'.
2026-05-06 11:37:48 | WRN | The query uses the 'First'/'FirstOrDefault' operator without 'OrderBy' and filter operators. This may lead to unpredictable results.
2026-05-06 11:37:49 | INF | ACTION_TRACE | Acc=admin | Path=/ | IP=::1 | Start=2026-05-06 11:37:42.359 | Elapsed=7038ms | Status=Completed
2026-05-06 11:37:49 | INF | NETWORK_UNSTABLE | Acc=admin | Path=/ | Reason=SlowRequest 7038ms
2026-05-06 11:37:49 | INF | ACTION_TRACE | Acc=admin | Path=/Captcha/Generate | IP=::1 | Start=2026-05-06 11:37:49.595 | Elapsed=34ms | Status=Completed
2026-05-06 11:37:49 | INF | ACTION_TRACE | Acc=admin | Path=/DNTCaptchaImage/Show | IP=::1 | Start=2026-05-06 11:37:49.649 | Elapsed=114ms | Status=Completed
2026-05-06 11:38:16 | INF | ACTION_TRACE | Acc=admin | Path=/Account/Login | IP=::1 | Start=2026-05-06 11:38:08.045 | Elapsed=8926ms | Status=Completed
2026-05-06 11:38:16 | INF | NETWORK_UNSTABLE | Acc=admin | Path=/Account/Login | Reason=SlowRequest 8926ms
2026-05-06 11:38:17 | INF | ACTION_TRACE | Acc=admin | Path=/Home/Index | IP=::1 | Start=2026-05-06 11:38:16.989 | Elapsed=324ms | Status=Completed
2026-05-06 11:38:18 | INF | ACTION_TRACE | Acc=admin | Path=/Home/GetMenu | IP=::1 | Start=2026-05-06 11:38:18.807 | Elapsed=54ms | Status=Completed
2026-05-06 11:38:21 | INF | CONTROLLER_EXEC | Acc= admin | IP=::1 | Path=ATT111001/ATT111001 | Message=GET /ATT111001/ATT111001
2026-05-06 11:38:21 | INF | ACTION_TRACE | Acc=admin | Path=/ATT111001/ATT111001 | IP=::1 | Start=2026-05-06 11:38:21.712 | Elapsed=65ms | Status=Completed
2026-05-06 11:38:25 | INF | ACTION_TRACE | Acc=admin | Path=/.well-known/appspecific/com.chrome.devtools.json | IP=::1 | Start=2026-05-06 11:38:25.026 | Elapsed=0ms | Status=Completed
2026-05-06 11:38:25 | INF | ACTION_TRACE | Acc=admin | Path=/lib/html-to-image/html-to-image.js.map | IP=::1 | Start=2026-05-06 11:38:25.114 | Elapsed=0ms | Status=Completed
2026-05-06 11:38:30 | INF | ACTION_TRACE | Acc=admin | Path=/Home/Index | IP=::1 | Start=2026-05-06 11:38:30.439 | Elapsed=25ms | Status=Completed
2026-05-06 11:38:30 | INF | ACTION_TRACE | Acc=admin | Path=/.well-known/appspecific/com.chrome.devtools.json | IP=::1 | Start=2026-05-06 11:38:30.521 | Elapsed=0ms | Status=Completed
2026-05-06 11:38:30 | INF | ACTION_TRACE | Acc=admin | Path=/lib/html-to-image/html-to-image.js.map | IP=::1 | Start=2026-05-06 11:38:30.659 | Elapsed=0ms | Status=Completed
2026-05-06 11:38:32 | INF | ACTION_TRACE | Acc=admin | Path=/Home/GetMenu | IP=::1 | Start=2026-05-06 11:38:32.816 | Elapsed=8ms | Status=Completed
2026-05-06 11:38:34 | INF | CONTROLLER_EXEC | Acc= admin | IP=::1 | Path=ATT111001/ATT111001 | Message=GET /ATT111001/ATT111001
2026-05-06 11:38:34 | INF | ACTION_TRACE | Acc=admin | Path=/ATT111001/ATT111001 | IP=::1 | Start=2026-05-06 11:38:34.911 | Elapsed=6ms | Status=Completed
2026-05-06 11:38:48 | INF | ACTION_TRACE | Acc=admin | Path=/Home/Index | IP=::1 | Start=2026-05-06 11:38:48.463 | Elapsed=14ms | Status=Completed
2026-05-06 11:38:48 | INF | ACTION_TRACE | Acc=admin | Path=/.well-known/appspecific/com.chrome.devtools.json | IP=::1 | Start=2026-05-06 11:38:48.590 | Elapsed=0ms | Status=Completed
2026-05-06 11:38:48 | INF | ACTION_TRACE | Acc=admin | Path=/lib/html-to-image/html-to-image.js.map | IP=::1 | Start=2026-05-06 11:38:48.709 | Elapsed=0ms | Status=Completed
2026-05-06 11:38:51 | INF | ACTION_TRACE | Acc=admin | Path=/Home/GetMenu | IP=::1 | Start=2026-05-06 11:38:51.259 | Elapsed=8ms | Status=Completed
2026-05-06 11:38:55 | INF | CONTROLLER_EXEC | Acc= admin | IP=::1 | Path=ATT111001/ATT111001 | Message=GET /ATT111001/ATT111001
2026-05-06 11:38:55 | INF | ACTION_TRACE | Acc=admin | Path=/ATT111001/ATT111001 | IP=::1 | Start=2026-05-06 11:38:55.720 | Elapsed=8ms | Status=Completed
2026-05-06 11:39:50 | WRN | No store type was specified for the decimal property 'OveMoney' on entity type 'HROvertime'. This will cause values to be silently truncated if they do not fit in the default precision and scale. Explicitly specify the SQL server column type that can accommodate all the values in 'OnModelCreating' using 'HasColumnType', specify precision and scale using 'HasPrecision', or configure a value converter using 'HasConversion'.
2026-05-06 11:39:50 | WRN | No store type was specified for the decimal property 'Wag1D1Hour' on entity type 'HRWage'. This will cause values to be silently truncated if they do not fit in the default precision and scale. Explicitly specify the SQL server column type that can accommodate all the values in 'OnModelCreating' using 'HasColumnType', specify precision and scale using 'HasPrecision', or configure a value converter using 'HasConversion'.
2026-05-06 11:39:50 | WRN | No store type was specified for the decimal property 'Wag2D1Hour' on entity type 'HRWage'. This will cause values to be silently truncated if they do not fit in the default precision and scale. Explicitly specify the SQL server column type that can accommodate all the values in 'OnModelCreating' using 'HasColumnType', specify precision and scale using 'HasPrecision', or configure a value converter using 'HasConversion'.
2026-05-06 11:39:50 | WRN | No store type was specified for the decimal property 'Wag4D3Hour' on entity type 'HRWage'. This will cause values to be silently truncated if they do not fit in the default precision and scale. Explicitly specify the SQL server column type that can accommodate all the values in 'OnModelCreating' using 'HasColumnType', specify precision and scale using 'HasPrecision', or configure a value converter using 'HasConversion'.
2026-05-06 11:39:50 | WRN | No store type was specified for the decimal property 'Wag5D3Hour' on entity type 'HRWage'. This will cause values to be silently truncated if they do not fit in the default precision and scale. Explicitly specify the SQL server column type that can accommodate all the values in 'OnModelCreating' using 'HasColumnType', specify precision and scale using 'HasPrecision', or configure a value converter using 'HasConversion'.
2026-05-06 11:39:50 | WRN | No store type was specified for the decimal property 'Wag8D3Hour' on entity type 'HRWage'. This will cause values to be silently truncated if they do not fit in the default precision and scale. Explicitly specify the SQL server column type that can accommodate all the values in 'OnModelCreating' using 'HasColumnType', specify precision and scale using 'HasPrecision', or configure a value converter using 'HasConversion'.
2026-05-06 11:39:50 | WRN | No store type was specified for the decimal property 'WagApplyHour' on entity type 'HRWage'. This will cause values to be silently truncated if they do not fit in the default precision and scale. Explicitly specify the SQL server column type that can accommodate all the values in 'OnModelCreating' using 'HasColumnType', specify precision and scale using 'HasPrecision', or configure a value converter using 'HasConversion'.
2026-05-06 11:39:50 | WRN | No store type was specified for the decimal property 'WagIssueHour' on entity type 'HRWage'. This will cause values to be silently truncated if they do not fit in the default precision and scale. Explicitly specify the SQL server column type that can accommodate all the values in 'OnModelCreating' using 'HasColumnType', specify precision and scale using 'HasPrecision', or configure a value converter using 'HasConversion'.
2026-05-06 11:39:50 | WRN | No store type was specified for the decimal property 'WagSubtotal' on entity type 'HRWage'. This will cause values to be silently truncated if they do not fit in the default precision and scale. Explicitly specify the SQL server column type that can accommodate all the values in 'OnModelCreating' using 'HasColumnType', specify precision and scale using 'HasPrecision', or configure a value converter using 'HasConversion'.
2026-05-06 11:39:55 | WRN | The query uses the 'First'/'FirstOrDefault' operator without 'OrderBy' and filter operators. This may lead to unpredictable results.
2026-05-06 11:39:56 | INF | ACTION_TRACE | Acc=admin | Path=/ | IP=::1 | Start=2026-05-06 11:39:49.760 | Elapsed=6960ms | Status=Completed
2026-05-06 11:39:56 | INF | NETWORK_UNSTABLE | Acc=admin | Path=/ | Reason=SlowRequest 6960ms
2026-05-06 11:39:56 | INF | ACTION_TRACE | Acc=admin | Path=/Captcha/Generate | IP=::1 | Start=2026-05-06 11:39:56.929 | Elapsed=32ms | Status=Completed
2026-05-06 11:39:57 | INF | ACTION_TRACE | Acc=admin | Path=/DNTCaptchaImage/Show | IP=::1 | Start=2026-05-06 11:39:56.983 | Elapsed=112ms | Status=Completed
2026-05-06 11:41:40 | INF | ACTION_TRACE | Acc=admin | Path=/Account/Login | IP=::1 | Start=2026-05-06 11:41:32.353 | Elapsed=7969ms | Status=Completed
2026-05-06 11:41:40 | INF | NETWORK_UNSTABLE | Acc=admin | Path=/Account/Login | Reason=SlowRequest 7969ms
2026-05-06 11:41:40 | INF | ACTION_TRACE | Acc=admin | Path=/Home/Index | IP=::1 | Start=2026-05-06 11:41:40.335 | Elapsed=222ms | Status=Completed
2026-05-06 11:42:58 | INF | ACTION_TRACE | Acc=admin | Path=/Home/GetMenu | IP=::1 | Start=2026-05-06 11:42:58.655 | Elapsed=62ms | Status=Completed
2026-05-06 11:43:00 | INF | CONTROLLER_EXEC | Acc= admin | IP=::1 | Path=ATT111001/ATT111001 | Message=GET /ATT111001/ATT111001
2026-05-06 11:43:01 | INF | ACTION_TRACE | Acc=admin | Path=/ATT111001/ATT111001 | IP=::1 | Start=2026-05-06 11:43:00.805 | Elapsed=215ms | Status=Completed
2026-05-06 11:43:03 | INF | ACTION_TRACE | Acc=admin | Path=/.well-known/appspecific/com.chrome.devtools.json | IP=::1 | Start=2026-05-06 11:43:03.156 | Elapsed=0ms | Status=Completed
2026-05-06 11:43:03 | INF | ACTION_TRACE | Acc=admin | Path=/lib/html-to-image/html-to-image.js.map | IP=::1 | Start=2026-05-06 11:43:03.270 | Elapsed=0ms | Status=Completed
2026-05-06 11:43:17 | INF | ACTION_TRACE | Acc=admin | Path=/Home/Index | IP=::1 | Start=2026-05-06 11:43:17.189 | Elapsed=63ms | Status=Completed
2026-05-06 11:43:17 | INF | ACTION_TRACE | Acc=admin | Path=/.well-known/appspecific/com.chrome.devtools.json | IP=::1 | Start=2026-05-06 11:43:17.357 | Elapsed=0ms | Status=Completed
2026-05-06 11:43:17 | INF | ACTION_TRACE | Acc=admin | Path=/lib/html-to-image/html-to-image.js.map | IP=::1 | Start=2026-05-06 11:43:17.565 | Elapsed=0ms | Status=Completed
2026-05-06 11:43:20 | INF | ACTION_TRACE | Acc=admin | Path=/Home/GetMenu | IP=::1 | Start=2026-05-06 11:43:20.324 | Elapsed=62ms | Status=Completed
2026-05-06 11:43:21 | INF | CONTROLLER_EXEC | Acc= admin | IP=::1 | Path=ATT111001/ATT111001 | Message=GET /ATT111001/ATT111001
2026-05-06 11:43:21 | INF | ACTION_TRACE | Acc=admin | Path=/ATT111001/ATT111001 | IP=::1 | Start=2026-05-06 11:43:21.738 | Elapsed=6ms | Status=Completed
2026-05-06 11:47:14 | WRN | No store type was specified for the decimal property 'OveMoney' on entity type 'HROvertime'. This will cause values to be silently truncated if they do not fit in the default precision and scale. Explicitly specify the SQL server column type that can accommodate all the values in 'OnModelCreating' using 'HasColumnType', specify precision and scale using 'HasPrecision', or configure a value converter using 'HasConversion'.
2026-05-06 11:47:14 | WRN | No store type was specified for the decimal property 'Wag1D1Hour' on entity type 'HRWage'. This will cause values to be silently truncated if they do not fit in the default precision and scale. Explicitly specify the SQL server column type that can accommodate all the values in 'OnModelCreating' using 'HasColumnType', specify precision and scale using 'HasPrecision', or configure a value converter using 'HasConversion'.
2026-05-06 11:47:14 | WRN | No store type was specified for the decimal property 'Wag2D1Hour' on entity type 'HRWage'. This will cause values to be silently truncated if they do not fit in the default precision and scale. Explicitly specify the SQL server column type that can accommodate all the values in 'OnModelCreating' using 'HasColumnType', specify precision and scale using 'HasPrecision', or configure a value converter using 'HasConversion'.
2026-05-06 11:47:14 | WRN | No store type was specified for the decimal property 'Wag4D3Hour' on entity type 'HRWage'. This will cause values to be silently truncated if they do not fit in the default precision and scale. Explicitly specify the SQL server column type that can accommodate all the values in 'OnModelCreating' using 'HasColumnType', specify precision and scale using 'HasPrecision', or configure a value converter using 'HasConversion'.
2026-05-06 11:47:14 | WRN | No store type was specified for the decimal property 'Wag5D3Hour' on entity type 'HRWage'. This will cause values to be silently truncated if they do not fit in the default precision and scale. Explicitly specify the SQL server column type that can accommodate all the values in 'OnModelCreating' using 'HasColumnType', specify precision and scale using 'HasPrecision', or configure a value converter using 'HasConversion'.
2026-05-06 11:47:14 | WRN | No store type was specified for the decimal property 'Wag8D3Hour' on entity type 'HRWage'. This will cause values to be silently truncated if they do not fit in the default precision and scale. Explicitly specify the SQL server column type that can accommodate all the values in 'OnModelCreating' using 'HasColumnType', specify precision and scale using 'HasPrecision', or configure a value converter using 'HasConversion'.
2026-05-06 11:47:14 | WRN | No store type was specified for the decimal property 'WagApplyHour' on entity type 'HRWage'. This will cause values to be silently truncated if they do not fit in the default precision and scale. Explicitly specify the SQL server column type that can accommodate all the values in 'OnModelCreating' using 'HasColumnType', specify precision and scale using 'HasPrecision', or configure a value converter using 'HasConversion'.
2026-05-06 11:47:14 | WRN | No store type was specified for the decimal property 'WagIssueHour' on entity type 'HRWage'. This will cause values to be silently truncated if they do not fit in the default precision and scale. Explicitly specify the SQL server column type that can accommodate all the values in 'OnModelCreating' using 'HasColumnType', specify precision and scale using 'HasPrecision', or configure a value converter using 'HasConversion'.
2026-05-06 11:47:14 | WRN | No store type was specified for the decimal property 'WagSubtotal' on entity type 'HRWage'. This will cause values to be silently truncated if they do not fit in the default precision and scale. Explicitly specify the SQL server column type that can accommodate all the values in 'OnModelCreating' using 'HasColumnType', specify precision and scale using 'HasPrecision', or configure a value converter using 'HasConversion'.
2026-05-06 11:47:19 | WRN | The query uses the 'First'/'FirstOrDefault' operator without 'OrderBy' and filter operators. This may lead to unpredictable results.
2026-05-06 11:47:20 | INF | ACTION_TRACE | Acc=admin | Path=/ | IP=::1 | Start=2026-05-06 11:47:13.543 | Elapsed=6997ms | Status=Completed
2026-05-06 11:47:20 | INF | NETWORK_UNSTABLE | Acc=admin | Path=/ | Reason=SlowRequest 6997ms
2026-05-06 11:47:20 | INF | ACTION_TRACE | Acc=admin | Path=/Captcha/Generate | IP=::1 | Start=2026-05-06 11:47:20.781 | Elapsed=55ms | Status=Completed
2026-05-06 11:47:20 | INF | ACTION_TRACE | Acc=admin | Path=/DNTCaptchaImage/Show | IP=::1 | Start=2026-05-06 11:47:20.851 | Elapsed=141ms | Status=Completed
2026-05-06 11:47:35 | INF | ACTION_TRACE | Acc=admin | Path=/Account/Login | IP=::1 | Start=2026-05-06 11:47:25.886 | Elapsed=9305ms | Status=Completed
2026-05-06 11:47:35 | INF | NETWORK_UNSTABLE | Acc=admin | Path=/Account/Login | Reason=SlowRequest 9305ms
2026-05-06 11:47:35 | INF | ACTION_TRACE | Acc=admin | Path=/Home/Index | IP=::1 | Start=2026-05-06 11:47:35.205 | Elapsed=224ms | Status=Completed
2026-05-06 11:47:38 | INF | ACTION_TRACE | Acc=admin | Path=/Home/GetMenu | IP=::1 | Start=2026-05-06 11:47:38.345 | Elapsed=67ms | Status=Completed
2026-05-06 11:47:40 | INF | CONTROLLER_EXEC | Acc= admin | IP=::1 | Path=ATT111001/ATT111001 | Message=GET /ATT111001/ATT111001
2026-05-06 11:47:40 | INF | ACTION_TRACE | Acc=admin | Path=/ATT111001/ATT111001 | IP=::1 | Start=2026-05-06 11:47:40.608 | Elapsed=77ms | Status=Completed
2026-05-06 11:47:42 | INF | ACTION_TRACE | Acc=admin | Path=/.well-known/appspecific/com.chrome.devtools.json | IP=::1 | Start=2026-05-06 11:47:42.809 | Elapsed=0ms | Status=Completed
2026-05-06 11:47:42 | INF | ACTION_TRACE | Acc=admin | Path=/lib/html-to-image/html-to-image.js.map | IP=::1 | Start=2026-05-06 11:47:42.893 | Elapsed=0ms | Status=Completed
2026-05-06 11:47:57 | INF | ACTION_TRACE | Acc=admin | Path=/Home/Index | IP=::1 | Start=2026-05-06 11:47:57.836 | Elapsed=62ms | Status=Completed
2026-05-06 11:47:58 | INF | ACTION_TRACE | Acc=admin | Path=/.well-known/appspecific/com.chrome.devtools.json | IP=::1 | Start=2026-05-06 11:47:58.007 | Elapsed=0ms | Status=Completed
2026-05-06 11:47:58 | INF | ACTION_TRACE | Acc=admin | Path=/lib/html-to-image/html-to-image.js.map | IP=::1 | Start=2026-05-06 11:47:58.121 | Elapsed=0ms | Status=Completed
2026-05-06 11:48:02 | INF | ACTION_TRACE | Acc=admin | Path=/Home/GetMenu | IP=::1 | Start=2026-05-06 11:48:02.157 | Elapsed=49ms | Status=Completed
2026-05-06 11:48:05 | INF | CONTROLLER_EXEC | Acc= admin | IP=::1 | Path=ATT111001/ATT111001 | Message=GET /ATT111001/ATT111001
2026-05-06 11:48:05 | INF | ACTION_TRACE | Acc=admin | Path=/ATT111001/ATT111001 | IP=::1 | Start=2026-05-06 11:48:05.832 | Elapsed=7ms | Status=Completed
2026-05-06 14:17:40 | INF | ACTION_TRACE | Acc=admin | Path=/Home/Index | IP=::1 | Start=2026-05-06 14:17:40.197 | Elapsed=234ms | Status=Completed
2026-05-06 14:17:43 | INF | ACTION_TRACE | Acc=admin | Path=/Home/GetMenu | IP=::1 | Start=2026-05-06 14:17:42.970 | Elapsed=54ms | Status=Completed
2026-05-06 14:17:46 | INF | CONTROLLER_EXEC | Acc= admin | IP=::1 | Path=ATT111001/ATT111001 | Message=GET /ATT111001/ATT111001
2026-05-06 14:17:46 | INF | ACTION_TRACE | Acc=admin | Path=/ATT111001/ATT111001 | IP=::1 | Start=2026-05-06 14:17:46.562 | Elapsed=81ms | Status=Completed
2026-05-06 14:17:46 | INF | CONTROLLER_EXEC | Acc= admin | IP=::1 | Path=ATT111001/GetList | Message=POST /ATT111001/GetList
2026-05-06 14:17:46 | INF | ACTION_TRACE | Acc=admin | Path=/ATT111001/GetList | IP=::1 | Start=2026-05-06 14:17:46.707 | Elapsed=99ms | Status=Completed
2026-05-06 14:17:59 | INF | ACTION_TRACE | Acc=admin | Path=/.well-known/appspecific/com.chrome.devtools.json | IP=::1 | Start=2026-05-06 14:17:59.542 | Elapsed=0ms | Status=Completed
2026-05-06 14:17:59 | INF | ACTION_TRACE | Acc=admin | Path=/lib/html-to-image/html-to-image.js.map | IP=::1 | Start=2026-05-06 14:17:59.616 | Elapsed=0ms | Status=Completed
2026-05-06 14:21:30 | WRN | No store type was specified for the decimal property 'OveMoney' on entity type 'HROvertime'. This will cause values to be silently truncated if they do not fit in the default precision and scale. Explicitly specify the SQL server column type that can accommodate all the values in 'OnModelCreating' using 'HasColumnType', specify precision and scale using 'HasPrecision', or configure a value converter using 'HasConversion'.
2026-05-06 14:21:30 | WRN | No store type was specified for the decimal property 'Wag1D1Hour' on entity type 'HRWage'. This will cause values to be silently truncated if they do not fit in the default precision and scale. Explicitly specify the SQL server column type that can accommodate all the values in 'OnModelCreating' using 'HasColumnType', specify precision and scale using 'HasPrecision', or configure a value converter using 'HasConversion'.
2026-05-06 14:21:30 | WRN | No store type was specified for the decimal property 'Wag2D1Hour' on entity type 'HRWage'. This will cause values to be silently truncated if they do not fit in the default precision and scale. Explicitly specify the SQL server column type that can accommodate all the values in 'OnModelCreating' using 'HasColumnType', specify precision and scale using 'HasPrecision', or configure a value converter using 'HasConversion'.
2026-05-06 14:21:30 | WRN | No store type was specified for the decimal property 'Wag4D3Hour' on entity type 'HRWage'. This will cause values to be silently truncated if they do not fit in the default precision and scale. Explicitly specify the SQL server column type that can accommodate all the values in 'OnModelCreating' using 'HasColumnType', specify precision and scale using 'HasPrecision', or configure a value converter using 'HasConversion'.
2026-05-06 14:21:30 | WRN | No store type was specified for the decimal property 'Wag5D3Hour' on entity type 'HRWage'. This will cause values to be silently truncated if they do not fit in the default precision and scale. Explicitly specify the SQL server column type that can accommodate all the values in 'OnModelCreating' using 'HasColumnType', specify precision and scale using 'HasPrecision', or configure a value converter using 'HasConversion'.
2026-05-06 14:21:30 | WRN | No store type was specified for the decimal property 'Wag8D3Hour' on entity type 'HRWage'. This will cause values to be silently truncated if they do not fit in the default precision and scale. Explicitly specify the SQL server column type that can accommodate all the values in 'OnModelCreating' using 'HasColumnType', specify precision and scale using 'HasPrecision', or configure a value converter using 'HasConversion'.
2026-05-06 14:21:30 | WRN | No store type was specified for the decimal property 'WagApplyHour' on entity type 'HRWage'. This will cause values to be silently truncated if they do not fit in the default precision and scale. Explicitly specify the SQL server column type that can accommodate all the values in 'OnModelCreating' using 'HasColumnType', specify precision and scale using 'HasPrecision', or configure a value converter using 'HasConversion'.
2026-05-06 14:21:30 | WRN | No store type was specified for the decimal property 'WagIssueHour' on entity type 'HRWage'. This will cause values to be silently truncated if they do not fit in the default precision and scale. Explicitly specify the SQL server column type that can accommodate all the values in 'OnModelCreating' using 'HasColumnType', specify precision and scale using 'HasPrecision', or configure a value converter using 'HasConversion'.
2026-05-06 14:21:30 | WRN | No store type was specified for the decimal property 'WagSubtotal' on entity type 'HRWage'. This will cause values to be silently truncated if they do not fit in the default precision and scale. Explicitly specify the SQL server column type that can accommodate all the values in 'OnModelCreating' using 'HasColumnType', specify precision and scale using 'HasPrecision', or configure a value converter using 'HasConversion'.
2026-05-06 14:21:35 | WRN | The query uses the 'First'/'FirstOrDefault' operator without 'OrderBy' and filter operators. This may lead to unpredictable results.
2026-05-06 14:21:36 | INF | ACTION_TRACE | Acc=admin | Path=/ | IP=::1 | Start=2026-05-06 14:21:29.533 | Elapsed=6958ms | Status=Completed
2026-05-06 14:21:36 | INF | NETWORK_UNSTABLE | Acc=admin | Path=/ | Reason=SlowRequest 6958ms
2026-05-06 14:21:36 | INF | ACTION_TRACE | Acc=admin | Path=/Captcha/Generate | IP=::1 | Start=2026-05-06 14:21:36.683 | Elapsed=40ms | Status=Completed
2026-05-06 14:21:36 | INF | ACTION_TRACE | Acc=admin | Path=/DNTCaptchaImage/Show | IP=::1 | Start=2026-05-06 14:21:36.763 | Elapsed=108ms | Status=Completed
2026-05-06 14:21:49 | INF | ACTION_TRACE | Acc=admin | Path=/Account/Login | IP=::1 | Start=2026-05-06 14:21:41.906 | Elapsed=7186ms | Status=Completed
2026-05-06 14:21:49 | INF | NETWORK_UNSTABLE | Acc=admin | Path=/Account/Login | Reason=SlowRequest 7186ms
2026-05-06 14:21:49 | INF | ACTION_TRACE | Acc=admin | Path=/Home/Index | IP=::1 | Start=2026-05-06 14:21:49.106 | Elapsed=479ms | Status=Completed
2026-05-06 14:21:51 | INF | ACTION_TRACE | Acc=admin | Path=/Home/GetMenu | IP=::1 | Start=2026-05-06 14:21:51.727 | Elapsed=66ms | Status=Completed
2026-05-06 14:21:54 | INF | CONTROLLER_EXEC | Acc= admin | IP=::1 | Path=ATT111001/ATT111001 | Message=GET /ATT111001/ATT111001
2026-05-06 14:21:54 | INF | ACTION_TRACE | Acc=admin | Path=/ATT111001/ATT111001 | IP=::1 | Start=2026-05-06 14:21:54.192 | Elapsed=66ms | Status=Completed
2026-05-06 14:21:54 | INF | CONTROLLER_EXEC | Acc= admin | IP=::1 | Path=ATT111001/GetList | Message=POST /ATT111001/GetList
2026-05-06 14:21:54 | INF | ACTION_TRACE | Acc=admin | Path=/ATT111001/GetList | IP=::1 | Start=2026-05-06 14:21:54.302 | Elapsed=103ms | Status=Completed
2026-05-06 15:21:26 | WRN | No store type was specified for the decimal property 'OveMoney' on entity type 'HROvertime'. This will cause values to be silently truncated if they do not fit in the default precision and scale. Explicitly specify the SQL server column type that can accommodate all the values in 'OnModelCreating' using 'HasColumnType', specify precision and scale using 'HasPrecision', or configure a value converter using 'HasConversion'.
2026-05-06 15:21:26 | WRN | No store type was specified for the decimal property 'Wag1D1Hour' on entity type 'HRWage'. This will cause values to be silently truncated if they do not fit in the default precision and scale. Explicitly specify the SQL server column type that can accommodate all the values in 'OnModelCreating' using 'HasColumnType', specify precision and scale using 'HasPrecision', or configure a value converter using 'HasConversion'.
2026-05-06 15:21:26 | WRN | No store type was specified for the decimal property 'Wag2D1Hour' on entity type 'HRWage'. This will cause values to be silently truncated if they do not fit in the default precision and scale. Explicitly specify the SQL server column type that can accommodate all the values in 'OnModelCreating' using 'HasColumnType', specify precision and scale using 'HasPrecision', or configure a value converter using 'HasConversion'.
2026-05-06 15:21:26 | WRN | No store type was specified for the decimal property 'Wag4D3Hour' on entity type 'HRWage'. This will cause values to be silently truncated if they do not fit in the default precision and scale. Explicitly specify the SQL server column type that can accommodate all the values in 'OnModelCreating' using 'HasColumnType', specify precision and scale using 'HasPrecision', or configure a value converter using 'HasConversion'.
2026-05-06 15:21:26 | WRN | No store type was specified for the decimal property 'Wag5D3Hour' on entity type 'HRWage'. This will cause values to be silently truncated if they do not fit in the default precision and scale. Explicitly specify the SQL server column type that can accommodate all the values in 'OnModelCreating' using 'HasColumnType', specify precision and scale using 'HasPrecision', or configure a value converter using 'HasConversion'.
2026-05-06 15:21:26 | WRN | No store type was specified for the decimal property 'Wag8D3Hour' on entity type 'HRWage'. This will cause values to be silently truncated if they do not fit in the default precision and scale. Explicitly specify the SQL server column type that can accommodate all the values in 'OnModelCreating' using 'HasColumnType', specify precision and scale using 'HasPrecision', or configure a value converter using 'HasConversion'.
2026-05-06 15:21:26 | WRN | No store type was specified for the decimal property 'WagApplyHour' on entity type 'HRWage'. This will cause values to be silently truncated if they do not fit in the default precision and scale. Explicitly specify the SQL server column type that can accommodate all the values in 'OnModelCreating' using 'HasColumnType', specify precision and scale using 'HasPrecision', or configure a value converter using 'HasConversion'.
2026-05-06 15:21:26 | WRN | No store type was specified for the decimal property 'WagIssueHour' on entity type 'HRWage'. This will cause values to be silently truncated if they do not fit in the default precision and scale. Explicitly specify the SQL server column type that can accommodate all the values in 'OnModelCreating' using 'HasColumnType', specify precision and scale using 'HasPrecision', or configure a value converter using 'HasConversion'.
2026-05-06 15:21:26 | WRN | No store type was specified for the decimal property 'WagSubtotal' on entity type 'HRWage'. This will cause values to be silently truncated if they do not fit in the default precision and scale. Explicitly specify the SQL server column type that can accommodate all the values in 'OnModelCreating' using 'HasColumnType', specify precision and scale using 'HasPrecision', or configure a value converter using 'HasConversion'.
2026-05-06 15:21:31 | WRN | The query uses the 'First'/'FirstOrDefault' operator without 'OrderBy' and filter operators. This may lead to unpredictable results.
2026-05-06 15:21:32 | INF | ACTION_TRACE | Acc=admin | Path=/ | IP=::1 | Start=2026-05-06 15:21:25.606 | Elapsed=7036ms | Status=Completed
2026-05-06 15:21:32 | INF | NETWORK_UNSTABLE | Acc=admin | Path=/ | Reason=SlowRequest 7036ms
2026-05-06 15:21:32 | INF | ACTION_TRACE | Acc=admin | Path=/Captcha/Generate | IP=::1 | Start=2026-05-06 15:21:32.874 | Elapsed=35ms | Status=Completed
2026-05-06 15:21:33 | INF | ACTION_TRACE | Acc=admin | Path=/DNTCaptchaImage/Show | IP=::1 | Start=2026-05-06 15:21:32.930 | Elapsed=134ms | Status=Completed
2026-05-06 15:21:45 | INF | ACTION_TRACE | Acc=admin | Path=/Account/Login | IP=::1 | Start=2026-05-06 15:21:36.332 | Elapsed=8775ms | Status=Completed
2026-05-06 15:21:45 | INF | NETWORK_UNSTABLE | Acc=admin | Path=/Account/Login | Reason=SlowRequest 8775ms
2026-05-06 15:21:45 | INF | ACTION_TRACE | Acc=admin | Path=/Home/Index | IP=::1 | Start=2026-05-06 15:21:45.121 | Elapsed=234ms | Status=Completed
2026-05-06 15:21:52 | INF | ACTION_TRACE | Acc=admin | Path=/Home/GetMenu | IP=::1 | Start=2026-05-06 15:21:52.005 | Elapsed=61ms | Status=Completed
2026-05-06 15:21:54 | INF | CONTROLLER_EXEC | Acc= admin | IP=::1 | Path=SYS201002/SYS201002 | Message=GET /SYS201002/SYS201002
2026-05-06 15:21:54 | INF | ACTION_TRACE | Acc=admin | Path=/SYS201002/SYS201002 | IP=::1 | Start=2026-05-06 15:21:54.385 | Elapsed=84ms | Status=Completed
2026-05-06 15:21:54 | INF | CONTROLLER_EXEC | Acc= admin | IP=::1 | Path=SYS201002/GetAllRoleList | Message=POST /SYS201002/GetAllRoleList
2026-05-06 15:21:54 | INF | ACTION_TRACE | Acc=admin | Path=/SYS201002/GetAllRoleList | IP=::1 | Start=2026-05-06 15:21:54.622 | Elapsed=65ms | Status=Completed
2026-05-06 15:21:55 | INF | CONTROLLER_EXEC | Acc= admin | IP=::1 | Path=SYS201001/SYS201001 | Message=GET /SYS201001/SYS201001
2026-05-06 15:21:55 | INF | ACTION_TRACE | Acc=admin | Path=/SYS201001/SYS201001 | IP=::1 | Start=2026-05-06 15:21:55.320 | Elapsed=210ms | Status=Completed
2026-05-06 15:21:55 | INF | CONTROLLER_EXEC | Acc= admin | IP=::1 | Path=SYS201001/GetAllAdmins | Message=POST /SYS201001/GetAllAdmins
2026-05-06 15:21:55 | INF | ACTION_TRACE | Acc=admin | Path=/SYS201001/GetAllAdmins | IP=::1 | Start=2026-05-06 15:21:55.589 | Elapsed=76ms | Status=Completed
2026-05-06 15:21:55 | INF | CONTROLLER_EXEC | Acc= admin | IP=::1 | Path=SYS201001/GetAllAdmins | Message=POST /SYS201001/GetAllAdmins
2026-05-06 15:21:55 | INF | ACTION_TRACE | Acc=admin | Path=/SYS201001/GetAllAdmins | IP=::1 | Start=2026-05-06 15:21:55.684 | Elapsed=12ms | Status=Completed
2026-05-06 15:22:00 | WRN | The query uses the 'First'/'FirstOrDefault' operator without 'OrderBy' and filter operators. This may lead to unpredictable results.
2026-05-06 15:22:00 | WRN | The query uses the 'First'/'FirstOrDefault' operator without 'OrderBy' and filter operators. This may lead to unpredictable results.
2026-05-06 15:22:00 | INF | CONTROLLER_EXEC | Acc= admin | IP=::1 | Path=SYS201001/GetAdminDetails | Message=GET /SYS201001/GetAdminDetails
2026-05-06 15:22:00 | INF | ACTION_TRACE | Acc=admin | Path=/SYS201001/GetAdminDetails | IP=::1 | Start=2026-05-06 15:22:00.504 | Elapsed=132ms | Status=Completed
2026-05-06 15:22:00 | INF | CONTROLLER_EXEC | Acc= admin | IP=::1 | Path=SYS201001/GetAllRoles | Message=GET /SYS201001/GetAllRoles
2026-05-06 15:22:00 | INF | ACTION_TRACE | Acc=admin | Path=/SYS201001/GetAllRoles | IP=::1 | Start=2026-05-06 15:22:00.643 | Elapsed=28ms | Status=Completed
2026-05-06 15:22:00 | INF | CONTROLLER_EXEC | Acc= admin | IP=::1 | Path=SYS201001/GetAllAdmins | Message=POST /SYS201001/GetAllAdmins
2026-05-06 15:22:00 | INF | ACTION_TRACE | Acc=admin | Path=/SYS201001/GetAllAdmins | IP=::1 | Start=2026-05-06 15:22:00.682 | Elapsed=7ms | Status=Completed
2026-05-06 15:22:05 | INF | CONTROLLER_EXEC | Acc= admin | IP=::1 | Path=SYS201001/GetAllPersonnelTypes | Message=GET /SYS201001/GetAllPersonnelTypes
2026-05-06 15:22:05 | INF | ACTION_TRACE | Acc=admin | Path=/SYS201001/GetAllPersonnelTypes | IP=::1 | Start=2026-05-06 15:22:05.183 | Elapsed=38ms | Status=Completed
2026-05-06 15:22:07 | INF | CONTROLLER_EXEC | Acc= admin | IP=::1 | Path=SYS201001/GetAdminDetails | Message=GET /SYS201001/GetAdminDetails
2026-05-06 15:22:07 | INF | ACTION_TRACE | Acc=admin | Path=/SYS201001/GetAdminDetails | IP=::1 | Start=2026-05-06 15:22:07.542 | Elapsed=181ms | Status=Completed
2026-05-06 15:22:07 | INF | CONTROLLER_EXEC | Acc= admin | IP=::1 | Path=SYS201001/GetAllPersonnelTypes | Message=GET /SYS201001/GetAllPersonnelTypes
2026-05-06 15:22:07 | INF | ACTION_TRACE | Acc=admin | Path=/SYS201001/GetAllPersonnelTypes | IP=::1 | Start=2026-05-06 15:22:07.734 | Elapsed=36ms | Status=Completed
2026-05-06 15:22:07 | INF | CONTROLLER_EXEC | Acc= admin | IP=::1 | Path=SYS201001/GetAllAdmins | Message=POST /SYS201001/GetAllAdmins
2026-05-06 15:22:07 | INF | ACTION_TRACE | Acc=admin | Path=/SYS201001/GetAllAdmins | IP=::1 | Start=2026-05-06 15:22:07.771 | Elapsed=6ms | Status=Completed
2026-05-06 15:22:12 | INF | CONTROLLER_EXEC | Acc= admin | IP=::1 | Path=SYS201001/GetAllRoles | Message=GET /SYS201001/GetAllRoles
2026-05-06 15:22:12 | INF | ACTION_TRACE | Acc=admin | Path=/SYS201001/GetAllRoles | IP=::1 | Start=2026-05-06 15:22:07.734 | Elapsed=4584ms | Status=Completed
2026-05-06 15:22:12 | INF | NETWORK_UNSTABLE | Acc=admin | Path=/SYS201001/GetAllRoles | Reason=SlowRequest 4584ms
2026-05-06 15:22:13 | INF | CONTROLLER_EXEC | Acc= admin | IP=::1 | Path=SYS201001/GetAdminDetails | Message=GET /SYS201001/GetAdminDetails
2026-05-06 15:22:13 | INF | ACTION_TRACE | Acc=admin | Path=/SYS201001/GetAdminDetails | IP=::1 | Start=2026-05-06 15:22:13.475 | Elapsed=8ms | Status=Completed
2026-05-06 15:22:13 | INF | CONTROLLER_EXEC | Acc= admin | IP=::1 | Path=SYS201001/GetAllRoles | Message=GET /SYS201001/GetAllRoles
2026-05-06 15:22:13 | INF | CONTROLLER_EXEC | Acc= admin | IP=::1 | Path=SYS201001/GetAllPersonnelTypes | Message=GET /SYS201001/GetAllPersonnelTypes
2026-05-06 15:22:13 | INF | ACTION_TRACE | Acc=admin | Path=/SYS201001/GetAllRoles | IP=::1 | Start=2026-05-06 15:22:13.491 | Elapsed=2ms | Status=Completed
2026-05-06 15:22:13 | INF | ACTION_TRACE | Acc=admin | Path=/SYS201001/GetAllPersonnelTypes | IP=::1 | Start=2026-05-06 15:22:13.491 | Elapsed=2ms | Status=Completed
2026-05-06 15:22:13 | INF | CONTROLLER_EXEC | Acc= admin | IP=::1 | Path=SYS201001/GetAllAdmins | Message=POST /SYS201001/GetAllAdmins
2026-05-06 15:22:13 | INF | ACTION_TRACE | Acc=admin | Path=/SYS201001/GetAllAdmins | IP=::1 | Start=2026-05-06 15:22:13.498 | Elapsed=5ms | Status=Completed
2026-05-06 15:22:16 | INF | CONTROLLER_EXEC | Acc= admin | IP=::1 | Path=SYS201001/GetAdminDetails | Message=GET /SYS201001/GetAdminDetails
2026-05-06 15:22:16 | INF | ACTION_TRACE | Acc=admin | Path=/SYS201001/GetAdminDetails | IP=::1 | Start=2026-05-06 15:22:16.494 | Elapsed=15ms | Status=Completed
2026-05-06 15:22:16 | INF | CONTROLLER_EXEC | Acc= admin | IP=::1 | Path=SYS201001/GetAllRoles | Message=GET /SYS201001/GetAllRoles
2026-05-06 15:22:16 | INF | ACTION_TRACE | Acc=admin | Path=/SYS201001/GetAllRoles | IP=::1 | Start=2026-05-06 15:22:16.518 | Elapsed=2ms | Status=Completed
2026-05-06 15:22:16 | INF | CONTROLLER_EXEC | Acc= admin | IP=::1 | Path=SYS201001/GetAllPersonnelTypes | Message=GET /SYS201001/GetAllPersonnelTypes
2026-05-06 15:22:16 | INF | ACTION_TRACE | Acc=admin | Path=/SYS201001/GetAllPersonnelTypes | IP=::1 | Start=2026-05-06 15:22:16.518 | Elapsed=3ms | Status=Completed
2026-05-06 15:22:16 | INF | CONTROLLER_EXEC | Acc= admin | IP=::1 | Path=SYS201001/GetAllAdmins | Message=POST /SYS201001/GetAllAdmins
2026-05-06 15:22:16 | INF | ACTION_TRACE | Acc=admin | Path=/SYS201001/GetAllAdmins | IP=::1 | Start=2026-05-06 15:22:16.526 | Elapsed=9ms | Status=Completed
2026-05-06 15:22:23 | INF | CONTROLLER_EXEC | Acc= admin | IP=::1 | Path=SYS201001/GetAdminDetails | Message=GET /SYS201001/GetAdminDetails
2026-05-06 15:22:23 | INF | ACTION_TRACE | Acc=admin | Path=/SYS201001/GetAdminDetails | IP=::1 | Start=2026-05-06 15:22:23.571 | Elapsed=13ms | Status=Completed
2026-05-06 15:22:23 | INF | CONTROLLER_EXEC | Acc= admin | IP=::1 | Path=SYS201001/GetAllRoles | Message=GET /SYS201001/GetAllRoles
2026-05-06 15:22:23 | INF | CONTROLLER_EXEC | Acc= admin | IP=::1 | Path=SYS201001/GetAllPersonnelTypes | Message=GET /SYS201001/GetAllPersonnelTypes
2026-05-06 15:22:23 | INF | ACTION_TRACE | Acc=admin | Path=/SYS201001/GetAllRoles | IP=::1 | Start=2026-05-06 15:22:23.593 | Elapsed=2ms | Status=Completed
2026-05-06 15:22:23 | INF | ACTION_TRACE | Acc=admin | Path=/SYS201001/GetAllPersonnelTypes | IP=::1 | Start=2026-05-06 15:22:23.593 | Elapsed=2ms | Status=Completed
2026-05-06 15:22:23 | INF | CONTROLLER_EXEC | Acc= admin | IP=::1 | Path=SYS201001/GetAllAdmins | Message=POST /SYS201001/GetAllAdmins
2026-05-06 15:22:23 | INF | ACTION_TRACE | Acc=admin | Path=/SYS201001/GetAllAdmins | IP=::1 | Start=2026-05-06 15:22:23.600 | Elapsed=4ms | Status=Completed
2026-05-06 15:22:44 | INF | ACTION_TRACE | Acc=admin | Path=/.well-known/appspecific/com.chrome.devtools.json | IP=::1 | Start=2026-05-06 15:22:44.692 | Elapsed=0ms | Status=Completed
2026-05-06 15:22:44 | INF | ACTION_TRACE | Acc=admin | Path=/lib/html-to-image/html-to-image.js.map | IP=::1 | Start=2026-05-06 15:22:44.810 | Elapsed=0ms | Status=Completed
2026-05-06 15:22:50 | INF | ACTION_TRACE | Acc=admin | Path=/.well-known/appspecific/com.chrome.devtools.json | IP=::1 | Start=2026-05-06 15:22:50.971 | Elapsed=0ms | Status=Completed
2026-05-06 15:22:51 | INF | ACTION_TRACE | Acc=admin | Path=/lib/html-to-image/html-to-image.js.map | IP=::1 | Start=2026-05-06 15:22:51.043 | Elapsed=0ms | Status=Completed
2026-05-06 15:23:06 | INF | ACTION_TRACE | Acc=admin | Path=/Home/Index | IP=::1 | Start=2026-05-06 15:23:01.938 | Elapsed=4634ms | Status=Completed
2026-05-06 15:23:06 | INF | NETWORK_UNSTABLE | Acc=admin | Path=/Home/Index | Reason=SlowRequest 4634ms
2026-05-06 15:23:06 | INF | ACTION_TRACE | Acc=admin | Path=/.well-known/appspecific/com.chrome.devtools.json | IP=::1 | Start=2026-05-06 15:23:06.704 | Elapsed=0ms | Status=Completed
2026-05-06 15:23:06 | INF | ACTION_TRACE | Acc=admin | Path=/lib/html-to-image/html-to-image.js.map | IP=::1 | Start=2026-05-06 15:23:06.861 | Elapsed=0ms | Status=Completed
2026-05-06 15:23:08 | INF | ACTION_TRACE | Acc=admin | Path=/Home/GetMenu | IP=::1 | Start=2026-05-06 15:23:08.355 | Elapsed=141ms | Status=Completed
2026-05-06 15:23:10 | INF | CONTROLLER_EXEC | Acc= admin | IP=::1 | Path=SYS201001/SYS201001 | Message=GET /SYS201001/SYS201001
2026-05-06 15:23:10 | INF | ACTION_TRACE | Acc=admin | Path=/SYS201001/SYS201001 | IP=::1 | Start=2026-05-06 15:23:10.156 | Elapsed=20ms | Status=Completed
2026-05-06 15:23:11 | INF | CONTROLLER_EXEC | Acc= admin | IP=::1 | Path=SYS201001/GetAllAdmins | Message=POST /SYS201001/GetAllAdmins
2026-05-06 15:23:11 | INF | ACTION_TRACE | Acc=admin | Path=/SYS201001/GetAllAdmins | IP=::1 | Start=2026-05-06 15:23:10.290 | Elapsed=1276ms | Status=Completed
2026-05-06 15:23:11 | INF | CONTROLLER_EXEC | Acc= admin | IP=::1 | Path=SYS201001/UpdateAdmin | Message=POST /SYS201001/UpdateAdmin
2026-05-06 15:23:11 | INF | ACTION_TRACE | Acc=admin | Path=/SYS201001/UpdateAdmin | IP=::1 | Start=2026-05-06 15:22:25.017 | Elapsed=46563ms | Status=Completed
2026-05-06 15:23:11 | INF | NETWORK_UNSTABLE | Acc=admin | Path=/SYS201001/UpdateAdmin | Reason=SlowRequest 46563ms
2026-05-06 15:23:11 | INF | CONTROLLER_EXEC | Acc= admin | IP=::1 | Path=SYS201001/GetAllAdmins | Message=POST /SYS201001/GetAllAdmins
2026-05-06 15:23:11 | INF | ACTION_TRACE | Acc=admin | Path=/SYS201001/GetAllAdmins | IP=::1 | Start=2026-05-06 15:23:11.599 | Elapsed=5ms | Status=Completed
2026-05-06 15:23:15 | INF | CONTROLLER_EXEC | Acc= admin | IP=::1 | Path=SYS201001/GetAdminDetails | Message=GET /SYS201001/GetAdminDetails
2026-05-06 15:23:15 | INF | ACTION_TRACE | Acc=admin | Path=/SYS201001/GetAdminDetails | IP=::1 | Start=2026-05-06 15:23:15.308 | Elapsed=7ms | Status=Completed
2026-05-06 15:23:15 | INF | CONTROLLER_EXEC | Acc= admin | IP=::1 | Path=SYS201001/GetAllRoles | Message=GET /SYS201001/GetAllRoles
2026-05-06 15:23:15 | INF | ACTION_TRACE | Acc=admin | Path=/SYS201001/GetAllRoles | IP=::1 | Start=2026-05-06 15:23:15.328 | Elapsed=2ms | Status=Completed
2026-05-06 15:23:15 | INF | CONTROLLER_EXEC | Acc= admin | IP=::1 | Path=SYS201001/GetAllPersonnelTypes | Message=GET /SYS201001/GetAllPersonnelTypes
2026-05-06 15:23:15 | INF | ACTION_TRACE | Acc=admin | Path=/SYS201001/GetAllPersonnelTypes | IP=::1 | Start=2026-05-06 15:23:15.328 | Elapsed=3ms | Status=Completed
2026-05-06 15:23:15 | INF | CONTROLLER_EXEC | Acc= admin | IP=::1 | Path=SYS201001/GetAllAdmins | Message=POST /SYS201001/GetAllAdmins
2026-05-06 15:23:15 | INF | ACTION_TRACE | Acc=admin | Path=/SYS201001/GetAllAdmins | IP=::1 | Start=2026-05-06 15:23:15.343 | Elapsed=19ms | Status=Completed
2026-05-06 15:23:20 | INF | CONTROLLER_EXEC | Acc= admin | IP=::1 | Path=SYS201001/GetAdminDetails | Message=GET /SYS201001/GetAdminDetails
2026-05-06 15:23:20 | INF | ACTION_TRACE | Acc=admin | Path=/SYS201001/GetAdminDetails | IP=::1 | Start=2026-05-06 15:23:20.212 | Elapsed=7ms | Status=Completed
2026-05-06 15:23:20 | INF | CONTROLLER_EXEC | Acc= admin | IP=::1 | Path=SYS201001/GetAllRoles | Message=GET /SYS201001/GetAllRoles
2026-05-06 15:23:20 | INF | CONTROLLER_EXEC | Acc= admin | IP=::1 | Path=SYS201001/GetAllPersonnelTypes | Message=GET /SYS201001/GetAllPersonnelTypes
2026-05-06 15:23:20 | INF | ACTION_TRACE | Acc=admin | Path=/SYS201001/GetAllRoles | IP=::1 | Start=2026-05-06 15:23:20.228 | Elapsed=2ms | Status=Completed
2026-05-06 15:23:20 | INF | ACTION_TRACE | Acc=admin | Path=/SYS201001/GetAllPersonnelTypes | IP=::1 | Start=2026-05-06 15:23:20.228 | Elapsed=2ms | Status=Completed
2026-05-06 15:23:20 | INF | CONTROLLER_EXEC | Acc= admin | IP=::1 | Path=SYS201001/GetAllAdmins | Message=POST /SYS201001/GetAllAdmins
2026-05-06 15:23:20 | INF | ACTION_TRACE | Acc=admin | Path=/SYS201001/GetAllAdmins | IP=::1 | Start=2026-05-06 15:23:20.238 | Elapsed=8ms | Status=Completed
2026-05-06 15:24:03 | INF | ACTION_TRACE | Acc=admin | Path=/Home/Index | IP=::1 | Start=2026-05-06 15:24:03.707 | Elapsed=32ms | Status=Completed
2026-05-06 15:24:03 | INF | ACTION_TRACE | Acc=admin | Path=/.well-known/appspecific/com.chrome.devtools.json | IP=::1 | Start=2026-05-06 15:24:03.870 | Elapsed=0ms | Status=Completed
2026-05-06 15:24:04 | INF | ACTION_TRACE | Acc=admin | Path=/lib/html-to-image/html-to-image.js.map | IP=::1 | Start=2026-05-06 15:24:04.102 | Elapsed=0ms | Status=Completed
2026-05-06 15:24:08 | INF | ACTION_TRACE | Acc=admin | Path=/Home/GetMenu | IP=::1 | Start=2026-05-06 15:24:07.609 | Elapsed=721ms | Status=Completed
2026-05-06 15:24:08 | INF | CONTROLLER_EXEC | Acc= admin | IP=::1 | Path=SYS201001/UpdateAdmin | Message=POST /SYS201001/UpdateAdmin
2026-05-06 15:24:08 | INF | ACTION_TRACE | Acc=admin | Path=/SYS201001/UpdateAdmin | IP=::1 | Start=2026-05-06 15:23:22.165 | Elapsed=46176ms | Status=Completed
2026-05-06 15:24:08 | INF | NETWORK_UNSTABLE | Acc=admin | Path=/SYS201001/UpdateAdmin | Reason=SlowRequest 46176ms
2026-05-06 15:24:09 | INF | ACTION_TRACE | Acc=admin | Path=/Home/GetMenu | IP=::1 | Start=2026-05-06 15:24:09.340 | Elapsed=74ms | Status=Completed
2026-05-06 15:24:12 | INF | CONTROLLER_EXEC | Acc= admin | IP=::1 | Path=SYS201001/SYS201001 | Message=GET /SYS201001/SYS201001
2026-05-06 15:24:12 | INF | ACTION_TRACE | Acc=admin | Path=/SYS201001/SYS201001 | IP=::1 | Start=2026-05-06 15:24:12.138 | Elapsed=77ms | Status=Completed
2026-05-06 15:24:12 | INF | CONTROLLER_EXEC | Acc= admin | IP=::1 | Path=SYS201001/GetAllAdmins | Message=POST /SYS201001/GetAllAdmins
2026-05-06 15:24:12 | INF | ACTION_TRACE | Acc=admin | Path=/SYS201001/GetAllAdmins | IP=::1 | Start=2026-05-06 15:24:12.354 | Elapsed=6ms | Status=Completed
2026-05-06 15:24:12 | INF | CONTROLLER_EXEC | Acc= admin | IP=::1 | Path=SYS201001/GetAllAdmins | Message=POST /SYS201001/GetAllAdmins
2026-05-06 15:24:12 | INF | ACTION_TRACE | Acc=admin | Path=/SYS201001/GetAllAdmins | IP=::1 | Start=2026-05-06 15:24:12.390 | Elapsed=5ms | Status=Completed
2026-05-06 15:24:14 | INF | CONTROLLER_EXEC | Acc= admin | IP=::1 | Path=SYS201001/GetAdminDetails | Message=GET /SYS201001/GetAdminDetails
2026-05-06 15:24:14 | INF | ACTION_TRACE | Acc=admin | Path=/SYS201001/GetAdminDetails | IP=::1 | Start=2026-05-06 15:24:14.824 | Elapsed=8ms | Status=Completed
2026-05-06 15:24:14 | INF | CONTROLLER_EXEC | Acc= admin | IP=::1 | Path=SYS201001/GetAllRoles | Message=GET /SYS201001/GetAllRoles
2026-05-06 15:24:14 | INF | ACTION_TRACE | Acc=admin | Path=/SYS201001/GetAllRoles | IP=::1 | Start=2026-05-06 15:24:14.862 | Elapsed=1ms | Status=Completed
2026-05-06 15:24:14 | INF | CONTROLLER_EXEC | Acc= admin | IP=::1 | Path=SYS201001/GetAllPersonnelTypes | Message=GET /SYS201001/GetAllPersonnelTypes
2026-05-06 15:24:14 | INF | ACTION_TRACE | Acc=admin | Path=/SYS201001/GetAllPersonnelTypes | IP=::1 | Start=2026-05-06 15:24:14.862 | Elapsed=2ms | Status=Completed
2026-05-06 15:24:14 | INF | CONTROLLER_EXEC | Acc= admin | IP=::1 | Path=SYS201001/GetAllAdmins | Message=POST /SYS201001/GetAllAdmins
2026-05-06 15:24:14 | INF | ACTION_TRACE | Acc=admin | Path=/SYS201001/GetAllAdmins | IP=::1 | Start=2026-05-06 15:24:14.877 | Elapsed=7ms | Status=Completed
2026-05-06 15:24:41 | INF | ACTION_TRACE | Acc=admin | Path=/Home/Index | IP=::1 | Start=2026-05-06 15:24:41.149 | Elapsed=54ms | Status=Completed
2026-05-06 15:24:41 | INF | ACTION_TRACE | Acc=admin | Path=/.well-known/appspecific/com.chrome.devtools.json | IP=::1 | Start=2026-05-06 15:24:41.242 | Elapsed=0ms | Status=Completed
2026-05-06 15:24:41 | INF | ACTION_TRACE | Acc=admin | Path=/lib/html-to-image/html-to-image.js.map | IP=::1 | Start=2026-05-06 15:24:41.562 | Elapsed=0ms | Status=Completed
2026-05-06 15:24:49 | INF | ACTION_TRACE | Acc=admin | Path=/Home/Index | IP=::1 | Start=2026-05-06 15:24:49.107 | Elapsed=48ms | Status=Completed
2026-05-06 15:24:49 | INF | ACTION_TRACE | Acc=admin | Path=/.well-known/appspecific/com.chrome.devtools.json | IP=::1 | Start=2026-05-06 15:24:49.200 | Elapsed=0ms | Status=Completed
2026-05-06 15:24:49 | INF | ACTION_TRACE | Acc=admin | Path=/lib/html-to-image/html-to-image.js.map | IP=::1 | Start=2026-05-06 15:24:49.324 | Elapsed=0ms | Status=Completed
2026-05-06 15:24:49 | INF | ACTION_TRACE | Acc=admin | Path=/Home/GetMenu | IP=::1 | Start=2026-05-06 15:24:49.986 | Elapsed=8ms | Status=Completed
2026-05-06 15:24:53 | INF | CONTROLLER_EXEC | Acc= admin | IP=::1 | Path=SYS201001/SYS201001 | Message=GET /SYS201001/SYS201001
2026-05-06 15:24:53 | INF | ACTION_TRACE | Acc=admin | Path=/SYS201001/SYS201001 | IP=::1 | Start=2026-05-06 15:24:53.518 | Elapsed=79ms | Status=Completed
2026-05-06 15:25:02 | INF | CONTROLLER_EXEC | Acc= admin | IP=::1 | Path=SYS201001/UpdateAdmin | Message=POST /SYS201001/UpdateAdmin
2026-05-06 15:25:02 | INF | ACTION_TRACE | Acc=admin | Path=/SYS201001/UpdateAdmin | IP=::1 | Start=2026-05-06 15:24:16.651 | Elapsed=45581ms | Status=Completed
2026-05-06 15:25:02 | INF | NETWORK_UNSTABLE | Acc=admin | Path=/SYS201001/UpdateAdmin | Reason=SlowRequest 45581ms
2026-05-06 15:25:02 | INF | CONTROLLER_EXEC | Acc= admin | IP=::1 | Path=SYS201001/GetAllAdmins | Message=POST /SYS201001/GetAllAdmins
2026-05-06 15:25:02 | INF | ACTION_TRACE | Acc=admin | Path=/SYS201001/GetAllAdmins | IP=::1 | Start=2026-05-06 15:24:53.838 | Elapsed=8391ms | Status=Completed
2026-05-06 15:25:02 | INF | NETWORK_UNSTABLE | Acc=admin | Path=/SYS201001/GetAllAdmins | Reason=SlowRequest 8391ms
2026-05-06 15:25:02 | INF | CONTROLLER_EXEC | Acc= admin | IP=::1 | Path=SYS201001/GetAllAdmins | Message=POST /SYS201001/GetAllAdmins
2026-05-06 15:25:02 | INF | ACTION_TRACE | Acc=admin | Path=/SYS201001/GetAllAdmins | IP=::1 | Start=2026-05-06 15:25:02.249 | Elapsed=6ms | Status=Completed
2026-05-06 15:25:33 | INF | CONTROLLER_EXEC | Acc= admin | IP=::1 | Path=SYS201001/GetAdminDetails | Message=GET /SYS201001/GetAdminDetails
2026-05-06 15:25:33 | INF | ACTION_TRACE | Acc=admin | Path=/SYS201001/GetAdminDetails | IP=::1 | Start=2026-05-06 15:25:33.520 | Elapsed=20ms | Status=Completed
2026-05-06 15:25:33 | INF | CONTROLLER_EXEC | Acc= admin | IP=::1 | Path=SYS201001/GetAllPersonnelTypes | Message=GET /SYS201001/GetAllPersonnelTypes
2026-05-06 15:25:33 | INF | ACTION_TRACE | Acc=admin | Path=/SYS201001/GetAllPersonnelTypes | IP=::1 | Start=2026-05-06 15:25:33.553 | Elapsed=9ms | Status=Completed
2026-05-06 15:25:33 | INF | CONTROLLER_EXEC | Acc= admin | IP=::1 | Path=SYS201001/GetAllRoles | Message=GET /SYS201001/GetAllRoles
2026-05-06 15:25:33 | INF | ACTION_TRACE | Acc=admin | Path=/SYS201001/GetAllRoles | IP=::1 | Start=2026-05-06 15:25:33.553 | Elapsed=9ms | Status=Completed
2026-05-06 15:25:33 | INF | CONTROLLER_EXEC | Acc= admin | IP=::1 | Path=SYS201001/GetAllAdmins | Message=POST /SYS201001/GetAllAdmins
2026-05-06 15:25:33 | INF | ACTION_TRACE | Acc=admin | Path=/SYS201001/GetAllAdmins | IP=::1 | Start=2026-05-06 15:25:33.569 | Elapsed=7ms | Status=Completed
2026-05-06 15:25:51 | INF | ACTION_TRACE | Acc=admin | Path=/Home/Index | IP=::1 | Start=2026-05-06 15:25:51.847 | Elapsed=46ms | Status=Completed
2026-05-06 15:25:51 | INF | ACTION_TRACE | Acc=admin | Path=/.well-known/appspecific/com.chrome.devtools.json | IP=::1 | Start=2026-05-06 15:25:51.967 | Elapsed=0ms | Status=Completed
2026-05-06 15:25:52 | INF | ACTION_TRACE | Acc=admin | Path=/lib/html-to-image/html-to-image.js.map | IP=::1 | Start=2026-05-06 15:25:52.120 | Elapsed=0ms | Status=Completed
2026-05-06 15:26:26 | WRN | No store type was specified for the decimal property 'OveMoney' on entity type 'HROvertime'. This will cause values to be silently truncated if they do not fit in the default precision and scale. Explicitly specify the SQL server column type that can accommodate all the values in 'OnModelCreating' using 'HasColumnType', specify precision and scale using 'HasPrecision', or configure a value converter using 'HasConversion'.
2026-05-06 15:26:26 | WRN | No store type was specified for the decimal property 'Wag1D1Hour' on entity type 'HRWage'. This will cause values to be silently truncated if they do not fit in the default precision and scale. Explicitly specify the SQL server column type that can accommodate all the values in 'OnModelCreating' using 'HasColumnType', specify precision and scale using 'HasPrecision', or configure a value converter using 'HasConversion'.
2026-05-06 15:26:26 | WRN | No store type was specified for the decimal property 'Wag2D1Hour' on entity type 'HRWage'. This will cause values to be silently truncated if they do not fit in the default precision and scale. Explicitly specify the SQL server column type that can accommodate all the values in 'OnModelCreating' using 'HasColumnType', specify precision and scale using 'HasPrecision', or configure a value converter using 'HasConversion'.
2026-05-06 15:26:26 | WRN | No store type was specified for the decimal property 'Wag4D3Hour' on entity type 'HRWage'. This will cause values to be silently truncated if they do not fit in the default precision and scale. Explicitly specify the SQL server column type that can accommodate all the values in 'OnModelCreating' using 'HasColumnType', specify precision and scale using 'HasPrecision', or configure a value converter using 'HasConversion'.
2026-05-06 15:26:26 | WRN | No store type was specified for the decimal property 'Wag5D3Hour' on entity type 'HRWage'. This will cause values to be silently truncated if they do not fit in the default precision and scale. Explicitly specify the SQL server column type that can accommodate all the values in 'OnModelCreating' using 'HasColumnType', specify precision and scale using 'HasPrecision', or configure a value converter using 'HasConversion'.
2026-05-06 15:26:26 | WRN | No store type was specified for the decimal property 'Wag8D3Hour' on entity type 'HRWage'. This will cause values to be silently truncated if they do not fit in the default precision and scale. Explicitly specify the SQL server column type that can accommodate all the values in 'OnModelCreating' using 'HasColumnType', specify precision and scale using 'HasPrecision', or configure a value converter using 'HasConversion'.
2026-05-06 15:26:26 | WRN | No store type was specified for the decimal property 'WagApplyHour' on entity type 'HRWage'. This will cause values to be silently truncated if they do not fit in the default precision and scale. Explicitly specify the SQL server column type that can accommodate all the values in 'OnModelCreating' using 'HasColumnType', specify precision and scale using 'HasPrecision', or configure a value converter using 'HasConversion'.
2026-05-06 15:26:26 | WRN | No store type was specified for the decimal property 'WagIssueHour' on entity type 'HRWage'. This will cause values to be silently truncated if they do not fit in the default precision and scale. Explicitly specify the SQL server column type that can accommodate all the values in 'OnModelCreating' using 'HasColumnType', specify precision and scale using 'HasPrecision', or configure a value converter using 'HasConversion'.
2026-05-06 15:26:26 | WRN | No store type was specified for the decimal property 'WagSubtotal' on entity type 'HRWage'. This will cause values to be silently truncated if they do not fit in the default precision and scale. Explicitly specify the SQL server column type that can accommodate all the values in 'OnModelCreating' using 'HasColumnType', specify precision and scale using 'HasPrecision', or configure a value converter using 'HasConversion'.
2026-05-06 15:26:31 | WRN | The query uses the 'First'/'FirstOrDefault' operator without 'OrderBy' and filter operators. This may lead to unpredictable results.
2026-05-06 15:26:32 | INF | ACTION_TRACE | Acc=admin | Path=/ | IP=::1 | Start=2026-05-06 15:26:25.384 | Elapsed=7053ms | Status=Completed
2026-05-06 15:26:32 | INF | NETWORK_UNSTABLE | Acc=admin | Path=/ | Reason=SlowRequest 7053ms
2026-05-06 15:26:32 | INF | ACTION_TRACE | Acc=admin | Path=/Captcha/Generate | IP=::1 | Start=2026-05-06 15:26:32.636 | Elapsed=31ms | Status=Completed
2026-05-06 15:26:32 | INF | ACTION_TRACE | Acc=admin | Path=/DNTCaptchaImage/Show | IP=::1 | Start=2026-05-06 15:26:32.690 | Elapsed=112ms | Status=Completed
2026-05-06 15:26:43 | INF | ACTION_TRACE | Acc=admin | Path=/Account/Login | IP=::1 | Start=2026-05-06 15:26:36.810 | Elapsed=6827ms | Status=Completed
2026-05-06 15:26:43 | INF | NETWORK_UNSTABLE | Acc=admin | Path=/Account/Login | Reason=SlowRequest 6827ms
2026-05-06 15:26:43 | INF | ACTION_TRACE | Acc=admin | Path=/Home/Index | IP=::1 | Start=2026-05-06 15:26:43.650 | Elapsed=261ms | Status=Completed
2026-05-06 15:26:46 | INF | ACTION_TRACE | Acc=admin | Path=/Home/GetMenu | IP=::1 | Start=2026-05-06 15:26:46.491 | Elapsed=62ms | Status=Completed
2026-05-06 15:26:52 | INF | CONTROLLER_EXEC | Acc= admin | IP=::1 | Path=SYS201002/SYS201002 | Message=GET /SYS201002/SYS201002
2026-05-06 15:26:52 | INF | ACTION_TRACE | Acc=admin | Path=/SYS201002/SYS201002 | IP=::1 | Start=2026-05-06 15:26:51.945 | Elapsed=110ms | Status=Completed
2026-05-06 15:26:52 | INF | CONTROLLER_EXEC | Acc= admin | IP=::1 | Path=SYS201002/GetAllRoleList | Message=POST /SYS201002/GetAllRoleList
2026-05-06 15:26:52 | INF | ACTION_TRACE | Acc=admin | Path=/SYS201002/GetAllRoleList | IP=::1 | Start=2026-05-06 15:26:52.112 | Elapsed=69ms | Status=Completed
2026-05-06 15:26:56 | INF | CONTROLLER_EXEC | Acc= admin | IP=::1 | Path=SYS201001/SYS201001 | Message=GET /SYS201001/SYS201001
2026-05-06 15:26:56 | INF | ACTION_TRACE | Acc=admin | Path=/SYS201001/SYS201001 | IP=::1 | Start=2026-05-06 15:26:56.497 | Elapsed=193ms | Status=Completed
2026-05-06 15:26:56 | INF | CONTROLLER_EXEC | Acc= admin | IP=::1 | Path=SYS201001/GetAllAdmins | Message=POST /SYS201001/GetAllAdmins
2026-05-06 15:26:56 | INF | ACTION_TRACE | Acc=admin | Path=/SYS201001/GetAllAdmins | IP=::1 | Start=2026-05-06 15:26:56.737 | Elapsed=70ms | Status=Completed
2026-05-06 15:26:56 | INF | CONTROLLER_EXEC | Acc= admin | IP=::1 | Path=SYS201001/GetAllAdmins | Message=POST /SYS201001/GetAllAdmins
2026-05-06 15:26:56 | INF | ACTION_TRACE | Acc=admin | Path=/SYS201001/GetAllAdmins | IP=::1 | Start=2026-05-06 15:26:56.825 | Elapsed=7ms | Status=Completed
2026-05-06 15:27:00 | WRN | The query uses the 'First'/'FirstOrDefault' operator without 'OrderBy' and filter operators. This may lead to unpredictable results.
2026-05-06 15:27:00 | WRN | The query uses the 'First'/'FirstOrDefault' operator without 'OrderBy' and filter operators. This may lead to unpredictable results.
2026-05-06 15:27:00 | INF | CONTROLLER_EXEC | Acc= admin | IP=::1 | Path=SYS201001/GetAdminDetails | Message=GET /SYS201001/GetAdminDetails
2026-05-06 15:27:00 | INF | ACTION_TRACE | Acc=admin | Path=/SYS201001/GetAdminDetails | IP=::1 | Start=2026-05-06 15:27:00.024 | Elapsed=68ms | Status=Completed
2026-05-06 15:27:00 | INF | CONTROLLER_EXEC | Acc= admin | IP=::1 | Path=SYS201001/GetAllPersonnelTypes | Message=GET /SYS201001/GetAllPersonnelTypes
2026-05-06 15:27:00 | INF | ACTION_TRACE | Acc=admin | Path=/SYS201001/GetAllPersonnelTypes | IP=::1 | Start=2026-05-06 15:27:00.101 | Elapsed=62ms | Status=Completed
2026-05-06 15:27:04 | INF | CONTROLLER_EXEC | Acc= admin | IP=::1 | Path=SYS201001/GetAllRoles | Message=GET /SYS201001/GetAllRoles
2026-05-06 15:27:04 | INF | ACTION_TRACE | Acc=admin | Path=/SYS201001/GetAllRoles | IP=::1 | Start=2026-05-06 15:27:04.646 | Elapsed=66ms | Status=Completed
2026-05-06 15:27:04 | INF | CONTROLLER_EXEC | Acc= admin | IP=::1 | Path=SYS201001/GetAllAdmins | Message=POST /SYS201001/GetAllAdmins
2026-05-06 15:27:04 | INF | ACTION_TRACE | Acc=admin | Path=/SYS201001/GetAllAdmins | IP=::1 | Start=2026-05-06 15:27:00.122 | Elapsed=4592ms | Status=Completed
2026-05-06 15:27:04 | INF | NETWORK_UNSTABLE | Acc=admin | Path=/SYS201001/GetAllAdmins | Reason=SlowRequest 4592ms
2026-05-06 15:27:48 | WRN | No store type was specified for the decimal property 'OveMoney' on entity type 'HROvertime'. This will cause values to be silently truncated if they do not fit in the default precision and scale. Explicitly specify the SQL server column type that can accommodate all the values in 'OnModelCreating' using 'HasColumnType', specify precision and scale using 'HasPrecision', or configure a value converter using 'HasConversion'.
2026-05-06 15:27:49 | WRN | No store type was specified for the decimal property 'Wag1D1Hour' on entity type 'HRWage'. This will cause values to be silently truncated if they do not fit in the default precision and scale. Explicitly specify the SQL server column type that can accommodate all the values in 'OnModelCreating' using 'HasColumnType', specify precision and scale using 'HasPrecision', or configure a value converter using 'HasConversion'.
2026-05-06 15:27:49 | WRN | No store type was specified for the decimal property 'Wag2D1Hour' on entity type 'HRWage'. This will cause values to be silently truncated if they do not fit in the default precision and scale. Explicitly specify the SQL server column type that can accommodate all the values in 'OnModelCreating' using 'HasColumnType', specify precision and scale using 'HasPrecision', or configure a value converter using 'HasConversion'.
2026-05-06 15:27:49 | WRN | No store type was specified for the decimal property 'Wag4D3Hour' on entity type 'HRWage'. This will cause values to be silently truncated if they do not fit in the default precision and scale. Explicitly specify the SQL server column type that can accommodate all the values in 'OnModelCreating' using 'HasColumnType', specify precision and scale using 'HasPrecision', or configure a value converter using 'HasConversion'.
2026-05-06 15:27:49 | WRN | No store type was specified for the decimal property 'Wag5D3Hour' on entity type 'HRWage'. This will cause values to be silently truncated if they do not fit in the default precision and scale. Explicitly specify the SQL server column type that can accommodate all the values in 'OnModelCreating' using 'HasColumnType', specify precision and scale using 'HasPrecision', or configure a value converter using 'HasConversion'.
2026-05-06 15:27:49 | WRN | No store type was specified for the decimal property 'Wag8D3Hour' on entity type 'HRWage'. This will cause values to be silently truncated if they do not fit in the default precision and scale. Explicitly specify the SQL server column type that can accommodate all the values in 'OnModelCreating' using 'HasColumnType', specify precision and scale using 'HasPrecision', or configure a value converter using 'HasConversion'.
2026-05-06 15:27:49 | WRN | No store type was specified for the decimal property 'WagApplyHour' on entity type 'HRWage'. This will cause values to be silently truncated if they do not fit in the default precision and scale. Explicitly specify the SQL server column type that can accommodate all the values in 'OnModelCreating' using 'HasColumnType', specify precision and scale using 'HasPrecision', or configure a value converter using 'HasConversion'.
2026-05-06 15:27:49 | WRN | No store type was specified for the decimal property 'WagIssueHour' on entity type 'HRWage'. This will cause values to be silently truncated if they do not fit in the default precision and scale. Explicitly specify the SQL server column type that can accommodate all the values in 'OnModelCreating' using 'HasColumnType', specify precision and scale using 'HasPrecision', or configure a value converter using 'HasConversion'.
2026-05-06 15:27:49 | WRN | No store type was specified for the decimal property 'WagSubtotal' on entity type 'HRWage'. This will cause values to be silently truncated if they do not fit in the default precision and scale. Explicitly specify the SQL server column type that can accommodate all the values in 'OnModelCreating' using 'HasColumnType', specify precision and scale using 'HasPrecision', or configure a value converter using 'HasConversion'.
2026-05-06 15:27:54 | WRN | The query uses the 'First'/'FirstOrDefault' operator without 'OrderBy' and filter operators. This may lead to unpredictable results.
2026-05-06 15:27:55 | INF | ACTION_TRACE | Acc=admin | Path=/ | IP=::1 | Start=2026-05-06 15:27:48.068 | Elapsed=7005ms | Status=Completed
2026-05-06 15:27:55 | INF | NETWORK_UNSTABLE | Acc=admin | Path=/ | Reason=SlowRequest 7005ms
2026-05-06 15:27:55 | INF | ACTION_TRACE | Acc=admin | Path=/Captcha/Generate | IP=::1 | Start=2026-05-06 15:27:55.272 | Elapsed=48ms | Status=Completed
2026-05-06 15:27:55 | INF | ACTION_TRACE | Acc=admin | Path=/DNTCaptchaImage/Show | IP=::1 | Start=2026-05-06 15:27:55.350 | Elapsed=127ms | Status=Completed
2026-05-06 15:28:06 | INF | ACTION_TRACE | Acc=admin | Path=/Account/Login | IP=::1 | Start=2026-05-06 15:27:59.479 | Elapsed=6901ms | Status=Completed
2026-05-06 15:28:06 | INF | NETWORK_UNSTABLE | Acc=admin | Path=/Account/Login | Reason=SlowRequest 6901ms
2026-05-06 15:28:06 | INF | ACTION_TRACE | Acc=admin | Path=/Home/Index | IP=::1 | Start=2026-05-06 15:28:06.394 | Elapsed=253ms | Status=Completed
2026-05-06 15:28:08 | INF | ACTION_TRACE | Acc=admin | Path=/Home/GetMenu | IP=::1 | Start=2026-05-06 15:28:08.899 | Elapsed=47ms | Status=Completed
2026-05-06 15:28:09 | INF | ACTION_TRACE | Acc=admin | Path=/Home/GetMenu | IP=::1 | Start=2026-05-06 15:28:09.387 | Elapsed=40ms | Status=Completed
2026-05-06 15:28:12 | INF | CONTROLLER_EXEC | Acc= admin | IP=::1 | Path=SYS201001/SYS201001 | Message=GET /SYS201001/SYS201001
2026-05-06 15:28:12 | INF | ACTION_TRACE | Acc=admin | Path=/SYS201001/SYS201001 | IP=::1 | Start=2026-05-06 15:28:12.683 | Elapsed=213ms | Status=Completed
2026-05-06 15:28:13 | INF | CONTROLLER_EXEC | Acc= admin | IP=::1 | Path=SYS201001/GetAllAdmins | Message=POST /SYS201001/GetAllAdmins
2026-05-06 15:28:13 | INF | ACTION_TRACE | Acc=admin | Path=/SYS201001/GetAllAdmins | IP=::1 | Start=2026-05-06 15:28:12.952 | Elapsed=87ms | Status=Completed
2026-05-06 15:28:13 | INF | CONTROLLER_EXEC | Acc= admin | IP=::1 | Path=SYS201001/GetAllAdmins | Message=POST /SYS201001/GetAllAdmins
2026-05-06 15:28:13 | INF | ACTION_TRACE | Acc=admin | Path=/SYS201001/GetAllAdmins | IP=::1 | Start=2026-05-06 15:28:13.070 | Elapsed=12ms | Status=Completed
2026-05-06 15:28:15 | WRN | The query uses the 'First'/'FirstOrDefault' operator without 'OrderBy' and filter operators. This may lead to unpredictable results.
2026-05-06 15:28:15 | WRN | The query uses the 'First'/'FirstOrDefault' operator without 'OrderBy' and filter operators. This may lead to unpredictable results.
2026-05-06 15:28:15 | INF | CONTROLLER_EXEC | Acc= admin | IP=::1 | Path=SYS201001/GetAdminDetails | Message=GET /SYS201001/GetAdminDetails
2026-05-06 15:28:15 | INF | ACTION_TRACE | Acc=admin | Path=/SYS201001/GetAdminDetails | IP=::1 | Start=2026-05-06 15:28:15.067 | Elapsed=92ms | Status=Completed
2026-05-06 15:28:15 | INF | CONTROLLER_EXEC | Acc= admin | IP=::1 | Path=SYS201001/GetAllPersonnelTypes | Message=GET /SYS201001/GetAllPersonnelTypes
2026-05-06 15:28:15 | INF | ACTION_TRACE | Acc=admin | Path=/SYS201001/GetAllPersonnelTypes | IP=::1 | Start=2026-05-06 15:28:15.168 | Elapsed=37ms | Status=Completed
2026-05-06 15:28:19 | INF | CONTROLLER_EXEC | Acc= admin | IP=::1 | Path=SYS201001/GetAllAdmins | Message=POST /SYS201001/GetAllAdmins
2026-05-06 15:28:19 | INF | ACTION_TRACE | Acc=admin | Path=/SYS201001/GetAllAdmins | IP=::1 | Start=2026-05-06 15:28:15.192 | Elapsed=4535ms | Status=Completed
2026-05-06 15:28:19 | INF | NETWORK_UNSTABLE | Acc=admin | Path=/SYS201001/GetAllAdmins | Reason=SlowRequest 4535ms
2026-05-06 15:28:19 | INF | CONTROLLER_EXEC | Acc= admin | IP=::1 | Path=SYS201001/GetAllRoles | Message=GET /SYS201001/GetAllRoles
2026-05-06 15:28:19 | INF | ACTION_TRACE | Acc=admin | Path=/SYS201001/GetAllRoles | IP=::1 | Start=2026-05-06 15:28:19.703 | Elapsed=48ms | Status=Completed
2026-05-06 15:28:23 | INF | ACTION_TRACE | Acc=admin | Path=/Home/Index | IP=::1 | Start=2026-05-06 15:28:23.140 | Elapsed=73ms | Status=Completed
2026-05-06 15:28:24 | INF | ACTION_TRACE | Acc=admin | Path=/Home/GetMenu | IP=::1 | Start=2026-05-06 15:28:24.918 | Elapsed=52ms | Status=Completed
2026-05-06 15:28:26 | INF | CONTROLLER_EXEC | Acc= admin | IP=::1 | Path=SYS201001/SYS201001 | Message=GET /SYS201001/SYS201001
2026-05-06 15:28:26 | INF | ACTION_TRACE | Acc=admin | Path=/SYS201001/SYS201001 | IP=::1 | Start=2026-05-06 15:28:26.663 | Elapsed=17ms | Status=Completed
2026-05-06 15:28:39 | INF | CONTROLLER_EXEC | Acc= admin | IP=::1 | Path=SYS201001/UpdateAdmin | Message=POST /SYS201001/UpdateAdmin
2026-05-06 15:28:39 | INF | CONTROLLER_EXEC | Acc= admin | IP=::1 | Path=SYS201001/GetAllAdmins | Message=POST /SYS201001/GetAllAdmins
2026-05-06 15:28:39 | INF | ACTION_TRACE | Acc=admin | Path=/SYS201001/GetAllAdmins | IP=::1 | Start=2026-05-06 15:28:26.738 | Elapsed=13012ms | Status=Completed
2026-05-06 15:28:39 | INF | NETWORK_UNSTABLE | Acc=admin | Path=/SYS201001/GetAllAdmins | Reason=SlowRequest 13012ms
2026-05-06 15:28:39 | INF | ACTION_TRACE | Acc=admin | Path=/SYS201001/UpdateAdmin | IP=::1 | Start=2026-05-06 15:28:16.611 | Elapsed=23145ms | Status=Completed
2026-05-06 15:28:39 | INF | NETWORK_UNSTABLE | Acc=admin | Path=/SYS201001/UpdateAdmin | Reason=SlowRequest 23145ms
2026-05-06 15:28:39 | INF | CONTROLLER_EXEC | Acc= admin | IP=::1 | Path=SYS201001/GetAllAdmins | Message=POST /SYS201001/GetAllAdmins
2026-05-06 15:28:39 | INF | ACTION_TRACE | Acc=admin | Path=/SYS201001/GetAllAdmins | IP=::1 | Start=2026-05-06 15:28:39.768 | Elapsed=6ms | Status=Completed
2026-05-06 15:28:40 | INF | ACTION_TRACE | Acc=admin | Path=/Home/Index | IP=::1 | Start=2026-05-06 15:28:39.531 | Elapsed=985ms | Status=Completed
2026-05-06 15:28:40 | INF | ACTION_TRACE | Acc=admin | Path=/Home/Index | IP=::1 | Start=2026-05-06 15:28:35.940 | Elapsed=4608ms | Status=Completed
2026-05-06 15:28:40 | INF | NETWORK_UNSTABLE | Acc=admin | Path=/Home/Index | Reason=SlowRequest 4608ms
2026-05-06 15:28:41 | INF | ACTION_TRACE | Acc=admin | Path=/Home/GetMenu | IP=::1 | Start=2026-05-06 15:28:41.876 | Elapsed=55ms | Status=Completed
2026-05-06 15:28:45 | INF | CONTROLLER_EXEC | Acc= admin | IP=::1 | Path=SYS201001/SYS201001 | Message=GET /SYS201001/SYS201001
2026-05-06 15:28:45 | INF | ACTION_TRACE | Acc=admin | Path=/SYS201001/SYS201001 | IP=::1 | Start=2026-05-06 15:28:45.231 | Elapsed=40ms | Status=Completed
2026-05-06 15:28:45 | INF | CONTROLLER_EXEC | Acc= admin | IP=::1 | Path=SYS201001/GetAllAdmins | Message=POST /SYS201001/GetAllAdmins
2026-05-06 15:28:45 | INF | ACTION_TRACE | Acc=admin | Path=/SYS201001/GetAllAdmins | IP=::1 | Start=2026-05-06 15:28:45.313 | Elapsed=8ms | Status=Completed
2026-05-06 15:28:45 | INF | CONTROLLER_EXEC | Acc= admin | IP=::1 | Path=SYS201001/GetAllAdmins | Message=POST /SYS201001/GetAllAdmins
2026-05-06 15:28:45 | INF | ACTION_TRACE | Acc=admin | Path=/SYS201001/GetAllAdmins | IP=::1 | Start=2026-05-06 15:28:45.343 | Elapsed=8ms | Status=Completed
2026-05-06 15:28:46 | INF | CONTROLLER_EXEC | Acc= admin | IP=::1 | Path=SYS201001/GetAdminDetails | Message=GET /SYS201001/GetAdminDetails
2026-05-06 15:28:46 | INF | ACTION_TRACE | Acc=admin | Path=/SYS201001/GetAdminDetails | IP=::1 | Start=2026-05-06 15:28:46.736 | Elapsed=7ms | Status=Completed
2026-05-06 15:28:46 | INF | CONTROLLER_EXEC | Acc= admin | IP=::1 | Path=SYS201001/GetAllPersonnelTypes | Message=GET /SYS201001/GetAllPersonnelTypes
2026-05-06 15:28:46 | INF | ACTION_TRACE | Acc=admin | Path=/SYS201001/GetAllPersonnelTypes | IP=::1 | Start=2026-05-06 15:28:46.752 | Elapsed=2ms | Status=Completed
2026-05-06 15:28:46 | INF | CONTROLLER_EXEC | Acc= admin | IP=::1 | Path=SYS201001/GetAllRoles | Message=GET /SYS201001/GetAllRoles
2026-05-06 15:28:46 | INF | ACTION_TRACE | Acc=admin | Path=/SYS201001/GetAllRoles | IP=::1 | Start=2026-05-06 15:28:46.752 | Elapsed=2ms | Status=Completed
2026-05-06 15:28:46 | INF | CONTROLLER_EXEC | Acc= admin | IP=::1 | Path=SYS201001/GetAllAdmins | Message=POST /SYS201001/GetAllAdmins
2026-05-06 15:28:46 | INF | ACTION_TRACE | Acc=admin | Path=/SYS201001/GetAllAdmins | IP=::1 | Start=2026-05-06 15:28:46.763 | Elapsed=13ms | Status=Completed
2026-05-06 15:29:26 | WRN | No store type was specified for the decimal property 'OveMoney' on entity type 'HROvertime'. This will cause values to be silently truncated if they do not fit in the default precision and scale. Explicitly specify the SQL server column type that can accommodate all the values in 'OnModelCreating' using 'HasColumnType', specify precision and scale using 'HasPrecision', or configure a value converter using 'HasConversion'.
2026-05-06 15:29:26 | WRN | No store type was specified for the decimal property 'Wag1D1Hour' on entity type 'HRWage'. This will cause values to be silently truncated if they do not fit in the default precision and scale. Explicitly specify the SQL server column type that can accommodate all the values in 'OnModelCreating' using 'HasColumnType', specify precision and scale using 'HasPrecision', or configure a value converter using 'HasConversion'.
2026-05-06 15:29:26 | WRN | No store type was specified for the decimal property 'Wag2D1Hour' on entity type 'HRWage'. This will cause values to be silently truncated if they do not fit in the default precision and scale. Explicitly specify the SQL server column type that can accommodate all the values in 'OnModelCreating' using 'HasColumnType', specify precision and scale using 'HasPrecision', or configure a value converter using 'HasConversion'.
2026-05-06 15:29:26 | WRN | No store type was specified for the decimal property 'Wag4D3Hour' on entity type 'HRWage'. This will cause values to be silently truncated if they do not fit in the default precision and scale. Explicitly specify the SQL server column type that can accommodate all the values in 'OnModelCreating' using 'HasColumnType', specify precision and scale using 'HasPrecision', or configure a value converter using 'HasConversion'.
2026-05-06 15:29:26 | WRN | No store type was specified for the decimal property 'Wag5D3Hour' on entity type 'HRWage'. This will cause values to be silently truncated if they do not fit in the default precision and scale. Explicitly specify the SQL server column type that can accommodate all the values in 'OnModelCreating' using 'HasColumnType', specify precision and scale using 'HasPrecision', or configure a value converter using 'HasConversion'.
2026-05-06 15:29:26 | WRN | No store type was specified for the decimal property 'Wag8D3Hour' on entity type 'HRWage'. This will cause values to be silently truncated if they do not fit in the default precision and scale. Explicitly specify the SQL server column type that can accommodate all the values in 'OnModelCreating' using 'HasColumnType', specify precision and scale using 'HasPrecision', or configure a value converter using 'HasConversion'.
2026-05-06 15:29:26 | WRN | No store type was specified for the decimal property 'WagApplyHour' on entity type 'HRWage'. This will cause values to be silently truncated if they do not fit in the default precision and scale. Explicitly specify the SQL server column type that can accommodate all the values in 'OnModelCreating' using 'HasColumnType', specify precision and scale using 'HasPrecision', or configure a value converter using 'HasConversion'.
2026-05-06 15:29:26 | WRN | No store type was specified for the decimal property 'WagIssueHour' on entity type 'HRWage'. This will cause values to be silently truncated if they do not fit in the default precision and scale. Explicitly specify the SQL server column type that can accommodate all the values in 'OnModelCreating' using 'HasColumnType', specify precision and scale using 'HasPrecision', or configure a value converter using 'HasConversion'.
2026-05-06 15:29:26 | WRN | No store type was specified for the decimal property 'WagSubtotal' on entity type 'HRWage'. This will cause values to be silently truncated if they do not fit in the default precision and scale. Explicitly specify the SQL server column type that can accommodate all the values in 'OnModelCreating' using 'HasColumnType', specify precision and scale using 'HasPrecision', or configure a value converter using 'HasConversion'.
2026-05-06 15:29:31 | WRN | The query uses the 'First'/'FirstOrDefault' operator without 'OrderBy' and filter operators. This may lead to unpredictable results.
2026-05-06 15:29:32 | INF | ACTION_TRACE | Acc=admin | Path=/ | IP=::1 | Start=2026-05-06 15:29:25.643 | Elapsed=7015ms | Status=Completed
2026-05-06 15:29:32 | INF | NETWORK_UNSTABLE | Acc=admin | Path=/ | Reason=SlowRequest 7015ms
2026-05-06 15:29:32 | INF | ACTION_TRACE | Acc=admin | Path=/Captcha/Generate | IP=::1 | Start=2026-05-06 15:29:32.930 | Elapsed=51ms | Status=Completed
2026-05-06 15:29:33 | INF | ACTION_TRACE | Acc=admin | Path=/DNTCaptchaImage/Show | IP=::1 | Start=2026-05-06 15:29:32.995 | Elapsed=118ms | Status=Completed
2026-05-06 15:29:44 | INF | ACTION_TRACE | Acc=admin | Path=/Account/Login | IP=::1 | Start=2026-05-06 15:29:37.698 | Elapsed=6844ms | Status=Completed
2026-05-06 15:29:44 | INF | NETWORK_UNSTABLE | Acc=admin | Path=/Account/Login | Reason=SlowRequest 6844ms
2026-05-06 15:29:44 | INF | ACTION_TRACE | Acc=admin | Path=/Home/Index | IP=::1 | Start=2026-05-06 15:29:44.554 | Elapsed=256ms | Status=Completed
2026-05-06 15:29:50 | INF | ACTION_TRACE | Acc=admin | Path=/Home/GetMenu | IP=::1 | Start=2026-05-06 15:29:50.219 | Elapsed=48ms | Status=Completed
2026-05-06 15:29:53 | INF | CONTROLLER_EXEC | Acc= admin | IP=::1 | Path=SYS201001/SYS201001 | Message=GET /SYS201001/SYS201001
2026-05-06 15:29:53 | INF | ACTION_TRACE | Acc=admin | Path=/SYS201001/SYS201001 | IP=::1 | Start=2026-05-06 15:29:53.010 | Elapsed=205ms | Status=Completed
2026-05-06 15:29:53 | INF | CONTROLLER_EXEC | Acc= admin | IP=::1 | Path=SYS201001/GetAllAdmins | Message=POST /SYS201001/GetAllAdmins
2026-05-06 15:29:53 | INF | ACTION_TRACE | Acc=admin | Path=/SYS201001/GetAllAdmins | IP=::1 | Start=2026-05-06 15:29:53.271 | Elapsed=77ms | Status=Completed
2026-05-06 15:29:53 | INF | CONTROLLER_EXEC | Acc= admin | IP=::1 | Path=SYS201001/GetAllAdmins | Message=POST /SYS201001/GetAllAdmins
2026-05-06 15:29:53 | INF | ACTION_TRACE | Acc=admin | Path=/SYS201001/GetAllAdmins | IP=::1 | Start=2026-05-06 15:29:53.376 | Elapsed=8ms | Status=Completed
2026-05-06 15:29:55 | WRN | The query uses the 'First'/'FirstOrDefault' operator without 'OrderBy' and filter operators. This may lead to unpredictable results.
2026-05-06 15:29:55 | WRN | The query uses the 'First'/'FirstOrDefault' operator without 'OrderBy' and filter operators. This may lead to unpredictable results.
2026-05-06 15:29:55 | INF | CONTROLLER_EXEC | Acc= admin | IP=::1 | Path=SYS201001/GetAdminDetails | Message=GET /SYS201001/GetAdminDetails
2026-05-06 15:29:55 | INF | ACTION_TRACE | Acc=admin | Path=/SYS201001/GetAdminDetails | IP=::1 | Start=2026-05-06 15:29:55.321 | Elapsed=72ms | Status=Completed
2026-05-06 15:29:55 | INF | CONTROLLER_EXEC | Acc= admin | IP=::1 | Path=SYS201001/GetAllPersonnelTypes | Message=GET /SYS201001/GetAllPersonnelTypes
2026-05-06 15:29:55 | INF | CONTROLLER_EXEC | Acc= admin | IP=::1 | Path=SYS201001/GetAllAdmins | Message=POST /SYS201001/GetAllAdmins
2026-05-06 15:29:55 | INF | ACTION_TRACE | Acc=admin | Path=/SYS201001/GetAllAdmins | IP=::1 | Start=2026-05-06 15:29:55.419 | Elapsed=8ms | Status=Completed
2026-05-06 15:29:55 | INF | ACTION_TRACE | Acc=admin | Path=/SYS201001/GetAllPersonnelTypes | IP=::1 | Start=2026-05-06 15:29:55.400 | Elapsed=29ms | Status=Completed
2026-05-06 15:30:06 | INF | CONTROLLER_EXEC | Acc= admin | IP=::1 | Path=SYS201001/GetAllRoles | Message=GET /SYS201001/GetAllRoles
2026-05-06 15:30:06 | INF | ACTION_TRACE | Acc=admin | Path=/SYS201001/GetAllRoles | IP=::1 | Start=2026-05-06 15:29:59.957 | Elapsed=6764ms | Status=Completed
2026-05-06 15:30:06 | INF | NETWORK_UNSTABLE | Acc=admin | Path=/SYS201001/GetAllRoles | Reason=SlowRequest 6764ms
2026-05-06 15:30:09 | INF | ACTION_TRACE | Acc=admin | Path=/Home/Index | IP=::1 | Start=2026-05-06 15:30:09.715 | Elapsed=48ms | Status=Completed
2026-05-06 15:30:11 | INF | ACTION_TRACE | Acc=admin | Path=/Home/GetMenu | IP=::1 | Start=2026-05-06 15:30:11.053 | Elapsed=56ms | Status=Completed
2026-05-06 15:30:13 | INF | CONTROLLER_EXEC | Acc= admin | IP=::1 | Path=SYS201001/SYS201001 | Message=GET /SYS201001/SYS201001
2026-05-06 15:30:13 | INF | ACTION_TRACE | Acc=admin | Path=/SYS201001/SYS201001 | IP=::1 | Start=2026-05-06 15:30:13.876 | Elapsed=54ms | Status=Completed
2026-05-06 15:30:17 | INF | CONTROLLER_EXEC | Acc= admin | IP=::1 | Path=SYS201001/UpdateAdmin | Message=POST /SYS201001/UpdateAdmin
2026-05-06 15:30:17 | INF | CONTROLLER_EXEC | Acc= admin | IP=::1 | Path=SYS201001/GetAllAdmins | Message=POST /SYS201001/GetAllAdmins
2026-05-06 15:30:17 | INF | ACTION_TRACE | Acc=admin | Path=/SYS201001/GetAllAdmins | IP=::1 | Start=2026-05-06 15:30:13.975 | Elapsed=3895ms | Status=Completed
2026-05-06 15:30:17 | INF | NETWORK_UNSTABLE | Acc=admin | Path=/SYS201001/GetAllAdmins | Reason=SlowRequest 3895ms
2026-05-06 15:30:17 | INF | ACTION_TRACE | Acc=admin | Path=/SYS201001/UpdateAdmin | IP=::1 | Start=2026-05-06 15:29:57.317 | Elapsed=20558ms | Status=Completed
2026-05-06 15:30:17 | INF | NETWORK_UNSTABLE | Acc=admin | Path=/SYS201001/UpdateAdmin | Reason=SlowRequest 20558ms
2026-05-06 15:30:17 | INF | CONTROLLER_EXEC | Acc= admin | IP=::1 | Path=SYS201001/GetAllAdmins | Message=POST /SYS201001/GetAllAdmins
2026-05-06 15:30:17 | INF | ACTION_TRACE | Acc=admin | Path=/SYS201001/GetAllAdmins | IP=::1 | Start=2026-05-06 15:30:17.888 | Elapsed=7ms | Status=Completed
2026-05-06 15:30:25 | INF | CONTROLLER_EXEC | Acc= admin | IP=::1 | Path=SYS201001/GetAdminDetails | Message=GET /SYS201001/GetAdminDetails
2026-05-06 15:30:25 | INF | ACTION_TRACE | Acc=admin | Path=/SYS201001/GetAdminDetails | IP=::1 | Start=2026-05-06 15:30:24.990 | Elapsed=13ms | Status=Completed
2026-05-06 15:30:25 | INF | CONTROLLER_EXEC | Acc= admin | IP=::1 | Path=SYS201001/GetAllRoles | Message=GET /SYS201001/GetAllRoles
2026-05-06 15:30:25 | INF | ACTION_TRACE | Acc=admin | Path=/SYS201001/GetAllRoles | IP=::1 | Start=2026-05-06 15:30:25.011 | Elapsed=2ms | Status=Completed
2026-05-06 15:30:25 | INF | CONTROLLER_EXEC | Acc= admin | IP=::1 | Path=SYS201001/GetAllPersonnelTypes | Message=GET /SYS201001/GetAllPersonnelTypes
2026-05-06 15:30:25 | INF | ACTION_TRACE | Acc=admin | Path=/SYS201001/GetAllPersonnelTypes | IP=::1 | Start=2026-05-06 15:30:25.011 | Elapsed=8ms | Status=Completed
2026-05-06 15:30:25 | INF | CONTROLLER_EXEC | Acc= admin | IP=::1 | Path=SYS201001/GetAllAdmins | Message=POST /SYS201001/GetAllAdmins
2026-05-06 15:30:25 | INF | ACTION_TRACE | Acc=admin | Path=/SYS201001/GetAllAdmins | IP=::1 | Start=2026-05-06 15:30:25.022 | Elapsed=5ms | Status=Completed
2026-05-06 15:30:45 | INF | CONTROLLER_EXEC | Acc= admin | IP=::1 | Path=SYS201001/UpdateAdmin | Message=POST /SYS201001/UpdateAdmin
2026-05-06 15:30:45 | INF | ACTION_TRACE | Acc=admin | Path=/SYS201001/UpdateAdmin | IP=::1 | Start=2026-05-06 15:30:30.693 | Elapsed=15163ms | Status=Completed
2026-05-06 15:30:45 | INF | NETWORK_UNSTABLE | Acc=admin | Path=/SYS201001/UpdateAdmin | Reason=SlowRequest 15163ms
2026-05-06 15:30:46 | INF | ACTION_TRACE | Acc=admin | Path=/.well-known/appspecific/com.chrome.devtools.json | IP=::1 | Start=2026-05-06 15:30:46.430 | Elapsed=0ms | Status=Completed
2026-05-06 15:30:46 | INF | ACTION_TRACE | Acc=admin | Path=/lib/html-to-image/html-to-image.js.map | IP=::1 | Start=2026-05-06 15:30:46.508 | Elapsed=0ms | Status=Completed
2026-05-06 15:30:49 | INF | CONTROLLER_EXEC | Acc= admin | IP=::1 | Path=SYS201001/SYS201001 | Message=GET /SYS201001/SYS201001
2026-05-06 15:30:49 | INF | ACTION_TRACE | Acc=admin | Path=/SYS201001/SYS201001 | IP=::1 | Start=2026-05-06 15:30:48.990 | Elapsed=41ms | Status=Completed
2026-05-06 15:30:49 | INF | CONTROLLER_EXEC | Acc= admin | IP=::1 | Path=SYS201001/GetAllAdmins | Message=POST /SYS201001/GetAllAdmins
2026-05-06 15:30:49 | INF | ACTION_TRACE | Acc=admin | Path=/SYS201001/GetAllAdmins | IP=::1 | Start=2026-05-06 15:30:49.061 | Elapsed=6ms | Status=Completed
2026-05-06 15:30:49 | INF | CONTROLLER_EXEC | Acc= admin | IP=::1 | Path=SYS201001/GetAllAdmins | Message=POST /SYS201001/GetAllAdmins
2026-05-06 15:30:49 | INF | ACTION_TRACE | Acc=admin | Path=/SYS201001/GetAllAdmins | IP=::1 | Start=2026-05-06 15:30:49.081 | Elapsed=4ms | Status=Completed
2026-05-06 15:30:58 | INF | ACTION_TRACE | Acc=admin | Path=/Home/Index | IP=::1 | Start=2026-05-06 15:30:58.761 | Elapsed=80ms | Status=Completed
2026-05-06 15:31:00 | INF | ACTION_TRACE | Acc=admin | Path=/Home/GetMenu | IP=::1 | Start=2026-05-06 15:31:00.038 | Elapsed=46ms | Status=Completed
2026-05-06 15:31:03 | INF | CONTROLLER_EXEC | Acc= admin | IP=::1 | Path=SYS201001/SYS201001 | Message=GET /SYS201001/SYS201001
2026-05-06 15:31:03 | INF | ACTION_TRACE | Acc=admin | Path=/SYS201001/SYS201001 | IP=::1 | Start=2026-05-06 15:31:03.896 | Elapsed=91ms | Status=Completed
2026-05-06 15:31:04 | INF | CONTROLLER_EXEC | Acc= admin | IP=::1 | Path=SYS201001/GetAllAdmins | Message=POST /SYS201001/GetAllAdmins
2026-05-06 15:31:04 | INF | ACTION_TRACE | Acc=admin | Path=/SYS201001/GetAllAdmins | IP=::1 | Start=2026-05-06 15:31:04.036 | Elapsed=16ms | Status=Completed
2026-05-06 15:31:04 | INF | CONTROLLER_EXEC | Acc= admin | IP=::1 | Path=SYS201001/GetAllAdmins | Message=POST /SYS201001/GetAllAdmins
2026-05-06 15:31:04 | INF | ACTION_TRACE | Acc=admin | Path=/SYS201001/GetAllAdmins | IP=::1 | Start=2026-05-06 15:31:04.070 | Elapsed=7ms | Status=Completed
2026-05-06 15:31:06 | INF | CONTROLLER_EXEC | Acc= admin | IP=::1 | Path=SYS201001/GetAdminDetails | Message=GET /SYS201001/GetAdminDetails
2026-05-06 15:31:06 | INF | ACTION_TRACE | Acc=admin | Path=/SYS201001/GetAdminDetails | IP=::1 | Start=2026-05-06 15:31:06.202 | Elapsed=16ms | Status=Completed
2026-05-06 15:31:06 | INF | CONTROLLER_EXEC | Acc= admin | IP=::1 | Path=SYS201001/GetAllRoles | Message=GET /SYS201001/GetAllRoles
2026-05-06 15:31:06 | INF | CONTROLLER_EXEC | Acc= admin | IP=::1 | Path=SYS201001/GetAllPersonnelTypes | Message=GET /SYS201001/GetAllPersonnelTypes
2026-05-06 15:31:06 | INF | ACTION_TRACE | Acc=admin | Path=/SYS201001/GetAllRoles | IP=::1 | Start=2026-05-06 15:31:06.230 | Elapsed=8ms | Status=Completed
2026-05-06 15:31:06 | INF | ACTION_TRACE | Acc=admin | Path=/SYS201001/GetAllPersonnelTypes | IP=::1 | Start=2026-05-06 15:31:06.230 | Elapsed=8ms | Status=Completed
2026-05-06 15:31:06 | INF | CONTROLLER_EXEC | Acc= admin | IP=::1 | Path=SYS201001/GetAllAdmins | Message=POST /SYS201001/GetAllAdmins
2026-05-06 15:31:06 | INF | ACTION_TRACE | Acc=admin | Path=/SYS201001/GetAllAdmins | IP=::1 | Start=2026-05-06 15:31:06.243 | Elapsed=6ms | Status=Completed
2026-05-06 15:31:24 | INF | CONTROLLER_EXEC | Acc= admin | IP=::1 | Path=SYS201001/UpdateAdmin | Message=POST /SYS201001/UpdateAdmin
2026-05-06 15:31:24 | INF | ACTION_TRACE | Acc=admin | Path=/SYS201001/UpdateAdmin | IP=::1 | Start=2026-05-06 15:31:09.685 | Elapsed=15152ms | Status=Completed
2026-05-06 15:31:24 | INF | NETWORK_UNSTABLE | Acc=admin | Path=/SYS201001/UpdateAdmin | Reason=SlowRequest 15152ms
2026-05-06 15:31:27 | INF | CONTROLLER_EXEC | Acc= admin | IP=::1 | Path=SYS201001/SYS201001 | Message=GET /SYS201001/SYS201001
2026-05-06 15:31:27 | INF | ACTION_TRACE | Acc=admin | Path=/SYS201001/SYS201001 | IP=::1 | Start=2026-05-06 15:31:27.651 | Elapsed=196ms | Status=Completed
2026-05-06 15:31:27 | INF | CONTROLLER_EXEC | Acc= admin | IP=::1 | Path=SYS201001/GetAllAdmins | Message=POST /SYS201001/GetAllAdmins
2026-05-06 15:31:27 | INF | ACTION_TRACE | Acc=admin | Path=/SYS201001/GetAllAdmins | IP=::1 | Start=2026-05-06 15:31:27.885 | Elapsed=12ms | Status=Completed
2026-05-06 15:31:27 | INF | CONTROLLER_EXEC | Acc= admin | IP=::1 | Path=SYS201001/GetAllAdmins | Message=POST /SYS201001/GetAllAdmins
2026-05-06 15:31:27 | INF | ACTION_TRACE | Acc=admin | Path=/SYS201001/GetAllAdmins | IP=::1 | Start=2026-05-06 15:31:27.912 | Elapsed=13ms | Status=Completed
2026-05-06 15:31:36 | INF | ACTION_TRACE | Acc=admin | Path=/Home/Index | IP=::1 | Start=2026-05-06 15:31:36.569 | Elapsed=84ms | Status=Completed
2026-05-06 15:31:37 | INF | ACTION_TRACE | Acc=admin | Path=/Home/GetMenu | IP=::1 | Start=2026-05-06 15:31:37.830 | Elapsed=53ms | Status=Completed
2026-05-06 15:31:40 | INF | CONTROLLER_EXEC | Acc= admin | IP=::1 | Path=SYS201001/SYS201001 | Message=GET /SYS201001/SYS201001
2026-05-06 15:31:40 | INF | ACTION_TRACE | Acc=admin | Path=/SYS201001/SYS201001 | IP=::1 | Start=2026-05-06 15:31:40.390 | Elapsed=105ms | Status=Completed
2026-05-06 15:31:40 | INF | CONTROLLER_EXEC | Acc= admin | IP=::1 | Path=SYS201001/GetAllAdmins | Message=POST /SYS201001/GetAllAdmins
2026-05-06 15:31:40 | INF | ACTION_TRACE | Acc=admin | Path=/SYS201001/GetAllAdmins | IP=::1 | Start=2026-05-06 15:31:40.534 | Elapsed=17ms | Status=Completed
2026-05-06 15:31:40 | INF | CONTROLLER_EXEC | Acc= admin | IP=::1 | Path=SYS201001/GetAllAdmins | Message=POST /SYS201001/GetAllAdmins
2026-05-06 15:31:40 | INF | ACTION_TRACE | Acc=admin | Path=/SYS201001/GetAllAdmins | IP=::1 | Start=2026-05-06 15:31:40.566 | Elapsed=6ms | Status=Completed
2026-05-06 15:31:43 | INF | CONTROLLER_EXEC | Acc= admin | IP=::1 | Path=SYS201001/GetAdminDetails | Message=GET /SYS201001/GetAdminDetails
2026-05-06 15:31:43 | INF | ACTION_TRACE | Acc=admin | Path=/SYS201001/GetAdminDetails | IP=::1 | Start=2026-05-06 15:31:43.299 | Elapsed=14ms | Status=Completed
2026-05-06 15:31:43 | INF | CONTROLLER_EXEC | Acc= admin | IP=::1 | Path=SYS201001/GetAllPersonnelTypes | Message=GET /SYS201001/GetAllPersonnelTypes
2026-05-06 15:31:43 | INF | CONTROLLER_EXEC | Acc= admin | IP=::1 | Path=SYS201001/GetAllRoles | Message=GET /SYS201001/GetAllRoles
2026-05-06 15:31:43 | INF | ACTION_TRACE | Acc=admin | Path=/SYS201001/GetAllPersonnelTypes | IP=::1 | Start=2026-05-06 15:31:43.324 | Elapsed=8ms | Status=Completed
2026-05-06 15:31:43 | INF | ACTION_TRACE | Acc=admin | Path=/SYS201001/GetAllRoles | IP=::1 | Start=2026-05-06 15:31:43.324 | Elapsed=8ms | Status=Completed
2026-05-06 15:31:43 | INF | CONTROLLER_EXEC | Acc= admin | IP=::1 | Path=SYS201001/GetAllAdmins | Message=POST /SYS201001/GetAllAdmins
2026-05-06 15:31:43 | INF | ACTION_TRACE | Acc=admin | Path=/SYS201001/GetAllAdmins | IP=::1 | Start=2026-05-06 15:31:43.337 | Elapsed=9ms | Status=Completed
2026-05-06 15:31:51 | INF | CONTROLLER_EXEC | Acc= admin | IP=::1 | Path=SYS201001/UpdateAdmin | Message=POST /SYS201001/UpdateAdmin
2026-05-06 15:31:51 | INF | ACTION_TRACE | Acc=admin | Path=/SYS201001/UpdateAdmin | IP=::1 | Start=2026-05-06 15:31:51.343 | Elapsed=339ms | Status=Completed
2026-05-06 15:32:20 | INF | CONTROLLER_EXEC | Acc= admin | IP=::1 | Path=SYS201001/UpdateAdmin | Message=POST /SYS201001/UpdateAdmin
2026-05-06 15:32:20 | INF | ACTION_TRACE | Acc=admin | Path=/SYS201001/UpdateAdmin | IP=::1 | Start=2026-05-06 15:32:04.948 | Elapsed=15810ms | Status=Completed
2026-05-06 15:32:20 | INF | NETWORK_UNSTABLE | Acc=admin | Path=/SYS201001/UpdateAdmin | Reason=SlowRequest 15810ms
2026-05-06 15:32:25 | INF | CONTROLLER_EXEC | Acc= admin | IP=::1 | Path=SYS201001/SYS201001 | Message=GET /SYS201001/SYS201001
2026-05-06 15:32:25 | INF | ACTION_TRACE | Acc=admin | Path=/SYS201001/SYS201001 | IP=::1 | Start=2026-05-06 15:32:25.019 | Elapsed=15ms | Status=Completed
2026-05-06 15:32:25 | INF | CONTROLLER_EXEC | Acc= admin | IP=::1 | Path=SYS201001/GetAllAdmins | Message=POST /SYS201001/GetAllAdmins
2026-05-06 15:32:25 | INF | ACTION_TRACE | Acc=admin | Path=/SYS201001/GetAllAdmins | IP=::1 | Start=2026-05-06 15:32:25.104 | Elapsed=9ms | Status=Completed
2026-05-06 15:32:25 | INF | CONTROLLER_EXEC | Acc= admin | IP=::1 | Path=SYS201001/GetAllAdmins | Message=POST /SYS201001/GetAllAdmins
2026-05-06 15:32:25 | INF | ACTION_TRACE | Acc=admin | Path=/SYS201001/GetAllAdmins | IP=::1 | Start=2026-05-06 15:32:25.130 | Elapsed=6ms | Status=Completed
2026-05-06 15:33:48 | INF | ACTION_TRACE | Acc=admin | Path=/Home/Index | IP=::1 | Start=2026-05-06 15:33:48.027 | Elapsed=48ms | Status=Completed
2026-05-06 15:33:49 | INF | ACTION_TRACE | Acc=admin | Path=/Home/GetMenu | IP=::1 | Start=2026-05-06 15:33:49.448 | Elapsed=43ms | Status=Completed
2026-05-06 15:33:52 | INF | CONTROLLER_EXEC | Acc= admin | IP=::1 | Path=SYS201001/SYS201001 | Message=GET /SYS201001/SYS201001
2026-05-06 15:33:52 | INF | ACTION_TRACE | Acc=admin | Path=/SYS201001/SYS201001 | IP=::1 | Start=2026-05-06 15:33:52.353 | Elapsed=65ms | Status=Completed
2026-05-06 15:33:52 | INF | CONTROLLER_EXEC | Acc= admin | IP=::1 | Path=SYS201001/GetAllAdmins | Message=POST /SYS201001/GetAllAdmins
2026-05-06 15:33:52 | INF | ACTION_TRACE | Acc=admin | Path=/SYS201001/GetAllAdmins | IP=::1 | Start=2026-05-06 15:33:52.464 | Elapsed=7ms | Status=Completed
2026-05-06 15:33:52 | INF | CONTROLLER_EXEC | Acc= admin | IP=::1 | Path=SYS201001/GetAllAdmins | Message=POST /SYS201001/GetAllAdmins
2026-05-06 15:33:52 | INF | ACTION_TRACE | Acc=admin | Path=/SYS201001/GetAllAdmins | IP=::1 | Start=2026-05-06 15:33:52.495 | Elapsed=4ms | Status=Completed
2026-05-06 15:33:54 | INF | CONTROLLER_EXEC | Acc= admin | IP=::1 | Path=SYS201001/GetAdminDetails | Message=GET /SYS201001/GetAdminDetails
2026-05-06 15:33:54 | INF | ACTION_TRACE | Acc=admin | Path=/SYS201001/GetAdminDetails | IP=::1 | Start=2026-05-06 15:33:54.520 | Elapsed=7ms | Status=Completed
2026-05-06 15:33:54 | INF | CONTROLLER_EXEC | Acc= admin | IP=::1 | Path=SYS201001/GetAllPersonnelTypes | Message=GET /SYS201001/GetAllPersonnelTypes
2026-05-06 15:33:54 | INF | CONTROLLER_EXEC | Acc= admin | IP=::1 | Path=SYS201001/GetAllRoles | Message=GET /SYS201001/GetAllRoles
2026-05-06 15:33:54 | INF | ACTION_TRACE | Acc=admin | Path=/SYS201001/GetAllRoles | IP=::1 | Start=2026-05-06 15:33:54.535 | Elapsed=2ms | Status=Completed
2026-05-06 15:33:54 | INF | ACTION_TRACE | Acc=admin | Path=/SYS201001/GetAllPersonnelTypes | IP=::1 | Start=2026-05-06 15:33:54.535 | Elapsed=2ms | Status=Completed
2026-05-06 15:33:54 | INF | CONTROLLER_EXEC | Acc= admin | IP=::1 | Path=SYS201001/GetAllAdmins | Message=POST /SYS201001/GetAllAdmins
2026-05-06 15:33:54 | INF | ACTION_TRACE | Acc=admin | Path=/SYS201001/GetAllAdmins | IP=::1 | Start=2026-05-06 15:33:54.545 | Elapsed=5ms | Status=Completed
2026-05-06 15:34:12 | INF | CONTROLLER_EXEC | Acc= admin | IP=::1 | Path=SYS201001/UpdateAdmin | Message=POST /SYS201001/UpdateAdmin
2026-05-06 15:34:12 | INF | ACTION_TRACE | Acc=admin | Path=/SYS201001/UpdateAdmin | IP=::1 | Start=2026-05-06 15:33:57.100 | Elapsed=15170ms | Status=Completed
2026-05-06 15:34:12 | INF | NETWORK_UNSTABLE | Acc=admin | Path=/SYS201001/UpdateAdmin | Reason=SlowRequest 15170ms
2026-05-06 15:34:25 | INF | CONTROLLER_EXEC | Acc= admin | IP=::1 | Path=SYS201001/SYS201001 | Message=GET /SYS201001/SYS201001
2026-05-06 15:34:25 | INF | ACTION_TRACE | Acc=admin | Path=/SYS201001/SYS201001 | IP=::1 | Start=2026-05-06 15:34:25.449 | Elapsed=59ms | Status=Completed
2026-05-06 15:34:25 | INF | CONTROLLER_EXEC | Acc= admin | IP=::1 | Path=SYS201001/GetAllAdmins | Message=POST /SYS201001/GetAllAdmins
2026-05-06 15:34:25 | INF | ACTION_TRACE | Acc=admin | Path=/SYS201001/GetAllAdmins | IP=::1 | Start=2026-05-06 15:34:25.537 | Elapsed=4ms | Status=Completed
2026-05-06 15:34:25 | INF | CONTROLLER_EXEC | Acc= admin | IP=::1 | Path=SYS201001/GetAllAdmins | Message=POST /SYS201001/GetAllAdmins
2026-05-06 15:34:25 | INF | ACTION_TRACE | Acc=admin | Path=/SYS201001/GetAllAdmins | IP=::1 | Start=2026-05-06 15:34:25.556 | Elapsed=4ms | Status=Completed
2026-05-06 15:34:54 | WRN | No store type was specified for the decimal property 'OveMoney' on entity type 'HROvertime'. This will cause values to be silently truncated if they do not fit in the default precision and scale. Explicitly specify the SQL server column type that can accommodate all the values in 'OnModelCreating' using 'HasColumnType', specify precision and scale using 'HasPrecision', or configure a value converter using 'HasConversion'.
2026-05-06 15:34:54 | WRN | No store type was specified for the decimal property 'Wag1D1Hour' on entity type 'HRWage'. This will cause values to be silently truncated if they do not fit in the default precision and scale. Explicitly specify the SQL server column type that can accommodate all the values in 'OnModelCreating' using 'HasColumnType', specify precision and scale using 'HasPrecision', or configure a value converter using 'HasConversion'.
2026-05-06 15:34:54 | WRN | No store type was specified for the decimal property 'Wag2D1Hour' on entity type 'HRWage'. This will cause values to be silently truncated if they do not fit in the default precision and scale. Explicitly specify the SQL server column type that can accommodate all the values in 'OnModelCreating' using 'HasColumnType', specify precision and scale using 'HasPrecision', or configure a value converter using 'HasConversion'.
2026-05-06 15:34:54 | WRN | No store type was specified for the decimal property 'Wag4D3Hour' on entity type 'HRWage'. This will cause values to be silently truncated if they do not fit in the default precision and scale. Explicitly specify the SQL server column type that can accommodate all the values in 'OnModelCreating' using 'HasColumnType', specify precision and scale using 'HasPrecision', or configure a value converter using 'HasConversion'.
2026-05-06 15:34:54 | WRN | No store type was specified for the decimal property 'Wag5D3Hour' on entity type 'HRWage'. This will cause values to be silently truncated if they do not fit in the default precision and scale. Explicitly specify the SQL server column type that can accommodate all the values in 'OnModelCreating' using 'HasColumnType', specify precision and scale using 'HasPrecision', or configure a value converter using 'HasConversion'.
2026-05-06 15:34:54 | WRN | No store type was specified for the decimal property 'Wag8D3Hour' on entity type 'HRWage'. This will cause values to be silently truncated if they do not fit in the default precision and scale. Explicitly specify the SQL server column type that can accommodate all the values in 'OnModelCreating' using 'HasColumnType', specify precision and scale using 'HasPrecision', or configure a value converter using 'HasConversion'.
2026-05-06 15:34:54 | WRN | No store type was specified for the decimal property 'WagApplyHour' on entity type 'HRWage'. This will cause values to be silently truncated if they do not fit in the default precision and scale. Explicitly specify the SQL server column type that can accommodate all the values in 'OnModelCreating' using 'HasColumnType', specify precision and scale using 'HasPrecision', or configure a value converter using 'HasConversion'.
2026-05-06 15:34:54 | WRN | No store type was specified for the decimal property 'WagIssueHour' on entity type 'HRWage'. This will cause values to be silently truncated if they do not fit in the default precision and scale. Explicitly specify the SQL server column type that can accommodate all the values in 'OnModelCreating' using 'HasColumnType', specify precision and scale using 'HasPrecision', or configure a value converter using 'HasConversion'.
2026-05-06 15:34:54 | WRN | No store type was specified for the decimal property 'WagSubtotal' on entity type 'HRWage'. This will cause values to be silently truncated if they do not fit in the default precision and scale. Explicitly specify the SQL server column type that can accommodate all the values in 'OnModelCreating' using 'HasColumnType', specify precision and scale using 'HasPrecision', or configure a value converter using 'HasConversion'.
2026-05-06 15:34:59 | WRN | The query uses the 'First'/'FirstOrDefault' operator without 'OrderBy' and filter operators. This may lead to unpredictable results.
2026-05-06 15:35:00 | INF | ACTION_TRACE | Acc=admin | Path=/ | IP=::1 | Start=2026-05-06 15:34:53.905 | Elapsed=7017ms | Status=Completed
2026-05-06 15:35:00 | INF | NETWORK_UNSTABLE | Acc=admin | Path=/ | Reason=SlowRequest 7017ms
2026-05-06 15:35:01 | INF | ACTION_TRACE | Acc=admin | Path=/Captcha/Generate | IP=::1 | Start=2026-05-06 15:35:01.119 | Elapsed=40ms | Status=Completed
2026-05-06 15:35:01 | INF | ACTION_TRACE | Acc=admin | Path=/DNTCaptchaImage/Show | IP=::1 | Start=2026-05-06 15:35:01.184 | Elapsed=109ms | Status=Completed
2026-05-06 15:35:12 | INF | ACTION_TRACE | Acc=admin | Path=/Account/Login | IP=::1 | Start=2026-05-06 15:35:04.394 | Elapsed=8512ms | Status=Completed
2026-05-06 15:35:12 | INF | NETWORK_UNSTABLE | Acc=admin | Path=/Account/Login | Reason=SlowRequest 8512ms
2026-05-06 15:35:13 | INF | ACTION_TRACE | Acc=admin | Path=/Home/Index | IP=::1 | Start=2026-05-06 15:35:12.921 | Elapsed=197ms | Status=Completed
2026-05-06 15:35:49 | INF | ACTION_TRACE | Acc=admin | Path=/Home/GetMenu | IP=::1 | Start=2026-05-06 15:35:49.549 | Elapsed=17ms | Status=Completed
2026-05-06 15:35:58 | INF | CONTROLLER_EXEC | Acc= admin | IP=::1 | Path=SYS201001/SYS201001 | Message=GET /SYS201001/SYS201001
2026-05-06 15:35:58 | INF | ACTION_TRACE | Acc=admin | Path=/SYS201001/SYS201001 | IP=::1 | Start=2026-05-06 15:35:58.685 | Elapsed=203ms | Status=Completed
2026-05-06 15:35:59 | INF | CONTROLLER_EXEC | Acc= admin | IP=::1 | Path=SYS201001/GetAllAdmins | Message=POST /SYS201001/GetAllAdmins
2026-05-06 15:35:59 | INF | ACTION_TRACE | Acc=admin | Path=/SYS201001/GetAllAdmins | IP=::1 | Start=2026-05-06 15:35:58.949 | Elapsed=85ms | Status=Completed
2026-05-06 15:35:59 | INF | CONTROLLER_EXEC | Acc= admin | IP=::1 | Path=SYS201001/GetAllAdmins | Message=POST /SYS201001/GetAllAdmins
2026-05-06 15:35:59 | INF | ACTION_TRACE | Acc=admin | Path=/SYS201001/GetAllAdmins | IP=::1 | Start=2026-05-06 15:35:59.062 | Elapsed=9ms | Status=Completed
2026-05-06 15:36:06 | WRN | The query uses the 'First'/'FirstOrDefault' operator without 'OrderBy' and filter operators. This may lead to unpredictable results.
2026-05-06 15:36:06 | WRN | The query uses the 'First'/'FirstOrDefault' operator without 'OrderBy' and filter operators. This may lead to unpredictable results.
2026-05-06 15:36:06 | INF | CONTROLLER_EXEC | Acc= admin | IP=::1 | Path=SYS201001/GetAdminDetails | Message=GET /SYS201001/GetAdminDetails
2026-05-06 15:36:06 | INF | ACTION_TRACE | Acc=admin | Path=/SYS201001/GetAdminDetails | IP=::1 | Start=2026-05-06 15:36:06.284 | Elapsed=72ms | Status=Completed
2026-05-06 15:36:06 | INF | CONTROLLER_EXEC | Acc= admin | IP=::1 | Path=SYS201001/GetAllPersonnelTypes | Message=GET /SYS201001/GetAllPersonnelTypes
2026-05-06 15:36:06 | INF | ACTION_TRACE | Acc=admin | Path=/SYS201001/GetAllPersonnelTypes | IP=::1 | Start=2026-05-06 15:36:06.363 | Elapsed=62ms | Status=Completed
2026-05-06 15:36:11 | INF | CONTROLLER_EXEC | Acc= admin | IP=::1 | Path=SYS201001/GetAllRoles | Message=GET /SYS201001/GetAllRoles
2026-05-06 15:36:11 | INF | ACTION_TRACE | Acc=admin | Path=/SYS201001/GetAllRoles | IP=::1 | Start=2026-05-06 15:36:10.898 | Elapsed=219ms | Status=Completed
2026-05-06 15:36:11 | INF | CONTROLLER_EXEC | Acc= admin | IP=::1 | Path=SYS201001/GetAllAdmins | Message=POST /SYS201001/GetAllAdmins
2026-05-06 15:36:11 | INF | ACTION_TRACE | Acc=admin | Path=/SYS201001/GetAllAdmins | IP=::1 | Start=2026-05-06 15:36:06.381 | Elapsed=4747ms | Status=Completed
2026-05-06 15:36:11 | INF | NETWORK_UNSTABLE | Acc=admin | Path=/SYS201001/GetAllAdmins | Reason=SlowRequest 4747ms
2026-05-06 15:37:07 | INF | CONTROLLER_EXEC | Acc= admin | IP=::1 | Path=SYS201001/UpdateAdmin | Message=POST /SYS201001/UpdateAdmin
2026-05-06 15:37:07 | INF | ACTION_TRACE | Acc=admin | Path=/SYS201001/UpdateAdmin | IP=::1 | Start=2026-05-06 15:36:21.025 | Elapsed=46265ms | Status=Completed
2026-05-06 15:37:07 | INF | NETWORK_UNSTABLE | Acc=admin | Path=/SYS201001/UpdateAdmin | Reason=SlowRequest 46265ms
2026-05-06 15:37:08 | INF | CONTROLLER_EXEC | Acc= admin | IP=::1 | Path=SYS201001/SYS201001 | Message=GET /SYS201001/SYS201001
2026-05-06 15:37:08 | INF | ACTION_TRACE | Acc=admin | Path=/SYS201001/SYS201001 | IP=::1 | Start=2026-05-06 15:37:08.913 | Elapsed=20ms | Status=Completed
2026-05-06 15:37:08 | INF | CONTROLLER_EXEC | Acc= admin | IP=::1 | Path=SYS201001/GetAllAdmins | Message=POST /SYS201001/GetAllAdmins
2026-05-06 15:37:08 | INF | ACTION_TRACE | Acc=admin | Path=/SYS201001/GetAllAdmins | IP=::1 | Start=2026-05-06 15:37:08.960 | Elapsed=7ms | Status=Completed
2026-05-06 15:37:08 | INF | CONTROLLER_EXEC | Acc= admin | IP=::1 | Path=SYS201001/GetAllAdmins | Message=POST /SYS201001/GetAllAdmins
2026-05-06 15:37:08 | INF | ACTION_TRACE | Acc=admin | Path=/SYS201001/GetAllAdmins | IP=::1 | Start=2026-05-06 15:37:08.981 | Elapsed=4ms | Status=Completed
2026-05-06 16:11:15 | WRN | No store type was specified for the decimal property 'OveMoney' on entity type 'HROvertime'. This will cause values to be silently truncated if they do not fit in the default precision and scale. Explicitly specify the SQL server column type that can accommodate all the values in 'OnModelCreating' using 'HasColumnType', specify precision and scale using 'HasPrecision', or configure a value converter using 'HasConversion'.
2026-05-06 16:11:15 | WRN | No store type was specified for the decimal property 'Wag1D1Hour' on entity type 'HRWage'. This will cause values to be silently truncated if they do not fit in the default precision and scale. Explicitly specify the SQL server column type that can accommodate all the values in 'OnModelCreating' using 'HasColumnType', specify precision and scale using 'HasPrecision', or configure a value converter using 'HasConversion'.
2026-05-06 16:11:15 | WRN | No store type was specified for the decimal property 'Wag2D1Hour' on entity type 'HRWage'. This will cause values to be silently truncated if they do not fit in the default precision and scale. Explicitly specify the SQL server column type that can accommodate all the values in 'OnModelCreating' using 'HasColumnType', specify precision and scale using 'HasPrecision', or configure a value converter using 'HasConversion'.
2026-05-06 16:11:15 | WRN | No store type was specified for the decimal property 'Wag4D3Hour' on entity type 'HRWage'. This will cause values to be silently truncated if they do not fit in the default precision and scale. Explicitly specify the SQL server column type that can accommodate all the values in 'OnModelCreating' using 'HasColumnType', specify precision and scale using 'HasPrecision', or configure a value converter using 'HasConversion'.
2026-05-06 16:11:15 | WRN | No store type was specified for the decimal property 'Wag5D3Hour' on entity type 'HRWage'. This will cause values to be silently truncated if they do not fit in the default precision and scale. Explicitly specify the SQL server column type that can accommodate all the values in 'OnModelCreating' using 'HasColumnType', specify precision and scale using 'HasPrecision', or configure a value converter using 'HasConversion'.
2026-05-06 16:11:15 | WRN | No store type was specified for the decimal property 'Wag8D3Hour' on entity type 'HRWage'. This will cause values to be silently truncated if they do not fit in the default precision and scale. Explicitly specify the SQL server column type that can accommodate all the values in 'OnModelCreating' using 'HasColumnType', specify precision and scale using 'HasPrecision', or configure a value converter using 'HasConversion'.
2026-05-06 16:11:15 | WRN | No store type was specified for the decimal property 'WagApplyHour' on entity type 'HRWage'. This will cause values to be silently truncated if they do not fit in the default precision and scale. Explicitly specify the SQL server column type that can accommodate all the values in 'OnModelCreating' using 'HasColumnType', specify precision and scale using 'HasPrecision', or configure a value converter using 'HasConversion'.
2026-05-06 16:11:15 | WRN | No store type was specified for the decimal property 'WagIssueHour' on entity type 'HRWage'. This will cause values to be silently truncated if they do not fit in the default precision and scale. Explicitly specify the SQL server column type that can accommodate all the values in 'OnModelCreating' using 'HasColumnType', specify precision and scale using 'HasPrecision', or configure a value converter using 'HasConversion'.
2026-05-06 16:11:15 | WRN | No store type was specified for the decimal property 'WagSubtotal' on entity type 'HRWage'. This will cause values to be silently truncated if they do not fit in the default precision and scale. Explicitly specify the SQL server column type that can accommodate all the values in 'OnModelCreating' using 'HasColumnType', specify precision and scale using 'HasPrecision', or configure a value converter using 'HasConversion'.
2026-05-06 16:11:20 | WRN | The query uses the 'First'/'FirstOrDefault' operator without 'OrderBy' and filter operators. This may lead to unpredictable results.
2026-05-06 16:11:22 | INF | ACTION_TRACE | Acc=admin | Path=/ | IP=::1 | Start=2026-05-06 16:11:14.846 | Elapsed=7186ms | Status=Completed
2026-05-06 16:11:22 | INF | NETWORK_UNSTABLE | Acc=admin | Path=/ | Reason=SlowRequest 7186ms
2026-05-06 16:11:22 | INF | ACTION_TRACE | Acc=admin | Path=/Captcha/Generate | IP=::1 | Start=2026-05-06 16:11:22.232 | Elapsed=52ms | Status=Completed
2026-05-06 16:11:22 | INF | ACTION_TRACE | Acc=admin | Path=/DNTCaptchaImage/Show | IP=::1 | Start=2026-05-06 16:11:22.299 | Elapsed=140ms | Status=Completed
2026-05-06 16:12:02 | INF | ACTION_TRACE | Acc=admin | Path=/Account/Login | IP=::1 | Start=2026-05-06 16:11:54.387 | Elapsed=8173ms | Status=Completed
2026-05-06 16:12:02 | INF | NETWORK_UNSTABLE | Acc=admin | Path=/Account/Login | Reason=SlowRequest 8173ms
2026-05-06 16:12:02 | INF | ACTION_TRACE | Acc=admin | Path=/Home/Index | IP=::1 | Start=2026-05-06 16:12:02.579 | Elapsed=262ms | Status=Completed
2026-05-06 16:12:15 | INF | ACTION_TRACE | Acc=admin | Path=/Home/GetMenu | IP=::1 | Start=2026-05-06 16:12:14.981 | Elapsed=33ms | Status=Completed
2026-05-06 16:12:19 | INF | CONTROLLER_EXEC | Acc= admin | IP=::1 | Path=SYS201001/SYS201001 | Message=GET /SYS201001/SYS201001
2026-05-06 16:12:19 | INF | ACTION_TRACE | Acc=admin | Path=/SYS201001/SYS201001 | IP=::1 | Start=2026-05-06 16:12:19.147 | Elapsed=222ms | Status=Completed
2026-05-06 16:12:19 | INF | CONTROLLER_EXEC | Acc= admin | IP=::1 | Path=SYS201001/GetAllAdmins | Message=POST /SYS201001/GetAllAdmins
2026-05-06 16:12:19 | INF | ACTION_TRACE | Acc=admin | Path=/SYS201001/GetAllAdmins | IP=::1 | Start=2026-05-06 16:12:19.443 | Elapsed=76ms | Status=Completed
2026-05-06 16:12:19 | INF | CONTROLLER_EXEC | Acc= admin | IP=::1 | Path=SYS201001/GetAllAdmins | Message=POST /SYS201001/GetAllAdmins
2026-05-06 16:12:19 | INF | ACTION_TRACE | Acc=admin | Path=/SYS201001/GetAllAdmins | IP=::1 | Start=2026-05-06 16:12:19.548 | Elapsed=11ms | Status=Completed
2026-05-06 16:12:21 | WRN | The query uses the 'First'/'FirstOrDefault' operator without 'OrderBy' and filter operators. This may lead to unpredictable results.
2026-05-06 16:12:21 | WRN | The query uses the 'First'/'FirstOrDefault' operator without 'OrderBy' and filter operators. This may lead to unpredictable results.
2026-05-06 16:12:21 | INF | CONTROLLER_EXEC | Acc= admin | IP=::1 | Path=SYS201001/GetAdminDetails | Message=GET /SYS201001/GetAdminDetails
2026-05-06 16:12:21 | INF | ACTION_TRACE | Acc=admin | Path=/SYS201001/GetAdminDetails | IP=::1 | Start=2026-05-06 16:12:21.584 | Elapsed=78ms | Status=Completed
2026-05-06 16:12:21 | INF | CONTROLLER_EXEC | Acc= admin | IP=::1 | Path=SYS201001/GetAllPersonnelTypes | Message=GET /SYS201001/GetAllPersonnelTypes
2026-05-06 16:12:21 | INF | ACTION_TRACE | Acc=admin | Path=/SYS201001/GetAllPersonnelTypes | IP=::1 | Start=2026-05-06 16:12:21.670 | Elapsed=34ms | Status=Completed
2026-05-06 16:12:26 | INF | CONTROLLER_EXEC | Acc= admin | IP=::1 | Path=SYS201001/GetAllAdmins | Message=POST /SYS201001/GetAllAdmins
2026-05-06 16:12:26 | INF | ACTION_TRACE | Acc=admin | Path=/SYS201001/GetAllAdmins | IP=::1 | Start=2026-05-06 16:12:21.692 | Elapsed=4564ms | Status=Completed
2026-05-06 16:12:26 | INF | NETWORK_UNSTABLE | Acc=admin | Path=/SYS201001/GetAllAdmins | Reason=SlowRequest 4564ms
2026-05-06 16:12:26 | INF | CONTROLLER_EXEC | Acc= admin | IP=::1 | Path=SYS201001/GetAllRoles | Message=GET /SYS201001/GetAllRoles
2026-05-06 16:12:26 | INF | ACTION_TRACE | Acc=admin | Path=/SYS201001/GetAllRoles | IP=::1 | Start=2026-05-06 16:12:26.208 | Elapsed=86ms | Status=Completed
2026-05-06 16:12:28 | INF | CONTROLLER_EXEC | Acc= admin | IP=::1 | Path=SYS201001/GetAdminDetails | Message=GET /SYS201001/GetAdminDetails
2026-05-06 16:12:28 | INF | ACTION_TRACE | Acc=admin | Path=/SYS201001/GetAdminDetails | IP=::1 | Start=2026-05-06 16:12:28.037 | Elapsed=7ms | Status=Completed
2026-05-06 16:12:28 | INF | CONTROLLER_EXEC | Acc= admin | IP=::1 | Path=SYS201001/GetAllPersonnelTypes | Message=GET /SYS201001/GetAllPersonnelTypes
2026-05-06 16:12:28 | INF | CONTROLLER_EXEC | Acc= admin | IP=::1 | Path=SYS201001/GetAllRoles | Message=GET /SYS201001/GetAllRoles
2026-05-06 16:12:28 | INF | ACTION_TRACE | Acc=admin | Path=/SYS201001/GetAllPersonnelTypes | IP=::1 | Start=2026-05-06 16:12:28.051 | Elapsed=2ms | Status=Completed
2026-05-06 16:12:28 | INF | ACTION_TRACE | Acc=admin | Path=/SYS201001/GetAllRoles | IP=::1 | Start=2026-05-06 16:12:28.051 | Elapsed=2ms | Status=Completed
2026-05-06 16:12:28 | INF | CONTROLLER_EXEC | Acc= admin | IP=::1 | Path=SYS201001/GetAllAdmins | Message=POST /SYS201001/GetAllAdmins
2026-05-06 16:12:28 | INF | ACTION_TRACE | Acc=admin | Path=/SYS201001/GetAllAdmins | IP=::1 | Start=2026-05-06 16:12:28.059 | Elapsed=5ms | Status=Completed
2026-05-06 16:12:47 | INF | CONTROLLER_EXEC | Acc= admin | IP=::1 | Path=SYS201001/UpdateAdmin | Message=POST /SYS201001/UpdateAdmin
2026-05-06 16:12:47 | INF | ACTION_TRACE | Acc=admin | Path=/SYS201001/UpdateAdmin | IP=::1 | Start=2026-05-06 16:12:31.994 | Elapsed=15871ms | Status=Completed
2026-05-06 16:12:47 | INF | NETWORK_UNSTABLE | Acc=admin | Path=/SYS201001/UpdateAdmin | Reason=SlowRequest 15871ms
2026-05-06 16:12:50 | INF | CONTROLLER_EXEC | Acc= admin | IP=::1 | Path=SYS201001/SYS201001 | Message=GET /SYS201001/SYS201001
2026-05-06 16:12:50 | INF | ACTION_TRACE | Acc=admin | Path=/SYS201001/SYS201001 | IP=::1 | Start=2026-05-06 16:12:50.890 | Elapsed=89ms | Status=Completed
2026-05-06 16:12:51 | INF | CONTROLLER_EXEC | Acc= admin | IP=::1 | Path=SYS201001/GetAllAdmins | Message=POST /SYS201001/GetAllAdmins
2026-05-06 16:12:51 | INF | ACTION_TRACE | Acc=admin | Path=/SYS201001/GetAllAdmins | IP=::1 | Start=2026-05-06 16:12:51.009 | Elapsed=5ms | Status=Completed
2026-05-06 16:12:51 | INF | CONTROLLER_EXEC | Acc= admin | IP=::1 | Path=SYS201001/GetAllAdmins | Message=POST /SYS201001/GetAllAdmins
2026-05-06 16:12:51 | INF | ACTION_TRACE | Acc=admin | Path=/SYS201001/GetAllAdmins | IP=::1 | Start=2026-05-06 16:12:51.031 | Elapsed=9ms | Status=Completed
2026-05-06 16:21:36 | WRN | No store type was specified for the decimal property 'OveMoney' on entity type 'HROvertime'. This will cause values to be silently truncated if they do not fit in the default precision and scale. Explicitly specify the SQL server column type that can accommodate all the values in 'OnModelCreating' using 'HasColumnType', specify precision and scale using 'HasPrecision', or configure a value converter using 'HasConversion'.
2026-05-06 16:21:36 | WRN | No store type was specified for the decimal property 'Wag1D1Hour' on entity type 'HRWage'. This will cause values to be silently truncated if they do not fit in the default precision and scale. Explicitly specify the SQL server column type that can accommodate all the values in 'OnModelCreating' using 'HasColumnType', specify precision and scale using 'HasPrecision', or configure a value converter using 'HasConversion'.
2026-05-06 16:21:36 | WRN | No store type was specified for the decimal property 'Wag2D1Hour' on entity type 'HRWage'. This will cause values to be silently truncated if they do not fit in the default precision and scale. Explicitly specify the SQL server column type that can accommodate all the values in 'OnModelCreating' using 'HasColumnType', specify precision and scale using 'HasPrecision', or configure a value converter using 'HasConversion'.
2026-05-06 16:21:36 | WRN | No store type was specified for the decimal property 'Wag4D3Hour' on entity type 'HRWage'. This will cause values to be silently truncated if they do not fit in the default precision and scale. Explicitly specify the SQL server column type that can accommodate all the values in 'OnModelCreating' using 'HasColumnType', specify precision and scale using 'HasPrecision', or configure a value converter using 'HasConversion'.
2026-05-06 16:21:36 | WRN | No store type was specified for the decimal property 'Wag5D3Hour' on entity type 'HRWage'. This will cause values to be silently truncated if they do not fit in the default precision and scale. Explicitly specify the SQL server column type that can accommodate all the values in 'OnModelCreating' using 'HasColumnType', specify precision and scale using 'HasPrecision', or configure a value converter using 'HasConversion'.
2026-05-06 16:21:36 | WRN | No store type was specified for the decimal property 'Wag8D3Hour' on entity type 'HRWage'. This will cause values to be silently truncated if they do not fit in the default precision and scale. Explicitly specify the SQL server column type that can accommodate all the values in 'OnModelCreating' using 'HasColumnType', specify precision and scale using 'HasPrecision', or configure a value converter using 'HasConversion'.
2026-05-06 16:21:36 | WRN | No store type was specified for the decimal property 'WagApplyHour' on entity type 'HRWage'. This will cause values to be silently truncated if they do not fit in the default precision and scale. Explicitly specify the SQL server column type that can accommodate all the values in 'OnModelCreating' using 'HasColumnType', specify precision and scale using 'HasPrecision', or configure a value converter using 'HasConversion'.
2026-05-06 16:21:36 | WRN | No store type was specified for the decimal property 'WagIssueHour' on entity type 'HRWage'. This will cause values to be silently truncated if they do not fit in the default precision and scale. Explicitly specify the SQL server column type that can accommodate all the values in 'OnModelCreating' using 'HasColumnType', specify precision and scale using 'HasPrecision', or configure a value converter using 'HasConversion'.
2026-05-06 16:21:36 | WRN | No store type was specified for the decimal property 'WagSubtotal' on entity type 'HRWage'. This will cause values to be silently truncated if they do not fit in the default precision and scale. Explicitly specify the SQL server column type that can accommodate all the values in 'OnModelCreating' using 'HasColumnType', specify precision and scale using 'HasPrecision', or configure a value converter using 'HasConversion'.
2026-05-06 16:21:41 | WRN | The query uses the 'First'/'FirstOrDefault' operator without 'OrderBy' and filter operators. This may lead to unpredictable results.
2026-05-06 16:21:43 | INF | ACTION_TRACE | Acc=admin | Path=/ | IP=::1 | Start=2026-05-06 16:21:35.563 | Elapsed=7505ms | Status=Completed
2026-05-06 16:21:43 | INF | NETWORK_UNSTABLE | Acc=admin | Path=/ | Reason=SlowRequest 7505ms
2026-05-06 16:21:43 | INF | ACTION_TRACE | Acc=admin | Path=/Captcha/Generate | IP=::1 | Start=2026-05-06 16:21:43.324 | Elapsed=41ms | Status=Completed
2026-05-06 16:21:43 | INF | ACTION_TRACE | Acc=admin | Path=/DNTCaptchaImage/Show | IP=::1 | Start=2026-05-06 16:21:43.386 | Elapsed=128ms | Status=Completed
2026-05-06 16:24:23 | WRN | No store type was specified for the decimal property 'OveMoney' on entity type 'HROvertime'. This will cause values to be silently truncated if they do not fit in the default precision and scale. Explicitly specify the SQL server column type that can accommodate all the values in 'OnModelCreating' using 'HasColumnType', specify precision and scale using 'HasPrecision', or configure a value converter using 'HasConversion'.
2026-05-06 16:24:23 | WRN | No store type was specified for the decimal property 'Wag1D1Hour' on entity type 'HRWage'. This will cause values to be silently truncated if they do not fit in the default precision and scale. Explicitly specify the SQL server column type that can accommodate all the values in 'OnModelCreating' using 'HasColumnType', specify precision and scale using 'HasPrecision', or configure a value converter using 'HasConversion'.
2026-05-06 16:24:23 | WRN | No store type was specified for the decimal property 'Wag2D1Hour' on entity type 'HRWage'. This will cause values to be silently truncated if they do not fit in the default precision and scale. Explicitly specify the SQL server column type that can accommodate all the values in 'OnModelCreating' using 'HasColumnType', specify precision and scale using 'HasPrecision', or configure a value converter using 'HasConversion'.
2026-05-06 16:24:23 | WRN | No store type was specified for the decimal property 'Wag4D3Hour' on entity type 'HRWage'. This will cause values to be silently truncated if they do not fit in the default precision and scale. Explicitly specify the SQL server column type that can accommodate all the values in 'OnModelCreating' using 'HasColumnType', specify precision and scale using 'HasPrecision', or configure a value converter using 'HasConversion'.
2026-05-06 16:24:23 | WRN | No store type was specified for the decimal property 'Wag5D3Hour' on entity type 'HRWage'. This will cause values to be silently truncated if they do not fit in the default precision and scale. Explicitly specify the SQL server column type that can accommodate all the values in 'OnModelCreating' using 'HasColumnType', specify precision and scale using 'HasPrecision', or configure a value converter using 'HasConversion'.
2026-05-06 16:24:23 | WRN | No store type was specified for the decimal property 'Wag8D3Hour' on entity type 'HRWage'. This will cause values to be silently truncated if they do not fit in the default precision and scale. Explicitly specify the SQL server column type that can accommodate all the values in 'OnModelCreating' using 'HasColumnType', specify precision and scale using 'HasPrecision', or configure a value converter using 'HasConversion'.
2026-05-06 16:24:23 | WRN | No store type was specified for the decimal property 'WagApplyHour' on entity type 'HRWage'. This will cause values to be silently truncated if they do not fit in the default precision and scale. Explicitly specify the SQL server column type that can accommodate all the values in 'OnModelCreating' using 'HasColumnType', specify precision and scale using 'HasPrecision', or configure a value converter using 'HasConversion'.
2026-05-06 16:24:23 | WRN | No store type was specified for the decimal property 'WagIssueHour' on entity type 'HRWage'. This will cause values to be silently truncated if they do not fit in the default precision and scale. Explicitly specify the SQL server column type that can accommodate all the values in 'OnModelCreating' using 'HasColumnType', specify precision and scale using 'HasPrecision', or configure a value converter using 'HasConversion'.
2026-05-06 16:24:23 | WRN | No store type was specified for the decimal property 'WagSubtotal' on entity type 'HRWage'. This will cause values to be silently truncated if they do not fit in the default precision and scale. Explicitly specify the SQL server column type that can accommodate all the values in 'OnModelCreating' using 'HasColumnType', specify precision and scale using 'HasPrecision', or configure a value converter using 'HasConversion'.
2026-05-06 16:24:28 | WRN | The query uses the 'First'/'FirstOrDefault' operator without 'OrderBy' and filter operators. This may lead to unpredictable results.
2026-05-06 16:24:29 | INF | ACTION_TRACE | Acc=admin | Path=/ | IP=::1 | Start=2026-05-06 16:24:23.004 | Elapsed=6903ms | Status=Completed
2026-05-06 16:24:29 | INF | NETWORK_UNSTABLE | Acc=admin | Path=/ | Reason=SlowRequest 6903ms
2026-05-06 16:24:30 | INF | ACTION_TRACE | Acc=admin | Path=/Captcha/Generate | IP=::1 | Start=2026-05-06 16:24:30.095 | Elapsed=33ms | Status=Completed
2026-05-06 16:24:30 | INF | ACTION_TRACE | Acc=admin | Path=/DNTCaptchaImage/Show | IP=::1 | Start=2026-05-06 16:24:30.151 | Elapsed=109ms | Status=Completed
2026-05-06 16:25:46 | INF | ACTION_TRACE | Acc=admin | Path=/Account/Login | IP=::1 | Start=2026-05-06 16:25:39.686 | Elapsed=7090ms | Status=Completed
2026-05-06 16:25:46 | INF | NETWORK_UNSTABLE | Acc=admin | Path=/Account/Login | Reason=SlowRequest 7090ms
2026-05-06 16:25:47 | INF | ACTION_TRACE | Acc=admin | Path=/Home/Index | IP=::1 | Start=2026-05-06 16:25:46.790 | Elapsed=431ms | Status=Completed
2026-05-06 16:25:53 | INF | ACTION_TRACE | Acc=admin | Path=/Home/GetMenu | IP=::1 | Start=2026-05-06 16:25:53.116 | Elapsed=49ms | Status=Completed
2026-05-06 16:25:55 | INF | CONTROLLER_EXEC | Acc= admin | IP=::1 | Path=SYS201002/SYS201002 | Message=GET /SYS201002/SYS201002
2026-05-06 16:25:56 | INF | ACTION_TRACE | Acc=admin | Path=/SYS201002/SYS201002 | IP=::1 | Start=2026-05-06 16:25:55.878 | Elapsed=128ms | Status=Completed
2026-05-06 16:25:56 | INF | CONTROLLER_EXEC | Acc= admin | IP=::1 | Path=SYS201002/GetAllRoleList | Message=POST /SYS201002/GetAllRoleList
2026-05-06 16:25:56 | INF | ACTION_TRACE | Acc=admin | Path=/SYS201002/GetAllRoleList | IP=::1 | Start=2026-05-06 16:25:56.100 | Elapsed=88ms | Status=Completed
2026-05-06 16:25:58 | INF | CONTROLLER_EXEC | Acc= admin | IP=::1 | Path=SYS201002/GetPeople | Message=POST /SYS201002/GetPeople
2026-05-06 16:25:58 | INF | ACTION_TRACE | Acc=admin | Path=/SYS201002/GetPeople | IP=::1 | Start=2026-05-06 16:25:58.344 | Elapsed=53ms | Status=Completed
2026-05-06 16:26:00 | INF | CONTROLLER_EXEC | Acc= admin | IP=::1 | Path=SYS201002/GetAllRoleList | Message=POST /SYS201002/GetAllRoleList
2026-05-06 16:26:00 | INF | ACTION_TRACE | Acc=admin | Path=/SYS201002/GetAllRoleList | IP=::1 | Start=2026-05-06 16:26:00.209 | Elapsed=3ms | Status=Completed
2026-05-06 16:26:02 | INF | CONTROLLER_EXEC | Acc= admin | IP=::1 | Path=SYS201002/GetPeople | Message=POST /SYS201002/GetPeople
2026-05-06 16:26:02 | INF | ACTION_TRACE | Acc=admin | Path=/SYS201002/GetPeople | IP=::1 | Start=2026-05-06 16:26:02.183 | Elapsed=5ms | Status=Completed
2026-05-06 16:26:05 | ERR | An exception occurred while iterating over the results of a query for context type 'EHRIS.Core.DbContext.ApplicationDbContext'.
System.InvalidOperationException: The required column 'AddStatus' was not present in the results of a 'FromSql' operation.
   at Microsoft.EntityFrameworkCore.Query.Internal.BufferedDataReader.BufferedDataRecord.InitializeFields()
   at Microsoft.EntityFrameworkCore.Query.Internal.BufferedDataReader.BufferedDataRecord.InitializeAsync(DbDataReader reader, IReadOnlyList`1 columns, CancellationToken cancellationToken)
   at Microsoft.EntityFrameworkCore.Query.Internal.BufferedDataReader.InitializeAsync(IReadOnlyList`1 columns, CancellationToken cancellationToken)
   at Microsoft.EntityFrameworkCore.Query.Internal.BufferedDataReader.InitializeAsync(IReadOnlyList`1 columns, CancellationToken cancellationToken)
   at Microsoft.EntityFrameworkCore.Storage.RelationalCommand.ExecuteReaderAsync(RelationalCommandParameterObject parameterObject, CancellationToken cancellationToken)
   at Microsoft.EntityFrameworkCore.Storage.RelationalCommand.ExecuteReaderAsync(RelationalCommandParameterObject parameterObject, CancellationToken cancellationToken)
   at Microsoft.EntityFrameworkCore.Query.Internal.FromSqlQueryingEnumerable`1.AsyncEnumerator.InitializeReaderAsync(AsyncEnumerator enumerator, CancellationToken cancellationToken)
   at Microsoft.EntityFrameworkCore.Storage.ExecutionStrategy.<>c__DisplayClass30_0`2.<<ExecuteAsync>b__0>d.MoveNext()
--- End of stack trace from previous location ---
   at Microsoft.EntityFrameworkCore.Storage.ExecutionStrategy.ExecuteImplementationAsync[TState,TResult](Func`4 operation, Func`4 verifySucceeded, TState state, CancellationToken cancellationToken)
   at Microsoft.EntityFrameworkCore.Storage.ExecutionStrategy.ExecuteImplementationAsync[TState,TResult](Func`4 operation, Func`4 verifySucceeded, TState state, CancellationToken cancellationToken)
   at Microsoft.EntityFrameworkCore.Storage.ExecutionStrategy.ExecuteAsync[TState,TResult](TState state, Func`4 operation, Func`4 verifySucceeded, CancellationToken cancellationToken)
   at Microsoft.EntityFrameworkCore.Query.Internal.FromSqlQueryingEnumerable`1.AsyncEnumerator.MoveNextAsync()
2026-05-06 16:30:23 | WRN | No store type was specified for the decimal property 'OveMoney' on entity type 'HROvertime'. This will cause values to be silently truncated if they do not fit in the default precision and scale. Explicitly specify the SQL server column type that can accommodate all the values in 'OnModelCreating' using 'HasColumnType', specify precision and scale using 'HasPrecision', or configure a value converter using 'HasConversion'.
2026-05-06 16:30:23 | WRN | No store type was specified for the decimal property 'Wag1D1Hour' on entity type 'HRWage'. This will cause values to be silently truncated if they do not fit in the default precision and scale. Explicitly specify the SQL server column type that can accommodate all the values in 'OnModelCreating' using 'HasColumnType', specify precision and scale using 'HasPrecision', or configure a value converter using 'HasConversion'.
2026-05-06 16:30:23 | WRN | No store type was specified for the decimal property 'Wag2D1Hour' on entity type 'HRWage'. This will cause values to be silently truncated if they do not fit in the default precision and scale. Explicitly specify the SQL server column type that can accommodate all the values in 'OnModelCreating' using 'HasColumnType', specify precision and scale using 'HasPrecision', or configure a value converter using 'HasConversion'.
2026-05-06 16:30:23 | WRN | No store type was specified for the decimal property 'Wag4D3Hour' on entity type 'HRWage'. This will cause values to be silently truncated if they do not fit in the default precision and scale. Explicitly specify the SQL server column type that can accommodate all the values in 'OnModelCreating' using 'HasColumnType', specify precision and scale using 'HasPrecision', or configure a value converter using 'HasConversion'.
2026-05-06 16:30:23 | WRN | No store type was specified for the decimal property 'Wag5D3Hour' on entity type 'HRWage'. This will cause values to be silently truncated if they do not fit in the default precision and scale. Explicitly specify the SQL server column type that can accommodate all the values in 'OnModelCreating' using 'HasColumnType', specify precision and scale using 'HasPrecision', or configure a value converter using 'HasConversion'.
2026-05-06 16:30:23 | WRN | No store type was specified for the decimal property 'Wag8D3Hour' on entity type 'HRWage'. This will cause values to be silently truncated if they do not fit in the default precision and scale. Explicitly specify the SQL server column type that can accommodate all the values in 'OnModelCreating' using 'HasColumnType', specify precision and scale using 'HasPrecision', or configure a value converter using 'HasConversion'.
2026-05-06 16:30:23 | WRN | No store type was specified for the decimal property 'WagApplyHour' on entity type 'HRWage'. This will cause values to be silently truncated if they do not fit in the default precision and scale. Explicitly specify the SQL server column type that can accommodate all the values in 'OnModelCreating' using 'HasColumnType', specify precision and scale using 'HasPrecision', or configure a value converter using 'HasConversion'.
2026-05-06 16:30:23 | WRN | No store type was specified for the decimal property 'WagIssueHour' on entity type 'HRWage'. This will cause values to be silently truncated if they do not fit in the default precision and scale. Explicitly specify the SQL server column type that can accommodate all the values in 'OnModelCreating' using 'HasColumnType', specify precision and scale using 'HasPrecision', or configure a value converter using 'HasConversion'.
2026-05-06 16:30:23 | WRN | No store type was specified for the decimal property 'WagSubtotal' on entity type 'HRWage'. This will cause values to be silently truncated if they do not fit in the default precision and scale. Explicitly specify the SQL server column type that can accommodate all the values in 'OnModelCreating' using 'HasColumnType', specify precision and scale using 'HasPrecision', or configure a value converter using 'HasConversion'.
2026-05-06 16:30:28 | WRN | The query uses the 'First'/'FirstOrDefault' operator without 'OrderBy' and filter operators. This may lead to unpredictable results.
2026-05-06 16:30:29 | INF | ACTION_TRACE | Acc=admin | Path=/ | IP=::1 | Start=2026-05-06 16:30:22.305 | Elapsed=6884ms | Status=Completed
2026-05-06 16:30:29 | INF | NETWORK_UNSTABLE | Acc=admin | Path=/ | Reason=SlowRequest 6884ms
2026-05-06 16:30:29 | INF | ACTION_TRACE | Acc=admin | Path=/Captcha/Generate | IP=::1 | Start=2026-05-06 16:30:29.393 | Elapsed=73ms | Status=Completed
2026-05-06 16:30:29 | INF | ACTION_TRACE | Acc=admin | Path=/DNTCaptchaImage/Show | IP=::1 | Start=2026-05-06 16:30:29.478 | Elapsed=127ms | Status=Completed
2026-05-06 16:31:13 | INF | ACTION_TRACE | Acc=admin | Path=/Account/Login | IP=::1 | Start=2026-05-06 16:31:04.984 | Elapsed=8685ms | Status=Completed
2026-05-06 16:31:13 | INF | NETWORK_UNSTABLE | Acc=admin | Path=/Account/Login | Reason=SlowRequest 8685ms
2026-05-06 16:31:13 | INF | ACTION_TRACE | Acc=admin | Path=/Home/Index | IP=::1 | Start=2026-05-06 16:31:13.683 | Elapsed=225ms | Status=Completed
2026-05-06 16:31:21 | INF | ACTION_TRACE | Acc=admin | Path=/Home/GetMenu | IP=::1 | Start=2026-05-06 16:31:21.637 | Elapsed=15ms | Status=Completed
2026-05-06 16:31:24 | INF | CONTROLLER_EXEC | Acc= admin | IP=::1 | Path=SYS201002/SYS201002 | Message=GET /SYS201002/SYS201002
2026-05-06 16:31:24 | INF | ACTION_TRACE | Acc=admin | Path=/SYS201002/SYS201002 | IP=::1 | Start=2026-05-06 16:31:24.356 | Elapsed=84ms | Status=Completed
2026-05-06 16:31:24 | INF | CONTROLLER_EXEC | Acc= admin | IP=::1 | Path=SYS201002/GetAllRoleList | Message=POST /SYS201002/GetAllRoleList
2026-05-06 16:31:24 | INF | ACTION_TRACE | Acc=admin | Path=/SYS201002/GetAllRoleList | IP=::1 | Start=2026-05-06 16:31:24.498 | Elapsed=74ms | Status=Completed
2026-05-06 16:31:28 | INF | CONTROLLER_EXEC | Acc= admin | IP=::1 | Path=SYS201002/GetAllRoleList | Message=POST /SYS201002/GetAllRoleList
2026-05-06 16:31:28 | INF | ACTION_TRACE | Acc=admin | Path=/SYS201002/GetAllRoleList | IP=::1 | Start=2026-05-06 16:31:28.178 | Elapsed=5ms | Status=Completed
2026-05-06 16:31:28 | INF | CONTROLLER_EXEC | Acc= admin | IP=::1 | Path=SYS201002/GetPeople | Message=POST /SYS201002/GetPeople
2026-05-06 16:31:28 | INF | ACTION_TRACE | Acc=admin | Path=/SYS201002/GetPeople | IP=::1 | Start=2026-05-06 16:31:28.937 | Elapsed=49ms | Status=Completed
2026-05-06 16:31:31 | ERR | An exception occurred while iterating over the results of a query for context type 'EHRIS.Core.DbContext.ApplicationDbContext'.
System.InvalidCastException: Unable to cast object of type 'System.Int32' to type 'System.Boolean'.
   at Microsoft.Data.SqlClient.SqlBuffer.get_Boolean()
   at Microsoft.Data.SqlClient.SqlDataReader.GetBoolean(Int32 i)
   at Microsoft.EntityFrameworkCore.Query.Internal.BufferedDataReader.BufferedDataRecord.ReadBool(DbDataReader reader, Int32 ordinal, ReaderColumn column)
   at Microsoft.EntityFrameworkCore.Query.Internal.BufferedDataReader.BufferedDataRecord.ReadRow()
   at Microsoft.EntityFrameworkCore.Query.Internal.BufferedDataReader.BufferedDataRecord.InitializeAsync(DbDataReader reader, IReadOnlyList`1 columns, CancellationToken cancellationToken)
   at Microsoft.EntityFrameworkCore.Query.Internal.BufferedDataReader.InitializeAsync(IReadOnlyList`1 columns, CancellationToken cancellationToken)
   at Microsoft.EntityFrameworkCore.Query.Internal.BufferedDataReader.InitializeAsync(IReadOnlyList`1 columns, CancellationToken cancellationToken)
   at Microsoft.EntityFrameworkCore.Storage.RelationalCommand.ExecuteReaderAsync(RelationalCommandParameterObject parameterObject, CancellationToken cancellationToken)
   at Microsoft.EntityFrameworkCore.Storage.RelationalCommand.ExecuteReaderAsync(RelationalCommandParameterObject parameterObject, CancellationToken cancellationToken)
   at Microsoft.EntityFrameworkCore.Query.Internal.FromSqlQueryingEnumerable`1.AsyncEnumerator.InitializeReaderAsync(AsyncEnumerator enumerator, CancellationToken cancellationToken)
   at Microsoft.EntityFrameworkCore.Storage.ExecutionStrategy.<>c__DisplayClass30_0`2.<<ExecuteAsync>b__0>d.MoveNext()
--- End of stack trace from previous location ---
   at Microsoft.EntityFrameworkCore.Storage.ExecutionStrategy.ExecuteImplementationAsync[TState,TResult](Func`4 operation, Func`4 verifySucceeded, TState state, CancellationToken cancellationToken)
   at Microsoft.EntityFrameworkCore.Storage.ExecutionStrategy.ExecuteImplementationAsync[TState,TResult](Func`4 operation, Func`4 verifySucceeded, TState state, CancellationToken cancellationToken)
   at Microsoft.EntityFrameworkCore.Storage.ExecutionStrategy.ExecuteAsync[TState,TResult](TState state, Func`4 operation, Func`4 verifySucceeded, CancellationToken cancellationToken)
   at Microsoft.EntityFrameworkCore.Query.Internal.FromSqlQueryingEnumerable`1.AsyncEnumerator.MoveNextAsync()
2026-05-06 16:33:47 | WRN | No store type was specified for the decimal property 'OveMoney' on entity type 'HROvertime'. This will cause values to be silently truncated if they do not fit in the default precision and scale. Explicitly specify the SQL server column type that can accommodate all the values in 'OnModelCreating' using 'HasColumnType', specify precision and scale using 'HasPrecision', or configure a value converter using 'HasConversion'.
2026-05-06 16:33:47 | WRN | No store type was specified for the decimal property 'Wag1D1Hour' on entity type 'HRWage'. This will cause values to be silently truncated if they do not fit in the default precision and scale. Explicitly specify the SQL server column type that can accommodate all the values in 'OnModelCreating' using 'HasColumnType', specify precision and scale using 'HasPrecision', or configure a value converter using 'HasConversion'.
2026-05-06 16:33:47 | WRN | No store type was specified for the decimal property 'Wag2D1Hour' on entity type 'HRWage'. This will cause values to be silently truncated if they do not fit in the default precision and scale. Explicitly specify the SQL server column type that can accommodate all the values in 'OnModelCreating' using 'HasColumnType', specify precision and scale using 'HasPrecision', or configure a value converter using 'HasConversion'.
2026-05-06 16:33:47 | WRN | No store type was specified for the decimal property 'Wag4D3Hour' on entity type 'HRWage'. This will cause values to be silently truncated if they do not fit in the default precision and scale. Explicitly specify the SQL server column type that can accommodate all the values in 'OnModelCreating' using 'HasColumnType', specify precision and scale using 'HasPrecision', or configure a value converter using 'HasConversion'.
2026-05-06 16:33:47 | WRN | No store type was specified for the decimal property 'Wag5D3Hour' on entity type 'HRWage'. This will cause values to be silently truncated if they do not fit in the default precision and scale. Explicitly specify the SQL server column type that can accommodate all the values in 'OnModelCreating' using 'HasColumnType', specify precision and scale using 'HasPrecision', or configure a value converter using 'HasConversion'.
2026-05-06 16:33:47 | WRN | No store type was specified for the decimal property 'Wag8D3Hour' on entity type 'HRWage'. This will cause values to be silently truncated if they do not fit in the default precision and scale. Explicitly specify the SQL server column type that can accommodate all the values in 'OnModelCreating' using 'HasColumnType', specify precision and scale using 'HasPrecision', or configure a value converter using 'HasConversion'.
2026-05-06 16:33:47 | WRN | No store type was specified for the decimal property 'WagApplyHour' on entity type 'HRWage'. This will cause values to be silently truncated if they do not fit in the default precision and scale. Explicitly specify the SQL server column type that can accommodate all the values in 'OnModelCreating' using 'HasColumnType', specify precision and scale using 'HasPrecision', or configure a value converter using 'HasConversion'.
2026-05-06 16:33:47 | WRN | No store type was specified for the decimal property 'WagIssueHour' on entity type 'HRWage'. This will cause values to be silently truncated if they do not fit in the default precision and scale. Explicitly specify the SQL server column type that can accommodate all the values in 'OnModelCreating' using 'HasColumnType', specify precision and scale using 'HasPrecision', or configure a value converter using 'HasConversion'.
2026-05-06 16:33:47 | WRN | No store type was specified for the decimal property 'WagSubtotal' on entity type 'HRWage'. This will cause values to be silently truncated if they do not fit in the default precision and scale. Explicitly specify the SQL server column type that can accommodate all the values in 'OnModelCreating' using 'HasColumnType', specify precision and scale using 'HasPrecision', or configure a value converter using 'HasConversion'.
2026-05-06 16:33:52 | WRN | The query uses the 'First'/'FirstOrDefault' operator without 'OrderBy' and filter operators. This may lead to unpredictable results.
2026-05-06 16:33:53 | INF | ACTION_TRACE | Acc=admin | Path=/ | IP=::1 | Start=2026-05-06 16:33:46.832 | Elapsed=6926ms | Status=Completed
2026-05-06 16:33:53 | INF | NETWORK_UNSTABLE | Acc=admin | Path=/ | Reason=SlowRequest 6926ms
2026-05-06 16:33:54 | INF | ACTION_TRACE | Acc=admin | Path=/Captcha/Generate | IP=::1 | Start=2026-05-06 16:33:53.957 | Elapsed=44ms | Status=Completed
2026-05-06 16:33:54 | INF | ACTION_TRACE | Acc=admin | Path=/DNTCaptchaImage/Show | IP=::1 | Start=2026-05-06 16:33:54.027 | Elapsed=119ms | Status=Completed
2026-05-06 16:34:10 | INF | ACTION_TRACE | Acc=admin | Path=/Account/Login | IP=::1 | Start=2026-05-06 16:34:02.961 | Elapsed=7226ms | Status=Completed
2026-05-06 16:34:10 | INF | NETWORK_UNSTABLE | Acc=admin | Path=/Account/Login | Reason=SlowRequest 7226ms
2026-05-06 16:34:10 | INF | ACTION_TRACE | Acc=admin | Path=/Home/Index | IP=::1 | Start=2026-05-06 16:34:10.200 | Elapsed=224ms | Status=Completed
2026-05-06 16:34:26 | INF | ACTION_TRACE | Acc=admin | Path=/Home/GetMenu | IP=::1 | Start=2026-05-06 16:34:26.488 | Elapsed=15ms | Status=Completed
2026-05-06 16:34:28 | INF | CONTROLLER_EXEC | Acc= admin | IP=::1 | Path=SYS201002/SYS201002 | Message=GET /SYS201002/SYS201002
2026-05-06 16:34:28 | INF | ACTION_TRACE | Acc=admin | Path=/SYS201002/SYS201002 | IP=::1 | Start=2026-05-06 16:34:28.610 | Elapsed=80ms | Status=Completed
2026-05-06 16:34:28 | INF | CONTROLLER_EXEC | Acc= admin | IP=::1 | Path=SYS201002/GetAllRoleList | Message=POST /SYS201002/GetAllRoleList
2026-05-06 16:34:28 | INF | ACTION_TRACE | Acc=admin | Path=/SYS201002/GetAllRoleList | IP=::1 | Start=2026-05-06 16:34:28.735 | Elapsed=66ms | Status=Completed
2026-05-06 16:34:33 | INF | CONTROLLER_EXEC | Acc= admin | IP=::1 | Path=SYS201002/GetPeople | Message=POST /SYS201002/GetPeople
2026-05-06 16:34:33 | INF | ACTION_TRACE | Acc=admin | Path=/SYS201002/GetPeople | IP=::1 | Start=2026-05-06 16:34:33.858 | Elapsed=53ms | Status=Completed
2026-05-06 16:34:36 | INF | CONTROLLER_EXEC | Acc= admin | IP=::1 | Path=SYS201002/GetPeople | Message=POST /SYS201002/GetPeople
2026-05-06 16:34:36 | INF | ACTION_TRACE | Acc=admin | Path=/SYS201002/GetPeople | IP=::1 | Start=2026-05-06 16:34:36.668 | Elapsed=4ms | Status=Completed
2026-05-06 16:34:39 | INF | CONTROLLER_EXEC | Acc= admin | IP=::1 | Path=SYS201002/GetPermission | Message=POST /SYS201002/GetPermission
2026-05-06 16:34:39 | INF | ACTION_TRACE | Acc=admin | Path=/SYS201002/GetPermission | IP=::1 | Start=2026-05-06 16:34:39.321 | Elapsed=57ms | Status=Completed
2026-05-06 16:34:45 | INF | CONTROLLER_EXEC | Acc= admin | IP=::1 | Path=SYS201002/UpdatePermission | Message=POST /SYS201002/UpdatePermission
2026-05-06 16:34:45 | INF | ACTION_TRACE | Acc=admin | Path=/SYS201002/UpdatePermission | IP=::1 | Start=2026-05-06 16:34:45.582 | Elapsed=417ms | Status=Completed
2026-05-06 16:34:47 | INF | CONTROLLER_EXEC | Acc= admin | IP=::1 | Path=SYS201002/SYS201002 | Message=GET /SYS201002/SYS201002
2026-05-06 16:34:47 | INF | ACTION_TRACE | Acc=admin | Path=/SYS201002/SYS201002 | IP=::1 | Start=2026-05-06 16:34:47.532 | Elapsed=3ms | Status=Completed
2026-05-06 16:34:47 | INF | CONTROLLER_EXEC | Acc= admin | IP=::1 | Path=SYS201002/GetAllRoleList | Message=POST /SYS201002/GetAllRoleList
2026-05-06 16:34:47 | INF | ACTION_TRACE | Acc=admin | Path=/SYS201002/GetAllRoleList | IP=::1 | Start=2026-05-06 16:34:47.553 | Elapsed=3ms | Status=Completed
2026-05-06 16:34:49 | INF | CONTROLLER_EXEC | Acc= admin | IP=::1 | Path=SYS201002/GetPermission | Message=POST /SYS201002/GetPermission
2026-05-06 16:34:49 | INF | ACTION_TRACE | Acc=admin | Path=/SYS201002/GetPermission | IP=::1 | Start=2026-05-06 16:34:49.624 | Elapsed=5ms | Status=Completed
2026-05-06 16:34:57 | INF | CONTROLLER_EXEC | Acc= admin | IP=::1 | Path=SYS201002/UpdatePermission | Message=POST /SYS201002/UpdatePermission
2026-05-06 16:34:57 | INF | ACTION_TRACE | Acc=admin | Path=/SYS201002/UpdatePermission | IP=::1 | Start=2026-05-06 16:34:56.952 | Elapsed=52ms | Status=Completed
2026-05-06 16:34:58 | INF | CONTROLLER_EXEC | Acc= admin | IP=::1 | Path=SYS201002/SYS201002 | Message=GET /SYS201002/SYS201002
2026-05-06 16:34:58 | INF | ACTION_TRACE | Acc=admin | Path=/SYS201002/SYS201002 | IP=::1 | Start=2026-05-06 16:34:58.129 | Elapsed=6ms | Status=Completed
2026-05-06 16:34:58 | INF | CONTROLLER_EXEC | Acc= admin | IP=::1 | Path=SYS201002/GetAllRoleList | Message=POST /SYS201002/GetAllRoleList
2026-05-06 16:34:58 | INF | ACTION_TRACE | Acc=admin | Path=/SYS201002/GetAllRoleList | IP=::1 | Start=2026-05-06 16:34:58.156 | Elapsed=2ms | Status=Completed
2026-05-06 16:34:59 | INF | ACTION_TRACE | Acc=admin | Path=/.well-known/appspecific/com.chrome.devtools.json | IP=::1 | Start=2026-05-06 16:34:59.230 | Elapsed=0ms | Status=Completed
2026-05-06 16:34:59 | INF | ACTION_TRACE | Acc=admin | Path=/lib/html-to-image/html-to-image.js.map | IP=::1 | Start=2026-05-06 16:34:59.292 | Elapsed=0ms | Status=Completed
2026-05-06 16:34:59 | INF | ACTION_TRACE | Acc=admin | Path=/sm/6cf3a2be173716d0e4726c68ef6634f00cefa4e7428560c2debae6f24389d3c1.map | IP=::1 | Start=2026-05-06 16:34:59.325 | Elapsed=0ms | Status=Completed
2026-05-06 16:35:05 | INF | CONTROLLER_EXEC | Acc= admin | IP=::1 | Path=SYS201002/GetPermission | Message=POST /SYS201002/GetPermission
2026-05-06 16:35:05 | INF | ACTION_TRACE | Acc=admin | Path=/SYS201002/GetPermission | IP=::1 | Start=2026-05-06 16:35:05.140 | Elapsed=55ms | Status=Completed
2026-05-06 16:35:10 | INF | CONTROLLER_EXEC | Acc= admin | IP=::1 | Path=SYS201002/GetRoleByNo | Message=GET /SYS201002/GetRoleByNo
2026-05-06 16:35:10 | INF | ACTION_TRACE | Acc=admin | Path=/SYS201002/GetRoleByNo | IP=::1 | Start=2026-05-06 16:35:10.440 | Elapsed=24ms | Status=Completed
2026-05-06 16:35:14 | INF | CONTROLLER_EXEC | Acc= admin | IP=::1 | Path=SYS201001/SYS201001 | Message=GET /SYS201001/SYS201001
2026-05-06 16:35:14 | INF | ACTION_TRACE | Acc=admin | Path=/SYS201001/SYS201001 | IP=::1 | Start=2026-05-06 16:35:14.565 | Elapsed=175ms | Status=Completed
2026-05-06 16:35:14 | INF | CONTROLLER_EXEC | Acc= admin | IP=::1 | Path=SYS201001/GetAllAdmins | Message=POST /SYS201001/GetAllAdmins
2026-05-06 16:35:14 | INF | ACTION_TRACE | Acc=admin | Path=/SYS201001/GetAllAdmins | IP=::1 | Start=2026-05-06 16:35:14.796 | Elapsed=61ms | Status=Completed
2026-05-06 16:35:14 | INF | CONTROLLER_EXEC | Acc= admin | IP=::1 | Path=SYS201001/GetAllAdmins | Message=POST /SYS201001/GetAllAdmins
2026-05-06 16:35:14 | INF | ACTION_TRACE | Acc=admin | Path=/SYS201001/GetAllAdmins | IP=::1 | Start=2026-05-06 16:35:14.878 | Elapsed=7ms | Status=Completed
2026-05-06 16:35:17 | WRN | The query uses the 'First'/'FirstOrDefault' operator without 'OrderBy' and filter operators. This may lead to unpredictable results.
2026-05-06 16:35:17 | WRN | The query uses the 'First'/'FirstOrDefault' operator without 'OrderBy' and filter operators. This may lead to unpredictable results.
2026-05-06 16:35:17 | INF | CONTROLLER_EXEC | Acc= admin | IP=::1 | Path=SYS201001/GetAdminDetails | Message=GET /SYS201001/GetAdminDetails
2026-05-06 16:35:17 | INF | ACTION_TRACE | Acc=admin | Path=/SYS201001/GetAdminDetails | IP=::1 | Start=2026-05-06 16:35:17.837 | Elapsed=74ms | Status=Completed
2026-05-06 16:35:17 | INF | CONTROLLER_EXEC | Acc= admin | IP=::1 | Path=SYS201001/GetAllRoles | Message=GET /SYS201001/GetAllRoles
2026-05-06 16:35:18 | INF | ACTION_TRACE | Acc=admin | Path=/SYS201001/GetAllRoles | IP=::1 | Start=2026-05-06 16:35:17.919 | Elapsed=91ms | Status=Completed
2026-05-06 16:35:18 | INF | CONTROLLER_EXEC | Acc= admin | IP=::1 | Path=SYS201001/GetAllPersonnelTypes | Message=GET /SYS201001/GetAllPersonnelTypes
2026-05-06 16:35:18 | INF | ACTION_TRACE | Acc=admin | Path=/SYS201001/GetAllPersonnelTypes | IP=::1 | Start=2026-05-06 16:35:17.919 | Elapsed=95ms | Status=Completed
2026-05-06 16:35:22 | INF | CONTROLLER_EXEC | Acc= admin | IP=::1 | Path=SYS201001/GetAllAdmins | Message=POST /SYS201001/GetAllAdmins
2026-05-06 16:35:22 | INF | ACTION_TRACE | Acc=admin | Path=/SYS201001/GetAllAdmins | IP=::1 | Start=2026-05-06 16:35:17.936 | Elapsed=4616ms | Status=Completed
2026-05-06 16:35:22 | INF | NETWORK_UNSTABLE | Acc=admin | Path=/SYS201001/GetAllAdmins | Reason=SlowRequest 4616ms
2026-05-06 16:35:30 | INF | CONTROLLER_EXEC | Acc= admin | IP=::1 | Path=SYS201001/GetAdminDetails | Message=GET /SYS201001/GetAdminDetails
2026-05-06 16:35:30 | INF | ACTION_TRACE | Acc=admin | Path=/SYS201001/GetAdminDetails | IP=::1 | Start=2026-05-06 16:35:30.371 | Elapsed=9ms | Status=Completed
2026-05-06 16:35:30 | INF | CONTROLLER_EXEC | Acc= admin | IP=::1 | Path=SYS201001/GetAllPersonnelTypes | Message=GET /SYS201001/GetAllPersonnelTypes
2026-05-06 16:35:30 | INF | CONTROLLER_EXEC | Acc= admin | IP=::1 | Path=SYS201001/GetAllRoles | Message=GET /SYS201001/GetAllRoles
2026-05-06 16:35:30 | INF | ACTION_TRACE | Acc=admin | Path=/SYS201001/GetAllRoles | IP=::1 | Start=2026-05-06 16:35:30.390 | Elapsed=2ms | Status=Completed
2026-05-06 16:35:30 | INF | ACTION_TRACE | Acc=admin | Path=/SYS201001/GetAllPersonnelTypes | IP=::1 | Start=2026-05-06 16:35:30.390 | Elapsed=2ms | Status=Completed
2026-05-06 16:35:30 | INF | CONTROLLER_EXEC | Acc= admin | IP=::1 | Path=SYS201001/GetAllAdmins | Message=POST /SYS201001/GetAllAdmins
2026-05-06 16:35:30 | INF | ACTION_TRACE | Acc=admin | Path=/SYS201001/GetAllAdmins | IP=::1 | Start=2026-05-06 16:35:30.397 | Elapsed=4ms | Status=Completed
2026-05-06 16:35:35 | INF | CONTROLLER_EXEC | Acc= admin | IP=::1 | Path=SYS201002/SYS201002 | Message=GET /SYS201002/SYS201002
2026-05-06 16:35:35 | INF | ACTION_TRACE | Acc=admin | Path=/SYS201002/SYS201002 | IP=::1 | Start=2026-05-06 16:35:35.144 | Elapsed=3ms | Status=Completed
2026-05-06 16:35:35 | INF | CONTROLLER_EXEC | Acc= admin | IP=::1 | Path=SYS201002/GetAllRoleList | Message=POST /SYS201002/GetAllRoleList
2026-05-06 16:35:35 | INF | ACTION_TRACE | Acc=admin | Path=/SYS201002/GetAllRoleList | IP=::1 | Start=2026-05-06 16:35:35.164 | Elapsed=2ms | Status=Completed
2026-05-06 16:35:38 | INF | CONTROLLER_EXEC | Acc= admin | IP=::1 | Path=SYS201002/GetRoleByNo | Message=GET /SYS201002/GetRoleByNo
2026-05-06 16:35:38 | INF | ACTION_TRACE | Acc=admin | Path=/SYS201002/GetRoleByNo | IP=::1 | Start=2026-05-06 16:35:38.031 | Elapsed=4ms | Status=Completed
2026-05-06 16:35:40 | INF | CONTROLLER_EXEC | Acc= admin | IP=::1 | Path=SYS201002/UpdateRole | Message=POST /SYS201002/UpdateRole
2026-05-06 16:35:40 | INF | ACTION_TRACE | Acc=admin | Path=/SYS201002/UpdateRole | IP=::1 | Start=2026-05-06 16:35:40.743 | Elapsed=77ms | Status=Completed
2026-05-06 16:35:41 | INF | CONTROLLER_EXEC | Acc= admin | IP=::1 | Path=SYS201002/SYS201002 | Message=GET /SYS201002/SYS201002
2026-05-06 16:35:41 | INF | ACTION_TRACE | Acc=admin | Path=/SYS201002/SYS201002 | IP=::1 | Start=2026-05-06 16:35:41.683 | Elapsed=3ms | Status=Completed
2026-05-06 16:35:41 | INF | CONTROLLER_EXEC | Acc= admin | IP=::1 | Path=SYS201002/GetAllRoleList | Message=POST /SYS201002/GetAllRoleList
2026-05-06 16:35:41 | INF | ACTION_TRACE | Acc=admin | Path=/SYS201002/GetAllRoleList | IP=::1 | Start=2026-05-06 16:35:41.706 | Elapsed=2ms | Status=Completed
2026-05-06 16:35:43 | INF | CONTROLLER_EXEC | Acc= admin | IP=::1 | Path=SYS201002/GetRoleByNo | Message=GET /SYS201002/GetRoleByNo
2026-05-06 16:35:43 | INF | ACTION_TRACE | Acc=admin | Path=/SYS201002/GetRoleByNo | IP=::1 | Start=2026-05-06 16:35:43.181 | Elapsed=2ms | Status=Completed
2026-05-06 16:35:45 | INF | CONTROLLER_EXEC | Acc= admin | IP=::1 | Path=SYS201002/UpdateRole | Message=POST /SYS201002/UpdateRole
2026-05-06 16:35:45 | INF | ACTION_TRACE | Acc=admin | Path=/SYS201002/UpdateRole | IP=::1 | Start=2026-05-06 16:35:45.287 | Elapsed=16ms | Status=Completed
2026-05-06 16:35:46 | INF | CONTROLLER_EXEC | Acc= admin | IP=::1 | Path=SYS201002/SYS201002 | Message=GET /SYS201002/SYS201002
2026-05-06 16:35:46 | INF | ACTION_TRACE | Acc=admin | Path=/SYS201002/SYS201002 | IP=::1 | Start=2026-05-06 16:35:46.118 | Elapsed=2ms | Status=Completed
2026-05-06 16:35:46 | INF | CONTROLLER_EXEC | Acc= admin | IP=::1 | Path=SYS201002/GetAllRoleList | Message=POST /SYS201002/GetAllRoleList
2026-05-06 16:35:46 | INF | ACTION_TRACE | Acc=admin | Path=/SYS201002/GetAllRoleList | IP=::1 | Start=2026-05-06 16:35:46.135 | Elapsed=2ms | Status=Completed
2026-05-06 16:35:48 | INF | CONTROLLER_EXEC | Acc= admin | IP=::1 | Path=SYS201002/GetPermission | Message=POST /SYS201002/GetPermission
2026-05-06 16:35:48 | INF | ACTION_TRACE | Acc=admin | Path=/SYS201002/GetPermission | IP=::1 | Start=2026-05-06 16:35:48.208 | Elapsed=4ms | Status=Completed
2026-05-06 16:36:05 | INF | CONTROLLER_EXEC | Acc= admin | IP=::1 | Path=SYS201002/UpdatePermission | Message=POST /SYS201002/UpdatePermission
2026-05-06 16:36:05 | INF | ACTION_TRACE | Acc=admin | Path=/SYS201002/UpdatePermission | IP=::1 | Start=2026-05-06 16:36:04.748 | Elapsed=450ms | Status=Completed
2026-05-06 16:36:06 | INF | CONTROLLER_EXEC | Acc= admin | IP=::1 | Path=SYS201002/SYS201002 | Message=GET /SYS201002/SYS201002
2026-05-06 16:36:06 | INF | ACTION_TRACE | Acc=admin | Path=/SYS201002/SYS201002 | IP=::1 | Start=2026-05-06 16:36:06.930 | Elapsed=2ms | Status=Completed
2026-05-06 16:36:06 | INF | CONTROLLER_EXEC | Acc= admin | IP=::1 | Path=SYS201002/GetAllRoleList | Message=POST /SYS201002/GetAllRoleList
2026-05-06 16:36:06 | INF | ACTION_TRACE | Acc=admin | Path=/SYS201002/GetAllRoleList | IP=::1 | Start=2026-05-06 16:36:06.954 | Elapsed=3ms | Status=Completed
2026-05-06 16:36:08 | INF | CONTROLLER_EXEC | Acc= admin | IP=::1 | Path=SYS201002/GetPermission | Message=POST /SYS201002/GetPermission
2026-05-06 16:36:08 | INF | ACTION_TRACE | Acc=admin | Path=/SYS201002/GetPermission | IP=::1 | Start=2026-05-06 16:36:08.343 | Elapsed=48ms | Status=Completed
2026-05-06 16:36:09 | INF | ACTION_TRACE | Acc=admin | Path=/Home/Index | IP=::1 | Start=2026-05-06 16:36:09.959 | Elapsed=17ms | Status=Completed
2026-05-06 16:36:11 | INF | ACTION_TRACE | Acc=admin | Path=/Home/GetMenu | IP=::1 | Start=2026-05-06 16:36:11.083 | Elapsed=44ms | Status=Completed
2026-05-06 16:36:12 | INF | CONTROLLER_EXEC | Acc= admin | IP=::1 | Path=SYS201002/SYS201002 | Message=GET /SYS201002/SYS201002
2026-05-06 16:36:12 | INF | ACTION_TRACE | Acc=admin | Path=/SYS201002/SYS201002 | IP=::1 | Start=2026-05-06 16:36:12.706 | Elapsed=3ms | Status=Completed
2026-05-06 16:36:12 | INF | CONTROLLER_EXEC | Acc= admin | IP=::1 | Path=SYS201002/GetAllRoleList | Message=POST /SYS201002/GetAllRoleList
2026-05-06 16:36:12 | INF | ACTION_TRACE | Acc=admin | Path=/SYS201002/GetAllRoleList | IP=::1 | Start=2026-05-06 16:36:12.748 | Elapsed=2ms | Status=Completed
2026-05-06 16:36:14 | INF | CONTROLLER_EXEC | Acc= admin | IP=::1 | Path=SYS201002/GetPermission | Message=POST /SYS201002/GetPermission
2026-05-06 16:36:14 | INF | ACTION_TRACE | Acc=admin | Path=/SYS201002/GetPermission | IP=::1 | Start=2026-05-06 16:36:14.686 | Elapsed=49ms | Status=Completed
2026-05-06 16:37:59 | INF | CONTROLLER_EXEC | Acc= admin | IP=::1 | Path=SYS201002/UpdatePermission | Message=POST /SYS201002/UpdatePermission
2026-05-06 16:37:59 | INF | ACTION_TRACE | Acc=admin | Path=/SYS201002/UpdatePermission | IP=::1 | Start=2026-05-06 16:37:59.712 | Elapsed=56ms | Status=Completed
2026-05-06 16:38:00 | INF | CONTROLLER_EXEC | Acc= admin | IP=::1 | Path=SYS201002/SYS201002 | Message=GET /SYS201002/SYS201002
2026-05-06 16:38:00 | INF | ACTION_TRACE | Acc=admin | Path=/SYS201002/SYS201002 | IP=::1 | Start=2026-05-06 16:38:00.698 | Elapsed=3ms | Status=Completed
2026-05-06 16:38:00 | INF | CONTROLLER_EXEC | Acc= admin | IP=::1 | Path=SYS201002/GetAllRoleList | Message=POST /SYS201002/GetAllRoleList
2026-05-06 16:38:00 | INF | ACTION_TRACE | Acc=admin | Path=/SYS201002/GetAllRoleList | IP=::1 | Start=2026-05-06 16:38:00.719 | Elapsed=2ms | Status=Completed
2026-05-06 16:38:04 | INF | CONTROLLER_EXEC | Acc= admin | IP=::1 | Path=SYS201002/GetPermission | Message=POST /SYS201002/GetPermission
2026-05-06 16:38:04 | INF | ACTION_TRACE | Acc=admin | Path=/SYS201002/GetPermission | IP=::1 | Start=2026-05-06 16:38:04.313 | Elapsed=171ms | Status=Completed
2026-05-06 16:41:45 | WRN | No store type was specified for the decimal property 'OveMoney' on entity type 'HROvertime'. This will cause values to be silently truncated if they do not fit in the default precision and scale. Explicitly specify the SQL server column type that can accommodate all the values in 'OnModelCreating' using 'HasColumnType', specify precision and scale using 'HasPrecision', or configure a value converter using 'HasConversion'.
2026-05-06 16:41:45 | WRN | No store type was specified for the decimal property 'Wag1D1Hour' on entity type 'HRWage'. This will cause values to be silently truncated if they do not fit in the default precision and scale. Explicitly specify the SQL server column type that can accommodate all the values in 'OnModelCreating' using 'HasColumnType', specify precision and scale using 'HasPrecision', or configure a value converter using 'HasConversion'.
2026-05-06 16:41:45 | WRN | No store type was specified for the decimal property 'Wag2D1Hour' on entity type 'HRWage'. This will cause values to be silently truncated if they do not fit in the default precision and scale. Explicitly specify the SQL server column type that can accommodate all the values in 'OnModelCreating' using 'HasColumnType', specify precision and scale using 'HasPrecision', or configure a value converter using 'HasConversion'.
2026-05-06 16:41:45 | WRN | No store type was specified for the decimal property 'Wag4D3Hour' on entity type 'HRWage'. This will cause values to be silently truncated if they do not fit in the default precision and scale. Explicitly specify the SQL server column type that can accommodate all the values in 'OnModelCreating' using 'HasColumnType', specify precision and scale using 'HasPrecision', or configure a value converter using 'HasConversion'.
2026-05-06 16:41:45 | WRN | No store type was specified for the decimal property 'Wag5D3Hour' on entity type 'HRWage'. This will cause values to be silently truncated if they do not fit in the default precision and scale. Explicitly specify the SQL server column type that can accommodate all the values in 'OnModelCreating' using 'HasColumnType', specify precision and scale using 'HasPrecision', or configure a value converter using 'HasConversion'.
2026-05-06 16:41:45 | WRN | No store type was specified for the decimal property 'Wag8D3Hour' on entity type 'HRWage'. This will cause values to be silently truncated if they do not fit in the default precision and scale. Explicitly specify the SQL server column type that can accommodate all the values in 'OnModelCreating' using 'HasColumnType', specify precision and scale using 'HasPrecision', or configure a value converter using 'HasConversion'.
2026-05-06 16:41:45 | WRN | No store type was specified for the decimal property 'WagApplyHour' on entity type 'HRWage'. This will cause values to be silently truncated if they do not fit in the default precision and scale. Explicitly specify the SQL server column type that can accommodate all the values in 'OnModelCreating' using 'HasColumnType', specify precision and scale using 'HasPrecision', or configure a value converter using 'HasConversion'.
2026-05-06 16:41:45 | WRN | No store type was specified for the decimal property 'WagIssueHour' on entity type 'HRWage'. This will cause values to be silently truncated if they do not fit in the default precision and scale. Explicitly specify the SQL server column type that can accommodate all the values in 'OnModelCreating' using 'HasColumnType', specify precision and scale using 'HasPrecision', or configure a value converter using 'HasConversion'.
2026-05-06 16:41:45 | WRN | No store type was specified for the decimal property 'WagSubtotal' on entity type 'HRWage'. This will cause values to be silently truncated if they do not fit in the default precision and scale. Explicitly specify the SQL server column type that can accommodate all the values in 'OnModelCreating' using 'HasColumnType', specify precision and scale using 'HasPrecision', or configure a value converter using 'HasConversion'.
2026-05-06 16:41:50 | WRN | The query uses the 'First'/'FirstOrDefault' operator without 'OrderBy' and filter operators. This may lead to unpredictable results.
2026-05-06 16:41:51 | INF | ACTION_TRACE | Acc=admin | Path=/ | IP=::1 | Start=2026-05-06 16:41:44.824 | Elapsed=6978ms | Status=Completed
2026-05-06 16:41:51 | INF | NETWORK_UNSTABLE | Acc=admin | Path=/ | Reason=SlowRequest 6978ms
2026-05-06 16:41:52 | INF | ACTION_TRACE | Acc=admin | Path=/Captcha/Generate | IP=::1 | Start=2026-05-06 16:41:52.002 | Elapsed=32ms | Status=Completed
2026-05-06 16:41:52 | INF | ACTION_TRACE | Acc=admin | Path=/DNTCaptchaImage/Show | IP=::1 | Start=2026-05-06 16:41:52.063 | Elapsed=115ms | Status=Completed
2026-05-06 16:42:06 | INF | ACTION_TRACE | Acc=admin | Path=/Account/Login | IP=::1 | Start=2026-05-06 16:41:56.962 | Elapsed=9094ms | Status=Completed
2026-05-06 16:42:06 | INF | NETWORK_UNSTABLE | Acc=admin | Path=/Account/Login | Reason=SlowRequest 9094ms
2026-05-06 16:42:06 | INF | ACTION_TRACE | Acc=admin | Path=/Home/Index | IP=::1 | Start=2026-05-06 16:42:06.069 | Elapsed=248ms | Status=Completed
2026-05-06 16:42:26 | INF | ACTION_TRACE | Acc=admin | Path=/Home/GetMenu | IP=::1 | Start=2026-05-06 16:42:26.230 | Elapsed=114ms | Status=Completed
2026-05-06 16:42:28 | INF | CONTROLLER_EXEC | Acc= admin | IP=::1 | Path=SYS201002/SYS201002 | Message=GET /SYS201002/SYS201002
2026-05-06 16:42:28 | INF | ACTION_TRACE | Acc=admin | Path=/SYS201002/SYS201002 | IP=::1 | Start=2026-05-06 16:42:28.683 | Elapsed=76ms | Status=Completed
2026-05-06 16:42:28 | INF | CONTROLLER_EXEC | Acc= admin | IP=::1 | Path=SYS201002/GetAllRoleList | Message=POST /SYS201002/GetAllRoleList
2026-05-06 16:42:28 | INF | ACTION_TRACE | Acc=admin | Path=/SYS201002/GetAllRoleList | IP=::1 | Start=2026-05-06 16:42:28.812 | Elapsed=67ms | Status=Completed
2026-05-06 16:42:31 | INF | CONTROLLER_EXEC | Acc= admin | IP=::1 | Path=SYS201002/GetPermission | Message=POST /SYS201002/GetPermission
2026-05-06 16:42:31 | INF | ACTION_TRACE | Acc=admin | Path=/SYS201002/GetPermission | IP=::1 | Start=2026-05-06 16:42:31.030 | Elapsed=108ms | Status=Completed
2026-05-06 16:43:24 | INF | CONTROLLER_EXEC | Acc= admin | IP=::1 | Path=SYS201002/UpdatePermission | Message=POST /SYS201002/UpdatePermission
2026-05-06 16:43:24 | INF | ACTION_TRACE | Acc=admin | Path=/SYS201002/UpdatePermission | IP=::1 | Start=2026-05-06 16:43:23.932 | Elapsed=396ms | Status=Completed
2026-05-06 16:43:25 | INF | CONTROLLER_EXEC | Acc= admin | IP=::1 | Path=SYS201002/SYS201002 | Message=GET /SYS201002/SYS201002
2026-05-06 16:43:25 | INF | ACTION_TRACE | Acc=admin | Path=/SYS201002/SYS201002 | IP=::1 | Start=2026-05-06 16:43:25.249 | Elapsed=4ms | Status=Completed
2026-05-06 16:43:25 | INF | CONTROLLER_EXEC | Acc= admin | IP=::1 | Path=SYS201002/GetAllRoleList | Message=POST /SYS201002/GetAllRoleList
2026-05-06 16:43:25 | INF | ACTION_TRACE | Acc=admin | Path=/SYS201002/GetAllRoleList | IP=::1 | Start=2026-05-06 16:43:25.299 | Elapsed=4ms | Status=Completed
2026-05-06 16:43:26 | INF | CONTROLLER_EXEC | Acc= admin | IP=::1 | Path=SYS201002/GetPermission | Message=POST /SYS201002/GetPermission
2026-05-06 16:43:26 | INF | ACTION_TRACE | Acc=admin | Path=/SYS201002/GetPermission | IP=::1 | Start=2026-05-06 16:43:26.831 | Elapsed=6ms | Status=Completed
2026-05-06 16:43:33 | INF | CONTROLLER_EXEC | Acc= admin | IP=::1 | Path=SYS201002/GetPermission | Message=POST /SYS201002/GetPermission
2026-05-06 16:43:33 | INF | ACTION_TRACE | Acc=admin | Path=/SYS201002/GetPermission | IP=::1 | Start=2026-05-06 16:43:33.724 | Elapsed=4ms | Status=Completed
2026-05-06 16:43:37 | INF | CONTROLLER_EXEC | Acc= admin | IP=::1 | Path=SYS201002/UpdatePermission | Message=POST /SYS201002/UpdatePermission
2026-05-06 16:43:37 | INF | ACTION_TRACE | Acc=admin | Path=/SYS201002/UpdatePermission | IP=::1 | Start=2026-05-06 16:43:37.445 | Elapsed=77ms | Status=Completed
2026-05-06 16:43:38 | INF | CONTROLLER_EXEC | Acc= admin | IP=::1 | Path=SYS201002/SYS201002 | Message=GET /SYS201002/SYS201002
2026-05-06 16:43:38 | INF | ACTION_TRACE | Acc=admin | Path=/SYS201002/SYS201002 | IP=::1 | Start=2026-05-06 16:43:38.385 | Elapsed=5ms | Status=Completed
2026-05-06 16:43:38 | INF | CONTROLLER_EXEC | Acc= admin | IP=::1 | Path=SYS201002/GetAllRoleList | Message=POST /SYS201002/GetAllRoleList
2026-05-06 16:43:38 | INF | ACTION_TRACE | Acc=admin | Path=/SYS201002/GetAllRoleList | IP=::1 | Start=2026-05-06 16:43:38.408 | Elapsed=4ms | Status=Completed
2026-05-06 16:43:41 | INF | CONTROLLER_EXEC | Acc= admin | IP=::1 | Path=SYS201002/DeleteRole | Message=POST /SYS201002/DeleteRole
2026-05-06 16:43:41 | INF | ACTION_TRACE | Acc=admin | Path=/SYS201002/DeleteRole | IP=::1 | Start=2026-05-06 16:43:41.191 | Elapsed=92ms | Status=Completed
2026-05-06 16:43:41 | INF | CONTROLLER_EXEC | Acc= admin | IP=::1 | Path=SYS201002/SYS201002 | Message=GET /SYS201002/SYS201002
2026-05-06 16:43:41 | INF | ACTION_TRACE | Acc=admin | Path=/SYS201002/SYS201002 | IP=::1 | Start=2026-05-06 16:43:41.924 | Elapsed=3ms | Status=Completed
2026-05-06 16:43:41 | INF | CONTROLLER_EXEC | Acc= admin | IP=::1 | Path=SYS201002/GetAllRoleList | Message=POST /SYS201002/GetAllRoleList
2026-05-06 16:43:41 | INF | ACTION_TRACE | Acc=admin | Path=/SYS201002/GetAllRoleList | IP=::1 | Start=2026-05-06 16:43:41.945 | Elapsed=2ms | Status=Completed
2026-05-06 16:48:32 | WRN | No store type was specified for the decimal property 'OveMoney' on entity type 'HROvertime'. This will cause values to be silently truncated if they do not fit in the default precision and scale. Explicitly specify the SQL server column type that can accommodate all the values in 'OnModelCreating' using 'HasColumnType', specify precision and scale using 'HasPrecision', or configure a value converter using 'HasConversion'.
2026-05-06 16:48:32 | WRN | No store type was specified for the decimal property 'Wag1D1Hour' on entity type 'HRWage'. This will cause values to be silently truncated if they do not fit in the default precision and scale. Explicitly specify the SQL server column type that can accommodate all the values in 'OnModelCreating' using 'HasColumnType', specify precision and scale using 'HasPrecision', or configure a value converter using 'HasConversion'.
2026-05-06 16:48:32 | WRN | No store type was specified for the decimal property 'Wag2D1Hour' on entity type 'HRWage'. This will cause values to be silently truncated if they do not fit in the default precision and scale. Explicitly specify the SQL server column type that can accommodate all the values in 'OnModelCreating' using 'HasColumnType', specify precision and scale using 'HasPrecision', or configure a value converter using 'HasConversion'.
2026-05-06 16:48:32 | WRN | No store type was specified for the decimal property 'Wag4D3Hour' on entity type 'HRWage'. This will cause values to be silently truncated if they do not fit in the default precision and scale. Explicitly specify the SQL server column type that can accommodate all the values in 'OnModelCreating' using 'HasColumnType', specify precision and scale using 'HasPrecision', or configure a value converter using 'HasConversion'.
2026-05-06 16:48:32 | WRN | No store type was specified for the decimal property 'Wag5D3Hour' on entity type 'HRWage'. This will cause values to be silently truncated if they do not fit in the default precision and scale. Explicitly specify the SQL server column type that can accommodate all the values in 'OnModelCreating' using 'HasColumnType', specify precision and scale using 'HasPrecision', or configure a value converter using 'HasConversion'.
2026-05-06 16:48:32 | WRN | No store type was specified for the decimal property 'Wag8D3Hour' on entity type 'HRWage'. This will cause values to be silently truncated if they do not fit in the default precision and scale. Explicitly specify the SQL server column type that can accommodate all the values in 'OnModelCreating' using 'HasColumnType', specify precision and scale using 'HasPrecision', or configure a value converter using 'HasConversion'.
2026-05-06 16:48:32 | WRN | No store type was specified for the decimal property 'WagApplyHour' on entity type 'HRWage'. This will cause values to be silently truncated if they do not fit in the default precision and scale. Explicitly specify the SQL server column type that can accommodate all the values in 'OnModelCreating' using 'HasColumnType', specify precision and scale using 'HasPrecision', or configure a value converter using 'HasConversion'.
2026-05-06 16:48:32 | WRN | No store type was specified for the decimal property 'WagIssueHour' on entity type 'HRWage'. This will cause values to be silently truncated if they do not fit in the default precision and scale. Explicitly specify the SQL server column type that can accommodate all the values in 'OnModelCreating' using 'HasColumnType', specify precision and scale using 'HasPrecision', or configure a value converter using 'HasConversion'.
2026-05-06 16:48:32 | WRN | No store type was specified for the decimal property 'WagSubtotal' on entity type 'HRWage'. This will cause values to be silently truncated if they do not fit in the default precision and scale. Explicitly specify the SQL server column type that can accommodate all the values in 'OnModelCreating' using 'HasColumnType', specify precision and scale using 'HasPrecision', or configure a value converter using 'HasConversion'.
2026-05-06 16:48:37 | WRN | The query uses the 'First'/'FirstOrDefault' operator without 'OrderBy' and filter operators. This may lead to unpredictable results.
2026-05-06 16:48:38 | INF | ACTION_TRACE | Acc=admin | Path=/ | IP=::1 | Start=2026-05-06 16:48:31.313 | Elapsed=7078ms | Status=Completed
2026-05-06 16:48:38 | INF | NETWORK_UNSTABLE | Acc=admin | Path=/ | Reason=SlowRequest 7078ms
2026-05-06 16:48:38 | INF | ACTION_TRACE | Acc=admin | Path=/Captcha/Generate | IP=::1 | Start=2026-05-06 16:48:38.587 | Elapsed=42ms | Status=Completed
2026-05-06 16:48:38 | INF | ACTION_TRACE | Acc=admin | Path=/DNTCaptchaImage/Show | IP=::1 | Start=2026-05-06 16:48:38.657 | Elapsed=134ms | Status=Completed
2026-05-06 16:48:52 | INF | ACTION_TRACE | Acc=admin | Path=/Account/Login | IP=::1 | Start=2026-05-06 16:48:45.335 | Elapsed=6989ms | Status=Completed
2026-05-06 16:48:52 | INF | NETWORK_UNSTABLE | Acc=admin | Path=/Account/Login | Reason=SlowRequest 6989ms
2026-05-06 16:48:52 | INF | ACTION_TRACE | Acc=admin | Path=/Home/Index | IP=::1 | Start=2026-05-06 16:48:52.338 | Elapsed=197ms | Status=Completed
2026-05-06 16:48:55 | INF | ACTION_TRACE | Acc=admin | Path=/Home/GetMenu | IP=::1 | Start=2026-05-06 16:48:55.196 | Elapsed=12ms | Status=Completed
2026-05-06 16:49:00 | INF | CONTROLLER_EXEC | Acc= admin | IP=::1 | Path=SYS202002/SYS202002 | Message=GET /SYS202002/SYS202002
2026-05-06 16:49:00 | INF | ACTION_TRACE | Acc=admin | Path=/SYS202002/SYS202002 | IP=::1 | Start=2026-05-06 16:49:00.597 | Elapsed=68ms | Status=Completed
2026-05-06 16:49:00 | ERR | An exception occurred while iterating over the results of a query for context type 'EHRIS.Core.DbContext.ApplicationDbContext'.
System.InvalidCastException: Unable to cast object of type 'System.Boolean' to type 'System.Byte'.
   at Microsoft.Data.SqlClient.SqlDataReader.GetByte(Int32 i)
   at Microsoft.EntityFrameworkCore.Query.Internal.BufferedDataReader.BufferedDataRecord.ReadByte(DbDataReader reader, Int32 ordinal, ReaderColumn column)
   at Microsoft.EntityFrameworkCore.Query.Internal.BufferedDataReader.BufferedDataRecord.ReadRow()
   at Microsoft.EntityFrameworkCore.Query.Internal.BufferedDataReader.BufferedDataRecord.InitializeAsync(DbDataReader reader, IReadOnlyList`1 columns, CancellationToken cancellationToken)
   at Microsoft.EntityFrameworkCore.Query.Internal.BufferedDataReader.InitializeAsync(IReadOnlyList`1 columns, CancellationToken cancellationToken)
   at Microsoft.EntityFrameworkCore.Query.Internal.BufferedDataReader.InitializeAsync(IReadOnlyList`1 columns, CancellationToken cancellationToken)
   at Microsoft.EntityFrameworkCore.Storage.RelationalCommand.ExecuteReaderAsync(RelationalCommandParameterObject parameterObject, CancellationToken cancellationToken)
   at Microsoft.EntityFrameworkCore.Storage.RelationalCommand.ExecuteReaderAsync(RelationalCommandParameterObject parameterObject, CancellationToken cancellationToken)
   at Microsoft.EntityFrameworkCore.Query.Internal.FromSqlQueryingEnumerable`1.AsyncEnumerator.InitializeReaderAsync(AsyncEnumerator enumerator, CancellationToken cancellationToken)
   at Microsoft.EntityFrameworkCore.Storage.ExecutionStrategy.<>c__DisplayClass30_0`2.<<ExecuteAsync>b__0>d.MoveNext()
--- End of stack trace from previous location ---
   at Microsoft.EntityFrameworkCore.Storage.ExecutionStrategy.ExecuteImplementationAsync[TState,TResult](Func`4 operation, Func`4 verifySucceeded, TState state, CancellationToken cancellationToken)
   at Microsoft.EntityFrameworkCore.Storage.ExecutionStrategy.ExecuteImplementationAsync[TState,TResult](Func`4 operation, Func`4 verifySucceeded, TState state, CancellationToken cancellationToken)
   at Microsoft.EntityFrameworkCore.Storage.ExecutionStrategy.ExecuteAsync[TState,TResult](TState state, Func`4 operation, Func`4 verifySucceeded, CancellationToken cancellationToken)
   at Microsoft.EntityFrameworkCore.Query.Internal.FromSqlQueryingEnumerable`1.AsyncEnumerator.MoveNextAsync()
2026-05-06 16:51:12 | WRN | No store type was specified for the decimal property 'OveMoney' on entity type 'HROvertime'. This will cause values to be silently truncated if they do not fit in the default precision and scale. Explicitly specify the SQL server column type that can accommodate all the values in 'OnModelCreating' using 'HasColumnType', specify precision and scale using 'HasPrecision', or configure a value converter using 'HasConversion'.
2026-05-06 16:51:12 | WRN | No store type was specified for the decimal property 'Wag1D1Hour' on entity type 'HRWage'. This will cause values to be silently truncated if they do not fit in the default precision and scale. Explicitly specify the SQL server column type that can accommodate all the values in 'OnModelCreating' using 'HasColumnType', specify precision and scale using 'HasPrecision', or configure a value converter using 'HasConversion'.
2026-05-06 16:51:12 | WRN | No store type was specified for the decimal property 'Wag2D1Hour' on entity type 'HRWage'. This will cause values to be silently truncated if they do not fit in the default precision and scale. Explicitly specify the SQL server column type that can accommodate all the values in 'OnModelCreating' using 'HasColumnType', specify precision and scale using 'HasPrecision', or configure a value converter using 'HasConversion'.
2026-05-06 16:51:12 | WRN | No store type was specified for the decimal property 'Wag4D3Hour' on entity type 'HRWage'. This will cause values to be silently truncated if they do not fit in the default precision and scale. Explicitly specify the SQL server column type that can accommodate all the values in 'OnModelCreating' using 'HasColumnType', specify precision and scale using 'HasPrecision', or configure a value converter using 'HasConversion'.
2026-05-06 16:51:12 | WRN | No store type was specified for the decimal property 'Wag5D3Hour' on entity type 'HRWage'. This will cause values to be silently truncated if they do not fit in the default precision and scale. Explicitly specify the SQL server column type that can accommodate all the values in 'OnModelCreating' using 'HasColumnType', specify precision and scale using 'HasPrecision', or configure a value converter using 'HasConversion'.
2026-05-06 16:51:12 | WRN | No store type was specified for the decimal property 'Wag8D3Hour' on entity type 'HRWage'. This will cause values to be silently truncated if they do not fit in the default precision and scale. Explicitly specify the SQL server column type that can accommodate all the values in 'OnModelCreating' using 'HasColumnType', specify precision and scale using 'HasPrecision', or configure a value converter using 'HasConversion'.
2026-05-06 16:51:12 | WRN | No store type was specified for the decimal property 'WagApplyHour' on entity type 'HRWage'. This will cause values to be silently truncated if they do not fit in the default precision and scale. Explicitly specify the SQL server column type that can accommodate all the values in 'OnModelCreating' using 'HasColumnType', specify precision and scale using 'HasPrecision', or configure a value converter using 'HasConversion'.
2026-05-06 16:51:12 | WRN | No store type was specified for the decimal property 'WagIssueHour' on entity type 'HRWage'. This will cause values to be silently truncated if they do not fit in the default precision and scale. Explicitly specify the SQL server column type that can accommodate all the values in 'OnModelCreating' using 'HasColumnType', specify precision and scale using 'HasPrecision', or configure a value converter using 'HasConversion'.
2026-05-06 16:51:12 | WRN | No store type was specified for the decimal property 'WagSubtotal' on entity type 'HRWage'. This will cause values to be silently truncated if they do not fit in the default precision and scale. Explicitly specify the SQL server column type that can accommodate all the values in 'OnModelCreating' using 'HasColumnType', specify precision and scale using 'HasPrecision', or configure a value converter using 'HasConversion'.
2026-05-06 16:51:17 | WRN | The query uses the 'First'/'FirstOrDefault' operator without 'OrderBy' and filter operators. This may lead to unpredictable results.
2026-05-06 16:51:18 | INF | ACTION_TRACE | Acc=admin | Path=/ | IP=::1 | Start=2026-05-06 16:51:11.769 | Elapsed=6875ms | Status=Completed
2026-05-06 16:51:18 | INF | NETWORK_UNSTABLE | Acc=admin | Path=/ | Reason=SlowRequest 6875ms
2026-05-06 16:51:18 | INF | ACTION_TRACE | Acc=admin | Path=/Captcha/Generate | IP=::1 | Start=2026-05-06 16:51:18.907 | Elapsed=47ms | Status=Completed
2026-05-06 16:51:19 | INF | ACTION_TRACE | Acc=admin | Path=/DNTCaptchaImage/Show | IP=::1 | Start=2026-05-06 16:51:19.139 | Elapsed=121ms | Status=Completed
2026-05-06 16:51:30 | INF | ACTION_TRACE | Acc=admin | Path=/Account/Login | IP=::1 | Start=2026-05-06 16:51:21.636 | Elapsed=8894ms | Status=Completed
2026-05-06 16:51:30 | INF | NETWORK_UNSTABLE | Acc=admin | Path=/Account/Login | Reason=SlowRequest 8894ms
2026-05-06 16:51:30 | INF | ACTION_TRACE | Acc=admin | Path=/Home/Index | IP=::1 | Start=2026-05-06 16:51:30.544 | Elapsed=219ms | Status=Completed
2026-05-06 16:51:37 | INF | ACTION_TRACE | Acc=admin | Path=/Home/GetMenu | IP=::1 | Start=2026-05-06 16:51:37.122 | Elapsed=21ms | Status=Completed
2026-05-06 16:51:39 | INF | CONTROLLER_EXEC | Acc= admin | IP=::1 | Path=SYS202002/SYS202002 | Message=GET /SYS202002/SYS202002
2026-05-06 16:51:39 | INF | ACTION_TRACE | Acc=admin | Path=/SYS202002/SYS202002 | IP=::1 | Start=2026-05-06 16:51:39.303 | Elapsed=63ms | Status=Completed
2026-05-06 16:51:39 | INF | CONTROLLER_EXEC | Acc= admin | IP=::1 | Path=SYS202002/GetDataForTree | Message=GET /SYS202002/GetDataForTree
2026-05-06 16:51:39 | INF | ACTION_TRACE | Acc=admin | Path=/SYS202002/GetDataForTree | IP=::1 | Start=2026-05-06 16:51:39.400 | Elapsed=59ms | Status=Completed
2026-05-06 16:51:43 | WRN | The query uses the 'First'/'FirstOrDefault' operator without 'OrderBy' and filter operators. This may lead to unpredictable results.
2026-05-06 16:51:43 | INF | CONTROLLER_EXEC | Acc= admin | IP=::1 | Path=SYS202002/GetFunctionDetails | Message=GET /SYS202002/GetFunctionDetails
2026-05-06 16:51:43 | INF | ACTION_TRACE | Acc=admin | Path=/SYS202002/GetFunctionDetails | IP=::1 | Start=2026-05-06 16:51:43.510 | Elapsed=43ms | Status=Completed
2026-05-06 16:51:43 | INF | CONTROLLER_EXEC | Acc= admin | IP=::1 | Path=SYS202002/GetSystems | Message=GET /SYS202002/GetSystems
2026-05-06 16:51:43 | INF | ACTION_TRACE | Acc=admin | Path=/SYS202002/GetSystems | IP=::1 | Start=2026-05-06 16:51:43.562 | Elapsed=19ms | Status=Completed
2026-05-06 16:51:51 | INF | CONTROLLER_EXEC | Acc= admin | IP=::1 | Path=SYS202002/GetFunctionDetails | Message=GET /SYS202002/GetFunctionDetails
2026-05-06 16:51:51 | INF | ACTION_TRACE | Acc=admin | Path=/SYS202002/GetFunctionDetails | IP=::1 | Start=2026-05-06 16:51:51.040 | Elapsed=6ms | Status=Completed
2026-05-06 16:51:51 | INF | CONTROLLER_EXEC | Acc= admin | IP=::1 | Path=SYS202002/GetSystems | Message=GET /SYS202002/GetSystems
2026-05-06 16:51:51 | INF | ACTION_TRACE | Acc=admin | Path=/SYS202002/GetSystems | IP=::1 | Start=2026-05-06 16:51:51.052 | Elapsed=4ms | Status=Completed
2026-05-06 16:51:56 | INF | CONTROLLER_EXEC | Acc= admin | IP=::1 | Path=SYS202002/GetFunctionDetails | Message=GET /SYS202002/GetFunctionDetails
2026-05-06 16:51:56 | INF | ACTION_TRACE | Acc=admin | Path=/SYS202002/GetFunctionDetails | IP=::1 | Start=2026-05-06 16:51:56.806 | Elapsed=3ms | Status=Completed
2026-05-06 16:51:56 | INF | CONTROLLER_EXEC | Acc= admin | IP=::1 | Path=SYS202002/GetSystems | Message=GET /SYS202002/GetSystems
2026-05-06 16:51:56 | INF | ACTION_TRACE | Acc=admin | Path=/SYS202002/GetSystems | IP=::1 | Start=2026-05-06 16:51:56.816 | Elapsed=2ms | Status=Completed
2026-05-06 16:52:06 | INF | CONTROLLER_EXEC | Acc= admin | IP=::1 | Path=SYS202002/GetFunctionDetails | Message=GET /SYS202002/GetFunctionDetails
2026-05-06 16:52:06 | INF | ACTION_TRACE | Acc=admin | Path=/SYS202002/GetFunctionDetails | IP=::1 | Start=2026-05-06 16:52:06.823 | Elapsed=3ms | Status=Completed
2026-05-06 16:52:06 | INF | CONTROLLER_EXEC | Acc= admin | IP=::1 | Path=SYS202002/GetSystems | Message=GET /SYS202002/GetSystems
2026-05-06 16:52:06 | INF | ACTION_TRACE | Acc=admin | Path=/SYS202002/GetSystems | IP=::1 | Start=2026-05-06 16:52:06.833 | Elapsed=4ms | Status=Completed
2026-05-06 16:52:10 | INF | CONTROLLER_EXEC | Acc= admin | IP=::1 | Path=SYS202002/GetFunctionDetails | Message=GET /SYS202002/GetFunctionDetails
2026-05-06 16:52:10 | INF | ACTION_TRACE | Acc=admin | Path=/SYS202002/GetFunctionDetails | IP=::1 | Start=2026-05-06 16:52:10.787 | Elapsed=3ms | Status=Completed
2026-05-06 16:52:10 | INF | CONTROLLER_EXEC | Acc= admin | IP=::1 | Path=SYS202002/GetSystems | Message=GET /SYS202002/GetSystems
2026-05-06 16:52:10 | INF | ACTION_TRACE | Acc=admin | Path=/SYS202002/GetSystems | IP=::1 | Start=2026-05-06 16:52:10.799 | Elapsed=2ms | Status=Completed
2026-05-06 16:52:13 | INF | CONTROLLER_EXEC | Acc= admin | IP=::1 | Path=SYS202002/GetFunctionDetails | Message=GET /SYS202002/GetFunctionDetails
2026-05-06 16:52:13 | INF | ACTION_TRACE | Acc=admin | Path=/SYS202002/GetFunctionDetails | IP=::1 | Start=2026-05-06 16:52:13.781 | Elapsed=5ms | Status=Completed
2026-05-06 16:52:13 | INF | CONTROLLER_EXEC | Acc= admin | IP=::1 | Path=SYS202002/GetSystems | Message=GET /SYS202002/GetSystems
2026-05-06 16:52:13 | INF | ACTION_TRACE | Acc=admin | Path=/SYS202002/GetSystems | IP=::1 | Start=2026-05-06 16:52:13.795 | Elapsed=2ms | Status=Completed
2026-05-06 16:52:20 | INF | CONTROLLER_EXEC | Acc= admin | IP=::1 | Path=SYS202002/GetFunctionDetails | Message=GET /SYS202002/GetFunctionDetails
2026-05-06 16:52:20 | INF | ACTION_TRACE | Acc=admin | Path=/SYS202002/GetFunctionDetails | IP=::1 | Start=2026-05-06 16:52:20.654 | Elapsed=3ms | Status=Completed
2026-05-06 16:52:20 | INF | CONTROLLER_EXEC | Acc= admin | IP=::1 | Path=SYS202002/GetSystems | Message=GET /SYS202002/GetSystems
2026-05-06 16:52:20 | INF | ACTION_TRACE | Acc=admin | Path=/SYS202002/GetSystems | IP=::1 | Start=2026-05-06 16:52:20.663 | Elapsed=3ms | Status=Completed
2026-05-06 16:52:20 | INF | CONTROLLER_EXEC | Acc= admin | IP=::1 | Path=SYS202002/GetFunctionsBySystem | Message=GET /SYS202002/GetFunctionsBySystem
2026-05-06 16:52:20 | INF | ACTION_TRACE | Acc=admin | Path=/SYS202002/GetFunctionsBySystem | IP=::1 | Start=2026-05-06 16:52:20.676 | Elapsed=17ms | Status=Completed
2026-05-06 16:52:25 | INF | CONTROLLER_EXEC | Acc= admin | IP=::1 | Path=SYS202002/GetFunctionDetails | Message=GET /SYS202002/GetFunctionDetails
2026-05-06 16:52:25 | INF | ACTION_TRACE | Acc=admin | Path=/SYS202002/GetFunctionDetails | IP=::1 | Start=2026-05-06 16:52:25.470 | Elapsed=2ms | Status=Completed
2026-05-06 16:52:25 | INF | CONTROLLER_EXEC | Acc= admin | IP=::1 | Path=SYS202002/GetSystems | Message=GET /SYS202002/GetSystems
2026-05-06 16:52:25 | INF | ACTION_TRACE | Acc=admin | Path=/SYS202002/GetSystems | IP=::1 | Start=2026-05-06 16:52:25.480 | Elapsed=7ms | Status=Completed
2026-05-06 16:52:29 | INF | CONTROLLER_EXEC | Acc= admin | IP=::1 | Path=SYS202002/GetFunctionDetails | Message=GET /SYS202002/GetFunctionDetails
2026-05-06 16:52:29 | INF | ACTION_TRACE | Acc=admin | Path=/SYS202002/GetFunctionDetails | IP=::1 | Start=2026-05-06 16:52:29.029 | Elapsed=2ms | Status=Completed
2026-05-06 16:52:29 | INF | CONTROLLER_EXEC | Acc= admin | IP=::1 | Path=SYS202002/GetSystems | Message=GET /SYS202002/GetSystems
2026-05-06 16:52:29 | INF | ACTION_TRACE | Acc=admin | Path=/SYS202002/GetSystems | IP=::1 | Start=2026-05-06 16:52:29.042 | Elapsed=2ms | Status=Completed
2026-05-06 16:52:29 | INF | CONTROLLER_EXEC | Acc= admin | IP=::1 | Path=SYS202002/GetFunctionsBySystem | Message=GET /SYS202002/GetFunctionsBySystem
2026-05-06 16:52:29 | INF | ACTION_TRACE | Acc=admin | Path=/SYS202002/GetFunctionsBySystem | IP=::1 | Start=2026-05-06 16:52:29.049 | Elapsed=2ms | Status=Completed
2026-05-06 16:52:30 | INF | CONTROLLER_EXEC | Acc= admin | IP=::1 | Path=SYS202002/UpdateFunction | Message=POST /SYS202002/UpdateFunction
2026-05-06 16:52:30 | INF | ACTION_TRACE | Acc=admin | Path=/SYS202002/UpdateFunction | IP=::1 | Start=2026-05-06 16:52:30.832 | Elapsed=52ms | Status=Completed
2026-05-06 16:52:31 | INF | CONTROLLER_EXEC | Acc= admin | IP=::1 | Path=SYS202002/SYS202002 | Message=GET /SYS202002/SYS202002
2026-05-06 16:52:31 | INF | ACTION_TRACE | Acc=admin | Path=/SYS202002/SYS202002 | IP=::1 | Start=2026-05-06 16:52:31.668 | Elapsed=4ms | Status=Completed
2026-05-06 16:52:31 | INF | CONTROLLER_EXEC | Acc= admin | IP=::1 | Path=SYS202002/GetDataForTree | Message=GET /SYS202002/GetDataForTree
2026-05-06 16:52:31 | INF | ACTION_TRACE | Acc=admin | Path=/SYS202002/GetDataForTree | IP=::1 | Start=2026-05-06 16:52:31.682 | Elapsed=7ms | Status=Completed
2026-05-06 16:52:34 | INF | CONTROLLER_EXEC | Acc= admin | IP=::1 | Path=SYS202002/GetFunctionDetails | Message=GET /SYS202002/GetFunctionDetails
2026-05-06 16:52:34 | INF | ACTION_TRACE | Acc=admin | Path=/SYS202002/GetFunctionDetails | IP=::1 | Start=2026-05-06 16:52:34.438 | Elapsed=3ms | Status=Completed
2026-05-06 16:52:34 | INF | CONTROLLER_EXEC | Acc= admin | IP=::1 | Path=SYS202002/GetSystems | Message=GET /SYS202002/GetSystems
2026-05-06 16:52:34 | INF | ACTION_TRACE | Acc=admin | Path=/SYS202002/GetSystems | IP=::1 | Start=2026-05-06 16:52:34.447 | Elapsed=2ms | Status=Completed
2026-05-06 16:52:34 | INF | CONTROLLER_EXEC | Acc= admin | IP=::1 | Path=SYS202002/GetFunctionsBySystem | Message=GET /SYS202002/GetFunctionsBySystem
2026-05-06 16:52:34 | INF | ACTION_TRACE | Acc=admin | Path=/SYS202002/GetFunctionsBySystem | IP=::1 | Start=2026-05-06 16:52:34.458 | Elapsed=1ms | Status=Completed
2026-05-06 16:52:35 | INF | CONTROLLER_EXEC | Acc= admin | IP=::1 | Path=SYS202002/UpdateFunction | Message=POST /SYS202002/UpdateFunction
2026-05-06 16:52:35 | INF | ACTION_TRACE | Acc=admin | Path=/SYS202002/UpdateFunction | IP=::1 | Start=2026-05-06 16:52:35.814 | Elapsed=4ms | Status=Completed
2026-05-06 16:52:36 | INF | CONTROLLER_EXEC | Acc= admin | IP=::1 | Path=SYS202002/SYS202002 | Message=GET /SYS202002/SYS202002
2026-05-06 16:52:36 | INF | ACTION_TRACE | Acc=admin | Path=/SYS202002/SYS202002 | IP=::1 | Start=2026-05-06 16:52:36.640 | Elapsed=4ms | Status=Completed
2026-05-06 16:52:36 | INF | CONTROLLER_EXEC | Acc= admin | IP=::1 | Path=SYS202002/GetDataForTree | Message=GET /SYS202002/GetDataForTree
2026-05-06 16:52:36 | INF | ACTION_TRACE | Acc=admin | Path=/SYS202002/GetDataForTree | IP=::1 | Start=2026-05-06 16:52:36.653 | Elapsed=4ms | Status=Completed
2026-05-06 16:52:41 | INF | CONTROLLER_EXEC | Acc= admin | IP=::1 | Path=SYS202002/GetFunctionDetails | Message=GET /SYS202002/GetFunctionDetails
2026-05-06 16:52:41 | INF | ACTION_TRACE | Acc=admin | Path=/SYS202002/GetFunctionDetails | IP=::1 | Start=2026-05-06 16:52:41.863 | Elapsed=3ms | Status=Completed
2026-05-06 16:52:41 | INF | CONTROLLER_EXEC | Acc= admin | IP=::1 | Path=SYS202002/GetSystems | Message=GET /SYS202002/GetSystems
2026-05-06 16:52:41 | INF | ACTION_TRACE | Acc=admin | Path=/SYS202002/GetSystems | IP=::1 | Start=2026-05-06 16:52:41.873 | Elapsed=2ms | Status=Completed
2026-05-06 16:52:46 | INF | CONTROLLER_EXEC | Acc= admin | IP=::1 | Path=SYS202002/GetFunctionsBySystem | Message=GET /SYS202002/GetFunctionsBySystem
2026-05-06 16:52:46 | INF | ACTION_TRACE | Acc=admin | Path=/SYS202002/GetFunctionsBySystem | IP=::1 | Start=2026-05-06 16:52:46.799 | Elapsed=2ms | Status=Completed
2026-05-06 16:52:52 | INF | CONTROLLER_EXEC | Acc= admin | IP=::1 | Path=SYS202002/GetFunctionDetails | Message=GET /SYS202002/GetFunctionDetails
2026-05-06 16:52:52 | INF | ACTION_TRACE | Acc=admin | Path=/SYS202002/GetFunctionDetails | IP=::1 | Start=2026-05-06 16:52:52.072 | Elapsed=2ms | Status=Completed
2026-05-06 16:52:52 | INF | CONTROLLER_EXEC | Acc= admin | IP=::1 | Path=SYS202002/GetSystems | Message=GET /SYS202002/GetSystems
2026-05-06 16:52:52 | INF | ACTION_TRACE | Acc=admin | Path=/SYS202002/GetSystems | IP=::1 | Start=2026-05-06 16:52:52.082 | Elapsed=5ms | Status=Completed
2026-05-06 16:52:55 | INF | CONTROLLER_EXEC | Acc= admin | IP=::1 | Path=SYS202002/GetFunctionsBySystem | Message=GET /SYS202002/GetFunctionsBySystem
2026-05-06 16:52:55 | INF | ACTION_TRACE | Acc=admin | Path=/SYS202002/GetFunctionsBySystem | IP=::1 | Start=2026-05-06 16:52:55.868 | Elapsed=2ms | Status=Completed
2026-05-06 16:53:00 | INF | CONTROLLER_EXEC | Acc= admin | IP=::1 | Path=SYS202002/GetFunctionDetails | Message=GET /SYS202002/GetFunctionDetails
2026-05-06 16:53:00 | INF | ACTION_TRACE | Acc=admin | Path=/SYS202002/GetFunctionDetails | IP=::1 | Start=2026-05-06 16:53:00.023 | Elapsed=2ms | Status=Completed
2026-05-06 16:53:00 | INF | CONTROLLER_EXEC | Acc= admin | IP=::1 | Path=SYS202002/GetSystems | Message=GET /SYS202002/GetSystems
2026-05-06 16:53:00 | INF | ACTION_TRACE | Acc=admin | Path=/SYS202002/GetSystems | IP=::1 | Start=2026-05-06 16:53:00.032 | Elapsed=2ms | Status=Completed
2026-05-06 16:53:01 | INF | CONTROLLER_EXEC | Acc= admin | IP=::1 | Path=SYS202002/GetFunctionsBySystem | Message=GET /SYS202002/GetFunctionsBySystem
2026-05-06 16:53:01 | INF | ACTION_TRACE | Acc=admin | Path=/SYS202002/GetFunctionsBySystem | IP=::1 | Start=2026-05-06 16:53:01.278 | Elapsed=2ms | Status=Completed
2026-05-06 16:53:02 | INF | CONTROLLER_EXEC | Acc= admin | IP=::1 | Path=SYS202002/UpdateFunction | Message=POST /SYS202002/UpdateFunction
2026-05-06 16:53:02 | INF | ACTION_TRACE | Acc=admin | Path=/SYS202002/UpdateFunction | IP=::1 | Start=2026-05-06 16:53:02.761 | Elapsed=3ms | Status=Completed
2026-05-06 16:53:03 | INF | CONTROLLER_EXEC | Acc= admin | IP=::1 | Path=SYS202002/SYS202002 | Message=GET /SYS202002/SYS202002
2026-05-06 16:53:03 | INF | ACTION_TRACE | Acc=admin | Path=/SYS202002/SYS202002 | IP=::1 | Start=2026-05-06 16:53:03.405 | Elapsed=18ms | Status=Completed
2026-05-06 16:53:03 | INF | CONTROLLER_EXEC | Acc= admin | IP=::1 | Path=SYS202002/GetDataForTree | Message=GET /SYS202002/GetDataForTree
2026-05-06 16:53:03 | INF | ACTION_TRACE | Acc=admin | Path=/SYS202002/GetDataForTree | IP=::1 | Start=2026-05-06 16:53:03.433 | Elapsed=4ms | Status=Completed
2026-05-06 16:53:07 | INF | CONTROLLER_EXEC | Acc= admin | IP=::1 | Path=SYS202002/GetFunctionDetails | Message=GET /SYS202002/GetFunctionDetails
2026-05-06 16:53:07 | INF | ACTION_TRACE | Acc=admin | Path=/SYS202002/GetFunctionDetails | IP=::1 | Start=2026-05-06 16:53:07.713 | Elapsed=2ms | Status=Completed
2026-05-06 16:53:07 | INF | CONTROLLER_EXEC | Acc= admin | IP=::1 | Path=SYS202002/GetSystems | Message=GET /SYS202002/GetSystems
2026-05-06 16:53:07 | INF | ACTION_TRACE | Acc=admin | Path=/SYS202002/GetSystems | IP=::1 | Start=2026-05-06 16:53:07.724 | Elapsed=2ms | Status=Completed
2026-05-06 16:53:12 | INF | CONTROLLER_EXEC | Acc= admin | IP=::1 | Path=SYS202002/GetFunctionDetails | Message=GET /SYS202002/GetFunctionDetails
2026-05-06 16:53:12 | INF | ACTION_TRACE | Acc=admin | Path=/SYS202002/GetFunctionDetails | IP=::1 | Start=2026-05-06 16:53:12.857 | Elapsed=4ms | Status=Completed
2026-05-06 16:53:12 | INF | CONTROLLER_EXEC | Acc= admin | IP=::1 | Path=SYS202002/GetSystems | Message=GET /SYS202002/GetSystems
2026-05-06 16:53:12 | INF | ACTION_TRACE | Acc=admin | Path=/SYS202002/GetSystems | IP=::1 | Start=2026-05-06 16:53:12.866 | Elapsed=11ms | Status=Completed
2026-05-06 16:53:16 | INF | CONTROLLER_EXEC | Acc= admin | IP=::1 | Path=SYS202002/GetFunctionsBySystem | Message=GET /SYS202002/GetFunctionsBySystem
2026-05-06 16:53:16 | INF | ACTION_TRACE | Acc=admin | Path=/SYS202002/GetFunctionsBySystem | IP=::1 | Start=2026-05-06 16:53:16.161 | Elapsed=2ms | Status=Completed
2026-05-06 16:53:24 | INF | CONTROLLER_EXEC | Acc= admin | IP=::1 | Path=SYS202002/GetFunctionDetails | Message=GET /SYS202002/GetFunctionDetails
2026-05-06 16:53:24 | INF | ACTION_TRACE | Acc=admin | Path=/SYS202002/GetFunctionDetails | IP=::1 | Start=2026-05-06 16:53:24.594 | Elapsed=2ms | Status=Completed
2026-05-06 16:53:24 | INF | CONTROLLER_EXEC | Acc= admin | IP=::1 | Path=SYS202002/GetSystems | Message=GET /SYS202002/GetSystems
2026-05-06 16:53:24 | INF | ACTION_TRACE | Acc=admin | Path=/SYS202002/GetSystems | IP=::1 | Start=2026-05-06 16:53:24.603 | Elapsed=3ms | Status=Completed
2026-05-06 16:53:28 | INF | CONTROLLER_EXEC | Acc= admin | IP=::1 | Path=SYS202002/GetFunctionsBySystem | Message=GET /SYS202002/GetFunctionsBySystem
2026-05-06 16:53:28 | INF | ACTION_TRACE | Acc=admin | Path=/SYS202002/GetFunctionsBySystem | IP=::1 | Start=2026-05-06 16:53:28.365 | Elapsed=29ms | Status=Completed
2026-05-06 16:56:51 | WRN | No store type was specified for the decimal property 'OveMoney' on entity type 'HROvertime'. This will cause values to be silently truncated if they do not fit in the default precision and scale. Explicitly specify the SQL server column type that can accommodate all the values in 'OnModelCreating' using 'HasColumnType', specify precision and scale using 'HasPrecision', or configure a value converter using 'HasConversion'.
2026-05-06 16:56:51 | WRN | No store type was specified for the decimal property 'Wag1D1Hour' on entity type 'HRWage'. This will cause values to be silently truncated if they do not fit in the default precision and scale. Explicitly specify the SQL server column type that can accommodate all the values in 'OnModelCreating' using 'HasColumnType', specify precision and scale using 'HasPrecision', or configure a value converter using 'HasConversion'.
2026-05-06 16:56:51 | WRN | No store type was specified for the decimal property 'Wag2D1Hour' on entity type 'HRWage'. This will cause values to be silently truncated if they do not fit in the default precision and scale. Explicitly specify the SQL server column type that can accommodate all the values in 'OnModelCreating' using 'HasColumnType', specify precision and scale using 'HasPrecision', or configure a value converter using 'HasConversion'.
2026-05-06 16:56:51 | WRN | No store type was specified for the decimal property 'Wag4D3Hour' on entity type 'HRWage'. This will cause values to be silently truncated if they do not fit in the default precision and scale. Explicitly specify the SQL server column type that can accommodate all the values in 'OnModelCreating' using 'HasColumnType', specify precision and scale using 'HasPrecision', or configure a value converter using 'HasConversion'.
2026-05-06 16:56:51 | WRN | No store type was specified for the decimal property 'Wag5D3Hour' on entity type 'HRWage'. This will cause values to be silently truncated if they do not fit in the default precision and scale. Explicitly specify the SQL server column type that can accommodate all the values in 'OnModelCreating' using 'HasColumnType', specify precision and scale using 'HasPrecision', or configure a value converter using 'HasConversion'.
2026-05-06 16:56:51 | WRN | No store type was specified for the decimal property 'Wag8D3Hour' on entity type 'HRWage'. This will cause values to be silently truncated if they do not fit in the default precision and scale. Explicitly specify the SQL server column type that can accommodate all the values in 'OnModelCreating' using 'HasColumnType', specify precision and scale using 'HasPrecision', or configure a value converter using 'HasConversion'.
2026-05-06 16:56:51 | WRN | No store type was specified for the decimal property 'WagApplyHour' on entity type 'HRWage'. This will cause values to be silently truncated if they do not fit in the default precision and scale. Explicitly specify the SQL server column type that can accommodate all the values in 'OnModelCreating' using 'HasColumnType', specify precision and scale using 'HasPrecision', or configure a value converter using 'HasConversion'.
2026-05-06 16:56:51 | WRN | No store type was specified for the decimal property 'WagIssueHour' on entity type 'HRWage'. This will cause values to be silently truncated if they do not fit in the default precision and scale. Explicitly specify the SQL server column type that can accommodate all the values in 'OnModelCreating' using 'HasColumnType', specify precision and scale using 'HasPrecision', or configure a value converter using 'HasConversion'.
2026-05-06 16:56:51 | WRN | No store type was specified for the decimal property 'WagSubtotal' on entity type 'HRWage'. This will cause values to be silently truncated if they do not fit in the default precision and scale. Explicitly specify the SQL server column type that can accommodate all the values in 'OnModelCreating' using 'HasColumnType', specify precision and scale using 'HasPrecision', or configure a value converter using 'HasConversion'.
2026-05-06 16:56:56 | WRN | The query uses the 'First'/'FirstOrDefault' operator without 'OrderBy' and filter operators. This may lead to unpredictable results.
2026-05-06 16:56:57 | INF | ACTION_TRACE | Acc=admin | Path=/ | IP=::1 | Start=2026-05-06 16:56:50.330 | Elapsed=7319ms | Status=Completed
2026-05-06 16:56:57 | INF | NETWORK_UNSTABLE | Acc=admin | Path=/ | Reason=SlowRequest 7319ms
2026-05-06 16:56:57 | INF | ACTION_TRACE | Acc=admin | Path=/Captcha/Generate | IP=::1 | Start=2026-05-06 16:56:57.851 | Elapsed=32ms | Status=Completed
2026-05-06 16:56:58 | INF | ACTION_TRACE | Acc=admin | Path=/DNTCaptchaImage/Show | IP=::1 | Start=2026-05-06 16:56:57.921 | Elapsed=110ms | Status=Completed
2026-05-06 16:57:09 | INF | ACTION_TRACE | Acc=admin | Path=/Account/Login | IP=::1 | Start=2026-05-06 16:57:00.496 | Elapsed=9386ms | Status=Completed
2026-05-06 16:57:09 | INF | NETWORK_UNSTABLE | Acc=admin | Path=/Account/Login | Reason=SlowRequest 9386ms
2026-05-06 16:57:10 | INF | ACTION_TRACE | Acc=admin | Path=/Home/Index | IP=::1 | Start=2026-05-06 16:57:09.897 | Elapsed=263ms | Status=Completed
2026-05-06 16:57:16 | INF | ACTION_TRACE | Acc=admin | Path=/Home/GetMenu | IP=::1 | Start=2026-05-06 16:57:16.121 | Elapsed=42ms | Status=Completed
2026-05-06 16:57:21 | INF | CONTROLLER_EXEC | Acc= admin | IP=::1 | Path=SYS202005/SYS202005 | Message=GET /SYS202005/SYS202005
2026-05-06 16:57:21 | INF | ACTION_TRACE | Acc=admin | Path=/SYS202005/SYS202005 | IP=::1 | Start=2026-05-06 16:57:21.228 | Elapsed=67ms | Status=Completed
2026-05-06 16:57:21 | INF | CONTROLLER_EXEC | Acc= admin | IP=::1 | Path=SYS202005/GetList | Message=POST /SYS202005/GetList
2026-05-06 16:57:21 | INF | ACTION_TRACE | Acc=admin | Path=/SYS202005/GetList | IP=::1 | Start=2026-05-06 16:57:21.340 | Elapsed=77ms | Status=Completed
2026-05-06 16:57:21 | INF | CONTROLLER_EXEC | Acc= admin | IP=::1 | Path=SYS202005/GetList | Message=POST /SYS202005/GetList
2026-05-06 16:57:21 | INF | ACTION_TRACE | Acc=admin | Path=/SYS202005/GetList | IP=::1 | Start=2026-05-06 16:57:21.447 | Elapsed=8ms | Status=Completed
2026-05-06 16:57:24 | WRN | The query uses the 'First'/'FirstOrDefault' operator without 'OrderBy' and filter operators. This may lead to unpredictable results.
2026-05-06 16:57:24 | INF | CONTROLLER_EXEC | Acc= admin | IP=::1 | Path=SYS202005/GetByNo | Message=GET /SYS202005/GetByNo
2026-05-06 16:57:24 | INF | ACTION_TRACE | Acc=admin | Path=/SYS202005/GetByNo | IP=::1 | Start=2026-05-06 16:57:24.219 | Elapsed=29ms | Status=Completed
2026-05-06 16:57:26 | INF | CONTROLLER_EXEC | Acc= admin | IP=::1 | Path=SYS202005/GetList | Message=POST /SYS202005/GetList
2026-05-06 16:57:26 | INF | ACTION_TRACE | Acc=admin | Path=/SYS202005/GetList | IP=::1 | Start=2026-05-06 16:57:26.398 | Elapsed=7ms | Status=Completed
2026-05-06 16:57:26 | INF | CONTROLLER_EXEC | Acc= admin | IP=::1 | Path=SYS202005/GetList | Message=POST /SYS202005/GetList
2026-05-06 16:57:26 | INF | ACTION_TRACE | Acc=admin | Path=/SYS202005/GetList | IP=::1 | Start=2026-05-06 16:57:26.456 | Elapsed=8ms | Status=Completed
2026-05-06 16:57:27 | INF | CONTROLLER_EXEC | Acc= admin | IP=::1 | Path=SYS202005/GetList | Message=POST /SYS202005/GetList
2026-05-06 16:57:27 | INF | ACTION_TRACE | Acc=admin | Path=/SYS202005/GetList | IP=::1 | Start=2026-05-06 16:57:27.829 | Elapsed=6ms | Status=Completed
2026-05-06 16:57:28 | INF | CONTROLLER_EXEC | Acc= admin | IP=::1 | Path=SYS202005/GetList | Message=POST /SYS202005/GetList
2026-05-06 16:57:28 | INF | ACTION_TRACE | Acc=admin | Path=/SYS202005/GetList | IP=::1 | Start=2026-05-06 16:57:28.816 | Elapsed=5ms | Status=Completed
2026-05-06 16:57:29 | INF | CONTROLLER_EXEC | Acc= admin | IP=::1 | Path=SYS202005/GetList | Message=POST /SYS202005/GetList
2026-05-06 16:57:29 | INF | ACTION_TRACE | Acc=admin | Path=/SYS202005/GetList | IP=::1 | Start=2026-05-06 16:57:29.180 | Elapsed=100ms | Status=Completed
2026-05-06 16:57:30 | INF | CONTROLLER_EXEC | Acc= admin | IP=::1 | Path=SYS202005/GetList | Message=POST /SYS202005/GetList
2026-05-06 16:57:30 | INF | ACTION_TRACE | Acc=admin | Path=/SYS202005/GetList | IP=::1 | Start=2026-05-06 16:57:30.877 | Elapsed=104ms | Status=Completed
2026-05-06 16:57:32 | INF | CONTROLLER_EXEC | Acc= admin | IP=::1 | Path=SYS202005/GetByNo | Message=GET /SYS202005/GetByNo
2026-05-06 16:57:32 | INF | ACTION_TRACE | Acc=admin | Path=/SYS202005/GetByNo | IP=::1 | Start=2026-05-06 16:57:32.273 | Elapsed=124ms | Status=Completed
2026-05-06 16:57:34 | WRN | The query uses the 'First'/'FirstOrDefault' operator without 'OrderBy' and filter operators. This may lead to unpredictable results.
2026-05-06 16:57:35 | INF | CONTROLLER_EXEC | Acc= admin | IP=::1 | Path=SYS202005/Update | Message=POST /SYS202005/Update
2026-05-06 16:57:35 | INF | ACTION_TRACE | Acc=admin | Path=/SYS202005/Update | IP=::1 | Start=2026-05-06 16:57:34.397 | Elapsed=605ms | Status=Completed
2026-05-06 16:57:36 | INF | CONTROLLER_EXEC | Acc= admin | IP=::1 | Path=SYS202005/GetList | Message=POST /SYS202005/GetList
2026-05-06 16:57:36 | INF | ACTION_TRACE | Acc=admin | Path=/SYS202005/GetList | IP=::1 | Start=2026-05-06 16:57:36.431 | Elapsed=6ms | Status=Completed
2026-05-06 16:57:36 | INF | CONTROLLER_EXEC | Acc= admin | IP=::1 | Path=SYS202005/GetList | Message=POST /SYS202005/GetList
2026-05-06 16:57:36 | INF | ACTION_TRACE | Acc=admin | Path=/SYS202005/GetList | IP=::1 | Start=2026-05-06 16:57:36.545 | Elapsed=121ms | Status=Completed
2026-05-06 16:57:38 | INF | CONTROLLER_EXEC | Acc= admin | IP=::1 | Path=SYS202005/GetByNo | Message=GET /SYS202005/GetByNo
2026-05-06 16:57:38 | INF | ACTION_TRACE | Acc=admin | Path=/SYS202005/GetByNo | IP=::1 | Start=2026-05-06 16:57:38.369 | Elapsed=2ms | Status=Completed
2026-05-06 16:57:40 | INF | CONTROLLER_EXEC | Acc= admin | IP=::1 | Path=SYS202005/Update | Message=POST /SYS202005/Update
2026-05-06 16:57:40 | INF | ACTION_TRACE | Acc=admin | Path=/SYS202005/Update | IP=::1 | Start=2026-05-06 16:57:40.847 | Elapsed=14ms | Status=Completed
2026-05-06 16:57:41 | INF | CONTROLLER_EXEC | Acc= admin | IP=::1 | Path=SYS202005/GetList | Message=POST /SYS202005/GetList
2026-05-06 16:57:41 | INF | ACTION_TRACE | Acc=admin | Path=/SYS202005/GetList | IP=::1 | Start=2026-05-06 16:57:36.608 | Elapsed=4610ms | Status=Completed
2026-05-06 16:57:41 | INF | NETWORK_UNSTABLE | Acc=admin | Path=/SYS202005/GetList | Reason=SlowRequest 4610ms
2026-05-06 16:57:41 | INF | CONTROLLER_EXEC | Acc= admin | IP=::1 | Path=SYS202005/GetList | Message=POST /SYS202005/GetList
2026-05-06 16:57:41 | INF | ACTION_TRACE | Acc=admin | Path=/SYS202005/GetList | IP=::1 | Start=2026-05-06 16:57:41.742 | Elapsed=8ms | Status=Completed
2026-05-06 16:57:41 | INF | CONTROLLER_EXEC | Acc= admin | IP=::1 | Path=SYS202005/GetList | Message=POST /SYS202005/GetList
2026-05-06 16:57:41 | INF | ACTION_TRACE | Acc=admin | Path=/SYS202005/GetList | IP=::1 | Start=2026-05-06 16:57:41.846 | Elapsed=4ms | Status=Completed
2026-05-06 16:57:41 | INF | CONTROLLER_EXEC | Acc= admin | IP=::1 | Path=SYS202005/GetList | Message=POST /SYS202005/GetList
2026-05-06 16:57:41 | INF | ACTION_TRACE | Acc=admin | Path=/SYS202005/GetList | IP=::1 | Start=2026-05-06 16:57:41.902 | Elapsed=4ms | Status=Completed
2026-05-06 17:05:32 | WRN | No store type was specified for the decimal property 'OveMoney' on entity type 'HROvertime'. This will cause values to be silently truncated if they do not fit in the default precision and scale. Explicitly specify the SQL server column type that can accommodate all the values in 'OnModelCreating' using 'HasColumnType', specify precision and scale using 'HasPrecision', or configure a value converter using 'HasConversion'.
2026-05-06 17:05:32 | WRN | No store type was specified for the decimal property 'Wag1D1Hour' on entity type 'HRWage'. This will cause values to be silently truncated if they do not fit in the default precision and scale. Explicitly specify the SQL server column type that can accommodate all the values in 'OnModelCreating' using 'HasColumnType', specify precision and scale using 'HasPrecision', or configure a value converter using 'HasConversion'.
2026-05-06 17:05:32 | WRN | No store type was specified for the decimal property 'Wag2D1Hour' on entity type 'HRWage'. This will cause values to be silently truncated if they do not fit in the default precision and scale. Explicitly specify the SQL server column type that can accommodate all the values in 'OnModelCreating' using 'HasColumnType', specify precision and scale using 'HasPrecision', or configure a value converter using 'HasConversion'.
2026-05-06 17:05:32 | WRN | No store type was specified for the decimal property 'Wag4D3Hour' on entity type 'HRWage'. This will cause values to be silently truncated if they do not fit in the default precision and scale. Explicitly specify the SQL server column type that can accommodate all the values in 'OnModelCreating' using 'HasColumnType', specify precision and scale using 'HasPrecision', or configure a value converter using 'HasConversion'.
2026-05-06 17:05:32 | WRN | No store type was specified for the decimal property 'Wag5D3Hour' on entity type 'HRWage'. This will cause values to be silently truncated if they do not fit in the default precision and scale. Explicitly specify the SQL server column type that can accommodate all the values in 'OnModelCreating' using 'HasColumnType', specify precision and scale using 'HasPrecision', or configure a value converter using 'HasConversion'.
2026-05-06 17:05:32 | WRN | No store type was specified for the decimal property 'Wag8D3Hour' on entity type 'HRWage'. This will cause values to be silently truncated if they do not fit in the default precision and scale. Explicitly specify the SQL server column type that can accommodate all the values in 'OnModelCreating' using 'HasColumnType', specify precision and scale using 'HasPrecision', or configure a value converter using 'HasConversion'.
2026-05-06 17:05:32 | WRN | No store type was specified for the decimal property 'WagApplyHour' on entity type 'HRWage'. This will cause values to be silently truncated if they do not fit in the default precision and scale. Explicitly specify the SQL server column type that can accommodate all the values in 'OnModelCreating' using 'HasColumnType', specify precision and scale using 'HasPrecision', or configure a value converter using 'HasConversion'.
2026-05-06 17:05:32 | WRN | No store type was specified for the decimal property 'WagIssueHour' on entity type 'HRWage'. This will cause values to be silently truncated if they do not fit in the default precision and scale. Explicitly specify the SQL server column type that can accommodate all the values in 'OnModelCreating' using 'HasColumnType', specify precision and scale using 'HasPrecision', or configure a value converter using 'HasConversion'.
2026-05-06 17:05:32 | WRN | No store type was specified for the decimal property 'WagSubtotal' on entity type 'HRWage'. This will cause values to be silently truncated if they do not fit in the default precision and scale. Explicitly specify the SQL server column type that can accommodate all the values in 'OnModelCreating' using 'HasColumnType', specify precision and scale using 'HasPrecision', or configure a value converter using 'HasConversion'.
2026-05-06 17:05:37 | WRN | The query uses the 'First'/'FirstOrDefault' operator without 'OrderBy' and filter operators. This may lead to unpredictable results.
2026-05-06 17:05:38 | INF | ACTION_TRACE | Acc=admin | Path=/ | IP=::1 | Start=2026-05-06 17:05:31.461 | Elapsed=6796ms | Status=Completed
2026-05-06 17:05:38 | INF | NETWORK_UNSTABLE | Acc=admin | Path=/ | Reason=SlowRequest 6796ms
2026-05-06 17:05:38 | INF | ACTION_TRACE | Acc=admin | Path=/Captcha/Generate | IP=::1 | Start=2026-05-06 17:05:38.469 | Elapsed=38ms | Status=Completed
2026-05-06 17:05:38 | INF | ACTION_TRACE | Acc=admin | Path=/DNTCaptchaImage/Show | IP=::1 | Start=2026-05-06 17:05:38.520 | Elapsed=98ms | Status=Completed
2026-05-06 17:05:50 | INF | ACTION_TRACE | Acc=admin | Path=/Account/Login | IP=::1 | Start=2026-05-06 17:05:41.523 | Elapsed=9110ms | Status=Completed
2026-05-06 17:05:50 | INF | NETWORK_UNSTABLE | Acc=admin | Path=/Account/Login | Reason=SlowRequest 9110ms
2026-05-06 17:05:51 | INF | ACTION_TRACE | Acc=admin | Path=/Home/Index | IP=::1 | Start=2026-05-06 17:05:50.645 | Elapsed=474ms | Status=Completed
2026-05-06 17:05:58 | INF | ACTION_TRACE | Acc=admin | Path=/Home/GetMenu | IP=::1 | Start=2026-05-06 17:05:58.569 | Elapsed=32ms | Status=Completed
2026-05-06 17:06:00 | INF | CONTROLLER_EXEC | Acc= admin | IP=::1 | Path=SYS202002/SYS202002 | Message=GET /SYS202002/SYS202002
2026-05-06 17:06:01 | INF | ACTION_TRACE | Acc=admin | Path=/SYS202002/SYS202002 | IP=::1 | Start=2026-05-06 17:06:00.954 | Elapsed=66ms | Status=Completed
2026-05-06 17:06:01 | INF | CONTROLLER_EXEC | Acc= admin | IP=::1 | Path=SYS202002/GetDataForTree | Message=GET /SYS202002/GetDataForTree
2026-05-06 17:06:01 | INF | ACTION_TRACE | Acc=admin | Path=/SYS202002/GetDataForTree | IP=::1 | Start=2026-05-06 17:06:01.047 | Elapsed=85ms | Status=Completed
2026-05-06 17:06:03 | INF | CONTROLLER_EXEC | Acc= admin | IP=::1 | Path=SYS202005/SYS202005 | Message=GET /SYS202005/SYS202005
2026-05-06 17:06:03 | INF | ACTION_TRACE | Acc=admin | Path=/SYS202005/SYS202005 | IP=::1 | Start=2026-05-06 17:06:03.157 | Elapsed=117ms | Status=Completed
2026-05-06 17:06:03 | INF | CONTROLLER_EXEC | Acc= admin | IP=::1 | Path=SYS202005/GetList | Message=POST /SYS202005/GetList
2026-05-06 17:06:03 | INF | ACTION_TRACE | Acc=admin | Path=/SYS202005/GetList | IP=::1 | Start=2026-05-06 17:06:03.312 | Elapsed=328ms | Status=Completed
2026-05-06 17:06:03 | INF | CONTROLLER_EXEC | Acc= admin | IP=::1 | Path=SYS202005/GetList | Message=POST /SYS202005/GetList
2026-05-06 17:06:03 | INF | ACTION_TRACE | Acc=admin | Path=/SYS202005/GetList | IP=::1 | Start=2026-05-06 17:06:03.680 | Elapsed=8ms | Status=Completed
2026-05-06 17:06:06 | WRN | The query uses the 'First'/'FirstOrDefault' operator without 'OrderBy' and filter operators. This may lead to unpredictable results.
2026-05-06 17:06:06 | INF | CONTROLLER_EXEC | Acc= admin | IP=::1 | Path=SYS202005/GetByNo | Message=GET /SYS202005/GetByNo
2026-05-06 17:06:06 | INF | ACTION_TRACE | Acc=admin | Path=/SYS202005/GetByNo | IP=::1 | Start=2026-05-06 17:06:06.239 | Elapsed=30ms | Status=Completed
2026-05-06 17:06:07 | INF | CONTROLLER_EXEC | Acc= admin | IP=::1 | Path=SYS202005/GetList | Message=POST /SYS202005/GetList
2026-05-06 17:06:07 | INF | ACTION_TRACE | Acc=admin | Path=/SYS202005/GetList | IP=::1 | Start=2026-05-06 17:06:07.766 | Elapsed=7ms | Status=Completed
2026-05-06 17:06:07 | INF | CONTROLLER_EXEC | Acc= admin | IP=::1 | Path=SYS202005/GetList | Message=POST /SYS202005/GetList
2026-05-06 17:06:07 | INF | ACTION_TRACE | Acc=admin | Path=/SYS202005/GetList | IP=::1 | Start=2026-05-06 17:06:07.819 | Elapsed=6ms | Status=Completed
2026-05-06 17:06:09 | INF | CONTROLLER_EXEC | Acc= admin | IP=::1 | Path=SYS202005/GetByNo | Message=GET /SYS202005/GetByNo
2026-05-06 17:06:09 | INF | ACTION_TRACE | Acc=admin | Path=/SYS202005/GetByNo | IP=::1 | Start=2026-05-06 17:06:09.165 | Elapsed=2ms | Status=Completed
2026-05-06 17:06:10 | INF | CONTROLLER_EXEC | Acc= admin | IP=::1 | Path=SYS202005/GetList | Message=POST /SYS202005/GetList
2026-05-06 17:06:10 | INF | ACTION_TRACE | Acc=admin | Path=/SYS202005/GetList | IP=::1 | Start=2026-05-06 17:06:09.854 | Elapsed=286ms | Status=Completed
2026-05-06 17:06:10 | INF | CONTROLLER_EXEC | Acc= admin | IP=::1 | Path=SYS202005/GetByNo | Message=GET /SYS202005/GetByNo
2026-05-06 17:06:10 | INF | ACTION_TRACE | Acc=admin | Path=/SYS202005/GetByNo | IP=::1 | Start=2026-05-06 17:06:10.218 | Elapsed=2ms | Status=Completed
2026-05-06 17:06:10 | INF | CONTROLLER_EXEC | Acc= admin | IP=::1 | Path=SYS202005/GetList | Message=POST /SYS202005/GetList
2026-05-06 17:06:10 | INF | ACTION_TRACE | Acc=admin | Path=/SYS202005/GetList | IP=::1 | Start=2026-05-06 17:06:10.926 | Elapsed=11ms | Status=Completed
2026-05-06 17:06:10 | INF | CONTROLLER_EXEC | Acc= admin | IP=::1 | Path=SYS202005/GetList | Message=POST /SYS202005/GetList
2026-05-06 17:06:10 | INF | ACTION_TRACE | Acc=admin | Path=/SYS202005/GetList | IP=::1 | Start=2026-05-06 17:06:10.983 | Elapsed=7ms | Status=Completed
